year,country,iso,ifs,pop,rgdpmad,rgdpbarro,rconsbarro,gdp,iy,cpi,ca,imports,exports,narrowm,money,stir,ltrate,hpnom,unemp,wage,debtgdp,revenue,expenditure,xrusd,tloans,tmort,thh,tbus,bdebt,lev,ltd,noncore,crisisjst,crisisjst_old,peg,peg_strict,peg_type,peg_base,jsttrilemmaiv,eq_tr,housing_tr,bond_tr,bill_rate,rent_ipolated,housing_capgain_ipolated,housing_capgain,housing_rent_rtn,housing_rent_yd,eq_capgain,eq_dp,eq_capgain_interp,eq_tr_interp,eq_dp_interp,bond_rate,eq_div_rtn,capital_tr,risky_tr,safe_tr,P_pos,P_neg,P_neutral,n_speeches,net_sentiment,P_neg_change,P_pos_change,net_sent_change,P_neg_roll3_mean,P_neg_roll3_std,net_sentiment_roll3_mean,net_sentiment_roll3_std,P_neg_slope4,net_sent_slope4,P_pos_lag1,P_pos_lag2,P_neg_lag1,P_neg_lag2,P_neutral_lag1,P_neutral_lag2,net_sentiment_lag1,net_sentiment_lag2,P_neg_change_lag1,P_neg_change_lag2,P_pos_change_lag1,P_pos_change_lag2,net_sent_change_lag1,net_sent_change_lag2,P_neg_roll3_mean_lag1,P_neg_roll3_mean_lag2,P_neg_roll3_std_lag1,P_neg_roll3_std_lag2,P_neg_slope4_lag1,P_neg_slope4_lag2,net_sent_slope4_lag1,net_sent_slope4_lag2
1997,Australia,AUS,193,18415.0,19612.09177301113,83.66420289196053,78.4431,555291.0,0.23929159391399762,116.37432898876405,-16281.49141,88884.0,84775.0,90188.71164936565,356961.8623,5.29024091685076,6.95491854388937,116.6922458525177,8.3622,124.99021100717862,0.25908000000000003,131031.0,135928.2,1.5320974179240476,366159.4058,183868.0,219638.0,146521.0,379541.0,6.129235710484962,114.89466857910156,40.98450369430773,0.0,0.0,0.0,0.0,FLOAT,USA,0.0,0.11419185996055603,0.07185395807027817,0.17412561178207397,0.05290240794420242,,,0.03105754777789116,0.04079641029238701,0.03956754133105278,0.0726463720202446,0.038731757551431656,,,,0.06954918801784515,0.041545480489730835,0.0864257737994194,0.08396083861589432,0.1135140061378479,0.152554,0.247528,0.599918,7.0,-0.094974,,,,,,,,,,,,,,,,,,,,,,,,,,,,,,,
1998,Australia,AUS,193,18621.0,20377.949762010507,87.11802951027522,81.4166,588097.0,0.24384491176651774,117.3745567790262,-28407.067740000002,102905.0,88989.0,95894.6824298347,384572.7590125,4.83681458215697,5.49297052826401,128.2686545348242,7.6756,128.81661953447903,0.23754,136969.0,135784.0,1.628929766591794,401898.5166,202729.0,242467.0,159432.0,411830.0,5.892051212637981,116.61505126953125,40.58965176171185,0.0,0.0,0.0,0.0,FLOAT,USA,0.0,0.08479026705026627,0.139498770236969,0.1356986165046692,0.048368144780397415,,,0.09920988231897354,0.04028888791799545,0.0366525873541832,0.04555146396160126,0.037529293447732925,,,,0.0549297034740448,0.03923880681395531,0.12088557332754135,0.12313749641180038,0.09203337877988815,0.16271,0.240418,0.596873,10.0,-0.077708,-0.007110000000000005,0.010155999999999998,0.017266000000000004,,,,,,,0.152554,,0.247528,,0.599918,,-0.094974,,,,,,,,,,,,,,,
1999,Australia,AUS,193,18830.0,20970.89428666414,89.58481717706593,83.8227,620141.0,0.24863893661819528,119.02710704119848,-33767.156689999996,107154.0,86893.0,105347.34486735873,420189.243571,4.7584499580638,6.00931194298328,136.58554410582474,6.8723,131.84250598216232,0.22588,146444.1,140814.4,1.5295197308045272,453447.4476,228489.0,274093.0,179355.0,429407.0,6.2872646678624635,118.31731414794922,40.021807031011996,0.0,0.0,0.0,0.0,FLOAT,USA,0.0,0.19295363128185272,0.1024678498506546,-0.0689505934715271,0.047584500163793564,,,0.06484029442071915,0.03762755170464516,0.03533633425831795,0.1526881754398346,0.034931786358356476,,,,0.060093119740486145,0.04026545584201813,0.12258857488632202,0.1318553239107132,-0.010683046653866768,0.138977,0.193348,0.667676,6.0,-0.054371,-0.04707,-0.023733000000000004,0.023336999999999997,0.243973,0.005027529214236356,-0.086341,0.012208905683966933,,,0.16271,0.152554,0.240418,0.247528,0.596873,0.599918,-0.077708,-0.094974,-0.007110000000000005,,0.010155999999999998,,0.017266000000000004,,,,,,,,,
2000,Australia,AUS,193,19053.0,21377.823125181403,90.24726282285393,85.8776,661159.0,0.2413036840459848,124.33266314606739,-27114.130589999997,123495.0,110355.0,115311.31040945792,441076.96608717,5.97608417817581,6.31456933440806,150.19367097858657,6.2826,134.68348923210792,0.19559,169921.0,160408.0,1.8050541516245486,501168.72,267210.0,313281.0,187887.0,507242.0,4.928369382543435,127.81136322021484,46.10480981998489,0.0,0.0,0.0,0.0,FLOAT,USA,0.0,0.0502253957092762,0.1360531449317932,0.17290611565113068,0.059760842472314835,,,0.09962953627109528,0.03642360493540764,0.033123522996902466,0.01476453896611929,0.03494491055607796,,,,0.06314568966627121,0.035460855811834335,0.10999128967523575,0.10961612313985825,0.1163334771990776,0.183862,0.194881,0.621258,11.0,-0.011019,0.0015330000000000066,0.04488500000000001,0.043352,0.227098,0.029443758251962337,-0.07568433333333334,0.020377004743910066,-0.02050109999999998,0.027520200000000005,0.138977,0.16271,0.193348,0.240418,0.667676,0.596873,-0.054371,-0.077708,-0.04707,-0.007110000000000005,-0.023733000000000004,0.010155999999999998,0.023336999999999997,0.017266000000000004,0.243973,,0.005027529214236356,,,,,
2001,Australia,AUS,193,19294.0,21662.025668109953,92.42640029478909,87.2277,705066.0,0.22865344981065408,129.81217191011234,-15885.136980000001,124382.0,122531.0,139992.22499339384,502184.66369387,4.80019007719122,5.61526432840721,162.67631367390192,6.7423,141.78812268871005,0.17177,166079.0,164548.0,1.9584802193497843,552921.38,302902.0,352485.0,200436.0,523429.0,6.8474741630419045,123.5514144897461,43.126594422721794,0.0,0.0,0.0,0.0,FLOAT,USA,0.0,0.10134624689817429,0.11729618906974792,0.01772843301296234,0.04800190031528473,,,0.08310584723949432,0.0341903455555439,0.03156694769859314,0.0650458037853241,0.03408345580101013,,,,0.05615264177322388,0.03630044311285019,0.10854558646678925,0.11238656938076019,0.032865166664123535,0.130977,0.459429,0.409594,5.0,-0.328453,0.264548,-0.05288499999999999,-0.317434,0.20954899999999999,0.02674432450072351,-0.04769933333333334,0.03384138047322144,0.06585659999999997,-0.07088829999999997,0.183862,0.138977,0.194881,0.193348,0.621258,0.667676,-0.011019,-0.054371,0.0015330000000000066,-0.04707,0.04488500000000001,-0.023733000000000004,0.043352,0.023336999999999997,0.227098,0.243973,0.029443758251962337,0.005027529214236356,-0.02050109999999998,,0.027520200000000005,
2002,Australia,AUS,193,19345.0,22236.935272996816,94.3409643644187,89.3663,754253.0,0.2545782871389858,133.76959490636705,-28767.20942,134039.0,119458.0,179972.44034980447,537277.23965247,4.55083333333333,5.84395771110088,195.9657969743477,6.3676,147.49619316945837,0.15062,170753.0,174403.0,1.7661603673613564,638061.02,350989.0,410680.0,227381.0,570396.0,5.39836865823757,121.30997467041016,43.931485378416255,0.0,0.0,0.0,0.0,FLOAT,USA,0.0,-0.080964095890522,0.2369515746831894,0.1277306079864502,0.045508332550525665,,,0.20463989675045013,0.03231167420744896,0.026822684332728386,-0.11440816521644592,0.03776465728878975,,,,0.058439578860998154,0.03344407305121422,0.15237300097942352,0.15523013472557068,0.08661946654319763,0.211936,0.439675,0.348389,11.0,-0.227739,-0.019753999999999994,0.080959,0.100714,0.2825526666666667,0.15318131574161822,-0.131281,0.172126253558253,0.10035290000000002,-0.0837538,0.130977,0.183862,0.459429,0.194881,0.409594,0.621258,-0.328453,-0.011019,0.264548,0.0015330000000000066,-0.05288499999999999,0.04488500000000001,-0.317434,0.043352,0.20954899999999999,0.227098,0.02674432450072351,0.029443758251962337,0.06585659999999997,-0.02050109999999998,-0.07088829999999997,0.027520200000000005
2003,Australia,AUS,193,19767.0,22666.277788514366,96.98194132936084,93.2298,800960.0,0.26422554311761454,137.42260074906366,-42875.38879999999,136544.0,107956.0,198074.86851675526,601112.9571911701,4.80916666666667,5.36677549770342,231.631572023679,5.9287,153.83946051772898,0.13208,183659.0,182268.0,1.3333333333333333,755126.42,419409.0,486353.0,268773.0,572036.0,5.204275170435823,123.07186889648438,41.73241972826925,0.0,0.0,0.0,0.0,FLOAT,USA,0.0,0.15864193439483643,0.20934215188026428,0.022816898301243782,0.04809166491031647,,,0.18200096487998962,0.027341192588210106,0.023131277412176132,0.11107376962900162,0.04281279072165489,,,,0.05366775393486023,0.04756816849112511,0.1907079666852951,0.19617146253585815,0.03545428067445755,0.188713,0.434833,0.376454,6.0,-0.24612,-0.0048419999999999574,-0.02322300000000002,-0.01838100000000001,0.36466166666666666,0.1473657396050159,-0.18907033333333334,0.16221139117008193,0.07001020000000004,-0.06045890000000004,0.211936,0.130977,0.439675,0.459429,0.348389,0.409594,-0.227739,-0.328453,-0.019753999999999994,0.264548,0.080959,-0.05288499999999999,0.100714,-0.317434,0.2825526666666667,0.20954899999999999,0.15318131574161822,0.02674432450072351,0.10035290000000002,0.06585659999999997,-0.0837538,-0.07088829999999997
2004,Australia,AUS,193,19995.0,23322.00788305354,98.17090221569721,96.1831,861039.0,0.2675819507177675,140.6407249438202,-54443.49597000001,148924.0,117773.0,211328.75215886935,655708.160473812,5.25,5.59077450749734,246.72093839070376,5.3947,160.9876006090929,0.11942,192723.0,189587.0,1.2836970474967908,865325.92,474827.0,549628.0,315698.0,617142.0,4.784511755178226,124.59059143066406,43.48126565073752,0.0,0.0,0.0,0.0,FLOAT,USA,0.0,0.2756807804107666,0.08884704113006592,0.08236133307218552,0.05249999836087227,,,0.06514212489128113,0.02370491810142994,0.022255169227719307,0.22598306834697723,0.040537022054195404,,,,0.05590774491429329,0.04969770088791847,0.1386108547449112,0.14064757525920868,0.06743066757917404,0.197748,0.265144,0.537108,8.0,-0.067395,-0.16968900000000003,0.009035000000000015,0.17872500000000002,0.44464566666666666,0.013029637344660349,-0.26743733333333336,0.05363440103453506,-0.05876969999999995,0.0764793,0.188713,0.211936,0.434833,0.439675,0.376454,0.348389,-0.24612,-0.227739,-0.0048419999999999574,-0.019753999999999994,-0.02322300000000002,0.080959,-0.01838100000000001,0.100714,0.36466166666666666,0.2825526666666667,0.1473657396050159,0.15318131574161822,0.07001020000000004,0.10035290000000002,-0.06045890000000004,-0.0837538
2005,Australia,AUS,193,20232.0,23764.613687385267,100.0,97.9226,922371.0,0.27598881251206,144.38070711610487,-54844.17966,164137.0,139080.0,233036.63965464316,710108.9448927271,5.4575,5.33997311398556,250.24832273624205,5.0325,167.70720034805314,0.10891,211032.0,207932.0,1.362954886193267,985477.6,531848.0,615977.0,369501.0,710925.0,4.907004130195782,129.52720642089844,43.36338977701593,0.0,0.0,0.0,0.0,FLOAT,USA,0.0,0.21087831258773804,0.0370575487613678,0.0635770782828331,0.05457499995827675,,,0.01429549977183342,0.022762050852179527,0.022441241890192032,0.16177740693092346,0.042263615876436234,,,,0.05339973047375679,0.04910091310739517,0.08606007695198059,0.08676715195178986,0.05907604098320007,0.178847,0.22918,0.591973,10.0,-0.050332,-0.035963999999999996,-0.018901,0.017062999999999995,0.37988400000000005,0.09939724312575286,-0.180418,0.09831131260948564,-0.08011739999999998,0.07109460000000001,0.197748,0.188713,0.265144,0.434833,0.537108,0.376454,-0.067395,-0.24612,-0.16968900000000003,-0.0048419999999999574,0.009035000000000015,-0.02322300000000002,0.17872500000000002,-0.01838100000000001,0.44464566666666666,0.36466166666666666,0.013029637344660349,0.1473657396050159,-0.05876969999999995,0.07001020000000004,0.0764793,-0.06045890000000004
2006,Australia,AUS,193,20489.0,24097.573450962896,101.28920637149861,100.0,996430.0,0.27374395230950316,149.51231056179776,-58500.405300000006,184750.160008,163753.0,258691.49340122173,802491.625485827,5.805,5.5878722441858,269.84490243367674,4.7823,175.99738960191434,0.09959,225513.0,209797.0,1.2637432073802604,1124441.8900000001,588836.0,685281.0,439161.0,815892.0,4.703203638733361,129.28997802734375,44.17216340154606,0.0,0.0,0.0,0.0,FLOAT,USA,0.0,0.24965542554855347,0.10146992653608322,0.009242787025868893,0.0580499991774559,,,0.07831031829118729,0.023159610107541084,0.02147768624126911,0.19867058098316193,0.042534489184617996,,,,0.05587872117757797,0.05098484084010124,0.14546622335910797,0.14798405766487122,0.033646393567323685,0.176564,0.26576,0.557676,6.0,-0.089196,0.03658,-0.0022830000000000072,-0.038863999999999996,0.309719,0.1098339067455948,-0.12128233333333333,0.10844869181476256,-0.0543183,0.04878350000000003,0.178847,0.197748,0.22918,0.265144,0.591973,0.537108,-0.050332,-0.067395,-0.035963999999999996,-0.16968900000000003,-0.018901,0.009035000000000015,0.017062999999999995,0.17872500000000002,0.37988400000000005,0.44464566666666666,0.09939724312575286,0.013029637344660349,-0.08011739999999998,-0.05876969999999995,0.07109460000000001,0.0764793
2007,Australia,AUS,193,20750.0,24911.57786781549,104.52805991558324,100.3681,1086590.0,0.2781956015647278,153.03485191011234,-72997.1162,196756.41525,168386.0,292631.305075079,984506.232993645,6.38752653589776,5.99452083739212,300.41556676167505,4.377,183.9895584076572,0.09688000000000001,254761.0,224579.0,1.134301270417423,1352075.7899999998,660823.0,772485.0,579591.0,961787.0,4.451882694713134,117.1962890625,37.63911227115846,0.0,0.0,0.0,0.0,FLOAT,USA,0.0,0.1795337051153183,0.135941743850708,0.027799386531114578,0.06387526541948318,,,0.11329096555709839,0.02265077456831932,0.0203457809984684,0.1376078575849533,0.03685440123081207,,,,0.059945207089185715,0.04192585498094559,0.1461252123117447,0.14812663197517395,0.04583732783794403,0.242618,0.214351,0.543032,8.0,0.028266,-0.05140899999999998,0.066054,0.117462,0.2533613333333333,0.02094391380170714,-0.06897433333333333,0.019480075573091334,-0.011579899999999992,0.0248119,0.176564,0.178847,0.26576,0.22918,0.557676,0.591973,-0.089196,-0.050332,0.03658,-0.035963999999999996,-0.0022830000000000072,-0.018901,-0.038863999999999996,0.017062999999999995,0.309719,0.37988400000000005,0.1098339067455948,0.09939724312575286,-0.0543183,-0.08011739999999998,0.04878350000000003,0.07109460000000001
2008,Australia,AUS,193,21007.0,25218.3018906546,106.2018600946776,100.6207,1177310.0,0.2827868885624922,159.68854112359548,-55780.94780000001,236528.046,222341.0,331574.19315596984,1145669.7584647199,6.67166666666667,5.81794393964159,313.5452751589564,4.2342,191.2116597781162,0.11753000000000001,303713.0,281011.0,1.443418013856813,1561969.96,775210.0,879526.0,682444.0,1117401.0,4.044531358688147,118.35212707519531,42.42196331727514,0.0,0.0,0.0,0.0,FLOAT,USA,0.0,-0.4038478434085846,0.06563559174537659,0.2755560278892517,0.06671666353940964,,,0.043702732771635056,0.021932857111096382,0.021014466881752014,-0.4301043450832367,0.04607243835926056,,,,0.05817943811416626,0.026256483048200607,-0.032798685133457184,-0.039177633821964264,0.17113634943962097,0.184117,0.340125,0.475758,12.0,-0.156009,0.125774,-0.058501,-0.18427500000000002,0.23643033333333333,0.026460287608666228,-0.037087333333333326,0.059840590382560156,0.02814260000000003,-0.0199569,0.242618,0.176564,0.214351,0.26576,0.543032,0.557676,0.028266,-0.089196,-0.05140899999999998,0.03658,0.066054,-0.0022830000000000072,0.117462,-0.038863999999999996,0.2533613333333333,0.309719,0.02094391380170714,0.1098339067455948,-0.011579899999999992,-0.0543183,0.0248119,0.04878350000000003
2009,Australia,AUS,193,21388.48305084746,25255.63884313768,106.05046160239094,101.2158,1260140.0,0.2732171709171551,162.515271835206,-58747.726800000004,208833.954778,196556.0,345265.2056582207,1191375.4291331498,3.2781746031746,5.03951184202271,324.32339399254545,5.5607,198.55775505764635,0.16654,298933.0,324569.0,1.11495149960977,1686967.5,901540.0,1005488.94,681479.0,1057062.0,4.655062152576556,120.7187728881836,44.85163828870131,0.0,0.0,0.0,0.0,FLOAT,USA,0.0,0.3957807421684265,0.056797560304403305,-0.07558394223451614,0.03278174623847008,,,0.034374650567770004,0.0224229097366333,0.021677745506167412,0.33432623744010925,0.04605657979846001,,,,0.050395119935274124,0.06145450100302696,0.13709647953510284,0.14314833283424377,-0.021401097998023033,0.237499,0.326129,0.436371,15.0,-0.08863,-0.013996000000000008,0.053381999999999985,0.06737900000000001,0.273412,0.06323519270943997,-0.072313,0.0932903836040994,0.030688100000000017,-0.018257699999999995,0.184117,0.242618,0.340125,0.214351,0.475758,0.543032,-0.156009,0.028266,0.125774,-0.05140899999999998,-0.058501,0.066054,-0.18427500000000002,0.117462,0.23643033333333333,0.2533613333333333,0.026460287608666228,0.02094391380170714,0.02814260000000003,-0.011579899999999992,-0.0199569,0.0248119
2010,Australia,AUS,193,21687.800521512385,25584.48835604182,106.5723937548736,101.92168399771319,1301210.0,0.263582320255812,167.16850546816477,-47533.2013,219554.78,231143.0,373261.94312228955,1313270.69386156,4.34604166666667,5.36604166666667,363.51655338741494,5.2113,209.15379595388305,0.20395,292767.0,339239.0,0.983961428711995,1748002.81,995049.0,1099118.0,648885.0,1066960.0,4.573344318073472,118.05595397949219,42.237601292904536,0.0,0.0,0.0,0.0,FLOAT,USA,0.0,0.03306250274181366,0.1434662938117981,0.07380643486976624,0.0434604175388813,,,0.12084866315126419,0.022617638111114502,0.020179029554128647,-0.0073320092633366585,0.04069286957383156,,,,0.05366041511297226,0.040394507348537445,0.11346085369586945,0.11599592119455338,0.05863342434167862,0.305607,0.226426,0.467967,24.0,0.079182,-0.09970300000000001,0.06810800000000003,0.16781200000000002,0.29353500000000005,0.06893149785112763,-0.07212433333333333,0.0932397269426147,0.002222900000000026,0.02201269999999998,0.237499,0.184117,0.326129,0.340125,0.436371,0.475758,-0.08863,-0.156009,-0.013996000000000008,0.125774,0.053381999999999985,-0.058501,0.06737900000000001,-0.18427500000000002,0.273412,0.23643033333333333,0.06323519270943997,0.026460287608666228,0.030688100000000017,0.02814260000000003,-0.018257699999999995,-0.0199569
2011,Australia,AUS,193,22030.157105606257,25883.527952005992,107.69014966377783,104.5209281095393,1416620.0,0.26443001197307897,172.77847872659174,-43589.3974,235789.42,261697.0,380358.4569610715,1416981.4087479399,4.69270833333333,4.87958333333334,354.11019513264625,5.0811,217.61583641505337,0.24069,309890.0,356100.0,0.984639621898385,1845646.69,1065010.0,1165541.0,680106.0,1113522.0,4.645921483898625,116.09456634521484,40.78293210842256,0.0,0.0,0.0,0.0,FLOAT,USA,0.0,-0.11430837959051132,-0.0047634057700634,0.196348175406456,0.046927083283662796,,,-0.02587774395942688,0.02111433818936348,0.021675243973731995,-0.15182900428771973,0.044237103313207626,,,,0.04879583418369293,0.0375206284224987,-0.019882727414369583,-0.028932103887200356,0.12163762748241425,0.221366,0.289067,0.489567,30.0,-0.0677,0.06264100000000003,-0.08424100000000001,-0.146882,0.29756,0.06200005218546205,-0.05515233333333334,0.12111675046967431,-0.02528769999999999,0.04327390000000003,0.305607,0.237499,0.226426,0.326129,0.467967,0.436371,0.079182,-0.08863,-0.09970300000000001,-0.013996000000000008,0.06810800000000003,0.053381999999999985,0.16781200000000002,0.06737900000000001,0.29353500000000005,0.273412,0.06893149785112763,0.06323519270943997,0.002222900000000026,0.030688100000000017,0.02201269999999998,-0.018257699999999995
2012,Australia,AUS,193,22427.29074315515,26390.436830679035,109.97280303864164,105.76576228050388,1499460.0,0.2824034442406454,175.69218576779022,-64416.801600000006,251642.32,247749.0,422251.11108058033,1516300.58263611,3.69666666666667,3.37916666666667,351.3666739750055,5.2236,225.9234283228193,0.27536,338109.0,377739.0,0.961076405574243,1932023.9399999997,1136656.0,1235794.9999999998,696229.0,1182333.0,4.696454157850521,111.92512512207031,40.29358611465479,0.0,0.0,0.0,0.0,FLOAT,USA,0.0,0.18840819597244263,0.01436653733253479,0.07906865328550339,0.03696666657924652,,,-0.007746180519461632,0.022112717851996422,0.02228534407913685,0.13466309010982513,0.04736657440662384,,,,0.033791664987802505,0.053745102137327194,0.05563099682331085,0.055455323308706284,0.058017659932374954,0.180997,0.217672,0.601331,20.0,-0.036675,-0.07139500000000001,-0.040369000000000016,0.031024999999999997,0.28054066666666666,0.05039539485244011,-0.025716,0.09144511483944902,-0.02627299999999999,0.0008983000000000101,0.221366,0.305607,0.289067,0.226426,0.489567,0.467967,-0.0677,0.079182,0.06264100000000003,-0.09970300000000001,-0.08424100000000001,0.06810800000000003,-0.146882,0.16781200000000002,0.29756,0.29353500000000005,0.06200005218546205,0.06893149785112763,-0.02528769999999999,0.002222900000000026,0.04327390000000003,0.02201269999999998
2013,Australia,AUS,193,22789.210560625816,26525.71368012829,110.89037665911334,105.80022194204783,1536310.0,0.27238507459832284,180.04100224719096,-51973.3673,241991.0,261958.0,484251.69276637805,1620778.0,2.7375,3.69666666666667,374.64580604055834,5.662,236.50641722862747,0.30497,376071.0,419640.0,1.12803158488438,2110197.0,1213806.0000000002,1317468.8000000003,792728.1999999997,1274590.0,4.611229392130787,110.67452239990234,39.86604835522664,0.0,0.0,0.0,0.0,FLOAT,USA,0.0,0.19655711948871613,0.08900255709886551,-0.04908798262476921,0.027374999597668648,,,0.06625211238861084,0.02275044284760952,0.021336833015084267,0.14760108292102814,0.0426594577729702,,,,0.03696666657924652,0.04895604029297829,0.10665823519229889,0.11554169654846191,-0.010856491513550282,0.246948,0.153876,0.599175,17.0,0.093072,-0.06379599999999999,0.06595100000000001,0.129747,0.24438833333333332,0.038939640089930706,-0.008397666666666664,0.07741631718399779,-0.028904499999999996,0.007269499999999985,0.180997,0.221366,0.217672,0.289067,0.601331,0.489567,-0.036675,-0.0677,-0.07139500000000001,0.06264100000000003,-0.040369000000000016,-0.08424100000000001,0.031024999999999997,-0.146882,0.28054066666666666,0.29756,0.05039539485244011,0.06200005218546205,-0.02627299999999999,-0.02528769999999999,0.0008983000000000101,0.04327390000000003
2014,Australia,AUS,193,23123.741851368974,26813.654579488142,112.01604063984537,106.7756931151774,1598530.0,0.2644803824571583,184.52028322097374,-49074.871,237012.0,265923.0,541211.6322837244,1736405.0,2.5,3.65541666666667,408.50202632484195,6.0768,242.8540352403743,0.34027,382186.0,419020.0,1.21921482565228,2298228.4000000004,1309261.3,1413641.7,884586.7000000003,1355534.875,4.6413072782924285,110.63754272460938,40.113179487212356,0.0,0.0,0.0,0.0,FLOAT,USA,0.0,0.05609947443008423,0.1123388409614563,0.18441404402256012,0.02500000037252903,,,0.09052827209234238,0.021810565143823624,0.019999999552965164,0.01102391630411148,0.04280000180006027,,,,0.03655416518449783,0.04327182471752167,0.09953821450471878,0.09911713004112244,0.1047070249915123,0.269949,0.262361,0.46769,21.0,0.007588,0.108485,0.023000999999999994,-0.085484,0.220205,0.06763108521234892,-0.0037676666666666644,0.08528820807317591,-0.014391400000000004,0.0355611,0.246948,0.180997,0.153876,0.217672,0.599175,0.601331,0.093072,-0.036675,-0.06379599999999999,-0.07139500000000001,0.06595100000000001,-0.040369000000000016,0.129747,0.031024999999999997,0.24438833333333332,0.28054066666666666,0.038939640089930706,0.05039539485244011,-0.028904499999999996,-0.02627299999999999,0.007269499999999985,0.0008983000000000101
2015,Australia,AUS,193,23461.207627118645,27043.29298405261,112.8364540144044,107.71971661505401,1624600.0,0.25833718388591054,187.26003760299622,-75024.028,208499.0,249613.0,616593.3089400745,1838907.0,2.10916666666667,2.71020833333333,445.47658268794106,6.0542,245.97563628453352,0.37699,395636.0,430889.0,1.36873802354229,2504150.4000000004,1409386.1,1522663.2000000002,981487.2000000002,1472085.625,5.2477068597075895,113.06571197509766,42.683181060298864,0.0,0.0,0.0,0.0,FLOAT,USA,0.0,0.025605125352740288,0.11045312881469727,0.0223712045699358,0.02109166607260704,,,0.09026888757944107,0.020184243097901344,0.018513087183237076,-0.021253002807497978,0.0478999987244606,,,,0.02710208296775818,0.04688198119401932,0.086075559258461,0.09145823866128922,0.021731436252593994,0.252248,0.21013,0.537622,28.0,0.042119,-0.052231,-0.017700999999999967,0.034531,0.21130300000000002,0.054522214986187034,0.021328333333333335,0.06595580772254518,0.008585900000000006,0.015089800000000006,0.269949,0.246948,0.262361,0.153876,0.46769,0.599175,0.007588,0.093072,0.108485,-0.06379599999999999,0.023000999999999994,0.06595100000000001,-0.085484,0.129747,0.220205,0.24438833333333332,0.06763108521234892,0.038939640089930706,-0.014391400000000004,-0.028904499999999996,0.0355611,0.007269499999999985
2016,Australia,AUS,193,23857.363102998697,27319.882367187696,114.1655625268149,108.95465527889012,1660710.0,0.24536267930424308,189.65188666666663,-54421.4667,196269.0,258469.0,669057.3098295303,1961535.0,1.7325,2.33354166666667,469.97779473577776,5.7099,250.05438329345236,0.40508000000000005,420093.0,450102.0,1.38197899391929,2667510.0,1516309.5999999996,1626470.8999999997,1041039.1000000001,1500321.25,5.360131595190229,113.24504852294922,43.427020375066625,0.0,0.0,0.0,0.0,FLOAT,USA,0.0,0.1193000003695488,0.07365334033966064,0.014192426577210426,0.019867,,,0.055001020431518555,0.01865231618285179,0.017679903656244278,0.07249999791383743,0.04363636672496796,,,,0.023373035714030266,0.046799998730421066,0.08319931477308273,0.09508161246776581,0.017029713839292526,0.216589,0.23193,0.551481,21.0,-0.01534,0.021799999999999986,-0.035659000000000024,-0.057458999999999996,0.20878900000000003,0.0542549308081763,0.047592999999999996,0.043004093653976935,0.018193100000000014,-0.029070500000000013,0.252248,0.269949,0.21013,0.262361,0.537622,0.46769,0.042119,0.007588,-0.052231,0.108485,-0.017700999999999967,0.023000999999999994,0.034531,-0.085484,0.21130300000000002,0.220205,0.054522214986187034,0.06763108521234892,0.008585900000000006,-0.014391400000000004,0.015089800000000006,0.0355611
2017,Australia,AUS,193,24231.999022164277,27547.339065707012,114.84115611556285,109.56025132411962,1763630.0,0.2421087492323848,193.43535700374525,-45554.562900000004,228779.0,301334.0,730875.1853120679,2049360.9999999998,1.74,2.63916666666667,509.17973401231654,5.5911,253.9438764411574,0.41074,459576.0,463877.0,1.28205128205128,2764799.7,1600576.2000000002,1708326.3000000003,1056473.4000000001,1503138.375,5.811115289644978,113.82003389474886,41.58573559304941,0.0,0.0,0.0,0.0,FLOAT,USA,0.0,0.12319999933242798,0.1012798622250557,0.03612414747476578,0.0174,,,0.08348798751831055,0.017791876569390297,0.01642092689871788,0.07729999721050262,0.04260651767253876,,,,-0.03531626611948013,0.045900002121925354,0.09919725358486176,0.11201997846364975,0.02676207385957241,0.22573,0.15701,0.61726,29.0,0.068721,-0.07491999999999999,0.009140999999999982,0.084061,0.23480700000000002,0.026234084451339304,0.011455666666666664,0.028924095566384634,-0.029425299999999988,0.012594000000000004,0.216589,0.252248,0.23193,0.21013,0.551481,0.537622,-0.01534,0.042119,0.021799999999999986,-0.052231,-0.035659000000000024,-0.017700999999999967,-0.057458999999999996,0.034531,0.20878900000000003,0.21130300000000002,0.0542549308081763,0.054522214986187034,0.018193100000000014,0.008585900000000006,-0.029070500000000013,0.015089800000000006
2018,Australia,AUS,193,24621.307366362453,27883.914290433742,116.42591838327209,110.95117167664158,1848560.0,0.24030289136526406,197.17533917602987,-38671.8752,235385.0,344615.0,749908.2198414191,2098891.0,1.5,2.684167,501.85440034144625,5.2984,260.05655862519046,0.4164,492477.0,488225.0,1.4168319637291,2886285.6999999993,1667654.7999999998,1770865.9999999998,1115419.6999999995,1590557.375,5.808321102923579,116.71440632429623,41.31117397464443,0.0,0.0,0.0,0.0,FLOAT,USA,0.0,-0.037300001829862595,0.0021444112062454224,0.030469045042991638,0.019483,,,-0.014383554458618164,0.016527965664863586,0.01676916517317295,-0.07729999721050262,0.04335103556513786,,,,-0.00111728860065341,0.03999999910593033,-0.008145607076585293,-0.014879105612635612,0.02497602254152298,0.224384,0.178201,0.597415,32.0,0.046183,0.021190999999999988,-0.001345999999999986,-0.022538000000000002,0.19969,0.03853565621602925,0.03183333333333333,0.042964044669157396,-0.017070699999999998,0.009625299999999998,0.22573,0.216589,0.15701,0.23193,0.61726,0.551481,0.068721,-0.01534,-0.07491999999999999,0.021799999999999986,0.009140999999999982,-0.035659000000000024,0.084061,-0.057458999999999996,0.23480700000000002,0.20878900000000003,0.026234084451339304,0.0542549308081763,-0.029425299999999988,0.018193100000000014,0.012594000000000004,-0.029070500000000013
2019,Australia,AUS,193,24999.855932203394,27986.814400679978,117.14564934159554,111.19968128748309,1952680.0,0.2272988610896266,200.26299887640442,13824.9744,221564.0,389934.0,917388.3369851289,2149081.0,1.1716666666666666,1.493333,481.4530453930816,5.1633,267.2286273656734,0.46604999999999996,487722.0,576838.0,1.42734798743934,2984482.2,1742405.1999999997,1868726.0999999996,1115756.1000000003,1658421.5,6.115676424886756,119.9283023052588,42.57341346895006,0.0,0.0,0.0,0.0,FLOAT,USA,0.0,0.23810000717639923,-0.023824384436011314,0.10067927092313766,0.013442,,,-0.04065346717834473,0.016829082742333412,0.017542235553264618,0.1817999929189682,0.04763919487595558,,,,0.1045413464307785,0.056299999356269836,0.09528132528066635,0.10337566584348679,0.05706063657999039,0.202141,0.291458,0.506401,26.0,-0.089317,0.113257,-0.022243000000000013,-0.1355,0.189047,0.03861966321707106,0.033188,0.043511095699832913,0.019977499999999995,-0.024446899999999983,0.224384,0.22573,0.178201,0.15701,0.597415,0.61726,0.046183,0.068721,0.021190999999999988,-0.07491999999999999,-0.001345999999999986,0.009140999999999982,-0.022538000000000002,0.084061,0.19969,0.23480700000000002,0.03853565621602925,0.026234084451339304,-0.017070699999999998,-0.029425299999999988,0.009625299999999998,0.012594000000000004
2020,Australia,AUS,193,25132.885919165587,27183.90781478999,115.3508770172791,106.54870895936422,1985760.0,0.224366713002159,202.04601363295876,52900.646400000005,211109.0,363142.0,1173528.7736791465,2422093.0,0.32416666666666666,0.9208333,507.4347054531415,6.46,276.03437024146194,0.57332,,,1.29836406128278,3032807.500000001,1800721.0000000002,1909627.6,1123179.900000001,1624922.0,6.2487879708694,108.96295621590768,46.22992488705515,0.0,0.0,0.0,0.0,FLOAT,USA,0.0,0.04919999837875366,0.07134337723255157,0.009823489934206009,0.002567,,,0.053965091705322266,0.017378289252519608,0.016488486900925636,0.01769999973475933,0.030952146276831627,,,,0.039429452270269394,0.03150000050663948,0.04962486773729324,0.05971546098589897,0.00619524484500289,0.283308,0.309627,0.407065,18.0,-0.026319,0.01816899999999999,0.08116700000000002,0.062998,0.20888966666666667,0.072287010398365,0.008529,0.08548315710126772,0.05711080000000001,-0.042062,0.202141,0.224384,0.291458,0.178201,0.506401,0.597415,-0.089317,0.046183,0.113257,0.021190999999999988,-0.022243000000000013,-0.001345999999999986,-0.1355,-0.022538000000000002,0.189047,0.19969,0.03861966321707106,0.03853565621602925,0.019977499999999995,-0.017070699999999998,-0.024446899999999983,0.009625299999999998
1997,Belgium,BEL,124,10192.0,19138.659717503986,87.14682790716589,88.0579,9040211.9299,0.22282555061829357,116.90306034968981,494567.174,5554400.0,5916200.0,1686086.75,7785600.5,3.43,5.75333333333333,143.06105632827274,8.9558,130.42380022728256,1.243,2569833.15955,2783856.499,36.92,7329074.0,2221034.25,3213637.75,4115436.25,7356780.0,2.7301485538482666,102.27935028076172,62.59579086303711,0.0,0.0,1.0,1.0,PEG,DEU,-0.077875,0.3497387170791626,0.08502117544412613,0.09938362240791321,0.034299999475479126,,,0.024535395205020905,0.060485780239105225,0.05903727561235428,0.31917494535446167,0.02316887117922306,,,,0.05753333494067192,0.03056379407644272,0.10989696532487869,0.13348641991615295,0.06684181094169617,0.22611830769230767,0.19427046153846156,0.5796113846153846,,0.03184784615384616,,,,,,,,,,,,,,,,,,,,,,,,,,,,,,,
1998,Belgium,BEL,124,10214.0,19474.911006427505,88.63086501467109,90.2095,9384028.8976,0.2239429808400884,117.96337110706149,480488.5489,5967940.0,6491340.0,1936315.25,8878812.0,3.55,4.75166666666667,152.46959674173607,9.3225,131.9683117053094,1.192,2701793.04043,2858271.51253,34.5745,7279213.9353,2561785.3495,3625992.2514,3653221.6839,6644493.5,3.21526837348938,101.82101440429688,62.429664611816406,0.0,0.0,1.0,1.0,PEG,DEU,0.20125,0.41247206926345825,0.1255553513765335,0.17192663252353668,0.03550000116229057,,,0.06576915085315704,0.05978620424866676,0.05609676614403725,0.3902249038219452,0.016002563759684563,,,,0.04751666635274887,0.022247163578867912,0.16598880290985107,0.1964929848909378,0.10371331870555878,0.17760269230769232,0.22879507692307693,0.5936025384615384,,-0.051192153846153846,0.034524615384615376,-0.04851561538461535,-0.08304,,,,,,,0.22611830769230767,,0.19427046153846156,,0.5796113846153846,,0.03184784615384616,,,,,,,,,,,,,,,
1999,Belgium,BEL,124,10239.0,20127.576531459625,91.15919037060377,91.7923,9774599.809400002,0.22708966285325885,119.30225536912664,489282.6471,6237355.338,6781137.19,2178354.5,9423401.0,2.78,4.74916666666667,164.42970788178758,8.6486,139.8611428048323,1.1540000000000001,2781311.0513099995,2933452.98416,40.1551861437388,7917512.1729999995,2797330.0256,3754434.493,4163077.6799999997,7321092.0,3.1316254138946533,107.94283294677734,66.19371795654297,0.0,0.0,1.0,1.0,PEG,DEU,-0.68199998,-0.07302501797676086,0.1353609710931778,-0.05340249836444855,0.027799999341368675,,,0.07844165712594986,0.056919313967227936,0.05277922376990318,-0.09021206945180893,0.018891267478466034,,,,0.04749166592955589,0.017187047749757767,0.05478493496775627,0.08770054578781128,-0.012801249511539936,0.221406,0.028945,0.749649,1.0,0.192461,-0.19985007692307694,0.04380330769230767,0.24365315384615382,0.21153276923076925,0.024412589656318935,-0.009672153846153844,0.05871814710973091,,,0.17760269230769232,0.22611830769230767,0.22879507692307693,0.19427046153846156,0.5936025384615384,0.5796113846153846,-0.051192153846153846,0.03184784615384616,0.034524615384615376,,-0.04851561538461535,,-0.08304,,,,,,,,,
2000,Belgium,BEL,124,10263.0,20809.358686311454,94.45018433740957,94.922,10342182.202399999,0.23771251094019874,122.49836279046555,431959.6492,7752521.982,8226919.206,2380054.0,9278177.0,4.24,5.5925,172.10536291036277,6.5864,143.29606680082992,1.0959999999999999,2985814.1743599996,3027933.06395,43.35292853304674,8297675.3906,2967201.3445,3886547.6655,4411127.725099999,8338804.5,3.7286415100097656,119.54236602783203,65.40510559082031,0.0,0.0,1.0,1.0,PEG,DEU,1.38,0.02351401560008526,0.10024359822273254,0.05384042114019394,0.042399998754262924,,,0.0466763973236084,0.053567204624414444,0.051178380846977234,0.005649277940392494,0.0177643820643425,,,,0.055925000458955765,0.017864737659692764,0.07180319726467133,0.08237777650356293,0.04812020808458328,0.304044,0.025159,0.670797,1.0,0.278885,-0.0037859999999999977,0.08263799999999999,0.086424,0.1506701794871795,0.10682112037304914,0.057705564102564104,0.12386759474507836,-0.07071844615384616,0.09847646153846151,0.221406,0.17760269230769232,0.028945,0.22879507692307693,0.749649,0.5936025384615384,0.192461,-0.051192153846153846,-0.19985007692307694,0.034524615384615376,0.04380330769230767,-0.04851561538461535,0.24365315384615382,-0.08304,0.21153276923076925,,0.024412589656318935,,,,,
2001,Belgium,BEL,124,10310.0,20920.25111546414,95.11754499234183,95.6302,10663247.4665,0.2258209914352921,125.4811979244134,376209.9074,8047406.651,8574245.745,2501073.75,9830834.0,4.15,5.13083333333333,180.3333167445372,6.1775,147.077143350295,1.082,3063823.47298,3179086.66925,45.77317599001475,8285008.6620000005,2950661.9855,3892881.0298,4392127.6322,8851881.0,3.68475341796875,104.42789459228516,64.77572631835938,0.0,0.0,1.0,1.0,PEG,DEU,0.26100001,-0.02317841351032257,0.09997570514678955,0.07630744576454163,0.04149999842047691,,,0.047808025032281876,0.052167680114507675,0.04978743940591812,-0.0438779778778553,0.021649502217769623,,,,0.05130833387374878,0.02069956623017788,0.06853583455085754,0.07273054122924805,0.05890372395515442,0.161731,0.160457,0.677812,3.0,0.001275,0.13529799999999997,-0.14231299999999997,-0.27760999999999997,0.0942996923076923,0.11649180147602742,0.14005128205128206,0.1711660473762028,-0.020880023076923108,0.024382546153846173,0.304044,0.221406,0.025159,0.028945,0.670797,0.749649,0.278885,0.192461,-0.0037859999999999977,-0.19985007692307694,0.08263799999999999,0.04380330769230767,0.086424,0.24365315384615382,0.1506701794871795,0.21153276923076925,0.10682112037304914,0.024412589656318935,-0.07071844615384616,,0.09847646153846151,
2002,Belgium,BEL,124,10355.0,21162.974678941075,96.1215579432588,95.9951,11023079.3745,0.20655982892777022,127.4236468682833,505458.947,8460487.227,9220490.943,2537379.71,10601325.72,3.21,4.98666666666667,190.88986854632412,6.9095,152.43689700365903,1.054,3020530.6923,3045690.68793,38.466577667588446,8407036.8595,3152684.2047,4077879.8112,4329157.0483,8615033.0,3.82100248336792,108.13768768310547,63.90655517578125,0.0,0.0,1.0,1.0,PEG,DEU,-1.095,-0.2669452726840973,0.10959109663963318,0.09968044608831406,0.032099999487400055,,,0.05854169651865959,0.05104940012097359,0.04822615906596184,-0.2833031713962555,0.022824015468358994,,,,0.04986666515469551,0.016357898712158203,0.05169167369604111,0.045305244624614716,0.06589022278785706,0.335658,0.064268,0.600076,2.0,0.27139,-0.09618899999999998,0.173927,0.270115,0.07152033333333334,0.07704467182961672,0.15754033333333334,0.14206131685062381,0.024126700000000004,-0.004082299999999986,0.161731,0.304044,0.160457,0.025159,0.677812,0.670797,0.001275,0.278885,0.13529799999999997,-0.0037859999999999977,-0.14231299999999997,0.08263799999999999,-0.27760999999999997,0.086424,0.0942996923076923,0.1506701794871795,0.11649180147602742,0.10682112037304914,-0.020880023076923108,-0.07071844615384616,0.024382546153846173,0.09847646153846151
2003,Belgium,BEL,124,10396.0,21294.789764994453,96.60004487475122,96.4956,11343620.2199,0.20964707706466781,129.35666359127515,402309.8227,8378193.831,9115946.021406673,2743113.1999999997,11335511.9,2.22,4.18083333333333,202.40492084201924,7.6796,155.64315368062387,1.0170000000000001,3032059.8357200003,3197037.9247500002,31.93974663499604,8431321.4793,3366647.0343,4285186.5573,4146134.9220000003,9286041.0,3.246652603149414,100.5199203491211,63.31586837768555,0.0,0.0,1.0,1.0,PEG,DEU,-0.95999998,0.18687132000923157,0.1096186488866806,0.05081488937139511,0.022199999541044235,,,0.06032269820570946,0.049295954406261444,0.046491462737321854,0.15067000687122345,0.031461067497730255,,,,0.04180833324790001,0.03620130568742752,0.09763780236244202,0.12317655980587006,0.036507442593574524,0.164312,0.077556,0.758132,3.0,0.086757,0.013287999999999994,-0.171346,-0.18463300000000002,0.08329466666666667,0.06962684636211333,0.18384999999999999,0.15815899191952384,0.006100200000000022,-0.03062690000000001,0.335658,0.161731,0.064268,0.160457,0.600076,0.677812,0.27139,0.001275,-0.09618899999999998,0.13529799999999997,0.173927,-0.14231299999999997,0.270115,-0.27760999999999997,0.07152033333333334,0.0942996923076923,0.07704467182961672,0.11649180147602742,0.024126700000000004,-0.020880023076923108,-0.004082299999999986,0.024382546153846173
2004,Belgium,BEL,124,10446.0,21954.94806866455,98.68257495289592,97.501,11973689.118,0.22667060171545217,131.75881683416512,393919.1235,9291489.167,9952119.82338758,3186852.1,12404519.25,2.01,4.1525,215.02661999997693,7.3634,158.70260514270186,0.9720000000000001,3224541.66857,3245833.0677900002,29.61596064899787,8999186.251600001,3683597.6286,4656999.4156,4342186.836,9628245.0,2.9017882347106934,97.54014587402344,63.60881423950195,0.0,0.0,1.0,1.0,PEG,DEU,-0.26967001,0.3925911784172058,0.1097278892993927,0.09360256791114807,0.020099999383091927,,,0.062360119074583054,0.04736777022480965,0.04458729922771454,0.35929054021835327,0.024498537182807922,,,,0.04152499884366989,0.03330063074827194,0.14446097612380981,0.17474651336669922,0.056851282715797424,0.37551,0.116916,0.507574,2.0,0.258594,0.039360000000000006,0.211198,0.171837,0.10076033333333334,0.05212400353324113,0.11980733333333334,0.13805713203718717,-0.011733499999999997,0.058732400000000004,0.164312,0.335658,0.077556,0.064268,0.758132,0.600076,0.086757,0.27139,0.013287999999999994,-0.09618899999999998,-0.171346,0.173927,-0.18463300000000002,0.270115,0.08329466666666667,0.07152033333333334,0.06962684636211333,0.07704467182961672,0.006100200000000022,0.024126700000000004,-0.03062690000000001,-0.004082299999999986
2005,Belgium,BEL,124,10511.0,22304.690386988525,100.0,97.9879,12506861.576299999,0.2368106320007638,135.10153801724786,261846.2909,10333835.87709,10843335.52813597,3670930.9,13291997.05,2.07,3.42833333333333,243.93380237180273,8.4402,161.72788063558173,0.9510000000000001,3391318.91714,3736208.92618,34.19504958887853,9434252.0731,4174897.2707,5188477.5981,4245774.475,9585751.0,2.6175475120544434,107.7662124633789,66.10372161865234,0.0,0.0,1.0,1.0,PEG,DEU,0.04167,0.2718643844127655,0.1799088716506958,0.060672055929899216,0.02070000022649765,,,0.1344342827796936,0.0454745814204216,0.04008569195866585,0.2378166913986206,0.027506237849593163,,,,0.03428333252668381,0.034047681838274,0.1636156588792801,0.20317386090755463,0.040686026215553284,0.101461,0.031313,0.867226,1.0,0.070148,-0.08560300000000001,-0.274049,-0.188446,0.08624666666666668,0.027378800947691923,0.20558033333333334,0.1031027294126268,-0.005950499999999996,-0.04318890000000001,0.37551,0.164312,0.116916,0.077556,0.507574,0.758132,0.258594,0.086757,0.039360000000000006,0.013287999999999994,0.211198,-0.171346,0.171837,-0.18463300000000002,0.10076033333333334,0.08329466666666667,0.05212400353324113,0.06962684636211333,-0.011733499999999997,0.006100200000000022,0.058732400000000004,-0.03062690000000001
2006,Belgium,BEL,124,10585.0,22867.021804458396,101.8781832101995,100.0,13116558.824900001,0.23970549113259512,138.2467018222894,252971.5129,11297322.11667,11783227.251558686,3751610.7,13953571.41,2.9,3.815,272.49979740080266,8.2459,167.31231588475018,0.915,3528284.97961,3543117.9608400003,30.630144267274105,10173803.4598,4660186.2677,5740448.4498,4433355.01,9427662.0,2.954118013381958,107.3031005859375,65.66677856445312,0.0,0.0,1.0,1.0,PEG,DEU,0.74583,0.23117119073867798,0.1585942804813385,-0.0029505807906389236,0.028999999165534973,,,0.11710544675588608,0.041488826274871826,0.03713957965373993,0.19885069131851196,0.02695957012474537,,,,0.03815000131726265,0.032320499420166016,0.14157001674175262,0.17774923145771027,0.013024709187448025,0.178874,0.0352,0.785925,3.0,0.143674,0.0038870000000000016,0.07741300000000001,0.073526,0.07526166666666667,0.04284759475552084,0.13849966666666666,0.104335762777359,-0.02126709999999999,-0.001769499999999983,0.101461,0.37551,0.031313,0.116916,0.867226,0.507574,0.070148,0.258594,-0.08560300000000001,0.039360000000000006,-0.274049,0.211198,-0.188446,0.171837,0.08624666666666668,0.10076033333333334,0.027378800947691923,0.05212400353324113,-0.005950499999999996,-0.011733499999999997,-0.04318890000000001,0.058732400000000004
2007,Belgium,BEL,124,10667.0,23496.542128109177,104.85133331128334,100.579,13861556.098100001,0.24603274150519658,140.75726192738216,271205.1477,12113975.15424,12685323.050983412,4042057.98,15204108.31,3.89,4.32833333333333,298.70500356626036,7.4579,171.4686404128993,0.8730000000000001,3658715.97828,3779215.29357,27.40296175531552,11566861.2265,5173350.1356,6294516.9763,5272344.2502,10216844.0,4.358264446258545,108.27645111083984,65.61543273925781,0.0,0.0,1.0,1.0,PEG,DEU,1.02334,-0.04153551906347275,0.13396616280078888,-0.008605130016803741,0.03889999911189079,,,0.09616513550281525,0.03780102729797363,0.03448479250073433,-0.06302972882986069,0.02294011600315571,,,,0.043283332139253616,0.02149420604109764,0.07829365134239197,0.09542040526866913,0.015147434547543526,0.388223,0.04559,0.566187,5.0,0.342632,0.010389999999999996,0.20934899999999998,0.198958,0.061143,0.048339919724798945,0.157472,0.09497769386545453,-0.021009100000000006,0.032564,0.178874,0.101461,0.0352,0.031313,0.785925,0.867226,0.143674,0.070148,0.0038870000000000016,-0.08560300000000001,0.07741300000000001,-0.274049,0.073526,-0.188446,0.07526166666666667,0.08624666666666668,0.04284759475552084,0.027378800947691923,-0.02126709999999999,-0.005950499999999996,-0.001769499999999983,-0.04318890000000001
2008,Belgium,BEL,124,10753.0,23701.296142330557,104.49121854016762,99.9342,14189237.105800001,0.259367703303917,147.07509472600822,-142722.5662,12789499.051660001,12941749.576013632,4070295.91,15938294.49,3.67,4.4175,313.2815883220357,6.9756,177.66176773936255,0.932,3829918.51388,4051719.38605,28.986060214126592,13286026.744800001,5656541.4578,6832449.5428,6453335.1626,14332885.0,3.8359341621398926,109.81647491455078,65.21831512451172,1.0,1.0,1.0,1.0,PEG,DEU,-0.04084,-0.5605587363243103,0.08394022285938263,0.0322677381336689,0.03669999912381172,,,0.04880065470933914,0.03513956442475319,0.03350452333688736,-0.5744388699531555,0.032616134732961655,,,,0.04417499899864197,0.01388015877455473,0.02663080394268036,0.024073433130979538,0.03448386862874031,0.379156,0.046306,0.574538,2.0,0.332849,0.0007160000000000014,-0.009066999999999992,-0.009782999999999986,0.03736766666666667,0.007381210356936137,0.18548466666666666,0.14097156255547902,0.005536899999999996,0.0987061,0.388223,0.178874,0.04559,0.0352,0.566187,0.785925,0.342632,0.143674,0.010389999999999996,0.0038870000000000016,0.20934899999999998,0.07741300000000001,0.198958,0.073526,0.061143,0.07526166666666667,0.048339919724798945,0.04284759475552084,-0.021009100000000006,-0.02126709999999999,0.032564,-0.001769499999999983
2009,Belgium,BEL,124,10840.0,23020.27204796463,101.55927776501144,98.9743,13976686.1727,0.22173284598386944,147.06692370583409,231631.7058,10261151.44527,10730266.45376137,4590680.62,16793500.37,0.66,3.90166666666667,309.26766116243334,7.9076,178.65025515586933,1.002,3575490.7305900003,4114903.77142,28.00215188116061,12968914.7909,5947109.7575,7075941.1792,5892771.9122,13607906.0,4.023786544799805,96.13729858398438,59.62690734863281,0.0,0.0,1.0,1.0,PEG,DEU,-3.192497,0.5247774124145508,0.021365061402320862,0.10888000577688217,0.006599999964237213,,,-0.012812737375497818,0.03417779877781868,0.03462139517068863,0.49252593517303467,0.02160865068435669,,,,0.03901666775345802,0.032251469790935516,0.0897303894162178,0.10001188516616821,0.05774000287055969,0.322018,0.069449,0.608532,3.0,0.252569,0.023142999999999997,-0.05713799999999997,-0.08028000000000002,0.04236533333333333,0.006215678992140821,0.2730516666666667,0.11215106885952243,0.010346299999999992,0.031690200000000016,0.379156,0.388223,0.046306,0.04559,0.574538,0.566187,0.332849,0.342632,0.0007160000000000014,0.010389999999999996,-0.009066999999999992,0.20934899999999998,-0.009782999999999986,0.198958,0.03736766666666667,0.061143,0.007381210356936137,0.048339919724798945,0.005536899999999996,-0.021009100000000006,0.0987061,0.032564
2010,Belgium,BEL,124,10951.0,23556.823098597495,103.51811675439056,100.72791008559776,14649031.286,0.23126776690318698,150.49875217896258,237884.3903,11903170.93881,12406212.516919065,4635054.51,16244877.73,0.43,3.4625,325.45859216442796,8.2925,181.2506702246912,1.003,3875095.16789,4318583.96051,30.190016464601108,13294740.1632,6405250.0018,7537106.916,5757391.2078,13377959.0,4.566390037536621,79.876708984375,54.37467575073242,0.0,0.0,1.0,1.0,PEG,DEU,-0.24250001,0.11460345983505249,0.0873553529381752,0.014645150862634182,0.00430000014603138,,,0.052352651953697205,0.035002700984478,0.03326138108968735,0.09256134182214737,0.020174723118543625,,,,0.03462500125169754,0.02204212173819542,0.07162462919950485,0.09163571149110794,0.009472575038671494,0.242856,0.032328,0.724816,3.0,0.210528,-0.037120999999999994,-0.07916200000000004,-0.042040999999999995,0.05378166666666667,0.013573030771840876,0.30934999999999996,0.049416477444269656,-0.0016642999999999985,-0.04765919999999998,0.322018,0.379156,0.069449,0.046306,0.608532,0.574538,0.252569,0.332849,0.023142999999999997,0.0007160000000000014,-0.05713799999999997,-0.009066999999999992,-0.08028000000000002,-0.009782999999999986,0.04236533333333333,0.03736766666666667,0.006215678992140821,0.007381210356936137,0.010346299999999992,0.005536899999999996,0.031690200000000016,0.0987061
2011,Belgium,BEL,124,11113.648616236162,23630.01600715963,103.9115213972362,100.28638435035715,15166511.523200002,0.24506939158087473,155.54354003446144,-294198.8907,13531910.53727,13785418.823270263,4497898.85,15546997.46,1.01,4.23333333333333,337.8837078192568,7.1396,188.32452004292517,1.035,4104629.19889,4667552.33344,31.17698431099776,14272296.9599,6910507.2493,8105980.1858,6166034.3948,15218061.0,4.737210273742676,81.19329071044922,56.54572677612305,0.0,0.0,1.0,1.0,PEG,DEU,0.425834,-0.13232307136058807,0.07179762423038483,0.0065366607159376144,0.010099999606609344,,,0.03817685320973396,0.033620771020650864,0.03238443657755852,-0.15265734493732452,0.023997697979211807,,,,0.04233333468437195,0.02033427357673645,0.035897497087717056,0.045201919972896576,0.00831833016127348,0.294634,0.106475,0.598892,1.0,0.188159,0.07414699999999999,0.05177800000000002,-0.022369,0.04936100000000001,0.01874811801221676,0.26531533333333335,0.06214868076100522,0.014338600000000003,-0.047611099999999996,0.242856,0.322018,0.032328,0.069449,0.724816,0.608532,0.210528,0.252569,-0.037120999999999994,0.023142999999999997,-0.07916200000000004,-0.05713799999999997,-0.042040999999999995,-0.08028000000000002,0.05378166666666667,0.04236533333333333,0.013573030771840876,0.006215678992140821,-0.0016642999999999985,0.010346299999999992,-0.04765919999999998,0.031690200000000016
2012,Belgium,BEL,124,11189.41660516605,23642.929689311823,104.03247709195797,101.12892874326413,15578260.8825,0.23689925828905933,159.6274159174843,-12666.7286,13787669.537260002,14002056.55564469,5022317.55,17342123.01,0.13,3.0,343.1052282760788,7.5417,193.64047270821462,1.048,4358056.55266,4911895.14173,30.57442777019858,14463830.8051,7203536.2829,8371981.4864,6091566.9394,14682786.0,5.558399200439453,73.25347137451172,44.73638916015625,0.0,0.0,1.0,1.0,PEG,DEU,-0.55416697,0.39016497135162354,0.048245061188936234,0.24321061372756958,0.0013000000035390258,,,0.015452048741281033,0.032793011516332626,0.032294001430273056,0.35322362184524536,0.02729879692196846,,,,0.029999999329447746,0.03694137558341026,0.10875143110752106,0.10433100163936615,0.12225531041622162,0.294634,0.106475,0.598892,,0.188159,0.0,0.0,0.0,0.06941733333333333,0.03707351014313775,0.21708533333333332,0.03270184995276773,0.018522499999999994,-0.021559900000000017,0.294634,0.242856,0.106475,0.032328,0.598892,0.724816,0.188159,0.210528,0.07414699999999999,-0.037120999999999994,0.05177800000000002,-0.07916200000000004,-0.022369,-0.042040999999999995,0.04936100000000001,0.05378166666666667,0.01874811801221676,0.013573030771840876,0.014338600000000003,-0.0016642999999999985,-0.047611099999999996,-0.04765919999999998
2013,Belgium,BEL,124,11252.05147601476,23619.124656363343,104.0187984985944,102.33354093527913,15848739.912,0.2242819690490735,161.61951063593366,151314.9649,13719313.57671,14238752.067303775,5316798.820000001,17503482.61,0.05,2.41,347.1219283320624,8.4253,197.6687008203976,1.055,4499217.96473,4907970.06946,29.250888260459725,14739876.7408,7520244.8378,8669649.6085,6099029.8209,15106554.0,6.614171028137207,74.20460510253906,34.83740997314453,0.0,0.0,1.0,1.0,PEG,DEU,-0.16583334,0.18959812819957733,0.044347263872623444,0.0010905904928222299,0.0005000000237487257,,,0.011707576923072338,0.03263968601822853,0.03226197510957718,0.15748147666454315,0.027747010812163353,,,,0.02410000003874302,0.03211665153503418,0.05442080646753311,0.07124275714159012,0.0007952952291816473,0.294634,0.106475,0.598892,,0.188159,0.0,0.0,0.0,0.08175933333333334,0.04280879040960321,0.19561533333333334,0.012914748171502729,0.022244100000000003,-0.006710699999999992,0.294634,0.294634,0.106475,0.106475,0.598892,0.598892,0.188159,0.188159,0.0,0.07414699999999999,0.0,0.05177800000000002,0.0,-0.022369,0.06941733333333333,0.04936100000000001,0.03707351014313775,0.01874811801221676,0.018522499999999994,0.014338600000000003,-0.021559900000000017,-0.047611099999999996
2014,Belgium,BEL,124,11295.491789667898,23899.98018736695,105.19275019769353,102.44264500425749,16257141.059600001,0.2313618771856211,162.41209959282284,125457.089,13773127.00331,14332828.377222985,6067120.96,18745951.529999997,0.05,1.71333333333333,345.21027081765277,8.5227,200.2452142931361,1.07,4620370.7864,5030655.80733,33.22617576805864,14591183.8694,7888306.0854,9084021.0613,5506840.0889,19232380.0,6.108495235443115,78.49821472167969,36.390621185302734,0.0,0.0,1.0,1.0,PEG,DEU,0.0075,0.17930616438388824,0.027429362758994102,0.15686185657978058,0.0005000000237487257,,,-0.005506889428943396,0.032936252653598785,0.033118631690740585,0.1568993330001831,0.019368000328540802,,,,0.017133332788944244,0.02240682579576969,0.06362307816743851,0.05908018350601196,0.07868092507123947,0.294634,0.106475,0.598892,,0.188159,0.0,0.0,0.0,0.106475,0.0,0.188159,0.0,6.0081431876315056e-18,1.8983400121629505e-17,0.294634,0.294634,0.106475,0.106475,0.598892,0.598892,0.188159,0.188159,0.0,0.0,0.0,0.0,0.0,0.0,0.08175933333333334,0.06941733333333333,0.04280879040960321,0.03707351014313775,0.022244100000000003,0.018522499999999994,-0.006710699999999992,-0.021559900000000017
2015,Belgium,BEL,124,11352.065221402216,24265.37404213519,106.7200367688904,103.465200849381,16809717.009800002,0.23627950374056816,163.41876927827386,232478.8437,13658283.342,14430547.521955963,6728695.32,20581416.979999997,-0.22,0.84,350.7628466806068,8.482,200.58313688713207,1.052,4423822.69163,4638822.2566599995,37.053274547625605,15455708.2663,8255842.9143,9479432.7611,5975993.1259,22123710.0,6.12782621383667,81.67491149902344,33.834815979003906,0.0,0.0,1.0,1.0,PEG,DEU,-0.20416667,0.09957490861415863,0.04121692106127739,0.022625360637903214,-0.002199999988079071,,,0.007780374027788639,0.033436547964811325,0.033178407698869705,0.0820111483335495,0.01623251475393772,,,,0.00839999970048666,0.01756376214325428,0.04404600337147713,0.054076530039310455,0.010212680324912071,0.131023,0.019401,0.849577,1.0,0.111622,-0.087074,-0.163611,-0.076537,0.106475,0.0,0.188159,0.0,-0.026122199999999988,-0.022961099999999988,0.294634,0.294634,0.106475,0.106475,0.598892,0.598892,0.188159,0.188159,0.0,0.0,0.0,0.0,0.0,0.0,0.106475,0.08175933333333334,0.0,0.04280879040960321,6.0081431876315056e-18,0.022244100000000003,1.8983400121629505e-17,-0.006710699999999992
2016,Belgium,BEL,124,11426.822970479707,24412.360983552786,107.52606002076416,104.55892737718604,17349585.8915,0.2425221229370081,166.31131041991074,95686.2428,13830534.715,14522526.07539327,7575833.220000001,21206685.43,-0.58,0.475833333333333,360.0247396472082,7.8297,203.99849944978567,1.05,4319326.21467,4762286.5546,38.26951902096575,16833840.27,8600547.3598,9865969.6829,6964280.336,26263270.0,6.542012691497803,85.17912292480469,35.85490036010742,0.0,0.0,1.0,1.0,PEG,DEU,-0.21250001,-0.02419999986886978,0.05989741533994675,0.04965917766094208,-0.002637,,,0.026406526565551758,0.03349088877439499,0.032629262655973434,-0.0478999987244606,0.02489234134554863,,,,0.04655420407652855,0.02369999885559082,0.024902358651161194,0.025562727823853493,0.023511089384555817,0.131023,0.019401,0.849577,,0.111622,0.0,0.0,0.0,0.07745033333333334,0.050272197339417506,0.16264666666666666,0.04418865755296636,-0.03482959999999999,-0.030614799999999984,0.131023,0.294634,0.019401,0.106475,0.849577,0.598892,0.111622,0.188159,-0.087074,0.0,-0.163611,0.0,-0.076537,0.0,0.106475,0.106475,0.0,0.0,-0.026122199999999988,6.0081431876315056e-18,-0.022961099999999988,1.8983400121629505e-17
2017,Belgium,BEL,124,11468.242804428046,24719.49220292041,108.8495183082083,106.12123044353504,17953272.495,0.2445641513168967,170.0111483547502,125376.4092,14626440.942,15353560.373993512,8088149.95,21916667.669999998,-0.68,0.7225,373.11608599244516,7.0862,206.45680889358889,1.02,4571402.18179,4797914.75428,33.63620445259737,16608219.2093,9093500.9378,10334961.3603,6307183.7049,25172576.0,7.267611448864273,88.62561150275141,36.55910160973265,0.0,0.0,1.0,1.0,PEG,DEU,-0.035,0.041999999433755875,0.0693451538681984,0.031766749918460846,-0.003291,,,0.03636336326599121,0.032981790602207184,0.031824544072151184,0.009700000286102295,0.031989701092243195,,,,-0.008880596607923508,0.03229999914765358,0.04439213126897812,0.05843048170208931,0.014237875118851662,0.336047,0.011044,0.652909,1.0,0.325003,-0.008357000000000002,0.20502399999999998,0.213381,0.048425666666666665,0.05027219733941755,0.13713433333333333,0.04418865755296633,-0.02862930000000001,0.041053200000000005,0.131023,0.131023,0.019401,0.019401,0.849577,0.849577,0.111622,0.111622,0.0,-0.087074,0.0,-0.163611,0.0,-0.076537,0.07745033333333334,0.106475,0.050272197339417506,0.0,-0.03482959999999999,-0.026122199999999988,-0.030614799999999984,-0.022961099999999988
2018,Belgium,BEL,124,11515.724077490775,25057.95737558562,110.29248185748087,107.61653252918494,18571279.763,0.25368791646794747,173.93977485446487,-152484.82200000001,15537719.283,16000637.565719137,8685180.47,22888859.259999998,-0.62,0.795,383.78804560270265,5.9482,211.74106078499346,0.9990000000000001,4888861.0588299995,4930685.46715,35.23135371179039,17570204.8046,9397341.0646,10660302.6538,6909902.1508,26281836.0,7.2624869632621785,93.25099012416239,34.50650034554171,0.0,0.0,1.0,1.0,PEG,DEU,-0.00666667,-0.20669999718666077,0.06075190007686615,0.002424935344606638,-0.003221,,,0.028600096702575684,0.032151803374290466,0.03125782683491707,-0.23309999704360962,0.0344243049621582,,,,0.007072112988680601,0.026400001719594002,-0.017231972888112068,-0.025769025087356567,-0.0003980323381256312,0.16686,0.175719,0.65742,4.0,-0.008859,0.164675,-0.16918699999999998,-0.333862,0.016615333333333333,0.004824916199619008,0.18274899999999997,0.12319557778995154,0.04605969999999999,-0.014806199999999997,0.336047,0.131023,0.011044,0.019401,0.652909,0.849577,0.325003,0.111622,-0.008357000000000002,0.0,0.20502399999999998,0.0,0.213381,0.0,0.048425666666666665,0.07745033333333334,0.05027219733941755,0.050272197339417506,-0.02862930000000001,-0.03482959999999999,0.041053200000000005,-0.030614799999999984
2019,Belgium,BEL,124,11573.307749077492,25378.411616464226,111.65577563139645,108.59553232870833,19215628.9857,0.2496476602949594,176.11163201674478,30940.7033,15413068.992,16101894.657441787,9241871.09,23744065.14,-0.59,0.1933333,399.09358241761095,5.36,216.85580668844946,0.9770000000000001,4738151.19243,5112489.32847,35.90875912408758,18715091.5065,10071219.0941,11370042.8544,7345048.6521,26783390.0,6.916266000377921,92.04332786402874,34.593624701758486,0.0,0.0,1.0,1.0,PEG,DEU,-0.03083333,0.24879999458789825,0.0714736133813858,0.09046313166618347,-0.003563,,,0.039879798889160156,0.03159381076693535,0.030382176861166954,0.21629999577999115,0.026720380410552025,,,,0.07233744114637375,0.032499998807907104,0.10638666152954102,0.13546447455883026,0.043450064957141876,0.366917,0.023549,0.609535,1.0,0.343368,-0.15216999999999997,0.20005699999999998,0.352227,0.06872133333333333,0.0927568615593118,0.14258866666666667,0.16907146298040165,0.0177119,0.03613760000000003,0.16686,0.336047,0.175719,0.011044,0.65742,0.652909,-0.008859,0.325003,0.164675,-0.008357000000000002,-0.16918699999999998,0.20502399999999998,-0.333862,0.213381,0.016615333333333333,0.048425666666666665,0.004824916199619008,0.05027219733941755,0.04605969999999999,-0.02862930000000001,-0.014806199999999997,0.041053200000000005
2020,Belgium,BEL,124,11639.983579335796,23645.527045005078,104.03256683280705,98.52443682857809,18200435.0623,0.2416106706845302,176.8650000767982,154905.21600000001,13991490.916,14827911.009393454,10621495.67,25825603.980000004,-0.6,-0.1483333,415.98807491788733,5.55,211.703158903588,1.128,4401115.36192,5716514.78713,32.87417488387254,19197112.9716,10526333.8459,11849361.5462,7347751.4254,28599122.0,6.898774220198891,85.00254694290352,36.01486952493147,0.0,0.0,1.0,1.0,PEG,DEU,-0.06833334,-0.1031000018119812,0.07352922856807709,0.04437213018536568,-0.004252000000000001,,,0.04233217239379883,0.03119705431163311,0.029930049553513527,-0.12030000239610672,0.019552119076251984,,,,0.03370395675301552,0.01720000058412552,0.017646459862589836,0.016395203769207,0.020060064271092415,0.366917,0.023549,0.609535,,0.343368,0.0,0.0,0.0,0.070104,0.09167873213019474,0.21983733333333333,0.19826958406758546,-0.011465499999999981,0.04073219999999996,0.366917,0.16686,0.023549,0.175719,0.609535,0.65742,0.343368,-0.008859,-0.15216999999999997,0.164675,0.20005699999999998,-0.16918699999999998,0.352227,-0.333862,0.06872133333333333,0.016615333333333333,0.0927568615593118,0.004824916199619008,0.0177119,0.04605969999999999,0.03613760000000003,-0.014806199999999997
1997,Canada,CAN,156,30305.84,19961.8228974183,82.59642606983039,80.5179,906.926,0.20855909997700323,115.32647854933933,-12.841153865047307,271.421987,296.927511,169.92,448.721,3.25833333333333,6.42416666666667,111.04627417220811,9.1005,119.1191920852417,0.9631791266441836,168.985,162.672,1.4291,632.1107499999999,322.971,433.751,232.986,1046.93798828125,4.085384845733643,109.85008239746094,61.31745910644531,0.0,0.0,1.0,0.0,PEG,USA,0.16,,,,,,,,,,,,,,,,,,,,0.31782,0.271316,0.410865,6.0,0.046504,,,,,,,,,,,,,,,,,,,,,,,,,,,,,,,
1998,Canada,CAN,156,30552.0,20612.3873465468,85.06037519532808,81.8845,940.548,0.21129366658906876,116.46496345234749,-13.774060626959622,298.076,317.902662,179.62,451.738,4.730833333333333,5.465,111.77165440987653,8.2785,122.70990006006308,0.951645567683418,174.011,166.534,1.5305,677.70025,333.294,449.739,254.078,1162.7120361328125,4.210977554321289,109.40007781982422,64.34537506103516,0.0,0.0,1.0,0.0,PEG,USA,-0.11,,,,,,,,,,,,,,,,,,,,0.305497,0.293585,0.400918,5.0,0.011912,0.022268999999999983,-0.012322999999999973,-0.034592,,,,,,,0.31782,,0.271316,,0.410865,,0.046504,,,,,,,,,,,,,,,
1999,Canada,CAN,156,30821.0,21563.04067519223,88.88022893126443,84.1194,1007.927,0.2071411921937297,118.4968782119764,1.2200952687268516,319.00834,354.107557,199.95,477.142,4.71975,5.690833333333334,112.29013252985528,7.5831,125.68250579700705,0.9136915092102222,184.815,175.875,1.4433,683.58725,341.492,464.042,246.367,1199.4539794921875,4.739752769470215,105.15113830566406,60.84589767456055,0.0,0.0,1.0,0.0,PEG,USA,-0.38,,,,,,,,,,,,,,,,,,,,0.353913,0.220974,0.425113,6.0,0.132939,-0.07261099999999998,0.04841599999999996,0.121027,0.2824505,0.015746560910243217,0.029207999999999998,0.02446023777480505,,,0.305497,0.31782,0.293585,0.271316,0.400918,0.410865,0.011912,0.046504,0.022268999999999983,,-0.012322999999999973,,-0.034592,,,,,,,,,
2000,Canada,CAN,156,31100.0,22487.70818622514,92.58754848596521,86.6304,1106.071,0.20154969569510378,121.7400285915097,27.745335543210178,354.727891,410.993506,225.19,510.32,5.489833333333333,5.885833333333333,113.7428495263996,6.8287,132.39358173986102,0.8212687062792537,203.952,183.625,1.5002,708.4739999999999,350.241,476.45,263.13,1298.0260009765625,4.691115856170654,101.81964111328125,59.808963775634766,0.0,0.0,1.0,0.0,PEG,USA,1.27,,,,,,,,,,,,,,,,,,,,0.381077,0.116341,0.502582,9.0,0.264736,-0.104633,0.02716400000000002,0.13179700000000003,0.26195833333333335,0.037198975447360554,0.063785,0.06233665376806811,-0.05375359999999993,0.0775723,0.353913,0.305497,0.220974,0.293585,0.425113,0.400918,0.132939,0.011912,-0.07261099999999998,0.022268999999999983,0.04841599999999996,-0.012322999999999973,0.121027,-0.034592,0.2824505,,0.015746560910243217,,,,,
2001,Canada,CAN,156,31377.0,22686.64558523288,93.28401907417266,87.7231,1144.543,0.2082596285731571,124.79300604441946,25.09591131608721,343.310663,402.171609,253.75,540.224,3.76858333333333,5.7825,115.92730545453658,7.2186,134.598813695999,0.8265914473019219,201.102,187.964,1.5926,743.24425,372.854,507.041,243.946,1392.3050537109375,4.630974292755127,103.11837005615234,61.638816833496094,0.0,0.0,1.0,0.0,PEG,USA,-2.3599999,,,,,,,,,,,,,,,,,,,,0.320497,0.247059,0.432445,12.0,0.073438,0.130718,-0.06058000000000002,-0.19129800000000002,0.21030000000000001,0.08910280349685973,0.136529,0.1264502266466929,-0.02442109999999998,0.03163750000000001,0.381077,0.353913,0.116341,0.220974,0.502582,0.425113,0.264736,0.132939,-0.104633,-0.07261099999999998,0.02716400000000002,0.04841599999999996,0.13179700000000003,0.121027,0.26195833333333335,0.2824505,0.037198975447360554,0.015746560910243217,-0.05375359999999993,,0.0775723,
2002,Canada,CAN,156,31641.0,23155.136569813305,95.21409220605099,90.0439,1193.694,0.2064446135716815,127.63283666010683,19.765396119036005,348.198051,396.019674,268.5,570.306,2.58575,5.661666666666667,124.95347148003495,7.6648,136.08641248815883,0.8055399187270418,197.095,187.879,1.5796,775.79275,405.953,554.109,232.105,1469.8740234375,4.518655300140381,103.99126434326172,60.59333419799805,0.0,0.0,0.0,0.0,FLOAT,USA,0.0,,,,,,,,,,,,,,,,,,,,0.328596,0.155191,0.516213,15.0,0.173406,-0.091868,0.008099000000000023,0.099968,0.19479133333333332,0.06918054572156347,0.15703766666666666,0.09789938969336497,-0.006663100000000015,-0.006989700000000004,0.320497,0.381077,0.247059,0.116341,0.432445,0.502582,0.073438,0.264736,0.130718,-0.104633,-0.06058000000000002,0.02716400000000002,-0.19129800000000002,0.13179700000000003,0.21030000000000001,0.26195833333333335,0.08910280349685973,0.037198975447360554,-0.02442109999999998,-0.05375359999999993,0.03163750000000001,0.0775723
2003,Canada,CAN,156,31889.0,23406.980270190852,96.18813354146515,91.8679,1254.747,0.20673455727436418,131.13252904132696,13.483534637309225,334.330694,381.654504,283.95,605.479,2.8700833333333335,5.278333333333333,137.60115826055485,7.5738,138.45102173686368,0.7656183155768953,203.136,198.741,1.2924,808.0475,431.247,599.057,222.502,1499.510009765625,4.688697814941406,100.32903289794922,57.55320358276367,0.0,0.0,0.0,0.0,FLOAT,USA,0.0,,,,,,,,,,,,,,,,,,,,0.287351,0.216691,0.495958,14.0,0.07066,0.0615,-0.041244999999999976,-0.102746,0.17286366666666667,0.067127052976675,0.1705266666666667,0.0956814983229952,0.0209182,-0.048226000000000005,0.328596,0.320497,0.155191,0.247059,0.516213,0.432445,0.173406,0.073438,-0.091868,0.130718,0.008099000000000023,-0.06058000000000002,0.099968,-0.19129800000000002,0.19479133333333332,0.21030000000000001,0.06918054572156347,0.08910280349685973,-0.006663100000000015,-0.02442109999999998,-0.006989700000000004,0.03163750000000001
2004,Canada,CAN,156,32135.0,23952.908626048553,97.89425754775625,94.0405,1335.731,0.21610854257335188,133.54606598256956,27.966305544420557,354.85914,395.8971,311.74,644.388,2.2199166666666663,5.0808333333333335,152.7145508927851,7.1853,143.64054874978015,0.7260071608622163,212.09,201.667,1.2036,875.8405,462.098,653.533,239.215,1601.93603515625,4.429810523986816,101.31180572509766,56.321529388427734,0.0,0.0,0.0,0.0,FLOAT,USA,0.0,,,,,,,,,,,,,,,,,,,,0.296123,0.117818,0.586059,19.0,0.178305,-0.09887299999999999,0.008772000000000002,0.10764499999999999,0.20631366666666665,0.046804905099074125,0.10583466666666667,0.05853497362546026,-0.03262229999999999,0.021185500000000013,0.287351,0.328596,0.216691,0.155191,0.495958,0.516213,0.07066,0.173406,0.0615,-0.091868,-0.041244999999999976,0.008099000000000023,-0.102746,0.099968,0.17286366666666667,0.19479133333333332,0.067127052976675,0.06918054572156347,0.0209182,-0.006663100000000015,-0.048226000000000005,-0.006989700000000004
2005,Canada,CAN,156,32386.0,24484.344653524106,100.0,96.8255,1421.59,0.2269256902383962,136.52501639021645,25.541092034565953,380.8583,436.3507,340.19,683.068,2.72608333333333,4.385833333333333,167.37794364729797,6.7581,150.20276075601186,0.7160815084671124,224.217,223.834,1.1645,949.87725,498.658,714.13,262.554,1590.238037109375,4.4347991943359375,101.01931762695312,56.533782958984375,0.0,0.0,0.0,0.0,FLOAT,USA,0.0,,,,,,,,,,,,,,,,,,,,0.245367,0.193949,0.560683,23.0,0.051418,0.076131,-0.05075600000000002,-0.126887,0.16323333333333334,0.04992471208062524,0.14079033333333332,0.06078402578254692,0.0017401000000000129,-0.025831900000000015,0.296123,0.287351,0.117818,0.216691,0.586059,0.495958,0.178305,0.07066,-0.09887299999999999,0.0615,0.008772000000000002,-0.041244999999999976,0.10764499999999999,-0.102746,0.20631366666666665,0.17286366666666667,0.046804905099074125,0.067127052976675,-0.03262229999999999,0.0209182,0.021185500000000013,-0.048226000000000005
2006,Canada,CAN,156,32657.0,24967.16720744424,103.11869304898997,100.0,1496.604,0.23811045723933327,139.27933300534156,20.96402314252409,397.0439,440.3651,376.251,746.542,4.03416666666667,4.299166666666666,186.5004927987792,6.3203,156.72837542887015,0.7025527352704934,235.315,223.505,1.1653,1029.36625,536.492,771.67,299.357,1727.1639404296875,4.500441074371338,102.40001678466797,59.10261917114258,0.0,0.0,0.0,0.0,FLOAT,USA,0.0,,,,,,,,,,,,,,,,,,,,0.302182,0.196291,0.501528,19.0,0.105891,0.002341999999999983,0.056815000000000004,0.054473,0.1761526666666667,0.05178319845599854,0.10012766666666667,0.06838373510077764,0.0014930999999999979,-0.002119399999999984,0.245367,0.296123,0.193949,0.117818,0.560683,0.586059,0.051418,0.178305,0.076131,-0.09887299999999999,-0.05075600000000002,0.008772000000000002,-0.126887,0.10764499999999999,0.16323333333333334,0.20631366666666665,0.04992471208062524,0.046804905099074125,0.0017401000000000129,-0.03262229999999999,-0.025831900000000015,0.021185500000000013
2007,Canada,CAN,156,32386.0,25300.08385970836,109.13648691582219,102.452,1577.661,0.23906414266404602,142.24679645768902,10.919305198826507,407.3009,450.3208,402.643,797.896,4.15166666666667,4.335,207.06475351501265,6.0361,163.78329705785745,0.6651826078770181,249.091,234.368,0.9881,1141.7925,586.254,844.511,350.722,2005.6319580078125,4.249608516693115,102.66705322265625,58.14248275756836,0.0,0.0,0.0,0.0,FLOAT,USA,0.0,,,,,,,,,,,,,,,,,,,,0.265564,0.207499,0.526937,25.0,0.058065,0.011207999999999996,-0.036617999999999984,-0.047826,0.16935266666666668,0.04464569007567616,0.11187133333333332,0.06365454408236168,0.02713850000000001,-0.030624700000000008,0.302182,0.245367,0.196291,0.193949,0.501528,0.560683,0.105891,0.051418,0.002341999999999983,0.076131,0.056815000000000004,-0.05075600000000002,0.054473,-0.126887,0.1761526666666667,0.16323333333333334,0.05178319845599854,0.04992471208062524,0.0014930999999999979,0.0017401000000000129,-0.002119399999999984,-0.025831900000000015
2008,Canada,CAN,156,33213.0,25262.071135439153,109.04885594353689,104.445,1657.041,0.24120888378565586,145.63927725611464,3.891711378718545,443.592,483.4881,451.954,908.547,2.39,4.04,223.04684156335824,6.1371,169.07086445810046,0.7111408254117143,244.023,244.447,1.2246,1242.4157500000001,620.283,917.525,386.518,2255.326904296875,4.455684661865234,98.58535766601562,63.104957580566406,0.0,0.0,0.0,0.0,FLOAT,USA,0.0,,,,,,,,,,,,,,,,,,,,0.218354,0.298698,0.482947,18.0,-0.080344,0.09119900000000003,-0.04721000000000003,-0.138409,0.19924633333333333,0.007242314639211233,0.07179133333333333,0.029717605932061974,0.032545500000000005,-0.04431119999999998,0.265564,0.302182,0.207499,0.196291,0.526937,0.501528,0.058065,0.105891,0.011207999999999996,0.002341999999999983,-0.036617999999999984,0.056815000000000004,-0.047826,0.054473,0.16935266666666668,0.1761526666666667,0.04464569007567616,0.05178319845599854,0.02713850000000001,0.0014930999999999979,-0.030624700000000008,-0.002119399999999984
2009,Canada,CAN,156,33595.16108918943,24361.021416833475,104.65372922314867,103.609,1571.334,0.22799426577729484,146.0757815574922,-42.67539127723346,373.9842,367.2108,506.972,992.156,0.35,3.89083333333333,217.6226310808068,8.344,170.83704680570247,0.8330140583458961,229.536,259.125,1.0466,1268.50225,613.882,956.081,341.214,2181.93310546875,5.525597095489502,97.08304595947266,56.994781494140625,0.0,0.0,0.0,0.0,FLOAT,USA,0.0,,,,,,,,,,,,,,,,,,,,0.295136,0.278736,0.426128,18.0,0.016399,-0.019962000000000035,0.07678200000000002,0.096743,0.23416266666666666,0.056169491294948914,0.027870666666666672,0.09671939893492577,0.03385340000000001,-0.04068850000000001,0.218354,0.265564,0.298698,0.207499,0.482947,0.526937,-0.080344,0.058065,0.09119900000000003,0.011207999999999996,-0.04721000000000003,-0.036617999999999984,-0.138409,-0.047826,0.19924633333333333,0.16935266666666668,0.007242314639211233,0.04464569007567616,0.032545500000000005,0.02713850000000001,-0.04431119999999998,-0.030624700000000008
2010,Canada,CAN,156,33972.320069881614,24941.23562562982,106.6940878262535,107.4850637390628,1666.048,0.23926785196696948,148.66034649985934,-58.2150168438426,413.67,403.9667,550.28,1046.533,0.5975,3.6575,234.28069720633232,8.0555,173.62572694119999,0.8395317516594774,233.171,279.771,1.0009,1357.42,672.994,1047.18,339.554,2286.674072265625,5.560049533843994,97.25648498535156,57.79903030395508,0.0,0.0,0.0,0.0,FLOAT,USA,0.0,,,,,,,,,,,,,,,,,,,,0.295318,0.276357,0.428325,13.0,0.018961,-0.0023789999999999645,0.00018200000000001548,0.0025619999999999983,0.2616443333333333,0.04794171672284323,-0.0019599999999999978,0.07100741145119985,0.018661200000000024,-0.0020569000000000156,0.295136,0.218354,0.278736,0.298698,0.426128,0.482947,0.016399,-0.080344,-0.019962000000000035,0.09119900000000003,0.07678200000000002,-0.04721000000000003,0.096743,-0.138409,0.23416266666666666,0.19924633333333333,0.056169491294948914,0.007242314639211233,0.03385340000000001,0.032545500000000005,-0.04068850000000001,-0.04431119999999998
2011,Canada,CAN,156,34312.4634476942,25470.997020197392,108.97980486621168,108.86268915700984,1774.063,0.23974073276739843,152.95774411020514,-50.79167555140203,456.0449,456.6125,596.155,1113.83,0.921666666666667,3.21416666666667,249.78466038460317,7.5111,179.0196810455487,0.8177793009605633,249.029,275.572,1.021,1487.8113503423904,754.1424,1179.1994,377.019,2446.529052734375,4.9189348220825195,120.79976654052734,62.23024368286133,0.0,0.0,0.0,0.0,FLOAT,USA,0.0,,,,,,,,,,,,,,,,,,,,0.307815,0.2367,0.455485,22.0,0.071115,-0.039657000000000026,0.01249699999999998,0.052154,0.284597,0.012269619431751637,-0.014994666666666663,0.0566086785425461,-0.018837299999999984,0.0456939,0.295318,0.295136,0.276357,0.278736,0.428325,0.426128,0.018961,0.016399,-0.0023789999999999645,-0.019962000000000035,0.00018200000000001548,0.07678200000000002,0.0025619999999999983,0.096743,0.2616443333333333,0.23416266666666666,0.04794171672284323,0.056169491294948914,0.018661200000000024,0.03385340000000001,-0.0020569000000000156,-0.04068850000000001
2012,Canada,CAN,156,34679.6182113919,25645.574336158857,109.70261124904341,109.72873121111722,1827.201,0.24167583626760564,155.2972540061849,-64.27243689260132,474.8003,461.5112,645.79,1175.022,0.9725,2.33166666666667,259.2317230348579,7.2918,184.12263274081053,0.8540521814513018,255.67,275.829,0.9952,1590.9324896293133,856.6814671257857,1293.6384671257856,427.699,2555.39306640625,5.2693891525268555,122.5848388671875,62.63121032714844,0.0,0.0,0.0,0.0,FLOAT,USA,0.0,,,,,,,,,,,,,,,,,,,,0.276815,0.244625,0.47856,22.0,0.03219,0.007925000000000015,-0.031000000000000028,-0.038924999999999994,0.26393099999999997,0.02361271756914085,0.03549166666666667,0.03087729536946725,-0.014198999999999991,0.009952700000000004,0.307815,0.295318,0.2367,0.276357,0.455485,0.428325,0.071115,0.018961,-0.039657000000000026,-0.0023789999999999645,0.01249699999999998,0.00018200000000001548,0.052154,0.0025619999999999983,0.284597,0.2616443333333333,0.012269619431751637,0.04794171672284323,-0.018837299999999984,0.018661200000000024,0.0456939,-0.0020569000000000156
2013,Canada,CAN,156,35048.773818488495,25966.337119654458,111.07785834589582,111.42851003060683,1902.247,0.23740077042586247,156.7331234186111,-61.82916868517761,487.3701,479.2247,705.3,1256.092,0.969166666666666,2.71833333333333,265.90138582645125,7.0736,188.88623483849162,0.8612908838862671,265.095,276.764,1.064,1678.8342132399878,870.9131955185967,1321.7301955185967,461.635,2613.2099609375,5.441660404205322,120.93208312988281,61.29339599609375,0.0,0.0,0.0,0.0,FLOAT,USA,0.0,,,,,,,,,,,,,,,,,,,,0.333926,0.210465,0.455608,22.0,0.123461,-0.034159999999999996,0.05711100000000002,0.09127099999999999,0.25256066666666666,0.02098572172533849,0.04075533333333334,0.027111503653123415,-0.018975099999999974,0.027457499999999996,0.276815,0.307815,0.244625,0.2367,0.47856,0.455485,0.03219,0.071115,0.007925000000000015,-0.039657000000000026,-0.031000000000000028,0.01249699999999998,-0.038924999999999994,0.052154,0.26393099999999997,0.284597,0.02361271756914085,0.012269619431751637,-0.014198999999999991,-0.018837299999999984,0.009952700000000004,0.0456939
2014,Canada,CAN,156,35406.924786891155,26441.103335942946,113.12283072232152,113.15796819788038,1994.898,0.23659189466813074,159.74270570705642,-48.56955975217181,524.6607,529.3336,753.656,1315.913,0.910833333333333,2.59833333333333,280.06705343984714,6.9141,194.88694332601776,0.8557941308277416,278.597,270.957,1.1599,1776.1965043222615,891.5427164089059,1352.7447164089058,518.101,2851.499267578125,5.378974437713623,122.19088745117188,63.46890640258789,0.0,0.0,0.0,0.0,FLOAT,USA,0.0,,,,,,,,,,,,,,,,,,,,0.292523,0.2029,0.504577,17.0,0.089622,-0.007565000000000016,-0.04140300000000002,-0.03383900000000001,0.23059666666666667,0.017879161287189572,0.07558866666666667,0.04579966299366544,-0.013556000000000002,0.014679200000000003,0.333926,0.276815,0.210465,0.244625,0.455608,0.47856,0.123461,0.03219,-0.034159999999999996,0.007925000000000015,0.05711100000000002,-0.031000000000000028,0.09127099999999999,-0.038924999999999994,0.25256066666666666,0.26393099999999997,0.02098572172533849,0.02361271756914085,-0.018975099999999974,-0.014198999999999991,0.027457499999999996,0.009952700000000004
2015,Canada,CAN,156,35693.045392933505,26402.305924722383,113.02182810850596,114.92348445951302,1990.441,0.23478961549114896,161.52956542029793,-75.69859974871379,548.7067,524.0461,815.904,1395.35,0.503333333333333,2.02333333333334,295.11807527908024,6.9065,198.4344404216822,0.911923036151285,290.921,282.998,1.384,1906.6763456596775,979.547838782566,1444.062838782566,592.729,3120.621337890625,5.522345066070557,121.47589874267578,65.48077392578125,0.0,0.0,0.0,0.0,FLOAT,USA,0.0,,,,,,,,,,,,,,,,,,,,0.29087,0.242822,0.466308,17.0,0.048048,0.03992200000000001,-0.00165299999999996,-0.04157399999999999,0.21933,0.022230273839968825,0.08175766666666666,0.046140921797611804,-0.001297400000000021,0.001373500000000003,0.292523,0.333926,0.2029,0.210465,0.504577,0.455608,0.089622,0.123461,-0.007565000000000016,-0.034159999999999996,-0.04140300000000002,0.05711100000000002,-0.03383900000000001,0.09127099999999999,0.23059666666666667,0.25256066666666666,0.017879161287189572,0.02098572172533849,-0.013556000000000002,-0.018975099999999974,0.014679200000000003,0.027457499999999996
2016,Canada,CAN,156,36067.203108527356,26389.803801027017,112.86829627720047,116.02036606418667,2025.535,0.23208922,163.84865406241207,-63.45946652873121,547.341,522.3009000000001,895.146,1515.7,0.5,1.80416666666667,324.3347647317092,6.9989,196.5003819650646,0.9173260397870192,296.241,298.754,1.3427,1998.8838913165337,1059.1155307381998,1527.8745307381998,623.88,3203.765869140625,5.717219829559326,117.0716323852539,63.93707275390625,0.0,0.0,0.0,0.0,FLOAT,USA,0.0,,,,,,,,,,,,,,,,,,,,0.240833,0.282778,0.476389,24.0,-0.041946,0.039955999999999964,-0.050037000000000026,-0.08999399999999999,0.21872900000000003,0.021205230321786225,0.08704366666666667,0.03777255610007522,0.02568609999999998,-0.0537795,0.29087,0.292523,0.242822,0.2029,0.466308,0.504577,0.048048,0.089622,0.03992200000000001,-0.007565000000000016,-0.00165299999999996,-0.04140300000000002,-0.04157399999999999,-0.03383900000000001,0.21933,0.23059666666666667,0.022230273839968825,0.017879161287189572,-0.001297400000000021,-0.013556000000000002,0.001373500000000003,0.014679200000000003
2017,Canada,CAN,156,36510.38992138317,26862.50104274103,114.91247043102128,118.8552760560259,2140.641,0.2299245242,166.47533784087707,-58.00301964263396,575.0243,550.5246999999999,961.536,1604.356,0.7100000000000001,2.180833333,363.8805868191059,6.3397,201.40249769044667,0.8884123961000466,315.573,318.404,1.2545,2118.6385237063537,1076.0491460934672,1557.1481460934672,670.388,3396.023193359375,5.826380729675293,119.2472915649414,64.17798614501953,0.0,0.0,0.0,0.0,FLOAT,USA,0.0,,,,,,,,,,,,,,,,,,,,0.284654,0.186566,0.528781,24.0,0.098088,-0.09621199999999996,0.04382100000000003,0.140034,0.24283333333333332,0.0399390012060059,0.031908,0.06725257880557436,-0.0009045999999999978,-0.006459600000000002,0.240833,0.29087,0.282778,0.242822,0.476389,0.466308,-0.041946,0.048048,0.039955999999999964,0.03992200000000001,-0.050037000000000026,-0.00165299999999996,-0.08999399999999999,-0.04157399999999999,0.21872900000000003,0.21933,0.021205230321786225,0.022230273839968825,0.02568609999999998,-0.001297400000000021,-0.0537795,0.001373500000000003
2018,Canada,CAN,156,37018.604144703146,27137.2663834969,116.05338104415189,120.15766349732249,2231.168,0.22560156832654465,170.25094872324865,-56.13317438958968,607.3434,587.5121,1004.057,1688.026,1.4016666666666666,2.325,378.59425868552705,5.8308,208.3562885541131,0.8883185847054099,340.531,333.778,1.3641,2255.5910083744056,1121.4577111343228,1611.8427111343228,762.885,3648.478271484375,5.637668030545271,119.82662657965552,66.00086248066299,0.0,0.0,0.0,0.0,FLOAT,USA,0.0,,,,,,,,,,,,,,,,,,,,0.24678,0.157688,0.595532,26.0,0.089093,-0.028878000000000015,-0.03787400000000002,-0.008994999999999989,0.2373886666666667,0.048335577676628,0.03473,0.07096060267500545,-0.035161399999999954,0.026316899999999994,0.284654,0.240833,0.186566,0.282778,0.528781,0.476389,0.098088,-0.041946,-0.09621199999999996,0.039955999999999964,0.04382100000000003,-0.050037000000000026,0.140034,-0.08999399999999999,0.24283333333333332,0.21872900000000003,0.0399390012060059,0.021205230321786225,-0.0009045999999999978,0.02568609999999998,-0.006459600000000002,-0.0537795
2019,Canada,CAN,156,37549.828067110444,27251.07653688964,116.55265562118551,120.43116171415164,2310.712,0.2228365109974761,173.56960602350765,-46.27327167377434,613.5274000000001,598.1667,1078.238,1818.013,1.655833333333333,1.725833333,383.02549056678396,5.6626,213.13871408168126,0.8682055574212624,344.181,353.056,1.3059,2373.7566914804306,1176.7081858788674,1672.1241858788674,813.393,3881.32470703125,5.704767960103065,119.61533129823383,66.02886727763769,0.0,0.0,0.0,0.0,FLOAT,USA,0.0,,,,,,,,,,,,,,,,,,,,0.226816,0.400296,0.372888,15.0,-0.173481,0.242608,-0.01996400000000001,-0.262574,0.20901066666666668,0.06549579621115642,0.048411666666666665,0.07838117408111035,0.032367599999999976,-0.04035999999999997,0.24678,0.284654,0.157688,0.186566,0.595532,0.528781,0.089093,0.098088,-0.028878000000000015,-0.09621199999999996,-0.03787400000000002,0.04382100000000003,-0.008994999999999989,0.140034,0.2373886666666667,0.24283333333333332,0.048335577676628,0.0399390012060059,-0.035161399999999954,-0.0009045999999999978,0.026316899999999994,-0.006459600000000002
2020,Canada,CAN,156,37989.01319316845,25505.010962201755,109.16432855215012,112.06235200356213,2204.905,0.2297509416505473,174.81410251110478,-37.55973837315849,561.1588,524.1049,1390.49,2141.864,0.4191666666666667,1.075833333,405.50443619317105,9.46,220.05116546284773,1.17459527734755,336.656,575.15,1.2856,2480.07639600897,1365.6796072002887,1834.7146072002888,831.638,4176.11865234375,5.431318683641572,107.25259187858418,64.56690343747583,0.0,0.0,0.0,0.0,FLOAT,USA,0.0,,,,,,,,,,,,,,,,,,,,0.235684,0.270694,0.493623,21.0,-0.03501,-0.129602,0.008868000000000015,0.138471,0.24818333333333334,0.13252238392563478,0.004566666666666663,0.15425937965107123,0.04949919999999999,-0.06618679999999999,0.226816,0.24678,0.400296,0.157688,0.372888,0.595532,-0.173481,0.089093,0.242608,-0.028878000000000015,-0.01996400000000001,-0.03787400000000002,-0.262574,-0.008994999999999989,0.20901066666666668,0.2373886666666667,0.06549579621115642,0.048335577676628,0.032367599999999976,-0.035161399999999954,-0.04035999999999997,0.026316899999999994
1997,Switzerland,CHE,146,7193.761,21071.98968160869,90.31421856882218,90.07,428309.62,0.254831105010734,118.38488195809707,36843.35022264331,103088.0,105133.0,184761.0,470952.7,1.0,3.08,81.14650944619446,4.2042,122.1771802824874,0.53592,39802.43,43734.18,1.4553,608902.0,478961.0,422629.0,186273.0,312360.4375,4.6780595779418945,103.99427032470703,64.83604431152344,0.0,0.0,0.0,0.0,FLOAT,DEU,0.0,0.5518854260444641,0.008283421397209167,0.08880503475666046,0.009999999776482582,,,-0.04540642350912094,0.05368984490633011,0.056243669241666794,0.5329356789588928,0.01236175000667572,,,,0.030799999833106995,0.01894976757466793,0.2543172836303711,0.28431209921836853,0.04940251633524895,0.131788,0.137297,0.730915,1.0,-0.005509,,,,,,,,,,,,,,,,,,,,,,,,,,,,,,,
1998,Switzerland,CHE,146,7207.995,21603.490531624364,92.51857381561234,91.85,440568.64,0.2655404236742209,118.40679839963218,34679.924105400794,106866.0,109113.0,194534.0,472944.2,0.875,3.04416666666667,80.06345768089635,3.5974,122.63640558096924,0.55839,45263.38,47336.95,1.3765,615922.0,496419.0,426224.0,189698.0,318103.78125,4.144093036651611,107.09935760498047,70.26447296142578,0.0,0.0,0.0,0.0,FLOAT,DEU,0.0,0.15365493297576904,0.04281175136566162,0.11432509124279022,0.008750000037252903,,,-0.013431916013360023,0.056243669241666794,0.057009413838386536,0.1398857831954956,0.01207941584289074,,,,0.02710000053048134,0.01376915443688631,0.0964963361620903,0.10154280066490173,0.061537545174360275,0.062754,0.03379,0.903456,1.0,0.028964,-0.103507,-0.06903399999999998,0.034473000000000004,,,,,,,0.131788,,0.137297,,0.730915,,-0.005509,,,,,,,,,,,,,,,
1999,Switzerland,CHE,146,7232.809,21828.104743186803,93.41308292448247,93.65,448437.47,0.2690167199796259,119.36338661251831,45241.91899278894,113416.0,114446.0,206942.0,477466.6,1.09375,3.04,80.16184759478612,3.1454,125.11693132289557,0.52576,44371.27,52927.82,1.5996,635207.0,507665.0,429097.0,206110.0,345625.0,4.188290596008301,111.11099243164062,72.96273040771484,0.0,0.0,0.0,0.0,FLOAT,DEU,0.0,0.11690592765808105,0.05864667892456055,-0.05112598463892937,0.010937499813735485,,,0.0012490631779655814,0.057397615164518356,0.05732601135969162,0.10206537693738937,0.013466130010783672,,,,0.03620000183582306,0.014840555377304554,0.07842838764190674,0.09098593145608902,-0.020094241946935654,0.141593,0.04307,0.815337,3.0,0.098523,0.009279999999999997,0.07883899999999999,0.069559,0.0855435,0.07319050160027597,0.0117275,0.024376092067843854,,,0.062754,0.131788,0.03379,0.137297,0.903456,0.730915,0.028964,-0.005509,-0.103507,,-0.06903399999999998,,0.034473000000000004,,,,,,,,,
2000,Switzerland,CHE,146,7266.92,22521.381194342735,96.31870303189758,95.47,472595.74,0.2709352027411949,121.22757334544735,48605.45258001442,139402.17,136014.91,202840.0,472051.1,3.5,3.92583333333333,81.36083166172175,2.6661,128.24427102755246,0.52109,52529.52,55730.47,1.6365,644457.0,512262.0,449330.0,195127.0,350151.0,5.571674346923828,112.46084594726562,70.93026733398438,0.0,0.0,0.0,0.0,FLOAT,DEU,0.0,0.11910942941904068,0.07316728681325912,0.0467250794172287,0.03500000014901161,,,0.014970059506595135,0.058197226375341415,0.057338859885931015,0.10154874622821808,0.015941813588142395,,,,0.03550000116229057,0.01756068505346775,0.09328470379114151,0.09946659207344055,0.040862537920475006,0.146488,0.106382,0.74713,2.0,0.040105,0.06331200000000001,0.0048950000000000105,-0.058418,0.07138566666666667,0.05726916706512618,0.04065933333333333,0.05299292285138962,-0.008346500000000008,0.0206401,0.141593,0.062754,0.04307,0.03379,0.815337,0.903456,0.098523,0.028964,0.009279999999999997,-0.103507,0.07883899999999999,-0.06903399999999998,0.069559,0.034473000000000004,0.0855435,,0.07319050160027597,,,,,
2001,Switzerland,CHE,146,7311.237,22692.35686926238,96.84094331103549,97.04,484723.49,0.2635939489809033,122.42782082010638,32942.06727037861,141889.28,138491.67,220247.0,498211.9,1.65,3.38333333333333,84.87007192378977,2.4898,135.96855646478423,0.5094299999999999,48889.62,51909.58,1.6773,660809.0,526963.0,468407.0,192402.0,351496.0,5.465127944946289,110.76954650878906,71.22478485107422,0.0,0.0,0.0,0.0,FLOAT,DEU,0.0,-0.2202742099761963,0.10208272933959961,0.038154486566782,0.016499999910593033,,,0.04314159229397774,0.05894114077091217,0.05650348961353302,-0.22930490970611572,0.011717588640749454,,,,0.035599999129772186,0.009030687622725964,-0.05519324541091919,-0.066214419901371,0.027327243238687515,0.216306,0.285452,0.498241,3.0,-0.069147,0.17906999999999998,0.06981799999999999,-0.109252,0.06108066666666667,0.039505540134686594,0.055864000000000004,0.03736138622963553,0.0818298,-0.03527509999999998,0.146488,0.141593,0.106382,0.04307,0.74713,0.815337,0.040105,0.098523,0.06331200000000001,0.009279999999999997,0.0048950000000000105,0.07883899999999999,-0.058418,0.069559,0.07138566666666667,0.0855435,0.05726916706512618,0.07319050160027597,-0.008346500000000008,,0.0206401,
2002,Switzerland,CHE,146,7361.757,22621.667640612588,96.600948072082,96.45,483439.96,0.2645380967200294,123.21294510804123,30514.478612906427,135893.93,142922.61,240382.0,519280.2,0.44,3.2,91.44312834163418,2.9237,138.01218253836754,0.57508,48529.75,59216.23,1.3868,665687.0,545733.0,486874.0,178813.0,346250.0,5.317655086517334,108.23404693603516,70.72901153564453,0.0,0.0,0.0,0.0,FLOAT,DEU,0.0,-0.25951531529426575,0.13451944291591644,0.13740773499011993,0.004399999976158142,,,0.07741251587867737,0.057106927037239075,0.05300377309322357,-0.2721998989582062,0.017428698018193245,,,,0.024000000208616257,0.01268460787832737,-0.02292713336646557,-0.038942426443099976,0.07090386748313904,0.18353,0.231629,0.584841,11.0,-0.048099,-0.05382299999999998,-0.032776,0.021047999999999997,0.144968,0.125713635012277,0.023160333333333335,0.08510962649038786,0.0744747,-0.0549118,0.216306,0.146488,0.285452,0.106382,0.498241,0.74713,-0.069147,0.040105,0.17906999999999998,0.06331200000000001,0.06981799999999999,0.0048950000000000105,-0.109252,-0.058418,0.06108066666666667,0.07138566666666667,0.039505540134686594,0.05726916706512618,0.0818298,-0.008346500000000008,-0.03527509999999998,0.0206401
2003,Switzerland,CHE,146,7408.319,22516.4820417724,95.79891794702006,96.73,488937.34,0.2580872759028632,123.99678019353284,49642.89034734779,134986.73,141157.51,290522.0,557415.3,0.09,2.66083333333333,97.20542136052659,4.1158,138.90631815388917,0.56681,49356.62,52118.1,1.2369,675572.0,578713.0,507258.0,168314.0,356280.0,5.3925580978393555,105.27962493896484,69.21998596191406,0.0,0.0,0.0,0.0,FLOAT,DEU,0.0,0.22063781321048737,0.11625801026821136,-0.0025380710139870644,0.0008999999845400453,,,0.06310148537158966,0.053156521171331406,0.050001360476017,0.1968478411436081,0.01987718790769577,,,,0.027799999341368675,0.023789970204234123,0.1434319168329239,0.1661926656961441,-0.0008190355147235096,0.196183,0.143477,0.66034,6.0,0.052706,-0.08815200000000001,0.012652999999999998,0.100805,0.207821,0.09187835366940354,-0.025713666666666666,0.05796401674602384,0.00574620000000001,0.005885099999999984,0.18353,0.216306,0.231629,0.285452,0.584841,0.498241,-0.048099,-0.069147,-0.05382299999999998,0.17906999999999998,-0.032776,0.06981799999999999,0.021047999999999997,-0.109252,0.144968,0.06108066666666667,0.125713635012277,0.039505540134686594,0.0744747,0.0818298,-0.0549118,-0.03527509999999998
2004,Switzerland,CHE,146,7450.867,22959.647174249545,97.67499326124342,97.68,504278.2,0.2644480140587414,124.98946607482978,58735.072270598095,143996.16,152756.51,276297.0,567029.0000000001,0.55,2.74,99.65220309508737,4.3157,138.5950853923828,0.57574,51128.23,53322.44,1.1316,695383.0,601118.0,534636.0,160747.0,350169.0,4.944190979003906,106.35272216796875,72.02745819091797,0.0,0.0,0.0,0.0,FLOAT,DEU,0.0,0.06890685111284256,0.0757242813706398,0.060954637825489044,0.005499999970197678,,,0.02510029822587967,0.05062398314476013,0.04938441887497902,0.05122796446084976,0.01681736670434475,,,,0.023800000548362732,0.017678886651992798,0.06684945523738861,0.07246226072311401,0.03322731703519821,0.311404,0.149134,0.539462,27.0,0.16227,0.005656999999999995,0.11522100000000002,0.109564,0.220186,0.07167588048290723,-0.021513333333333332,0.06513168703736555,-0.0497106,0.07950559999999998,0.196183,0.18353,0.143477,0.231629,0.66034,0.584841,0.052706,-0.048099,-0.08815200000000001,-0.05382299999999998,0.012652999999999998,-0.032776,0.100805,0.021047999999999997,0.207821,0.144968,0.09187835366940354,0.125713635012277,0.00574620000000001,0.0744747,0.005885099999999984,-0.0549118
2005,Switzerland,CHE,146,7489.37,23480.64036641517,100.0,98.95,523662.57,0.26423740274465274,126.4552892527968,64416.63764374849,157544.48,162991.13,290301.0,594872.0000000001,0.63,2.09583333333333,101.85949310126534,4.4367,142.1764278041214,0.5464,54130.72,53922.03,1.3143,718310.0,646199.0,557980.0,160330.0,361436.0,4.759636402130127,105.39884948730469,74.55120086669922,0.0,0.0,0.0,0.0,FLOAT,DEU,0.0,0.35608187317848206,0.07221613824367523,0.06502807885408401,0.006300000008195639,,,0.022177621722221375,0.05003851652145386,0.0489528588950634,0.329081267118454,0.020315231755375862,,,,0.019600000232458115,0.02700059488415718,0.19932125508785248,0.22323693335056305,0.035664040595293045,0.302646,0.212204,0.48515,26.0,0.090442,0.06307000000000001,-0.008757999999999988,-0.071828,0.1747466666666667,0.04934268229771596,0.055625666666666664,0.10521488668593114,-0.005261800000000011,0.0525187,0.311404,0.196183,0.149134,0.143477,0.539462,0.66034,0.16227,0.052706,0.005656999999999995,-0.08815200000000001,0.11522100000000002,0.012652999999999998,0.109564,0.100805,0.220186,0.207821,0.07167588048290723,0.09187835366940354,-0.0497106,0.00574620000000001,0.07950559999999998,0.005885099999999984
2006,Switzerland,CHE,146,7523.934,24262.435535186778,103.36429654397901,100.0,556438.83,0.2629071917358285,127.79992740109903,69001.46769652651,177148.14,185216.07,278368.0,610606.0000000001,1.94,2.5175,103.2842400713899,3.9999,144.6655479915,0.4825,58013.06,54824.67,1.2203,753474.0,666605.0,586937.0,166537.0,383944.0,4.384696960449219,107.41450500488281,76.72476959228516,0.0,0.0,0.0,0.0,FLOAT,DEU,0.0,0.20666758716106415,0.06389912962913513,-0.02138919197022915,0.01940000057220459,,,0.013940703123807907,0.049958426505327225,0.04927154630422592,0.18462201952934265,0.0186097864061594,,,,0.024900000542402267,0.02204556204378605,0.1282389909029007,0.14399094879627228,-0.0009945956990122795,0.346109,0.065203,0.588688,25.0,0.280906,-0.147001,0.043462999999999974,0.190464,0.16827166666666668,0.03815151171753659,0.101806,0.055658987558165264,-0.017175199999999988,0.0612772,0.302646,0.311404,0.212204,0.149134,0.48515,0.539462,0.090442,0.16227,0.06307000000000001,0.005656999999999995,-0.008757999999999988,0.11522100000000002,-0.071828,0.109564,0.1747466666666667,0.220186,0.04934268229771596,0.07167588048290723,-0.005261800000000011,-0.0497106,0.0525187,0.07950559999999998
2007,Switzerland,CHE,146,7554.661,25025.24076171636,106.5380585030628,100.31,592442.27,0.264665057913341,128.73846677977974,47684.95090184663,193216.29,206251.62,271171.0,624218.0000000001,2.0,2.9275,105.85992022027138,3.6519,148.73836446305657,0.44494999999999996,60480.9,64027.71,1.1255,786246.0,681341.0,591358.0,194888.0,446243.0,4.036149501800537,109.534912109375,77.96089172363281,0.0,0.0,0.0,0.0,FLOAT,DEU,0.0,-0.0005397464265115559,0.07537088543176651,-0.01394559070467949,0.019999999552965164,,,0.024980634450912476,0.050390250980854034,0.04916214942932129,-0.020300408825278282,0.020170124247670174,,,,0.031099999323487282,0.01976066268980503,0.031509120017290115,0.03473569452762604,0.0030272044241428375,0.277667,0.197923,0.524409,25.0,0.079744,0.13272,-0.068442,-0.201162,0.14218033333333333,0.07374678711871677,0.17787266666666665,0.09618584214599013,-6.339999999998606e-05,-0.005711399999999994,0.346109,0.302646,0.065203,0.212204,0.588688,0.48515,0.280906,0.090442,-0.147001,0.06307000000000001,0.043462999999999974,-0.008757999999999988,0.190464,-0.071828,0.16827166666666668,0.1747466666666667,0.03815151171753659,0.04934268229771596,-0.017175199999999988,-0.005261800000000011,0.0612772,0.0525187
2008,Switzerland,CHE,146,7581.52,25293.204039277472,108.09153373128267,101.87,617696.48,0.26052001629970767,131.86478270464346,9847.68713537907,197520.48,215984.07,328752.0,637700.0000000001,0.01,2.89666666666667,110.19670355652842,3.3497,152.3313121035643,0.44572000000000006,67734.2,62015.47,1.0637,828694.0,700738.0,628658.2407284904,200035.75927150963,469806.0,4.5672430992126465,113.94303131103516,74.7251205444336,1.0,1.0,0.0,0.0,FLOAT,DEU,0.0,-0.3404650092124939,0.09134604036808014,0.10948916524648666,9.999999747378752e-05,,,0.040997542440891266,0.050348494201898575,0.048365622758865356,-0.3591339886188507,0.029130863025784492,,,,0.0215000007301569,0.01866897940635681,-0.06930125504732132,-0.08536092191934586,0.05479458346962929,0.347593,0.244017,0.40839,27.0,0.103576,0.046094000000000024,0.06992599999999999,0.023832000000000006,0.15844333333333332,0.081063595777225,0.15036399999999997,0.11317915940666813,0.02281589999999999,-0.01617599999999997,0.277667,0.346109,0.197923,0.065203,0.524409,0.588688,0.079744,0.280906,0.13272,-0.147001,-0.068442,0.043462999999999974,-0.201162,0.190464,0.14218033333333333,0.16827166666666668,0.07374678711871677,0.03815151171753659,-6.339999999998606e-05,-0.017175199999999988,-0.005711399999999994,0.0612772
2009,Switzerland,CHE,146,7690.3552008428815,24538.194701964352,104.52935434864807,102.93,607377.28,0.24541616524033774,131.2330735074545,36289.95553939985,168998.16,187447.55,396652.0,678440.0000000001,0.05,2.20333333333333,117.27162480646173,4.1161,154.59809923595807,0.42765000000000003,64601.69,62415.7,1.0305,835867.8489171987,733808.363,618658.0919974977,217209.75691970094,520651.0,5.150627613067627,113.9256820678711,70.62964630126953,0.0,0.0,0.0,0.0,FLOAT,DEU,0.0,0.23181472718715668,0.11375248432159424,0.04250982776284218,0.0005000000237487257,,,0.06415607780218124,0.04959641024470329,0.04660633206367493,0.19420038163661957,0.031497519463300705,,,,0.019700000062584877,0.03761434927582741,0.15156681835651398,0.16637860238552094,0.02150491438806057,0.337336,0.202697,0.459967,22.0,0.134638,-0.04132000000000002,-0.01025699999999996,0.031062000000000006,0.16904766666666668,0.09283830193047121,0.15474199999999996,0.10990908619399943,0.0458576,-0.04149720000000001,0.347593,0.277667,0.244017,0.197923,0.40839,0.524409,0.103576,0.079744,0.046094000000000024,0.13272,0.06992599999999999,-0.068442,0.023832000000000006,-0.201162,0.15844333333333332,0.14218033333333333,0.081063595777225,0.07374678711871677,0.02281589999999999,-6.339999999998606e-05,-0.01617599999999997,-0.005711399999999994
2010,Switzerland,CHE,146,7774.228199657579,25033.238641853633,106.8269999863005,103.77291048124901,629325.24,0.24449661684560803,132.13551521772445,76810.68725898478,183436.23,203483.8,432179.0,726050.0000000001,0.04,1.63166666666667,123.40993509316534,4.8029,154.2768980761247,0.41144,67095.97,63738.55,0.9396,837389.4652293124,767087.971,632440.1229771441,204949.34225216837,541945.0,5.337452411651611,115.25738525390625,71.31761932373047,0.0,0.0,0.0,0.0,FLOAT,DEU,0.0,0.02918740175664425,0.09947818517684937,0.05230806767940521,0.00039999998989515007,,,0.052357807755470276,0.04712037742137909,0.04477600380778313,0.001141275279223919,0.028014155104756355,,,,0.016699999570846558,0.028046127408742905,0.06394629925489426,0.06813753396272659,0.02635403349995613,0.240147,0.158046,0.601807,16.0,0.082102,-0.044650999999999996,-0.09718900000000003,-0.05253600000000001,0.21487899999999996,0.025346894326524635,0.10598599999999998,0.02752623991757683,-0.01609509999999998,0.00381360000000001,0.337336,0.347593,0.202697,0.244017,0.459967,0.40839,0.134638,0.103576,-0.04132000000000002,0.046094000000000024,-0.01025699999999996,0.06992599999999999,0.031062000000000006,0.023832000000000006,0.16904766666666668,0.15844333333333332,0.09283830193047121,0.081063595777225,0.0458576,0.02281589999999999,-0.04149720000000001,-0.01617599999999997
2011,Switzerland,CHE,146,7858.101198472277,25220.957647835698,107.67466241283864,104.06304126204749,641200.31,0.2463232172834593,132.43718858944325,46109.72819144031,184539.79,208202.78,483411.0,778579.0,0.07,1.47166666666667,129.36290623975103,4.4022,154.3461824938308,0.41545000000000004,67671.0,67502.77,0.9409,863380.8674329534,809368.075,659388.124472192,203992.74296076142,588098.0,5.607224941253662,113.57075500488281,70.28912353515625,0.0,0.0,0.0,0.0,FLOAT,DEU,0.0,-0.07721107453107834,0.09359367191791534,0.11861874908208847,0.000699999975040555,,,0.04821327328681946,0.045380398631095886,0.043293096125125885,-0.10536272823810577,0.03146711364388466,,,,0.007400000002235174,0.028151651844382286,0.02955327183008194,0.02610843814909458,0.05965937301516533,0.215148,0.311302,0.47355,14.0,-0.096154,0.15325600000000003,-0.024998999999999993,-0.178256,0.20158666666666666,0.04299625379417769,0.10677199999999999,0.02641341772660252,0.015720399999999992,-0.06517259999999998,0.240147,0.337336,0.158046,0.202697,0.601807,0.459967,0.082102,0.134638,-0.044650999999999996,-0.04132000000000002,-0.09718900000000003,-0.01025699999999996,-0.05253600000000001,0.031062000000000006,0.21487899999999996,0.16904766666666668,0.025346894326524635,0.09283830193047121,-0.01609509999999998,0.0458576,0.00381360000000001,-0.04149720000000001
2012,Switzerland,CHE,146,7942.972685368102,25285.386005433727,107.83416704066367,105.21478579910303,648980.52,0.252490322440634,131.5192764498544,59927.391465756125,277543.67,292958.2,538549.0,855170.0,-0.2,0.646666666666667,136.00613220858662,4.4846,155.30324937539493,0.42211,67109.27,66677.56,0.9166,917673.0897246049,847858.792,695937.8685204617,221735.22120414313,622615.8125,5.653100490570068,114.62178039550781,68.01750946044922,0.0,0.0,1.0,1.0,PEG,DEU,0.0,0.17722399532794952,0.0949576199054718,0.041854072362184525,-0.00019999999494757503,,,0.05140692740678787,0.04355069622397423,0.041421350091695786,0.13826759159564972,0.03422430157661438,,,,0.00559999980032444,0.0389564149081707,0.1177491843700409,0.1282346397638321,0.0208270363509655,0.187992,0.218446,0.593562,15.0,-0.030455,-0.09285600000000002,-0.027156000000000013,0.06569900000000001,0.224015,0.07882063960029763,0.040195333333333326,0.12096843947630861,0.02005030000000002,-0.0673535,0.215148,0.240147,0.311302,0.158046,0.47355,0.601807,-0.096154,0.082102,0.15325600000000003,-0.044650999999999996,-0.024998999999999993,-0.09718900000000003,-0.178256,-0.05253600000000001,0.20158666666666666,0.21487899999999996,0.04299625379417769,0.025346894326524635,0.015720399999999992,-0.01609509999999998,-0.06517259999999998,0.00381360000000001
2013,Switzerland,CHE,146,8026.845684182801,25485.441732448504,108.54322722370534,106.36548411607974,660648.77,0.2511656218329829,131.23565191234098,64298.84161011691,298394.3,332137.25,554429.0,920683.0,0.01,0.949166666666667,142.3555266584229,4.7467,156.840560819227,0.41566000000000003,69180.36,68248.47,0.8915,944512.1044301611,883972.711,720775.4236913007,223736.68073886036,613540.1875,6.010419845581055,108.39119720458984,66.16887664794922,0.0,0.0,1.0,1.0,PEG,DEU,-0.16583334,0.24600191414356232,0.08823960274457932,-0.04045632854104042,9.999999747378752e-05,,,0.04665485396981239,0.04158474877476692,0.03973110020160675,0.21017029881477356,0.029608743265271187,,,,0.012500000186264515,0.035831622779369354,0.14208349585533142,0.15776945650577545,-0.020178163424134254,0.351087,0.151664,0.497249,13.0,0.199422,-0.06678200000000001,0.163095,0.229877,0.22926466666666667,0.07719865960839827,-0.014835666666666686,0.09014861654142756,-0.011200199999999993,0.04176589999999997,0.187992,0.215148,0.218446,0.311302,0.593562,0.47355,-0.030455,-0.096154,-0.09285600000000002,0.15325600000000003,-0.027156000000000013,-0.024998999999999993,0.06569900000000001,-0.178256,0.224015,0.20158666666666666,0.07882063960029763,0.04299625379417769,0.02005030000000002,0.015720399999999992,-0.0673535,-0.06517259999999998
2014,Switzerland,CHE,146,8127.692980376664,25778.98587099018,109.8506104254852,106.10295334290933,672818.21,0.2528246888729405,131.2201814830221,54150.53854399111,252504.86,285178.88,567531.0,950999.0,-2.0,0.6925,146.25567807372212,4.8259,156.78883286399136,0.41608,68607.11,68626.72,0.9891,1029932.03103692,918552.63,785961.0189874194,243971.01204950534,629057.4375,5.637481212615967,109.17366027832031,66.83167266845703,0.0,0.0,1.0,1.0,PEG,DEU,0.0075,0.13001148402690887,0.05307064950466156,0.09706760197877884,-0.019999999552965164,,,0.012871205806732178,0.04019944369792938,0.0396886020898819,0.09732528030872345,0.029787162318825722,,,,0.003800000064074993,0.03268620744347572,0.08405531942844391,0.08818409591913223,0.03853379935026169,0.240249,0.207692,0.552059,10.0,0.032557,0.056027999999999994,-0.11083799999999999,-0.16686499999999999,0.22713733333333333,0.08017310781885245,0.024270999999999977,0.15520146343060043,-0.03776120000000004,0.061601,0.351087,0.187992,0.151664,0.218446,0.497249,0.593562,0.199422,-0.030455,-0.06678200000000001,-0.09285600000000002,0.163095,-0.027156000000000013,0.229877,0.06569900000000001,0.22926466666666667,0.224015,0.07719865960839827,0.07882063960029763,-0.011200199999999993,0.02005030000000002,0.04176589999999997,-0.0673535
2015,Switzerland,CHE,146,8225.544812327145,25887.977990460484,110.40768715967835,107.48832671652961,675735.65,0.25243445985088675,129.72212824397397,65835.8217941507,243771.93,279154.85,559290.0,966560.0,-1.0,-0.0691666666666667,150.00582366535602,4.8007,155.51077686134585,0.41657,72851.16,70684.63,0.9921,1008210.19182588,943588.0094557835,769384.6640764948,238825.52774938,639116.875,5.724527835845947,109.20259094238281,66.51456451416016,0.0,0.0,0.0,0.0,FLOAT,DEU,0.0,0.026751631870865822,0.06265551596879959,0.04209879785776138,-0.009999999776482582,,,0.022631734609603882,0.04002378135919571,0.03913801908493042,-0.002493094652891159,0.029317818582057953,,,,-0.00039999998989515007,0.02924472652375698,0.04376888647675514,0.04620636627078056,0.016049399971961975,0.251769,0.31733,0.4309,16.0,-0.065561,0.10963800000000001,0.01152000000000003,-0.098118,0.19260066666666667,0.035857637085192,0.06717466666666665,0.11878403056107051,0.035268,-0.027218299999999973,0.240249,0.351087,0.207692,0.151664,0.552059,0.497249,0.032557,0.199422,0.056027999999999994,-0.06678200000000001,-0.11083799999999999,0.163095,-0.16686499999999999,0.229877,0.22713733333333333,0.22926466666666667,0.08017310781885245,0.07719865960839827,-0.03776120000000004,-0.011200199999999993,0.061601,0.04176589999999997
2016,Switzerland,CHE,146,8314.41025154748,26120.518572067667,111.44207882657716,108.05385969450892,685440.98,0.25397980090610406,129.15874677627687,56561.641162308144,266137.16,298408.0,594550.0,995030.0,-0.9,-0.3625,152.40591684400172,4.9179,154.1837656423416,0.40482999999999997,72537.96,72165.77,1.016,1010305.39255617,967510.0,770983.552208277,239321.840347893,681198.0,6.108583450317383,108.30299377441406,65.96711730957031,0.0,0.0,0.0,0.0,FLOAT,DEU,0.0,-0.007899999618530273,0.05544978380203247,-0.0024187390226870775,-0.009000000000000001,,,0.016194581985473633,0.03925520181655884,0.03862961009144783,-0.040800001472234726,0.034299418330192566,,,,-0.00362,0.032899998128414154,,,-0.005709369666874409,0.27618,0.205205,0.518615,9.0,0.070975,-0.112125,0.02441099999999996,0.136536,0.225562,0.0842662955397946,0.05547266666666665,0.13396956149190506,0.027026099999999987,-0.048345900000000004,0.251769,0.240249,0.31733,0.207692,0.4309,0.552059,-0.065561,0.032557,0.10963800000000001,0.056027999999999994,0.01152000000000003,-0.11083799999999999,-0.098118,-0.16686499999999999,0.19260066666666667,0.22713733333333333,0.035857637085192,0.08017310781885245,0.035268,-0.03776120000000004,-0.027218299999999973,0.061601
2017,Switzerland,CHE,146,8407.269643092324,26259.9504401359,112.15673911420946,108.2943648146569,693694.13,0.25973533103816593,129.8471808809685,43040.770415029736,265571.54,294893.86,637053.0,1031170.0,-1.0,-0.0725,155.40603331730884,4.7967,154.67569168242372,0.41204999999999997,78079.93,72891.49,0.9753,1063037.3396319319,995286.0,811224.3191792099,251813.02045272195,731980.625,5.903562545776367,105.26526641845703,65.9438247680664,0.0,0.0,0.0,0.0,FLOAT,DEU,0.0,0.2004999965429306,0.05839460715651512,0.005397496744990349,-0.01,,,0.01934218406677246,0.03905242308974266,0.038311395794153214,0.16580000519752502,0.029764968901872635,,,,-0.000721,0.034699998795986176,,,-0.0023012515157461166,0.327162,0.145046,0.527793,12.0,0.182116,-0.06015899999999999,0.05098200000000003,0.111141,0.24340900000000001,0.06402953984685512,0.012656999999999983,0.07040971043826273,-0.030006299999999975,0.05852129999999998,0.27618,0.251769,0.205205,0.31733,0.518615,0.4309,0.070975,-0.065561,-0.112125,0.10963800000000001,0.02441099999999996,0.01152000000000003,0.136536,-0.098118,0.225562,0.19260066666666667,0.0842662955397946,0.035857637085192,0.027026099999999987,0.035268,-0.048345900000000004,-0.027218299999999973
2018,Switzerland,CHE,146,8471.172880284475,26828.437275195964,114.58108516145282,108.21152776529631,719271.62,0.255763942039166,131.06035352028297,44085.26198413066,273389.09,303885.76,671722.0,1063992.0,-0.95,0.0325,160.11865959460675,4.7133,156.22153825514587,0.39234,78365.58,73047.97,0.9847,1070820.3514600687,1031837.5130322911,817163.6857809797,253656.66567908908,720796.0,5.976469399060992,106.73064091636535,64.8228623251524,0.0,0.0,0.0,0.0,FLOAT,DEU,0.0,-0.09059999883174896,0.06874186545610428,0.008491598069667816,-0.0095,,,0.03027963638305664,0.03846222907304764,0.03733183443546295,-0.11760000139474869,0.030598368495702744,,,,0.000332,0.027000000700354576,,,-0.0005042009870521724,0.230693,0.096396,0.672911,9.0,0.134297,-0.04865000000000001,-0.096469,-0.047819,0.222527,0.08743845222212024,0.06250999999999998,0.1240552951348712,-0.07229609999999999,0.07107150000000001,0.327162,0.27618,0.145046,0.205205,0.527793,0.518615,0.182116,0.070975,-0.06015899999999999,-0.112125,0.05098200000000003,0.02441099999999996,0.111141,0.136536,0.24340900000000001,0.225562,0.06402953984685512,0.0842662955397946,-0.030006299999999975,0.027026099999999987,0.05852129999999998,-0.048345900000000004
2019,Switzerland,CHE,146,8532.080653233244,26968.575907835817,115.14437625071217,108.90285603123102,727212.15,0.25496660705731666,131.53365988760393,38543.03255938109,276058.12,311976.71,675753.0,1072273.0,-1.0,-0.49,165.879119535661,4.39,158.52694527763447,0.39793,80287.64,74331.51,0.9682,1104113.300939456,1064720.294111856,842570.1783546414,261543.12258481467,824738.3125,5.474937205837563,108.03953271111563,65.28172647913566,0.0,0.0,0.0,0.0,FLOAT,DEU,0.0,0.29899999499320984,0.0736410915851593,0.026516979560256004,-0.01,,,0.03612625598907471,0.037514835596084595,0.036206819117069244,0.26019999384880066,0.030788762494921684,,,,-0.00489,0.03880000114440918,,,0.008258489891886711,0.237106,0.122519,0.640375,11.0,0.114587,0.026123000000000007,0.006413000000000002,-0.019710000000000005,0.14888233333333337,0.05450585023952316,0.12912933333333332,0.05575041752608964,-0.02967080000000002,0.008301699999999997,0.230693,0.327162,0.096396,0.145046,0.672911,0.527793,0.134297,0.182116,-0.04865000000000001,-0.06015899999999999,-0.096469,0.05098200000000003,-0.047819,0.111141,0.222527,0.24340900000000001,0.08743845222212024,0.06402953984685512,-0.07229609999999999,-0.030006299999999975,0.07107150000000001,0.05852129999999998
2020,Switzerland,CHE,146,8592.988426182013,26106.34192738905,111.58738228034032,104.14092520193593,706241.81,0.2574120894293234,130.5792453996545,17883.253885983322,273557.21,299396.11,736521.0,1141632.0,-0.85,-0.525,173.0534423658934,4.82,154.7169931475854,0.42381,74884.74,92086.35,0.8806,1124874.2243209414,1097974.3813777429,858413.2398424989,266460.98447844246,831698.0625,5.1736787856259605,105.6157178420021,64.85944787304453,0.0,0.0,0.0,0.0,FLOAT,DEU,0.0,0.03999999910593033,0.07977505028247833,-0.009036127477884293,-0.0085,,,0.043250322341918945,0.036524731665849686,0.03501051664352417,0.00800000037997961,0.0317460335791111,,,,-0.0052380000000000005,0.03200000151991844,,,-0.008768063969910145,0.321618,0.229608,0.448774,10.0,0.092011,0.107089,0.084512,-0.022576,0.12132033333333336,0.024347140003156905,0.14366666666666664,0.03472584700670843,0.0279809,-0.029002499999999997,0.237106,0.230693,0.122519,0.096396,0.640375,0.672911,0.114587,0.134297,0.026123000000000007,-0.04865000000000001,0.006413000000000002,-0.096469,-0.019710000000000005,-0.047819,0.14888233333333337,0.222527,0.05450585023952316,0.08743845222212024,-0.02967080000000002,-0.07229609999999999,0.008301699999999997,0.07107150000000001
1997,Germany,DEU,134,81980.0,17708.525215602687,90.74741876466958,91.85,3835.6760044999996,0.23094571879013145,122.59459526127759,-20.64359883377388,772.326,888.641,927.0,2460.48333333333,3.184,5.640833333333332,121.35141024017808,9.8631,131.58918154498855,0.588666,418.5946,482.0828,1.7921,3614.15,1335.676,1388.9409999999998,2225.2,2591.390869140625,4.151107311248779,121.00951385498047,65.79512786865234,0.0,0.0,0.0,0.0,FLOAT,USA,0.0,0.4082593023777008,0.025486722588539124,0.06561748683452606,0.0318400003015995,,,-0.01815607398748398,0.0436427965760231,0.044449832290410995,0.38626018166542053,0.015869423747062683,,,,0.05640833452343941,0.02199915051460266,0.0878300666809082,0.09902550280094147,0.04872874170541763,0.171991,0.076354,0.751656,8.0,0.095637,,,,,,,,,,,,,,,,,,,,,,,,,,,,,,,
1998,Germany,DEU,134,81993.0,18028.880735795392,92.57589701448285,93.17,3939.8630685999997,0.23223905809563544,123.312222160368,-26.142940546036197,828.285,954.665,1020.0,2569.4,3.4139999999999997,4.571666666666666,119.09861817368083,9.7883,132.82658652996292,0.5953470000000001,456.2149,512.8167,1.673,3850.79,1430.201,1483.725,2367.06,2703.21923828125,4.033784866333008,122.13629150390625,67.43156433105469,0.0,0.0,0.0,0.0,FLOAT,USA,0.0,0.1553555130958557,0.02639625407755375,0.11240861564874649,0.03413999825716019,,,-0.01855773665010929,0.04495399072766304,0.04580400884151459,0.13988125324249268,0.013575326651334763,,,,0.04571666568517685,0.015474260784685612,0.05885952711105347,0.0548846572637558,0.07327430695295334,0.162005,0.080811,0.757184,13.0,0.081195,0.004456999999999989,-0.009985999999999995,-0.014441999999999997,,,,,,,0.171991,,0.076354,,0.751656,,0.095637,,,,,,,,,,,,,,,
1999,Germany,DEU,134,82046.0,18380.04362314571,94.3798802838022,95.88,4027.9927684,0.23688801378785146,124.14945354264015,-61.117049361257585,869.9473165100001,997.4909024699999,1063.56861902,2667.556537,2.732,4.490833333333333,121.34081025136697,8.855,134.36450415414535,0.601394,479.1295,530.4211,1.9468743778618356,4095.84,1758.8564,1731.18923369,2364.65,2890.445068359375,4.127620697021484,120.33473205566406,68.38018035888672,0.0,0.0,0.0,0.0,FLOAT,USA,0.0,0.316754549741745,0.0650995671749115,-0.019451305270195007,0.027319999411702156,,,0.018824676051735878,0.04627488926053047,0.04541987553238869,0.2977243661880493,0.014664273709058762,,,,0.04490833356976509,0.019030185416340828,0.11230591684579849,0.13912099599838257,0.003934347070753574,0.152114,0.090236,0.75765,14.0,0.061878,0.009425000000000003,-0.009891000000000011,-0.019317,0.0785825,0.0031515749237484344,0.088416,0.010212036133896112,,,0.162005,0.171991,0.080811,0.076354,0.757184,0.751656,0.081195,0.095637,0.004456999999999989,,-0.009985999999999995,,-0.014441999999999997,,,,,,,,,
2000,Germany,DEU,134,82157.0,18943.516375383148,97.27924202958009,98.03,4125.0214946999995,0.23757452647307278,125.8908948177662,-70.87662150479989,1052.84480313,1168.4930310299999,1103.36584786,2637.827921,4.112,5.263333333333333,121.34496191365133,7.9173,136.53880148488602,0.590658,571.9492,519.2885,2.101912950026867,4277.93,1868.2167,1798.3935083199995,2479.53,3151.878662109375,4.203848838806152,124.7293930053711,70.22653198242188,0.0,0.0,0.0,0.0,FLOAT,USA,0.0,-0.09912479668855667,0.045999057590961456,0.06855292618274689,0.041120000183582306,,,3.2964948331937194e-05,0.04596609249711037,0.04596457630395889,-0.1106850653886795,0.012999063357710838,,,,0.05263333395123482,0.011560261249542236,0.015557564795017242,0.005884401500225067,0.0548364631831646,0.191787,0.086147,0.722066,15.0,0.10564,-0.004088999999999995,0.039673000000000014,0.043761999999999995,0.082467,0.007087611233695028,0.07957,0.016938063319045654,0.0038804000000000017,0.0010691999999999985,0.152114,0.162005,0.090236,0.080811,0.75765,0.757184,0.061878,0.081195,0.009425000000000003,0.004456999999999989,-0.009891000000000011,-0.009985999999999995,-0.019317,-0.014441999999999997,0.0785825,,0.0031515749237484344,,,,,
2001,Germany,DEU,134,82295.0,19156.68989625507,98.37585554707195,99.75,4249.118908199999,0.2244737304682861,128.2829844814009,-15.594314543331539,1061.56976076,1248.34565827,1193.57850661,2803.877888,4.373,4.7975,121.34849524325504,7.7727,139.20806080961646,0.579365,479.1314,524.0001,2.2192556450697833,4373.85,1919.3792,1839.9705424599997,2533.88,3288.3427734375,4.315913677215576,119.81515502929688,69.45466613769531,0.0,0.0,0.0,0.0,FLOAT,USA,0.0,-0.17913822829723358,0.04654087498784065,0.05624079331755638,0.0437299981713295,,,2.472289816068951e-05,0.04651615023612976,0.046514999121427536,-0.1946846842765808,0.019304806366562843,,,,0.047974999994039536,0.015546455979347229,0.002554019447416067,-0.009250817820429802,0.04998539388179779,0.21667,0.089566,0.693764,10.0,0.127104,0.0034190000000000054,0.02488299999999999,0.021463999999999997,0.08573133333333333,0.0047262289759736915,0.08290433333333334,0.02193101744865781,0.002217600000000006,0.018148899999999992,0.191787,0.152114,0.086147,0.090236,0.722066,0.75765,0.10564,0.061878,-0.004088999999999995,0.009425000000000003,0.039673000000000014,-0.009891000000000011,0.043761999999999995,-0.019317,0.082467,0.0785825,0.007087611233695028,0.0031515749237484344,0.0038804000000000017,,0.0010691999999999985,
2002,Germany,DEU,134,82434.0,19140.37834615822,98.2919756768931,98.88,4299.1490396,0.2072892426548051,129.95744724594516,74.22970878925503,1014.1565299,1273.87510726,1332.4033200099998,2842.603322,3.2779999999999996,4.782500000000001,117.98099657561474,8.4819,140.9227505745095,0.597035,486.0961,549.9774,1.865004291026986,4383.4,1973.2819,1885.1443479700001,2498.26,3323.119384765625,4.521613121032715,116.29386901855469,68.71734619140625,0.0,0.0,0.0,0.0,FLOAT,USA,0.0,-0.39940106868743896,0.01941184140741825,0.09019169956445694,0.0327799990773201,,,-0.027746645733714104,0.047158487141132355,0.04850431904196739,-0.40991923213005066,0.01782495528459549,,,,0.04782500118017197,0.010518163442611694,-0.01870863139629364,-0.04150879383087158,0.06148584932088852,0.176159,0.189678,0.634163,8.0,-0.01352,0.100112,-0.04051099999999999,-0.140624,0.08864966666666667,0.0021931097403762663,0.09820733333333333,0.033242159516694056,0.030174500000000017,-0.02047299999999999,0.21667,0.191787,0.089566,0.086147,0.693764,0.722066,0.127104,0.10564,0.0034190000000000054,-0.004088999999999995,0.02488299999999999,0.039673000000000014,0.021463999999999997,0.043761999999999995,0.08573133333333333,0.082467,0.0047262289759736915,0.007087611233695028,0.002217600000000006,0.0038804000000000017,0.018148899999999992,0.0010691999999999985
2003,Germany,DEU,134,82479.0,19087.572240241872,98.05062807496739,98.95,4325.454953099999,0.20137675465311455,131.37834850614416,55.61261497125925,1045.45763322,1299.55711099,1458.73429137,2937.2654939999998,2.318,4.070833333333333,116.85374665437853,9.779,143.37988333038717,0.633089,472.4816,549.1012,1.5485589865399843,4384.18,2199.3132,1935.0180129700002,2449.16,3323.451904296875,4.549333572387695,112.79603576660156,67.82482147216797,0.0,0.0,0.0,0.0,FLOAT,USA,0.0,0.37576285004615784,0.03951923921704292,0.04087153449654579,0.023180000483989716,,,-0.009552385658025742,0.049071624875068665,0.04954489693045616,0.33970072865486145,0.026918064802885056,,,,0.040708333253860474,0.036062151193618774,0.08443371951580048,0.09924876689910889,0.0320257693529129,0.262577,0.134362,0.603062,6.0,0.128215,-0.055316000000000004,0.086418,0.141735,0.121797,0.058811521073680796,0.07307466666666666,0.07575719797704594,0.0244757,-0.007289900000000005,0.176159,0.21667,0.189678,0.089566,0.634163,0.693764,-0.01352,0.127104,0.100112,0.0034190000000000054,-0.04051099999999999,0.02488299999999999,-0.140624,0.021463999999999997,0.08864966666666667,0.08573133333333333,0.0021931097403762663,0.0047262289759736915,0.030174500000000017,0.002217600000000006,-0.02047299999999999,0.018148899999999992
2004,Germany,DEU,134,82462.0,19283.670487293424,99.24203099176569,99.11,4425.1044916,0.19182042688304812,133.6779440361183,183.08675605462915,1125.47846184,1430.77570152,1531.1938812099997,2963.669199,2.04833,4.036666666666667,114.60713791468777,10.7267,143.8394908962348,0.649877,457.3552,535.119,1.4358931062330225,4350.09,2205.6404,1980.3365499000006,2369.75,3321.032470703125,4.32387113571167,108.45059967041016,67.83305358886719,0.0,0.0,0.0,0.0,FLOAT,USA,0.0,0.08466467261314392,0.0307930838316679,0.0670132040977478,0.02048330008983612,,,-0.01922912336885929,0.05002220720052719,0.051002949476242065,0.06273764371871948,0.020632589235901833,,,,0.04036666825413704,0.02192702889442444,0.0411849319934845,0.040426891297101974,0.04374825209379196,0.219616,0.146535,0.633849,14.0,0.073081,0.01217299999999999,-0.042961,-0.055134,0.13786866666666667,0.05014803754219434,0.08059966666666667,0.08151191520467013,0.01155910000000001,-0.002033400000000019,0.262577,0.176159,0.134362,0.189678,0.603062,0.634163,0.128215,-0.01352,-0.055316000000000004,0.100112,0.086418,-0.04051099999999999,0.141735,-0.140624,0.121797,0.08864966666666667,0.058811521073680796,0.0021931097403762663,0.0244757,0.030174500000000017,-0.007289900000000005,-0.02047299999999999
2005,Germany,DEU,134,82415.0,19417.057021603057,100.0,99.03,4475.5453473,0.19094829837235616,136.2566166935165,220.64586011876477,1221.624130895,1526.3594606159998,1701.21027145,3112.3122789999998,2.09,3.3533333333333335,112.35985195348961,11.1667,144.35213010429558,0.6734650000000001,489.0416,550.5329,1.657904552004747,4354.91,2257.9958,2008.5709117800002,2346.33,3327.639404296875,4.38466739654541,104.71192932128906,67.78368377685547,0.0,0.0,0.0,0.0,FLOAT,USA,0.0,0.28201770782470703,0.031932152807712555,0.040816325694322586,0.020899999886751175,,,-0.019606132060289383,0.05153828486800194,0.0525689572095871,0.25070810317993164,0.025033501908183098,,,,0.033533334732055664,0.03130960464477539,0.07065293192863464,0.08230002969503403,0.03085816279053688,0.149204,0.065019,0.785777,12.0,0.084185,-0.081516,-0.070412,0.011104000000000003,0.15685833333333335,0.029067049598012724,0.062592,0.07144730153756683,-0.0361804,0.023798100000000013,0.219616,0.262577,0.146535,0.134362,0.633849,0.603062,0.073081,0.128215,0.01217299999999999,-0.055316000000000004,-0.042961,0.086418,-0.055134,0.141735,0.13786866666666667,0.121797,0.05014803754219434,0.058811521073680796,0.01155910000000001,0.0244757,-0.002033400000000019,-0.007289900000000005
2006,Germany,DEU,134,82322.0,20040.620318052523,103.93361022545811,100.0,4664.8110164,0.19846498200987364,138.68857451821177,257.6367017998274,1412.3288997089999,1726.081974811,1797.6991886700002,3266.431683,2.83583,3.7624999999999997,112.35496418087114,10.2502,145.890047728478,0.6670470000000001,497.8526,553.0833,1.485064540622627,4385.43,2303.072,2030.2864922699996,2355.14,3472.525146484375,4.691741943359375,101.31134033203125,67.692626953125,0.0,0.0,0.0,0.0,FLOAT,USA,0.0,0.24087242782115936,0.05307050049304962,0.002688172273337841,0.028358299285173416,,,-4.449982225196436e-05,0.05311499908566475,0.05311736464500427,0.21326619386672974,0.02275363728404045,,,,0.03762499988079071,0.027606219053268433,0.07818859815597534,0.09591226279735565,0.015523236244916916,0.179576,0.070921,0.749502,12.0,0.108655,0.0059020000000000045,0.03037200000000001,0.024470000000000006,0.11530533333333333,0.043972513827769004,0.09516033333333333,0.02915961154290869,-0.0271839,-0.004757599999999994,0.149204,0.219616,0.065019,0.146535,0.785777,0.633849,0.084185,0.073081,-0.081516,0.01217299999999999,-0.070412,-0.042961,0.011104000000000003,-0.055134,0.15685833333333335,0.13786866666666667,0.029067049598012724,0.05014803754219434,-0.0361804,0.01155910000000001,0.023798100000000013,-0.002033400000000019
2007,Germany,DEU,134,82212.0,20546.93610742278,107.17035848847374,99.9,4888.694876500001,0.20141468467391735,141.8636748650762,313.2550451914068,1505.5576439019999,1885.49444154,1879.49004344,3616.9164189999997,3.8591699999999998,4.216666666666667,113.53765793247219,8.6583,147.3926109245183,0.639942,543.8518,572.6631,1.3285986006385428,4476.81,2281.9119,2013.09083491,2463.72,3701.9658203125,4.6153178215026855,96.62252044677734,67.43142700195312,0.0,0.0,0.0,0.0,FLOAT,USA,0.0,0.2042311728000641,0.06430955976247787,0.025137992575764656,0.03859170153737068,,,0.010529126040637493,0.053780436515808105,0.053220074623823166,0.17558208107948303,0.02437012270092964,,,,0.04216666519641876,0.02864907868206501,0.08473305404186249,0.09874727576971054,0.031864847987890244,0.241957,0.080404,0.677639,10.0,0.161553,0.009483000000000005,0.06238099999999999,0.052898,0.09415833333333333,0.04545541562161035,0.08864033333333333,0.01820068310073371,-0.0192491,0.0289886,0.179576,0.149204,0.070921,0.065019,0.749502,0.785777,0.108655,0.084185,0.0059020000000000045,-0.081516,0.03037200000000001,-0.070412,0.024470000000000006,0.011104000000000003,0.11530533333333333,0.15685833333333335,0.043972513827769004,0.029067049598012724,-0.0271839,-0.0361804,-0.004757599999999994,0.023798100000000013
2008,Germany,DEU,134,82056.0,20801.437443847575,108.40499281157814,100.37,4980.5015367,0.2036000781860829,145.75799683747348,299.69195228249873,1575.870123568,1923.0800178159998,2007.7964031000004,3957.6220049999997,3.8183300000000004,3.98416666666667,114.24432385321373,7.5245,150.71592716987803,0.655222,572.6416,595.781,1.4053531651936473,4610.92,2263.7031,2004.4949620599996,2606.42,3883.572265625,4.753914833068848,91.90263366699219,66.14948272705078,1.0,1.0,0.0,0.0,FLOAT,USA,0.0,-0.4257866144180298,0.06006254628300667,0.10143991559743881,0.0381833016872406,,,0.006218182388693094,0.05384436249732971,0.053511615842580795,-0.44358089566230774,0.03197994455695152,,,,0.0398416668176651,0.017794251441955566,0.006706721615046263,-0.012055665254592896,0.06981161236763,0.17559,0.143446,0.680964,14.0,0.032144,0.06304199999999999,-0.06636700000000001,-0.129409,0.07211466666666666,0.007761648428867501,0.118131,0.039544883208829956,0.024476399999999992,-0.01032249999999998,0.241957,0.179576,0.080404,0.070921,0.677639,0.749502,0.161553,0.108655,0.009483000000000005,0.0059020000000000045,0.06238099999999999,0.03037200000000001,0.052898,0.024470000000000006,0.09415833333333333,0.11530533333333333,0.04545541562161035,0.043972513827769004,-0.0192491,-0.0271839,0.0289886,-0.004757599999999994
2009,Germany,DEU,134,81770.50477935714,19789.8454371839,102.49195886061953,100.4,4783.432105899999,0.19189196890137178,146.1168102870187,273.0727148145284,1298.951390439,1570.5539820449999,2355.7698533800003,3887.9944570000002,0.625833,3.2225,114.83318267608496,7.7416,151.26392080608093,0.729901,552.6374,620.1468,1.3576495904484234,4611.05,2259.1089,2015.38111184,2595.67,3793.7666015625,5.044615745544434,88.9836196899414,62.845703125,0.0,0.0,0.0,0.0,FLOAT,USA,0.0,0.254040002822876,0.05923596769571304,0.04924718290567398,0.006258329842239618,,,0.005155631806701422,0.05408033728599548,0.05380294844508171,0.20271843671798706,0.04267130419611931,,,,0.032225001603364944,0.051321566104888916,0.07556688040494919,0.09013383835554123,0.02775275707244873,0.173648,0.076931,0.749421,12.0,0.096718,-0.06651499999999999,-0.0019419999999999993,0.06457399999999999,0.098257,0.03942101106009339,0.100784,0.06506256067048084,0.008107200000000012,-0.01652199999999999,0.17559,0.241957,0.143446,0.080404,0.680964,0.677639,0.032144,0.161553,0.06304199999999999,0.009483000000000005,-0.06636700000000001,0.06238099999999999,-0.129409,0.052898,0.07211466666666666,0.09415833333333333,0.007761648428867501,0.04545541562161035,0.024476399999999992,-0.0192491,-0.01032249999999998,0.0289886
2010,Germany,DEU,134,81569.3373285127,20661.445435680802,106.93970693999252,100.92736008626781,5015.530452,0.19435555762269094,147.75140489050239,287.1359427412455,1556.186650448,1857.313864985,2559.27200905,3887.7988739999996,0.383333,2.74333333333333,117.77765345692137,6.9664,155.15290790171466,0.8238160000000001,564.64420934,651.41265146,1.4637254901960783,4601.88,2256.5525,2025.6061910800004,2576.27,3690.592529296875,4.55906867980957,86.23844909667969,65.77339935302734,0.0,0.0,0.0,0.0,FLOAT,USA,0.0,0.1845751404762268,0.08006612956523895,0.04006709158420563,0.0038333300035446882,,,0.025645937770605087,0.054420191794633865,0.05305943265557289,0.15109890699386597,0.029081977903842926,,,,0.027433333918452263,0.03347623348236084,0.07916539907455444,0.09860943257808685,0.021950211375951767,0.234662,0.099017,0.666321,14.0,0.135645,0.022085999999999995,0.06101400000000001,0.03892699999999999,0.10026033333333333,0.037440176099122965,0.09680500000000002,0.06470454386671773,-0.0010676000000000008,-0.0013150000000000267,0.173648,0.17559,0.076931,0.143446,0.749421,0.680964,0.096718,0.032144,-0.06651499999999999,0.06304199999999999,-0.0019419999999999993,-0.06636700000000001,0.06457399999999999,-0.129409,0.098257,0.07211466666666666,0.03942101106009339,0.007761648428867501,0.008107200000000012,0.024476399999999992,-0.01652199999999999,-0.01032249999999998
2011,Germany,DEU,134,81560.19335347431,21432.681417956832,113.21667818360504,104.71665647398324,5268.145454799999,0.2026624789132558,151.4192757080756,350.64316172051184,1763.1545368779998,2071.023106259,2713.02176118,4117.608899,0.8091670000000001,2.60666666666667,124.13764674359513,5.8244,159.78433798833302,0.79801,600.7214495200001,635.35528716,1.5115774016539145,4724.657,2283.0735,2049.06246027,2675.59,3697.8662109375,4.658324241638184,85.58490753173828,65.03392791748047,0.0,0.0,0.0,0.0,FLOAT,USA,0.0,-0.14815965294837952,0.10771128535270691,0.08290884643793106,0.008091670460999012,,,0.053999897092580795,0.05371139198541641,0.05095957964658737,-0.17389889061450958,0.031157488003373146,,,,0.026066666468977928,0.025739235803484917,0.06342758238315582,0.06955556571483612,0.0455002598464489,0.217624,0.107277,0.675099,23.0,0.110348,0.008260000000000003,-0.017037999999999998,-0.025296999999999986,0.10646466666666667,0.03387716207614413,0.08816900000000001,0.05227741673992699,-0.008642099999999991,0.027353900000000007,0.234662,0.173648,0.099017,0.076931,0.666321,0.749421,0.135645,0.096718,0.022085999999999995,-0.06651499999999999,0.06101400000000001,-0.0019419999999999993,0.03892699999999999,0.06457399999999999,0.10026033333333333,0.098257,0.037440176099122965,0.03942101106009339,-0.0010676000000000008,0.008107200000000012,-0.0013150000000000267,-0.01652199999999999
2012,Germany,DEU,134,81713.60893467386,21483.78039850607,113.47725867112729,106.08861039479349,5369.3596573,0.20112172166510772,154.6757071035036,372.8821478429012,1758.012073059,2132.890898734,3100.00619664,4411.570148,0.255,1.49513,135.97092462328325,5.3794,163.99151493724585,0.811354,656.09295265,699.21509249,1.482363195391845,4764.223,2289.4065,2069.8,2694.42,3793.7998046875,5.005053997039795,85.53599548339844,63.944618225097656,0.0,0.0,0.0,0.0,FLOAT,USA,0.0,0.2926276624202728,0.14848053455352783,0.046400036662817,0.0025500000920146704,,,0.09532133489847183,0.0531592033803463,0.04853297397494316,0.24763624370098114,0.036061327904462814,,,,0.014949999749660492,0.04499141871929169,0.1363033950328827,0.17369765043258667,0.024475017562508583,0.182342,0.114107,0.703551,29.0,0.068235,0.006830000000000003,-0.03528200000000001,-0.042113,0.09440833333333333,0.015689161396752187,0.11423699999999999,0.019752748492298466,0.011978800000000003,-0.011074599999999999,0.217624,0.234662,0.107277,0.099017,0.675099,0.666321,0.110348,0.135645,0.008260000000000003,0.022085999999999995,-0.017037999999999998,0.06101400000000001,-0.025296999999999986,0.03892699999999999,0.10646466666666667,0.10026033333333333,0.03387716207614413,0.037440176099122965,-0.008642099999999991,-0.0010676000000000008,0.027353900000000007,-0.0013150000000000267
2013,Germany,DEU,134,81937.12832450101,21517.887790133365,113.66321456563762,106.18230592080108,5498.5226705000005,0.1969938858695652,157.14753308925944,348.0004779910781,1739.5459085309997,2128.0817083469997,3277.5310182499998,4526.572952,0.08916666666666666,1.571408,144.4385435087557,5.2306,167.17341347003708,0.787169,655.63724426,680.8576721100001,1.4181930244362266,4604.073,2306.95,2098.48,2505.59,4012.821533203125,5.753893852233887,83.76699829101562,60.787864685058594,0.0,0.0,0.0,0.0,FLOAT,USA,0.0,0.2674599885940552,0.11135691404342651,-0.0048566716723144054,0.0008916666847653687,,,0.06227462738752365,0.04908229038119316,0.04620489850640297,0.227613627910614,0.03245840221643448,,,,0.015699999406933784,0.039846375584602356,0.10872621089220047,0.14336684346199036,-0.001982502406463027,0.18738,0.105353,0.707267,49.0,0.082027,-0.008753999999999998,0.005037999999999987,0.013791999999999999,0.10680033333333333,0.007556284360275135,0.10474266666666666,0.03405278030254405,0.0025838000000000076,-0.02029669999999999,0.182342,0.217624,0.114107,0.107277,0.703551,0.675099,0.068235,0.110348,0.006830000000000003,0.008260000000000003,-0.03528200000000001,-0.017037999999999998,-0.042113,-0.025296999999999986,0.09440833333333333,0.10646466666666667,0.015689161396752187,0.03387716207614413,0.011978800000000003,-0.008642099999999991,-0.011074599999999999,0.027353900000000007
2014,Germany,DEU,134,82278.50339260067,21903.314593546904,115.69135476624218,106.8515719801027,5725.5554169,0.20002080157682772,158.35633573261615,448.9032025650593,1777.017264335,2200.375639386,3497.55798159,4747.190576,0.09666666666666668,1.163472,148.96199681518544,4.9806,171.99929291143712,0.756694,682.4418944099999,675.47718378,1.6109299069269414,4664.23,2397.22562606,2138.03316697,2526.19696792,4037.20263671875,5.915974140167236,82.93114471435547,61.0811882019043,0.0,0.0,0.0,0.0,FLOAT,USA,0.0,0.03094451129436493,0.09792460501194,0.07100376486778259,0.0009666666737757623,,,0.051090870052576065,0.04683373123407364,0.04455726221203804,0.003986882045865059,0.02685057930648327,,,,0.011633333750069141,0.02695762924849987,0.07270941138267517,0.08406941592693329,0.03598521649837494,0.20818,0.115324,0.676495,44.0,0.092856,0.009970999999999994,0.020800000000000013,0.010828999999999991,0.10891233333333333,0.004600420125742702,0.08687,0.021470146226795904,0.0015387000000000037,-0.003868400000000003,0.18738,0.182342,0.105353,0.114107,0.707267,0.703551,0.082027,0.068235,-0.008753999999999998,0.006830000000000003,0.005037999999999987,-0.03528200000000001,0.013791999999999999,-0.042113,0.10680033333333333,0.09440833333333333,0.007556284360275135,0.015689161396752187,0.0025838000000000076,0.011978800000000003,-0.02029669999999999,-0.011074599999999999
2015,Germany,DEU,134,82993.76544004754,22037.585410165313,116.40529246927939,107.98220942679225,5918.6936294,0.2001982697658434,159.43277608125175,518.4999282385141,1853.396924244,2338.824933426,3939.12572069,5186.469994,-0.1075,0.4951937,155.98114849757638,4.6242,176.77214071062397,0.72207,708.5620040599999,667.4973973799999,1.7964820428033434,4772.176,2451.2515181500003,2201.88123732,2570.29506693,4159.5888671875,6.214084075824957,82.16059665367236,58.92035459681261,0.0,0.0,0.0,0.0,FLOAT,USA,0.0,0.11329784989356995,0.09681351482868195,0.005129074677824974,-0.001075000036507845,,,0.051736947149038315,0.04507656767964363,0.042859166860580444,0.08627425879240036,0.02487732656300068,,,,0.004958333447575569,0.027023598551750183,0.07802944630384445,0.10042256861925125,0.0020270373206585646,0.192,0.115726,0.692274,43.0,0.076274,0.0004019999999999996,-0.01618,-0.016582,0.11159466666666666,0.005439584022086465,0.08103933333333334,0.012340179266661056,0.0014827999999999918,0.0034946000000000014,0.20818,0.18738,0.115324,0.105353,0.676495,0.707267,0.092856,0.082027,0.009970999999999994,-0.008753999999999998,0.020800000000000013,0.005037999999999987,0.010828999999999991,0.013791999999999999,0.10891233333333333,0.10680033333333333,0.004600420125742702,0.007556284360275135,0.0015387000000000037,0.0025838000000000076,-0.003868400000000003,-0.02029669999999999
2016,Germany,DEU,134,83666.35560398198,22347.948539301782,118.04439782649118,109.7276485977502,6131.0185341999995,0.20298302251542394,160.03079849716042,547.5042360550319,1865.393594298,2357.731159704,4250.059662430001,5480.626826,-0.32,0.09149919,167.72226885066104,4.1218,180.82022273289726,0.6927679999999999,719.05112035,709.28370533,1.8554501470448723,4913.002,2463.83924003,2277.5386092100002,2635.46332253,4327.10205078125,6.248506145714933,81.90734932518775,58.254928829204935,0.0,0.0,0.0,0.0,FLOAT,USA,0.0,0.0568000003695488,0.11859948933124542,0.04064487665891647,-0.002637,,,0.07526886463165283,0.04333062097430229,0.04029747471213341,0.02879999950528145,0.027216173708438873,,,,0.000915,0.0279999990016222,0.08239445090293884,0.10312313586473465,0.019003938883543015,0.178449,0.146539,0.675012,44.0,0.031911,0.030813000000000007,-0.013551000000000007,-0.04436299999999999,0.11213433333333334,0.005876245598453009,0.083719,0.008419491017870283,0.012395999999999996,-0.01669300000000001,0.192,0.20818,0.115726,0.115324,0.692274,0.676495,0.076274,0.092856,0.0004019999999999996,0.009970999999999994,-0.01618,0.020800000000000013,-0.016582,0.010828999999999991,0.11159466666666666,0.10891233333333333,0.005439584022086465,0.004600420125742702,0.0014827999999999918,0.0015387000000000037,0.0034946000000000014,-0.003868400000000003
2017,Germany,DEU,134,83979.28274973998,22861.229874936176,120.75612068377905,110.86569498916018,6390.0095427999995,0.20411488877189976,162.76894379880093,470.54716366536223,2013.8252490749999,2507.269618678,4532.43848617,5718.064587999999,-0.355,0.3163361,177.98039472691866,3.7455,185.55771610394197,0.6465770000000001,795.53580833,735.66198454,1.6308096389560587,5104.912,2550.989069,2360.657,2744.255073,4496.83251953125,6.590694222301538,82.6475241938063,56.40418147518367,0.0,0.0,0.0,0.0,FLOAT,USA,0.0,0.16380000114440918,0.1020183339715004,0.011384469456970692,-0.003291,,,0.06116282939910889,0.04085550457239151,0.03850069269537926,0.13590000569820404,0.024562019854784012,,,,0.0031630000000000004,0.027899999171495438,0.09306017309427261,0.11924979090690613,0.0040467348881065845,0.168616,0.109668,0.721716,58.0,0.058948,-0.036871,-0.009833000000000008,0.027037,0.12586299999999997,0.0179070693582173,0.06701366666666668,0.031510134660666406,0.0013844999999999999,-0.014608699999999999,0.178449,0.192,0.146539,0.115726,0.675012,0.692274,0.031911,0.076274,0.030813000000000007,0.0004019999999999996,-0.013551000000000007,-0.01618,-0.04436299999999999,-0.016582,0.11213433333333334,0.11159466666666666,0.005876245598453009,0.005439584022086465,0.012395999999999996,0.0014827999999999918,-0.01669300000000001,0.0034946000000000014
2018,Germany,DEU,134,84232.26605913528,23040.320451191405,121.70126693461734,112.11828897383118,6586.9616238,0.21057199527296266,165.91852852258663,534.1321438544414,2126.830759479,2583.127854309,4851.13316135,5977.407646,-0.361666666666667,0.396364,189.79911589538398,3.3835,191.00229803782918,0.612715,779.28286103,754.94646834,1.7081484716157205,5333.60904073,2703.32475604,2431.9768135,2901.63222723,4776.34619140625,6.790594802390795,83.7050497175332,55.32465306346334,0.0,0.0,0.0,0.0,FLOAT,USA,0.0,-0.16850000619888306,0.10550530254840851,0.02532372996211052,-0.003221,,,0.06640362739562988,0.039101678878068924,0.0366668663918972,-0.19040000438690186,0.02705039456486702,,,,0.003964,0.021900000050663948,0.038622207939624786,0.04682081937789917,0.011051365174353123,0.187004,0.103833,0.709163,46.0,0.08317,-0.005835000000000007,0.018388000000000015,0.024221999999999994,0.12397766666666667,0.01977208037444058,0.05571100000000001,0.022357941967005735,-0.007254999999999998,0.004772499999999998,0.168616,0.178449,0.109668,0.146539,0.721716,0.675012,0.058948,0.031911,-0.036871,0.030813000000000007,-0.009833000000000008,-0.013551000000000007,0.027037,-0.04436299999999999,0.12586299999999997,0.11213433333333334,0.0179070693582173,0.005876245598453009,0.0013844999999999999,0.012395999999999996,-0.014608699999999999,-0.01669300000000001
2019,Germany,DEU,134,84422.25754048835,23229.87496788937,122.70878889311852,113.6172759647393,6793.2821305,0.21368937769012625,168.16390335351838,504.20051115723163,2155.624488739,2602.063418037,5179.673484749999,6252.397344,-0.3925,-0.2536345,200.75915869467178,3.14,197.4368039596959,0.5892499999999999,805.40101485,776.47037749,1.7409916325440622,5603.14979635,2957.39685219,2550.99102483,3052.15877152,4993.5322265625,6.609986769187221,85.21191401370127,56.930380160342864,0.0,0.0,0.0,0.0,FLOAT,USA,0.0,0.22769999504089355,0.09494400024414062,0.05853414162993431,-0.003563,,,0.05774879455566406,0.03719520568847656,0.035164497792720795,0.19169999659061432,0.030208945274353027,,,,-0.002536,0.035999998450279236,0.10639812052249908,0.12758629024028778,0.027485569939017296,0.145332,0.088949,0.765719,32.0,0.056383,-0.014883999999999994,-0.041672000000000015,-0.02678699999999999,0.12001333333333335,0.023156425681295004,0.05800966666666668,0.025642379420274742,-0.0178605,0.009763800000000005,0.187004,0.168616,0.103833,0.109668,0.709163,0.721716,0.08317,0.058948,-0.005835000000000007,-0.036871,0.018388000000000015,-0.009833000000000008,0.024221999999999994,0.027037,0.12397766666666667,0.12586299999999997,0.01977208037444058,0.0179070693582173,-0.007254999999999998,0.0013844999999999999,0.004772499999999998,-0.014608699999999999
2020,Germany,DEU,134,84491.34535188948,22152.35037955646,116.89387833353929,106.77176817122792,6586.3748748,0.21851696777488747,168.78903611894825,428.87630657820006,2003.876528614,2361.2911614699997,5815.85022051,6763.651306,-0.460833333333333,-0.511024,216.32221668807463,3.81,198.1438925225384,0.687242,746.79652473,1000.82363679,1.5938635808002606,5853.85199741,3132.90912473,2678.7438846,3175.10811281,5220.21044921875,6.091804185581244,83.30632095272847,57.50032677979655,0.0,0.0,0.0,0.0,FLOAT,USA,0.0,0.07590000331401825,0.11318507790565491,0.032080188393592834,-0.004252000000000001,,,0.07752108573913574,0.035663992166519165,0.03309818357229233,0.05000000074505806,0.024666666984558105,,,,-0.00511,0.02589999884366989,0.08341225981712341,0.10375489294528961,0.013914094306528568,0.238483,0.083233,0.678284,21.0,0.15525,-0.005715999999999999,0.09315100000000001,0.098867,0.10081666666666667,0.010683769949476651,0.06616700000000002,0.014780775114993013,-0.009418900000000001,0.026211900000000003,0.145332,0.187004,0.088949,0.103833,0.765719,0.709163,0.056383,0.08317,-0.014883999999999994,-0.005835000000000007,-0.041672000000000015,0.018388000000000015,-0.02678699999999999,0.024221999999999994,0.12001333333333335,0.12397766666666667,0.023156425681295004,0.01977208037444058,-0.0178605,-0.007254999999999998,0.009763800000000005,0.004772499999999998
1997,Denmark,DNK,128,5283.663,21387.538183758985,89.12933661276153,87.38,1146.1293899999998,0.19596656482839556,114.78505121719445,6.084445,293.0632,324.2713,343.497,485.117583158122,3.6585,6.254166666666667,147.1338000264166,5.4,121.770056047715,,436.812,444.54,6.826,1242.29,877.548,627.973,614.313,898.8699951171875,6.5214972496032715,86.23181915283203,44.41115951538086,0.0,0.0,1.0,0.0,PEG,DEU,-0.089000002,0.4376201927661896,0.16401273012161255,0.12217415124177933,0.0365849994122982,,,0.11540357023477554,0.04860915243625641,0.04357988014817238,0.4188908338546753,0.013200000859797001,,,,0.062541663646698,0.01872936077415943,0.1989830732345581,0.24076901376247406,0.07937957346439362,0.22611830769230767,0.19427046153846156,0.5796113846153846,,0.03184784615384616,,,,,,,,,,,,,,,,,,,,,,,,,,,,,,,
1998,Denmark,DNK,128,5302.767,21770.86503846103,90.4169701373656,88.78,1185.98756,0.20442053048428346,116.29192451717488,-13.45587,309.78659999999996,326.50370000000004,367.06,505.1711820162172,4.1462,4.9375,160.36190727777043,5.0389,125.79484494436521,0.7240180609410665,454.324,454.694,6.3865,1362.82,953.509,695.376,667.444,870.5050048828125,6.237112045288086,87.3477554321289,48.92717361450195,0.0,0.0,1.0,0.0,PEG,DEU,0.23,-0.03903428465127945,0.13433758914470673,0.1447409987449646,0.0414620004594326,,,0.08990444242954254,0.044433146715164185,0.04076793044805527,-0.049113679677248,0.010599999688565731,,,,0.04937500134110451,0.010079395025968552,0.09077530354261398,0.08998128026723862,0.09310150146484375,0.17760269230769232,0.22879507692307693,0.5936025384615384,,-0.051192153846153846,0.034524615384615376,-0.04851561538461535,-0.08304,,,,,,,0.22611830769230767,,0.19427046153846156,,0.5796113846153846,,0.03184784615384616,,,,,,,,,,,,,,,
1999,Denmark,DNK,128,5320.134,22255.437367132006,92.600217855409,87.97,1241.52075,0.19790073442156061,118.67806939825036,21.25793,310.5864,351.9164,377.952,523.5446553677705,3.3076,4.909999999999999,171.1861048738608,5.1415,129.61693925400465,0.6705508317442319,471.273,466.904,7.3988,1445.87,1015.192,743.741,702.127,959.6939697265625,6.0034074783325195,91.6411361694336,49.13895034790039,0.0,0.0,1.0,1.0,PEG,DEU,-0.68199998,0.23249000310897827,0.10935255885124207,-0.043158650398254395,0.03307599946856499,,,0.06749729067087173,0.04185526818037033,0.039208780974149704,0.2192007303237915,0.010900000110268593,,,,0.04910000041127205,0.013289287686347961,0.10814569145441055,0.14168976247310638,-0.005041325464844704,0.20540640000000002,0.1913586,0.6032351333333333,,0.014047866666666664,-0.037436476923076945,0.027803707692307694,0.0652400205128205,0.21153276923076925,0.024412589656318935,-0.009672153846153844,0.05871814710973091,,,0.17760269230769232,0.22611830769230767,0.22879507692307693,0.19427046153846156,0.5936025384615384,0.5796113846153846,-0.051192153846153846,0.03184784615384616,0.034524615384615376,,-0.04851561538461535,,-0.08304,,,,,,,,,
2000,Denmark,DNK,128,5337.416,22966.1184617287,95.3245290559416,87.52,1326.9115,0.20177995678396,121.90258950781184,18.28277,358.8709,408.23879999999997,386.604,499.4319297606768,4.9074,5.641666666666667,182.32069739796592,4.476,133.15864542438672,0.6039998021583289,499.778,480.605,8.0205,1621.6,1055.754,799.253,822.347,1112.4730224609375,6.676899433135986,102.63587188720703,53.399234771728516,0.0,0.0,1.0,1.0,PEG,DEU,1.38,0.16969966888427734,0.10534554719924927,0.08502339571714401,0.04907400161027908,,,0.06504620611667633,0.040299344807863235,0.03783812001347542,0.15786027908325195,0.010225227102637291,,,,0.05641666799783707,0.011839384213089943,0.1124844029545784,0.12390093505382538,0.06704869866371155,0.211621,0.10598,0.682399,1.0,0.105641,-0.08537859999999999,0.006214599999999987,0.09159313333333334,0.20480804615384618,0.020824335961749433,-0.0017654803418803416,0.043720211089489744,-0.030230786153846143,0.02866194820512819,0.20540640000000002,0.17760269230769232,0.1913586,0.22879507692307693,0.6032351333333333,0.5936025384615384,0.014047866666666664,-0.051192153846153846,-0.037436476923076945,0.034524615384615376,0.027803707692307694,-0.04851561538461535,0.0652400205128205,-0.08304,0.21153276923076925,,0.024412589656318935,,,,,
2001,Denmark,DNK,128,5355.826,23048.49108354821,95.6797025140421,87.31,1371.52622,0.19768570166440802,124.72129196456022,40.34961,367.0322,424.6695,414.851,531.8484689457214,4.6186,5.079166666666667,192.96658301413288,4.1642,137.19514611502348,0.5838596838003851,502.364,491.726,8.4095,1779.8,1154.48,876.667,903.133,1272.1619873046875,6.095427513122559,104.12841033935547,55.237003326416016,0.0,0.0,1.0,1.0,PEG,DEU,0.26100001,-0.12866342067718506,0.09727973490953445,0.05423121899366379,0.04618600010871887,,,0.0583915188908577,0.03888821601867676,0.03674275055527687,-0.14449559152126312,0.018506253138184547,,,,0.0507916659116745,0.01583218201994896,0.04678831994533539,0.04594196006655693,0.05020860955119133,0.25258,0.328217,0.419204,1.0,-0.075637,0.22223699999999996,0.04095900000000002,-0.181278,0.1753778923076923,0.06294778029180664,0.022832237606837603,0.07878472831674758,0.021288716923076923,0.0018258594871794957,0.211621,0.20540640000000002,0.10598,0.1913586,0.682399,0.6032351333333333,0.105641,0.014047866666666664,-0.08537859999999999,-0.037436476923076945,0.006214599999999987,0.027803707692307694,0.09159313333333334,0.0652400205128205,0.20480804615384618,0.21153276923076925,0.020824335961749433,0.024412589656318935,-0.030230786153846143,,0.02866194820512819,
2002,Denmark,DNK,128,5374.693,23074.607093618426,95.89662610475808,88.4,1410.27103,0.1958510625123385,127.67054816232985,27.31893,384.7095,442.75359999999995,438.084,564.0340665095184,3.4848,5.055833333333334,199.94056267335887,4.274,142.94847582530568,0.582495408807368,515.575,508.289,7.0822,1883.8,1247.2679,938.597,945.203,1238.6839599609375,5.733957290649414,106.11653900146484,60.26415252685547,0.0,0.0,1.0,1.0,PEG,DEU,-1.095,-0.20234304666519165,0.07379834353923798,0.0985339805483818,0.03484800085425377,,,0.03614089637994766,0.037657447159290314,0.03634394332766533,-0.21374621987342834,0.014295832253992558,,,,0.05055833235383034,0.011240151710808277,0.034131620079278946,0.02580753155052662,0.06669098883867264,0.092859,0.216368,0.690772,2.0,-0.12351,-0.11184899999999998,-0.15972100000000003,-0.047873,0.20851853333333334,0.11210784328606688,0.014683955555555558,0.09064067397038665,0.029726520000000003,-0.05939515999999999,0.25258,0.211621,0.328217,0.10598,0.419204,0.682399,-0.075637,0.105641,0.22223699999999996,-0.08537859999999999,0.04095900000000002,0.006214599999999987,-0.181278,0.09159313333333334,0.1753778923076923,0.20480804615384618,0.06294778029180664,0.020824335961749433,0.021288716923076923,-0.030230786153846143,0.0018258594871794957,0.02866194820512819
2003,Denmark,DNK,128,5394.138,23079.654958899842,96.08936634780095,89.09,1436.75124,0.19264433957549493,130.22657020039688,45.87041,369.70090000000005,429.272,469.138,603.6094,2.375261,4.308333333333334,206.25412759212787,5.3984,148.2732915200818,0.5664719291720003,523.637,525.58,5.9576,2009.27,1356.52,1022.89,986.378,1235.5179443359375,5.933396816253662,100.37727355957031,57.39339828491211,0.0,0.0,1.0,1.0,PEG,DEU,-0.95999998,0.33083227276802063,0.06889594346284866,0.04259059578180313,0.02375260926783085,,,0.0315743125975132,0.037321630865335464,0.03617929294705391,0.30037224292755127,0.022887956351041794,,,,0.04308333247900009,0.029762862250208855,0.10652267187833786,0.12316048890352249,0.033171601593494415,0.157298,0.23128,0.611422,3.0,-0.073982,0.014912000000000009,0.064439,0.04952799999999999,0.21685500000000002,0.11111930038926629,-0.03116866666666666,0.12087439638870315,0.026405100000000035,-0.05867420000000002,0.092859,0.25258,0.216368,0.328217,0.690772,0.419204,-0.12351,-0.075637,-0.11184899999999998,0.22223699999999996,-0.15972100000000003,0.04095900000000002,-0.047873,-0.181278,0.20851853333333334,0.1753778923076923,0.11210784328606688,0.06294778029180664,0.029726520000000003,0.021288716923076923,-0.05939515999999999,0.0018258594871794957
2004,Denmark,DNK,128,5413.392,23525.718634718723,97.89024731551054,93.22,1506.0008,0.2080786606431039,131.37953275664495,52.380959999999995,400.1245,452.3997,536.546,680.7305,2.161666666666667,4.305,224.67969885087834,5.2041,153.3908023987082,0.5359870302506989,575.725,549.349,5.4676,2192.1,1449.173,1125.49,1066.61,1319.3929443359375,5.717918872833252,103.24017333984375,56.59328842163086,0.0,0.0,1.0,1.0,PEG,DEU,-0.26967001,0.24031348526477814,0.12654712796211243,0.08519765734672546,0.02161666750907898,,,0.08933644741773605,0.037210676819086075,0.03415903076529503,0.21575327217578888,0.01980162411928177,,,,0.043049998581409454,0.0240738894790411,0.1338360756635666,0.15000209212303162,0.05340716242790222,0.143708,0.134813,0.721479,3.0,0.008896,-0.09646700000000002,-0.013589999999999991,0.08287800000000001,0.2586216666666667,0.06073075623054048,-0.09104299999999999,0.028129420950314645,-0.05653,0.03031269999999999,0.157298,0.092859,0.23128,0.216368,0.611422,0.690772,-0.073982,-0.12351,0.014912000000000009,-0.11184899999999998,0.064439,-0.15972100000000003,0.04952799999999999,-0.047873,0.21685500000000002,0.20851853333333334,0.11111930038926629,0.11210784328606688,0.026405100000000035,0.029726520000000003,-0.05867420000000002,-0.05939515999999999
2005,Denmark,DNK,128,5432.335,24016.885909203032,100.0,96.89,1585.98417,0.21172761664564943,133.5816440509796,67.569035,435.1274,493.67859999999996,643.536,781.4231,2.1994750833333336,3.4041666666666672,264.1658961828028,4.8299,158.63170129845608,0.4535869784682926,631.177,547.75,6.3241,2521.81,1615.658,1304.72,1217.09,1507.1529541015625,5.711240768432617,113.6417007446289,58.358028411865234,0.0,0.0,1.0,1.0,PEG,DEU,0.041669998,0.43154194951057434,0.2107134908437729,0.07861414551734924,0.021994750946760178,,,0.17574328184127808,0.03497020900249481,0.02974306419491768,0.3956402838230133,0.025079023092985153,,,,0.034041665494441986,0.03500129655003548,0.2349425107240677,0.2608046233654022,0.05030445009469986,0.276726,0.134302,0.588972,2.0,0.142425,-0.0005109999999999837,0.13301800000000003,0.133529,0.19415366666666667,0.051928585348855104,-0.06286533333333334,0.06689934541782404,-0.03426650000000002,0.0880683,0.143708,0.157298,0.134813,0.23128,0.721479,0.611422,0.008896,-0.073982,-0.09646700000000002,0.014912000000000009,-0.013589999999999991,0.064439,0.08287800000000001,0.04952799999999999,0.2586216666666667,0.21685500000000002,0.06073075623054048,0.11111930038926629,-0.05653,0.026405100000000035,0.03031269999999999,-0.05867420000000002
2006,Denmark,DNK,128,5450.661,24748.725842375054,103.5720357286734,100.0,1682.26021,0.2327171134755989,136.09834267307636,53.05553100000001,499.9485,539.7677,699.268,867.8161,3.181489816017316,3.811666666666667,321.1398758420288,3.897,164.88521673338556,0.41022394371376386,647.12,556.848,5.6614,2862.4,1778.392,1464.61,1397.79,1848.4940185546875,6.181905269622803,131.1616668701172,60.493858337402344,0.0,0.0,1.0,1.0,PEG,DEU,0.74583,0.22443418204784393,0.24602527916431427,-0.012141002342104912,0.031814899295568466,,,0.2156749963760376,0.03035028837621212,0.024965791031718254,0.15219047665596008,0.05900171026587486,,,,0.03811666741967201,0.06798120588064194,0.21751731634140015,0.24119539558887482,0.009836948476731777,0.349151,0.108793,0.542056,2.0,0.240358,-0.025509000000000004,0.07242499999999996,0.09793299999999999,0.16679833333333335,0.05584334590918891,0.02577966666666666,0.10918695463439454,-0.036797199999999995,0.10765490000000001,0.276726,0.143708,0.134302,0.134813,0.588972,0.721479,0.142425,0.008896,-0.0005109999999999837,-0.09646700000000002,0.13301800000000003,-0.013589999999999991,0.133529,0.08287800000000001,0.19415366666666667,0.2586216666666667,0.051928585348855104,0.06073075623054048,-0.03426650000000002,-0.05653,0.0880683,0.03031269999999999
2007,Denmark,DNK,128,5468.12,25060.287630849358,104.05131066273592,101.5,1738.8453,0.23516218081435472,138.35236087649176,24.071911999999998,528.9594000000001,553.4892,755.095,986.3487,4.3275,4.285833333333333,335.8076872275789,3.801,169.5873746516259,0.3406389801234498,712.148,624.983,5.0753,3228.84,1953.2841,1599.8600000000001,1628.98,1873.093017578125,5.692542552947998,132.36778259277344,59.92905807495117,0.0,0.0,1.0,1.0,PEG,DEU,1.02334,0.07134317606687546,0.0711543932557106,0.0030361106619238853,0.04327499866485596,,,0.04567478224635124,0.02547960914671421,0.02436666749417782,0.05493233725428581,0.015318005345761776,,,,0.04285833239555359,0.016159459948539734,0.06706037372350693,0.07119691371917725,0.02315555512905121,0.178711,0.389596,0.431693,6.0,-0.210885,0.280803,-0.17043999999999998,-0.45124299999999995,0.12596933333333332,0.014877335122034444,0.13055966666666666,0.11618628990691342,0.07388400000000002,-0.05614099999999995,0.349151,0.276726,0.108793,0.134302,0.542056,0.588972,0.240358,0.142425,-0.025509000000000004,-0.0005109999999999837,0.07242499999999996,0.13301800000000003,0.09793299999999999,0.133529,0.16679833333333335,0.19415366666666667,0.05584334590918891,0.051928585348855104,-0.036797199999999995,-0.03426650000000002,0.10765490000000001,0.0880683
2008,Denmark,DNK,128,5484.723,24788.599964993653,102.91210430998315,100.16,1801.46991,0.22941992783791285,143.38575812068527,47.975275,552.4937,588.8968000000001,755.19,1064.7392,4.880833333333333,4.281666666666667,320.66437722889975,3.4337,176.8484554987541,0.4217385360204591,718.412,657.933,5.2849,3473.11,2096.29,1641.7,1831.41,2072.2041015625,4.890776634216309,135.5818634033203,62.721370697021484,1.0,1.0,1.0,1.0,PEG,DEU,-0.04084,-0.4795536398887634,-0.02016211487352848,0.12009971588850021,0.04880833253264427,,,-0.04509719833731651,0.024935083463788033,0.026112692430615425,-0.48962366580963135,0.019348829984664917,,,,0.04281666502356529,0.00987518485635519,-0.06334444880485535,-0.08508022129535675,0.0844540223479271,0.179278,0.370885,0.449838,3.0,-0.191607,-0.018710999999999978,0.0005669999999999842,0.01927799999999999,0.210897,0.15528257056411707,0.05729933333333332,0.23736016010765862,0.0990552,-0.1453339,0.178711,0.349151,0.389596,0.108793,0.431693,0.542056,-0.210885,0.240358,0.280803,-0.025509000000000004,-0.17043999999999998,0.07242499999999996,-0.45124299999999995,0.09793299999999999,0.12596933333333332,0.16679833333333335,0.014877335122034444,0.05584334590918891,0.07388400000000002,-0.036797199999999995,-0.05614099999999995,0.10765490000000001
2009,Denmark,DNK,128,5519.778753287071,23275.489000110898,97.34045127192573,95.23,1722.14251,0.2016723767493177,144.8800479275552,56.91144,428.2661,491.6131,820.3,1025.5548000000001,1.80916666666667,3.5875,282.21503103949277,6.41,183.43039758964292,0.4178016060537078,679.322,717.189,5.1901,3505.81,2213.239,1738.6599999999999,1767.15,1953.324951171875,5.5941338539123535,119.81888580322266,59.47108459472656,0.0,0.0,1.0,1.0,PEG,DEU,-3.192497,0.35473018884658813,-0.09303141385316849,0.005764995235949755,0.01809166744351387,,,-0.11990432441234589,0.0268729105591774,0.030534079298377037,0.3214316964149475,0.02457941137254238,,,,0.035875000059604645,0.032480012625455856,-0.004872308112680912,-0.007162388879805803,0.011928331106901169,0.150986,0.406657,0.442358,2.0,-0.255671,0.03577199999999997,-0.028291999999999984,-0.06406399999999998,0.289758,0.15699927961299698,-0.054044666666666664,0.2551423287624642,0.08748810000000001,-0.14688089999999998,0.179278,0.178711,0.370885,0.389596,0.449838,0.431693,-0.191607,-0.210885,-0.018710999999999978,0.280803,0.0005669999999999842,-0.17043999999999998,0.01927799999999999,-0.45124299999999995,0.210897,0.12596933333333332,0.15528257056411707,0.014877335122034444,0.0990552,0.07388400000000002,-0.1453339,-0.05614099999999995
2010,Denmark,DNK,128,5543.81698411249,23512.631491157776,98.72218740940485,95.55085137920801,1810.9256,0.18112540725606052,148.06524462114643,118.85107337999999,465.01390000000004,540.8948,800.4,977.6976999999999,0.701866666666667,2.9275,289.99471668207633,7.75,190.12895616883264,0.42600000000000005,717.728,765.158,5.6133,3541.93,2281.1799,1776.58,1765.35,2041.6669921875,5.83685827255249,120.03690338134766,59.686790466308594,0.0,0.0,1.0,1.0,PEG,DEU,-0.24250001,0.32678353786468506,0.059004202485084534,0.0763423815369606,0.007018666714429855,,,0.027567634359002113,0.03143656998872757,0.030593188479542732,0.31182366609573364,0.011275287717580795,,,,0.02927500009536743,0.014791189692914486,0.11144804954528809,0.12091629952192307,0.04168052226305008,0.162962,0.320282,0.516756,4.0,-0.15732,-0.08637499999999998,0.011975999999999987,0.098351,0.389046,0.017892341126862582,-0.21938766666666665,0.0328674691653214,-0.017216999999999965,0.009663100000000006,0.150986,0.179278,0.406657,0.370885,0.442358,0.449838,-0.255671,-0.191607,0.03577199999999997,-0.018710999999999978,-0.028291999999999984,0.0005669999999999842,-0.06406399999999998,0.01927799999999999,0.289758,0.210897,0.15699927961299698,0.15528257056411707,0.08748810000000001,0.0990552,-0.14688089999999998,-0.1453339
2011,Denmark,DNK,128,5569.8584008400285,23715.906279706047,99.63081714024665,95.4206560030872,1846.8536100000001,0.18160160268558123,151.99758621817264,121.63380444,514.9515,604.4182,775.2,947.4795,0.887733333333333,2.73058333333333,281.90463611147794,7.77,193.58493892239454,0.461,743.6,784.29,5.7456,3527.31,2333.6001,1816.8999999999999,1710.41,1981.468994140625,6.275284767150879,109.87681579589844,59.70756149291992,0.0,0.0,1.0,1.0,PEG,DEU,0.425834,-0.1632012575864792,0.0036418531090021133,0.1424882709980011,0.008877333253622055,,,-0.027897031977772713,0.031538885086774826,0.032443974167108536,-0.17715081572532654,0.01667013391852379,,,,0.027305833995342255,0.013717005960643291,-0.015285641886293888,-0.030255218967795372,0.07568280398845673,0.295045,0.3143,0.390655,4.0,-0.019255,-0.005981999999999987,0.132083,0.138065,0.3659413333333334,0.043399193959489005,-0.20153266666666667,0.04992112723420168,-0.02561299999999997,0.06154069999999999,0.162962,0.150986,0.320282,0.406657,0.516756,0.442358,-0.15732,-0.255671,-0.08637499999999998,0.03577199999999997,0.011975999999999987,-0.028291999999999984,0.098351,-0.06406399999999998,0.389046,0.289758,0.017892341126862582,0.15699927961299698,-0.017216999999999965,0.08748810000000001,0.009663100000000006,-0.14688089999999998
2012,Denmark,DNK,128,5589.890259861211,23685.473022240287,99.48142343329201,95.54940917196097,1895.00225,0.18775725593667547,155.57601707146648,119.04402564,528.6781,614.5469,851.4,1018.8916999999999,0.0800866666666667,1.40333333333333,272.7711002509576,7.8,197.88082771605906,0.449,765.454,832.775,5.6591,3519.09,2389.8689,1844.8400000000001,1674.25,2054.302001953125,6.41616678237915,102.19996643066406,56.61376190185547,0.0,0.0,1.0,1.0,PEG,DEU,-0.55416697,0.26641517877578735,0.0009321980178356171,0.061103448271751404,0.0008008666918613017,,,-0.032400984317064285,0.0333331823348999,0.03444937616586685,0.2420123666524887,0.019269218668341637,,,,0.014033333398401737,0.02393260784447193,0.0592370331287384,0.06367714703083038,0.030952157452702522,0.199717,0.325505,0.474778,4.0,-0.125788,0.011204999999999965,-0.095328,-0.10653300000000002,0.3470796666666667,0.0516821058620229,-0.144082,0.11876264036724686,-0.02494379999999999,0.052771399999999996,0.295045,0.162962,0.3143,0.320282,0.390655,0.516756,-0.019255,-0.15732,-0.005981999999999987,-0.08637499999999998,0.132083,0.011975999999999987,0.138065,0.098351,0.3659413333333334,0.389046,0.043399193959489005,0.017892341126862582,-0.02561299999999997,-0.017216999999999965,0.06154069999999999,0.009663100000000006
2013,Denmark,DNK,128,5611.925304784513,23812.608841195244,99.99219359369157,95.41774985154557,1929.67703,0.1905477535368192,156.3892253137315,149.72363843,545.9699,620.2704,878.2493000000001,1023.7736,-0.0231016666666667,1.74583333333333,283.3870642927169,7.38,200.7823089611637,0.44,779.085,807.141,5.4127,3549.7399417579345,2386.37860014605,1780.6421016364302,1769.0978401215043,1933.93603515625,7.3986053466796875,96.5702133178711,50.5769157409668,0.0,0.0,1.0,1.0,PEG,DEU,-0.16583334,0.3064801096916199,0.07414014637470245,-0.06716862320899963,-0.00023101666010916233,,,0.03891932964324951,0.03522082045674324,0.0339014008641243,0.2796801030635834,0.020513126626610756,,,,0.01745833270251751,0.026250239461660385,0.11671347171068192,0.13800014555454254,-0.033699821680784225,0.271363,0.305581,0.423056,5.0,-0.034219,-0.019923999999999997,0.07164600000000002,0.09156900000000001,0.32002899999999995,0.005606782767327995,-0.10078766666666666,0.07234810679163171,-0.003289799999999983,0.026277000000000002,0.199717,0.295045,0.325505,0.3143,0.474778,0.390655,-0.125788,-0.019255,0.011204999999999965,-0.005981999999999987,-0.095328,0.132083,-0.10653300000000002,0.138065,0.3470796666666667,0.3659413333333334,0.0516821058620229,0.043399193959489005,-0.02494379999999999,-0.02561299999999997,0.052771399999999996,0.06154069999999999
2014,Denmark,DNK,128,5635.9635356099325,24091.598009098896,101.09752202160591,95.80039549979931,1981.16499,0.191574369089162,156.93975313731517,176.79916459999998,555.2432,620.6228000000001,946.0664,1087.4353,0.0641158333333333,1.32666666666667,294.08091577546094,6.93,205.85885204249104,0.443,841.417,822.746,6.1214,3567.7748507270217,2409.7489023815415,1774.5964517156365,1793.1783990113852,2408.073974609375,7.588757038116455,92.03229522705078,51.62076187133789,0.0,0.0,1.0,1.0,PEG,DEU,0.0075,0.19768305122852325,0.07225508987903595,0.1434582769870758,0.0006411583162844181,,,0.03771258890628815,0.0345425009727478,0.033287156373262405,0.17564089596271515,0.01840399019420147,,,,0.013266666792333126,0.021636484190821648,0.1055741161108017,0.11017874628305435,0.07204971462488174,0.208561,0.229823,0.561616,6.0,-0.021262,-0.07575799999999999,-0.06280200000000002,0.012957,0.31512866666666667,0.009987815593679072,-0.059754,0.05767449341780134,-0.02733549999999998,0.008554799999999993,0.271363,0.199717,0.305581,0.325505,0.423056,0.474778,-0.034219,-0.125788,-0.019923999999999997,0.011204999999999965,0.07164600000000002,-0.095328,0.09156900000000001,-0.10653300000000002,0.32002899999999995,0.3470796666666667,0.005606782767327995,0.0516821058620229,-0.003289799999999983,-0.02494379999999999,0.026277000000000002,0.052771399999999996
2015,Denmark,DNK,128,5669.016102994885,24514.557239993457,102.73752119090491,97.2954194045006,2036.35622,0.19850629365892267,157.2936638810475,167.8975522,573.0576,636.1338000000001,1043.6434,1157.5873000000001,-0.126008333333333,0.69,314.52504361011864,6.28,210.29130650961565,0.39799999999999996,800.631,832.542,6.83,3590.98465083291,2463.339910740465,1789.4956195281184,1801.4890313047918,2628.888916015625,8.942802442739557,98.24615309055473,48.7539368707184,0.0,0.0,1.0,1.0,PEG,DEU,-0.20416667,0.3398592174053192,0.027883974835276604,-0.02894405834376812,-0.0012600832851603627,,,-0.0060418532229959965,0.03392582759261131,0.03413204848766327,0.2927439510822296,0.03516435623168945,,,,0.006899999920278788,0.045458510518074036,0.12077946215867996,0.13620345294475555,-0.01510207075625658,0.187304,0.337832,0.474864,2.0,-0.150528,0.10800900000000002,-0.021256999999999998,-0.129266,0.2869696666666666,0.05048314151608767,-0.060423000000000004,0.05697726196475231,-0.003877700000000005,-0.0061262999999999864,0.208561,0.271363,0.229823,0.305581,0.561616,0.423056,-0.021262,-0.034219,-0.07575799999999999,-0.019923999999999997,-0.06280200000000002,0.07164600000000002,0.012957,0.09156900000000001,0.31512866666666667,0.32002899999999995,0.009987815593679072,0.005606782767327995,-0.02733549999999998,-0.003289799999999983,0.008554799999999993,0.026277000000000002
2016,Denmark,DNK,128,5716.090971694665,25099.862459640426,105.24779114713674,98.87776356649142,2107.8082200000003,0.21024772899903366,157.32040380390728,163.86107166000002,568.2477,637.3154000000001,1122.3316,1221.8437,-0.440208333333333,0.320833333,329.3911069615107,5.99,210.85235800453802,0.37200000000000005,811.539,821.394,7.0528,3645.955928917205,2505.259517479396,1786.3587610891743,1859.5971678280305,2749.658935546875,8.474193928448052,96.47187508989246,48.4231736195434,0.0,0.0,1.0,1.0,PEG,DEU,-0.21250001,-0.060600001364946365,0.08674280345439911,0.047262340784072876,-0.0044,,,0.05215001106262207,0.03459279239177704,0.032878194004297256,-0.08269999921321869,0.02409244515001774,,,,0.0032029999999999997,0.022099999710917473,0.036892522126436234,0.038531024008989334,0.021431170403957367,0.238639,0.141555,0.619806,3.0,0.097085,-0.19627700000000003,0.05133499999999999,0.247613,0.2910786666666667,0.05544568760808487,-0.06866966666666667,0.07118680365301805,-0.0384069,0.0264646,0.187304,0.208561,0.337832,0.229823,0.474864,0.561616,-0.150528,-0.021262,0.10800900000000002,-0.07575799999999999,-0.021256999999999998,-0.06280200000000002,-0.129266,0.012957,0.2869696666666666,0.31512866666666667,0.05048314151608767,0.009987815593679072,-0.003877700000000005,-0.02733549999999998,-0.0061262999999999864,0.008554799999999993
2017,Denmark,DNK,128,5758.157875639151,25621.121158169746,107.52362214728659,100.49167943485462,2192.96,0.21225709934311882,158.9845707677688,175.6341664,607.349,669.193,1180.7776000000001,1285.1412,-0.435566666666667,0.515,344.02048962588276,5.83,214.18679740403974,0.359,851.274,816.476,6.2077,3686.01250337661,2567.6912064871067,1796.3981349158714,1889.6143684607384,2808.424072265625,7.735770027221274,95.9817821519965,44.680459146648545,0.0,0.0,1.0,1.0,PEG,DEU,-0.035,0.18719999492168427,0.07885439693927765,0.03171081840991974,-0.0044,,,0.04545450210571289,0.03339989855885506,0.03194773197174072,0.15680000185966492,0.026279391720891,,,,0.004764,0.030400000512599945,0.1064467802643776,0.11575157940387726,0.013655409216880798,0.150898,0.113748,0.735355,6.0,0.03715,-0.027806999999999985,-0.08774099999999999,-0.059935,0.2364033333333333,0.09830381870676916,-0.024901666666666666,0.12384661813038472,-0.054450199999999976,0.04228489999999999,0.238639,0.187304,0.141555,0.337832,0.619806,0.474864,0.097085,-0.150528,-0.19627700000000003,0.10800900000000002,0.05133499999999999,-0.021256999999999998,0.247613,-0.129266,0.2910786666666667,0.2869696666666666,0.05544568760808487,0.05048314151608767,-0.0384069,-0.003877700000000005,0.0264646,-0.0061262999999999864
2018,Denmark,DNK,128,5790.208850073045,25984.599086668273,109.12043949684238,103.48437548556879,2253.31625,0.21727301536891372,160.11236633779592,164.0863983,641.1618000000001,685.1537,1229.0721,1325.9651999999999,-0.490816666666667,0.456666667,360.22171512530304,5.13,217.53477557933707,0.34,853.733,836.331,6.5194,3773.3113233940558,2641.9618537182578,1792.590698911635,1980.7206244824208,2798.320068359375,8.12671100912581,90.19994212686471,43.465821595566744,0.0,0.0,1.0,1.0,PEG,DEU,-0.00666667,-0.0794999971985817,0.07605862617492676,0.020567787811160088,-0.0049,,,0.04372823238372803,0.03233039751648903,0.03097587823867798,-0.1014999970793724,0.024485254660248756,,,,0.004548,0.02199999988079071,0.027744241058826447,0.02970801293849945,0.007833894342184067,0.222281,0.086009,0.69171,7.0,0.136272,-0.027739,0.071383,0.099122,0.19771166666666665,0.1221416725459961,-0.005430999999999996,0.12918167676957906,-0.07832760000000001,0.08004650000000002,0.150898,0.238639,0.113748,0.141555,0.735355,0.619806,0.03715,0.097085,-0.027806999999999985,-0.19627700000000003,-0.08774099999999999,0.05133499999999999,-0.059935,0.247613,0.2364033333333333,0.2910786666666667,0.09830381870676916,0.05544568760808487,-0.054450199999999976,-0.0384069,0.04228489999999999,0.0264646
2019,Denmark,DNK,128,5815.2486738495245,26420.26913823733,111.0296260927955,104.37889515293675,2318.04186,0.21301502128522387,161.27791238715446,202.89821626000003,648.3356,733.6877,1308.6801,1392.4675,-0.550208333333333,-0.181666667,369.6606352813439,5.02,219.9879007695225,0.336,926.364,837.009,6.6759,3859.9512346877887,2735.349033836877,1800.9122552247013,2059.0389794630873,3139.545654296875,7.2738699365025274,92.05579165269684,49.17100196989775,0.0,0.0,1.0,1.0,PEG,DEU,-0.03083333,0.2971000075340271,0.054962657392024994,0.06944725662469864,-0.0055000000000000005,,,0.023711800575256348,0.031250856816768646,0.030527006834745407,0.2687000036239624,0.022385118529200554,,,,-0.0018340000000000001,0.02839999832212925,0.12817172706127167,0.1368006467819214,0.03197362646460533,0.162276,0.184777,0.652947,6.0,-0.022501,0.098768,-0.060005,-0.158773,0.11377066666666667,0.027773006937192327,0.090169,0.04992159866230243,0.010192700000000004,-0.0259636,0.222281,0.150898,0.086009,0.113748,0.69171,0.735355,0.136272,0.03715,-0.027739,-0.027806999999999985,0.071383,-0.08774099999999999,0.099122,-0.059935,0.19771166666666665,0.2364033333333333,0.1221416725459961,0.09830381870676916,-0.07832760000000001,-0.054450199999999976,0.08004650000000002,0.04228489999999999
2020,Denmark,DNK,128,5832.275754017531,25801.54394040855,108.42338766780848,102.7006055501023,2329.5614,0.22365331111371153,161.81585671762764,191.93253079000002,631.4569,700.4281,1465.3546000000001,1532.0273,-0.147475,-0.358333333,388.5369029720636,5.64,222.44339932333247,0.42100000000000004,919.975,929.868,6.0576,3933.1891588577173,2834.204571553108,1813.92394290934,2119.2652159483773,3038.8369140625,6.950581450814679,91.38091300507958,51.91221686322748,0.0,0.0,1.0,1.0,PEG,DEU,-0.06833334,0.30570000410079956,0.08187875151634216,0.017344053834676743,-0.0015,,,0.05106377601623535,0.03081497550010681,0.029317893087863922,0.2854999899864197,0.015713728964328766,,,,-0.0035930000000000003,0.02019999921321869,0.15378309786319733,0.16861592233181,0.007922027260065079,0.162276,0.184777,0.652947,0.0,-0.022501,0.0,0.0,0.0,0.128178,0.05094063339810372,0.050307,0.08020003970697272,0.03118549999999999,-0.033772599999999986,0.162276,0.222281,0.184777,0.086009,0.652947,0.69171,-0.022501,0.136272,0.098768,-0.027739,-0.060005,0.071383,-0.158773,0.099122,0.11377066666666667,0.19771166666666665,0.027773006937192327,0.1221416725459961,0.010192700000000004,-0.07832760000000001,-0.0259636,0.08004650000000002
1997,Spain,ESP,184,40049.974,13724.7489197756,79.78740882386086,78.70377635521797,86398925.448,0.2226044254501022,135.6939412944318,-626565.8183142599,22028674.47,22178421.87,21835000.0,71809868.196,5.48583333333333,6.401666666666666,126.6990291262135,20.6976,151.52525083799563,0.642495,16825617.864,19366498.47,151.702,58958139.181458004,24386040.0,24200342.87814,34757796.30331801,49017564.0,6.449583530426025,89.17826843261719,50.123023986816406,0.0,0.0,1.0,1.0,PEG,DEU,-0.066750005,0.45399999618530273,0.07287962734699249,0.1692834049463272,0.054858334362506866,,,0.042966440320014954,0.02991318702697754,0.028680872172117233,0.421999990940094,0.02250351570546627,,,,0.0640166699886322,0.03199999779462814,0.12629227340221405,0.12964880466461182,0.11207087337970734,0.22611830769230767,0.19427046153846156,0.5796113846153846,,0.03184784615384616,,,,,,,,,,,,,,,,,,,,,,,,,,,,,,,
1998,Spain,ESP,184,40214.066000000006,14313.4050581335,83.16201312196313,81.87274142452874,92509451.298,0.23403821370942998,138.08577207508907,-1554733.0464468,24570054.234,24146768.25,22060787.0,72049464.036,4.34,4.833333333333333,132.86034353995527,18.6736,154.83008354230094,0.62306,18427249.5,20260823.22,142.60699,68859545.253972,28957308.0,29118944.481066,39740600.77290599,54834436.0,6.211243629455566,102.14696502685547,52.847572326660156,0.0,0.0,1.0,1.0,PEG,DEU,0.1725,0.39500001072883606,0.07891501486301422,0.17690154910087585,0.04340000078082085,,,0.048786915838718414,0.03012809529900551,0.028726613149046898,0.3720000088214874,0.016763849183917046,,,,0.04833333194255829,0.023000001907348633,0.1318243145942688,0.1366790384054184,0.1101507768034935,0.17760269230769232,0.22879507692307693,0.5936025384615384,,-0.051192153846153846,0.034524615384615376,-0.04851561538461535,-0.08304,,,,,,,0.22611830769230767,,0.19427046153846156,,0.5796113846153846,,0.03184784615384616,,,,,,,,,,,,,,,
1999,Spain,ESP,184,40369.667,14934.3636609189,86.7964732161892,85.55557005146295,99119967.078,0.24874477550663285,141.17325937022324,-3210683.85798732,28036041.0,26119607.052,24928862.16484125,78442180.542,2.72333333333333,4.7275,142.13032113517542,15.4756,158.04196965728718,0.608039,19669986.533999998,20880943.842,165.62412900656977,79360387.340124,34884800.0,34456924.16001,44903463.18011399,64074572.0,5.953969955444336,109.45350646972656,54.22970962524414,0.0,0.0,1.0,1.0,PEG,DEU,-0.68199998,0.19699999690055847,0.09950725734233856,-0.06519570201635361,0.027233334258198738,,,0.0697406753897667,0.029766585677862167,0.027825983241200447,0.16200000047683716,0.0301204826682806,,,,0.04727499932050705,0.03500000014901161,0.0969943106174469,0.1197676807641983,-0.01898118481040001,0.20540640000000002,0.1913586,0.6032351333333333,,0.014047866666666664,-0.037436476923076945,0.027803707692307694,0.0652400205128205,0.21153276923076925,0.024412589656318935,-0.009672153846153844,0.05871814710973091,,,0.17760269230769232,0.22611830769230767,0.22879507692307693,0.19427046153846156,0.5936025384615384,0.5796113846153846,-0.051192153846153846,0.03184784615384616,0.034524615384615376,,-0.04851561538461535,,-0.08304,,,,,,,,,
2000,Spain,ESP,184,40554.386999999995,15652.5359751821,90.97689992081408,89.01163449104907,107793336.486,0.26144371373307546,146.0919601372892,-4645892.8025466,33975355.655999996,30789396.528,27725164.99342509,84956358.828,4.11166666666667,5.525833333333334,152.79126213592198,13.7852,161.0062929732589,0.578153,20858148.96,22167107.621999998,178.81354110693175,93077512.070004,41733148.0,40571120.152398005,52506391.917605996,75901184.0,6.812626838684082,113.84555053710938,53.474735260009766,0.0,0.0,1.0,1.0,PEG,DEU,1.38,-0.10400000214576721,0.10396643728017807,0.08714491873979568,0.04111666604876518,,,0.0750865489244461,0.028879890218377113,0.02686285227537155,-0.12700000405311584,0.026345932856202126,,,,0.055258333683013916,0.023000000044703484,0.06362505257129669,0.06353539228439331,0.06413079053163528,0.334263,0.170663,0.495074,1.0,0.1636,-0.02069559999999998,0.12885659999999996,0.14955213333333334,0.20480804615384618,0.020824335961749433,-0.0017654803418803416,0.043720211089489744,-0.01082588615384613,0.04604964820512819,0.20540640000000002,0.17760269230769232,0.1913586,0.22879507692307693,0.6032351333333333,0.5936025384615384,0.014047866666666664,-0.051192153846153846,-0.037436476923076945,0.034524615384615376,0.027803707692307694,-0.04851561538461535,0.0652400205128205,-0.08304,0.21153276923076925,,0.024412589656318935,,,,,
2001,Spain,ESP,184,40766.049,16181.1816495428,94.12254631316218,91.8685715982813,116635421.298,0.2623154469871113,151.3359826273017,-5102799.681787501,35148709.728,32496516.888,31976078.888252035,96745472.472,4.36083333333333,5.116666666666666,167.30769230769198,10.3479,165.8661244748978,0.5404950000000001,22512691.344,23236969.601999998,188.79609667536593,103966924.699572,49425376.0,46885720.594416,57081204.105156,87653080.0,6.465208053588867,113.23381805419922,53.124969482421875,0.0,0.0,1.0,1.0,PEG,DEU,0.26100001,-0.036376893520355225,0.1228020042181015,0.05825338512659073,0.04360833391547203,,,0.09479930996894836,0.028002696111798286,0.025577927008271217,-0.06393705308437347,0.02944263257086277,,,,0.05116666480898857,0.0275601577013731,0.09001309424638748,0.09622114896774292,0.05093085765838623,0.334263,0.170663,0.495074,0.0,0.1636,0.0,0.0,0.0,0.19693889230769232,0.02946505283428321,0.04215190427350427,0.11011945802546598,-0.019509183076923065,0.07939285948717949,0.334263,0.20540640000000002,0.170663,0.1913586,0.495074,0.6032351333333333,0.1636,0.014047866666666664,-0.02069559999999998,-0.037436476923076945,0.12885659999999996,0.027803707692307694,0.14955213333333334,0.0652400205128205,0.20480804615384618,0.21153276923076925,0.020824335961749433,0.024412589656318935,-0.01082588615384613,,0.04604964820512819,
2002,Spain,ESP,184,41423.520000000004,16368.2759640002,95.36126630037234,93.13869727923834,124714959.072,0.2662380820191969,156.03371014859266,-4651867.973385599,35600114.946,33116803.895999998,35249611.38723855,103940502.27,3.275,4.95916666666667,195.68707991038045,11.1461,171.2082414613863,0.5124989999999999,22445637.786,23090217.15,158.65929245732812,116746912.563336,58961420.0,53252409.338436,63494503.2249,97115248.0,6.431268215179443,117.96615600585938,52.996150970458984,0.0,0.0,1.0,1.0,PEG,DEU,-1.095,-0.20465430617332458,0.19600966572761536,0.12270617485046387,0.032749999314546585,,,0.16934646666049957,0.026663199067115784,0.022801795974373817,-0.23096798360347748,0.034216612577438354,,,,0.04959166795015335,0.026313669979572296,0.1391044557094574,0.1480601280927658,0.07772808521986008,0.369484,0.179613,0.450903,1.0,0.189871,0.008949999999999986,0.035221,0.026271000000000017,0.17756153333333335,0.011948610231040852,0.11374928888888887,0.08634396443788281,-0.003523679999999991,0.05274694000000001,0.334263,0.334263,0.170663,0.170663,0.495074,0.495074,0.1636,0.1636,0.0,-0.02069559999999998,0.0,0.12885659999999996,0.0,0.14955213333333334,0.19693889230769232,0.20480804615384618,0.02946505283428321,0.020824335961749433,-0.019509183076923065,-0.01082588615384613,0.07939285948717949,0.04604964820512819
2003,Spain,ESP,184,42196.231,16555.1049798743,96.63573911068966,93.604678745963,133485830.676,0.27654604018559453,160.7764507384674,-5183254.80514908,37155491.274,34210958.232,38513373.8299806,113718341.946,2.3116666666666665,4.1241666666666665,234.77408513816235,11.2834,175.81511304545546,0.477117,23151613.584,24021313.206,131.73871733966746,133476920.372928,71693168.0,61897714.087044,71579206.285884,110365880.0,5.970907211303711,124.6050796508789,54.79531478881836,0.0,0.0,1.0,1.0,PEG,DEU,-0.95999998,0.32978054881095886,0.22350084781646729,0.05054610222578049,0.023116666823625565,,,0.19972650706768036,0.02377433329820633,0.019816460087895393,0.27443650364875793,0.04342629015445709,,,,0.04124166816473007,0.055344048887491226,0.21513670682907104,0.23690849542617798,0.036831386387348175,0.233635,0.067485,0.69888,5.0,0.166151,-0.11212799999999999,-0.13584899999999997,-0.02372000000000002,0.17364633333333335,0.005167284909247266,0.172357,0.015167568921880665,-0.030058399999999992,0.0033923999999999894,0.369484,0.334263,0.179613,0.170663,0.450903,0.495074,0.189871,0.1636,0.008949999999999986,0.0,0.035221,0.0,0.026271000000000017,0.0,0.17756153333333335,0.19693889230769232,0.011948610231040852,0.02946505283428321,-0.003523679999999991,-0.019509183076923065,0.05274694000000001,0.07939285948717949
2004,Spain,ESP,184,42859.172,16814.7121295838,98.20142880333874,95.86884610165399,142998284.68199998,0.2852371665389705,165.6624147283815,-7839165.96626724,41629943.585999995,36338702.4,42677484.53278942,123331958.64,2.0408333333333335,4.10333333333333,277.81926811052966,11.0902,179.68052365261113,0.453655,25088679.395999998,26576336.621999998,122.15402687027384,157350792.62166,88457840.0,73449880.09062,83900912.53104,124804216.0,6.466372489929199,128.19442749023438,54.33646011352539,0.0,0.0,1.0,1.0,PEG,DEU,-0.26967001,0.23081998527050018,0.20368196070194244,0.10246747732162476,0.020408334210515022,,,0.18305307626724243,0.02062889002263546,0.01743699423968792,0.1869848221540451,0.036929842084646225,,,,0.04103333503007889,0.04383516311645508,0.19346702098846436,0.20717346668243408,0.061437904834747314,0.277713,0.03155,0.690737,11.0,0.246163,-0.035935,0.04407799999999998,0.080012,0.13925366666666666,0.062314378447781496,0.17320733333333335,0.014487416620410056,-0.05294669999999999,0.022396900000000008,0.233635,0.369484,0.067485,0.179613,0.69888,0.450903,0.166151,0.189871,-0.11212799999999999,0.008949999999999986,-0.13584899999999997,0.035221,-0.02372000000000002,0.026271000000000017,0.17364633333333335,0.17756153333333335,0.005167284909247266,0.011948610231040852,-0.030058399999999992,-0.003523679999999991,0.0033923999999999894,0.05274694000000001
2005,Spain,ESP,184,43662.613,17105.212509267,100.0,97.90753860128491,154299221.802,0.29891700320020287,171.2419891842005,-11192865.549517078,45954981.269999996,38542817.742,83717357.33044903,137604716.106,2.086666666666667,3.3875,318.38125466766155,9.1463,186.48177626177463,0.424302,28048686.336,27275324.208,141.04094261252862,200098562.612652,118081120.0,95880487.06453799,104218075.54811402,150774112.0,6.073286533355713,129.6324005126953,54.05338668823242,0.0,0.0,1.0,1.0,PEG,DEU,0.041669998,0.2578282356262207,0.16383717954158783,0.07018428295850754,0.020866665989160538,,,0.14565499126911163,0.018182193860411644,0.01587056741118431,0.20556586980819702,0.04335090517997742,,,,0.0338749997317791,0.05226237326860428,0.16519343852996826,0.17586247622966766,0.04552547633647919,0.221135,0.024673,0.754192,8.0,0.196462,-0.006877000000000001,-0.05657799999999999,-0.049700999999999995,0.09288266666666667,0.07722981351999585,0.20072833333333331,0.04109612270437847,-0.050075500000000016,0.009978500000000005,0.277713,0.233635,0.03155,0.067485,0.690737,0.69888,0.246163,0.166151,-0.035935,-0.11212799999999999,0.04407799999999998,-0.13584899999999997,0.080012,-0.02372000000000002,0.13925366666666666,0.17364633333333335,0.062314378447781496,0.005167284909247266,-0.05294669999999999,-0.030058399999999992,0.022396900000000008,0.0033923999999999894
2006,Spain,ESP,184,44360.521,17520.684152159,102.36220472440945,100.0,167022093.678,0.30027305610650484,177.2614640829975,-14783125.511439782,51669674.826,42158551.908,95213707.35903117,155406853.40399998,2.8275,3.785,361.7017708602335,8.4522,192.15482488512495,0.39063899999999996,31063434.27,29713045.494,126.33712984054668,251014164.10685998,147058736.0,116519190.361068,134494973.74579197,192509184.0,5.911002159118652,131.81222534179688,51.67378616333008,0.0,0.0,1.0,1.0,PEG,DEU,0.74583,0.40547147393226624,0.11700557172298431,-0.01611456833779812,0.02827499993145466,,,0.10044299066066742,0.016562579199671745,0.015050828456878662,0.3448508381843567,0.04507610574364662,,,,0.03784999996423721,0.060620639473199844,0.1465500295162201,0.15744659304618835,0.00608021579682827,0.341083,0.050031,0.608886,10.0,0.291052,0.025358,0.11994800000000003,0.09458999999999998,0.041236,0.022990884780712557,0.20292533333333332,0.04039568101088694,-0.005923900000000012,0.03250019999999999,0.221135,0.277713,0.024673,0.03155,0.754192,0.690737,0.196462,0.246163,-0.006877000000000001,-0.035935,-0.05657799999999999,0.04407799999999998,-0.049700999999999995,0.080012,0.09288266666666667,0.13925366666666666,0.07722981351999585,0.062314378447781496,-0.050075500000000016,-0.05294669999999999,0.009978500000000005,0.022396900000000008
2007,Spain,ESP,184,45236.004,17802.3340562168,104.03543307086613,101.29377754095444,178954632.054,0.29862236515830665,182.20267138435537,-16879000.89533328,56841118.092,46500893.736,94216785.85070181,178454808.51,3.8474999999999997,4.307499999999999,397.1785621098264,8.2321,200.79384166018852,0.357646,34476011.13,32269399.998,113.02628897493369,292874730.33588,169511504.0,131320122.71353799,161554607.622342,224173456.0,5.936588287353516,133.0890350341797,52.28050231933594,0.0,0.0,1.0,1.0,PEG,DEU,1.02334,0.09162062406539917,0.07048667967319489,0.01035739853978157,0.038474999368190765,,,0.05477837473154068,0.015708301216363907,0.014892513863742352,0.05600252002477646,0.033729180693626404,,,,0.04307499900460243,0.03561810031533241,0.07024293392896652,0.07344064116477966,0.024416198953986168,0.400728,0.139156,0.460116,6.0,0.261571,0.08912500000000001,0.05964499999999995,-0.02948099999999998,0.035418,0.013114042435496387,0.24455899999999997,0.04731539534865999,0.0348176,0.014081400000000016,0.341083,0.221135,0.050031,0.024673,0.608886,0.754192,0.291052,0.196462,0.025358,-0.006877000000000001,0.11994800000000003,-0.05657799999999999,0.09458999999999998,-0.049700999999999995,0.041236,0.09288266666666667,0.022990884780712557,0.07722981351999585,-0.005923900000000012,-0.050075500000000016,0.03250019999999999,0.009978500000000005
2008,Spain,ESP,184,45983.168999999994,17681.9141763058,103.34645669291338,99.00032400551439,184612088.826,0.2783646570969437,189.6277816521101,-16436014.26817878,56047124.1,47304870.888,89765210.03146933,196494212.244,3.85,4.36666666666667,391.5060128537649,11.2545,215.33350608565172,0.39712000000000003,29002743.66,34595975.436,119.5559387799094,311122127.717742,177125984.0,136338661.904346,174783465.81339604,239175152.0,5.60120153427124,130.5260772705078,52.924644470214844,1.0,1.0,1.0,1.0,PEG,DEU,-0.04084,-0.3694705069065094,0.01762779988348484,0.09730370342731476,0.03849999979138374,,,0.0021031307987868786,0.015524669550359249,0.015492087230086327,-0.4056248068809509,0.06082742661237717,,,,0.043666668236255646,0.03615431487560272,-0.009638064540922642,-0.015987541526556015,0.0679018497467041,0.281416,0.288842,0.429742,3.0,-0.007425,0.14968599999999999,-0.11931199999999997,-0.268996,0.07128666666666666,0.06012854435568297,0.249695,0.04840037765348526,0.0881632,-0.06411419999999997,0.400728,0.341083,0.139156,0.050031,0.460116,0.608886,0.261571,0.291052,0.08912500000000001,0.025358,0.05964499999999995,0.11994800000000003,-0.02948099999999998,0.09458999999999998,0.035418,0.041236,0.013114042435496387,0.022990884780712557,0.0348176,-0.005923900000000012,0.014081400000000016,0.03250019999999999
2009,Spain,ESP,184,46367.55,16888.1328330741,98.72047244094487,94.63450174465211,177920376.678,0.23113222104078937,189.08353273196053,-7273384.998596641,42582004.278,41031453.144,99121354.08542281,193540694.35799998,0.675833333333334,3.97916666666667,365.63918752416595,17.8567,226.72759682821604,0.532613,23592536.484,40296193.41,115.49770928779668,305657287.865028,178860896.0,135428109.527766,170229178.33726203,237790752.0,5.878785610198975,128.7443084716797,53.184051513671875,0.0,0.0,1.0,1.0,PEG,DEU,-3.192497,0.3560526967048645,-0.05972938984632492,0.050090767443180084,0.006758333183825016,,,-0.07569766044616699,0.015968268737196922,0.01727602258324623,0.27229321002960205,0.06583348661661148,,,,0.039791665971279144,0.08375950157642365,-0.011362004093825817,-0.015853745862841606,0.028424549847841263,0.228455,0.297956,0.473588,6.0,-0.069501,0.009114000000000011,-0.05296100000000001,-0.06207599999999999,0.15934299999999998,0.12067853851037474,0.18173266666666665,0.16447720050004902,0.08934610000000001,-0.13506549999999998,0.281416,0.400728,0.288842,0.139156,0.429742,0.460116,-0.007425,0.261571,0.14968599999999999,0.08912500000000001,-0.11931199999999997,0.05964499999999995,-0.268996,-0.02948099999999998,0.07128666666666666,0.035418,0.06012854435568297,0.013114042435496387,0.0881632,0.0348176,-0.06411419999999997,0.014081400000000016
2010,Spain,ESP,184,46562.483,16840.7465287583,98.42519685039369,94.47018923081033,178483759.674,0.21788947421901,192.48611150718125,-6525366.25368144,48148780.68,46319532.996,96801717.27015063,183856696.386,0.453333333333333,4.25083333333333,359.17915477189007,19.8597,229.03631869418533,0.605153,28473968.952,37138519.902,124.52177817691963,306807457.71178794,176268560.0,135235448.682576,171572009.02921194,241713040.0,5.479434490203857,128.01426696777344,53.13203811645508,0.0,0.0,1.0,1.0,PEG,DEU,-0.24250001,-0.14669620990753174,-0.009017063304781914,-0.06035424768924713,0.004533333238214254,,,-0.026484930887818336,0.017467867583036423,0.017943089827895164,-0.19166156649589539,0.05562688782811165,,,,0.042508333921432495,0.04496535286307335,-0.02231304906308651,-0.02158685401082039,-0.02791045792400837,0.189252,0.184359,0.626389,9.0,0.004892,-0.113597,-0.03920299999999999,0.07439299999999999,0.24198466666666665,0.08916875722658317,0.061548333333333316,0.17598340214160346,0.01447230000000001,-0.08321130000000003,0.228455,0.281416,0.297956,0.288842,0.473588,0.429742,-0.069501,-0.007425,0.009114000000000011,0.14968599999999999,-0.05296100000000001,-0.11931199999999997,-0.06207599999999999,-0.268996,0.15934299999999998,0.07128666666666666,0.12067853851037474,0.06012854435568297,0.08934610000000001,0.0881632,-0.13506549999999998,-0.06411419999999997
2011,Spain,ESP,184,46736.257000000005,16641.4906711182,97.24409448818896,91.8175226437026,176995270.518,0.20021752965651182,198.63857956315766,-4821351.16891032,51785645.868,52275486.252,95047992.17426932,175204957.158,1.0175,5.44,331.7240156398179,21.3905,230.2302967347151,0.6985039999999999,29634677.688,36123232.53,128.59262694180384,296592015.368418,165691344.0,132015684.245412,164576331.123006,235131616.0,6.474504470825195,129.82167053222656,56.825130462646484,0.0,0.0,1.0,1.0,PEG,DEU,0.425834,-0.08770720660686493,-0.037339430302381516,0.09407396614551544,0.010174999944865704,,,-0.05546870827674866,0.01812927797436714,0.019193941727280617,-0.14553715288639069,0.06767988204956055,,,,0.0544000007212162,0.05782994627952576,-0.02927432954311371,-0.041549183428287506,0.05212448164820671,0.29025,0.144005,0.565745,7.0,0.146245,-0.040354,0.100998,0.141353,0.25705233333333327,0.06311898907882894,-0.024011333333333353,0.03987366865907025,-0.05481079999999996,0.0535403,0.189252,0.228455,0.184359,0.297956,0.626389,0.473588,0.004892,-0.069501,-0.113597,0.009114000000000011,-0.03920299999999999,-0.05296100000000001,0.07439299999999999,-0.06207599999999999,0.24198466666666665,0.15934299999999998,0.08916875722658317,0.12067853851037474,0.01447230000000001,0.08934610000000001,-0.08321130000000003,-0.13506549999999998
2012,Spain,ESP,184,46766.403,16117.7703341578,94.19291338582677,88.71315048037616,171560438.214,0.18527609860934788,203.49589887306388,147541.97686403999,50421779.826,53964803.309999995,93931951.1340363,176711915.16,0.27,5.845,282.69984160875117,24.7872,228.3744190899074,0.863068,30852623.208,44731711.398,126.10732150977718,267038617.57419,144446096.0,125736099.07155,141302518.50264,217033072.0,5.703851699829102,121.8874282836914,59.20125961303711,0.0,0.0,1.0,1.0,PEG,DEU,-0.55416697,0.05010807141661644,-0.06803562492132187,0.06485568732023239,0.0027000000700354576,,,-0.08733513206243515,0.01929950714111328,0.021146323531866074,-0.038418933749198914,0.0920640081167221,,,,0.05844999849796295,0.08852700889110565,-0.04229142144322395,-0.056966982781887054,0.03377784416079521,0.2493,0.17669,0.57401,8.0,0.072611,0.03268500000000002,-0.040950000000000014,-0.07363400000000002,0.20877333333333334,0.07982651410611219,0.027211999999999986,0.10959115351614833,-0.04041520000000001,0.05676889999999999,0.29025,0.189252,0.144005,0.184359,0.565745,0.626389,0.146245,0.004892,-0.040354,-0.113597,0.100998,-0.03920299999999999,0.141353,0.07439299999999999,0.25705233333333327,0.24198466666666665,0.06311898907882894,0.08916875722658317,-0.05481079999999996,0.01447230000000001,0.0535403,-0.08321130000000003
2013,Spain,ESP,184,46591.856999999996,15935.3071380821,93.11023622047243,86.43426175030983,169771622.328,0.17370544167284102,206.362412922423,3459945.6630446394,49291020.57,55961102.537999995,99014259.23812774,167475661.914,0.149166666666667,4.56166666666666,256.89975219712204,26.0936,230.5840297989024,0.9578220000000001,30446641.368,38725176.798,120.64824885795085,240967542.988986,127100681.738052,118963309.52153999,122004233.467446,191215280.0,7.688910961151123,110.2055892944336,52.95099639892578,0.0,0.0,1.0,1.0,PEG,DEU,-0.16583334,0.2988026738166809,-0.13461312651634216,0.15901830792427063,0.0014916666550561786,,,-0.15572012960910797,0.02110699564218521,0.02499999850988388,0.22708864510059357,0.05844242870807648,,,,0.045616667717695236,0.07171404361724854,-0.05225026234984398,-0.08044411242008209,0.08025498688220978,0.268129,0.115435,0.616436,16.0,0.152694,-0.06125500000000002,0.018829000000000012,0.080083,0.16835133333333333,0.021430383812086288,0.07458266666666664,0.07069712338089386,-0.01740869999999999,0.0369772,0.2493,0.29025,0.17669,0.144005,0.57401,0.565745,0.072611,0.146245,0.03268500000000002,-0.040354,-0.040950000000000014,0.100998,-0.07363400000000002,0.141353,0.20877333333333334,0.25705233333333327,0.07982651410611219,0.06311898907882894,-0.04041520000000001,-0.05481079999999996,0.05676889999999999,0.0535403
2014,Spain,ESP,184,46455.122544336,16223.9740631564,94.78346456692913,88.15760730304295,171736640.988,0.17779739148463705,206.0514135394804,2917805.53038612,52178815.986,57501836.898,110892393.00303203,174117125.49,0.115,2.72333333333333,257.70089487549143,24.4413,230.16468513456425,1.0070050000000001,31377571.038,37567962.168,137.0447244872745,229629484.986,118839037.482,114800017.332,114829467.654,185151184.0,7.902853012084961,107.04427337646484,51.93962097167969,0.0,0.0,1.0,1.0,PEG,DEU,0.0075,0.09084642678499222,0.02797398716211319,0.2909969389438629,0.0011500000255182385,,,0.003145863302052021,0.024828122928738594,0.02475026249885559,0.030119173228740692,0.05895167961716652,,,,0.027233334258198738,0.060727257281541824,0.056016843765974045,0.036198489367961884,0.14607347548007965,0.292588,0.106967,0.600444,14.0,0.185621,-0.00846799999999999,0.02445900000000001,0.03292700000000001,0.14537666666666668,0.03065052786386116,0.12384999999999997,0.04449127713383821,-0.01723690000000001,0.019821099999999994,0.268129,0.2493,0.115435,0.17669,0.616436,0.57401,0.152694,0.072611,-0.06125500000000002,0.03268500000000002,0.018829000000000012,-0.040950000000000014,0.080083,-0.07363400000000002,0.16835133333333333,0.20877333333333334,0.021430383812086288,0.07982651410611219,-0.01740869999999999,-0.04041520000000001,0.0369772,0.05676889999999999
2015,Spain,ESP,184,46410.149,16886.7171082425,98.72047244094487,90.82653413000772,179295889.74,0.18014458189107174,205.02020505919702,3632534.726132399,54839660.898,60290965.416,128561727.6068424,184357684.632,-0.0758333333333333,1.73583333333333,266.9389619044314,22.0573,233.38641148122008,0.99303,32352426.612,37130533.374,152.82998071093965,220814687.478,113414354.72399999,110364998.502,110449688.976,179487568.0,8.23540210723877,105.21129608154297,50.1983642578125,0.0,0.0,1.0,1.0,PEG,DEU,-0.20416667,-0.031990598887205124,0.06048598140478134,0.015871023759245872,-0.0007583333062939346,,,0.03585490956902504,0.024631071835756302,0.02377849631011486,-0.07418030500411987,0.04557010903954506,,,,0.017358332872390747,0.04218970611691475,0.040998682379722595,0.04843098670244217,0.00755634531378746,0.461013,0.203499,0.335488,9.0,0.257513,0.096532,0.168425,0.07189199999999998,0.13303066666666666,0.038046416340219595,0.1369753333333333,0.05812161720335497,0.007195899999999994,0.058763300000000025,0.292588,0.268129,0.106967,0.115435,0.600444,0.616436,0.185621,0.152694,-0.00846799999999999,-0.06125500000000002,0.02445900000000001,0.018829000000000012,0.03292700000000001,0.080083,0.14537666666666668,0.16835133333333333,0.03065052786386116,0.021430383812086288,-0.01723690000000001,-0.01740869999999999,0.019821099999999994,0.0369772
2016,Spain,ESP,184,46450.439000000006,17373.7168394817,101.5748031496063,93.19425246517245,185327382.24,0.17960209724915607,204.6048571990829,5885997.6599424,55399050.629999995,62789084.82,149999861.40695485,195650801.60999998,-0.2075,1.39333333333,279.2788519161437,19.6347,232.44819699946856,0.9916630000000001,31958923.722,36625551.864,157.84650412674318,212331830.04,108384838.71599999,108564868.368,103766961.67199999,175095808.0,8.591602325439453,102.70086669921875,48.64445495605469,0.0,0.0,1.0,1.0,PEG,DEU,-0.21250001,0.022700000554323196,0.06998373568058014,0.055494289845228195,-0.0021,,,0.0462261438369751,0.023757588118314743,0.02270789071917534,-0.013199999928474426,0.03638022020459175,,,,0.013933,0.03590000048279762,0.04649003967642784,0.05642133206129074,0.026697145774960518,0.281367,0.134644,0.583989,11.0,0.146723,-0.068855,-0.17964600000000003,-0.11079,0.141967,0.05345621595287115,0.1986093333333333,0.053602969062667906,0.015415900000000001,0.005397899999999995,0.461013,0.292588,0.203499,0.106967,0.335488,0.600444,0.257513,0.185621,0.096532,-0.00846799999999999,0.168425,0.02445900000000001,0.07189199999999998,0.03292700000000001,0.13303066666666666,0.14537666666666668,0.038046416340219595,0.03065052786386116,0.007195899999999994,-0.01723690000000001,0.058763300000000025,0.019821099999999994
2017,Spain,ESP,184,46549.045,17874.2695008575,104.42913385826769,95.78747335654629,193318402.662,0.18670983856155654,208.60692820589696,5358786.12179064,60978638.754,67950378.53999999,170474329.4671085,198342427.93199998,-0.286222222222222,1.555,296.5831268609097,17.2236,232.93586326688518,0.985566,32807492.322,36312579.798,138.73592929208715,208638726.384,,107607483.324,101031243.06,172810000.0,8.761937371738483,104.24398775788713,50.2967876717722,0.0,0.0,1.0,1.0,PEG,DEU,-0.035,0.09719999879598618,0.08476396650075912,0.03233438357710838,-0.0029,,,0.06196236610412598,0.022801598533988,0.021471193060278893,0.06549999862909317,0.029751291498541832,,,,0.015579,0.031700000166893005,0.06491925567388535,0.08883459120988846,0.014717191457748413,0.282095,0.126206,0.591699,15.0,0.15589,-0.008438000000000001,0.0007280000000000064,0.009167000000000008,0.14837,0.04970823938744961,0.19661899999999996,0.05620785557197498,-0.001113799999999974,-0.01999829999999999,0.281367,0.461013,0.134644,0.203499,0.583989,0.335488,0.146723,0.257513,-0.068855,0.096532,-0.17964600000000003,0.168425,-0.11079,0.07189199999999998,0.141967,0.13303066666666666,0.05345621595287115,0.038046416340219595,0.015415900000000001,0.007195899999999994,0.005397899999999995,0.058763300000000025
2018,Spain,ESP,184,46728.814,18232.2862442142,106.59448818897634,96.98513135349285,200205451.974,0.19446852257078484,212.10157916685728,3863965.2230982003,64957759.944,70397417.442,186281153.1564693,206270887.218,-0.2801695855746338,1.4225,316.53676437917295,15.2547,234.61821216280913,0.9751430000000001,35492296.817999996,38118866.214,145.31528384279477,201046684.61526,,108078338.73262799,92968345.88263202,174106480.0,8.655350951202829,99.62712056395303,48.449168492383606,0.0,0.0,1.0,1.0,PEG,DEU,-0.00666667,-0.1088000014424324,0.08903048932552338,0.03185267373919487,,,,0.06728017330169678,0.02175031416118145,0.02037919871509075,-0.13680000603199005,0.032437440007925034,,,,0.014194,0.0279999990016222,,0.036928825080394745,,0.277681,0.096651,0.625668,16.0,0.18103,-0.029555000000000012,-0.0044139999999999735,0.025139999999999996,0.15478300000000003,0.04239972232220391,0.18670866666666663,0.061489419303920344,-0.032898199999999996,-0.02202819999999998,0.282095,0.281367,0.126206,0.134644,0.591699,0.583989,0.15589,0.146723,-0.008438000000000001,-0.068855,0.0007280000000000064,-0.17964600000000003,0.009167000000000008,-0.11079,0.14837,0.141967,0.04970823938744961,0.05345621595287115,-0.001113799999999974,0.015415900000000001,-0.01999829999999999,0.005397899999999995
2019,Spain,ESP,184,47105.0,18469.5213834691,107.97244094488187,97.24274667812267,207046578.75,0.2008132596685083,213.5849643815506,4422514.9221,66305985.702,72372419.262,202905279.627819,214016488.29,-0.360833333333333,0.659166667,332.9134287503506,14.1,237.091283817382,0.95537,36021737.07,38749968.312,148.10931102011747,198586001.562102,,107731449.046914,90854552.515188,175099472.0,8.766102325279608,94.72891042668984,47.144494217249175,0.0,0.0,1.0,1.0,PEG,DEU,-0.03083333,0.1623000055551529,0.07243741303682327,0.1178174540400505,-0.0036,,,0.05173468589782715,0.020702729001641273,0.019684365019202232,0.12240000069141388,0.035548821091651917,,,,0.00661,0.039900001138448715,,,0.05710872635245323,0.22243,0.152864,0.624706,25.0,0.069566,0.056213,-0.05525100000000002,-0.111464,0.11916700000000001,0.019950630391042702,0.1612143333333333,0.01776243103669455,0.0025104999999999923,-0.020633100000000005,0.277681,0.282095,0.096651,0.126206,0.625668,0.591699,0.18103,0.15589,-0.029555000000000012,-0.008438000000000001,-0.0044139999999999735,0.0007280000000000064,0.025139999999999996,0.009167000000000008,0.15478300000000003,0.14837,0.04239972232220391,0.04970823938744961,-0.032898199999999996,-0.001113799999999974,-0.02202819999999998,-0.01999829999999999
2020,Spain,ESP,184,47354.0,16390.859159074,95.76771653543304,85.18010213493679,186676439.928,0.20286056038247763,212.8954460127897,1282467.1423053602,54412048.878,57162076.686,233069013.08272293,235736683.116,-0.364166666666667,0.375,340.3610071747567,15.53,230.60025498749818,1.199507,32450095.194,48098864.879999995,135.5928612175047,203729712.27516598,,106073686.59465599,97656025.68050998,182838608.0,7.7714697539430375,89.40466575046055,47.38288582164206,0.0,0.0,1.0,1.0,PEG,DEU,-0.06833334,-0.09809999912977219,0.04227796941995621,0.05083153396844864,-0.0036,,,0.02237093448638916,0.019907036796212196,0.019471442326903343,-0.1216999962925911,0.026870090514421463,,,,0.003795,0.023599999025464058,,,0.023615766316652298,0.285895,0.109675,0.60443,20.0,0.176219,-0.043189000000000005,0.06346500000000002,0.10665299999999998,0.12524033333333331,0.028118938926163795,0.1354953333333333,0.05846377207581911,0.0006620000000000087,-0.005047700000000018,0.22243,0.277681,0.152864,0.096651,0.624706,0.625668,0.069566,0.18103,0.056213,-0.029555000000000012,-0.05525100000000002,-0.0044139999999999735,-0.111464,0.025139999999999996,0.11916700000000001,0.15478300000000003,0.019950630391042702,0.04239972232220391,0.0025104999999999923,-0.032898199999999996,-0.020633100000000005,-0.02202819999999998
1997,Finland,FIN,172,5147.349,17472.30353633621,78.42045006548562,74.9079,658828.50411,0.18746507359592138,113.34413300822071,31307.5305153072,160994.65324103698,212840.36704140002,217331.3,325057.1021964,3.56833333333333,6.193905234353018,83.27799869706838,14.9675,121.00924964446513,0.522151,181053.42423,204854.18142,5.4207,274586.25,114380.0,190792.5313,83793.7187,420101.5,5.046724796295166,89.57337188720703,52.00974655151367,0.0,0.0,1.0,1.0,PEG,DEU,-0.089,0.35156741738319397,0.27533918619155884,0.11638478934764862,0.03568333387374878,,,0.18539796769618988,0.08994121849536896,0.07587428390979767,0.32305800914764404,0.021548127755522728,,,,0.059574998915195465,0.02850942313671112,0.24736198782920837,0.3052172064781189,0.0760340616106987,0.562373,0.109327,0.3283,1.0,0.453046,,,,,,,,,,,,,,,,,,,,,,,,,,,,,,,
1998,Finland,FIN,172,5159.646,18306.525379931536,82.29537753970058,77.8621,716305.87602,0.19520539083610428,114.8732170266128,33709.35452550121,172819.151240631,230568.67288790998,217521.9753861,326883.6304524,2.9635,4.7208841670803405,91.63015504885993,13.2145,126.23441554178127,0.468268,196066.39248,206441.69133,5.096,308507.8438,125003.0,205359.5625,103148.28129999997,432438.875,5.046571254730225,97.38140106201172,50.517757415771484,0.0,0.0,1.0,1.0,PEG,DEU,0.23,0.7205333113670349,0.17861482501029968,0.1762569546699524,0.029634999111294746,,,0.10029299557209015,0.07832183688879013,0.07118271291255951,0.6851699948310852,0.020984994247555733,,,,0.047874998301267624,0.03536328300833702,0.40120166540145874,0.46994107961654663,0.102945975959301,0.238813,0.034116,0.727072,2.0,0.204698,-0.075211,-0.32356,-0.248348,,,,,,,0.562373,,0.109327,,0.3283,,0.453046,,,,,,,,,,,,,,,
1999,Finland,FIN,172,5171.302,18981.002694790717,85.3172971743921,80.4678,754608.26868,0.1869426952395932,116.3788966977846,36560.770617546,176535.60409875598,233343.285845082,227926.88397150004,347789.53062000003,4.39176666666667,4.636407247854343,99.5481263843648,11.6933,131.02772065989586,0.44054699999999997,200258.13213,208843.76625000002,5.91850487756321,370875.4688,141085.0,228262.5156,142612.95319999996,475694.0625,5.666523456573486,98.949462890625,44.00811004638672,0.0,0.0,1.0,1.0,PEG,DEU,-0.68199998,1.6703780889511108,0.15968778729438782,-0.06379954516887665,0.043917667120695114,,,0.08641146868467331,0.07327631860971451,0.06744803488254547,1.6197700500488281,0.0193177442997694,,,,0.04724166542291641,0.05060804635286331,1.144160509109497,1.2816394567489624,-0.009940939024090767,0.238813,0.034116,0.727072,,0.204698,0.0,0.0,0.0,0.0717215,0.05318220811982142,0.328872,0.17560855489411673,,,0.238813,0.562373,0.034116,0.109327,0.727072,0.3283,0.204698,0.453046,-0.075211,,-0.32356,,-0.248348,,,,,,,,,
2000,Finland,FIN,172,5181.115,19950.891924312193,89.41899220742486,82.658,811247.29266,0.21545444230114602,119.81309457990805,58069.08120860281,219025.36094604898,294220.540921671,220764.00358319998,347028.47718,4.26178333333333,5.425407678087801,105.51792508143323,11.1345,137.33125843546088,0.424547,228262.52043,207440.57397,6.389822675980655,400266.0,154180.0,249881.1875,150384.8125,567876.6875,6.3373541831970215,103.21253204345703,45.555076599121094,0.0,0.0,1.0,1.0,PEG,DEU,1.38,-0.09294048696756363,0.12928490340709686,0.09091049432754517,0.042617835104465485,,,0.05997000262141228,0.06931490451097488,0.06539326906204224,-0.10597000271081924,0.014573953114449978,,,,0.05483333393931389,0.01302955113351345,-0.01586693711578846,-0.026602989062666893,0.06676416099071503,0.238813,0.034116,0.727072,,0.204698,0.0,0.0,0.0,0.059186333333333334,0.04342309109602094,0.28748066666666666,0.14338378465270518,-0.02256330000000001,-0.07450439999999998,0.238813,0.238813,0.034116,0.034116,0.727072,0.727072,0.204698,0.204698,0.0,-0.075211,0.0,-0.32356,0.0,-0.248348,0.0717215,,0.05318220811982142,,,,,
2001,Finland,FIN,172,5194.901,20360.39155957848,91.57359955546899,84.0099,859919.03844,0.22584142208948363,123.00700783056989,65998.78620026998,213396.37603662003,284208.26991370803,231968.6128536,367868.26083,3.31859166666667,4.932487369037506,104.16293941368077,10.2905,141.77923675253913,0.409236,222715.15434,210728.56266,6.746544876886418,456364.5625,170474.0,265910.875,190453.6875,589548.875,10.399667739868164,117.13070678710938,55.272544860839844,0.0,0.0,1.0,1.0,PEG,DEU,0.26100001,-0.30624720454216003,0.05510219931602478,0.04624957591295242,0.033185917884111404,,,-0.01284141093492508,0.06794361025094986,0.06882745027542114,-0.32444000244140625,0.02693013660609722,,,,0.050433333963155746,0.018192922696471214,-0.13359381258487701,-0.16246765851974487,0.03971774876117706,0.093828,0.065273,0.840899,1.0,0.028555,0.031156999999999997,-0.144985,-0.176143,0.034116,0.0,0.204698,0.0,0.0093471,-0.0528429,0.238813,0.238813,0.034116,0.034116,0.727072,0.727072,0.204698,0.204698,0.0,0.0,0.0,0.0,0.0,0.0,0.059186333333333334,0.0717215,0.04342309109602094,0.05318220811982142,-0.02256330000000001,,-0.07450439999999998,
2002,Finland,FIN,172,5206.295,20683.000708640793,92.85279577547936,85.0303,882857.66478,0.23028834774375898,125.47538631740282,69021.8122325004,211733.90117363396,280906.939005588,243486.2053512,388113.47148,2.33346666666667,4.930846706071634,112.68891205211726,10.4227,144.87628529644294,0.40179499999999996,232198.59369,224183.74965,5.6696195289405935,495815.4688,191844.9219,294063.9063,201751.5625,665713.6875,10.437100410461426,120.08116912841797,53.19632339477539,0.0,0.0,1.0,1.0,PEG,DEU,-1.095,-0.32819512486457825,0.15279972553253174,0.12214834988117218,0.023334667086601257,,,0.08185248076915741,0.07094725221395493,0.06557941436767578,-0.34408000111579895,0.0242177564650774,,,,0.049808334559202194,0.01588491164147854,-0.053392354398965836,-0.08081522583961487,0.07274150848388672,0.093828,0.065273,0.840899,,0.028555,0.0,0.0,0.0,0.04450166666666666,0.017988502337141173,0.14598366666666665,0.10169620846586824,0.012462799999999996,-0.07045720000000001,0.093828,0.238813,0.065273,0.034116,0.840899,0.727072,0.028555,0.204698,0.031156999999999997,0.0,-0.144985,0.0,-0.176143,0.0,0.034116,0.059186333333333334,0.0,0.04342309109602094,0.0093471,-0.02256330000000001,-0.0528429,-0.07450439999999998
2003,Finland,FIN,172,5219.732,21053.137627512053,94.29680867668989,88.5537,902258.58177,0.2203722918141152,127.0949671450467,38923.4352175578,218652.15817626304,275752.94241238805,264318.021723,407050.62153,2.10633333333333,4.067210381804597,119.63534071661238,10.4693,149.09966184001846,0.427482,233375.84823,232781.27523,4.707624703087887,549539.6875,214323.8906,333377.0938,216162.59370000003,696803.875,10.039422988891602,125.98917388916016,56.10245895385742,0.0,0.0,1.0,1.0,PEG,DEU,-0.95999998,0.08504386246204376,0.12874889373779297,0.04358291253447533,0.02106333337724209,,,0.061638668179512024,0.06711021810770035,0.06321380287408829,0.0444209985435009,0.03889508917927742,,,,0.041341666132211685,0.04062284901738167,0.09347894042730331,0.10765919089317322,0.03232312202453613,0.262224,0.234807,0.502969,1.0,0.027417,0.169534,0.16839600000000002,-0.0011380000000000001,0.05488733333333332,0.01798850233714117,0.08726933333333332,0.10169620846586823,0.06020729999999999,-0.0531843,0.093828,0.093828,0.065273,0.065273,0.840899,0.840899,0.028555,0.028555,0.0,0.031156999999999997,0.0,-0.144985,0.0,-0.176143,0.04450166666666666,0.034116,0.017988502337141173,0.0,0.012462799999999996,0.0093471,-0.07045720000000001,-0.0528429
2004,Finland,FIN,172,5236.611,21879.093145856466,97.62879823874452,91.2513,943932.20334,0.22293455832707584,127.282201922809,52888.521353140204,242167.72902138604,290847.187007769,274438.55198822997,425910.47709,2.18468333333333,4.012259490758669,128.13049120521174,10.3578,154.45526361617826,0.42641599999999996,241462.04103,242062.55976,4.365120035239704,606861.8125,247001.6719,382007.2188,224854.59370000003,715087.0,8.651765823364258,133.28372192382812,60.5143928527832,0.0,0.0,1.0,1.0,PEG,DEU,-0.26967001,0.07573208957910538,0.1354326605796814,0.09650126099586487,0.0218468327075243,,,0.07100764662027359,0.0644250139594078,0.060153644531965256,0.03252499923110008,0.04184603691101074,,,,0.041099999099969864,0.0432070791721344,0.09822281450033188,0.10740301012992859,0.05917404592037201,0.339771,0.132796,0.527433,3.0,0.206975,-0.10201099999999999,0.07754699999999998,0.179558,0.12178433333333331,0.09788050053679401,0.02817566666666667,0.0006570246063351449,0.0372103,0.05341219999999999,0.262224,0.093828,0.234807,0.065273,0.502969,0.840899,0.027417,0.028555,0.169534,0.0,0.16839600000000002,0.0,-0.0011380000000000001,0.0,0.05488733333333332,0.04450166666666666,0.01798850233714117,0.017988502337141173,0.06020729999999999,0.012462799999999996,-0.0531843,-0.07045720000000001
2005,Finland,FIN,172,5255.58,22478.604138269035,100.0,94.6538,979184.43651,0.22957600827300934,128.26830508569043,28171.1362383927,279607.517551278,311871.41790468304,293533.60873557004,455734.25877,3.079225,3.2765692886052666,136.03049576547232,8.3836,159.48891694971303,0.39929699999999996,250630.35669000002,250226.04705,5.0400356022717645,682748.6875,288305.0938,437879.2188,244869.46870000003,781429.4375,9.07801342010498,141.86557006835938,62.040103912353516,0.0,0.0,1.0,1.0,PEG,DEU,0.04167,0.3520565927028656,0.12348702549934387,0.07093699276447296,0.030792249366641045,,,0.06166393682360649,0.06182308495044708,0.05823225528001785,0.3112969994544983,0.03108343295753002,,,,0.033516667783260345,0.0407596118748188,0.21103088557720184,0.24170273542404175,0.05086462199687958,0.2963,0.115107,0.588592,2.0,0.181193,-0.017688999999999996,-0.04347099999999998,-0.025782,0.14429199999999998,0.08534965026876208,0.08764899999999999,0.10334091381442297,0.004749100000000015,0.06374719999999999,0.339771,0.262224,0.132796,0.234807,0.527433,0.502969,0.206975,0.027417,-0.10201099999999999,0.169534,0.07754699999999998,0.16839600000000002,0.179558,-0.0011380000000000001,0.12178433333333331,0.05488733333333332,0.09788050053679401,0.01798850233714117,0.0372103,0.06020729999999999,0.05341219999999999,-0.0531843
2006,Finland,FIN,172,5276.955,23434.467453076344,103.62894134922118,100.0,1027998.8798100001,0.22785470134986383,129.90348881148114,40410.635965331094,328517.282794638,365598.37137936003,306199.96978074,480545.79006,4.27760833333333,3.7055165365987435,147.34757850162867,7.7189,165.09515865528041,0.381117,254043.20571,255898.27347000001,4.514601366742597,760159.8125,328837.625,494339.875,265819.9375,812281.875,9.17831039428711,153.14907836914062,63.962181091308594,0.0,0.0,1.0,1.0,PEG,DEU,0.74583,0.2182711809873581,0.1427658647298813,-0.01473566610366106,0.04277608171105385,,,0.08319427073001862,0.05957159399986267,0.054996222257614136,0.17858299612998962,0.033674489706754684,,,,0.037833333015441895,0.03968818113207817,0.15786291658878326,0.1828736662864685,0.014020208269357681,0.189303,0.115761,0.694936,6.0,0.073542,0.0006540000000000018,-0.10699700000000001,-0.107651,0.16090333333333331,0.06461067357900963,0.13852833333333334,0.09708488130153597,-0.037482699999999994,0.011259300000000033,0.2963,0.339771,0.115107,0.132796,0.588592,0.527433,0.181193,0.206975,-0.017688999999999996,-0.10201099999999999,-0.04347099999999998,0.07754699999999998,-0.025782,0.179558,0.14429199999999998,0.12178433333333331,0.08534965026876208,0.09788050053679401,0.004749100000000015,0.0372103,0.06374719999999999,0.05341219999999999
2007,Finland,FIN,172,5300.484,24651.340279395088,108.6573422209533,102.3933,1112279.60256,0.24171936970736413,131.95995078723703,44802.62239111679,354460.873941762,390560.82848510705,319007.53596768,555991.15803,4.63423333333333,4.237804883222464,155.71595765472313,6.854,170.55520661648012,0.339041,272885.22408,262563.4368,4.03894436519258,849058.5,369655.9063,550497.3125,298561.1875,909179.4375,7.732727527618408,149.5443572998047,64.02931213378906,0.0,0.0,1.0,1.0,PEG,DEU,1.02334,0.25041505694389343,0.11313094198703766,0.013387619517743587,0.046342331916093826,,,0.056790728121995926,0.05634021759033203,0.05331255868077278,0.20498399436473846,0.03770262375473976,,,,0.042925454676151276,0.04543105885386467,0.16917437314987183,0.18932680785655975,0.029864976182579994,0.326224,0.041248,0.632528,4.0,0.284977,-0.074513,0.13692100000000001,0.21143499999999998,0.12122133333333333,0.010029287628407836,0.1539033333333333,0.07077878073500087,-0.027398999999999993,0.012635499999999982,0.189303,0.2963,0.115761,0.115107,0.694936,0.588592,0.073542,0.181193,0.0006540000000000018,-0.017688999999999996,-0.10699700000000001,-0.04347099999999998,-0.107651,-0.025782,0.16090333333333331,0.14429199999999998,0.06461067357900963,0.08534965026876208,-0.037482699999999994,0.004749100000000015,0.011259300000000033,0.06374719999999999
2008,Finland,FIN,172,5326.314,24694.057867391202,109.00057598148956,103.4508,1155047.23845,0.2456391221975004,137.12763065347642,29372.8512737835,371027.63148864004,389922.27551487,330263.80768605,629694.42711,1.22835833333333,4.454329089876309,157.22307491856677,6.3686,177.8673475228777,0.325607,286857.68958,280929.79677,4.2722785082992,947563.0,402122.5,607606.04016,352651.09338999994,1096357.0,5.962889671325684,148.52903747558594,70.2789535522461,0.0,0.0,1.0,1.0,PEG,DEU,-0.04084,-0.5130674242973328,0.06502526253461838,0.11503367125988007,0.012283583171665668,,,0.009677874855697155,0.05534739047288895,0.05481687933206558,-0.5341200232505798,0.04518844932317734,,,,0.04289732128381729,0.021052394062280655,-0.10238530486822128,-0.1351170837879181,0.06365862488746643,0.218973,0.135122,0.645905,5.0,0.083851,0.09387399999999999,-0.10725100000000001,-0.20112599999999997,0.09070533333333332,0.04283255530940614,0.17990399999999998,0.10572339356547346,-0.0014467999999999998,-0.008059100000000012,0.326224,0.189303,0.041248,0.115761,0.632528,0.694936,0.284977,0.073542,-0.074513,0.0006540000000000018,0.13692100000000001,-0.10699700000000001,0.21143499999999998,-0.107651,0.12122133333333333,0.16090333333333331,0.010029287628407836,0.06461067357900963,-0.027398999999999993,-0.037482699999999994,0.012635499999999982,0.011259300000000033
2009,Finland,FIN,172,5351.427,22561.739564366093,99.72132589165342,100.9689,1080618.59031,0.2304603129885267,139.3682068273652,21569.147062587603,259558.68485001003,267934.8687393,391122.08220876,633101.3304,0.810958333333333,5.1424499080288,158.39705537459287,8.2495,182.7875498262157,0.41531399999999996,250618.46523,299706.41211000003,4.127259475218656,958280.25,427262.5,607606.04016,331606.25373,1065837.5,6.202650547027588,148.84498596191406,70.2185287475586,0.0,0.0,1.0,1.0,PEG,DEU,-3.192497,0.26212233304977417,0.06463183462619781,0.05199330300092697,0.008109583519399166,,,0.007467100862413645,0.05716473236680031,0.05674104019999504,0.19480100274085999,0.05634522810578346,,,,0.037388455122709274,0.06732133775949478,0.12169492244720459,0.14208319783210754,0.030051443725824356,0.418201,0.01915,0.562649,1.0,0.399051,-0.11597199999999999,0.199228,0.3152,0.09737699999999998,0.04956370205099697,0.14745666666666668,0.11920759384507905,-0.019595900000000006,0.0775401,0.218973,0.326224,0.135122,0.041248,0.645905,0.632528,0.083851,0.284977,0.09387399999999999,-0.074513,-0.10725100000000001,0.13692100000000001,-0.20112599999999997,0.21143499999999998,0.09070533333333332,0.12122133333333333,0.04283255530940614,0.010029287628407836,-0.0014467999999999998,-0.027398999999999993,-0.008059100000000012,0.012635499999999982
2010,Finland,FIN,172,5375.276,23290.483285665083,102.4287267069094,103.59014499474728,1118647.47939,0.224206306787814,141.71800328828203,16656.660968117103,308579.90280221996,311785.67988351,417830.7088553224,674424.1539,1.3906,5.6484935524041955,172.81892117263845,8.3944,188.0120872366031,0.469047,255963.6765,315016.66686,4.449730579254603,1017966.5,456314.0,645087.92208,351919.87966999994,1123743.0,5.314390659332275,147.52371215820312,73.92847442626953,0.0,0.0,1.0,1.0,PEG,DEU,-0.24250001,0.23451858758926392,0.1489359736442566,0.0760173350572586,0.013906000182032585,,,0.09104970097541809,0.0578862689435482,0.053055573254823685,0.18676400184631348,0.04023934528231621,,,,0.030129097402095795,0.04775460809469223,0.1587202399969101,0.18642070889472961,0.04496166855096817,0.175574,0.213304,0.611121,2.0,-0.03773,0.194154,-0.24262699999999998,-0.436781,0.06517333333333332,0.06157671944276778,0.25595966666666664,0.15959092776637812,0.04001959999999999,-0.0652921,0.418201,0.218973,0.01915,0.135122,0.562649,0.645905,0.399051,0.083851,-0.11597199999999999,0.09387399999999999,0.199228,-0.10725100000000001,0.3152,-0.20112599999999997,0.09737699999999998,0.09070533333333332,0.04956370205099697,0.04283255530940614,-0.019595900000000006,-0.0014467999999999998,0.0775401,-0.008059100000000012
2011,Finland,FIN,172,5401.267,23783.247093498445,104.55248016519168,106.09554191957697,1177242.64854,0.2274609003956946,146.42851823881847,-16952.294138976,359923.18993155,338045.68018746,443082.3053392229,710538.51792,0.573183333333333,9.449968696387224,178.2226996742671,7.781,194.33433382905326,0.48271200000000003,284437.77747000003,322377.4806,4.595200556457223,1086997.875,486246.3125,680429.3412,383832.06227999995,1128392.5,4.09065055847168,147.6305389404297,79.60012817382812,0.0,0.0,1.0,1.0,PEG,DEU,0.425834,-0.2702140212059021,0.0860973373055458,0.11286138743162155,0.005731833167374134,,,0.03126971051096916,0.054827626794576645,0.053165167570114136,-0.30107998847961426,0.04416236653923988,,,,0.03005875088274479,0.03086596168577671,-0.013259829953312874,-0.03452775254845619,0.059296611696481705,0.319648,0.141367,0.538985,4.0,0.17828,-0.071937,0.14407399999999998,0.21600999999999998,0.12252533333333332,0.09768802862855475,0.1483906666666667,0.22542944998454245,0.0212889,-0.015349399999999978,0.175574,0.418201,0.213304,0.01915,0.611121,0.562649,-0.03773,0.399051,0.194154,-0.11597199999999999,-0.24262699999999998,0.199228,-0.436781,0.3152,0.06517333333333332,0.09737699999999998,0.06157671944276778,0.04956370205099697,0.04001959999999999,-0.019595900000000006,-0.0652921,0.0775401
2012,Finland,FIN,172,5426.674,23338.12735748588,102.60195830883818,105.99820595863463,1195311.7220100001,0.2322153428798807,151.05789811899123,-24563.655887305504,353873.70099732,338181.45687774004,486819.57571275,731170.20102,0.220666666666667,6.074160458666865,183.12815374592836,7.6891,200.0197614752253,0.5362250000000001,290805.6543,334702.97889,4.506389267849023,1144008.625,513388.625,714528.1027500001,403646.3254,1194657.75,4.166785717010498,153.4248809814453,78.08242797851562,0.0,0.0,1.0,1.0,PEG,DEU,-0.55416697,0.14102987945079803,0.08211831748485565,0.10474903136491776,0.0022066666278988123,,,0.02752169966697693,0.05459661781787872,0.05313427373766899,0.08332899957895279,0.053262580186128616,,,,0.018841911107301712,0.05770089849829674,0.09102163463830948,0.1023087427020073,0.053477849811315536,0.165296,0.170507,0.664197,6.0,-0.005211,0.02914,-0.154352,-0.183491,0.12460699999999998,0.0981560855423646,0.179867,0.21839482461129886,0.038213400000000015,-0.09967760000000006,0.319648,0.175574,0.141367,0.213304,0.538985,0.611121,0.17828,-0.03773,-0.071937,0.194154,0.14407399999999998,-0.24262699999999998,0.21600999999999998,-0.436781,0.12252533333333332,0.06517333333333332,0.09768802862855475,0.06157671944276778,0.0212889,0.04001959999999999,-0.015349399999999978,-0.0652921
2013,Finland,FIN,172,5451.27,23019.300328763882,101.2094285114342,104.96026435969597,1214837.49933,0.221144104889396,154.4047197714923,-21842.778237953404,347272.25211,333243.59351577,541017.14025723,749744.66154,0.209933333333333,3.730121560082133,186.03720233479135,8.1934,202.88284170926255,0.562292,300740.96913,345607.44771000004,4.311311725038069,1183210.5,525085.8125,733316.60955,423589.98092999996,1150724.75,5.05702543258667,155.5426025390625,74.17881774902344,0.0,0.0,1.0,1.0,PEG,DEU,-0.16583334,0.3224339783191681,0.07091276347637177,-0.02912985160946846,0.002099333330988884,,,0.01588616892695427,0.055026594549417496,0.054166100919246674,0.2647149860858917,0.04563792794942856,,,,0.01860877126455307,0.057718969881534576,0.12927398085594177,0.17041221261024475,-0.013515259139239788,0.153753,0.105541,0.740706,9.0,0.048213,-0.064966,-0.011542999999999998,0.053424,0.17505933333333332,0.036183916265840124,0.04511300000000002,0.1164665563885187,-0.0294149,0.0074338000000000164,0.165296,0.319648,0.170507,0.141367,0.664197,0.538985,-0.005211,0.17828,0.02914,-0.071937,-0.154352,0.14407399999999998,-0.183491,0.21600999999999998,0.12460699999999998,0.12252533333333332,0.0981560855423646,0.09768802862855475,0.038213400000000015,0.0212889,-0.09967760000000006,-0.015349399999999978
2014,Finland,FIN,172,5471.753,22831.816702445525,100.42393366684135,105.16089363576447,1230153.6998100001,0.21620740336976943,156.2723866796712,-16385.647281469202,343478.87637,332802.07549743,581785.8217212299,772665.45069,0.2099273911475,2.330095723877164,185.29601826174434,8.663,205.4789804668405,0.598259,303553.29942,349519.73805,4.897232517914504,1113021.5533491285,533700.61626,756475.2279,356546.3254491284,1192035.625,4.981262416712818,158.64648385819373,76.40116280623327,0.0,0.0,1.0,1.0,PEG,DEU,0.0075,0.10742779821157455,0.050406042486429214,0.17269517481327057,0.0020992739591747522,,,-0.0057208240032196045,0.05612686648964882,0.056449804455041885,0.05745299905538559,0.047259602695703506,,,,0.014491667039692402,0.04997481033205986,0.07673986256122589,0.0734630674123764,0.08739722520112991,0.170358,0.095616,0.734026,14.0,0.074742,-0.00992499999999999,0.01660500000000001,0.026529000000000004,0.13913833333333334,0.0325402904924546,0.0737606666666667,0.09437557535895258,-0.020221899999999977,-0.025719000000000016,0.153753,0.165296,0.105541,0.170507,0.740706,0.664197,0.048213,-0.005211,-0.064966,0.02914,-0.011542999999999998,-0.154352,0.053424,-0.183491,0.17505933333333332,0.12460699999999998,0.036183916265840124,0.0981560855423646,-0.0294149,0.038213400000000015,0.0074338000000000164,-0.09967760000000006
2015,Finland,FIN,172,5487.308,22870.008468200183,100.63786618087296,106.49936572316895,1256838.13605,0.21374885688157294,156.0289814685802,-11776.5733347885,324000.66489,320356.61021322,662758.63164,850025.34372,-0.0192770782357739,1.1638176107644125,185.29601826174434,9.3759,208.06855502130975,0.636417,309160.12281000003,346659.84192000004,5.46131165610361,1156457.374071562,546739.60215,783421.2762600001,373036.0978115619,1259186.75,6.040298943669564,155.75355705891437,73.9822302760937,0.0,0.0,1.0,1.0,PEG,DEU,-0.20416667,0.14863774180412292,0.0499776154756546,0.0011106575839221478,-0.00019277077808510512,,,-0.008247027173638344,0.058224644511938095,0.05870881676673889,0.1079540029168129,0.03671971336007118,,,,0.007231330033391714,0.04068375378847122,0.0701918751001358,0.09200958162546158,0.0004589433956425637,0.208702,0.119854,0.671444,12.0,0.088848,0.024237999999999996,0.03834399999999999,0.014105999999999994,0.12388799999999998,0.04067707925847181,0.039248000000000026,0.04072344497952018,-0.0161884,0.03087060000000001,0.170358,0.153753,0.095616,0.105541,0.734026,0.740706,0.074742,0.048213,-0.00992499999999999,-0.064966,0.01660500000000001,-0.011542999999999998,0.026529000000000004,0.053424,0.13913833333333334,0.17505933333333332,0.0325402904924546,0.036183916265840124,-0.020221899999999977,-0.0294149,-0.025719000000000016,0.0074338000000000164
2016,Finland,FIN,172,5503.297,23446.339893403805,103.1702972176921,108.77328869127543,1293303.29814,0.22896891328393645,156.63593420649298,-25853.132929818603,327032.98719,308453.43712512,699544.8631500001,862719.4772699999,-0.26,0.724207825054455,186.78209232820356,8.8184,210.31041017117,0.631764,319309.48392,353277.43941,5.640574898017266,1194933.8984871295,559231.58088,816646.0155,378287.8829871295,1252289.625,6.460578356232197,165.66336537697913,72.35810233658322,0.0,0.0,1.0,1.0,PEG,DEU,-0.21250001,0.10649999976158142,0.06401461362838745,0.03781925141811371,-0.002637,,,0.004425168037414551,0.0595894493162632,0.05932691693305969,0.05640000104904175,0.04742521792650223,,,,0.00365,0.05010000243782997,0.06753173470497131,0.08071655035018921,0.017591126263141632,0.182308,0.138015,0.679677,8.0,0.044293,0.018160999999999997,-0.026394,-0.044555,0.10700366666666666,0.01218501975104399,0.07060100000000002,0.020631570880570493,0.012166000000000008,0.00023460000000000259,0.208702,0.170358,0.119854,0.095616,0.671444,0.734026,0.088848,0.074742,0.024237999999999996,-0.00992499999999999,0.03834399999999999,0.01660500000000001,0.014105999999999994,0.026529000000000004,0.12388799999999998,0.13913833333333334,0.04067707925847181,0.0325402904924546,-0.0161884,-0.020221899999999977,0.03087060000000001,-0.025719000000000016
2017,Finland,FIN,172,5513.13,24124.546422643263,106.21436919865423,109.33906447486888,1345524.64473,0.23597477648067594,157.9512585202731,-10804.562897181902,371423.80737,355027.23802035,756504.95655,912931.16712,-0.32905,0.7890011191741148,189.6912398149129,8.6402,211.30921397057992,0.611672,330029.63511000003,354044.43858,4.957666972400572,1233542.162744112,571557.07917,854460.8583000001,379081.304444112,1225997.625,5.824946605505339,171.31848870943054,63.89647416271863,0.0,0.0,1.0,1.0,PEG,DEU,-0.035,0.10989999771118164,0.07581538707017899,-0.019234921783208847,-0.003291,,,0.01563119888305664,0.060184188187122345,0.05925791710615158,0.06840000301599503,0.03884313255548477,,,,0.005467,0.04150000214576721,0.05051735043525696,0.07603712379932404,-0.011262960731983185,0.111815,0.079591,0.808594,5.0,0.032224,-0.058424000000000004,-0.070493,-0.012068999999999996,0.11782833333333333,0.021271960284217614,0.06929433333333336,0.022771579003954417,-0.002991399999999996,-0.017210899999999994,0.182308,0.208702,0.138015,0.119854,0.679677,0.671444,0.044293,0.088848,0.018160999999999997,0.024237999999999996,-0.026394,0.03834399999999999,-0.044555,0.014105999999999994,0.10700366666666666,0.12388799999999998,0.01218501975104399,0.04067707925847181,0.012166000000000008,-0.0161884,0.00023460000000000259,0.03087060000000001
2018,Finland,FIN,172,5517.919,24356.51871945604,107.28488333322868,111.0640677576599,1388137.69164,0.2406453989411825,159.7970813710464,-25611.140410758,395898.19198608,378636.25730931,831528.17769,929281.9246200001,-0.3220917,0.9358110270116207,191.66464240940047,7.3612,215.63954656195543,0.597786,342242.16453,359704.77354,5.192777292576421,1284662.3932826435,581429.493130285,893405.3898,391257.0034826435,1255345.75,8.40151103328626,172.76629307954053,71.56815572279567,0.0,0.0,1.0,1.0,PEG,DEU,-0.00666667,-0.025299999862909317,0.0685015469789505,-0.004887427669018507,-0.003221,,,0.008553028106689453,0.059948522597551346,0.05944012850522995,-0.06350000202655792,0.04079017788171768,,,,0.006617,0.03819999843835831,0.047614339739084244,0.06788109987974167,-0.004054213874042034,0.182094,0.128749,0.689157,9.0,0.053345,0.04915800000000001,0.07027900000000001,0.021120999999999994,0.11248666666666667,0.029900654580348778,0.0551216666666667,0.02982472733041056,-0.003173900000000001,-0.011857800000000009,0.111815,0.182308,0.079591,0.138015,0.808594,0.679677,0.032224,0.044293,-0.058424000000000004,0.018160999999999997,-0.070493,-0.026394,-0.012068999999999996,-0.044555,0.11782833333333333,0.10700366666666666,0.021271960284217614,0.01218501975104399,-0.002991399999999996,0.012166000000000008,-0.017210899999999994,0.00023460000000000259
2019,Finland,FIN,172,5525.292,24662.280810668915,108.60678811368214,111.66870902503992,1426095.23196,0.23815519570401747,161.61325871534066,-4453.9620397272,391533.49105038005,386792.90700981,873273.1480200001,964694.6925,-0.3563333,0.3280669469718537,193.61025060114878,6.69,220.05513721055385,0.595334,350863.47303,366298.58811,5.2926206159871825,1340151.1792909286,596676.4225149387,926647.96623,413503.2130609286,1283891.25,8.115047766055653,180.67931612946128,71.634079586435,0.0,0.0,1.0,1.0,PEG,DEU,-0.03083333,0.2046000063419342,0.07571394741535187,0.02994687482714653,-0.003563,,,0.01557004451751709,0.06014389917254448,0.05922181159257889,0.15839999914169312,0.0398825965821743,,,,0.0007000000000000001,0.04619999974966049,0.0592346116900444,0.0766066163778305,0.01319193746894598,0.277658,0.096513,0.625829,16.0,0.181145,-0.032236,0.09556400000000001,0.1278,0.11545166666666666,0.03139992435235047,0.043287333333333365,0.01059635240700022,-0.007534799999999983,0.043167699999999996,0.182094,0.111815,0.128749,0.079591,0.689157,0.808594,0.053345,0.032224,0.04915800000000001,-0.058424000000000004,0.07027900000000001,-0.070493,0.021120999999999994,-0.012068999999999996,0.11248666666666667,0.11782833333333333,0.029900654580348778,0.021271960284217614,-0.003173900000000001,-0.002991399999999996,-0.011857800000000009,-0.017210899999999994
2020,Finland,FIN,172,5533.793,23921.36866045703,105.31520834584406,106.25961047977998,1415054.01135,0.2423103646963124,162.23269377177093,10714.885889341202,355365.34790253,341522.49931653,1022986.62942,1103937.74337,-0.42515,-0.05987222052891588,197.08918334272522,7.76,220.83222084154949,0.6951930000000001,336153.73701,414108.20304,4.845350827153452,1399808.6568435528,616039.31702708,966282.20241,433526.4544335528,1327184.625,7.916525191704155,164.9708217956795,68.6540633728445,0.0,0.0,1.0,1.0,PEG,DEU,-0.06833334,0.18119999766349792,0.07784610986709595,-0.0014356066239997745,-0.004252000000000001,,,0.01796877384185791,0.05987733602523804,0.05882040411233902,0.14139999449253082,0.03486945852637291,,,,-0.002192,0.039799999445676804,,,-0.002843803260475397,0.348895,0.085487,0.565618,7.0,0.263408,-0.011026000000000008,0.071237,0.08226299999999998,0.10161766666666666,0.02497339499013567,0.0889046666666667,0.08057749983918176,-0.001454799999999983,0.08213519999999999,0.277658,0.182094,0.096513,0.128749,0.625829,0.689157,0.181145,0.053345,-0.032236,0.04915800000000001,0.09556400000000001,0.07027900000000001,0.1278,0.021120999999999994,0.11545166666666666,0.11248666666666667,0.03139992435235047,0.029900654580348778,-0.007534799999999983,-0.003173900000000001,0.043167699999999996,-0.011857800000000009
1997,France,FRA,132,60254.0,18690.444261468547,87.12657074689658,82.09,8480.06122589,0.19631451349697476,115.21671960549259,315.2038757663313,1585.339,1692.654,1868.00154675,4134.72655595,3.24083333333333,5.581666666666667,100.530429095028,12.5662,119.30808678215736,0.61425,1905.85682522,2206.09490369,5.9881,5555.8524767725,2265.3474995,2738.52864102,2817.3238357525,6158.2294921875,3.9961328506469727,104.66597747802734,73.18971252441406,0.0,0.0,1.0,1.0,PEG,DEU,-0.077875,0.2776792645454407,0.04536307230591774,0.17691382765769958,0.03240833431482315,,,-0.004683029372245073,0.050046101212501526,0.050281573086977005,0.2454119324684143,0.025908971205353737,,,,0.055816665291786194,0.03226734325289726,0.10179334133863449,0.10091482102870941,0.10466107726097107,0.331707,0.410152,0.258141,7.0,-0.078445,,,,,,,,,,,,,,,,,,,,,,,,,,,,,,,
1998,France,FRA,132,60535.0,19233.28587051337,89.86832059319737,84.97,8867.85644472,0.2014408554575226,115.96692662307973,327.0465456812736,1708.922,1801.928,2033.0135430391667,4289.70295677,3.3925,4.64,102.65680714874188,12.0749,121.42948910911218,0.613474,1962.30192507,2190.38473354,5.6221,5785.120927520001,2326.08255813,2833.24883182,2951.872095700001,6271.0078125,4.093839168548584,103.73749542236328,72.6861343383789,0.0,0.0,1.0,1.0,PEG,DEU,0.23,0.31296631693840027,0.07246559113264084,0.22877176105976105,0.033925000578165054,,,0.02115786261856556,0.05130773037672043,0.050244659185409546,0.28541165590286255,0.021436436101794243,,,,0.04639999940991402,0.027554644271731377,0.1400882452726364,0.14260074496269226,0.1313483864068985,0.331707,0.410152,0.258141,,-0.078445,0.0,0.0,0.0,,,,,,,0.331707,,0.410152,,0.258141,,-0.078445,,,,,,,,,,,,,,,
1999,France,FRA,132,60824.0,19771.39216905727,92.43165778663332,87.59,9189.95101043,0.2050155634631941,116.58983327359697,407.39052829236186,1812.61253767,1846.34840618,2210.3345724333335,4510.06515135,2.7305249999999996,4.608333333333333,109.62660188035957,11.9808,123.50956908862244,0.604965,2070.69881932,2276.16423043,6.529534142942465,6075.485213247501,2508.14342348,3034.3586884499996,3041.126524797501,6848.95849609375,4.646498203277588,107.88182830810547,74.66910552978516,0.0,0.0,1.0,1.0,PEG,DEU,-0.68199998,0.5562789440155029,0.11904506385326385,-0.09272031486034393,0.027305249124765396,,,0.06789600104093552,0.05114906281232834,0.04789704456925392,0.5243379473686218,0.020954037085175514,,,,0.04608333483338356,0.03194103389978409,0.21990300714969635,0.2824471890926361,-0.03270753473043442,0.284094,0.114865,0.601042,2.0,0.16923,-0.295287,-0.04761299999999996,0.24767499999999998,0.410152,0.0,-0.078445,0.0,,,0.331707,0.331707,0.410152,0.410152,0.258141,0.258141,-0.078445,-0.078445,0.0,,0.0,,0.0,,,,,,,,,
2000,France,FRA,132,61137.0,20391.877068945985,95.72092541575883,90.35,9698.88180845,0.2125437561210632,118.54383211182676,106.5907110748655,2214.08445995,2126.97992992,2364.102919111667,4780.5949372899995,4.240525,5.394166666666667,119.31343523616721,10.2172,126.91894647556666,0.588824,2092.1748515,2303.11750356,7.049511015583019,6600.225121598333,2671.33240594,3220.08635343,3380.138768168333,7774.99951171875,4.569760322570801,115.90362548828125,74.71229553222656,0.0,0.0,1.0,1.0,PEG,DEU,1.38,0.005336062982678413,0.13620413839817047,0.08872941136360168,0.042405251413583755,,,0.08835414797067642,0.04784999415278435,0.04396546259522438,-0.010393979959189892,0.015895256772637367,,,,0.05394166707992554,0.01573004201054573,0.08362497389316559,0.08779732137918472,0.06556732952594757,0.358685,0.071065,0.57025,6.0,0.28762,-0.04379999999999999,0.07459099999999996,0.11839,0.31172300000000003,0.17048402893819703,0.00411333333333333,0.14299522792154057,-0.13125479999999995,0.13458699999999998,0.284094,0.331707,0.114865,0.410152,0.601042,0.258141,0.16923,-0.078445,-0.295287,0.0,-0.04761299999999996,0.0,0.24767499999999998,0.0,0.410152,,0.0,,,,,
2001,France,FRA,132,61479.0,20648.034421101213,97.01355451674836,92.18,10089.930574,0.21248654464974426,120.48176391343587,158.9164065405,2253.11390145,2181.99504351,2476.5989979808332,5113.23729156,4.2579,4.939166666666667,128.7640043637844,8.6104,130.24313993388927,0.583439,2205.5242211,2419.0447841699997,7.443061386587995,7168.606942420833,2820.89060194,3394.32821134,3774.2787310808326,8561.6357421875,4.615309238433838,114.14940643310547,74.98561096191406,0.0,0.0,1.0,1.0,PEG,DEU,0.26100001,-0.1923835575580597,0.12330697476863861,0.07612371444702148,0.04257899895310402,,,0.07921182364225388,0.044095151126384735,0.040858663618564606,-0.20945310592651367,0.02159207873046398,,,,0.049391668289899826,0.01706955023109913,0.031409505754709244,0.024841247126460075,0.0593513548374176,0.248757,0.061765,0.689478,6.0,0.186992,-0.009300000000000003,-0.10992799999999997,-0.100628,0.19869400000000004,0.18443284502224655,0.126135,0.1867987696024789,-0.10889610000000002,0.09147010000000003,0.358685,0.284094,0.071065,0.114865,0.57025,0.601042,0.28762,0.16923,-0.04379999999999999,-0.295287,0.07459099999999996,-0.04761299999999996,0.11839,0.24767499999999998,0.31172300000000003,0.410152,0.17048402893819703,0.0,-0.13125479999999995,,0.13458699999999998,
2002,France,FRA,132,61829.0,20719.525661469477,97.34439936790842,93.59,10415.47547353,0.20513061625155704,122.79912496446728,119.56965843612439,2204.31726022,2161.89652103,2742.2593964575,5527.95954524,3.2951333333333337,4.86,139.98655520282983,8.7017,134.88820223088712,0.60258,2191.5654561399997,2550.94461773,6.254953752264709,7449.678503981667,3000.9639175800003,3613.16858568,3836.509918301667,8593.5087890625,4.929988384246826,115.09313201904297,75.17451477050781,0.0,0.0,1.0,1.0,PEG,DEU,-1.095,-0.2927267551422119,0.12905961275100708,0.09355005621910095,0.03295133262872696,,,0.08715945482254028,0.041900161653757095,0.038540951907634735,-0.31129857897758484,0.026966452598571777,,,,0.04859999939799309,0.01857183501124382,0.04074353724718094,0.03503481671214104,0.06325069069862366,0.287007,0.042725,0.670268,2.0,0.244282,-0.01904,0.038250000000000006,0.05729000000000001,0.082565,0.028356480740741093,0.214614,0.06384574526152863,-0.022572,0.012452800000000003,0.248757,0.358685,0.061765,0.071065,0.689478,0.57025,0.186992,0.28762,-0.009300000000000003,-0.04379999999999999,-0.10992799999999997,0.07459099999999996,-0.100628,0.11839,0.19869400000000004,0.31172300000000003,0.18443284502224655,0.17048402893819703,-0.10889610000000002,-0.13125479999999995,0.09147010000000003,0.13458699999999998
2003,France,FRA,132,62171.0,20789.046927320785,97.49439589858774,94.74,10696.46777362,0.20599543068619797,125.37603045321416,89.4224705874632,2187.28205693,2128.8690860799998,2837.231584071667,5780.01758206,2.2755416666666664,4.13,156.52505117615996,8.3065,138.30329468856016,0.644127,2167.88540844,2570.26255138,5.193642121931908,7599.34055984,3283.64202716,3870.10694258,3729.2336172600003,8460.4345703125,5.064344882965088,109.32786560058594,73.9642333984375,0.0,0.0,1.0,1.0,PEG,DEU,-0.95999998,0.21222859621047974,0.1577490270137787,0.05324016883969307,0.022755416110157967,,,0.11813954263925552,0.03960948437452316,0.035424456000328064,0.17447862029075623,0.032141901552677155,,,,0.04129999876022339,0.03774997591972351,0.14410006999969482,0.16998906433582306,0.03799779340624809,0.293173,0.147936,0.558891,1.0,0.145237,0.10521100000000001,0.006166000000000005,-0.099045,0.05851833333333334,0.014446263646125142,0.2396313333333333,0.05047494548123195,0.021157299999999993,-0.03698589999999998,0.287007,0.248757,0.042725,0.061765,0.670268,0.689478,0.244282,0.186992,-0.01904,-0.009300000000000003,0.038250000000000006,-0.10992799999999997,0.05729000000000001,-0.100628,0.082565,0.19869400000000004,0.028356480740741093,0.18443284502224655,-0.022572,-0.10889610000000002,0.012452800000000003,0.09147010000000003
2004,France,FRA,132,62534.0,21193.399751471257,99.16191484012491,96.62,11177.63191183,0.20986275591786618,128.06169742062275,59.57677809005391,2339.72646373,2228.19409502,3060.5887689875003,6183.17531383,2.0249083333333333,4.098333333333334,180.2105400522506,8.9136,143.56700390404015,0.659391,2381.7929861400003,2690.4076354999997,4.815777108876,8028.533771570833,3680.86334808,4261.6935928699995,3766.8401787008333,8720.8427734375,4.742729187011719,111.87480926513672,75.2103271484375,0.0,0.0,1.0,1.0,PEG,DEU,-0.26967001,0.12997828423976898,0.1877371072769165,0.14477097988128662,0.020249083638191223,,,0.151324063539505,0.036413051187992096,0.031627107411623,0.09231145679950714,0.03448359668254852,,,,0.04098333418369293,0.03766682744026184,0.15841475129127502,0.1759081929922104,0.08251003175973892,0.093254,0.094647,0.812099,1.0,-0.001393,-0.05328900000000002,-0.199919,-0.14663,0.08414200000000001,0.05606145045394403,0.19217033333333333,0.0497251380926523,0.02038570000000001,-0.06641999999999997,0.293173,0.287007,0.147936,0.042725,0.558891,0.670268,0.145237,0.244282,0.10521100000000001,-0.01904,0.006166000000000005,0.038250000000000006,-0.099045,0.05729000000000001,0.05851833333333334,0.082565,0.014446263646125142,0.028356480740741093,0.021157299999999993,-0.022572,-0.03698589999999998,0.012452800000000003
2005,France,FRA,132,62912.0,21450.00068291843,100.0,98.22,11583.57746085,0.2172121896162528,130.29748736265788,12.046920559283999,2579.89855971,2338.76876651,3376.3210984283332,6702.64734084,2.0710416666666664,3.41,207.97158686462612,8.4935,147.9530534833707,0.6738299999999999,2430.14357661,2746.51819728,5.560371280834111,8662.204632495834,4176.88491234,4749.16803742,3913.036595075834,9634.5322265625,3.943645715713501,116.07343292236328,77.44038391113281,0.0,0.0,1.0,1.0,PEG,DEU,0.04167,0.2843312919139862,0.1868191808462143,0.14485499262809753,0.02071041613817215,,,0.15404720604419708,0.03277197852730751,0.02839743345975876,0.253147155046463,0.024884643033146858,,,,0.0340999998152256,0.03118412010371685,0.18780286610126495,0.20899143815040588,0.08278270065784454,0.254024,0.083011,0.662964,2.0,0.171013,-0.011635999999999994,0.16077000000000002,0.172406,0.09510266666666667,0.05260698009136576,0.12937533333333334,0.12360317859316299,0.006756899999999998,-0.03664370000000001,0.093254,0.293173,0.094647,0.147936,0.812099,0.558891,-0.001393,0.145237,-0.05328900000000002,0.10521100000000001,-0.199919,0.006166000000000005,-0.14663,-0.099045,0.08414200000000001,0.05851833333333334,0.05606145045394403,0.014446263646125142,0.02038570000000001,0.021157299999999993,-0.06641999999999997,-0.03698589999999998
2006,France,FRA,132,63293.0,21841.591885557165,101.73752398661304,100.0,12123.075855070001,0.22387093293044838,132.48013249125594,30.671381913327107,2857.61763437,2564.2015087,3688.9414585349996,7248.98736657,2.88915,3.796666666666667,233.01559505281168,8.4478,152.85212826426886,0.646108,2438.87436428,2728.125163,4.980690964312831,9649.260847923333,4739.74193533,5277.29213726,4371.968710663333,10314.54296875,4.160455226898193,124.05677032470703,79.1868667602539,0.0,0.0,1.0,1.0,PEG,DEU,0.74583,0.22560936212539673,0.149802103638649,0.019455082714557648,0.02889150008559227,,,0.12042005360126495,0.029382044449448586,0.026224132627248764,0.19368119537830353,0.02674764208495617,,,,0.037966664880514145,0.031928155571222305,0.14686167240142822,0.16817283630371094,0.02417329140007496,0.165107,0.046195,0.788698,4.0,0.118912,-0.036816,-0.08891700000000002,-0.052100999999999995,0.10853133333333335,0.03461784135866001,0.10495233333333333,0.0929951503323337,-0.031685900000000024,0.00934309999999999,0.254024,0.093254,0.083011,0.094647,0.662964,0.812099,0.171013,-0.001393,-0.011635999999999994,-0.05328900000000002,0.16077000000000002,-0.199919,0.172406,-0.14663,0.09510266666666667,0.08414200000000001,0.05260698009136576,0.05606145045394403,0.006756899999999998,0.02038570000000001,-0.03664370000000001,-0.06641999999999997
2007,France,FRA,132,63682.0,22202.17253075663,103.5616710630497,100.54,12734.4868152,0.23133062650973943,134.45143429199993,-12.989176551503999,3029.28814084,2633.39185306,3918.6554134116664,8239.036385809999,3.8640499999999998,4.304166666666667,248.31370382814202,7.6567,156.6731188352702,0.645355,2546.0642976500003,2855.32834444,4.455926907139458,10792.867760970832,5317.24647813,5837.28918773,4955.578573240832,11152.90234375,3.810006618499756,130.21942138671875,80.57838439941406,0.0,0.0,1.0,1.0,PEG,DEU,1.02334,0.030629167333245277,0.09269751608371735,-0.0966138243675232,0.038640499114990234,,,0.06565214693546295,0.027045365422964096,0.02537916786968708,0.004070787224918604,0.026450704783201218,,,,0.043041665107011795,0.02655838057398796,0.0629694014787674,0.07843097299337387,-0.02898666262626648,0.252152,0.121364,0.626484,19.0,0.130787,0.075169,0.08704499999999998,0.011874999999999983,0.07461766666666668,0.025292985378032304,0.09617733333333334,0.08842288171244672,0.004333500000000004,0.034443900000000006,0.165107,0.254024,0.046195,0.083011,0.788698,0.662964,0.118912,0.171013,-0.036816,-0.011635999999999994,-0.08891700000000002,0.16077000000000002,-0.052100999999999995,0.172406,0.10853133333333335,0.09510266666666667,0.03461784135866001,0.05260698009136576,-0.031685900000000024,0.006756899999999998,0.00934309999999999,-0.03664370000000001
2008,France,FRA,132,64058.0,22057.35045104924,103.24708122791448,100.44,13069.1560766,0.23553284232676988,138.23336752728324,-90.96132629313601,3192.52959986,2708.8925037599997,3972.9763058433336,8906.35456105,3.6189333333333336,4.234166666666666,250.38101582480832,7.0634,160.67378986977425,0.687783,2528.66175844,2980.6292505799997,4.713350578429257,11921.305668393332,5742.32629284,6253.4348681,5667.870800293332,12067.2802734375,3.20508074760437,130.00869750976562,81.04078674316406,1.0,1.0,1.0,1.0,PEG,DEU,-0.04084,-0.40892547369003296,0.034268300980329514,0.22131675481796265,0.036189332604408264,,,0.008324137888848782,0.025944164022803307,0.025729984045028687,-0.43094703555107117,0.03869861364364624,,,,0.04234166815876961,0.02202155999839306,-0.00287751667201519,-0.028635971248149872,0.12875303626060486,0.224779,0.134591,0.640629,20.0,0.090188,0.013226999999999989,-0.02737299999999998,-0.04059899999999998,0.08352333333333335,0.03758711886183024,0.14023733333333332,0.02730586292965936,0.022990899999999998,-0.02305999999999999,0.252152,0.165107,0.121364,0.046195,0.626484,0.788698,0.130787,0.118912,0.075169,-0.036816,0.08704499999999998,-0.08891700000000002,0.011874999999999983,-0.052100999999999995,0.07461766666666668,0.10853133333333335,0.025292985378032304,0.03461784135866001,0.004333500000000004,-0.031685900000000024,0.034443900000000006,0.00934309999999999
2009,France,FRA,132,64399.24403315361,21244.207306860604,99.76586099430486,100.56,12702.09565854,0.22037132542547705,138.35448826488386,-69.86152612197002,2637.5571800099997,2240.65071845,4109.758099375834,8879.35537093,0.647225,3.64919166666667,232.60213265347846,8.7363,163.33278563148863,0.830389,2314.2818917,3084.82146046,4.553359711231429,12011.083223198331,5990.691291749999,6489.45475627,5521.628466928331,12578.1787109375,4.376982688903809,121.87578582763672,79.5211181640625,0.0,0.0,1.0,1.0,PEG,DEU,-3.192497,0.2903197407722473,-0.04475454241037369,-0.0640435665845871,0.006472249981015921,,,-0.07100778073072433,0.026253236457705498,0.02825991064310074,0.23895440995693207,0.041458602994680405,,,,0.036491915583610535,0.05136531963944435,0.006412735674530268,0.013958660885691643,-0.02878565900027752,0.158786,0.06913,0.772084,12.0,0.089656,-0.06546099999999999,-0.065993,-0.0005320000000000047,0.10071666666666668,0.047678060828156094,0.11329566666666667,0.020874077233098105,0.008203199999999994,-0.01283670000000001,0.224779,0.252152,0.134591,0.121364,0.640629,0.626484,0.090188,0.130787,0.013226999999999989,0.075169,-0.02737299999999998,0.08704499999999998,-0.04059899999999998,0.011874999999999983,0.08352333333333335,0.07461766666666668,0.03758711886183024,0.025292985378032304,0.022990899999999998,0.004333500000000004,-0.02305999999999999,0.034443900000000006
2010,France,FRA,132,64707.49770660658,21477.477402452558,101.20948583160421,101.9067066003585,13088.237865730001,0.22071553665248939,140.47286524699993,-82.3250161754417,3001.64611286,2558.2454191399997,4472.155209796666,9552.65587401,0.376258333333334,3.117017,244.53347617709514,8.8713,168.46823266699445,0.852569,2621.08609974,3352.81269281,4.90912288579554,12394.070823849168,6542.61351155,6890.913559409999,5503.157264439169,13215.7822265625,4.5551629066467285,121.90652465820312,78.80329132080078,0.0,0.0,1.0,1.0,PEG,DEU,-0.24250001,0.041892267763614655,0.08000590652227402,0.09389825910329819,0.0037625832483172417,,,0.05129362642765045,0.028712281957268715,0.027311382815241814,0.0040655070915818214,0.037673596292734146,,,,0.031170999631285667,0.03782675787806511,0.06898204982280731,0.07342804968357086,0.04883041977882385,0.187082,0.126089,0.68683,10.0,0.060993,0.05695900000000001,0.028295999999999988,-0.028663,0.10836166666666669,0.03461330863025596,0.10354366666666666,0.023594918188740228,-0.005128599999999996,-0.020991399999999997,0.158786,0.224779,0.06913,0.134591,0.772084,0.640629,0.089656,0.090188,-0.06546099999999999,0.013226999999999989,-0.065993,-0.02737299999999998,-0.0005320000000000047,-0.04059899999999998,0.10071666666666668,0.08352333333333335,0.047678060828156094,0.03758711886183024,0.008203199999999994,0.022990899999999998,-0.01283670000000001,-0.02305999999999999
2011,France,FRA,132,65021.93707250341,21842.23668701559,102.92967273623202,102.04141201931134,13502.01554133,0.22415383868304764,143.43908739232012,-115.9823135000247,3364.41657214,2759.5455033,4695.790083175833,9931.35296925,0.693358333333333,3.321058,259.06372621080664,8.811,171.29045706226398,0.878344,2576.4154280400003,3183.85784832,5.069611252801608,13194.710619446667,6717.3932542,7221.4962087,5973.2144107466665,13756.5986328125,4.374820709228516,114.44744873046875,78.06526947021484,0.0,0.0,1.0,1.0,PEG,DEU,0.425834,-0.13389000296592712,0.08704257011413574,0.002216957276687026,0.006933583412319422,,,0.05942347273230553,0.027619101107120514,0.02606993541121483,-0.1695157140493393,0.04289751872420311,,,,0.03321216627955437,0.03562571480870247,0.04584389552474022,0.0555046871304512,0.004575270228087902,0.2622,0.129634,0.608166,14.0,0.132566,0.0035449999999999926,0.07511799999999999,0.071573,0.10993666666666668,0.03559436801424281,0.080279,0.01670428397148502,0.0042088,0.009847099999999996,0.187082,0.158786,0.126089,0.06913,0.68683,0.772084,0.060993,0.089656,0.05695900000000001,-0.06546099999999999,0.028295999999999988,-0.065993,-0.028663,-0.0005320000000000047,0.10836166666666669,0.10071666666666668,0.03461330863025596,0.047678060828156094,-0.005128599999999996,0.008203199999999994,-0.020991399999999997,-0.01283670000000001
2012,France,FRA,132,65337.4073871409,21818.118066179795,102.75344387469072,101.11903269161515,13701.65605428,0.22478317121088695,146.24216731964805,-132.220980923802,3410.55002795,2849.6739951,4993.455170313333,10498.32284263,0.0493333333333333,2.535992,257.8824050698545,9.4002,174.89835275921774,0.90604,2656.1666801,3231.5000052299997,4.971631044414128,13386.3391642725,6939.4478178399995,7390.51008932,5995.8290749525,14152.37109375,4.733343124389648,113.05118560791016,76.35334014892578,0.0,0.0,1.0,1.0,PEG,DEU,-0.55416697,0.20368699729442596,0.022059405222535133,0.18912792205810547,0.0004933333257213235,,,-0.004562579095363617,0.02662198431789875,0.02674400620162487,0.15230663120746613,0.044589150696992874,,,,0.025361834093928337,0.051380373537540436,0.05984972044825554,0.05131947621703148,0.09481062740087509,0.243079,0.14605,0.610872,12.0,0.097029,0.016416000000000014,-0.019121,-0.035536999999999985,0.10828433333333336,0.03395494250228311,0.094405,0.03602205342564484,0.0234305,0.009369199999999994,0.2622,0.187082,0.129634,0.126089,0.608166,0.68683,0.132566,0.060993,0.0035449999999999926,0.05695900000000001,0.07511799999999999,0.028295999999999988,0.071573,-0.028663,0.10993666666666668,0.10836166666666669,0.03559436801424281,0.03461330863025596,0.0042088,-0.005128599999999996,0.009847099999999996,-0.020991399999999997
2013,France,FRA,132,65669.3728816287,21841.280960321226,102.8149990777683,101.1123661562569,13887.84944873,0.22063064340755445,147.50528358319613,-70.828032188523,3341.81885349,2808.6766826,5241.452833303333,10792.840976059999,0.0430666666666666,2.20435,252.4445914624722,9.9206,177.5953053855774,0.9341320000000001,2779.5915492199997,3231.27697985,4.75641360307447,13603.759938338331,7196.24842377,7586.798661999999,6016.961276338332,13218.556640625,5.315672397613525,110.40459442138672,74.90921783447266,0.0,0.0,1.0,1.0,PEG,DEU,-0.16583334,0.22217300534248352,0.005948362872004509,-0.03871776536107063,0.0004306666669435799,,,-0.021084871143102646,0.027033234015107155,0.0276155024766922,0.1798592209815979,0.03586341813206673,,,,0.022046083584427834,0.04231378436088562,0.033966634422540665,0.04702635481953621,-0.019143549725413322,0.332027,0.104863,0.56311,10.0,0.227164,-0.041187000000000015,0.08894800000000003,0.130135,0.13392433333333334,0.010649676067061858,0.09686266666666665,0.03578678991378444,-0.004726200000000001,0.0462976,0.243079,0.2622,0.14605,0.129634,0.610872,0.608166,0.097029,0.132566,0.016416000000000014,0.0035449999999999926,-0.019121,0.07511799999999999,-0.035536999999999985,0.071573,0.10828433333333336,0.10993666666666668,0.03395494250228311,0.03559436801424281,0.0234305,0.0042088,0.009369199999999994,0.009847099999999996
2014,France,FRA,132,66009.58596604168,21940.470687708923,103.30757411427395,101.45947267834897,14101.534001049999,0.21771028037383178,148.25425467488967,-134.81066505003798,3308.5159166000003,2808.0207256,5475.8667200849995,11201.94167825,0.0572916666666667,1.666442,247.823736705452,10.3594,179.02893704326186,0.948887,2803.2322395,3273.2319895699998,5.402825137962275,14218.93718491,7473.928141009999,7729.797288000001,6489.139896909999,15116.0830078125,5.27177619934082,110.68717193603516,75.76092529296875,0.0,0.0,1.0,1.0,PEG,DEU,0.0075,0.027084000408649445,0.01019379310309887,0.3238297402858734,0.0005729166441597044,,,-0.017560290172696114,0.027754083275794983,0.028250163421034813,-0.005400435067713261,0.032660819590091705,,,,0.01666666753590107,0.03248443827033043,0.04331708699464798,0.01351366750895977,0.16220133006572723,0.332469,0.120519,0.547013,10.0,0.21195,0.015656000000000003,0.00044199999999999795,-0.015214000000000005,0.12684900000000002,0.020734256943522662,0.152253,0.06726412887267635,-0.0068532,0.036828700000000006,0.332027,0.243079,0.104863,0.14605,0.56311,0.610872,0.227164,0.097029,-0.041187000000000015,0.016416000000000014,0.08894800000000003,-0.019121,0.130135,-0.035536999999999985,0.13392433333333334,0.10828433333333336,0.010649676067061858,0.03395494250228311,-0.004726200000000001,0.0234305,0.0462976,0.009369199999999994
2015,France,FRA,132,66291.03497223786,22075.0075993006,104.08653823276163,102.59463281417081,14420.76859424,0.215659465864552,148.30987134011397,-53.06842842680319,3332.1303686,2925.1090501,6135.139036089166,11717.89121617,-0.199075,0.8418583,243.20288194843178,10.0568,181.28977948021495,0.955797,2832.3501707299997,3329.27039608,6.025140075319188,14620.96011107,7776.868762319999,7987.5883890000005,6633.37172207,15612.169921875,5.764798641204834,108.04460144042969,74.33617401123047,0.0,0.0,1.0,1.0,PEG,DEU,-0.20416667,0.11944600194692612,0.010631248354911804,0.00014310303959064186,-0.001990749966353178,,,-0.01763584278523922,0.028267091140151024,0.028774553909897804,0.08526358753442764,0.03149687498807907,,,,0.008444082923233509,0.034182410687208176,0.026446757838129997,0.033270008862018585,-0.0009238234488293529,0.170528,0.053839,0.775633,10.0,0.116688,-0.06668,-0.161941,-0.095262,0.12381066666666668,0.02078986638565413,0.17871433333333334,0.0711493971185515,-0.0260977,0.0043762999999999936,0.332469,0.332027,0.120519,0.104863,0.547013,0.56311,0.21195,0.227164,0.015656000000000003,-0.041187000000000015,0.00044199999999999795,0.08894800000000003,-0.015214000000000005,0.130135,0.12684900000000002,0.13392433333333334,0.020734256943522662,0.010649676067061858,-0.0068532,-0.004726200000000001,0.036828700000000006,0.0462976
2016,France,FRA,132,66464.23436066628,22243.41154401061,104.94947457600556,104.14552373120293,14654.92556453,0.21957019157431915,148.5817750367696,-71.2229382436158,3316.1250178,2898.4771959,6719.916502126667,12336.08477168,-0.55626666667,0.4678833,245.3917078859677,9.41,183.84609594633397,0.979568,2887.0045079700003,3425.78790906,6.222910539796983,15238.136933230002,8159.9082929,8252.595017,6985.2352,15843.43359375,6.286256790161133,107.69346618652344,73.59101104736328,0.0,0.0,1.0,1.0,PEG,DEU,-0.21250001,0.08940000087022781,0.03811667859554291,0.03527684509754181,-0.0031940000000000002,,,0.009250044822692871,0.028866633772850037,0.02860206365585327,0.05339999869465828,0.03417505323886871,,,,0.004679,0.035999998450279236,0.04360229894518852,0.05330449715256691,0.01604142226278782,0.299167,0.099238,0.601595,25.0,0.19993,0.04539900000000001,0.128639,0.083242,0.09307366666666668,0.03486827907042955,0.18526733333333334,0.05987662456529547,-0.008355499999999997,-0.017696399999999977,0.170528,0.332469,0.053839,0.120519,0.775633,0.547013,0.116688,0.21195,-0.06668,0.015656000000000003,-0.161941,0.00044199999999999795,-0.095262,-0.015214000000000005,0.12381066666666668,0.12684900000000002,0.02078986638565413,0.020734256943522662,-0.0260977,-0.0068532,0.0043762999999999936,0.036828700000000006
2017,France,FRA,132,66639.49564657599,22726.543640919506,107.04321509608671,105.37922772567464,15068.91970594,0.2247981864,150.11555907107788,-115.57861414455982,3554.1718131,3051.51852357,7572.8683218433325,13431.4411277,-0.6357326768545074,0.8098583,252.93099722636904,9.02,187.91007996106597,0.981321,3038.89791089,3527.90729482,5.469498874343369,15974.520821,8615.581942089999,8711.764916999999,7262.7559040000015,16256.4306640625,6.5710425109411466,107.53757861387679,72.65398338709419,0.0,0.0,1.0,1.0,PEG,DEU,-0.035,0.1851000040769577,0.05887674540281296,0.03584440425038338,-0.003534,,,0.030220508575439453,0.028656236827373505,0.02781563438475132,0.15320000052452087,0.027662158012390137,,,,0.008099,0.03189999982714653,0.07782184332609177,0.09895125776529312,0.016155201941728592,0.267427,0.090719,0.641854,29.0,0.176708,-0.008519000000000013,-0.03173999999999999,-0.023221999999999993,0.09119866666666669,0.034059194945467455,0.1761893333333333,0.05187896106644142,-0.0044001000000000005,-0.002248399999999989,0.299167,0.170528,0.099238,0.053839,0.601595,0.775633,0.19993,0.116688,0.04539900000000001,-0.06668,0.128639,-0.161941,0.083242,-0.095262,0.09307366666666668,0.12381066666666668,0.03486827907042955,0.02078986638565413,-0.008355499999999997,-0.0260977,-0.017696399999999977,0.0043762999999999936
2018,France,FRA,132,66850.84013840828,23071.73251827475,108.74079069397978,106.12257619003104,15502.271138420001,0.22892634301271186,152.89392048052804,-128.82387316027018,3709.2728457499998,3170.0630726100003,8194.862054906667,14181.186859559999,-0.6143559839129322,0.7841083,260.65454535037696,8.6,191.0832989812264,0.977815,3059.32441187,3508.9501375199998,5.728882096069867,16943.15284419,9100.92452639,9173.78167038,7769.371173810001,16699.478515625,6.451787214614173,109.69896025774342,72.6857404220272,0.0,0.0,1.0,1.0,PEG,DEU,-0.00666667,-0.07450000196695328,0.05876074731349945,0.009596725925803185,-0.003629,,,0.031017065048217773,0.027743682265281677,0.02690904214978218,-0.10029999911785126,0.02867622673511505,,,,0.007841,0.02579999901354313,0.015455859713256359,0.019878264516592026,0.0029838629998266697,0.307829,0.049074,0.643097,24.0,0.258755,-0.041644999999999995,0.040401999999999993,0.08204700000000001,0.08126533333333334,0.02413081350334789,0.164442,0.04295519419115705,-0.002281399999999992,0.04029790000000002,0.267427,0.299167,0.090719,0.099238,0.641854,0.601595,0.176708,0.19993,-0.008519000000000013,0.04539900000000001,-0.03173999999999999,0.128639,-0.023221999999999993,0.083242,0.09119866666666669,0.09307366666666668,0.034059194945467455,0.03486827907042955,-0.0044001000000000005,-0.008355499999999997,-0.002248399999999989,-0.017696399999999977
2019,France,FRA,132,66999.29675706122,23443.58862098411,110.50278126673248,107.76345430004658,15989.83741695,0.2347738689344385,154.58837488104194,-46.5304268833245,3792.6121826,3275.68526875,9034.348717305833,15241.38392038,-0.5659576740607989,0.1302,269.2295082282125,8.41,193.86398687358405,0.9745910000000001,3005.30635292,3583.38157831,5.839033291792769,17876.65837003,9679.07846662,9728.71473281,8147.94363722,17588.75390625,6.576556581759528,108.35789356151224,72.43736505115807,0.0,0.0,1.0,1.0,PEG,DEU,-0.03083333,0.28369998931884766,0.05943776294589043,0.07744557410478592,-0.003917,,,0.03241598606109619,0.027021776884794235,0.026173342019319534,0.24300000071525574,0.032743364572525024,,,,0.0013020000000000002,0.04070000350475311,0.10937556624412537,0.1335979551076889,0.03676428645849228,0.268319,0.066253,0.665428,23.0,0.202066,0.017179000000000007,-0.039510000000000045,-0.05668900000000002,0.07967700000000001,0.02684308192067415,0.21179766666666666,0.04229135474696152,-0.014060000000000005,0.008845500000000022,0.307829,0.267427,0.049074,0.090719,0.643097,0.641854,0.258755,0.176708,-0.041644999999999995,-0.008519000000000013,0.040401999999999993,-0.03173999999999999,0.08204700000000001,-0.023221999999999993,0.08126533333333334,0.09119866666666669,0.02413081350334789,0.034059194945467455,-0.002281399999999992,-0.0044001000000000005,0.04029790000000002,-0.002248399999999989
2020,France,FRA,132,67139.50578578899,21525.949965130512,101.60696468666245,99.93514010350759,15105.771370199998,0.22964748182694564,155.3249867137966,-286.858598320098,3281.3002606699997,2742.25447678,10603.154610585001,17671.284792899998,-0.5716440491593455,-0.1452667,284.2508970993145,8.01,188.71257917451075,1.150422,2821.25137829,3846.66959897,5.345587156710943,19296.51009438,10169.216096589998,10181.534969049999,9114.97512533,18824.3046875,6.175110602374172,103.43384545459541,72.33210232785409,0.0,0.0,1.0,1.0,PEG,DEU,-0.06833334,-0.00839999970048666,0.08206874132156372,0.039300255477428436,-0.004963,,,0.05579400062561035,0.02627473883330822,0.02488623559474945,-0.02669999934732914,0.018802013248205185,,,,-0.001453,0.018300000578165054,0.0431215763092041,0.05272723734378815,0.017168628051877022,0.28888,0.052807,0.658313,18.0,0.236073,-0.013446000000000007,0.02056100000000005,0.03400700000000001,0.068682,0.020928486256775094,0.21250966666666668,0.042008691747462745,-0.0096557,0.012140599999999998,0.268319,0.307829,0.066253,0.049074,0.665428,0.643097,0.202066,0.258755,0.017179000000000007,-0.041644999999999995,-0.039510000000000045,0.040401999999999993,-0.05668900000000002,0.08204700000000001,0.07967700000000001,0.08126533333333334,0.02684308192067415,0.02413081350334789,-0.014060000000000005,-0.002281399999999992,0.008845500000000022,0.04029790000000002
1997,UK,GBR,112,58808.27,19115.072462085736,81.84937103237046,76.99,952.585,0.18906552265641002,125.448292773266,-1.308,187.1351,171.5945,26.013450000000002,680.1278000000001,6.48,7.125833333333335,98.94121553490659,7.0722,135.52495047637015,0.43267000000000005,319.821,291.568,0.6046680372475511,699.787,361.34421875,517.627,182.127,538.9509887695312,4.8101207526216,102.59850311279297,73.40335019367944,0.0,0.0,0.0,0.0,FLOAT,DEU,0.0,0.23567114770412445,0.1092105507850647,0.16759464144706726,0.06480000168085098,,,0.05974743887782097,0.04946311563253403,0.04667443782091141,0.19735576212406158,0.03200000151991844,,,,0.07125833630561829,0.038315385580062866,0.16552188992500305,0.1738656908273697,0.11619731783866882,0.209627,0.154243,0.63613,8.0,0.055384,,,,,,,,,,,,,,,,,,,,,,,,,,,,,,,
1998,UK,GBR,112,59035.65,19724.085413065444,84.27761520319027,79.63,998.318,0.19248473400671942,127.40202137291483,-3.548,185.243,163.482,27.540770000000002,741.3339,6.82,5.532583333333334,106.1287306725887,6.2032,142.4205263654372,0.40929000000000004,338.77,299.105,0.6011421701232341,743.652,381.485375,551.39,192.253,612.5650024414062,4.85158215472383,103.27042388916016,73.53389444555472,0.0,0.0,0.0,0.0,FLOAT,DEU,0.0,0.1367396116256714,0.12076672911643982,0.21169418096542358,0.0681999996304512,,,0.07264719158411026,0.04811953380703926,0.04486054182052612,0.10901425778865814,0.02500000037252903,,,,0.05532583221793175,0.027725357562303543,0.13052137196063995,0.1291024088859558,0.1399470865726471,0.136031,0.339521,0.524448,10.0,-0.20349,0.18527800000000003,-0.073596,-0.258874,,,,,,,0.209627,,0.154243,,0.63613,,0.055384,,,,,,,,,,,,,,,
1999,UK,GBR,112,59293.32,20269.481542579528,86.47355146466315,83.04,1041.97,0.192347144298772,129.09482516187444,-25.143,194.577,165.451,30.7717,770.6917,5.04,4.8460833333333335,113.66573933641561,6.0429,149.27836996509762,0.39431,364.908,307.693,0.6186587478346943,804.527,411.17071875,600.939,203.609,721.89599609375,4.83387601100811,108.80107116699219,73.23327834915371,0.0,0.0,0.0,0.0,FLOAT,DEU,0.0,0.23799023032188416,0.11724521964788437,-0.041475020349025726,0.05040000006556511,,,0.07101734727621078,0.046227872371673584,0.04316258057951927,0.21252715587615967,0.020999999716877937,,,,0.048460833728313446,0.02546307072043419,0.16392086446285248,0.1833963692188263,0.0044624898582696915,0.219218,0.30262,0.478161,9.0,-0.083402,-0.03690100000000002,0.08318699999999998,0.120088,0.246882,0.13101133020468117,-0.07405300000000001,0.18305156087288632,,,0.136031,0.209627,0.339521,0.154243,0.524448,0.63613,-0.20349,0.055384,0.18527800000000003,,-0.073596,,-0.258874,,,,,,,,,
2000,UK,GBR,112,59522.47,21045.72001977542,89.42698861449325,86.41,1098.5,0.1913314157528197,130.12300915002194,-24.482,220.728,186.156,32.21215,831.569,5.8,4.912916666666667,129.07960898949307,5.5616,153.53268559569852,0.36734,371.824,352.95,0.6701514542286557,891.539,442.593125,663.886,227.632,799.5670166015625,5.713825054447971,109.3485336303711,74.59123353531525,0.0,0.0,0.0,0.0,FLOAT,DEU,0.0,-0.0594029575586319,0.18019728362560272,0.09794456511735916,0.057999998331069946,,,0.13560783863067627,0.044589441269636154,0.039264824241399765,-0.0796506404876709,0.02199999988079071,,,,0.04912916570901871,0.0202476866543293,0.059860922396183014,0.05779455602169037,0.07797227799892426,0.255954,0.201765,0.542282,21.0,0.054189,-0.100855,0.03673600000000002,0.13759100000000002,0.2654613333333333,0.09806915520352634,-0.07716933333333334,0.12954949467031251,0.010566500000000055,0.011650299999999971,0.219218,0.136031,0.30262,0.339521,0.478161,0.524448,-0.083402,-0.20349,-0.03690100000000002,0.18527800000000003,0.08318699999999998,-0.073596,0.120088,-0.258874,0.246882,,0.13101133020468117,,,,,
2001,UK,GBR,112,59723.24,21567.35402910252,91.24614026519136,88.8,1142.023,0.18680702124334675,131.72809207638275,-22.173,225.705,188.168,34.84386,884.8511,4.76,5.054333333333333,142.23101020665365,4.6955,161.38100179228374,0.33999,383.865,377.093,0.689464975179261,979.148,483.93465625,732.614,246.568,871.27197265625,5.558822445095629,109.61563110351562,74.86078979044925,0.0,0.0,0.0,0.0,FLOAT,DEU,0.0,-0.13219822943210602,0.1425030529499054,0.029548566788434982,0.047600001096725464,,,0.10188255459070206,0.04062049463391304,0.03686463087797165,-0.1541893035173416,0.026000000536441803,,,,0.05054333433508873,0.021991077810525894,0.024222202599048615,0.022634996101260185,0.03857428580522537,0.235966,0.255389,0.508645,19.0,-0.019423,0.05362399999999998,-0.019988000000000006,-0.073612,0.281302,0.07130933828749222,-0.07756766666666669,0.12893853708001085,-0.03532510000000002,0.0689792,0.255954,0.219218,0.201765,0.30262,0.542282,0.478161,0.054189,-0.083402,-0.100855,-0.03690100000000002,0.03673600000000002,0.08318699999999998,0.13759100000000002,0.120088,0.2654613333333333,0.246882,0.09806915520352634,0.13101133020468117,0.010566500000000055,,0.011650299999999971,
2002,UK,GBR,112,59912.43,22008.006231145475,92.8305129577604,91.72,1190.336,0.18660527349886455,133.38643409789282,-22.221,225.105,185.577,37.031,944.9553000000001,3.86,5.04675,167.9424856634055,5.0369,166.77671917743606,0.34215000000000007,388.594,408.201,0.6204243702692642,1090.4,546.14125,826.647,263.763,932.2239990234375,5.220986820894339,116.76862335205078,75.50680052607184,0.0,0.0,0.0,0.0,FLOAT,DEU,0.0,-0.22260260581970215,0.21859419345855713,0.10208654403686523,0.038600001484155655,,,0.18076930940151215,0.037824880331754684,0.032034099102020264,-0.24961641430854797,0.035999998450279236,,,,0.05046749860048294,0.027013808488845825,0.06421291083097458,0.06345634162425995,0.0703432708978653,0.29503,0.230691,0.474279,12.0,0.064339,-0.02469799999999997,0.059064000000000005,0.08376199999999999,0.25325800000000004,0.05046125867435336,-0.016212000000000008,0.06885167907175536,-0.016216300000000003,0.03696110000000001,0.235966,0.255954,0.255389,0.201765,0.508645,0.542282,-0.019423,0.054189,0.05362399999999998,-0.100855,-0.019988000000000006,0.03673600000000002,-0.073612,0.13759100000000002,0.281302,0.2654613333333333,0.07130933828749222,0.09806915520352634,-0.03532510000000002,0.010566500000000055,0.0689792,0.011650299999999971
2003,UK,GBR,112,60094.65,22762.765048987072,95.11927806638836,94.19,1259.97,0.18192562104953697,135.20261399802453,-19.196,233.501,186.66,39.84424,1006.433,3.56,4.884833333333334,199.78014074511,4.807,171.68191680030185,0.35398,410.383,448.796,0.5603182607721185,1193.615,621.63825,916.161,277.406,933.2860107421875,5.228961313651896,117.46700286865234,77.05176285892618,0.0,0.0,0.0,0.0,FLOAT,DEU,0.0,0.2017573118209839,0.22209432721138,0.021113665774464607,0.035599999129772186,,,0.1895773559808731,0.0325169637799263,0.02733488753437996,0.1656230092048645,0.03099999949336052,,,,0.048848334699869156,0.03613431379199028,0.19608506560325623,0.21506735682487488,0.028356831520795822,0.32025,0.170012,0.509737,6.0,0.150237,-0.06067900000000001,0.025219999999999965,0.08589800000000002,0.2292816666666667,0.026839765448552908,0.03303499999999999,0.04571254694282515,-0.011995699999999986,0.037190600000000004,0.29503,0.235966,0.230691,0.255389,0.474279,0.508645,0.064339,-0.019423,-0.02469799999999997,0.05362399999999998,0.059064000000000005,-0.019988000000000006,0.08376199999999999,-0.073612,0.25325800000000004,0.281302,0.05046125867435336,0.07130933828749222,-0.016216300000000003,-0.03532510000000002,0.03696110000000001,0.0689792
2004,UK,GBR,112,60270.71,23306.55958095741,97.94023665880269,97.2,1322.795,0.1810602602009231,137.0190922684372,-22.127536409999998,249.298,188.557,42.182970000000005,1079.428,4.44,4.773583333333333,230.01815994048263,4.5942,179.5302329968871,0.38391,447.869,483.501,0.5177591384487936,1308.052,696.2056875,1015.494,292.565,976.1290283203125,4.913370616521505,115.96451568603516,77.67348104899223,0.0,0.0,0.0,0.0,FLOAT,DEU,0.0,0.12595011293888092,0.1793002486228943,0.06638054549694061,0.04439999908208847,,,0.15135648846626282,0.027943752706050873,0.02427028678357601,0.09209516644477844,0.03099999949336052,,,,0.04773583263158798,0.033854950219392776,0.15025003254413605,0.16130174696445465,0.05539027228951454,0.141595,0.141546,0.716859,10.0,4.9e-05,-0.02846599999999999,-0.17865499999999998,-0.15018800000000002,0.21869733333333338,0.04393397389644299,0.06505099999999998,0.08483224097004624,-0.04022079999999998,0.014431400000000011,0.32025,0.29503,0.170012,0.230691,0.509737,0.474279,0.150237,0.064339,-0.06067900000000001,-0.02469799999999997,0.025219999999999965,0.059064000000000005,0.08589800000000002,0.08376199999999999,0.2292816666666667,0.25325800000000004,0.026839765448552908,0.05046125867435336,-0.011995699999999986,-0.016216300000000003,0.037190600000000004,0.03696110000000001
2005,UK,GBR,112,60441.46,23810.431674391606,100.0,98.34,1399.656,0.18003105543243936,139.83749794227387,-16.151274519999998,268.946,209.716,43.64542,1185.56,4.55,4.43875,243.21776716124936,4.7503,187.37854919347234,0.39592,482.283,520.173,0.5807538184563563,1425.522,762.979625,1062.387,363.017,1167.20703125,3.87898110082054,110.88849639892578,78.71475570701577,0.0,0.0,0.0,0.0,FLOAT,DEU,0.0,0.21643610298633575,0.08248280733823776,0.08501417189836502,0.045499999076128006,,,0.05738681182265282,0.025095997378230095,0.02373397909104824,0.18100592494010925,0.029999999329447746,,,,0.04438750073313713,0.0354301780462265,0.12371351569890976,0.13018152117729187,0.06525708734989166,0.144967,0.204399,0.650634,8.0,-0.059432,0.06285299999999999,0.003372000000000014,-0.059481,0.1807496666666667,0.04553219597530231,0.07154166666666666,0.07535262199375233,-0.0107342,-0.0521501,0.141595,0.32025,0.141546,0.170012,0.716859,0.509737,4.9e-05,0.150237,-0.02846599999999999,-0.06067900000000001,-0.17865499999999998,0.025219999999999965,-0.15018800000000002,0.08589800000000002,0.21869733333333338,0.2292816666666667,0.04393397389644299,0.026839765448552908,-0.04022079999999998,-0.011995699999999986,0.014431400000000011,0.037190600000000004
2006,UK,GBR,112,60609.15,24285.282650144403,101.941718437045,100.0,1476.722,0.1816089988815513,143.0939111885426,-31.269162599999998,304.335,245.384,45.84563,1304.358,4.65,4.241083333333333,255.0113659435023,5.3497,196.20790491463072,0.40515999999999996,509.973,549.137,0.5094243504839531,1592.527,846.6403125,1164.318,428.067,1265.8929443359375,3.952366884610196,106.06417083740234,78.4266111710748,0.0,0.0,0.0,0.0,FLOAT,DEU,0.0,0.16431647539138794,0.0729144960641861,-0.005019864067435265,0.04650000110268593,,,0.04848736524581909,0.024427134543657303,0.023297499865293503,0.1315028965473175,0.028999999165534973,,,,0.04241083189845085,0.03281358256936073,0.09769380837678909,0.1064334362745285,0.020740069448947906,0.160889,0.168004,0.671108,14.0,-0.007115,-0.03639500000000001,0.01592199999999999,0.052317,0.1719856666666667,0.031472947468156445,0.030284666666666665,0.10805516667116537,0.005682899999999974,-0.0531537,0.144967,0.141595,0.204399,0.141546,0.650634,0.716859,-0.059432,4.9e-05,0.06285299999999999,-0.02846599999999999,0.003372000000000014,-0.17865499999999998,-0.059481,-0.15018800000000002,0.1807496666666667,0.21869733333333338,0.04553219597530231,0.04393397389644299,-0.0107342,-0.04022079999999998,-0.0521501,0.014431400000000011
2007,UK,GBR,112,60776.24,25002.119099661428,103.53876172930923,101.73,1552.47,0.18484631590319792,146.4177561183055,-36.349845769999995,312.487,220.938,48.584199999999996,1442.989,5.53,4.632083333333333,276.0476624838477,5.262,206.01830016036226,0.41547,540.524,578.777,0.49915144254766897,1763.498,925.0261875,1267.252,495.739,1312.427978515625,3.407608615287524,105.80948638916016,78.13765142215553,1.0,1.0,0.0,0.0,FLOAT,DEU,0.0,0.05081511661410332,0.10657023638486862,0.06206125766038895,0.05530000105500221,,,0.08249448239803314,0.02407575584948063,0.02224099636077881,0.020208850502967834,0.029999999329447746,,,,0.0463208332657814,0.030606264248490334,0.08446194231510162,0.0874282494187355,0.05868063122034073,0.171368,0.191647,0.636984,13.0,-0.020279,0.023643000000000025,0.010478999999999988,-0.013163999999999999,0.17131633333333338,0.03155714762669997,-0.02216600000000001,0.032471476575603925,0.011390800000000003,-0.0008667000000000047,0.160889,0.144967,0.168004,0.204399,0.671108,0.650634,-0.007115,-0.059432,-0.03639500000000001,0.06285299999999999,0.01592199999999999,0.003372000000000014,0.052317,-0.059481,0.1719856666666667,0.1807496666666667,0.031472947468156445,0.04553219597530231,0.005682899999999974,-0.0107342,-0.0531537,-0.0521501
2008,UK,GBR,112,60943.91,24602.13363468245,102.4406934978219,101.75,1598.752,0.17944530776727155,151.69160001920542,-62.98233417,343.052,249.514,52.08833,1496.955,4.32,4.5914166666666665,266.16302144439965,5.615,213.8666163569475,0.49327,568.287,644.731,0.6859651529702291,1843.045,978.097625,1335.868,507.025,1481.89794921875,2.681673643200811,97.25270080566406,77.76792366374465,0.0,0.0,0.0,0.0,FLOAT,DEU,0.0,-0.29751068353652954,-0.01275627501308918,0.15972906351089478,0.04320000112056732,,,-0.0358089879155159,0.02305271290242672,0.023908864706754684,-0.3277614116668701,0.04500000178813934,,,,0.045914165675640106,0.030250737443566322,-0.0577688105404377,-0.08111898601055145,0.10146453231573105,0.144645,0.298587,0.556768,15.0,-0.153942,0.10693999999999998,-0.026722999999999997,-0.133663,0.18801666666666672,0.01846709225442205,-0.028942000000000006,0.027213099768310017,0.030620699999999997,-0.0296694,0.171368,0.160889,0.191647,0.168004,0.636984,0.671108,-0.020279,-0.007115,0.023643000000000025,-0.03639500000000001,0.010478999999999988,0.01592199999999999,-0.013163999999999999,0.052317,0.17131633333333338,0.1719856666666667,0.03155714762669997,0.031472947468156445,0.011390800000000003,0.005682899999999974,-0.0008667000000000047,-0.0531537
2009,UK,GBR,112,61067.49465695664,23489.35501271381,97.48616306078839,97.82,1557.12,0.16130729890563644,154.97620925702367,-51.59645316,309.438,225.844,55.71461,1518.131,0.53,4.544999999999999,239.8007649389642,7.5373,213.37609659466094,0.63193,519.325,666.777,0.617474529175671,1840.727,1000.943625,1347.335,493.374,1459.26904296875,4.523078394067842,95.56864166259766,75.38982684894977,0.0,0.0,0.0,0.0,FLOAT,DEU,0.0,0.2895195484161377,-0.07465463876724243,-0.015163527801632881,0.0052999998442828655,,,-0.099044568836689,0.024389928206801414,0.027071181684732437,0.2495344579219818,0.03200000151991844,,,,0.04544999822974205,0.03998510539531708,0.034544937312603,0.04166601598262787,-0.004931763745844364,0.143049,0.301487,0.555464,17.0,-0.158439,0.0029000000000000137,-0.0015959999999999863,-0.004497000000000001,0.2194126666666667,0.06957858259790389,-0.060445333333333344,0.08123756970966899,0.05073890000000002,-0.05876349999999999,0.144645,0.171368,0.298587,0.191647,0.556768,0.636984,-0.153942,-0.020279,0.10693999999999998,0.023643000000000025,-0.026722999999999997,0.010478999999999988,-0.133663,-0.013163999999999999,0.18801666666666672,0.17131633333333338,0.01846709225442205,0.03155714762669997,0.030620699999999997,0.011390800000000003,-0.0296694,-0.0008667000000000047
2010,UK,GBR,112,61556.92913172931,23777.155757682725,98.73109257473783,98.01846542311648,1612.195,0.16055237202974904,160.08759053994729,-49.93137943,362.383,262.895,57.89951,1556.035,0.5,4.2379,253.60937467195575,7.7866,218.28129421752672,0.74273,554.36,699.95,0.638773554774832,1670.13,1014.428875,1221.319,449.167,1414.4840087890625,4.903718850903951,101.92652893066406,74.2738807213195,0.0,0.0,0.0,0.0,FLOAT,DEU,0.0,0.1415793001651764,0.08503492176532745,0.101185142993927,0.004999999888241291,,,0.05758107826113701,0.027453843504190445,0.025959091261029243,0.1094065010547638,0.028999999165534973,,,,0.042378999292850494,0.0321727879345417,0.09531862288713455,0.10413705557584763,0.05309257283806801,0.17936,0.260693,0.559947,18.0,-0.081333,-0.040794,0.03631099999999998,0.077106,0.26390700000000006,0.06259579219084936,-0.11088666666666668,0.07850074965459457,0.021003800000000006,-0.018765900000000023,0.143049,0.144645,0.301487,0.298587,0.555464,0.556768,-0.158439,-0.153942,0.0029000000000000137,0.10693999999999998,-0.0015959999999999863,-0.026722999999999997,-0.004497000000000001,-0.133663,0.2194126666666667,0.18801666666666672,0.06957858259790389,0.01846709225442205,0.05073890000000002,0.030620699999999997,-0.05876349999999999,-0.0296694
2011,UK,GBR,112,62071.865202381916,23967.740310562956,99.21222577012442,97.1568899202995,1669.509,0.16120617180159239,167.2334095835162,-30.065153510000002,397.006,295.865,61.01739,1577.787,0.48,3.8322,248.77913311061616,8.0377,223.18649184039248,0.79975,580.564,701.12,0.646788694133627,1643.496,1025.8548125,1218.891,424.041,1463.31005859375,4.871960031791744,101.84712219238281,75.74041270246309,0.0,0.0,0.0,0.0,FLOAT,DEU,0.0,-0.03427261859178543,0.0075619518756866455,0.18407876789569855,0.004800000227987766,,,-0.019045066088438034,0.02660701796412468,0.0271235890686512,-0.06693007051944733,0.03500000014901161,,,,0.038322001695632935,0.0326574482023716,0.013107864186167717,-0.005458529572933912,0.09443938732147217,0.162206,0.239842,0.597952,19.0,-0.077636,-0.02085100000000001,-0.017154000000000003,0.003697000000000006,0.28692233333333333,0.022761501385746313,-0.131238,0.043277448180316695,-0.02170290000000001,0.0306024,0.17936,0.143049,0.260693,0.301487,0.559947,0.555464,-0.081333,-0.158439,-0.040794,0.0029000000000000137,0.03631099999999998,-0.0015959999999999863,0.077106,-0.004497000000000001,0.26390700000000006,0.2194126666666667,0.06259579219084936,0.06957858259790389,0.021003800000000006,0.05073890000000002,-0.018765900000000023,-0.05876349999999999
2012,UK,GBR,112,62483.81405890401,24150.282061037648,99.93403743043267,98.14007314528236,1721.355,0.16239171670552982,171.963175277107,-59.860596900000004,403.976,296.117,63.5643,1660.13,0.313,2.8646,249.52712959990535,7.8846,226.12961041411194,0.8316100000000001,601.053,732.661,0.633713561470215,1628.243,1036.601125,1220.389,406.923,1539.7430419921875,5.09753403415478,102.93154907226562,74.80615745745185,0.0,0.0,0.0,0.0,FLOAT,DEU,0.0,0.12145595997571945,0.03103741630911827,0.03848639130592346,0.0031300000846385956,,,0.0030066845938563347,0.02803073264658451,0.027946704998612404,0.08248645067214966,0.035999998450279236,,,,0.02864599972963333,0.038969509303569794,0.05258495360612869,0.06006421148777008,0.02080819569528103,0.116191,0.167848,0.715961,14.0,-0.051657,-0.071994,-0.046014999999999986,0.025978999999999995,0.2673406666666667,0.03135554353433108,-0.10580266666666667,0.04562186583572978,-0.0421768,0.0324043,0.162206,0.17936,0.239842,0.260693,0.597952,0.559947,-0.077636,-0.081333,-0.02085100000000001,-0.040794,-0.017154000000000003,0.03631099999999998,0.003697000000000006,0.077106,0.28692233333333333,0.26390700000000006,0.022761501385746313,0.06259579219084936,-0.02170290000000001,0.021003800000000006,0.0306024,-0.018765900000000023
2013,UK,GBR,112,62877.12713382153,24523.87833989095,101.43706355713172,100.0525808986961,1793.155,0.1646586345381526,176.37368477008337,-87.09403712000001,413.303,300.651,66.61022,1722.147,0.302,3.1912,258.376739002406,7.5242,228.58220922554483,0.8415600000000001,626.691,722.525,0.60723828030119,1615.18,1049.76425,1223.055,394.904,1532.6700439453125,5.47017373686551,99.18416595458984,73.03531205320493,0.0,0.0,0.0,0.0,FLOAT,DEU,0.0,0.20538218319416046,0.06410615146160126,-0.06127094104886055,0.003019999945536256,,,0.03546605631709099,0.02864009514451027,0.027659134939312935,0.16687528789043427,0.032999999821186066,,,,0.031911998987197876,0.0385068841278553,0.08650972694158554,0.11311212182044983,-0.02912547066807747,0.173725,0.154839,0.671436,25.0,0.018886,-0.013008999999999993,0.05753399999999999,0.070543,0.2227943333333334,0.048713609087536615,-0.07020866666666668,0.016172204683756766,-0.03895559999999998,0.03266360000000001,0.116191,0.162206,0.167848,0.239842,0.715961,0.597952,-0.051657,-0.077636,-0.071994,-0.02085100000000001,-0.046014999999999986,-0.017154000000000003,0.025978999999999995,0.003697000000000006,0.2673406666666667,0.28692233333333333,0.03135554353433108,0.022761501385746313,-0.0421768,-0.02170290000000001,0.0324043,0.0306024
2014,UK,GBR,112,63358.714963708066,25034.193108199277,103.57532078028142,101.64111122125084,1876.162,0.17153319304043005,178.95055970149247,-90.89616032,409.007,287.963,70.40411999999999,1797.282,0.38,3.0986,278.7749026078591,6.1096,231.5253277992643,0.8606100000000001,640.648,745.695,0.640697078421322,1625.972,1076.945,1253.125,372.738,1477.572265625,5.553087071939062,95.43705749511719,71.5134595476881,0.0,0.0,0.0,0.0,FLOAT,DEU,0.0,0.011954274028539658,0.12826117873191833,0.15596400201320648,0.003800000064074993,,,0.09996151179075241,0.028299665078520775,0.02572786808013916,-0.02132081799209118,0.03400000184774399,,,,0.0309859998524189,0.033275093883275986,0.08756744861602783,0.08943549543619156,0.07988200336694717,0.187125,0.220072,0.592802,21.0,-0.032947,0.06523299999999999,0.013400000000000023,-0.051833,0.18750966666666669,0.0457855146780434,-0.03680233333333335,0.04994617064734112,-0.007231899999999993,0.02046100000000001,0.173725,0.116191,0.154839,0.167848,0.671436,0.715961,0.018886,-0.051657,-0.013008999999999993,-0.071994,0.05753399999999999,-0.046014999999999986,0.070543,0.025978999999999995,0.2227943333333334,0.2673406666666667,0.048713609087536615,0.03135554353433108,-0.03895559999999998,-0.0421768,0.03266360000000001,0.0324043
2015,UK,GBR,112,63861.88106703147,25423.86029158919,105.186106295947,103.87451461179985,1935.212,0.17285407725321889,179.02231775406054,-96.44276384,399.08,279.632,74.24507000000001,1866.046,0.44,2.4087,295.62555949932033,5.3003,236.43052542213007,0.8672,664.659,750.348,0.674809366354005,1661.64,1110.176,1292.166,369.375,1471.3341064453125,6.19642049763964,96.67932891845703,70.44191268310469,0.0,0.0,0.0,0.0,FLOAT,DEU,0.0,0.010998629964888096,0.09322484582662582,0.007676143664866686,0.004399999976158142,,,0.06675584614276886,0.026468999683856964,0.024812612682580948,-0.025073645636439323,0.03700000047683716,,,,0.024087000638246536,0.036072276532649994,0.05442090332508087,0.06651632487773895,0.00603807158768177,0.170445,0.123236,0.706319,31.0,0.047209,-0.09683599999999999,-0.01668,0.080156,0.1809196666666667,0.03452517088058113,-0.02190600000000001,0.03654458199241011,-0.0068602999999999885,0.02447650000000001,0.187125,0.173725,0.220072,0.154839,0.592802,0.671436,-0.032947,0.018886,0.06523299999999999,-0.013008999999999993,0.013400000000000023,0.05753399999999999,-0.051833,0.070543,0.18750966666666669,0.2227943333333334,0.0457855146780434,0.048713609087536615,-0.007231899999999993,-0.03895559999999998,0.02046100000000001,0.03266360000000001
2016,UK,GBR,112,64389.56793562405,25649.813255197038,106.18997288603687,106.5966596101052,2016.638,0.17612729701612287,180.203267326054,-108.39265008,426.80622,292.09337,80.396,2000.228,0.32,1.9061,316.31934866427275,4.8097,242.316762569569,0.86775,699.712,759.29,0.812875955129247,1719.569,1155.301,1343.13,376.167,1608.0423583984375,6.333213245714726,94.99913024902344,72.09614526068874,0.0,0.0,0.0,0.0,FLOAT,DEU,0.0,0.15410000085830688,0.09505365043878555,0.0712653249502182,0.0020239999999999998,,,0.06975066661834717,0.025302981957793236,0.02365315891802311,0.10840000212192535,0.04123060405254364,,,,0.013052,0.04570000246167183,0.10215094685554504,0.13076409697532654,0.03664466366171837,0.145605,0.131469,0.722926,23.0,0.014136,0.008233000000000004,-0.02484,-0.033073000000000005,0.16604900000000003,0.04938168485379973,0.011049333333333326,0.040648568146163716,-0.01669459999999999,0.006590599999999995,0.170445,0.187125,0.123236,0.220072,0.706319,0.592802,0.047209,-0.032947,-0.09683599999999999,0.06523299999999999,-0.01668,0.013400000000000023,0.080156,-0.051833,0.1809196666666667,0.18750966666666669,0.03452517088058113,0.0457855146780434,-0.0068602999999999885,-0.007231899999999993,0.02447650000000001,0.02046100000000001
2017,UK,GBR,112,64774.05353504466,25941.298227075255,107.30651198501482,107.07547014222976,2097.143,0.18018942914240946,185.06875554385743,-77.97145133000001,468.40781,327.70571,89.23956000000001,2097.374,0.29,1.8237,330.5093755202401,4.33,248.2029997170079,0.8631399999999999,739.861,780.118,0.740110276431188,1758.358,1204.67,1394.487,363.871,1727.902099609375,6.267202120080238,93.4594342667318,72.50509581252207,0.0,0.0,0.0,0.0,FLOAT,DEU,0.0,0.14069999754428864,0.0693669393658638,0.03743851184844971,0.004123,,,0.04541909694671631,0.023947840556502342,0.022907406091690063,0.09690000116825104,0.039930712431669235,,,,0.012358000000000001,0.043800000101327896,0.08172283321619034,0.11018841713666916,0.02078075520694256,0.174492,0.112176,0.713331,20.0,0.062316,-0.019293000000000005,0.028886999999999996,0.04818,0.15825900000000004,0.053689671250623176,0.009465999999999992,0.04028154365214896,-0.03154550000000001,0.025271600000000005,0.145605,0.170445,0.131469,0.123236,0.722926,0.706319,0.014136,0.047209,0.008233000000000004,-0.09683599999999999,-0.02484,-0.01668,-0.033073000000000005,0.080156,0.16604900000000003,0.1809196666666667,0.04938168485379973,0.03452517088058113,-0.01669459999999999,-0.0068602999999999885,0.006590599999999995,0.02447650000000001
2018,UK,GBR,112,65162.46245690836,26109.672726731733,107.9942680381239,107.94731889049699,2174.38,0.17773526246562238,189.69547443245386,-78.86078144,483.01431,339.92359000000005,96.37872480000001,2154.778,0.6,1.8363,341.33341829671474,4.0,255.07027638902,0.8577500000000001,764.015,804.258,0.787680674254657,1840.975,1246.17,1435.871,405.104,1761.0484619140625,6.539821860474015,96.24737273342596,72.06842052035051,0.0,0.0,0.0,0.0,FLOAT,DEU,0.0,-0.09549999982118607,0.05521918833255768,0.022330274805426598,0.006998,,,0.03213012218475342,0.02308906428515911,0.02237030304968357,-0.13210000097751617,0.04217075929045677,,,,0.014607000000000002,0.03660000115633011,-0.010501056909561157,-0.023515839129686356,0.014664137735962868,0.208284,0.106245,0.685471,26.0,0.102039,-0.005930999999999992,0.03379199999999999,0.039723,0.1222936666666667,0.009680958440842791,0.041220333333333324,0.024641960074907036,-0.0070266000000000035,0.02126699999999999,0.174492,0.145605,0.112176,0.131469,0.713331,0.722926,0.062316,0.014136,-0.019293000000000005,0.008233000000000004,0.028886999999999996,-0.02484,0.04818,-0.033073000000000005,0.15825900000000004,0.16604900000000003,0.053689671250623176,0.04938168485379973,-0.03154550000000001,-0.01669459999999999,0.025271600000000005,0.006590599999999995
2019,UK,GBR,112,65516.5423073952,26341.025966169807,108.85882739637181,108.52099548273846,2255.283,0.1771879626636657,193.10999297223805,-68.63850265999999,487.60517,347.41970000000003,95.41493755200001,2237.762,0.0,1.3085,344.5732427045538,3.74,263.8996321101784,0.85243,789.337,830.452,0.762107990702283,1891.344,1289.753,1474.749,416.595,1730.3497314453125,6.2038004349530045,95.89707459085113,70.87334584660908,0.0,0.0,0.0,0.0,FLOAT,DEU,0.0,0.18379999697208405,0.03272020071744919,0.05720197409391403,0.007098,,,0.010095000267028809,0.02262520231306553,0.02239908277988434,0.1290999948978424,0.04844566434621811,,,,0.009358,0.05469999834895134,0.08843149989843369,0.11567296832799911,0.03214998543262482,0.208519,0.103126,0.688354,29.0,0.105393,-0.0031190000000000107,0.00023500000000001298,0.003353999999999996,0.11663000000000005,0.013188674345816245,0.059496999999999994,0.044019250595619834,-0.009096000000000002,0.0313494,0.208284,0.174492,0.106245,0.112176,0.685471,0.713331,0.102039,0.062316,-0.005930999999999992,-0.019293000000000005,0.03379199999999999,0.028886999999999996,0.039723,0.04818,0.1222936666666667,0.15825900000000004,0.009680958440842791,0.053689671250623176,-0.0070266000000000035,-0.03154550000000001,0.02126699999999999,0.025271600000000005
2020,UK,GBR,112,65795.098200853,23646.774125758013,97.64761867264194,96.12147654308168,2152.646,0.17106203249396323,194.84798290898817,-78.42000807000001,422.74503000000004,296.41568,183.19668009984002,2547.679,0.0,0.7393,354.3400018487326,4.472,268.8048297330442,1.0447,755.817,1035.089,0.745156482861401,1967.023,1328.254,1509.408,457.615,1828.8658447265625,5.828185091271618,87.57924435235655,69.16150534578492,0.0,0.0,0.0,0.0,FLOAT,DEU,0.0,-0.09440000355243683,0.05114615708589554,0.05752429738640785,0.000394,,,0.02834451198577881,0.02280164323747158,0.02217315509915352,-0.12139999866485596,0.030730707570910454,,,,0.003744,0.027000000700354576,,,0.02895914949476719,0.191917,0.116894,0.69119,24.0,0.075023,0.013768000000000002,-0.016602000000000006,-0.030369999999999994,0.10718233333333338,0.004597235074838395,0.089916,0.02396105859514503,0.0011035000000000016,0.004147499999999998,0.208519,0.208284,0.103126,0.106245,0.688354,0.685471,0.105393,0.102039,-0.0031190000000000107,-0.005930999999999992,0.00023500000000001298,0.03379199999999999,0.003353999999999996,0.039723,0.11663000000000005,0.1222936666666667,0.013188674345816245,0.009680958440842791,-0.009096000000000002,-0.0070266000000000035,0.0313494,0.02126699999999999
1997,Ireland,IRL,178,3664.3,19173.750714320002,66.66171332258101,66.26761028913918,54722.608953544375,0.22237117117117117,116.81054471515714,1505.7793759838344,35606.556004000005,42154.3631,16415.639826797054,44670.03960801523,6.091667,6.293334,161.03180273420764,10.2,151.22618903348285,0.6243027027027027,24909.700169368134,23167.251391572627,0.659643129736,37780.34842807037,13221.199999999999,21276.54573415347,16503.8026939169,16503.802734375,,,,0.0,,1.0,0.0,PEG,DEU,,,,,,,,,,,,,,,,,,,,,0.16948,0.089639,0.740882,1.0,0.079841,,,,,,,,,,,,,,,,,,,,,,,,,,,,,,,
1998,Ireland,IRL,178,3703.1,20618.027985953002,71.68305728779762,70.93151635179066,63419.75131111263,0.2412917361750865,119.63400278243498,395.9922800157557,46525.3433,53414.953172,20676.926861481836,52406.2271249011,5.425833,4.796667,208.48586391844273,7.7,166.5107555230345,0.5238776983791051,27776.522606670478,25149.21182590854,0.7022708188000001,45734.005226624206,15868.99901980361,25014.04100759863,20719.964219025573,20719.96484375,,,,0.0,,1.0,0.0,PEG,DEU,,,,,,,,,,,,,,,,,,,,,0.16948,0.089639,0.740882,,0.079841,0.0,0.0,0.0,,,,,,,0.16948,,0.089639,,0.740882,,0.079841,,,,,,,,,,,,,,,
1999,Ireland,IRL,178,3741.6,22526.414036917,78.31797633590868,76.73526008045664,73165.5971442535,0.24677217376284652,121.59597617094138,-28.39924769729292,53647.284552000005,63183.89702800001,27195.64378260787,61452.501805953754,2.9635,4.710834,246.20241381516436,5.8,175.1921650907682,0.47341091631401677,31530.83768789814,26776.386310395264,0.7389579126120001,60484.87386985254,19638.695904,32714.328169767447,27770.545700085095,27770.544921875,,,,0.0,,1.0,1.0,PEG,DEU,,,,,,,,,,,,,,,,,,,,,0.16948,0.089639,0.740882,,0.079841,0.0,0.0,0.0,0.089639,0.0,0.079841,0.0,,,0.16948,0.16948,0.089639,0.089639,0.740882,0.740882,0.079841,0.079841,0.0,,0.0,,0.0,,,,,,,,,
2000,Ireland,IRL,178,3789.5,24305.281428392,84.50259560295851,83.8328909992484,85548.18314454831,0.24534046872116624,128.3630007491171,524.3434639871897,68840.18167600001,80652.854112,30516.93545144435,68957.44207906468,4.391767,5.5125,298.2700167353394,4.32,187.83066557995807,0.36401580571256137,36388.69554406496,29591.629829858666,0.8526994806200001,71784.96832288116,23664.723071999997,37714.934896021245,34070.03342685992,34070.03515625,,,,0.0,,1.0,1.0,PEG,DEU,,,,,,,,,,,,,,,,,,,,,0.282506,0.219958,0.497537,3.0,0.062548,0.130319,0.11302599999999999,-0.01729299999999999,0.089639,0.0,0.079841,0.0,0.03909569999999998,-0.005187899999999994,0.16948,0.16948,0.089639,0.089639,0.740882,0.740882,0.079841,0.079841,0.0,0.0,0.0,0.0,0.0,0.0,0.089639,,0.0,,,,,
2001,Ireland,IRL,178,3847.2,25199.817704593002,87.61264546692301,86.5501109892123,96267.03656329562,0.24281930812814143,134.61634502193843,172.25423929208125,76553.583492,91561.403076,35877.32776329747,75395.97329124303,4.261783,5.011667,311.9817697660893,3.68,201.92217588142853,0.3355661990067985,39377.34914434643,34564.02547673485,0.8793411956120001,82843.62599759798,27332.40862,43603.24673486291,39240.37926273506,39240.37890625,,,,0.0,,1.0,1.0,PEG,DEU,,,,,,,,,,,,,,,,,,,,,0.143579,0.048294,0.808127,1.0,0.095285,-0.17166399999999998,-0.13892699999999997,0.03273699999999999,0.13307866666666665,0.07523970973052284,0.07407666666666667,0.009984118205096192,0.0006284000000000147,0.0029038999999999944,0.282506,0.16948,0.219958,0.089639,0.497537,0.740882,0.062548,0.079841,0.130319,0.0,0.11302599999999999,0.0,-0.01729299999999999,0.0,0.089639,0.089639,0.0,0.0,0.03909569999999998,,-0.005187899999999994,
2002,Ireland,IRL,178,3917.2,26241.315363853,91.23363853302544,88.44493429348931,107234.26712099434,0.24089438070020594,140.85898762173153,264.5382479318424,78476.81478,96877.460076,37572.25556560466,81051.8310849115,3.318592,5.01,353.1787580397217,4.22,213.1606664963722,0.30873272278847347,43153.49428172015,39567.9914438674,0.832895396276,90862.54374769767,34747.32368,50594.87389075519,40267.66985694248,40267.66796875,,,,0.0,,1.0,1.0,PEG,DEU,,,,,,,,,,,,,,,,,,,,,0.342996,0.074821,0.582184,2.0,0.268175,0.026527000000000002,0.199417,0.17289,0.119297,0.08959257752180143,0.07922466666666667,0.016377200381424574,-0.02161179999999997,0.059773899999999984,0.143579,0.282506,0.048294,0.219958,0.808127,0.497537,0.095285,0.062548,-0.17166399999999998,0.130319,-0.13892699999999997,0.11302599999999999,0.03273699999999999,-0.01729299999999999,0.13307866666666665,0.089639,0.07523970973052284,0.0,0.0006284000000000147,0.03909569999999998,0.0029038999999999944,-0.005187899999999994
2003,Ireland,IRL,178,3979.9,26603.860546949,92.49410569055337,89.58596305392963,114787.29764167851,0.2574816565445602,145.76213748082617,564.2353142518282,75315.532884,92684.46934000001,41948.808896,88366.255928,2.333467,4.1325,401.12180446505516,4.48,227.36488632401182,0.2981861381414131,47190.58480597517,43086.695735722365,0.696244379072,97577.604472,43309.719488,54567.159304,43010.445168000006,43010.4453125,,,,0.0,,1.0,1.0,PEG,DEU,,,,,,,,,,,,,,,,,,,,,0.337898,0.297153,0.364948,2.0,0.040745,0.222332,-0.005098000000000047,-0.22743,0.11435766666666665,0.09240937848689024,0.14200266666666667,0.1104876511938476,0.02581119999999999,0.010748100000000005,0.342996,0.143579,0.074821,0.048294,0.582184,0.808127,0.268175,0.095285,0.026527000000000002,-0.17166399999999998,0.199417,-0.13892699999999997,0.17289,0.03273699999999999,0.119297,0.13307866666666665,0.08959257752180143,0.07523970973052284,-0.02161179999999997,0.0006284000000000147,0.059773899999999984,0.0029038999999999944
2004,Ireland,IRL,178,4045.2,27865.106583741002,96.87910177121466,91.48662481458302,123210.83089697332,0.2723849291995158,148.9601541040916,-120.80570119607384,81360.086584,99036.96056400001,47787.020828,98471.489612,2.106325,4.076667,436.2103058378543,4.49,238.66009850669164,0.2808717126160449,52185.23942551788,46605.8308088225,0.633140026008,127590.093384,58048.192184,72196.779444,55393.31394,55393.3125,,,,0.0,,1.0,1.0,PEG,DEU,,,,,,,,,,,,,,,,,,,,,0.337898,0.297153,0.364948,,0.040745,0.0,0.0,0.0,0.14008933333333332,0.13666626128029308,0.13473500000000002,0.11873638069269249,0.0968909,-0.039104999999999966,0.337898,0.342996,0.297153,0.074821,0.364948,0.582184,0.040745,0.268175,0.222332,0.026527000000000002,-0.005098000000000047,0.199417,-0.22743,0.17289,0.11435766666666665,0.119297,0.09240937848689024,0.08959257752180143,0.02581119999999999,-0.02161179999999997,0.010748100000000005,0.059773899999999984
2005,Ireland,IRL,178,4133.8,28762.763149421004,100.0,95.96561286904523,134286.87429649837,0.3033134140680546,152.58267042414298,-4745.382658173199,92075.68236800001,106668.455724,56347.841508000005,115680.55057600001,2.184675,3.329167,477.0178687490265,4.34,251.56790821860554,0.2605357451869592,58008.57308477356,51624.69170571449,0.6330439432,165922.408392,74596.486952,92252.88426800001,73669.524124,73669.5234375,,,,0.0,,1.0,1.0,PEG,DEU,,,,,,,,,,,,,,,,,,,,,0.337898,0.297153,0.364948,,0.040745,0.0,0.0,0.0,0.22304233333333334,0.1283634400494679,0.116555,0.13130677172179658,0.06669960000000003,-0.06822900000000001,0.337898,0.337898,0.297153,0.297153,0.364948,0.364948,0.040745,0.040745,0.0,0.222332,0.0,-0.005098000000000047,0.0,-0.22743,0.14008933333333332,0.11435766666666665,0.13666626128029308,0.09240937848689024,0.0968909,0.02581119999999999,-0.039104999999999966,0.010748100000000005
2006,Ireland,IRL,178,4232.9,29375.982964321003,102.13199201938407,100.0,145806.05405186687,0.3187995286333611,158.59344344165805,-7796.059057192477,103381.16358800001,115100.903472,67631.270936,140062.744452,3.079225,3.765,544.800159157414,4.41,260.7193077289732,0.23645299808159062,65228.30451712998,56641.26470123577,0.627241959212,209247.091596,87658.23589200001,108108.12271600003,101138.96888,101138.96875,,,,0.0,,1.0,1.0,PEG,DEU,,,,,,,,,,,,,,,,,,,,,0.337898,0.297153,0.364948,,0.040745,0.0,0.0,0.0,0.297153,0.0,0.040745,0.0,7.735274891629185e-18,3.44376866965985e-19,0.337898,0.337898,0.297153,0.297153,0.364948,0.364948,0.040745,0.040745,0.0,0.0,0.0,0.0,0.0,0.0,0.22304233333333334,0.14008933333333332,0.1283634400494679,0.13666626128029308,0.06669960000000003,0.0968909,-0.06822900000000001,-0.039104999999999966
2007,Ireland,IRL,178,4375.8,30066.844156117,104.53392116717495,103.2370988587426,155388.68062226824,0.2922840539142605,166.30756608283096,-10103.070836758794,112616.92661600001,125462.88302000001,72438.561592,155463.558472,4.277608,4.305833,547.3419950477285,4.98,276.44612808454144,0.2394232740182252,69179.95652927985,62366.31593956426,0.574663399008,243912.50862,97438.993208,120508.31789600001,123404.19072399999,123404.1875,,,,0.0,,1.0,1.0,PEG,DEU,,,,,,,,,,,,,,,,,,,,,0.337898,0.297153,0.364948,,0.040745,0.0,0.0,0.0,0.297153,0.0,0.040745,0.0,7.735274891629185e-18,3.44376866965985e-19,0.337898,0.337898,0.297153,0.297153,0.364948,0.364948,0.040745,0.040745,0.0,0.0,0.0,0.0,0.0,0.0,0.297153,0.22304233333333334,0.0,0.1283634400494679,7.735274891629185e-18,0.06669960000000003,3.44376866965985e-19,-0.06822900000000001
2008,Ireland,IRL,178,4485.1,28248.441720917002,98.21184972447838,101.22220584948955,147672.43083884456,0.24603102748590025,173.0496200906075,-9225.416426899219,111664.76174,124389.433288,62873.596812,155628.15934800002,4.634233,4.525833,474.0523935436596,6.77,290.6504178446928,0.4251373980427212,65721.4655317894,67564.63047126101,0.5354828775720001,243773.109792,90552.533592,113862.852864,129910.25692800002,129910.2578125,,,,1.0,,1.0,1.0,PEG,DEU,,,,,,,,,,,,,,,,,,,,,0.337898,0.297153,0.364948,,0.040745,0.0,0.0,0.0,0.297153,0.0,0.040745,0.0,7.735274891629185e-18,3.44376866965985e-19,0.337898,0.337898,0.297153,0.297153,0.364948,0.364948,0.040745,0.040745,0.0,0.0,0.0,0.0,0.0,0.0,0.297153,0.297153,0.0,0.0,7.735274891629185e-18,7.735274891629185e-18,3.44376866965985e-19,3.44376866965985e-19
2009,Ireland,IRL,178,4533.4,26622.466118757002,92.55879200636853,95.45448404794737,133666.32569854675,0.20234448945038536,165.29625798166447,-6233.99048762282,106853.53326400001,124904.500144,70894.93615200001,149620.621156,1.228358,5.225,387.62997327296563,12.61,291.0085663499551,0.6175387982152284,58930.82558159016,68536.68934227867,0.564650310312,224875.511612,86797.42844,110325.90294,114549.60867200002,114549.609375,,,,0.0,,1.0,1.0,PEG,DEU,,,,,,,,,,,,,,,,,,,,,0.337898,0.297153,0.364948,,0.040745,0.0,0.0,0.0,0.297153,0.0,0.040745,0.0,7.735274891629185e-18,3.44376866965985e-19,0.337898,0.337898,0.297153,0.297153,0.364948,0.364948,0.040745,0.040745,0.0,0.0,0.0,0.0,0.0,0.0,0.297153,0.297153,0.0,0.0,7.735274891629185e-18,7.735274891629185e-18,3.44376866965985e-19,3.44376866965985e-19
2010,Ireland,IRL,178,4554.8,26967.291937765003,93.75765394190877,95.90087748455782,131965.53367086998,0.17243517508242856,163.7338137195448,-1574.3288243926495,114137.7127,136088.696508,77965.685744,145472.521568,0.81095,5.739167,333.4041409462557,14.53,287.82027823943963,0.8617791247490891,56670.1773774113,65898.47805872015,0.5940666132760001,175429.88100000002,78424.047992,102454.20076000002,72975.68024000002,72975.6796875,,,,0.0,,1.0,1.0,PEG,DEU,,,,,,,,,,,,,,,,,,,,,0.213797,0.20953,0.576673,5.0,0.004267,-0.087623,-0.12410099999999999,-0.036478000000000003,0.297153,0.0,0.040745,0.0,-0.026286899999999978,-0.010943399999999997,0.337898,0.337898,0.297153,0.297153,0.364948,0.364948,0.040745,0.040745,0.0,0.0,0.0,0.0,0.0,0.0,0.297153,0.297153,0.0,0.0,7.735274891629185e-18,7.735274891629185e-18,3.44376866965985e-19,3.44376866965985e-19
2011,Ireland,IRL,178,4574.9,26959.115473970003,93.72922668771027,93.86345940018245,135371.84871934637,0.170491994858011,167.96632540220455,-2213.397677635115,114309.401652,139637.459892,73259.990844,140384.85812800002,1.3906,9.601666,268.16368642818276,15.35,287.7074862376584,1.1050983429547265,59887.982497510944,69166.34383693461,0.565797003496,156309.402208,63316.995344,86858.07086800001,69451.33134,69451.328125,,,,0.0,,1.0,1.0,PEG,DEU,,,,,,,,,,,,,,,,,,,,,0.331343,0.122208,0.546448,8.0,0.209135,-0.087322,0.11754600000000001,0.204868,0.2679453333333333,0.050589162637202645,0.028585666666666665,0.021060583119499,-0.061245799999999996,0.046869199999999986,0.213797,0.337898,0.20953,0.297153,0.576673,0.364948,0.004267,0.040745,-0.087623,0.0,-0.12410099999999999,0.0,-0.036478000000000003,0.0,0.297153,0.297153,0.0,0.0,-0.026286899999999978,7.735274891629185e-18,-0.010943399999999997,3.44376866965985e-19
2012,Ireland,IRL,178,4593.7,26826.81709839754,93.52868703412636,92.9076455874611,138391.79932945393,0.20214478129851154,170.80940320336745,-4672.950750866957,120023.96603600001,144134.450332,75588.817592,139032.61074,0.5731834,6.171667,259.69090012713434,15.45,288.4962984552846,1.1966992918020998,61058.913434678194,69268.77577583832,0.612990988632,153795.49792,66921.675772,87479.458864,66316.03905600001,66316.0390625,,,,0.0,,1.0,1.0,PEG,DEU,,,,,,,,,,,,,,,,,,,,,0.179795,0.193992,0.626212,16.0,-0.014197,0.071784,-0.151548,-0.22333199999999997,0.20963033333333334,0.08747254315688632,0.08471566666666668,0.10928306822803487,-0.03968050000000001,0.0040042000000000055,0.331343,0.213797,0.122208,0.20953,0.546448,0.576673,0.209135,0.004267,-0.087322,-0.087623,0.11754600000000001,-0.12410099999999999,0.204868,-0.036478000000000003,0.2679453333333333,0.297153,0.050589162637202645,0.0,-0.061245799999999996,-0.026286899999999978,0.046869199999999986,-0.010943399999999997
2013,Ireland,IRL,178,4614.7,27015.914178220304,94.26659859669915,92.36521307023888,141465.36786162085,0.1876978288975079,171.6691042699675,2195.5987784889367,120068.85718400001,146679.069616,91191.247996,149084.290072,0.2206667,3.79,276.63647272923123,13.73,284.0567983160441,1.2003820454222582,61913.2159065798,67775.54207243242,0.59299237598,147420.954904,65621.40760800001,84789.14024000001,62631.814664000005,62631.81640625,,,,0.0,,1.0,1.0,PEG,DEU,-0.16583334,,,,,,,,,,,,,,,,,,,,0.185111,0.134834,0.680055,16.0,0.050277,-0.05915799999999999,0.005315999999999987,0.064474,0.1752433333333333,0.04658237110037809,0.06640166666666666,0.12395496423029344,-0.015230400000000005,-0.008530199999999988,0.179795,0.331343,0.193992,0.122208,0.626212,0.546448,-0.014197,0.209135,0.071784,-0.087322,-0.151548,0.11754600000000001,-0.22333199999999997,0.204868,0.20963033333333334,0.2679453333333333,0.08747254315688632,0.050589162637202645,-0.03968050000000001,-0.061245799999999996,0.0040042000000000055,0.046869199999999986
2014,Ireland,IRL,178,4645.4,29137.841163477693,101.50279935069695,93.97159896318699,153705.23556937533,0.22237164943691035,172.00620697035637,1648.410031610105,141103.116496,168814.3434,93061.71249600001,141152.73302800002,0.2099333,2.3675,326.20227259036454,11.86,285.10348629914665,1.0433646939159362,65852.1903487189,67835.88791003378,0.592821474592,123603.44441600001,61659.96068800001,76293.687372,47309.757044000005,47309.7578125,,,,0.0,,1.0,1.0,PEG,DEU,0.0075,,,,,,,,,,,,,,,,,,,,0.172361,0.153156,0.674483,6.0,0.019205,0.018321999999999977,-0.012750000000000011,-0.031072000000000002,0.15034466666666665,0.038323246852704704,0.08173833333333333,0.114941973087873,0.0033686000000000185,-0.05053160000000002,0.185111,0.179795,0.134834,0.193992,0.680055,0.626212,0.050277,-0.014197,-0.05915799999999999,0.071784,0.005315999999999987,-0.151548,0.064474,-0.22333199999999997,0.1752433333333333,0.20963033333333334,0.04658237110037809,0.08747254315688632,-0.015230400000000005,-0.03968050000000001,-0.008530199999999988,0.0040042000000000055
2015,Ireland,IRL,178,4687.8,36113.720371508665,125.74772890596249,96.05781564292397,207217.49878231523,0.257140465618853,171.4996611136874,9100.895560520492,192863.397704,252465.45366,106143.150536,148633.803464,-0.01936667,1.1825,349.50243491824773,9.91,287.7982220861037,0.7674237642389511,69831.33540705085,68216.33341183512,0.709828282944,109299.70704800001,60665.267356000004,72426.74813200001,36872.958916,36872.95703125,,,,0.0,,1.0,1.0,PEG,DEU,-0.20416667,,,,,,,,,,,,,,,,,,,,0.150943,0.226231,0.622826,12.0,-0.075289,0.073075,-0.021417999999999993,-0.094494,0.16066066666666665,0.030284604295472316,0.018428333333333335,0.032244016147702885,0.011503900000000004,-0.02143479999999999,0.172361,0.185111,0.153156,0.134834,0.674483,0.680055,0.019205,0.050277,0.018321999999999977,-0.05915799999999999,-0.012750000000000011,0.005315999999999987,-0.031072000000000002,0.064474,0.15034466666666665,0.1752433333333333,0.038323246852704704,0.04658237110037809,0.0033686000000000185,-0.015230400000000005,-0.05053160000000002,-0.008530199999999988
2016,Ireland,IRL,178,4739.6,36407.510597807544,128.784248882099,100.96652507655855,212940.42346329716,0.37572617323479557,171.4996611136874,-8956.51753475732,225150.37144800002,258506.06954000003,116714.62210800001,153083.540064,-0.2636917,0.7358333,380.8517442321269,8.37,293.1345975902083,0.742940128114961,72051.22791586374,69423.05222110276,0.7115018564440001,102788.91546,57861.539516000004,69438.730316,33350.185144,33350.18359375,,,,0.0,,1.0,1.0,PEG,DEU,-0.21250001,,,,,,,,,,,,,,,,,,,,0.243702,0.142147,0.614152,15.0,0.101555,-0.08408399999999999,0.09275900000000001,0.176844,0.17140699999999998,0.048354701457045575,-0.0019356666666666643,0.06539801930741729,0.009501400000000021,0.005933999999999994,0.150943,0.172361,0.226231,0.153156,0.622826,0.674483,-0.075289,0.019205,0.073075,0.018321999999999977,-0.021417999999999993,-0.012750000000000011,-0.094494,-0.031072000000000002,0.16066066666666665,0.15034466666666665,0.030284604295472316,0.038323246852704704,0.011503900000000004,0.0033686000000000185,-0.02143479999999999,-0.05053160000000002
2017,Ireland,IRL,178,4792.5,39217.027116781624,137.69551335905032,102.13465755816897,234125.02216871752,0.34665871159914907,171.9882293384962,1148.5879078338926,231565.867792,283251.33042,126008.66487200001,159837.68892800002,-0.32905,0.8016667,427.0284295728408,6.71,299.67828482809944,0.6778508106122648,76087.97387384476,72149.66100413924,0.6971563781840001,103300.044496,58908.999636,70809.09167600001,32490.952819999995,32490.953125,,,,0.0,,1.0,1.0,PEG,DEU,-0.035,,,,,,,,,,,,,,,,,,,,0.195934,0.089172,0.714895,20.0,0.106762,-0.052974999999999994,-0.047768000000000005,0.005206999999999989,0.17384466666666665,0.04570060678298856,0.015157000000000004,0.08849146745308267,-0.027603599999999985,0.043951499999999984,0.243702,0.150943,0.142147,0.226231,0.614152,0.622826,0.101555,-0.075289,-0.08408399999999999,0.073075,0.09275900000000001,-0.021417999999999993,0.176844,-0.094494,0.17140699999999998,0.16066066666666665,0.048354701457045575,0.030284604295472316,0.009501400000000021,0.011503900000000004,0.005933999999999994,-0.02143479999999999
2018,Ireland,IRL,178,4857.0,42227.923151757226,147.28261993069248,104.75079185955862,257084.53179407312,0.2855183560467589,172.81879532067325,12606.536948,242489.380472,315813.951564,135967.411652,167954.323512,-0.3220917,0.9508333,453.71770642114336,5.74,307.62713506316373,0.631361901021324,81554.55295555913,75108.51870000444,0.666887930972,104182.11617600001,59954.097064,71982.562036,32199.55414,32199.5546875,,,,0.0,,1.0,1.0,PEG,DEU,-0.00666667,,,,,,,,,,,,,,,,,,,,0.256902,0.101591,0.641507,16.0,0.155311,0.012419,0.06096800000000002,0.04854900000000001,0.15251666666666666,0.06911540971688833,0.04434266666666667,0.10363676936460979,-0.04268950000000001,0.06970070000000002,0.195934,0.243702,0.089172,0.142147,0.714895,0.614152,0.106762,0.101555,-0.052974999999999994,-0.08408399999999999,-0.047768000000000005,0.09275900000000001,0.005206999999999989,0.176844,0.17384466666666665,0.17140699999999998,0.04570060678298856,0.048354701457045575,-0.027603599999999985,0.009501400000000021,0.043951499999999984,0.005933999999999994
2019,Ireland,IRL,178,4921.5,43729.410638202986,,106.81455513871936,257084.53179407312,0.5469750178185652,174.36999943444306,-55737.47940800001,349319.286816,359205.57770799997,160582.724472,194755.12643200002,-0.3563333,0.3333333,455.41226368135307,4.95,320.8282560747202,0.5721485935146351,86930.36451928665,78592.54589181065,0.703512019664,102861.371348,60243.133052000005,72485.027868,30376.343479999996,30376.34375,,,,0.0,,1.0,1.0,PEG,DEU,-0.03083333,,,,,,,,,,,,,,,,,,,,0.204755,0.084163,0.711082,22.0,0.120592,-0.017428,-0.05214700000000003,-0.034719,0.11096999999999997,0.02770490727290045,0.12120933333333334,0.029647444482338147,-0.01615330000000001,0.010565999999999992,0.256902,0.195934,0.101591,0.089172,0.641507,0.714895,0.155311,0.106762,0.012419,-0.052974999999999994,0.06096800000000002,-0.047768000000000005,0.04854900000000001,0.005206999999999989,0.15251666666666666,0.17384466666666665,0.06911540971688833,0.04570060678298856,-0.04268950000000001,-0.027603599999999985,0.06970070000000002,0.043951499999999984
2020,Ireland,IRL,178,4977.4,45887.56980177752,,94.63062658411438,257084.53179407312,0.40881998538220804,174.16235793889837,-7790.583088,319612.372736,385021.925628,200746.12578,235713.17981600002,-0.42515,-0.06083333,465.5796072426112,5.62,321.1764881681265,0.5843373714863072,85854.52207706282,92298.92432774877,0.6895170073839998,97086.16453600001,58098.596280000005,70327.10250800001,26759.062028,26759.062028,,,,0.0,0.0,1.0,1.0,PEG,DEU,-0.06833334,,,,,,,,,,,,,,,,,,,,0.249749,0.168027,0.582223,10.0,0.081722,0.08386400000000001,0.044994000000000006,-0.03887,0.09164199999999999,0.008972707005135847,0.127555,0.025012274526719665,0.0219137,-0.01098389999999998,0.204755,0.256902,0.084163,0.101591,0.711082,0.641507,0.120592,0.155311,-0.017428,0.012419,-0.05214700000000003,0.06096800000000002,-0.034719,0.04854900000000001,0.11096999999999997,0.15251666666666666,0.02770490727290045,0.06911540971688833,-0.01615330000000001,-0.04268950000000001,0.010565999999999992,0.06970070000000002
1997,Italy,ITA,136,57479.47,17675.65493183744,88.0798018378839,90.6,2041479.9810935515,0.1904514745290952,135.28012541610696,57003.0303297,434536.551638,514607.124948,665552.0,1244467.0,6.33335,6.8625,102.18090915911671,11.9991,139.05761899604553,1.1344760846819155,654209.4811699999,708761.95215,1759.1899,1229213.90172,495067.0,358790.831,870423.0707,1217131.5,5.741169452667236,107.6370849609375,60.964229583740234,0.0,0.0,1.0,1.0,PEG,DEU,-0.089,0.597172200679779,0.06592417508363724,0.19460085034370422,0.06333349645137787,,,0.026046568527817726,0.03987760469317436,0.03886529803276062,0.5611864328384399,0.023050295189023018,,,,0.06862500309944153,0.035985808819532394,0.12717272341251373,0.12639640271663666,0.12896716594696045,0.130515,0.115714,0.75377,3.0,0.014801,,,,,,,,,,,,,,,,,,,,,,,,,,,,,,,
1998,Italy,ITA,136,57550.32,17908.53958560993,90.70337930086187,93.7,2126180.856650374,0.19386668206990748,138.02808174677332,33058.693799999994,466300.092853,534826.0435419999,716806.0,1204366.0,4.59215,4.88417,105.26992681002581,12.1187,142.1395941111351,1.1035482878700869,608951.10619,652559.77913,1653.1,1312849.1480999999,531315.0,391513.794,921335.3541,1266533.625,6.26567268371582,117.38441467285156,59.74407196044922,0.0,0.0,1.0,1.0,PEG,DEU,0.23,0.4518551528453827,0.04236084595322609,0.17690575122833252,0.04592150077223778,,,0.0014737950405105948,0.040887050330638885,0.04082687944173813,0.43145838379859924,0.01424894668161869,,,,0.048841699957847595,0.020396774634718895,0.10992248356342316,0.10931357741355896,0.1114136278629303,0.244756,0.193911,0.561333,3.0,0.050845,0.078197,0.11424100000000001,0.036044,,,,,,,0.130515,,0.115714,,0.75377,,0.014801,,,,,,,,,,,,,,,
1999,Italy,ITA,136,57603.63,18140.51642093767,93.26930567140671,96.07,2275406.722365,0.19753188654901846,140.30673290311276,15633.173372486563,490994.699552,533120.770553,766400.8,1270419.66359,3.00643333333333,4.7275,112.65830994353878,11.69,146.16459282460755,1.093568298215505,620930.8086799999,667118.59326,1927.4039418674101,1454895.85157,604798.0,455023.45,999872.4016,1395531.75,6.491980075836182,128.78611755371094,61.692901611328125,0.0,0.0,1.0,1.0,PEG,DEU,-0.68199998,0.2305457890033722,0.054359108209609985,-0.06736255437135696,0.030064333230257034,,,0.012178457342088223,0.04218064993619919,0.04167313501238823,0.20817525684833527,0.018515968695282936,,,,0.04727499932050705,0.022370535880327225,0.06197139248251915,0.09388986229896545,-0.018649110570549965,0.378563,0.194464,0.426973,3.0,0.184099,0.0005529999999999979,0.13380699999999998,0.133254,0.1548125,0.05529362896844447,0.032823,0.02548695682108792,,,0.244756,0.130515,0.193911,0.115714,0.561333,0.75377,0.050845,0.014801,0.078197,,0.11424100000000001,,0.036044,,,,,,,,,
2000,Italy,ITA,136,57719.34,18761.37160268521,96.95183208352732,98.3,2403904.182883,0.20489056947111062,143.92736414471761,-12029.636614723267,598972.151491,621094.0362409999,812747.4,1307137.1516,4.52789166666667,5.57583,122.28765842978017,10.8418,150.63201725035825,1.0488658988582051,621244.48442,675705.95071,2080.891993551854,1663161.05277,659767.0,517177.71700000006,1145983.3358,1545606.25,6.326888561248779,141.94393920898438,63.52568435668945,0.0,0.0,1.0,1.0,PEG,DEU,1.38,0.08858243376016617,0.08839250355958939,0.07741548120975494,0.045278917998075485,,,0.04569461569190025,0.04269788786768913,0.04083207994699478,0.06766612827777863,0.019590681418776512,,,,0.05575830116868019,0.020916307345032692,0.08125079423189163,0.08843719214200974,0.061347201466560364,0.19429,0.082552,0.723158,1.0,0.111738,-0.111912,-0.184273,-0.07236100000000001,0.16802966666666666,0.04530754006049472,0.08324833333333333,0.08917923081824229,-0.009893299999999983,0.04240650000000001,0.378563,0.244756,0.194464,0.193911,0.426973,0.561333,0.184099,0.050845,0.0005529999999999979,0.078197,0.13380699999999998,0.11424100000000001,0.133254,0.036044,0.1548125,,0.05529362896844447,,,,,
2001,Italy,ITA,136,57844.92,19062.439916661428,99.16239430315798,98.91,2525160.961736,0.20520363862034302,147.27261796998187,-1432.4838760921366,619407.9323250001,653037.456939,904464.6,1385985.93854,4.05160833333333,5.18917,132.79070805890575,9.5951,155.55428569710543,1.0453446590352495,650162.67687,723260.74191,2197.0611596505164,1792530.99655,705571.0,573716.801,1218814.1956,1698279.125,6.414015293121338,143.78135681152344,62.85088348388672,0.0,0.0,1.0,1.0,PEG,DEU,0.26100001,-0.22175303101539612,0.1081976443529129,0.06520403921604156,0.04051608219742775,,,0.06642642617225647,0.04177122190594673,0.03916934132575989,-0.23870967328548431,0.02227357029914856,,,,0.05189169943332672,0.01695665344595909,0.05166403949260712,0.051206257194280624,0.05286005884408951,0.158999,0.270538,0.570462,2.0,-0.11154,0.187986,-0.03529099999999999,-0.223278,0.15697566666666665,0.06445337906063059,0.11556066666666666,0.06670919512580956,0.011796899999999999,-0.05595159999999998,0.19429,0.378563,0.082552,0.194464,0.723158,0.426973,0.111738,0.184099,-0.111912,0.0005529999999999979,-0.184273,0.13380699999999998,-0.07236100000000001,0.133254,0.16802966666666666,0.1548125,0.04530754006049472,0.05529362896844447,-0.009893299999999983,,0.04240650000000001,
2002,Italy,ITA,136,57927.0,19100.471045688388,99.83478915609102,98.77,2614465.800303,0.21090470184283627,151.1182054108509,-17298.4777629446,618730.625079,642345.95488,989048.7,1498672.1667666,3.2643,5.03583,145.66864812046742,9.2075,158.99310492942152,1.0164529144965664,658722.92654,732690.3768099999,1846.352627062077,1898034.47631,772368.4375,636451.949,1261582.5273,1784774.25,6.2661356925964355,140.80514526367188,63.3073616027832,0.0,0.0,1.0,1.0,PEG,DEU,-1.095,-0.18565772473812103,0.15117734670639038,0.11665387451648712,0.03264300152659416,,,0.11112736910581589,0.04004998132586479,0.03604445606470108,-0.21610169112682343,0.038836635649204254,,,,0.05035829916596413,0.03044397383928299,0.09910836815834045,0.10813739150762558,0.07464843988418579,0.158999,0.270538,0.570462,,-0.11154,0.0,0.0,0.0,0.18251799999999999,0.09456063787855917,0.06143233333333334,0.1541058066859693,0.041620800000000006,-0.11101950000000001,0.158999,0.19429,0.270538,0.082552,0.570462,0.723158,-0.11154,0.111738,0.187986,-0.111912,-0.03529099999999999,-0.184273,-0.223278,-0.07236100000000001,0.15697566666666665,0.16802966666666666,0.06445337906063059,0.04530754006049472,0.011796899999999999,-0.009893299999999983,-0.05595159999999998,0.04240650000000001
2003,Italy,ITA,136,57998.35,19006.708489859055,99.37619634752171,98.96,2700502.602364,0.20513292767686167,155.36910186591135,-29750.796215360253,620310.040518,634340.640192,1051272.0,1599586.5898131002,2.18798333333333,4.24833,161.26734603854638,8.8657,163.40891896661392,1.0015686612764791,672063.82684,746230.71292,1533.0720506730008,2011230.75678,876293.8125,702091.5020000001,1309139.2548,1898152.625,6.3641133308410645,148.45346069335938,64.84156036376953,0.0,0.0,1.0,1.0,PEG,DEU,-0.95999998,0.17215919494628906,0.0997839868068695,0.04747196286916733,0.021879833191633224,,,0.06274021416902542,0.037043776363134384,0.034856848418712616,0.13640698790550232,0.031460732221603394,,,,0.04248329997062683,0.03575219586491585,0.08981740474700928,0.10878823697566986,0.03467589616775513,0.158999,0.270538,0.570462,0.0,-0.11154,0.0,0.0,0.0,0.20787600000000003,0.108533767703881,-0.03711400000000001,0.12890961340412124,0.0563958,-0.06698340000000003,0.158999,0.158999,0.270538,0.270538,0.570462,0.570462,-0.11154,-0.11154,0.0,0.187986,0.0,-0.03529099999999999,0.0,-0.223278,0.18251799999999999,0.15697566666666665,0.09456063787855917,0.06445337906063059,0.041620800000000006,0.011796899999999999,-0.11101950000000001,-0.05595159999999998
2004,Italy,ITA,136,58057.48,19210.519703975657,99.54733859573945,98.65,2812081.71013,0.2152000582750009,158.87531573030427,-10454.5055384,662729.8436780002,681734.527355,1118706.0,1729272.2811419999,2.0795,4.25833,175.93175300566642,7.8656,170.6216331801942,0.9969548736562398,683710.49089,768581.07753,1421.5329270978636,2122564.34551,985970.0,795806.97,1326757.3755,2009000.25,6.332449436187744,149.74237060546875,65.65532684326172,0.0,0.0,1.0,1.0,PEG,DEU,-0.26967001,0.2637886106967926,0.10500568151473999,0.10491939634084702,0.020795000717043877,,,0.069176085293293,0.03582959622144699,0.03351140767335892,0.20509234070777893,0.048706863075494766,,,,0.04258330166339874,0.05869626626372337,0.110881507396698,0.1266067624092102,0.06285719573497772,0.321485,0.130425,0.54809,7.0,0.19106,-0.140113,0.16248600000000002,0.3026,0.270538,0.0,-0.11154,0.0,-0.04203389999999997,0.09078,0.158999,0.158999,0.270538,0.270538,0.570462,0.570462,-0.11154,-0.11154,0.0,0.0,0.0,0.0,0.0,0.0,0.20787600000000003,0.18251799999999999,0.108533767703881,0.09456063787855917,0.0563958,0.041620800000000006,-0.06698340000000003,-0.11101950000000001
2005,Italy,ITA,136,58103.03,19283.733171442167,100.0,98.5,2892081.222331,0.21158622541451297,162.3815295946972,-26436.1367325,721271.030858,719592.478395,1210988.0,1888562.437097,2.1724,3.55583,188.13783601175683,7.7305,176.35610682433935,1.0150090646753502,693577.72281,798202.13599,1641.3240654403662,2309319.5232800003,1108280.25,903269.955,1406049.5683,2164788.5,6.639402389526367,152.0869140625,66.5276107788086,0.0,0.0,1.0,1.0,PEG,DEU,0.04167,0.2089715600013733,0.10536365956068039,0.06488417088985443,0.021724000573158264,,,0.07103341817855835,0.03433024138212204,0.0320533812046051,0.15451590716838837,0.047167517244815826,,,,0.035558298230171204,0.054455649107694626,0.1019798219203949,0.12032698094844818,0.04330408573150635,0.280473,0.278293,0.441234,3.0,0.00218,0.147868,-0.04101200000000005,-0.18888000000000002,0.22383366666666668,0.08089427826696605,-0.01067333333333334,0.17470619145678076,-0.011684799999999995,0.064376,0.321485,0.158999,0.130425,0.270538,0.54809,0.570462,0.19106,-0.11154,-0.140113,0.0,0.16248600000000002,0.0,0.3026,0.0,0.270538,0.20787600000000003,0.0,0.108533767703881,-0.04203389999999997,0.0563958,0.09078,-0.06698340000000003
2006,Italy,ITA,136,58133.51,19629.60635333147,101.48515733893935,100.0,3006420.870236,0.21485308362931868,166.00216083630204,-45396.04186656,822039.943214,798472.245655,1291113.0,2029653.978576,3.18271666666667,4.0475,199.38916807048014,6.7766,182.22580962263464,1.0211856609420804,767401.8891,852615.19553,1470.2126044039483,2560128.44892,1232728.25,1072089.46376,1541650.4289,2380462.0,6.061980724334717,156.2637481689453,67.75315856933594,0.0,0.0,1.0,1.0,PEG,DEU,0.74583,0.22232277691364288,0.09010714292526245,-0.007144015282392502,0.0318271666765213,,,0.057260919362306595,0.03284621983766556,0.03106727823615074,0.17234791815280914,0.04262801259756088,,,,0.04047499969601631,0.04997486248612404,0.08766999840736389,0.11012620478868484,0.0123415756970644,0.225945,0.15344,0.620616,6.0,0.072505,-0.12485300000000002,-0.054527999999999965,0.070325,0.22641866666666668,0.0832233322832806,0.027233333333333328,0.15284777438135413,-0.020342600000000013,0.036325500000000024,0.280473,0.321485,0.278293,0.130425,0.441234,0.54809,0.00218,0.19106,0.147868,-0.140113,-0.04101200000000005,0.16248600000000002,-0.18888000000000002,0.3026,0.22383366666666668,0.270538,0.08089427826696605,0.0,-0.011684799999999995,-0.04203389999999997,0.064376,0.09078
2007,Italy,ITA,136,58147.73,19841.538671196064,102.47557345192438,99.71,3126765.859546,0.21570576540755468,169.3629288822052,-43887.314156796005,865899.944,854863.205,1325214.0,2153009.9064614,4.03571666666667,4.48732,208.76004001658436,6.0754,186.23058316183693,0.992961773906488,812191.68674,869592.4108899999,1315.311459819305,2814000.5536999996,1361393.375,1190174.82598,1683412.5007,2663279.25,6.616278648376465,165.28860473632812,70.12306213378906,0.0,0.0,1.0,1.0,PEG,DEU,1.02334,-0.04195459187030792,0.07691075652837753,0.018521400168538094,0.04035716503858566,,,0.04504001513123512,0.03187074139714241,0.030497150495648384,-0.07848014682531357,0.03963620960712433,,,,0.0448732003569603,0.036525554955005646,0.053848959505558014,0.060828015208244324,0.029439281672239304,0.197767,0.112292,0.689941,6.0,0.085474,-0.04114799999999999,-0.02817800000000001,0.012968999999999994,0.18738600000000002,0.07956434215777818,0.08858166666666666,0.09546076685389315,-0.01792519999999999,-0.024643300000000014,0.225945,0.280473,0.15344,0.278293,0.620616,0.441234,0.072505,0.00218,-0.12485300000000002,0.147868,-0.054527999999999965,-0.04101200000000005,0.070325,-0.18888000000000002,0.22641866666666668,0.22383366666666668,0.0832233322832806,0.08089427826696605,-0.020342600000000013,-0.011684799999999995,0.036325500000000024,0.064376
2008,Italy,ITA,136,58145.32,19460.4958473145,100.8196290505496,97.34,3171028.217238,0.21241269452273004,175.2777255007884,-88630.27114305,877130.3099999999,852152.427,1416224.0,2314138.3571544,3.7577,4.68115,206.25850450123517,6.7232,191.97937140011075,1.0616400000000001,818885.37213,899331.58182,1391.2984120140827,2949473.62052,1414985.5,1233498.86723,1775900.3735,2800094.25,4.203999996185303,161.20465087890625,71.30433654785156,1.0,1.0,1.0,1.0,PEG,DEU,-0.04084,-0.468401163816452,0.04693188518285751,0.07478711009025574,0.03757699951529503,,,0.01567230559885502,0.031259577721357346,0.030777228996157646,-0.4990692436695099,0.061222195625305176,,,,0.04681149870157242,0.03066807985305786,0.020896732807159424,0.009931840933859348,0.05618205666542053,0.260984,0.10759,0.631426,6.0,0.153394,-0.004701999999999998,0.063217,0.06792000000000001,0.18134166666666665,0.0864462853587899,0.05338633333333331,0.04481757657809425,-0.05532570000000002,0.04666110000000001,0.197767,0.225945,0.112292,0.15344,0.689941,0.620616,0.085474,0.072505,-0.04114799999999999,-0.12485300000000002,-0.02817800000000001,-0.054527999999999965,0.012968999999999994,0.070325,0.18738600000000002,0.22641866666666668,0.07956434215777818,0.0832233322832806,-0.01792519999999999,-0.020342600000000013,-0.024643300000000014,0.036325500000000024
2009,Italy,ITA,136,58558.23632622623,18278.625580046355,95.06130746532357,94.77,3053993.2814929998,0.19988556170131602,176.61970558605384,-57567.77700601201,704415.0260000001,684471.445,1568067.3865093999,2520390.4184354,0.955,4.31333,199.2622545919593,7.7486,192.33440060584635,1.1661,814360.30914,955266.54958,1344.0719144800769,2905721.6636,1512834.875,1293819.48654,1676577.4676,2793867.25,5.0640997886657715,149.5216522216797,69.60292053222656,0.0,0.0,1.0,1.0,PEG,DEU,-3.192497,0.2256501317024231,0.024712812155485153,0.09448951482772827,0.009549999609589577,,,-0.006926179397851229,0.031638991087675095,0.03185965493321419,0.17521367967128754,0.04291684553027153,,,,0.04313329979777336,0.050436463207006454,0.04427185282111168,0.04179399460554123,0.05201975628733635,0.262458,0.10029,0.637252,16.0,0.162168,-0.007300000000000001,0.0014740000000000308,0.008774000000000004,0.12444066666666666,0.02522396085735402,0.10379100000000001,0.04344412442436853,-0.0164152,0.03369090000000001,0.260984,0.197767,0.10759,0.112292,0.631426,0.689941,0.153394,0.085474,-0.004701999999999998,-0.04114799999999999,0.063217,-0.02817800000000001,0.06792000000000001,0.012968999999999994,0.18134166666666665,0.18738600000000002,0.0864462853587899,0.07956434215777818,-0.05532570000000002,-0.01792519999999999,0.04666110000000001,-0.024643300000000014
2010,Italy,ITA,136,58823.330578624445,18520.425122909404,96.39303591470858,95.61205385211271,3119871.963838,0.19943907759426613,179.48014001635227,-102799.81948851999,878485.699,782446.7069999999,1543799.4175421998,2517318.3324533994,1.13333333333333,4.03583,199.76876479767049,8.3625,197.0484057850057,1.19198,820399.53527,948414.09005,1449.0869630294867,3118523.54541,1696683.75,1355547.77414,1830710.3684,2861141.0,5.179999828338623,148.10321044921875,66.26205444335938,0.0,0.0,1.0,1.0,PEG,DEU,-0.24250001,-0.07459145784378052,0.02434280514717102,-0.007230008952319622,0.01133333332836628,,,-0.008122186176478863,0.03246499225497246,0.0327308364212513,-0.11130435019731522,0.041310980916023254,,,,0.040358301252126694,0.0367128886282444,0.012840171344578266,0.016545642167329788,0.0020516621880233288,0.234233,0.128277,0.637489,10.0,0.105956,0.027986999999999998,-0.028225000000000028,-0.05621200000000001,0.106724,0.00604768286205504,0.13367866666666664,0.04197634078065107,0.004065500000000003,0.007022000000000016,0.262458,0.260984,0.10029,0.10759,0.637252,0.631426,0.162168,0.153394,-0.007300000000000001,-0.004701999999999998,0.0014740000000000308,0.063217,0.008774000000000004,0.06792000000000001,0.12444066666666666,0.18134166666666665,0.02522396085735402,0.0864462853587899,-0.0164152,-0.05532570000000002,0.03369090000000001,0.04666110000000001
2011,Italy,ITA,136,59077.58454560862,18551.197642275638,96.90805180495742,95.50959126890224,3192436.392866,0.19651908396946566,184.74915720084095,-90186.33903839,902599.424699,857886.303351,1502460.8081875,2546690.0767882,2.78583333333333,5.42417,200.49147754263618,8.359,199.55205344778753,1.19692,829962.7727999999,942729.2013300001,1496.460313780045,3138209.6025,1893051.5,1388826.44663,1817479.8355,2879495.0,5.094699859619141,156.73458862304688,70.50524139404297,0.0,0.0,1.0,1.0,PEG,DEU,0.425834,-0.21318712830543518,0.03921803832054138,-0.06486330926418304,0.02785833366215229,,,0.005963507108390331,0.033254530280828476,0.03305739164352417,-0.24550791084766388,0.04283781349658966,,,,0.05424169823527336,0.032320789992809296,0.012484210543334484,0.023541133850812912,-0.01850248873233795,0.213293,0.103648,0.683059,12.0,0.109645,-0.024628999999999998,-0.020939999999999986,0.0036890000000000117,0.11205233333333335,0.014517312297161888,0.140506,0.03024107544383991,0.001616099999999993,-0.01874589999999999,0.234233,0.262458,0.128277,0.10029,0.637489,0.637252,0.105956,0.162168,0.027986999999999998,-0.007300000000000001,-0.028225000000000028,0.0014740000000000308,-0.05621200000000001,0.008774000000000004,0.106724,0.12444066666666666,0.00604768286205504,0.02522396085735402,0.004065500000000003,-0.0164152,0.007022000000000016,0.03369090000000001
2012,Italy,ITA,136,59232.30498288192,17951.283874349927,93.76623448542534,91.71406855837267,3145197.0200489997,0.18359883468666707,190.8733957980494,-7265.4019853646,857867.5215319999,892583.099989,1500289.9784396999,2707999.0072079,1.895,5.4925,190.22242837627812,10.6545,198.32833453035502,1.2649299999999999,861254.83227,970011.24563,1467.5382749734729,3034781.80418,1854237.98518,1373231.72805,1728380.4352,2879072.75,5.492800235748291,139.19052124023438,67.17158508300781,0.0,0.0,1.0,1.0,PEG,DEU,-0.55416697,0.13067872822284698,-0.010820675641298294,0.24545426666736603,0.018950000405311584,,,-0.04459387809038162,0.03377320244908333,0.03534957766532898,0.0839424654841423,0.04311692714691162,,,,0.05492499843239784,0.04673626646399498,0.03432434797286987,-0.0009744731360115111,0.1322021335363388,0.22697,0.279257,0.493774,5.0,-0.052287,0.17560899999999996,0.013676999999999995,-0.16193200000000002,0.11073833333333333,0.015281448306143228,0.12592299999999998,0.03144323773087014,0.05122720000000001,-0.06396759999999999,0.213293,0.234233,0.103648,0.128277,0.683059,0.637489,0.109645,0.105956,-0.024628999999999998,0.027986999999999998,-0.020939999999999986,-0.028225000000000028,0.0036890000000000117,-0.05621200000000001,0.11205233333333335,0.106724,0.014517312297161888,0.00604768286205504,0.001616099999999993,0.004065500000000003,-0.01874589999999999,0.007022000000000016
2013,Italy,ITA,136,59401.80762753803,17570.474942178338,90.97912336811169,88.4412424791192,3122721.959651,0.17244173002617474,193.24901083338202,34630.958617325,819225.381142,894136.56941,1547602.4454492,2792269.2920598,0.85525,4.31667,179.34425018983794,12.1487,201.1636907342913,1.3245500000000001,866416.9280900001,961555.5545399999,1404.0098615038794,2818990.32149,1775284.63966,1350499.91825,1534662.4304900002,2943643.5,5.763400077819824,127.60047912597656,68.1558837890625,0.0,0.0,1.0,1.0,PEG,DEU,-0.16583334,0.2284296452999115,-0.02137487381696701,0.08849933743476868,0.008552500046789646,,,-0.05720122531056404,0.03582635149359703,0.03799999877810478,0.18512073159217834,0.03654388338327408,,,,0.04316670075058937,0.043308913707733154,0.012092702090740204,-0.001280308119021356,0.048525918275117874,0.265783,0.15116,0.583058,11.0,0.114623,-0.128097,0.038812999999999986,0.16691,0.17039400000000002,0.09507897499973374,0.054437999999999986,0.0924449641624681,0.02442579999999999,-0.013593100000000009,0.22697,0.213293,0.279257,0.103648,0.493774,0.683059,-0.052287,0.109645,0.17560899999999996,-0.024628999999999998,0.013676999999999995,-0.020939999999999986,-0.16193200000000002,0.0036890000000000117,0.11073833333333333,0.11205233333333335,0.015281448306143228,0.014517312297161888,0.05122720000000001,0.001616099999999993,-0.06396759999999999,-0.01874589999999999
2014,Italy,ITA,136,59469.805781498915,17549.695961443445,90.14410435601351,87.78655800286761,3151096.641112,0.1674065852756197,193.70086250949018,59839.339922623796,826006.005055,917247.3072490001,1681173.6497871,2894102.5913975,0.4241,2.8925,170.9606051305513,12.6828,202.43899416693202,1.35366,869096.72577,972760.74903,1594.8192076435216,2863340.4998348765,1695977.98876191,1340868.91127,1522471.5885648762,2925698.0,6.3368000984191895,117.83477020263672,69.5975570678711,0.0,0.0,1.0,1.0,PEG,DEU,0.0075,0.03466249629855156,-0.005445312708616257,0.1959235817193985,0.0042409999296069145,,,-0.04333694651722908,0.037891633808612823,0.03960812836885452,0.006424375809729099,0.028057865798473358,,,,0.02892499975860119,0.028238119557499886,0.02597469463944435,-0.0022028270177543163,0.10008229315280914,0.184988,0.229547,0.585465,9.0,-0.044559,0.07838700000000001,-0.08079499999999998,-0.159182,0.17802166666666666,0.09083387073296682,0.057326999999999996,0.0949611334599583,0.024960000000000034,-0.02957020000000001,0.265783,0.22697,0.15116,0.279257,0.583058,0.493774,0.114623,-0.052287,-0.128097,0.17560899999999996,0.038812999999999986,0.013676999999999995,0.16691,-0.16193200000000002,0.17039400000000002,0.11073833333333333,0.09507897499973374,0.015281448306143228,0.02442579999999999,0.05122720000000001,-0.013593100000000009,-0.06396759999999999
2015,Italy,ITA,136,59419.5462763974,17701.075746228515,90.9332956163015,89.48114853443961,3205214.22585,0.1693546701462828,193.9122437656953,45546.0941493285,855862.5139469999,952460.8943500001,1825856.720401,3015955.451,0.0486666666666667,1.71416666666667,164.38519724091472,11.896,204.53673122808343,1.3528,887446.7565599999,987259.5387899999,1778.5156608799487,2835427.0946668126,1687199.14389026,1340119.57478,1495307.5198868127,2870677.0,6.817599773406982,113.4970932006836,67.18124389648438,0.0,0.0,1.0,1.0,PEG,DEU,-0.20416667,0.17594458162784576,0.01363680511713028,0.046005044132471085,0.0004866666567977518,,,-0.026047565042972565,0.039684370160102844,0.04074569791555405,0.1437169462442398,0.028177987784147263,,,,0.017141666263341904,0.032227642834186554,0.02715080976486206,0.028619099408388138,0.023245856165885925,0.317592,0.12872,0.553688,13.0,0.188872,-0.100827,0.13260399999999997,0.233431,0.219988,0.06458127602486652,0.005925666666666658,0.09421392254509596,-0.037322399999999985,0.0564295,0.184988,0.265783,0.229547,0.15116,0.585465,0.583058,-0.044559,0.114623,0.07838700000000001,-0.128097,-0.08079499999999998,0.038812999999999986,-0.159182,0.16691,0.17802166666666666,0.17039400000000002,0.09083387073296682,0.09507897499973374,0.024960000000000034,0.02442579999999999,-0.02957020000000001,-0.013593100000000009
2016,Italy,ITA,136,59290.44833192094,17969.303621967574,92.26609624634331,90.75096346416427,3283501.1072360002,0.17170996967307448,193.81527988670211,85174.0287670706,855014.2340599999,962981.617395,2022163.4987183,3159256.8574,-0.1675,1.4875,164.87835283263746,11.6882,206.37210524327384,1.34784,920688.63992,1011222.8163099999,1836.8940328242102,2813484.4662742447,1695698.14934016,1351020.77488,1462463.691394245,2848781.75,6.31820011138916,109.1595230102539,65.9844970703125,0.0,0.0,1.0,1.0,PEG,DEU,-0.21250001,-0.046300001442432404,0.04336799308657646,0.016326265409588814,-0.0017000000000000001,,,0.0025000572204589844,0.04086793586611748,0.040766019374132156,-0.08070000261068344,0.03741977736353874,,,,0.014865,0.03440000116825104,0.020987704396247864,0.030518677085638046,0.007313132751733065,0.244394,0.20053,0.555076,16.0,0.043864,0.07181000000000001,-0.07319799999999999,-0.14500800000000003,0.169809,0.05293732032318971,0.086312,0.11926291326728529,0.004728300000000033,0.002115399999999997,0.317592,0.184988,0.12872,0.229547,0.553688,0.585465,0.188872,-0.044559,-0.100827,0.07838700000000001,0.13260399999999997,-0.08079499999999998,0.233431,-0.159182,0.219988,0.17802166666666666,0.06458127602486652,0.09083387073296682,-0.037322399999999985,0.024960000000000034,0.0564295,-0.02957020000000001
2017,Italy,ITA,136,59194.856724178826,18298.50837697321,93.94564724184632,92.28549642166075,3362512.540856,0.17480776149711091,196.38482268002105,86685.58328667581,937147.1285469999,1033425.637146,2173399.3136289,3296054.333,-0.3358333333,2.111666667,163.0701156629874,11.2106,207.23406770500154,1.34135,930056.31418,1024069.96776,1614.5001250729601,2740710.725655347,1697797.08731913,1370985.6548499998,1369725.0708053475,2828114.0,7.438899993896484,109.21537780761719,63.21693801879883,0.0,0.0,1.0,1.0,PEG,DEU,-0.035,0.17990000545978546,0.030124131590127945,0.03153122961521149,-0.0034000000000000002,,,-0.01072317361831665,0.040847305208444595,0.04129006713628769,0.1437000036239624,0.031651657074689865,,,,0.02113,0.03619999811053276,0.03815823793411255,0.054674435406923294,0.014065614901483059,0.22943,0.209295,0.561275,9.0,0.020135,0.008764999999999995,-0.014964000000000005,-0.023729,0.18626566666666666,0.051904955315782035,0.06272566666666667,0.11785300077780517,0.001105399999999995,0.004907400000000023,0.244394,0.317592,0.20053,0.12872,0.555076,0.553688,0.043864,0.188872,0.07181000000000001,-0.100827,-0.07319799999999999,0.13260399999999997,-0.14500800000000003,0.233431,0.169809,0.219988,0.05293732032318971,0.06458127602486652,0.004728300000000033,-0.037322399999999985,0.002115399999999997,0.0564295
2018,Italy,ITA,136,59067.729740686744,18510.573909341612,95.01077777840494,93.32076464500629,3429891.638824,0.1784613697979306,198.82443387548915,86133.0777813702,992953.527979,1075392.934007,2274928.6185766,3386464.7429116,0.12,2.61,162.16576916825946,10.61,209.47134894092233,1.344,934064.3930800001,1021835.51218,1691.065502183406,2676745.8651873125,1711458.27378491,1397948.2146,1278797.6505873124,2815785.75,6.9474,100.72330930868918,64.16044199406247,0.0,0.0,1.0,1.0,PEG,DEU,-0.00666667,-0.1242000013589859,0.035908669233322144,0.006926932372152805,0.0012,,,-0.0055457353591918945,0.04145440459251404,0.04168558120727539,-0.15139999985694885,0.032052792608737946,,,,0.026103,0.0272000003606081,0.009558891877532005,0.013438228517770767,0.004063466098159552,0.194974,0.145613,0.659413,19.0,0.049361,-0.06368200000000002,-0.03445599999999999,0.029226000000000002,0.179515,0.04420752566023115,0.08429033333333331,0.09134418488515482,0.00594439999999999,-0.04422620000000001,0.22943,0.244394,0.209295,0.20053,0.561275,0.555076,0.020135,0.043864,0.008764999999999995,0.07181000000000001,-0.014964000000000005,-0.07319799999999999,-0.023729,-0.14500800000000003,0.18626566666666666,0.169809,0.051904955315782035,0.05293732032318971,0.001105399999999995,0.004728300000000033,0.004907400000000023,0.002115399999999997
2019,Italy,ITA,136,58948.48660113215,18601.359196772417,96.38889476581897,94.68241743169949,3478768.127926,0.17914499294654085,200.0849643024003,111175.9773588604,983684.0226080001,1099383.900188,2448878.3327897,3572831.9889871003,-0.05725,1.950333333,162.00134253285438,9.95,211.3465524350588,1.3456299999999999,959882.61726,1020389.11849,1723.5802029553136,2618377.3695908254,1690068.73088312,1428686.50085,1189690.8687408257,2777086.75,7.088300000000001,95.43973973414121,63.34024544972334,0.0,0.0,1.0,1.0,PEG,DEU,-0.03083333,0.2816999852657318,0.04079558327794075,0.24425256252288818,-0.0006,,,-0.00101393461227417,0.04180951789021492,0.0418519526720047,0.22920000553131104,0.04271070659160614,,,,0.019514,0.05249999836087227,0.09687594324350357,0.07945315539836884,0.12182628363370895,0.220231,0.190136,0.589632,19.0,0.030095,0.04452300000000001,0.025257,-0.019266000000000002,0.18514600000000003,0.03451593650764812,0.03778666666666665,0.01553191083973061,-0.009486399999999987,-0.0012081000000000027,0.194974,0.22943,0.145613,0.209295,0.659413,0.561275,0.049361,0.020135,-0.06368200000000002,0.008764999999999995,-0.03445599999999999,-0.014964000000000005,0.029226000000000002,-0.023729,0.179515,0.18626566666666666,0.04420752566023115,0.051904955315782035,0.00594439999999999,0.001105399999999995,-0.04422620000000001,0.004907400000000023
2020,Italy,ITA,136,58775.042034507285,17000.999643522366,88.09629338583096,84.78007109763315,3208323.294589,0.17765405812320104,199.7940726654208,113430.7136825555,829997.432033,947498.4279669999,2766722.9976386,3964058.0919904998,-0.2048333333,1.167916667,165.0843419466996,9.16,198.3716135494445,1.5581200000000002,896727.2986699999,1196063.02305,1577.9235596120932,2702113.9631512733,1883325.2565989401,1443014.89885,1259099.0643012733,2841008.75,6.6477,92.9012655091485,61.94604758817651,0.0,0.0,1.0,1.0,PEG,DEU,-0.06833334,-0.04179999977350235,0.06096535176038742,0.1256023347377777,-0.002,,,0.01903069019317627,0.04193466156721115,0.04115151986479759,-0.0632999986410141,0.022952919825911522,,,,0.011682999999999999,0.0215000007301569,0.05247730016708374,0.045469775795936584,0.06180116906762123,0.291726,0.207613,0.500661,17.0,0.084113,0.017476999999999993,0.07149499999999998,0.054018,0.18168133333333333,0.032672011299173624,0.03319699999999998,0.014857879121866872,0.003947699999999988,0.017266800000000002,0.220231,0.194974,0.190136,0.145613,0.589632,0.659413,0.030095,0.049361,0.04452300000000001,-0.06368200000000002,0.025257,-0.03445599999999999,-0.019266000000000002,0.029226000000000002,0.18514600000000003,0.179515,0.03451593650764812,0.04420752566023115,-0.009486399999999987,0.00594439999999999,-0.0012081000000000027,-0.04422620000000001
1997,Japan,JPN,158,125956.0,20617.43761502919,94.71540629446284,91.5937,543.5453,0.275390625,109.00000136238772,11.506854001,40.9563,50.9381,192.9343,569.562116666667,0.48403999999999997,1.6875,93.99477806788511,3.4,111.67848639056298,1.048312,63.657,79.3746,129.95,523.828,142.473,111.4834,412.3446,993.1067504882812,3.674269199371338,102.3604736328125,36.52705001831055,1.0,1.0,0.0,0.0,FLOAT,USA,0.0,-0.1279274821281433,0.017525948584079742,0.10779929161071777,0.004840400069952011,,,-0.015496316365897655,0.03302226588129997,0.03354204446077347,-0.13589026033878326,0.009214997291564941,,,,0.016875000670552254,0.007962768897414207,0.007569191511720419,-0.012381157837808132,0.05631984770298004,0.237929,0.457307,0.304764,21.0,-0.219378,,,,,,,,,,,,,,,,,,,,,,,,,,,,,,,
1998,Japan,JPN,158,126246.0,20154.49399706678,92.81233758314613,91.3092,536.4973,0.2584493041749503,109.69999995458708,15.070209157000003,36.653,50.644,203.9256,606.4699,0.37148,1.09667,92.68929503916449,4.1,111.34164427915886,1.1604590000000001,60.6274,80.8601,115.6,517.2431,146.604,113.1358,404.1073,926.42431640625,3.1397547721862793,101.12628936767578,35.908721923828125,0.0,0.0,0.0,0.0,FLOAT,USA,0.0,-0.14892786741256714,0.01988137513399124,0.024724364280700684,0.003714800113812089,,,-0.013889065943658352,0.03377044200897217,0.034246087074279785,-0.1586553454399109,0.011561833322048187,,,,0.010966699570417404,0.009727486409246922,-0.005473466124385595,-0.014220877550542355,0.014219582080841064,0.073595,0.714927,0.211478,13.0,-0.641332,0.25761999999999996,-0.164334,-0.42195400000000005,,,,,,,0.237929,,0.457307,,0.304764,,-0.219378,,,,,,,,,,,,,,,
1999,Japan,JPN,158,126494.0,20070.399088282407,92.43174457599622,91.2797,528.0698,0.2545454545454545,109.40000217982036,13.01692057,35.27,47.549,229.4142,616.303425,0.05856,1.77083,90.25239338555265,4.7,110.41983211802447,1.290302,58.2518,82.6983,102.2,508.5996,149.51,114.0359,394.5637,906.3331909179688,4.439584732055664,95.66897583007812,33.2508659362793,0.0,0.0,0.0,0.0,FLOAT,USA,0.0,0.2051677256822586,0.007955025881528854,0.04510399326682091,0.0005855999770574272,,,-0.02629106119275093,0.034246087074279785,0.03517076373100281,0.19335705041885376,0.009897020645439625,,,,0.017708299681544304,0.011810678988695145,0.053611621260643005,0.06706421077251434,0.022844797000288963,0.158103,0.657089,0.184807,16.0,-0.498986,-0.057837999999999945,0.084508,0.14234600000000003,0.586117,0.18216484896927834,-0.430355,0.29836653474878844,,,0.073595,0.237929,0.714927,0.457307,0.211478,0.304764,-0.641332,-0.219378,0.25761999999999996,,-0.164334,,-0.42195400000000005,,,,,,,,,
2000,Japan,JPN,158,126729.0,20480.951264994896,94.98765833390048,92.0045,535.4177,0.25349301397205587,108.60000054495511,14.070777156,40.915,51.649,234.833,629.286258333333,0.10838,1.7475,87.03220191470844,4.7,109.99048678731238,1.356473,62.6107,85.739,114.9,491.44239999999996,150.125,115.3001,376.1423,893.1749267578125,4.555428981781006,95.41857147216797,32.89812469482422,0.0,0.0,0.0,0.0,FLOAT,USA,0.0,0.12054871767759323,-0.0003732442855834961,0.014768584631383419,0.0010837999871000648,,,-0.03567993640899658,0.035306692123413086,0.036613043397665024,0.11039787530899048,0.00914162490516901,,,,0.017474999651312828,0.010150840505957603,0.022984636947512627,0.030585918575525284,0.00792619213461876,0.253939,0.42264,0.323422,21.0,-0.168701,-0.23444900000000002,0.09583600000000003,0.330285,0.6097743333333333,0.1351703531153682,-0.453232,0.21466570735914015,-0.01618390000000001,0.02943769999999997,0.158103,0.073595,0.657089,0.714927,0.184807,0.211478,-0.498986,-0.641332,-0.057837999999999945,0.25761999999999996,0.084508,-0.164334,0.14234600000000003,-0.42195400000000005,0.586117,,0.18216484896927834,,,,,
2001,Japan,JPN,158,126972.0,20499.90795272704,95.14431211592269,93.3432,531.6539,0.24748490945674045,107.79667639088315,10.47358183,42.402,49.01,274.8297,646.786141666667,0.05797000000000001,1.32958,83.5509138381201,5.0,107.44276730790175,1.444434,60.0499,87.66380000000001,131.8,470.7474,151.942,117.4239,353.3235,877.0120849609375,4.7071733474731445,91.51412963867188,32.30254364013672,0.0,0.0,0.0,0.0,FLOAT,USA,0.0,-0.21789491176605225,-0.0032406412065029144,0.05541997775435448,0.0005796999903395772,,,-0.04000013694167137,0.03675949573516846,0.038291145116090775,-0.22677624225616455,0.011486097238957882,,,,0.013295800425112247,0.008881323039531708,-0.02275591343641281,-0.05197262763977051,0.027999838814139366,0.064329,0.773671,0.162,14.0,-0.709342,0.351031,-0.18961000000000003,-0.540641,0.5982186666666666,0.1547811671435945,-0.4363396666666666,0.24246327113675037,-0.005821699999999926,0.012625499999999986,0.253939,0.158103,0.42264,0.657089,0.323422,0.184807,-0.168701,-0.498986,-0.23444900000000002,-0.057837999999999945,0.09583600000000003,0.084508,0.330285,0.14234600000000003,0.6097743333333333,0.586117,0.1351703531153682,0.18216484896927834,-0.01618390000000001,,0.02943769999999997,
2002,Japan,JPN,158,127187.0,20516.849232535595,95.04924162081062,93.6385,524.4787,0.23265306122448978,106.80046676461929,13.683649283,42.177,52.109,342.348,668.155358333333,0.01094,1.25,79.80852915578764,5.4,103.77342059975314,1.542849,54.1964,87.6808,119.9,446.57349999999997,153.14,120.4335,326.14,877.4285888671875,4.044448375701904,85.5674819946289,28.15766716003418,0.0,0.0,0.0,0.0,FLOAT,USA,0.0,-0.16842016577720642,-0.006500713527202606,0.06775378435850143,0.00010940000356640667,,,-0.04479185864329338,0.038291145116090775,0.04008670151233673,-0.17910955846309662,0.013021696358919144,,,,0.012500000186264515,0.010689386166632175,-0.010513662360608578,-0.039576344192028046,0.03393159061670303,0.120898,0.623919,0.255183,19.0,-0.503021,-0.149752,0.05656900000000001,0.20632099999999998,0.6178,0.17878313645587493,-0.4590096666666666,0.2725284446444689,0.02515209999999994,-0.05527460000000002,0.064329,0.253939,0.773671,0.42264,0.162,0.323422,-0.709342,-0.168701,0.351031,-0.23444900000000002,-0.18961000000000003,0.09583600000000003,-0.540641,0.330285,0.5982186666666666,0.6097743333333333,0.1547811671435945,0.1351703531153682,-0.005821699999999926,-0.01618390000000001,0.012625499999999986,0.02943769999999997
2003,Japan,JPN,158,127358.0,20832.997849900727,96.53346104068477,94.5506,523.9686,0.22810590631364563,106.52428983852634,16.164431309999998,44.3193,54.5485,444.8351,680.2588,0.00136,1.01167,75.97911227154046,5.3,102.78355816816651,1.6006970000000003,52.6957,88.61330000000001,107.1,425.3791,156.32,126.7231,298.656,821.4859619140625,3.6842353343963623,80.48783874511719,27.425485610961914,0.0,0.0,0.0,0.0,FLOAT,USA,0.0,-0.04552192613482475,-0.007855728268623352,-0.027012040838599205,1.359999987471383e-05,,,-0.047982357442379,0.040126629173755646,0.04214904084801674,-0.05760018527507782,0.012816487811505795,,,,0.01011670008301735,0.012078255414962769,-0.01588324084877968,-0.017464328557252884,-0.013499220833182335,0.303345,0.363405,0.33325,20.0,-0.060059,-0.260514,0.18244699999999997,0.4429620000000001,0.6067433333333333,0.17614466606835796,-0.4603546666666667,0.2728341707344103,-0.03274569999999998,0.05322469999999996,0.120898,0.064329,0.623919,0.773671,0.255183,0.162,-0.503021,-0.709342,-0.149752,0.351031,0.05656900000000001,-0.18961000000000003,0.20632099999999998,-0.540641,0.6178,0.5982186666666666,0.17878313645587493,0.1547811671435945,0.02515209999999994,-0.005821699999999926,-0.05527460000000002,0.012625499999999986
2004,Japan,JPN,158,127480.0,21301.17824873966,98.72329637084556,96.3481,529.4008,0.2219206908531441,106.51333043669726,19.699003768,49.146800000000006,61.17,464.4385,688.911808333333,0.000850833,1.49917,71.10530896431679,4.7,103.90432674662935,1.689246,55.4498,89.7851,104.12,412.3079,163.154,126.1615,286.1464,802.384521484375,3.6017003059387207,77.6001968383789,27.02773094177246,0.0,0.0,0.0,0.0,FLOAT,USA,0.0,0.2529008090496063,-0.022081423550844193,0.017643442377448082,8.508330211043358e-06,,,-0.06414658576250076,0.04206516221165657,0.04494845122098923,0.23916079103946686,0.011088166385889053,,,,0.0149916997179389,0.01374002080410719,0.03752141073346138,0.05782802775502205,0.008825975470244884,0.379602,0.177167,0.443231,17.0,0.202435,-0.186238,0.07625700000000002,0.262494,0.5869983333333334,0.20760996943628054,-0.4241406666666667,0.33175093633979896,-0.20500259999999995,0.3178293,0.303345,0.120898,0.363405,0.623919,0.33325,0.255183,-0.060059,-0.503021,-0.260514,-0.149752,0.18244699999999997,0.05656900000000001,0.4429620000000001,0.20632099999999998,0.6067433333333333,0.6178,0.17614466606835796,0.17878313645587493,-0.03274569999999998,0.02515209999999994,0.05322469999999996,-0.05527460000000002
2005,Japan,JPN,158,127537.0,21575.023474075475,100.0,98.1704,532.5155,0.26052,106.21194688639743,18.749870755,56.8524,65.6565,487.1187,701.387216666667,0.00123833,1.35958,67.27589208006962,4.4,105.78676677839854,1.7429320000000001,61.142,92.43130000000001,117.97,409.9646,171.268,129.7327,280.2319,784.5758056640625,3.6460611820220947,77.35494995117188,26.71962547302246,0.0,0.0,0.0,0.0,FLOAT,USA,0.0,0.15390020608901978,-0.008906885981559753,0.019996384158730507,1.238329969055485e-05,,,-0.05385533720254898,0.04494845122098923,0.04750695452094078,0.14151470363140106,0.010850057937204838,,,,0.013595799915492535,0.012385500594973564,0.036265354603528976,0.05391085147857666,0.010004383511841297,0.411817,0.173147,0.415036,16.0,0.23867,-0.004019999999999996,0.032214999999999994,0.03623499999999999,0.38816366666666663,0.22440272069949016,-0.12021499999999997,0.3565544842460966,-0.1538554,0.24875670000000005,0.379602,0.303345,0.177167,0.363405,0.443231,0.33325,0.202435,-0.060059,-0.186238,-0.260514,0.07625700000000002,0.18244699999999997,0.262494,0.4429620000000001,0.5869983333333334,0.6067433333333333,0.20760996943628054,0.17614466606835796,-0.20500259999999995,-0.03274569999999998,0.3178293,0.05322469999999996
2006,Japan,JPN,158,127515.0,21938.170592300474,101.30812716295917,100.0,535.1702,0.26078,106.4793562910271,20.293653984,67.4076,75.2462,480.3684,708.461483333333,0.124527,1.73125,64.66492602262836,4.1,105.69227020134025,1.740333,75.9308,91.9385,118.95,414.4401,176.549,127.6764,286.7637,811.0963745117188,3.932285785675049,78.39187622070312,26.26964569091797,0.0,0.0,0.0,0.0,FLOAT,USA,0.0,0.2716871201992035,0.008696619421243668,0.004491496831178665,0.0012452700175344944,,,-0.038810331374406815,0.04750695079565048,0.049425158649683,0.25844159722328186,0.01052534393966198,,,,0.01731250062584877,0.013245530426502228,0.068016916513443,0.11192798614501953,0.0028683834243565798,0.427855,0.146211,0.425934,11.0,0.281644,-0.026935999999999988,0.016037999999999997,0.04297400000000001,0.23790633333333333,0.10870361816118827,0.12701533333333337,0.16302100616280468,-0.0655602,0.10613439999999999,0.411817,0.379602,0.173147,0.177167,0.415036,0.443231,0.23867,0.202435,-0.004019999999999996,-0.186238,0.032214999999999994,0.07625700000000002,0.03623499999999999,0.262494,0.38816366666666663,0.5869983333333334,0.22440272069949016,0.20760996943628054,-0.1538554,-0.20500259999999995,0.24875670000000005,0.3178293
2007,Japan,JPN,158,127433.0,22410.065610134494,102.69343710870707,100.6445,539.2816,0.25769,106.54620864218451,24.984916528,72.854,83.9314,492.6613,719.611483333333,0.47265200000000007,1.65292,63.70757180156657,3.9,105.04352724544471,1.72809,63.564,93.2556,114.0,415.5213,181.523,129.3764,286.1449,809.342529296875,4.061530113220215,76.5110092163086,25.799522399902344,0.0,0.0,0.0,0.0,FLOAT,USA,0.0,0.02686212584376335,0.03452230244874954,0.03880532830953598,0.00472651980817318,,,-0.014804013073444366,0.04932631552219391,0.050067514181137085,0.014254465699195862,0.012430471368134022,,,,0.016529200598597527,0.012607661075890064,0.027688853442668915,0.031755995005369186,0.021765924990177155,0.376167,0.145696,0.478136,13.0,0.230471,-0.0005150000000000154,-0.05168800000000001,-0.051172999999999996,0.16550833333333334,0.016832421255821794,0.24091633333333337,0.03965225000341317,-0.012134899999999988,0.0127082,0.427855,0.411817,0.146211,0.173147,0.425934,0.415036,0.281644,0.23867,-0.026935999999999988,-0.004019999999999996,0.016037999999999997,0.032214999999999994,0.04297400000000001,0.03623499999999999,0.23790633333333333,0.38816366666666663,0.10870361816118827,0.22440272069949016,-0.0655602,-0.1538554,0.10613439999999999,0.24875670000000005
2008,Japan,JPN,158,127288.0,22175.1244681219,101.38706367829623,99.9909,527.8238,0.25870000000000004,108.02134412837941,14.736840496000001,78.959,81.0181,488.4148,734.602616666667,0.46141699999999997,1.44917,63.27241079199304,4.0,104.94878038789946,1.807147,66.2431,92.895,90.75,425.1676,184.777,132.5323,292.6353,768.7094116210938,4.083791732788086,78.48461151123047,28.376901626586914,0.0,0.0,0.0,0.0,FLOAT,USA,0.0,-0.27346742153167725,0.04333663731813431,0.054805245250463486,0.004614170175045729,,,-0.006831210106611252,0.05016784742474556,0.05051290988922119,-0.2872544825077057,0.019343597814440727,,,,0.014491699635982513,0.013787062838673592,-0.0046115536242723465,-0.03257180377840996,0.02970970794558525,0.171322,0.293423,0.535254,16.0,-0.122101,0.147727,-0.20484499999999997,-0.352572,0.15501800000000002,0.01570228604376162,0.2502616666666667,0.027485342172386688,0.03603129999999999,-0.11334859999999998,0.376167,0.427855,0.145696,0.146211,0.478136,0.425934,0.230471,0.281644,-0.0005150000000000154,-0.026935999999999988,-0.05168800000000001,0.016037999999999997,-0.051172999999999996,0.04297400000000001,0.16550833333333334,0.23790633333333333,0.016832421255821794,0.10870361816118827,-0.012134899999999988,-0.0655602,0.0127082,0.10613439999999999
2009,Japan,JPN,158,127147.44610468941,20963.200296560124,95.6268059759663,99.0942,494.9384,0.22603,106.56374368511106,13.58605908,51.4994,54.1706,494.1012,754.464016666667,0.10525000000000001,1.3425,59.652179541849286,5.1,101.28451755747595,1.987026,55.58,94.2388,92.06,419.5679,187.905,131.2672,288.3007,773.559326171875,4.377389430999756,75.55962371826172,25.386211395263672,0.0,0.0,0.0,0.0,FLOAT,USA,0.0,-0.24992184340953827,0.016024064272642136,0.009677507914602757,0.001052499981597066,,,-0.034387823194265366,0.0504118874669075,0.05220717936754227,-0.26639747619628906,0.022458504885435104,,,,0.013425000011920929,0.01647561602294445,-0.025971753522753716,-0.05209459736943245,0.005365003831684589,0.151183,0.210604,0.638213,16.0,-0.059421,-0.08281899999999998,-0.02013899999999999,0.06268,0.19511,0.08514194490966305,0.1300046666666667,0.21982406455238968,0.034090600000000026,-0.13757669999999997,0.171322,0.376167,0.293423,0.145696,0.535254,0.478136,-0.122101,0.230471,0.147727,-0.0005150000000000154,-0.20484499999999997,-0.05168800000000001,-0.352572,-0.051172999999999996,0.15501800000000002,0.16550833333333334,0.01570228604376162,0.016832421255821794,0.03603129999999999,-0.012134899999999988,-0.11334859999999998,0.0127082
2010,Japan,JPN,158,127190.31005857847,21934.903391345688,99.5276367032671,101.8194763335,505.5306,0.2259,105.79439367670928,19.402264428,60.765,67.3996,510.4914,775.359741666667,0.0935,1.15083,61.05705437238938,5.1,100.14276594915667,2.056931,52.6391,90.0106,81.45,409.9066,190.393,132.7759,277.1307,769.1887817382812,4.525317192077637,73.01419830322266,25.48155975341797,0.0,0.0,0.0,0.0,FLOAT,USA,0.0,0.03775440528988838,0.012111909687519073,0.0391831174492836,0.0009350000182166696,,,-0.03988601639866829,0.05199792608618736,0.05415807664394379,0.01825910620391369,0.019145715981721878,,,,0.011508299969136715,0.019495299085974693,0.019498758018016815,0.018996145576238632,0.02005905844271183,0.238557,0.289696,0.471746,24.0,-0.051139,0.079092,0.08737399999999998,0.008282000000000005,0.21657433333333334,0.07404424550451863,0.016316333333333374,0.18809269401370482,0.03491810000000002,-0.07821500000000003,0.151183,0.171322,0.210604,0.293423,0.638213,0.535254,-0.059421,-0.122101,-0.08281899999999998,0.147727,-0.02013899999999999,-0.20484499999999997,0.06268,-0.352572,0.19511,0.15501800000000002,0.08514194490966305,0.01570228604376162,0.034090600000000026,0.03603129999999999,-0.13757669999999997,-0.11334859999999998
2011,Japan,JPN,158,127426.5602230367,21869.04677661825,99.73590007211277,101.47322690737758,497.4489,0.23541,105.50616140860433,10.366835076000001,68.1112,65.5465,534.4663,796.626141666667,0.07775,1.11833,61.49852136176933,4.521,101.28156267017216,2.190945,54.3072,95.3625,77.72,412.03409999999997,192.981,134.3257,277.7084,771.4915771484375,4.553114891052246,71.49623107910156,26.16023063659668,0.0,0.0,0.0,0.0,FLOAT,USA,0.0,-0.04824220389127731,0.02140895649790764,0.034295596182346344,0.000777499983087182,,,-0.03264080733060837,0.054049763828516006,0.05587352067232132,-0.06720872223377228,0.02033308334648609,,,,0.01118330005556345,0.018966522067785263,0.011271298862993717,0.005053301341831684,0.017536548897624016,0.223952,0.275999,0.500049,25.0,-0.052047,-0.013697000000000015,-0.014604999999999979,-0.000908000000000006,0.2645743333333333,0.046776813618858375,-0.07755366666666663,0.03880072887631348,0.0026820000000000103,0.021844399999999996,0.238557,0.151183,0.289696,0.210604,0.471746,0.638213,-0.051139,-0.059421,0.079092,-0.08281899999999998,0.08737399999999998,-0.02013899999999999,0.008282000000000005,0.06268,0.21657433333333334,0.19511,0.07404424550451863,0.08514194490966305,0.03491810000000002,0.034090600000000026,-0.07821500000000003,-0.13757669999999997
2012,Japan,JPN,158,127148.44294082638,22218.193228700202,101.26862808822833,103.69716117974697,500.4748,0.24004999999999999,105.44698063872727,4.759515348,70.6886,63.7476,554.4393,816.649366666667,0.0825833,0.839167,61.06021120391524,4.3,99.00299797028299,2.2609280000000003,56.5911,93.469,86.55,416.6685,197.5,137.7131,278.9554,765.5142822265625,4.71034574508667,71.056396484375,26.89238929748535,0.0,0.0,0.0,0.0,FLOAT,USA,0.0,-0.043643102049827576,0.026358649134635925,0.03614780306816101,0.0008258330053649843,,,-0.0291408933699131,0.055499542504549026,0.057165391743183136,-0.06406068801879883,0.02181507647037506,,,,0.0083916699513793,0.0204175878316164,0.013212288729846478,0.008020283654332161,0.01848681829869747,0.244187,0.19557,0.560243,28.0,0.048617,-0.080429,0.020234999999999975,0.100664,0.2587663333333333,0.0422683062865478,-0.0542023333333333,0.00454224364529094,-0.005879900000000012,0.0323206,0.223952,0.238557,0.275999,0.289696,0.500049,0.471746,-0.052047,-0.051139,-0.013697000000000015,0.079092,-0.014604999999999979,0.08737399999999998,-0.000908000000000006,0.008282000000000005,0.2645743333333333,0.21657433333333334,0.046776813618858375,0.07404424550451863,0.0026820000000000103,0.03491810000000002,0.021844399999999996,-0.07821500000000003
2013,Japan,JPN,158,126930.13582683333,22702.703762553305,103.44830473613531,106.5532621273354,508.7006,0.24418,105.80864089908711,4.486739291999999,81.2425,69.7742,586.6498,846.118683333333,0.075,0.7,62.50556935608159,4.0,98.97301424124045,2.2962610000000003,61.3776,95.8205,105.3,423.8272,202.048,141.4436,282.3836,767.65966796875,4.943072319030762,70.53662872314453,27.038759231567383,0.0,0.0,0.0,0.0,FLOAT,USA,0.0,0.7216812968254089,0.0731661468744278,0.016943883150815964,0.000750000006519258,,,0.016387974843382835,0.05677817016839981,0.05586269497871399,0.6936869621276855,0.016528652980923653,,,,0.007000000216066837,0.027994364500045776,0.16668319702148438,0.30456793308258057,0.008846941404044628,0.366063,0.145536,0.4884,27.0,0.220527,-0.050033999999999995,0.12187600000000004,0.17191,0.253755,0.05085295095665623,-0.018189666666666625,0.057858051724312194,-0.05129089999999998,0.09156619999999999,0.244187,0.223952,0.19557,0.275999,0.560243,0.500049,0.048617,-0.052047,-0.080429,-0.013697000000000015,0.020234999999999975,-0.014604999999999979,0.100664,-0.000908000000000006,0.2587663333333333,0.2645743333333333,0.0422683062865478,0.046776813618858375,-0.005879900000000012,0.0026820000000000103,0.0323206,0.021844399999999996
2014,Japan,JPN,158,126717.809729662,22808.11785153788,103.89249223449383,105.72746580775939,518.8111,0.25036,108.73041742672126,3.896271361,85.9091,73.093,611.869,874.873075,0.0679166666666667,0.52625,63.48054793236498,3.6,99.21344222694191,2.335278,67.4667,94.4965,120.64,434.025,207.0205,145.0111,289.0139,770.7598876953125,5.0404157638549805,70.24408721923828,28.93943977355957,0.0,0.0,0.0,0.0,FLOAT,USA,0.0,0.10385403782129288,0.07124204188585281,0.053687285631895065,0.0006791666382923722,,,0.015545936301350594,0.05569610744714737,0.054843515157699585,0.08655388653278351,0.01592203602194786,,,,0.005262500140815973,0.01730014942586422,0.05736980959773064,0.08342339843511581,0.027183225378394127,0.325074,0.19507,0.479857,31.0,0.130004,0.049533999999999995,-0.04098900000000005,-0.09052299999999999,0.20570166666666667,0.06581896834753198,0.0723656666666667,0.13783013366217556,-0.029282100000000023,0.07180630000000002,0.366063,0.244187,0.145536,0.19557,0.4884,0.560243,0.220527,0.048617,-0.050033999999999995,-0.080429,0.12187600000000004,0.020234999999999975,0.17191,0.100664,0.253755,0.2587663333333333,0.05085295095665623,0.0422683062865478,-0.05129089999999998,-0.005879900000000012,0.09156619999999999,0.0323206
2015,Japan,JPN,158,126576.25899821446,23189.97882270277,105.62590219914567,105.6102871151056,538.0323,0.25165,109.59182641048737,16.51759161,78.4055,75.6139,639.69,907.12,0.0728333333333333,0.346666666666667,65.00940665333478,3.4,99.32101771720696,2.283968,70.3734,94.2588,120.5,444.6486,214.1117,147.622,297.0266,773.3165283203125,5.091089998595409,70.00451853481802,29.093863651367787,0.0,0.0,0.0,0.0,FLOAT,USA,0.0,0.11165733635425568,0.07893133163452148,0.017814068123698235,0.0007283333106897771,,,0.024251852184534073,0.05467947572469711,0.053384795784950256,0.09542462974786758,0.014818641357123852,,,,0.0034666666761040688,0.016232704743742943,0.054087165743112564,0.0918160229921341,0.009271200746297836,0.290011,0.20759,0.502399,21.0,0.082421,0.012520000000000003,-0.035062999999999955,-0.047583000000000014,0.17872533333333332,0.02874389300935797,0.13304933333333338,0.08599545084673477,0.008559399999999991,0.0010889000000000283,0.325074,0.366063,0.19507,0.145536,0.479857,0.4884,0.130004,0.220527,0.049533999999999995,-0.050033999999999995,-0.04098900000000005,0.12187600000000004,-0.09052299999999999,0.17191,0.20570166666666667,0.253755,0.06581896834753198,0.05085295095665623,-0.029282100000000023,-0.05129089999999998,0.07180630000000002,0.09156619999999999
2016,Japan,JPN,158,126558.31594774927,23367.994774838386,106.54489714983255,105.28097746933703,544.3646,0.24836,109.4668892296358,21.518732637999996,66.042,70.0358,693.4,936.802016666667,-0.02625,-0.066,66.44725220498991,3.1,100.43518478037392,2.325199,69.0561,93.292,116.8,458.6494,223.55768,152.1556,306.4938,799.030517578125,4.814450589257712,66.88060730224458,28.442677095518132,0.0,0.0,0.0,0.0,FLOAT,USA,0.0,0.005200000014156103,0.0884861946105957,0.1626727283000946,-0.00058,,,0.035261549055576324,0.05322464182972908,0.05141178146004677,-0.016499999910593033,0.022064056247472763,,,,-0.000663,0.021700000390410423,0.06270292401313782,0.0395074300467968,0.08104636520147324,0.266275,0.21819,0.515535,25.0,0.048084,0.010599999999999998,-0.023736000000000035,-0.03433699999999999,0.18273199999999998,0.03281530758655302,0.14431733333333338,0.0701567562130204,0.023048200000000005,-0.0564912,0.290011,0.325074,0.20759,0.19507,0.502399,0.479857,0.082421,0.130004,0.012520000000000003,0.049533999999999995,-0.035062999999999955,-0.04098900000000005,-0.047583000000000014,-0.09052299999999999,0.17872533333333332,0.20570166666666667,0.02874389300935797,0.06581896834753198,0.008559399999999991,-0.029282100000000023,0.0010889000000000283,0.07180630000000002
2017,Japan,JPN,158,126344.993014441,23799.611471881875,108.50820962023323,106.56408809686617,553.073,0.25215,109.99914857360977,22.830853440000002,75.379231107,78.28645705,731.2477,973.912575,-0.048,0.05166667,68.12937060214495,2.8,101.2487264695292,2.314161,73.0623,92.6615,112.9,470.625,232.3545,156.2697,314.3553,810.1554565429688,4.9484991369934646,66.13535532536777,27.17579511700354,0.0,0.0,0.0,0.0,FLOAT,USA,0.0,0.21940000355243683,0.08155710995197296,-0.0008904983988031745,-0.00062,,,0.030300026759505272,0.05125708505511284,0.049749668687582016,0.1940000057220459,0.02127303183078766,,,,0.000517,0.02539999969303608,0.07774469256401062,0.16768036782741547,-0.0007552491733804345,0.292348,0.137686,0.569966,26.0,0.154662,-0.08050399999999999,0.026073000000000013,0.10657799999999999,0.20694999999999997,0.011573279569771097,0.08683633333333336,0.041138096411151286,-0.016155199999999984,0.003963699999999987,0.266275,0.290011,0.21819,0.20759,0.515535,0.502399,0.048084,0.082421,0.010599999999999998,0.012520000000000003,-0.023736000000000035,-0.035062999999999955,-0.03433699999999999,-0.047583000000000014,0.18273199999999998,0.17872533333333332,0.03281530758655302,0.02874389300935797,0.023048200000000005,0.008559399999999991,-0.0564912,0.0010889000000000283
2018,Japan,JPN,158,126094.78714406541,23980.04135550288,109.33597633793687,107.07067132568555,556.2937,0.25556,111.08710006286479,19.63349288,82.70330439499999,81.47875267,784.571,1002.3865916666699,-0.060416667,0.065,69.45328716864012,2.4,103.2850513607348,2.325092,75.0665,92.6487,110.83,,240.6403,158.389,324.7427,834.1729736328125,4.718809304750898,66.10998786120606,26.73046130600002,0.0,0.0,0.0,0.0,FLOAT,USA,0.0,-0.1517000049352646,0.07721779495477676,0.03348882868885994,-0.00055,,,0.02756822481751442,0.049649570137262344,0.04831754043698311,-0.16990000009536743,0.021925069391727448,,,,0.00065,0.018200000748038292,-0.015154044143855572,-0.055774468928575516,0.01646941341459751,0.363816,0.157524,0.478659,18.0,0.206292,0.019837999999999995,0.07146799999999998,0.05163000000000001,0.18782200000000002,0.04374132910646501,0.0950556666666667,0.054400768582191714,-0.02307020000000001,0.0478191,0.292348,0.266275,0.137686,0.21819,0.569966,0.515535,0.154662,0.048084,-0.08050399999999999,0.010599999999999998,0.026073000000000013,-0.023736000000000035,0.10657799999999999,-0.03433699999999999,0.20694999999999997,0.18273199999999998,0.011573279569771097,0.03281530758655302,-0.016155199999999984,0.023048200000000005,0.003963699999999987,-0.0564912
2019,Japan,JPN,158,125821.65404253986,24035.72845588844,109.8608854450736,106.96948489135296,558.4912,0.2582,111.60708508234462,19.242467251,78.599509951,76.93166492,827.8478,1026.1612583333301,-0.051916667,-0.1104167,70.56039736394641,2.35,105.35113694037575,2.348592,73.8813,94.9647,109.12,,247.0659,161.4918,332.6713,864.1021728515625,4.9266557988916855,65.57287636686814,25.49159380941423,0.0,0.0,0.0,0.0,FLOAT,USA,0.0,0.18479999899864197,0.07585173100233078,0.046603456139564514,-0.00068,,,0.027534188702702522,0.04831754043698311,0.047022804617881775,0.15600000321865082,0.024913495406508446,,,,-0.001104,0.028800001367926598,0.07742135226726532,0.14218853414058685,0.022961728274822235,0.248125,0.169698,0.582176,28.0,0.078427,0.01217399999999999,-0.11569099999999996,-0.127865,0.17113333333333333,0.041942031058753215,0.13634600000000005,0.0806786818682596,-0.012563799999999993,0.01426590000000002,0.363816,0.292348,0.157524,0.137686,0.478659,0.569966,0.206292,0.154662,0.019837999999999995,-0.08050399999999999,0.07146799999999998,0.026073000000000013,0.05163000000000001,0.10657799999999999,0.18782200000000002,0.20694999999999997,0.04374132910646501,0.011573279569771097,-0.02307020000000001,-0.016155199999999984,0.0478191,0.003963699999999987
2020,Japan,JPN,158,125450.83099959277,23001.358814399202,103.8307750548547,,538.1554,0.2557,111.57695719494987,17.555858215,67.73335859100001,68.40664233,942.6076,1092.603825,-0.035083333,-0.005416667,70.60964198973205,2.8,104.28131482019293,2.539057,,,103.63,,254.5794,164.8121,363.243,942.9138793945312,4.454279926769932,63.25574014080361,27.32652370176958,0.0,0.0,0.0,0.0,FLOAT,USA,0.0,0.07829999923706055,0.04798676818609238,0.004444560967385769,-0.00033,,,0.0009165626834146678,0.047070205211639404,0.0470271036028862,0.05429999902844429,0.022763919085264206,,,,-5.4000000000000005e-05,0.024000000208616257,0.03159945830702782,0.06697801500558853,0.0020572803914546967,0.259305,0.163221,0.577474,16.0,0.096085,-0.006476999999999983,0.011179999999999995,0.017658000000000007,0.15496933333333332,0.016158179889251827,0.1464603333333334,0.06432585062269425,0.008877900000000001,-0.03035959999999999,0.248125,0.363816,0.169698,0.157524,0.582176,0.478659,0.078427,0.206292,0.01217399999999999,0.019837999999999995,-0.11569099999999996,0.07146799999999998,-0.127865,0.05163000000000001,0.17113333333333333,0.18782200000000002,0.041942031058753215,0.04374132910646501,-0.012563799999999993,-0.02307020000000001,0.01426590000000002,0.0478191
1997,Netherlands,NLD,138,15604.46,19972.661248209955,86.46578945857995,88.3008,813270.36066,0.20582473195766124,118.92444872588332,48931.41,347286.0,380018.0,227021.79678,553239.0,3.334167,5.57583,179.227,5.5106,121.07290068285384,0.6576500000000001,202741.32,221948.85636,2.0172,756267.0,327661.2813,375818.5,380448.5,1256756.0,5.507669925689697,110.10902404785156,53.951961517333984,0.0,0.0,1.0,1.0,PEG,DEU,-0.089,0.4489929974079132,0.17775966227054596,0.08732344955205917,0.0333416685461998,,,0.1177864670753479,0.05997319146990776,0.0536535307765007,0.4150469899177551,0.02398931048810482,,,,0.05575830116868019,0.033946000039577484,0.2490185797214508,0.2899605631828308,0.060332559049129486,0.198476,0.096509,0.705015,6.0,0.101967,,,,,,,,,,,,,,,,,,,,,,,,,,,,,,,
1998,Netherlands,NLD,138,15699.26,20630.887383207628,89.33373580628476,92.2893,868911.83445,0.20667325944286757,121.04649418874945,25849.99,371760.0,398686.0,267545.81997,653311.8666000001,3.455,4.63,198.885,4.394,119.35360307440087,0.62665,212063.0133,225952.99743000002,1.8888,891737.875,454049.25,423550.8438,468187.0,1304580.875,5.0309576988220215,118.46022033691406,60.18165969848633,0.0,0.0,1.0,1.0,PEG,DEU,0.23,0.2228810042142868,0.1652672290802002,0.16239365935325623,0.03454999998211861,,,0.10968213528394699,0.055585093796253204,0.050091005861759186,0.1872979998588562,0.029969729483127594,,,,0.046300001442432404,0.035583000630140305,0.17571112513542175,0.1909368336200714,0.09847182780504227,0.150828,0.168278,0.680894,2.0,-0.017449,0.07176900000000001,-0.047648000000000024,-0.119416,,,,,,,0.198476,,0.096509,,0.705015,,0.101967,,,,,,,,,,,,,,,
1999,Netherlands,NLD,138,15801.95,21456.94928037366,92.92356145575407,96.5516,924365.99289,0.23442886138685462,123.51118807967228,31317.454344851998,393843.8338,415615.4572,298408.77852,705207.03339,2.9635,4.62917,231.261,3.6225,123.78332205850138,0.585654,227312.6865,235263.67218,2.193619350985467,1020355.1875,533853.0,492095.0625,528260.125,1452826.625,4.84929895401001,127.54410552978516,61.21390914916992,0.0,0.0,1.0,1.0,PEG,DEU,-0.68199998,0.30649200081825256,0.21443824470043182,-0.0741998553276062,0.029634999111294746,,,0.1627875417470932,0.051650699228048325,0.04441972076892853,0.2700420022010803,0.028699833899736404,,,,0.04629170149564743,0.03644999489188194,0.21790333092212677,0.26054105162620544,-0.022282429039478302,0.094896,0.248109,0.656995,1.0,-0.153213,0.07983099999999999,-0.055931999999999996,-0.135764,0.1323935,0.050748346578977345,0.042259000000000005,0.08443986338217276,,,0.150828,0.198476,0.168278,0.096509,0.680894,0.705015,-0.017449,0.101967,0.07176900000000001,,-0.047648000000000024,,-0.119416,,,,,,,,,
2000,Netherlands,NLD,138,15907.85,22148.200835821048,95.83951756780948,99.3883,996092.34597,0.22922771676178022,126.41182576272665,17764.18572068985,476125.6845,510938.2401,327387.56502,778030.8340500001,4.391767,5.40417,273.274,2.7254,130.7074321271583,0.520653,243366.71385,245623.31289,2.3683073616335304,1169235.625,650489.3125,592910.375,576325.25,1577250.375,5.077110290527344,131.43479919433594,62.985782623291016,0.0,0.0,1.0,1.0,PEG,DEU,1.38,-0.02127999998629093,0.22731909155845642,0.09303924441337585,0.04391767084598541,,,0.1816691905260086,0.045649897307157516,0.038631707429885864,-0.038690000772476196,0.018110670149326324,,,,0.054041698575019836,0.017409969121217728,0.10498348623514175,0.1108153834939003,0.06847845762968063,0.44456,0.087516,0.467924,2.0,0.357043,-0.16059299999999999,0.34966400000000003,0.510256,0.17096533333333333,0.07583571929067025,-0.022898333333333326,0.12767724748495063,0.005285200000000013,0.06294639999999997,0.094896,0.150828,0.248109,0.168278,0.656995,0.680894,-0.153213,-0.017449,0.07983099999999999,0.07176900000000001,-0.055931999999999996,-0.047648000000000024,-0.135764,-0.119416,0.1323935,,0.050748346578977345,,,,,
2001,Netherlands,NLD,138,16017.45,22410.665063147906,96.93436444443364,100.4243,1061925.97851,0.22451625354523636,132.87465007409344,24156.21456450315,481135.0898,531841.2735,351588.70824,863063.18811,4.261783,4.9575,303.723,2.1193,136.91192816130112,0.494398,268548.50802,271338.40488,2.5005219562010668,1256220.5,727610.1875,650272.9375,605947.5,1627746.125,4.799258232116699,127.37136840820312,62.86370849609375,0.0,0.0,1.0,1.0,PEG,DEU,0.26100001,-0.19217999279499054,0.15109571814537048,0.048151370137929916,0.042617831379175186,,,0.11142297089099884,0.03967275470495224,0.03569545969367027,-0.21070000529289246,0.0234638974070549,,,,0.04957500100135803,0.0185200534760952,0.02144049108028412,0.01742326281964779,0.04538460075855255,0.142836,0.08766,0.769504,3.0,0.055175,0.00014400000000000523,-0.301724,-0.301868,0.16796766666666665,0.0802969497697972,0.06212700000000001,0.2642717374521914,-0.04024469999999996,0.0728128,0.44456,0.094896,0.087516,0.248109,0.467924,0.656995,0.357043,-0.153213,-0.16059299999999999,0.07983099999999999,0.34966400000000003,-0.055931999999999996,0.510256,-0.135764,0.17096533333333333,0.1323935,0.07583571929067025,0.050748346578977345,0.005285200000000013,,0.06294639999999997,
2002,Netherlands,NLD,138,16122.83,22290.725277232385,96.41023236738295,100.6847,1104360.61827,0.21348794036816912,137.9923248634356,25581.73688580132,453027.3968,512811.4795,373509.01161,912254.40273,3.318592,4.88917,323.38,2.554,142.04302937470504,0.487843,273872.67138,285876.27975,2.1013731286354536,1349728.25,777613.5625,695839.0625,653889.25,1647412.0,4.698195934295654,132.7599334716797,64.31068420410156,0.0,0.0,1.0,1.0,PEG,DEU,-1.095,-0.328249990940094,0.10140872001647949,0.1222471073269844,0.0331859216094017,,,0.06472015380859375,0.03668856620788574,0.03445841372013092,-0.34731999039649963,0.029217831790447235,,,,0.04889170080423355,0.019069895148277283,-0.0036775884218513966,-0.018915507942438126,0.07771651446819305,0.16092,0.092557,0.746523,10.0,0.068363,0.004896999999999999,0.018084000000000017,0.013187999999999991,0.141095,0.09267687052873551,0.08633500000000001,0.2565511753705291,-0.04665120000000001,0.036286000000000034,0.142836,0.44456,0.08766,0.087516,0.769504,0.467924,0.055175,0.357043,0.00014400000000000523,-0.16059299999999999,-0.301724,0.34966400000000003,-0.301868,0.510256,0.16796766666666665,0.17096533333333333,0.0802969497697972,0.07583571929067025,-0.04024469999999996,0.005285200000000013,0.0728128,0.06294639999999997
2003,Netherlands,NLD,138,16223.25,22267.40797664349,96.24347233664494,100.0071,1130084.5250999997,0.20874097787321555,141.06598303986522,54994.04776395738,455874.4072,516034.1564,393174.91965,997176.57129,2.333467,4.1225,334.943,3.5934,146.32655805842447,0.499782,272376.35229,302005.23324000003,1.7448218527315915,1454671.125,846856.5625,761333.3125,693337.875,1762251.75,4.3031086921691895,132.8155059814453,64.6816635131836,0.0,0.0,1.0,1.0,PEG,DEU,-0.95999998,0.09192100167274475,0.07127504050731659,0.046264663338661194,0.023334670811891556,,,0.03575669601559639,0.0355183444917202,0.03429216891527176,0.051288001239299774,0.03865069895982742,,,,0.04122500121593475,0.04063301533460617,0.07082528620958328,0.07724703848361969,0.034799665212631226,0.260934,0.033439,0.705627,1.0,0.227495,-0.059118,0.10001399999999999,0.159132,0.08924433333333333,0.0028697568421976543,0.16019366666666665,0.17060400306362486,-0.0157334,-0.03754560000000001,0.16092,0.142836,0.092557,0.08766,0.746523,0.769504,0.068363,0.055175,0.004896999999999999,0.00014400000000000523,0.018084000000000017,-0.301724,0.013187999999999991,-0.301868,0.141095,0.16796766666666665,0.09267687052873551,0.0802969497697972,-0.04665120000000001,-0.04024469999999996,0.036286000000000034,0.0728128
2004,Netherlands,NLD,138,16318.2,22695.82597212556,98.02594951116562,100.6592,1166392.8510599998,0.20517655681291144,143.01670428870295,78467.26934637241,502990.5137,563401.5564,411542.8425,1056877.2789,2.106333,4.09417,349.205,4.6462,150.76451307450424,0.5028320000000001,281786.19399,299973.41262,1.6178768078702004,1596017.125,931242.0,832391.9375,763625.1875,1762630.875,3.859898328781128,137.52891540527344,67.34870147705078,0.0,0.0,1.0,1.0,PEG,DEU,-0.26967001,0.09735053032636642,0.07794706523418427,0.10227183252573013,0.02106332965195179,,,0.04258038103580475,0.03536668419837952,0.033922262489795685,0.05645426735281944,0.03871086612343788,,,,0.04094170033931732,0.04089625924825668,0.08017407357692719,0.08330251276493073,0.06166758015751839,0.252815,0.169643,0.577542,3.0,0.083172,0.136204,-0.008118999999999987,-0.144323,0.07121866666666668,0.03280964130150376,0.11701099999999999,0.09590889702212192,0.018683099999999994,0.024312300000000005,0.260934,0.16092,0.033439,0.092557,0.705627,0.746523,0.227495,0.068363,-0.059118,0.004896999999999999,0.10001399999999999,0.018084000000000017,0.159132,0.013187999999999991,0.08924433333333333,0.141095,0.0028697568421976543,0.09267687052873551,-0.0157334,-0.04665120000000001,-0.03754560000000001,0.036286000000000034
2005,Netherlands,NLD,138,16407.49,23113.73626980998,100.0,101.1282,1213986.37593,0.20600833197399604,145.14892742764997,73584.67737466801,550585.4247,619903.9359,443360.00748000003,1171943.99655,2.184683,3.37417,363.08,5.8725,153.56143066962045,0.49798600000000004,306628.61682,306813.72846,1.8680257692633722,1744842.5,1032304.625,917060.6875,827781.8125,1871386.125,4.504563808441162,137.73497009277344,64.49234771728516,0.0,0.0,1.0,1.0,PEG,DEU,0.04167,0.3031788468360901,0.07433263212442398,0.06985080987215042,0.02184683084487915,,,0.03973310813307762,0.03459952399134636,0.03327731415629387,0.25275173783302307,0.040253061801195145,,,,0.033741701394319534,0.05042709410190582,0.13880354166030884,0.15285137295722961,0.045848820358514786,0.180958,0.111388,0.707654,4.0,0.069571,-0.05825499999999999,-0.071857,-0.013601000000000002,0.09854633333333333,0.06829924223103313,0.12634333333333334,0.087912293635949,0.019269699999999983,-0.014069900000000017,0.252815,0.260934,0.169643,0.033439,0.577542,0.705627,0.083172,0.227495,0.136204,-0.059118,-0.008118999999999987,0.10001399999999999,-0.144323,0.159132,0.07121866666666668,0.08924433333333333,0.03280964130150376,0.0028697568421976543,0.018683099999999994,-0.0157334,0.024312300000000005,-0.03754560000000001
2006,Netherlands,NLD,138,16491.46,23867.010778434298,103.29494989223898,100.0,1288169.8656600001,0.21270277549498282,147.547466424047,100326.24073447201,628872.2643,700987.8984,506703.44772,1341506.25879,3.079225,3.78083,379.654,5.0024,157.4376385030723,0.45194,333518.28624,326274.69147,1.6732801822323462,1821474.25,1043741.9375,925049.125,896425.125,1900111.5,4.209358215332031,124.29607391357422,62.463260650634766,0.0,0.0,1.0,1.0,PEG,DEU,0.74583,0.2013731151819229,0.07982414215803146,-0.007734417915344238,0.030792249366641045,,,0.04564834013581276,0.034175802022218704,0.0326838381588459,0.1644040048122406,0.03174937143921852,,,,0.03780829906463623,0.03696909546852112,0.10976194590330124,0.12264339625835419,0.011528915725648403,0.15361,0.089368,0.757022,3.0,0.064242,-0.022019999999999998,-0.02734800000000001,-0.005329,0.10482333333333334,0.0683388874677759,0.126746,0.0875158131482533,0.01095320000000003,-0.05033600000000002,0.180958,0.252815,0.111388,0.169643,0.707654,0.577542,0.069571,0.083172,-0.05825499999999999,0.136204,-0.071857,-0.008118999999999987,-0.013601000000000002,-0.144323,0.09854633333333333,0.07121866666666668,0.06829924223103313,0.03280964130150376,0.019269699999999983,0.018683099999999994,-0.014069900000000017,0.024312300000000005
2007,Netherlands,NLD,138,16570.61,24756.362436510313,106.95919309192332,101.6202,1364471.1207,0.23517153665536134,149.88833192265227,80481.30505704,676157.72817,758759.3901000001,530036.3292,1408554.13554,4.277608,4.28667,395.457,4.1527,162.96512181515493,0.429812,350422.94565,347168.06598,1.4969839005502334,1908512.0,1054944.0,936618.625,971893.4375,1967005.125,5.120937347412109,113.52696228027344,62.841243743896484,0.0,0.0,1.0,1.0,PEG,DEU,1.02334,0.08164761960506439,0.07476615905761719,0.012221183627843857,0.04277608171105385,,,0.04162474349141121,0.03314141184091568,0.03181703761219978,0.048092205077409744,0.03201570734381676,,,,0.042866699397563934,0.03355541452765465,0.07123074680566788,0.077098049223423,0.027498632669448853,0.232277,0.076609,0.691114,7.0,0.155668,-0.012759000000000006,0.07866700000000001,0.09142600000000001,0.12346633333333334,0.04147810878443396,0.07232833333333333,0.009761577246188896,-0.030112200000000002,0.0212159,0.15361,0.180958,0.089368,0.111388,0.757022,0.707654,0.064242,0.069571,-0.022019999999999998,-0.05825499999999999,-0.02734800000000001,-0.071857,-0.005329,-0.013601000000000002,0.10482333333333334,0.09854633333333333,0.0683388874677759,0.06829924223103313,0.01095320000000003,0.019269699999999983,-0.05033600000000002,-0.014069900000000017
2008,Netherlands,NLD,138,16645.31,25112.311527597074,108.85596100122599,102.4626,1426236.70458,0.22395069802225723,153.20625432502325,70826.9147494428,740290.09659,816448.11048,524394.8316,1469259.73491,4.634233,4.2275,407.02,3.6542,167.3550923345197,0.546867,371838.59943,368079.07017,1.5834662642810944,1961015.375,1052034.25,935076.0,1025939.375,2054056.0,4.263156890869141,106.2086181640625,60.76982498168945,1.0,1.0,1.0,1.0,PEG,DEU,-0.04084,-0.49461978673934937,0.06166115403175354,0.12287068367004395,0.04634232819080353,,,0.029239589348435402,0.03242156282067299,0.031500499695539474,-0.5150105953216553,0.04204379767179489,,,,0.04227500036358833,0.020390795543789864,-0.018186237663030624,-0.039980947971343994,0.08460650593042374,0.179217,0.10324,0.717543,11.0,0.075977,0.026631000000000002,-0.053060000000000024,-0.079691,0.09245500000000001,0.0175938025167957,0.09649366666666666,0.051315697932828655,-0.003720300000000001,0.011064400000000002,0.232277,0.15361,0.076609,0.089368,0.691114,0.757022,0.155668,0.064242,-0.012759000000000006,-0.022019999999999998,0.07866700000000001,-0.02734800000000001,0.09142600000000001,-0.005329,0.12346633333333334,0.10482333333333334,0.04147810878443396,0.0683388874677759,-0.030112200000000002,0.01095320000000003,0.0212159,-0.05033600000000002
2009,Netherlands,NLD,138,16727.49653520268,24073.41548408792,104.3264224839418,101.0779,1376970.56382,0.2155779382712051,154.69558759152721,74562.95603085302,603873.83646,681759.55899,600603.53082,1494794.12268,1.228358,3.68667,393.144,4.347,171.8913072384642,0.56767,354819.3471,396478.28094,1.529716784673052,2071416.875,1059769.375,936160.25,1135256.625,2044500.75,4.624703407287598,116.78826141357422,61.936309814453125,0.0,0.0,1.0,1.0,PEG,DEU,-3.192497,0.4453493356704712,-0.0017091743648052216,0.04506802558898926,0.012283580377697945,,,-0.03409169241786003,0.03238251805305481,0.03352545574307442,0.36896035075187683,0.05580073222517967,,,,0.036866698414087296,0.07638899236917496,0.08109238743782043,0.09060245752334595,0.028675802052021027,0.170594,0.039718,0.789688,9.0,0.130876,-0.063522,-0.008622999999999992,0.05489899999999999,0.08973900000000001,0.01331937577366172,0.09862900000000001,0.04974447906049456,-0.012231899999999993,0.012021100000000007,0.179217,0.232277,0.10324,0.076609,0.717543,0.691114,0.075977,0.155668,0.026631000000000002,-0.012759000000000006,-0.053060000000000024,0.07866700000000001,-0.079691,0.09142600000000001,0.09245500000000001,0.12346633333333334,0.0175938025167957,0.04147810878443396,-0.003720300000000001,-0.030112200000000002,0.011064400000000002,0.0212159
2010,Netherlands,NLD,138,16817.800259067353,24302.61795851416,105.18634341211835,100.58595349456877,1408582.78377,0.196965833159936,156.1340324776267,97671.13022661181,731442.20094,818792.85792,672265.97631,1546382.9737800001,0.8109583,2.99167,385.435,4.989,174.7819343414088,0.592468,362660.14728000003,416831.7465,1.6492366412213741,2015938.5,1012177.25,910539.9375,1105398.625,2068922.25,4.483133792877197,110.5498046875,61.68037033081055,0.0,0.0,1.0,1.0,PEG,DEU,-0.24250001,0.09255631268024445,0.014453273266553879,0.06842563301324844,0.008109582588076591,,,-0.019608590751886368,0.03406186401844025,0.03474312648177147,0.0708198994398117,0.020298849791288376,,,,0.02991669997572899,0.02173641137778759,0.03358788788318634,0.032717060297727585,0.03826760873198509,0.20838,0.198146,0.593474,5.0,0.010235,0.15842799999999999,0.037786000000000014,-0.120641,0.07318900000000002,0.031898799679611886,0.12084033333333333,0.04078234696940966,0.030108899999999994,-0.03813999999999999,0.170594,0.179217,0.039718,0.10324,0.789688,0.717543,0.130876,0.075977,-0.063522,0.026631000000000002,-0.008622999999999992,-0.053060000000000024,0.05489899999999999,-0.079691,0.08973900000000001,0.09245500000000001,0.01331937577366172,0.0175938025167957,-0.012231899999999993,-0.003720300000000001,0.012021100000000007,0.011064400000000002
2011,Netherlands,NLD,138,16899.986794270033,24563.92656391644,106.32091298193218,100.18749920867039,1433202.63189,0.20137339530935988,159.98967543293818,122323.84463181153,804180.05691,902106.3181800001,699966.61101,1602681.1531500001,1.3906,2.98917,376.185,4.9773,177.38006565647348,0.616956,357964.04127,396222.65058,1.7031532575933226,2088733.625,1043289.1875,926917.875,1161815.75,2137045.5,4.553682804107666,109.25230407714844,62.54448318481445,0.0,0.0,1.0,1.0,PEG,DEU,0.425834,-0.09284577518701553,0.01136964000761509,0.12897846102714539,0.013906000182032585,,,-0.023998858407139778,0.03536849841475487,0.0362381748855114,-0.12386636435985565,0.03540622815489769,,,,0.02989169955253601,0.03102058731019497,0.0009375463123433292,-0.013142028823494911,0.07144223153591156,0.137804,0.060709,0.801488,5.0,0.077095,-0.13743699999999998,-0.070576,0.06686,0.11370133333333333,0.07973040459782792,0.07236266666666667,0.06040165787735725,0.003083499999999996,-0.011728699999999993,0.20838,0.170594,0.198146,0.039718,0.593474,0.789688,0.010235,0.130876,0.15842799999999999,-0.063522,0.037786000000000014,-0.008622999999999992,-0.120641,0.05489899999999999,0.07318900000000002,0.08973900000000001,0.031898799679611886,0.01331937577366172,0.030108899999999994,-0.012231899999999993,-0.03813999999999999,0.012021100000000007
2012,Netherlands,NLD,138,16975.07078939347,24202.269173236706,104.83675879406016,98.67841926618256,1438947.70386,0.18761313759062495,164.50008221612043,146686.32893148842,858232.65579,946967.24265,749292.25194,1645029.84822,0.5731834,1.93275,352.673,5.8209,180.39490638350978,0.6621389999999999,351626.17131,395129.61042,1.670236471123238,2153439.0,1076003.25,958115.8125,1195323.125,2216498.25,4.852022647857666,108.60769653320312,61.49399185180664,0.0,0.0,1.0,1.0,PEG,DEU,-0.55416697,0.1257728934288025,-0.025248315185308456,0.11316732317209244,0.005731834098696709,,,-0.06250116229057312,0.037252847105264664,0.039736419916152954,0.08217580616474152,0.040286507457494736,,,,0.019327500835061073,0.043597083538770676,0.023554246872663498,0.015917334705591202,0.05944957956671715,0.25996,0.153725,0.586316,5.0,0.106235,0.093016,0.12215600000000001,0.02914,0.09952433333333334,0.08605132405915285,0.07273533333333333,0.06043854515401006,0.02045840000000002,-0.0007063000000000064,0.137804,0.20838,0.060709,0.198146,0.801488,0.593474,0.077095,0.010235,-0.13743699999999998,0.15842799999999999,-0.070576,0.037786000000000014,0.06686,-0.120641,0.11370133333333333,0.07318900000000002,0.07973040459782792,0.031898799679611886,0.003083499999999996,0.030108899999999994,-0.011728699999999993,-0.03813999999999999
2013,Netherlands,NLD,138,17025.803218530928,24100.634782114583,104.39206365144452,97.43936093408946,1455468.9177299999,0.18356365155958776,168.70346243752908,141922.77416785227,851409.9696300001,954440.02326,718834.7760300001,1633768.89012,0.2206667,1.96133333333333,331.46248605795506,7.243,184.77369390371385,0.676557,365571.24819,385360.56399,1.5979334348488146,2096600.875,1073760.562323,948891.0625,1147709.75,2350199.5,5.201436519622803,106.7711410522461,57.222721099853516,0.0,0.0,1.0,1.0,PEG,DEU,-0.16583334,0.18546512722969055,-0.018538128584623337,-0.029589669778943062,0.0022066670935600996,,,-0.0601421557366848,0.04160402715206146,0.04426629841327667,0.14930056035518646,0.03146658465266228,,,,0.01961333304643631,0.03616456314921379,0.03460264950990677,0.04480791464447975,-0.013691501691937447,0.11455,0.117133,0.768317,4.0,-0.002583,-0.036592,-0.14541000000000004,-0.108818,0.13752666666666669,0.07013573799664004,0.06452166666666666,0.04921957469679428,-0.015002300000000015,-0.0009313999999999917,0.25996,0.137804,0.153725,0.060709,0.586316,0.801488,0.106235,0.077095,0.093016,-0.13743699999999998,0.12215600000000001,-0.070576,0.02914,0.06686,0.09952433333333334,0.11370133333333333,0.08605132405915285,0.07973040459782792,0.02045840000000002,0.003083499999999996,-0.0007063000000000064,-0.011728699999999993
2014,Netherlands,NLD,138,17075.520999085635,24371.63199531745,105.49768131298072,97.45325059916371,1479923.4875999999,0.17591577818809934,169.24457554916322,120939.34740667198,842733.96336,955096.72884,737365.77342,1637451.28953,0.2099333,1.45425,334.23333233639147,7.4158,185.40775853273698,0.6784680000000001,375258.75735,391090.20999,1.8150976031628363,2068864.9851000002,1081315.761687,938247.16218,1130617.82292,2573389.0,5.139682769775391,105.00208282470703,59.238685607910156,0.0,0.0,1.0,1.0,PEG,DEU,0.0075,0.09625290334224701,0.054358288645744324,0.1813245415687561,0.0020993330981582403,,,0.008144269697368145,0.046214018017053604,0.045840680599212646,0.06598901003599167,0.02839043363928795,,,,0.01454249955713749,0.030263889580965042,0.07237546890974045,0.06816264986991882,0.09171193838119507,0.31727,0.101359,0.58137,4.0,0.215912,-0.015773999999999996,0.20272,0.218495,0.11052233333333335,0.04685904127629309,0.060249,0.056330986747970054,0.008535800000000017,0.0307633,0.11455,0.25996,0.117133,0.153725,0.768317,0.586316,-0.002583,0.106235,-0.036592,0.093016,-0.14541000000000004,0.12215600000000001,-0.108818,0.02914,0.13752666666666669,0.09952433333333334,0.07013573799664004,0.08605132405915285,-0.015002300000000015,0.02045840000000002,-0.0009313999999999917,-0.0007063000000000064
2015,Netherlands,NLD,138,17148.575697043572,24743.873982589954,107.08886714196633,98.94043503888608,1520577.5296800002,0.2210597558289179,169.6160607261158,95842.0016957304,820207.63974,923317.02693,943401.63987,1812291.437,-0.01936667,0.690166666666667,346.3557848045507,6.872,187.87803086770924,0.6463209999999999,380541.05022000003,409030.6131,2.024166437034996,2001953.7383700002,1113923.177073,988617.36165,1013336.3767200001,2602674.0,5.42558479309082,104.57917022705078,59.76648712158203,0.0,0.0,1.0,1.0,PEG,DEU,-0.20416667,0.08113215118646622,0.08224508166313171,-0.0014926785370334983,-0.00019366669584996998,,,0.035487592220306396,0.046757493168115616,0.04515504837036133,0.04980712756514549,0.029838837683200836,,,,0.006901666522026062,0.031325023621320724,0.06786789745092392,0.08182607591152191,-0.0008431726018898189,0.25454,0.024634,0.720826,2.0,0.229905,-0.076725,-0.06273000000000001,0.013993000000000005,0.12407233333333334,0.026863827897999536,0.10652133333333332,0.10924778142522307,-0.040304700000000006,0.05895049999999998,0.31727,0.11455,0.101359,0.117133,0.58137,0.768317,0.215912,-0.002583,-0.015773999999999996,-0.036592,0.20272,-0.14541000000000004,0.218495,-0.108818,0.11052233333333335,0.13752666666666669,0.04685904127629309,0.07013573799664004,0.008535800000000017,-0.015002300000000015,0.0307633,-0.0009313999999999917
2016,Netherlands,NLD,138,17227.718286498006,25169.442484773514,108.8551004825971,99.51718409850372,1560969.33027,0.2000107293562245,169.8026514542655,125923.39587288091,812860.4706,932671.77588,984130.60809,1853985.63,-0.26369167,0.292083333333333,363.8519472739526,6.0063,189.60673259565823,0.6192770000000001,394669.03503,412276.67793,2.090608101698131,2011365.78378,1158354.378093,1014795.23274,996570.55104,2648625.75,5.557453155517578,101.95856475830078,59.16746520996094,0.0,0.0,1.0,1.0,PEG,DEU,-0.21250001,0.07750000059604645,0.09618794918060303,0.09969667345285416,-0.002637,,,0.05017495155334473,0.046012993901968,0.04381459951400757,0.043699998408555984,0.032384783029556274,,,,0.0029110000000000004,0.03380000218749046,0.07892764359712601,0.08615177869796753,0.048529837280511856,0.305536,0.08938,0.605084,2.0,0.216156,0.064746,0.050995999999999986,-0.013749000000000011,0.08104200000000002,0.04948334686538501,0.14774466666666666,0.13037544452976302,-0.015998399999999996,0.06702100000000001,0.25454,0.31727,0.024634,0.101359,0.720826,0.58137,0.229905,0.215912,-0.076725,-0.015773999999999996,-0.06273000000000001,0.20272,0.013993000000000005,0.218495,0.12407233333333334,0.11052233333333335,0.026863827897999536,0.04685904127629309,-0.040304700000000006,0.008535800000000017,0.05895049999999998,0.0307633
2017,Netherlands,NLD,138,17332.227090521174,25746.85031827206,111.3634318929995,101.0388334035252,1626659.72166,0.20141001915610193,172.0078146051256,176118.44806412823,901063.96335,1030088.98014,902796.07941,1875879.48927,-0.32905,0.5220833,391.30670444594733,4.8386,190.7747646404826,0.569409,428374.77948,411575.89815,1.8374968731760204,2114071.89204,1294646.56935,1131759.3447,982084.9468106163,2613851.25,5.832339272543792,100.01200121423214,57.34863439403355,0.0,0.0,1.0,1.0,PEG,DEU,-0.035,0.1632000058889389,0.11988403648138046,0.0016875044675543904,-0.003291,,,0.07536840438842773,0.04451563209295273,0.041395705193281174,0.13379999995231628,0.02593049965798855,,,,0.005221,0.029400000348687172,0.11894989013671875,0.14430417120456696,-0.0008017477812245488,0.203167,0.084519,0.712315,13.0,0.118648,-0.004861000000000004,-0.10236899999999999,-0.09750799999999998,0.07179100000000001,0.04127603538374307,0.22065766666666664,0.008009354801313547,0.001422599999999998,-0.030554100000000018,0.305536,0.25454,0.08938,0.024634,0.605084,0.720826,0.216156,0.229905,0.064746,-0.076725,0.050995999999999986,-0.06273000000000001,-0.013749000000000011,0.013993000000000005,0.08104200000000002,0.12407233333333334,0.04948334686538501,0.026863827897999536,-0.015998399999999996,-0.040304700000000006,0.06702100000000001,0.05895049999999998
2018,Netherlands,NLD,138,17432.67730021334,26201.964780269784,113.32892660350763,102.62463229690387,1705642.89177,0.20425795265295155,174.75592265124388,184925.80232570338,972442.13025,1097172.11625,898326.95553,1865469.16323,-0.3220917,0.5766667,428.28884336845323,3.8305,192.9671488258919,0.524204,447987.79848,434027.29563,1.9246375545851526,2050226.0059200001,1262355.60672,1112904.40194,937321.6039800001,2668443.75,6.166700405804106,97.0625490862772,56.067867856536395,0.0,0.0,1.0,1.0,PEG,DEU,-0.00666667,-0.09260000288486481,0.13689543306827545,0.021764283999800682,-0.003221,,,0.09454762935638428,0.04234780743718147,0.03868978098034859,-0.11749999970197678,0.02821529656648636,,,,0.005769,0.024900000542402267,0.017956726253032684,0.01982787624001503,0.009271642193198204,0.205972,0.056805,0.737223,6.0,0.149167,-0.027713999999999996,0.002805000000000002,0.03051899999999999,0.06617766666666668,0.03605987396446836,0.18823633333333334,0.06065608668825678,0.009165200000000007,-0.03397220000000001,0.203167,0.305536,0.084519,0.08938,0.712315,0.605084,0.118648,0.216156,-0.004861000000000004,0.064746,-0.10236899999999999,0.050995999999999986,-0.09750799999999998,-0.013749000000000011,0.07179100000000001,0.08104200000000002,0.04127603538374307,0.04948334686538501,0.001422599999999998,-0.015998399999999996,-0.030554100000000018,0.06702100000000001
2019,Netherlands,NLD,138,17535.156807071005,26558.088681144454,114.79074410137102,102.85363688014236,1791737.43405,0.21254158697751077,179.42092087767927,167903.7149448255,1013473.00674,1135492.42944,975743.28783,1959170.91243,-0.3563333,-0.07,459.4686570060209,3.38,197.15602978295004,0.48529200000000006,482680.80501,461860.15293000004,1.9616432259213097,2078988.82884,1287978.14289,1148899.8010800001,930089.02776,2659320.75,5.962394202137196,95.0488681424996,56.13866793710336,0.0,0.0,1.0,1.0,PEG,DEU,-0.03083333,0.33379998803138733,0.1128549873828888,0.0654316172003746,-0.003563,,,0.07319796085357666,0.039657022804021835,0.036952197551727295,0.2883000075817108,0.035317860543727875,,,,-0.0007019999999999999,0.045500002801418304,0.20597094297409058,0.23665744066238403,0.030934307724237442,0.190764,0.071694,0.737542,12.0,0.11907,0.014888999999999993,-0.015208,-0.030097,0.07690133333333335,0.017572828182547698,0.16132366666666664,0.0498777598167091,-0.008077200000000003,-0.026073899999999997,0.205972,0.203167,0.056805,0.084519,0.737223,0.712315,0.149167,0.118648,-0.027713999999999996,-0.004861000000000004,0.002805000000000002,-0.10236899999999999,0.03051899999999999,-0.09750799999999998,0.06617766666666668,0.07179100000000001,0.03605987396446836,0.04127603538374307,0.009165200000000007,0.001422599999999998,-0.03397220000000001,-0.030554100000000018
2020,Netherlands,NLD,138,17663.0025284974,25358.151648829913,109.82075040064358,95.50877398376016,1763177.3524500001,0.21300970509751965,181.42432557055935,123034.51565396099,935113.48656,1063032.24093,1130060.28429,2147021.76396,-0.42515,-0.3766667,494.4592501661293,3.82,204.62027525404383,0.543429,475130.89455,554354.26905,1.7958683073914103,2090223.3424200001,1300778.833167,1155151.7263500001,935071.61607,2587132.5,5.864314437816978,88.51762692625631,55.536060823000135,0.0,0.0,1.0,1.0,PEG,DEU,-0.06833334,0.16329999268054962,0.11417828500270844,0.03807523101568222,-0.004252000000000001,,,0.07615447044372559,0.03802381455898285,0.035333044826984406,0.14669999480247498,0.014476323500275612,,,,-0.003768,0.016599999740719795,0.12093072384595871,0.1405671089887619,0.016911614686250687,0.23661,0.087718,0.675672,14.0,0.148893,0.01602400000000001,0.045846,0.029823000000000002,0.071006,0.013869803783760236,0.12896166666666667,0.017499604062187212,0.0024486000000000004,0.006063800000000015,0.190764,0.205972,0.071694,0.056805,0.737542,0.737223,0.11907,0.149167,0.014888999999999993,-0.027713999999999996,-0.015208,0.002805000000000002,-0.030097,0.03051899999999999,0.07690133333333335,0.06617766666666668,0.017572828182547698,0.03605987396446836,-0.008077200000000003,0.009165200000000007,-0.026073899999999997,-0.03397220000000001
1997,Norway,NOR,142,4405.672,23649.020466807546,86.95684309815898,76.81,1141324.0,0.2492718982515044,116.81144793281189,73420.3652,252232.0,342421.0,55522.92,568940.7,3.541666666666667,5.12583,132.97593886035023,4.6867,130.40496714428446,0.27899999999999997,495463.0,409086.0,7.3157,936118.906,516099.5,646449.906,289669.0,851518.0,6.656823635101318,134.0302734375,38.33809280395508,0.0,0.0,0.0,0.0,FLOAT,DEU,0.0,0.3677644729614258,0.15731051564216614,0.1126122772693634,0.027699999511241913,,,0.08752474188804626,0.06978577375411987,0.06416936963796616,0.34034019708633423,0.020460668951272964,,,,0.05125829949975014,0.02742425724864006,0.18923921883106232,0.2080160677433014,0.07015614211559296,0.22611830769230767,0.19427046153846156,0.5796113846153846,,0.03184784615384616,,,,,,,,,,,,,,,,,,,,,,,,,,,,,,,
1998,Norway,NOR,142,4432.718,24135.280369615044,88.78537747950615,78.58,1163192.0,0.2816792068721243,119.71786190682019,-10001.6,282639.0,304654.0,53321.33,598614.8,5.940833333333334,5.35417,152.12015172935068,3.7369,138.61275057083085,0.268,488770.0,435985.0,7.6,1033856.094,569964.1875,701540.094,332316.0,954498.0,6.34066915512085,136.6256103515625,38.900333404541016,0.0,0.0,0.0,0.0,FLOAT,DEU,0.0,-0.26890257000923157,0.21099478006362915,0.06513593345880508,0.040699999779462814,,,0.14396582543849945,0.0670289546251297,0.058593492954969406,-0.2885568141937256,0.027625849470496178,,,,0.053541701287031174,0.019654221832752228,0.11384580284357071,0.12364494800567627,0.0529179647564888,0.17760269230769232,0.22879507692307693,0.5936025384615384,,-0.051192153846153846,0.034524615384615376,-0.04851561538461535,-0.08304,,,,,,,0.22611830769230767,,0.19427046153846156,,0.5796113846153846,,0.03184784615384616,,,,,,,,,,,,,,,
1999,Norway,NOR,142,4463.377,24455.05648185904,89.95103996428604,80.95,1265701.0,0.24458383141042,122.51104591931161,67354.931,266672.0,355171.0,53250.83,639015.3,6.573333333333332,5.3825,172.04120767604942,3.2466,145.88338336609465,0.27899999999999997,543903.0,460208.0,8.0395,1120959.344,622742.5625,763479.344,357480.0,1103153.0,7.005402088165283,135.4346466064453,38.32994842529297,0.0,0.0,0.0,0.0,FLOAT,DEU,0.0,0.47664692997932434,0.1923345923423767,-0.004694001283496618,0.050599999725818634,,,0.13095583021640778,0.061378758400678635,0.054271578788757324,0.4485993981361389,0.0193618256598711,,,,0.05382499843835831,0.028047528117895126,0.22513209283351898,0.25668784976005554,0.02295299991965294,0.183066,0.293376,0.523558,3.0,-0.11031,0.06458092307692309,0.005463307692307684,-0.05911784615384616,0.21153276923076925,0.024412589656318935,-0.009672153846153844,0.05871814710973091,,,0.17760269230769232,0.22611830769230767,0.22879507692307693,0.19427046153846156,0.5936025384615384,0.5796113846153846,-0.051192153846153846,0.03184784615384616,0.034524615384615376,,-0.04851561538461535,,-0.08304,,,,,,,,,
2000,Norway,NOR,142,4492.4,25087.59905618378,92.333709834925,83.9,1507280.0,0.21744415691902438,126.29181999336255,228742.5735,302840.0,529812.0,59204.08,704463.9,6.365,6.37917,198.09694441722772,3.4579,151.44478316336347,0.28360469363189383,727467.0,495302.0,8.8485,1231402.094,696544.0,811291.094,420111.0,1269088.0,6.470924377441406,135.5897979736328,37.0686149597168,0.0,0.0,0.0,0.0,FLOAT,DEU,0.0,0.04273340106010437,0.2097046971321106,0.0742870643734932,0.048900000751018524,,,0.15145227313041687,0.05825242027640343,0.0505903922021389,0.01587199978530407,0.02644171752035618,,,,0.06379169970750809,0.0268614012748003,0.15833988785743713,0.17367807030677795,0.06159353256225586,0.170964,0.18724,0.641796,3.0,-0.016276,-0.10613600000000004,-0.012102000000000002,0.094034,0.23881384615384618,0.050306647086766035,-0.04321810256410256,0.07141360112864871,0.004348953846153866,-0.020348938461538464,0.183066,0.17760269230769232,0.293376,0.22879507692307693,0.523558,0.5936025384615384,-0.11031,-0.051192153846153846,0.06458092307692309,0.034524615384615376,0.005463307692307684,-0.04851561538461535,-0.05911784615384616,-0.08304,0.21153276923076925,,0.024412589656318935,,,,,
2001,Norway,NOR,142,4515.195,25457.663004961025,93.71192586229618,85.32,1564310.0,0.20480574721092173,130.10252103897594,235842.58359999998,296111.0,532262.0,57977.58,766941.3,7.0216666666666665,6.31,213.3513430287082,3.7383,158.54706689240533,0.2742280987476633,740164.0,523018.0,9.0116,1347653.625,772235.3125,900726.625,446927.0,1341258.0,6.759852409362793,138.959228515625,37.838443756103516,0.0,0.0,0.0,0.0,FLOAT,DEU,0.0,-0.14612595736980438,0.13135966658592224,0.03836620971560478,0.05810000002384186,,,0.07700268179178238,0.05435698851943016,0.05047061666846275,-0.1623280644416809,0.019341837614774704,,,,0.06310000270605087,0.016202114522457123,0.06754952669143677,0.0704553872346878,0.04823310673236847,0.122068,0.380085,0.497847,5.0,-0.258018,0.19284500000000002,-0.04889600000000001,-0.241742,0.23647035897435897,0.053482661582283375,-0.059259384615384623,0.04753323519615531,0.03477337692307693,-0.05264435384615385,0.170964,0.183066,0.18724,0.293376,0.641796,0.523558,-0.016276,-0.11031,-0.10613600000000004,0.06458092307692309,-0.012102000000000002,0.005463307692307684,0.094034,-0.05911784615384616,0.23881384615384618,0.21153276923076925,0.050306647086766035,0.024412589656318935,0.004348953846153866,,-0.020348938461538464,
2002,Norway,NOR,142,4535.591,25723.89259170251,94.61092281292824,87.5,1561030.0,0.20469291703975373,131.77843144647073,170471.5761,276433.0,472954.0,84551.66,825827.5,6.806666666666667,6.3275,227.62481978640318,4.0219,167.4229236493342,0.34206337241819035,746478.0,606132.0,6.9657,1438142.251,843784.0,989314.2509999999,448828.0,1357443.0,6.284566879272461,141.52224731445312,39.91622543334961,0.0,0.0,0.0,0.0,FLOAT,DEU,0.0,-0.31086254119873047,0.12194067984819412,0.10205128788948059,0.05559999868273735,,,0.06690383702516556,0.055036842823028564,0.051585569977760315,-0.32731714844703674,0.02446115016937256,,,,0.06327500194311142,0.01645459607243538,0.054955754429101944,0.05023397132754326,0.07882564514875412,0.155356,0.236202,0.608442,11.0,-0.080846,-0.143883,0.033288,0.17717200000000002,0.28690033333333337,0.09658545025175032,-0.12820133333333336,0.12186005702170559,0.0021322999999999815,-0.015335000000000001,0.122068,0.170964,0.380085,0.18724,0.497847,0.641796,-0.258018,-0.016276,0.19284500000000002,-0.10613600000000004,-0.04889600000000001,-0.012102000000000002,-0.241742,0.094034,0.23647035897435897,0.23881384615384618,0.053482661582283375,0.050306647086766035,0.03477337692307693,0.004348953846153866,-0.05264435384615385,-0.020348938461538464
2003,Norway,NOR,142,4555.4,25863.90437722264,95.00046766123565,89.53,1620370.0,0.19584184616942443,135.0404713467732,189217.68,283268.0,482932.0,76354.5,861525.2,4.105833333333333,4.50167,231.6778410761026,4.2206,174.4894597918702,0.4204679180788869,753434.0,620435.0,6.68,1549559.188,946010.3125,1101656.188,447903.0,1400290.0,6.012313365936279,138.71530151367188,39.60508728027344,0.0,0.0,0.0,0.0,FLOAT,DEU,0.0,0.4839857518672943,0.07309118658304214,0.15575510263442993,0.03709999844431877,,,0.01780560053884983,0.055285584181547165,0.05431841313838959,0.42485374212265015,0.04150041565299034,,,,0.04501669853925705,0.05913202092051506,0.14873354136943817,0.16056875884532928,0.0964275524020195,0.126886,0.483103,0.39001,9.0,-0.356217,0.246901,-0.028469999999999995,-0.27537100000000003,0.26784233333333335,0.10024036874599641,-0.11838,0.1251654884862437,0.07437060000000002,-0.08426510000000001,0.155356,0.122068,0.236202,0.380085,0.608442,0.497847,-0.080846,-0.258018,-0.143883,0.19284500000000002,0.033288,-0.04889600000000001,0.17717200000000002,-0.241742,0.28690033333333337,0.23647035897435897,0.09658545025175032,0.053482661582283375,0.0021322999999999815,0.03477337692307693,-0.015335000000000001,-0.05264435384615385
2004,Norway,NOR,142,4574.56,26775.762040502254,98.14255014065066,93.92,1783020.0,0.2165724550373994,135.6689377495839,216997.87800000003,326102.0,554896.0,64933.833333333336,936103.1666666666,1.9024999999999999,3.6,263.7908353380344,4.2563,182.39533987630648,0.43610255977252554,852194.0,647982.0,6.04,1648200.0,1033872.125,1198491.0,449709.0,1445478.0,6.1264872550964355,146.72471618652344,41.33279800415039,0.0,0.0,0.0,0.0,FLOAT,DEU,0.0,0.3844534158706665,0.19624310731887817,0.09490718692541122,0.013799999840557575,,,0.13861048221588135,0.05763261765241623,0.05061662197113037,0.31955260038375854,0.04918395355343819,,,,0.035999998450279236,0.06490081548690796,0.2086479514837265,0.24280567467212677,0.05435359477996826,0.227644,0.344763,0.427593,13.0,-0.117119,-0.13834000000000002,0.10075800000000001,0.239098,0.36646333333333336,0.12401285539142039,-0.2316936666666667,0.13956011179535985,0.0140935,0.014732600000000033,0.126886,0.155356,0.483103,0.236202,0.39001,0.608442,-0.356217,-0.080846,0.246901,-0.143883,-0.028469999999999995,0.033288,-0.27537100000000003,0.17717200000000002,0.26784233333333335,0.28690033333333337,0.10024036874599641,0.09658545025175032,0.07437060000000002,0.0021322999999999815,-0.08426510000000001,-0.015335000000000001
2005,Norway,NOR,142,4593.041,27358.448870464876,100.0,96.28,1989990.0,0.22593217901778936,137.73389878738996,317970.27119999996,357658.0,668759.0,75638.5,1029647.75,1.9475,3.28,293.72447805306933,4.3807,189.89833438257992,0.4233326543832862,976087.0,681769.0,6.77,1926771.0,1244561.5,1404520.0,522251.0,1655740.0,5.713165760040283,149.51480102539062,42.46588134765625,0.0,0.0,0.0,0.0,FLOAT,DEU,0.0,0.4047739803791046,0.16776394844055176,0.0724172368645668,0.013799999840557575,,,0.11347240954637527,0.05429153889417648,0.04875876381993294,0.34227466583251953,0.04656222462654114,,,,0.03280000016093254,0.06249929592013359,0.20787815749645233,0.24012812972068787,0.04310861974954605,0.252432,0.294204,0.453364,15.0,-0.041772,-0.050558999999999965,0.024787999999999977,0.075347,0.35468933333333336,0.12374944452535269,-0.18472733333333333,0.14961771941295368,0.0035666000000000183,0.03563199999999997,0.227644,0.126886,0.344763,0.483103,0.427593,0.39001,-0.117119,-0.356217,-0.13834000000000002,0.246901,0.10075800000000001,-0.028469999999999995,0.239098,-0.27537100000000003,0.36646333333333336,0.26784233333333335,0.12401285539142039,0.10024036874599641,0.0140935,0.07437060000000002,0.014732600000000033,-0.08426510000000001
2006,Norway,NOR,142,4610.82,27921.174541621665,101.57841986692955,100.0,2216320.0,0.24171448536368692,140.94606040175506,352177.39200000005,411756.0,782943.0,74162.08333333333,1148376.9166666667,2.8075,3.93417,341.7987112849156,3.3986,201.26055218439288,0.533117082614561,1137530.0,738307.0,6.26,2233829.0,1504576.25,1587001.0,646828.0,1876419.0,5.342803955078125,137.03265380859375,40.15177917480469,0.0,0.0,0.0,0.0,FLOAT,DEU,0.0,0.32435116171836853,0.215457484126091,-0.005389324855059385,0.02019999921321869,,,0.16367405652999878,0.051783423870801926,0.04449993744492531,0.2838529050350189,0.031544290482997894,,,,0.039341699331998825,0.04049823060631752,0.20737576484680176,0.2531575560569763,0.007405336946249008,0.315583,0.196029,0.488387,12.0,0.119554,-0.09817500000000001,0.06315100000000001,0.161326,0.3740233333333333,0.09778974067014057,-0.17170266666666667,0.16417504988984574,-0.09117810000000001,0.15026599999999998,0.252432,0.227644,0.294204,0.344763,0.453364,0.427593,-0.041772,-0.117119,-0.050558999999999965,-0.13834000000000002,0.024787999999999977,0.10075800000000001,0.075347,0.239098,0.35468933333333336,0.36646333333333336,0.12374944452535269,0.12401285539142039,0.0035666000000000183,0.0140935,0.03563199999999997,0.014732600000000033
2007,Norway,NOR,142,4627.926,28555.9548221343,103.5429764489013,104.22438983151186,2350170.0,0.27289997153023093,141.9735530920645,282124.964,468919.0,795365.0,77314.16666666667,1335364.75,4.579166666666667,4.78083,382.57423500218647,2.4934,212.9900692818288,0.5030857431736967,1195915.0,783352.0,5.41,2599722.0,1776665.2947485026,1798284.0,801438.0,2256382.0,4.672491550445557,138.65480041503906,41.86331558227539,0.0,0.0,0.0,0.0,FLOAT,DEU,0.0,0.11461077630519867,0.16475901007652283,0.011821378022432327,0.034699998795986176,,,0.11929526180028915,0.045463744550943375,0.04061818867921829,0.08053670078516006,0.03153439238667488,,,,0.04780830070376396,0.03407406806945801,0.12551753222942352,0.14717958867549896,0.02326068840920925,0.295036,0.32535,0.379613,10.0,-0.030314,0.12932099999999996,-0.020546999999999982,-0.149868,0.278332,0.07562665520172107,-0.013112333333333337,0.12091137085623228,-0.015641399999999975,0.04217409999999999,0.315583,0.252432,0.196029,0.294204,0.488387,0.453364,0.119554,-0.041772,-0.09817500000000001,-0.050558999999999965,0.06315100000000001,0.024787999999999977,0.161326,0.075347,0.3740233333333333,0.35468933333333336,0.09778974067014057,0.12374944452535269,-0.09117810000000001,0.0035666000000000183,0.15026599999999998,0.03563199999999997
2008,Norway,NOR,142,4644.457,28464.308014279377,102.7476432958378,104.6585770411239,2607090.0,0.2601793212506429,147.320505344548,401163.4961,504480.0,953153.0,96754.5,1459602.0833333333,5.264999999999999,4.34667,365.2513290406048,2.5499,225.2621980782501,0.48091685892572955,1350787.0,837837.0,7.0,2805667.0,1898127.771535464,1814552.0,991115.0,2697766.0,4.590869903564453,120.366943359375,40.8049201965332,0.0,0.0,0.0,0.0,FLOAT,DEU,0.0,-0.540614902973175,-0.004002384841442108,0.12445572018623352,0.049800001084804535,,,-0.045280128717422485,0.04127774387598038,0.043235450983047485,-0.5566855669021606,0.036251265555620193,,,,0.04346669837832451,0.016070708632469177,-0.07372339069843292,-0.11316576600074768,0.08712786436080933,0.228692,0.211486,0.559822,9.0,0.017206,-0.11386399999999997,-0.06634400000000001,0.04752,0.27186099999999996,0.06749361078650337,0.015822666666666662,0.09001646281282852,-0.01188330000000001,0.0027066000000000234,0.295036,0.315583,0.32535,0.196029,0.379613,0.488387,-0.030314,0.119554,0.12932099999999996,-0.09817500000000001,-0.020546999999999982,0.06315100000000001,-0.149868,0.161326,0.278332,0.3740233333333333,0.07562665520172107,0.09778974067014057,-0.015641399999999975,-0.09117810000000001,0.04217409999999999,0.15026599999999998
2009,Norway,NOR,142,4698.789482139127,27893.199071352246,99.70776636669714,103.37640496242132,2428480.0,0.24781474899349631,150.51271564453825,253170.2091,430362.0,731306.0,128742.16666666667,1511496.75,1.7599999999999998,3.31583,370.2082812009414,3.1029,233.25788088246944,0.4283958561576272,1172619.0,899775.0,5.78,2879838.0,2102840.154751931,1954497.0,925341.0,2562183.0,5.280205726623535,114.06813049316406,33.52866744995117,0.0,0.0,0.0,0.0,FLOAT,DEU,0.0,0.6478179693222046,0.05767688527703285,0.018877530470490456,0.024299999698996544,,,0.013571489602327347,0.044105395674705505,0.043514832854270935,0.6011568307876587,0.029142159968614578,,,,0.03315829858183861,0.046661168336868286,0.17863881587982178,0.21017365157604218,0.0215887650847435,0.183328,0.37434,0.442331,10.0,-0.191012,0.162854,-0.045364000000000015,-0.208218,0.24428833333333333,0.07062559779805996,0.03548199999999999,0.0765872932541685,0.042106900000000023,-0.0884178,0.228692,0.295036,0.211486,0.32535,0.559822,0.379613,0.017206,-0.030314,-0.11386399999999997,0.12932099999999996,-0.06634400000000001,-0.020546999999999982,0.04752,-0.149868,0.27186099999999996,0.278332,0.06749361078650337,0.07562665520172107,-0.01188330000000001,-0.015641399999999975,0.0027066000000000234,0.04217409999999999
2010,Norway,NOR,142,4761.8539703363285,27987.20144729498,99.16456411253783,105.93732183694613,2591480.0,0.2535387780111031,154.1239035464022,277707.0705,467285.0,788120.0,99742.33333333333,1559178.75,2.016666666666667,2.77083,402.22122483327297,3.5214,241.27461887908873,0.42306,1239501.0,934610.0,5.86,2848298.0,2058951.6776683652,1854234.0,994064.0,2820301.0,5.989119052886963,111.43395233154297,31.45024871826172,0.0,0.0,0.0,0.0,FLOAT,DEU,0.0,0.18347463011741638,0.1314440220594406,0.08190334588289261,0.020899999886751175,,,0.0864730104804039,0.04497101157903671,0.04139174148440361,0.14222510159015656,0.03611330687999725,,,,0.027708299458026886,0.04124952480196953,0.13171973824501038,0.14676587283611298,0.05140167474746704,0.196559,0.209512,0.593929,12.0,-0.012953,-0.164828,0.01323100000000002,0.178059,0.30372533333333335,0.08355283349673631,-0.06804,0.10911517854084281,-0.018466000000000007,-0.0156135,0.183328,0.228692,0.37434,0.211486,0.442331,0.559822,-0.191012,0.017206,0.162854,-0.11386399999999997,-0.045364000000000015,-0.06634400000000001,-0.208218,0.04752,0.24428833333333333,0.27186099999999996,0.07062559779805996,0.06749361078650337,0.042106900000000023,-0.01188330000000001,-0.0884178,0.0027066000000000234
2011,Norway,NOR,142,4824.918458533529,27890.55417976372,98.84721120377229,108.14811582988506,2792680.0,0.25835744113571296,156.12901064108354,345594.52125,508628.0,898593.0,107457.58333333333,1664592.1666666667,2.1883333333333335,2.55667,438.9022956434741,3.2149,252.44305883107506,0.28843,1384127.0,991707.0,5.99,2926591.0,2075530.7030792553,1866481.0,1060110.0,2916363.0,6.057773113250732,101.42913055419922,28.824926376342773,0.0,0.0,0.0,0.0,FLOAT,DEU,0.0,-0.1245565339922905,0.1335863620042801,0.1530110388994217,0.023600000888109207,,,0.09119613468647003,0.04239022359251976,0.038847483694553375,-0.13354180753231049,0.010370115749537945,,,,0.025566700845956802,0.00898527167737484,0.07674861699342728,0.07521004974842072,0.0883055180311203,0.223433,0.197056,0.579511,6.0,0.026377,-0.012455999999999995,0.02687399999999998,0.039330000000000004,0.26511266666666666,0.09459879454482145,-0.062252999999999996,0.11252355922650155,-0.02081179999999999,0.020557199999999973,0.196559,0.183328,0.209512,0.37434,0.593929,0.442331,-0.012953,-0.191012,-0.164828,0.162854,0.01323100000000002,-0.045364000000000015,0.178059,-0.208218,0.30372533333333335,0.24428833333333333,0.08355283349673631,0.07062559779805996,-0.018466000000000007,0.042106900000000023,-0.0156135,-0.0884178
2012,Norway,NOR,142,4887.982946730729,28274.281190331203,100.19448374790531,110.46637262083252,2964050.0,0.26403,157.23630858889268,373529.95905999996,507601.0,935289.0,93386.08333333333,1734498.4166666667,1.5250000000000001,1.57417,469.1508709699852,3.1228,262.03485343563744,0.29994,1462200.0,1037397.0,5.57,2975919.0,2177695.734176,1866192.0,1109727.0,3043287.0,6.518648147583008,100.71378326416016,28.78089714050293,0.0,0.0,0.0,0.0,FLOAT,DEU,0.0,0.1536303460597992,0.10843972861766815,0.061673354357481,0.024000000208616257,,,0.06891971081495285,0.039520014077425,0.03697191923856735,0.06389697641134262,0.0843440368771553,,,,0.015741700306534767,0.08973336219787598,0.1090112030506134,0.11836394667625427,0.04283667728304863,0.199927,0.213278,0.586795,8.0,-0.013351,0.016221999999999986,-0.023506,-0.039728,0.2603026666666667,0.0989554092979931,-0.059196,0.11583741026542334,-0.04956420000000004,0.0572313,0.223433,0.196559,0.197056,0.209512,0.579511,0.593929,0.026377,-0.012953,-0.012455999999999995,-0.164828,0.02687399999999998,0.01323100000000002,0.039330000000000004,0.178059,0.26511266666666666,0.30372533333333335,0.09459879454482145,0.08355283349673631,-0.02081179999999999,-0.018466000000000007,0.020557199999999973,-0.0156135
2013,Norway,NOR,142,4944.255874660539,28240.638910650112,100.0139172010551,112.20686757414316,3071220.0,0.27841,160.58812940388233,316858.18008,527725.0,916532.0,95888.25,1812812.0833333333,1.4858333333333333,1.91916666666667,488.1645942563859,3.4231,272.736464530944,0.30351,1450146.0,1098394.0,6.08,3270985.0,2368008.172992694,2143683.0,1127302.0,3225972.0,6.771415710449219,103.806396484375,27.70210075378418,0.0,0.0,0.0,0.0,FLOAT,DEU,0.0,0.23592065274715424,0.07861097902059555,-0.04839929938316345,0.022600000724196434,,,0.04052766412496567,0.03808331489562988,0.03660000115633011,0.18757951259613037,0.0407056026160717,,,,0.019191667437553406,0.048341140151023865,0.1012696698307991,0.11711523681879044,-0.012899649329483509,0.237593,0.11486,0.647547,8.0,0.122733,-0.09841799999999999,0.037666000000000005,0.13608399999999998,0.20661533333333335,0.00849007239859236,2.433333333333396e-05,0.022822946377129765,-0.02677339999999999,0.036732999999999995,0.199927,0.223433,0.213278,0.197056,0.586795,0.579511,-0.013351,0.026377,0.016221999999999986,-0.012455999999999995,-0.023506,0.02687399999999998,-0.039728,0.039330000000000004,0.2603026666666667,0.26511266666666666,0.0989554092979931,0.09459879454482145,-0.04956420000000004,-0.02081179999999999,0.0572313,0.020557199999999973
2014,Norway,NOR,142,5002.469248381032,28460.930608223927,100.84008839520449,113.2466868959611,3140810.0,0.27771,163.8401936469973,340621.27829999995,562457.0,909036.0,116132.16666666667,1921447.0833333333,1.4683333333333335,1.76,501.45883701935935,3.4838,280.2559867211792,0.29859,1471436.0,1176429.0,7.43,3682243.0,2405812.2206649818,2510638.0,1171605.0,3547141.0,6.8582844734191895,109.45115661621094,28.58380126953125,0.0,0.0,0.0,0.0,FLOAT,DEU,0.0,0.0495208241045475,0.06490784883499146,0.159510999917984,0.021299999207258224,,,0.02730935625731945,0.037598490715026855,0.036598995327949524,0.0,0.0495208241045475,,,,0.01759999990463257,0.0495208241045475,0.06456082314252853,0.06116080656647682,0.09040550142526627,0.143017,0.154602,0.702381,5.0,-0.011586,0.039741999999999986,-0.094576,-0.134319,0.17506466666666665,0.052765895589228284,0.045252999999999995,0.0699781487037204,-0.022577999999999994,0.002219499999999996,0.237593,0.199927,0.11486,0.213278,0.647547,0.586795,0.122733,-0.013351,-0.09841799999999999,0.016221999999999986,0.037666000000000005,-0.023506,0.13608399999999998,-0.039728,0.20661533333333335,0.2603026666666667,0.00849007239859236,0.0989554092979931,-0.02677339999999999,-0.04956420000000004,0.036732999999999995,0.0572313
2015,Norway,NOR,142,5050.010170252768,28747.705414729848,101.80563301908015,115.16385727829679,3111170.0,0.27476,167.40150326292397,249951.23712000006,615486.0,835266.0,105359.0,1919806.0,1.0058333333333334,0.9675,532.0518164661644,4.2959,288.285771580512,0.34543999999999997,1443582.0,1246159.0,8.81,3949682.0,2645105.0,2717805.0,1231877.0,3689861.0,7.805765628814697,109.52574920654297,26.810205459594727,0.0,0.0,0.0,0.0,FLOAT,DEU,0.0,0.05940559506416321,0.09849485754966736,0.025012098252773285,0.014100000262260437,,,0.06101103872060776,0.0374838151037693,0.03532839193940163,0.022462427616119385,0.036131568253040314,,,,0.009674999862909317,0.03694317117333412,0.07949292659759521,0.08868198841810226,0.01955604925751686,0.19505,0.175602,0.629348,6.0,0.019448,0.02100000000000002,0.052032999999999996,0.031034,0.16091333333333332,0.04951161860950762,0.032598666666666665,0.07806361085892287,-0.007328600000000008,-0.003592199999999988,0.143017,0.237593,0.154602,0.11486,0.702381,0.647547,-0.011586,0.122733,0.039741999999999986,-0.09841799999999999,-0.094576,0.037666000000000005,-0.134319,0.13608399999999998,0.17506466666666665,0.20661533333333335,0.052765895589228284,0.00849007239859236,-0.022577999999999994,-0.02677339999999999,0.002219499999999996,0.036732999999999995
2016,Norway,NOR,142,5095.610646333821,28797.222936360176,101.99403419816036,115.43608624670853,3098150.0,0.28092,173.3370192894678,137960.53044,629040.0,751583.0,87571.1666666667,1980907.25,0.5458333333333333,0.84,569.4284565729125,4.6789,290.787217537015,0.38126,1432188.0,1293409.0,8.62,4130628.0,2785424.0,2896245.0,1234383.0,3604969.0,8.833988189697266,107.82674407958984,24.557029724121094,0.0,0.0,0.0,0.0,FLOAT,DEU,0.0,0.18199999630451202,0.10624966770410538,-0.0010549057042226195,0.0076,,,0.07025003433227539,0.03599963337182999,0.033636655658483505,0.12890000641345978,0.04703693836927414,,,,0.013317,0.05310000106692314,0.1104152500629425,0.13286419212818146,0.0032725471537560225,0.128587,0.262241,0.609172,8.0,-0.133654,0.086639,-0.066463,-0.153102,0.14835466666666666,0.030849141338671688,0.04353166666666666,0.07032364958058804,0.0463143,-0.0738127,0.19505,0.143017,0.175602,0.154602,0.629348,0.702381,0.019448,-0.011586,0.02100000000000002,0.039741999999999986,0.052032999999999996,-0.094576,0.031034,-0.134319,0.16091333333333332,0.17506466666666665,0.04951161860950762,0.052765895589228284,-0.007328600000000008,-0.022577999999999994,-0.003592199999999988,0.002219499999999996
2017,Norway,NOR,142,5132.4791163568,29253.92387242427,103.52409706034696,117.07101012318418,3295380.0,0.27822,176.54375414632295,180455.11832,684334.0,863623.0,105530.08,2107074.0,0.47760416666666655,1.06583333,597.7602157997358,4.1621,295.9731202414908,0.38636000000000004,1526822.0,1349974.0,8.21,4403229.0,2979962.0,3093732.0,1309497.0,3633012.0,8.066405543279032,107.73369276923002,24.473107475493936,0.0,0.0,0.0,0.0,FLOAT,DEU,0.0,0.1860000044107437,0.08411760628223419,0.022426709532737732,0.0072,,,0.04975473880767822,0.03436286374926567,0.032734181731939316,0.1363999992609024,0.04364660382270813,,,,0.016375,0.04960000142455101,0.10455551743507385,0.122832752764225,0.014813355170190334,0.24671,0.145236,0.608055,7.0,0.101474,-0.117005,0.118123,0.235128,0.19748166666666664,0.05705767643650887,-0.04193066666666667,0.08093611491375985,0.005854099999999999,0.018607799999999994,0.128587,0.19505,0.262241,0.175602,0.609172,0.629348,-0.133654,0.019448,0.086639,0.02100000000000002,-0.066463,0.052032999999999996,-0.153102,0.031034,0.14835466666666666,0.16091333333333332,0.030849141338671688,0.04951161860950762,0.0463143,-0.007328600000000008,-0.0738127,-0.003592199999999988
2018,Norway,NOR,142,5165.466694798413,29394.289527980112,103.99363147317764,118.12494147230498,3553900.0,0.28048,181.42813134443008,282641.667,710331.0,1000272.0,87321.17,2229518.0,0.5653273809523808,1.43916667,606.406057817311,3.7997,305.5408128342007,0.39658000000000004,1696413.0,1396964.0,8.69,4642883.0,3156477.0,3285507.0,1357376.0,3688842.0,8.150442419826765,112.59287874094964,23.22478248207872,0.0,0.0,0.0,0.0,FLOAT,DEU,0.0,-0.00019999999494757503,0.047763973474502563,-0.004146312363445759,0.0073,,,0.01446378231048584,0.033300191164016724,0.03282541036605835,-0.03840000182390213,0.03972546011209488,,,,0.018792,0.03819999843835831,0.025755777955055237,0.03117579035460949,0.0015768437879160047,0.196476,0.17016,0.633363,7.0,0.026316,0.024924,-0.050234,-0.075158,0.19435966666666668,0.06071597854217075,-0.004244000000000007,0.11934101241400631,-0.013333100000000014,0.025573199999999977,0.24671,0.128587,0.145236,0.262241,0.608055,0.609172,0.101474,-0.133654,-0.117005,0.086639,0.118123,-0.066463,0.235128,-0.153102,0.19748166666666664,0.14835466666666666,0.05705767643650887,0.030849141338671688,0.005854099999999999,0.0463143,0.018607799999999994,-0.0738127
2019,Norway,NOR,142,5197.484050344685,29462.860135706836,104.17393375576982,118.95448382174726,3568490.0,0.29689,185.37419320117144,101594.88183,757902.0,914652.0,102588.75,2327591.0,1.1306547619047616,1.285,621.4365216324801,3.69,318.55380647364905,0.40880000000000005,1737449.0,1467501.0,8.78,4880018.0,3337867.0,3442133.0,1437885.0,3811224.0,8.258123339161523,111.00299932293933,23.766776799057784,0.0,0.0,0.0,0.0,FLOAT,DEU,0.0,0.14720000326633453,0.05820045992732048,0.02333327755331993,0.009300000000000001,,,0.02478611469268799,0.03341434523463249,0.03260616585612297,0.10119999945163727,0.041772615164518356,,,,0.014942,0.04600000008940697,0.07852189242839813,0.09159548580646515,0.016316639259457588,0.203056,0.133884,0.663061,8.0,0.069172,-0.036276,0.006579999999999975,0.042856,0.19254566666666664,0.06163100729611142,-0.001954666666666674,0.12008628998071903,-0.03601470000000001,0.05333200000000001,0.196476,0.24671,0.17016,0.145236,0.633363,0.608055,0.026316,0.101474,0.024924,-0.117005,-0.050234,0.118123,-0.075158,0.235128,0.19435966666666668,0.19748166666666664,0.06071597854217075,0.05705767643650887,-0.013333100000000014,0.005854099999999999,0.025573199999999977,0.018607799999999994
2020,Norway,NOR,142,5224.650291414248,29086.336859818988,102.76926066255238,110.06242122711497,3413450.0,0.30077000000000004,187.7377141644864,67176.696,762752.0,773155.0,156751.0,2553501.0,0.3411458333333332,0.55583333,645.9109051899237,4.42,323.6590509114568,0.414,1559318.0,1631648.0,8.53,5115159.0,3552044.0,3625918.0,1489241.0,3918378.75,8.216086326131219,103.19939449634315,22.222484617824055,0.0,0.0,0.0,0.0,FLOAT,DEU,0.0,0.03460000082850456,0.07247364521026611,0.0400049053132534,0.006,,,0.039383530616760254,0.03309011459350586,0.031836289912462234,-0.002400000113993883,0.03708901256322861,,,,0.008175,0.03700000047683716,,,0.02300245314836502,0.271156,0.141822,0.587022,3.0,0.129333,0.007938,0.06810000000000002,0.060161000000000006,0.14976,0.01855631903153237,0.06565399999999999,0.0377023007785998,-0.004651799999999982,0.0126433,0.203056,0.196476,0.133884,0.17016,0.663061,0.633363,0.069172,0.026316,-0.036276,0.024924,0.006579999999999975,-0.050234,0.042856,-0.075158,0.19254566666666664,0.19435966666666668,0.06163100729611142,0.06071597854217075,-0.03601470000000001,-0.013333100000000014,0.05333200000000001,0.025573199999999977
1997,Portugal,PRT,182,10156.415,12460.150328560654,88.88698511494685,83.9831,20515523.542,0.2576723327391422,149.08719086117668,-961800.0,7211337.54,5570392.37,5783304.254,18486244.738,5.74166666666667,6.35833,148.7098689690327,6.5712,181.03547391642962,0.587155,4511646.928,5829415.114,183.326,13154025.0,4829010.0,6785714.5,6368310.5,20553386.0,6.308067798614502,74.85465240478516,46.37162780761719,0.0,0.0,1.0,1.0,PEG,DEU,-0.077875,0.6524743437767029,0.13781596720218658,0.15183506906032562,0.05741666629910469,,,0.08690612018108368,0.050909850746393204,0.04683923348784447,,,,,,0.06358329951763153,,0.2151082456111908,0.2395099550485611,0.10462586581707001,0.22611830769230767,0.19427046153846156,0.5796113846153846,,0.03184784615384616,,,,,,,,,,,,,,,,,,,,,,,,,,,,,,,
1998,Portugal,PRT,182,10224.828,13012.744466167165,92.7663833434609,87.8322,22324352.3388,0.2704959841995352,152.38988672550744,-1295600.0,8148189.926,6101068.224,6752634.724,19593907.788,4.30833333333333,4.8775,155.3373193100936,4.6524,187.83200642282227,0.556157,4904792.13,5801548.116,171.82899,16745459.5,6502232.5,8919444.0,7826015.5,23003932.0,6.856574058532715,89.4341812133789,49.32300567626953,0.0,0.0,1.0,1.0,PEG,DEU,0.20125,0.2624458968639374,0.20601847767829895,0.1731494516134262,0.04308333247900009,,,0.1577434092760086,0.048275064677000046,0.04169755056500435,,,,,,0.048774998635053635,,0.20047858357429504,0.2191334217786789,0.10811638832092285,0.17760269230769232,0.22879507692307693,0.5936025384615384,,-0.051192153846153846,0.034524615384615376,-0.04851561538461535,-0.08304,,,,,,,0.22611830769230767,,0.19427046153846156,,0.5796113846153846,,0.03184784615384616,,,,,,,,,,,,,,,
1999,Portugal,PRT,182,10283.381,13465.664985637017,96.00553147926574,91.8952,23978308.7906,0.2757856323131279,155.69476980564235,-2251796.4583642283,8831833.546,6349465.422,8025494.942,21474829.912,2.9635,4.7775,169.28386979263362,4.578,199.04810556576928,0.554056,5281898.772,6017467.2299999995,199.56400557435796,21284974.0,8456331.0,11377955.0,9907019.0,25860728.0,6.4800543785095215,105.48535919189453,52.28377151489258,0.0,0.0,1.0,1.0,PEG,DEU,-0.59674996,0.1256648302078247,0.16496087610721588,-0.04440867900848389,0.029634999111294746,,,0.12256093323230743,0.042399946600198746,0.03777072951197624,,,,,,0.04777500033378601,,0.12903177738189697,0.1553964912891388,-0.00738683994859457,0.20540640000000002,0.1913586,0.6032351333333333,,0.014047866666666664,-0.037436476923076945,0.027803707692307694,0.0652400205128205,0.21153276923076925,0.024412589656318935,-0.009672153846153844,0.05871814710973091,,,0.17760269230769232,0.22611830769230767,0.22879507692307693,0.19427046153846156,0.5936025384615384,0.5796113846153846,-0.051192153846153846,0.03184784615384616,0.034524615384615376,,-0.04851561538461535,,-0.08304,,,,,,,,,
2000,Portugal,PRT,182,10335.597,13922.217384573705,99.2848832303503,94.8352,25744775.740799997,0.2799105447027394,160.0626397666149,-2765818.090888799,10104493.282,7260656.112,8524494.64,22768139.294,4.39176666666667,5.595,182.39940819901483,3.8094,209.2847655582479,0.541931,5680056.024,6668031.32,215.45620634067703,26094336.0,10171454.0,13795768.0,12298568.0,29676852.0,6.449754238128662,125.35797119140625,54.55733108520508,0.0,0.0,1.0,1.0,PEG,DEU,1.2075,-0.08214876800775528,0.11627191305160522,0.07950299978256226,0.043917667120695114,,,0.07741077244281769,0.03886113688349724,0.036069005727767944,,,,,,0.05595000088214874,,0.07161971926689148,0.07353781163692474,0.061710335314273834,0.25737082352941176,0.14407805882352942,0.5985514705882353,,0.11329270588235293,-0.04728054117647057,0.051964423529411746,0.09924483921568628,0.20480804615384618,0.020824335961749433,-0.0017654803418803416,0.043720211089489744,-0.01880136850678733,0.030957459969834074,0.20540640000000002,0.17760269230769232,0.1913586,0.22879507692307693,0.6032351333333333,0.5936025384615384,0.014047866666666664,-0.051192153846153846,-0.037436476923076945,0.034524615384615376,0.027803707692307694,-0.04851561538461535,0.0652400205128205,-0.08304,0.21153276923076925,,0.024412589656318935,,,,,
2001,Portugal,PRT,182,10386.753,14127.25924856187,100.63466196479195,95.6243,27220443.55,0.2736721208886271,167.12078516674424,-2886072.876360037,10249842.732,7467754.018,9417040.504,24372596.74,4.26178333333333,5.1575,192.28380648719252,3.8284,218.16573779564095,0.573802,5684065.664,6699106.03,227.48439804833768,29547037.0,11500650.0,15226608.0,14320429.0,32357522.0,6.5430755615234375,129.14625549316406,55.0252799987793,0.0,0.0,1.0,1.0,PEG,DEU,0.228375,-0.1903584599494934,0.10937363654375076,0.062259770929813385,0.042617835104465485,,,0.07212518900632858,0.03724844753742218,0.034742627292871475,,,,,,0.05157500132918358,,0.05709622800350189,0.058097194880247116,0.052438803017139435,0.1873474117647059,0.24788876470588234,0.5647638235294118,,-0.06054158823529412,0.10381070588235292,-0.07002341176470586,-0.17383429411764706,0.1880772452488688,0.0424537248739359,0.025382806234288586,0.08282619097379687,0.0010000522171945457,0.007119653604826557,0.25737082352941176,0.20540640000000002,0.14407805882352942,0.1913586,0.5985514705882353,0.6032351333333333,0.11329270588235293,0.014047866666666664,-0.04728054117647057,-0.037436476923076945,0.051964423529411746,0.027803707692307694,0.09924483921568628,0.0652400205128205,0.20480804615384618,0.21153276923076925,0.020824335961749433,0.024412589656318935,-0.01880136850678733,,0.030957459969834074,
2002,Portugal,PRT,182,10433.867,14170.93849166225,100.66504025763425,96.4542,28579571.172599997,0.2584290696158069,173.30623146100078,-2143207.2462181244,10069809.896,7737448.819824001,9262468.882,24020149.384,3.31859166666667,5.00667,193.48128972688633,4.4966,225.66773717243345,0.600437,6407204.238,7508251.382,191.1719271478974,32312486.0,12998852.0,16688924.0,15623562.0,33317176.0,6.686561584472656,140.91004943847656,57.301170349121094,0.0,0.0,1.0,1.0,PEG,DEU,-0.958125,-0.20652548968791962,0.0977163314819336,0.11879698932170868,0.033185917884111404,,,0.061593733727931976,0.036122601479291916,0.03402676433324814,,,,,,0.05006669834256172,,0.060551661998033524,0.05686301738023758,0.07599145174026489,0.2173144117647059,0.20999717647058821,0.5726884705882354,,0.007317058823529406,-0.03789158823529412,0.029966999999999994,0.06785864705882352,0.19444180784313725,0.0519739866846972,0.022266328104575156,0.08720807178323546,0.01597264352941177,-0.019402671764705868,0.1873474117647059,0.25737082352941176,0.24788876470588234,0.14407805882352942,0.5647638235294118,0.5985514705882353,-0.06054158823529412,0.11329270588235293,0.10381070588235292,-0.04728054117647057,-0.07002341176470586,0.051964423529411746,-0.17383429411764706,0.09924483921568628,0.1880772452488688,0.20480804615384618,0.0424537248739359,0.020824335961749433,0.0010000522171945457,-0.01880136850678733,0.007119653604826557,0.030957459969834074
2003,Portugal,PRT,182,10479.955,13980.069580418247,98.83181555591356,96.1358,29283984.7278,0.23745076400040233,178.91643999875467,-1748003.5040520495,9870931.752,8014201.991422,9845671.02,24827690.88,2.33346666666667,4.17833,195.5717238297865,6.1316,233.2070142065781,0.638973,6317989.748,7319798.302,158.7347585114806,33418544.0,13305589.0,16950552.0,16467992.0,35050556.0,6.805510520935059,138.5753936767578,60.71904754638672,0.0,0.0,1.0,1.0,PEG,DEU,-0.83999997,0.17396891117095947,0.1621745079755783,0.04937244951725006,0.023334667086601257,,,0.1271723508834839,0.03500215336680412,0.03105306252837181,,,,,,0.041783299297094345,,0.1388133019208908,0.1638404130935669,0.03635355830192566,0.23044517647058824,0.22324864705882352,0.5463060000000001,,0.007196529411764705,0.013251470588235309,0.013130764705882342,-0.00012052941176470076,0.20065466666666665,0.05253215711376578,0.020022725490196076,0.08761087790296641,0.019962017647058856,-0.02504298823529413,0.2173144117647059,0.1873474117647059,0.20999717647058821,0.24788876470588234,0.5726884705882354,0.5647638235294118,0.007317058823529406,-0.06054158823529412,-0.03789158823529412,0.10381070588235292,0.029966999999999994,-0.07002341176470586,0.06785864705882352,-0.17383429411764706,0.19444180784313725,0.1880772452488688,0.0519739866846972,0.0424537248739359,0.01597264352941177,0.0010000522171945457,-0.019402671764705868,0.007119653604826557
2004,Portugal,PRT,182,10524.145,14138.59741641843,99.42334007000446,98.0506,30523063.7288,0.23393992056262453,183.406794044762,-2224611.0368255437,10847078.61,8444831.11248,9992022.88,26092531.818,2.10633333333333,4.14333,196.82082272535325,6.3166,239.0515387420623,0.6709950000000001,6269673.586,8365712.896,147.18596285147933,34743731.0,14201142.0,18125778.0,16617953.0,34980892.0,6.574883460998535,137.11209106445312,57.94709777832031,0.0,0.0,1.0,1.0,PEG,DEU,-0.23596126,0.1799686998128891,0.22451797127723694,0.10716212540864944,0.02106333337724209,,,0.19248685240745544,0.032031115144491196,0.02686076983809471,,,,,,0.04143330082297325,,0.18659208714962006,0.2179783433675766,0.06411273032426834,0.352836,0.105756,0.541409,1.0,0.24708,-0.11749264705882352,0.12239082352941175,0.23988347058823528,0.22704486274509803,0.01922892495437029,-0.015342666666666666,0.039143460693454,-0.04131468235294114,0.09227442352941177,0.23044517647058824,0.2173144117647059,0.22324864705882352,0.20999717647058821,0.5463060000000001,0.5726884705882354,0.007196529411764705,0.007317058823529406,0.013251470588235309,-0.03789158823529412,0.013130764705882342,0.029966999999999994,-0.00012052941176470076,0.06785864705882352,0.20065466666666665,0.19444180784313725,0.05253215711376578,0.0519739866846972,0.019962017647058856,0.01597264352941177,-0.02504298823529413,-0.019402671764705868
2005,Portugal,PRT,182,10566.212,14191.465057007197,100.0,99.6516,31786962.401400004,0.23270440251572327,187.3131614710499,-3218199.2542785276,11398805.074,8609234.37176,11265284.062,27711624.45,2.18468333333333,3.4375,201.29073860990243,7.5817,246.78097939422398,0.722491,6567990.802,8516475.36,169.94320589980504,37388088.0,15885592.0,20008304.0,17379784.0,36326400.0,6.438308238983154,133.0977783203125,55.457672119140625,0.0,0.0,1.0,1.0,PEG,DEU,0.03646125,0.1718716323375702,0.16780133545398712,0.0649326890707016,0.0218468327075243,,,0.14016875624656677,0.027632582932710648,0.024235520511865616,0.13916920125484467,0.028707269579172134,,,,0.03437500074505806,0.03270243853330612,0.14152464270591736,0.168437197804451,0.043389759957790375,0.352836,0.105756,0.541409,,0.24708,0.0,0.0,0.0,0.1796672745098039,0.06435105083007898,0.08719786274509804,0.1384620055890108,-0.04302161764705877,0.0959172294117647,0.352836,0.23044517647058824,0.105756,0.22324864705882352,0.541409,0.5463060000000001,0.24708,0.007196529411764705,-0.11749264705882352,0.013251470588235309,0.12239082352941175,0.013130764705882342,0.23988347058823528,-0.00012052941176470076,0.22704486274509803,0.20065466666666665,0.01922892495437029,0.05253215711376578,-0.04131468235294114,0.019962017647058856,0.09227442352941177,-0.02504298823529413
2006,Portugal,PRT,182,10605.87,14343.162795697099,101.44193641280488,100.0,33332237.561,0.22289156626506024,193.01742028838407,-3250985.8424919457,12717375.188,10118800.278966,11638581.546,28717242.162,3.079225,3.915,205.5335456027503,7.6474,249.96543608475727,0.7367940000000001,7166429.572,8633757.33,152.22627182991647,41466292.0,18362346.0,23050818.0,18415474.0,38683376.0,6.5072407722473145,137.6216278076172,56.65263366699219,0.0,0.0,1.0,1.0,PEG,DEU,0.65260124,0.33271774649620056,0.11012901365756989,-0.004635931923985481,0.030792249366641045,,,0.08515482395887375,0.024974189698696136,0.023014402016997337,0.29249635338783264,0.031119171530008316,,,,0.03914999961853027,0.04022141546010971,0.12425557523965836,0.15425795316696167,0.013078158721327782,0.352836,0.105756,0.541409,0.0,0.24708,0.0,0.0,0.0,0.1449202156862745,0.06783441140721348,0.1671188431372549,0.13849678631825932,-0.03524779411764708,0.07196504117647061,0.352836,0.352836,0.105756,0.105756,0.541409,0.541409,0.24708,0.24708,0.0,-0.11749264705882352,0.0,0.12239082352941175,0.0,0.23988347058823528,0.1796672745098039,0.22704486274509803,0.06435105083007898,0.01922892495437029,-0.04302161764705877,-0.04131468235294114,0.0959172294117647,0.09227442352941177
2007,Portugal,PRT,182,10642.836,14631.417929800693,103.78073311884613,101.1879,35181262.9988,0.22285714285714286,197.69368767774773,-3163979.3706630394,13633419.547220001,10974508.176912,11323223.36,30987500.33,4.27760833333333,4.42417,206.4677889926085,7.9637,260.15000951836043,0.7272799999999999,7849271.264,9192901.628,136.1877589837646,45887924.0,20165482.0,25516948.0,20370976.0,43694980.0,6.216100215911865,141.38119506835938,57.41265869140625,0.0,0.0,1.0,1.0,PEG,DEU,0.89542246,0.1831146776676178,0.04741806536912918,0.015394825488328934,0.04277608171105385,,,0.02378576435148716,0.023632299154996872,0.023083247244358063,0.15014411509037018,0.028666462749242783,,,,0.04424170032143593,0.03297056257724762,0.06704200059175491,0.07717996090650558,0.02908545359969139,0.352836,0.105756,0.541409,,0.24708,0.0,0.0,0.0,0.105756,0.0,0.24708,0.0,-3.876493421173405e-18,1.97250328449811e-17,0.352836,0.352836,0.105756,0.105756,0.541409,0.541409,0.24708,0.24708,0.0,0.0,0.0,0.0,0.0,0.0,0.1449202156862745,0.1796672745098039,0.06783441140721348,0.06435105083007898,-0.03524779411764708,-0.04302161764705877,0.07196504117647061,0.0959172294117647
2008,Portugal,PRT,182,10676.91,14583.489043178224,103.96203862931281,102.6532,35906887.5496,0.22905027932960895,202.9364439603973,-4498936.563099426,14655273.895436,11224879.320683999,10898402.002,33525401.968,4.63423333333333,4.5225,193.439997202188,7.5517,266.53390059552345,0.756425,8127339.798,9247633.214,144.05547172522807,49796320.0,20943352.0,26578700.0,23217620.0,48021968.0,5.129000186920166,137.39796447753906,56.933353424072266,1.0,1.0,1.0,1.0,PEG,DEU,-0.035735,-0.4971774220466614,0.05262498930096626,0.09922552108764648,0.046342331916093826,,,0.02884218655526638,0.023782802745699883,0.023116083815693855,-0.5128112435340881,0.03208983689546585,,,,0.04522499814629555,0.015633808448910713,0.008680683560669422,-0.011020384728908539,0.072783924639225,0.352836,0.105756,0.541409,,0.24708,0.0,0.0,0.0,0.105756,0.0,0.24708,0.0,-3.876493421173405e-18,1.97250328449811e-17,0.352836,0.352836,0.105756,0.105756,0.541409,0.541409,0.24708,0.24708,0.0,0.0,0.0,0.0,0.0,0.0,0.105756,0.1449202156862745,0.0,0.06783441140721348,-3.876493421173405e-18,-0.03524779411764708,1.97250328449811e-17,0.07196504117647061
2009,Portugal,PRT,182,10708.0,14118.34417888815,100.6202932851336,101.5833,35167830.7048,0.21142857142857144,201.10355711648393,-3496199.6672048406,12027031.660042,9598619.256702,10922058.878,31654904.908,1.22835833333333,4.21083,193.85716034199777,9.4319,273.5104231246791,0.877991,6894575.9799999995,9778108.586,139.1656254338469,51278082.0,22019940.0,27659900.0,23618182.0,49838092.0,6.036499977111816,133.3400115966797,57.11309814453125,0.0,0.0,1.0,1.0,PEG,DEU,-2.7934349,0.399630606174469,-0.05472740903496742,0.052625346928834915,0.012283583171665668,,,-0.07846579700708389,0.02373838797211647,0.025759639218449593,0.3485449254512787,0.03788206726312637,,,,0.04210830107331276,0.05108566954731941,0.020033234730362892,0.01581433042883873,0.032454464584589005,0.352836,0.105756,0.541409,,0.24708,0.0,0.0,0.0,0.105756,0.0,0.24708,0.0,-3.876493421173405e-18,1.97250328449811e-17,0.352836,0.352836,0.105756,0.105756,0.541409,0.541409,0.24708,0.24708,0.0,0.0,0.0,0.0,0.0,0.0,0.105756,0.105756,0.0,0.0,-3.876493421173405e-18,-3.876493421173405e-18,1.97250328449811e-17,1.97250328449811e-17
2010,Portugal,PRT,182,10713.066237698715,14279.047520578404,102.32171043483542,103.9710737426447,36008732.4056,0.20555555555555555,203.90100613004623,-3661724.063449045,13580326.90157,10827575.72104,10728192.784,31852580.16,0.810958333333333,5.39583,195.34924406661005,10.7699,277.37589927739674,1.002145,7181265.24,10137372.33,150.03891632989072,51290514.0,22775558.0,28310064.0,22980450.0,51943052.0,6.209400177001953,123.86885833740234,56.83582305908203,0.0,0.0,1.0,1.0,PEG,DEU,-0.2121875,-0.06211366131901741,0.04543318971991539,-0.1244320198893547,0.008109583519399166,,,0.019134996458888054,0.026298193261027336,0.02580442652106285,-0.10091836750507355,0.04316037893295288,,,,0.05395830050110817,0.03880470246076584,0.005202730186283588,0.03020535595715046,-0.05816121771931648,0.130155,0.122,0.747845,2.0,0.008155,0.016243999999999995,-0.222681,-0.238925,0.105756,0.0,0.24708,0.0,0.004873199999999996,-0.07167749999999996,0.352836,0.352836,0.105756,0.105756,0.541409,0.541409,0.24708,0.24708,0.0,0.0,0.0,0.0,0.0,0.0,0.105756,0.105756,0.0,0.0,-3.876493421173405e-18,-3.876493421173405e-18,1.97250328449811e-17,1.97250328449811e-17
2011,Portugal,PRT,182,10697.867524602574,14038.770273377344,100.7342214826734,96.84012813133639,35304118.3684,0.18181818181818182,211.14943930514033,-2280463.931126526,13643162.170491999,12163983.119544001,10042143.38,31243515.844,1.3906,10.2408,185.76897470403313,12.6772,275.29447253959125,1.144031,8312986.13,9768685.932,154.9439678491383,50804746.0,22659478.0,27988290.0,22816456.0,53310720.0,5.011300086975098,116.06709289550781,57.23625564575195,0.0,0.0,1.0,1.0,PEG,DEU,0.37260476,-0.20372962951660156,-0.10757111012935638,-0.3133552074432373,0.013906000182032585,,,-0.1336173117160797,0.02604619786143303,0.03006315603852272,-0.233046293258667,0.038224831223487854,,,,0.10240799933671951,0.029316676780581474,-0.1280696988105774,-0.11830047518014908,-0.14972460269927979,0.374351,0.027267,0.598382,2.0,0.347084,-0.094733,0.244196,0.338929,0.11117066666666668,0.009378477772716545,0.16743833333333336,0.13794341306613134,-0.021922300000000002,0.006108699999999983,0.130155,0.352836,0.122,0.105756,0.747845,0.541409,0.008155,0.24708,0.016243999999999995,0.0,-0.222681,0.0,-0.238925,0.0,0.105756,0.105756,0.0,0.0,0.004873199999999996,-3.876493421173405e-18,-0.07167749999999996,1.97250328449811e-17
2012,Portugal,PRT,182,10654.29788039364,13524.00842097281,97.03976228558075,92.06216401798352,33740238.4792,0.16071428571428573,217.0111776603764,-541387.8914699872,12913339.727094,12746389.94545,9592061.29,28487489.79,0.573183333333333,10.5475,172.63135933064856,15.5268,268.24984274985894,1.290351,7957331.062,9774499.91,151.94937092617857,47991382.0,21987462.0,26868398.0,21122984.0,52263252.0,6.5482001304626465,119.4756851196289,59.54528045654297,0.0,0.0,1.0,1.0,PEG,DEU,-0.48489609,0.07692946493625641,-0.010369526222348213,0.8112969994544983,0.005731833167374134,,,-0.04103526473045349,0.030665738508105278,0.03197796270251274,0.028249936178326607,0.04734211787581444,,,,0.10547500103712082,0.04867953062057495,0.14891518652439117,0.0009925276972353458,0.4085144102573395,0.201111,0.200791,0.598099,3.0,0.00032,0.173524,-0.17323999999999998,-0.346764,0.08500766666666666,0.05066019467326729,0.200773,0.174144969628755,0.01903719999999999,-0.04013509999999999,0.374351,0.130155,0.027267,0.122,0.598382,0.747845,0.347084,0.008155,-0.094733,0.016243999999999995,0.244196,-0.222681,0.338929,-0.238925,0.11117066666666668,0.105756,0.009378477772716545,0.0,-0.021922300000000002,0.004873199999999996,0.006108699999999983,-0.07167749999999996
2013,Portugal,PRT,182,10595.529523088568,13472.899062170522,96.6735358973982,91.6035754689965,34180637.2886,0.14705882352941177,217.96480375100435,540138.4434512188,13162253.366726002,13537753.345978,10119328.95,28859183.418,0.220666666666667,6.29417,169.37879874392524,16.1834,275.5221868243909,1.314298,8243017.912,9799760.641999999,145.37161917192373,45594418.0,21205984.0,25684752.0,19909666.0,52257364.0,6.342199802398682,111.3933334350586,55.8472785949707,0.0,0.0,1.0,1.0,PEG,DEU,-0.16583334,0.15601195394992828,0.01347966119647026,0.12234269082546234,0.0022066666278988123,,,-0.01889674738049507,0.03237640857696533,0.032999999821186066,0.11812454462051392,0.033884789794683456,,,,0.06294170022010803,0.037887416779994965,0.04550836607813835,0.035466745495796204,0.06227467954158783,0.383709,0.14389,0.4724,2.0,0.239818,-0.05690100000000001,0.182598,0.23949800000000002,0.116686,0.08688396624809439,0.11851966666666668,0.1979812810856959,0.02391939999999999,0.03482250000000001,0.201111,0.374351,0.200791,0.027267,0.598099,0.598382,0.00032,0.347084,0.173524,-0.094733,-0.17323999999999998,0.244196,-0.346764,0.338929,0.08500766666666666,0.11117066666666668,0.05066019467326729,0.009378477772716545,0.01903719999999999,-0.021922300000000002,-0.04013509999999999,0.006108699999999983
2014,Portugal,PRT,182,10538.787660862981,13653.006812250058,97.9661770638199,94.29145787843386,34694151.8834,0.15028901734104047,217.61703643813775,55859.561671504795,13900676.086959999,13952588.294594001,11024104.216,28959424.418,0.209933333333333,3.75416666666667,176.4741512154753,13.8941,271.39475810358675,1.329407,8269882.5,9714756.274,165.1280784119924,42134900.975999996,20381802.048,24796616.169999998,17338284.806,47273392.0,7.076300144195557,104.90010833740234,51.391849517822266,0.0,0.0,1.0,1.0,PEG,DEU,0.0075,-0.21121133863925934,0.07702606916427612,0.3433554768562317,0.002099333330988884,,,0.04250043258070946,0.034525640308856964,0.0331181064248085,-0.23124395310878754,0.026058489456772804,,,,0.03754166513681412,0.020032621920108795,0.09215225279331207,0.041665218770504,0.17272740602493286,0.147722,0.124669,0.727609,3.0,0.023053,-0.019220999999999988,-0.23598700000000003,-0.216765,0.12398266666666667,0.0884583013873392,0.19574066666666667,0.1775342964312342,0.02353050000000002,-0.07325950000000003,0.383709,0.201111,0.14389,0.200791,0.4724,0.598099,0.239818,0.00032,-0.05690100000000001,0.173524,0.182598,-0.17323999999999998,0.23949800000000002,-0.346764,0.116686,0.08500766666666666,0.08688396624809439,0.05066019467326729,0.02391939999999999,0.01903719999999999,0.03482250000000001,-0.04013509999999999
2015,Portugal,PRT,182,10495.21801665405,13955.367646941673,100.13562128570018,96.6124988697473,36029261.7624,0.1551722208611335,218.72158041925496,86057.94689684898,14366945.494603999,14633322.920774,13312004.8,30155099.066,-0.02,2.42333333333333,181.93211465512917,12.4444,272.9714276084999,1.311792,8598071.534,9721973.626,184.14806650133187,40248565.838,19588294.292,23765938.208,16482627.63,46951520.0,7.7991,99.2849349975586,44.350977836201096,0.0,0.0,1.0,1.0,PEG,DEU,-0.20416667,0.18604880571365356,0.06395597755908966,0.053307197988033295,-0.00019999999494757503,,,0.030506692826747894,0.033449288457632065,0.0324590690433979,0.1429462879896164,0.03771176561713219,,,,0.02423333376646042,0.04310252144932747,0.05967337265610695,0.0800267681479454,0.026553599163889885,0.191509,0.03618,0.772311,1.0,0.155329,-0.08848900000000001,0.04378700000000002,0.132276,0.15645,0.03958478143175737,0.08773033333333334,0.13220132785389613,-0.051305399999999994,0.024826200000000014,0.147722,0.383709,0.124669,0.14389,0.727609,0.4724,0.023053,0.239818,-0.019220999999999988,-0.05690100000000001,-0.23598700000000003,0.182598,-0.216765,0.23949800000000002,0.12398266666666667,0.116686,0.0884583013873392,0.08688396624809439,0.02353050000000002,0.02391939999999999,-0.07325950000000003,0.03482250000000001
2016,Portugal,PRT,182,10462.794095382285,14282.143266913396,102.48062053690117,99.39849949684947,37387848.0836,0.15493264669564175,220.1126496707214,458517.6891102433,14604967.749103999,15033962.540898,15433304.842,33097372.898,-0.26369,3.1725,194.84929479564335,11.0662,274.0806280904409,1.315057,8867118.378,10096554.1948,190.1925813490181,38699267.942,18960986.114,23197371.256,15501896.686,46533176.0,7.1276,93.63054656982422,41.13760259435325,0.0,0.0,1.0,1.0,PEG,DEU,-0.21250001,-1.6875230357982218e-05,0.10416272282600403,-0.03536726534366608,-0.002637,,,0.07114994525909424,0.03301277384161949,0.030819935724139214,-0.0003357099194545299,0.0003189417766407132,,,,0.031717,0.0003188347036484629,0.04107026383280754,0.08750902116298676,-0.01900213211774826,0.056752,0.342995,0.600253,1.0,-0.286243,0.306815,-0.13475700000000002,-0.441572,0.10157966666666668,0.057447358601882964,0.1394,0.10925688118832605,0.05088259999999999,-0.14459070000000002,0.191509,0.147722,0.03618,0.124669,0.772311,0.727609,0.155329,0.023053,-0.08848900000000001,-0.019220999999999988,0.04378700000000002,-0.23598700000000003,0.132276,-0.216765,0.15645,0.12398266666666667,0.03958478143175737,0.0884583013873392,-0.051305399999999994,0.02353050000000002,0.024826200000000014,-0.07325950000000003
2017,Portugal,PRT,182,10436.449659348977,14819.093863819422,106.33296378032576,101.73455892084542,39283886.550400004,0.16783974622552678,223.53782962008694,508112.0604127101,16387224.661624,16783753.197856,17863948.61,35966470.8,-0.32905,3.0525,212.86057414650116,8.867,279.634888189517,1.261434,9145387.394,10104814.053199999,167.16584674393405,37654529.24,18688130.112,22993681.544,14660847.696,46894908.0,9.4988,90.12272644042969,37.89855230871926,0.0,0.0,1.0,1.0,PEG,DEU,-0.035,0.0017832271987572312,0.12355079501867294,0.122087262570858,-0.003291,,,0.09242403507232666,0.031126758083701134,0.02849329262971878,0.0013630116591230035,0.0004196435329504311,,,,0.030525000000000004,0.0004202155105303973,0.08454908430576324,0.10277340561151505,0.05939812958240509,0.198447,0.080033,0.72152,10.0,0.118413,-0.262962,0.14169500000000002,0.404656,0.16794800000000001,0.15791980539818307,-0.03595366666666667,0.22662258896529566,0.017290700000000013,-0.015549199999999992,0.056752,0.191509,0.342995,0.03618,0.600253,0.772311,-0.286243,0.155329,0.306815,-0.08848900000000001,-0.13475700000000002,0.04378700000000002,-0.441572,0.132276,0.10157966666666668,0.15645,0.057447358601882964,0.03958478143175737,0.05088259999999999,-0.051305399999999994,-0.14459070000000002,0.024826200000000014
2018,Portugal,PRT,182,10420.237698713096,15265.784553742387,109.53797144312301,104.56245067544326,41135718.7362,0.175225252807571,226.14717807448864,232055.93756801408,17681385.290195998,17871710.872075997,20327511.5224,39033544.677,-0.3220917,1.839167,234.7214633470787,6.9934,288.68427233502166,1.214814,9604511.222199999,10339518.3306,175.09344978165936,37070685.559599996,18647893.3746,23119163.2278,13951522.331799999,47113472.0,9.106299999999997,86.16610513461396,36.035238132763745,0.0,0.0,1.0,1.0,PEG,DEU,-0.00666667,-0.0006527925143018365,0.13173191249370575,0.017489273101091385,-0.003221,,,0.10270047187805176,0.029031438753008842,0.02632758393883705,-0.0009878238197416067,0.00033536256523802876,,,,0.018392,0.00033503127633593976,0.06939934194087982,0.1135280653834343,0.0071341367438435555,0.159801,0.077997,0.762202,10.0,0.081804,-0.00203600000000001,-0.038646000000000014,-0.036609,0.15306933333333334,0.16593550116335362,-0.004167,0.24498132601486183,-0.01375109999999995,0.01840809999999996,0.198447,0.056752,0.080033,0.342995,0.72152,0.600253,0.118413,-0.286243,-0.262962,0.306815,0.14169500000000002,-0.13475700000000002,0.404656,-0.441572,0.16794800000000001,0.10157966666666668,0.15791980539818307,0.057447358601882964,0.017290700000000013,0.05088259999999999,-0.015549199999999992,-0.14459070000000002
2019,Portugal,PRT,182,10422.26419379258,15671.51967650313,112.23768508791684,107.26297231019336,42978248.5572,0.18106229179554933,226.82521497378832,180737.36380269623,18504843.45314,18699159.428748,23119163.2278,41965613.9752,-0.3563333,0.7575,257.3327263188431,6.46,299.08400702714295,1.166078,10011750.3088,10801569.196,178.46003204557587,37258677.531,18607676.685399998,23823135.7226,13435541.8084,47583480.0,9.3108,85.98677462298946,34.96800146560066,0.0,0.0,1.0,1.0,PEG,DEU,-0.03083333,0.0021239686757326126,0.1267482042312622,0.05840226262807846,-0.003563,,,0.0995873212814331,0.027160877361893654,0.02470097318291664,0.0016368621727451682,0.00048631057143211365,,,,0.007574999999999999,0.00048710659029893577,0.07631845772266388,0.10865464061498642,0.02741963043808937,0.296622,0.110399,0.59298,11.0,0.186223,0.032402,0.136821,0.104419,0.16700833333333334,0.15241232383679915,-0.028675333333333327,0.22380992360557506,-0.06998240000000001,0.13807890000000003,0.159801,0.198447,0.077997,0.080033,0.762202,0.72152,0.081804,0.118413,-0.00203600000000001,-0.262962,-0.038646000000000014,0.14169500000000002,-0.036609,0.404656,0.15306933333333334,0.16794800000000001,0.16593550116335362,0.15791980539818307,-0.01375109999999995,0.017290700000000013,0.01840809999999996,-0.015549199999999992
2020,Portugal,PRT,182,10446.582134746404,14315.341283515143,103.54388633777035,100.82308659303258,40113962.2232,0.1908319932575922,226.54962578246005,-396345.7167606528,15702389.176134001,14855088.290376,27849415.7286,46879387.6988,-0.42515,0.4166667,279.0162544523322,6.79,306.53820604713184,1.3518610000000002,9372653.7892,11820218.238,163.37869774264522,39039418.7996,19054009.762,24208482.174799997,14830936.624799998,47977132.0,8.6653,81.69478957188973,34.326502438136934,0.0,0.0,1.0,1.0,PEG,DEU,-0.06833334,0.00129098875913769,0.11305293440818787,-0.001965335803106427,-0.004252000000000001,,,0.08771347999572754,0.02533945068717003,0.023296071216464043,0.0009095861460082233,0.0003810559865087271,,,,0.0041670000000000006,0.0003814025840256363,,,-0.0031086679082363844,0.261504,0.037545,0.700951,5.0,0.223959,-0.072854,-0.03511799999999998,0.03773599999999999,0.08947633333333334,0.01814813514753864,0.12881333333333334,0.052980723761886866,-0.0095062,0.0421057,0.296622,0.159801,0.110399,0.077997,0.59298,0.762202,0.186223,0.081804,0.032402,-0.00203600000000001,0.136821,-0.038646000000000014,0.104419,-0.036609,0.16700833333333334,0.15306933333333334,0.15241232383679915,0.16593550116335362,-0.06998240000000001,-0.01375109999999995,0.13807890000000003,0.01840809999999996
1997,Sweden,SWE,144,8846.0,18374.993537597693,80.4187640259191,81.93,2047270.0,0.20002989348248815,123.84716732542822,58337.062,501100.0,632800.0,74114.0,843265.338,4.110833333333333,6.617583333333333,93.67434595860992,10.3586,141.1956768269189,0.7092079726196862,648928.0,655155.875,7.877,1573988.0,1047964.0,707605.0,866383.0,2126997.0,5.4083967208862305,89.5462646484375,53.49993133544922,0.0,0.0,0.0,0.0,FLOAT,DEU,0.0,0.27918389439582825,0.17950569093227386,0.13842692971229553,0.023711999878287315,,,0.08355870097875595,0.09594698995351791,0.08854803442955017,0.24950028955936432,0.020999999716877937,,,,0.06617583334445953,0.026239505037665367,0.18799009919166565,0.23116454482078552,0.0810694620013237,0.163449,0.196985,0.639566,8.0,-0.033536,,,,,,,,,,,,,,,,,,,,,,,,,,,,,,,
1998,Sweden,SWE,144,8851.0,19136.770051265463,83.32006301580515,84.32,2152910.0,0.20869662154159146,123.64953886693019,37394.979,545000.0,675100.0,78085.0,863924.892,4.1383333333333345,4.957666666666667,104.56852791878173,8.9408,146.5207660587644,0.6830899225237467,721333.0,724674.0,8.061,1649275.0,1066838.0,754343.0,894932.0,2020575.0,5.002316951751709,95.52081298828125,57.65485382080078,0.0,0.0,0.0,0.0,FLOAT,DEU,0.0,0.1308850795030594,0.20320138335227966,0.21363328397274017,0.018244000151753426,,,0.11630404740571976,0.0868973359465599,0.07784378528594971,0.1054922416806221,0.024400001391768456,,,,0.049576666206121445,0.026974013075232506,0.15033403038978577,0.1620781421661377,0.11593864113092422,0.129663,0.211206,0.659132,15.0,-0.081543,0.014221000000000011,-0.03378600000000001,-0.048007,,,,,,,0.163449,,0.196985,,0.639566,,-0.033536,,,,,,,,,,,,,,,
1999,Sweden,SWE,144,8858.0,20012.530037183817,87.02559009590591,87.46,2264490.0,0.21525824312186298,124.24242424242426,50996.55,569700.0,702800.0,87325.0,1104883.101,3.1151,5.021583333333334,114.72081218274113,7.607,151.73397670002828,0.6050610000000001,810955.0,748512.0,8.525,1745614.0,1104204.0,817111.0,928503.0,2596601.0,5.371720790863037,98.11226654052734,56.57426834106445,0.0,0.0,1.0,1.0,PEG,DEU,0.0,0.6975719332695007,0.1736341416835785,-0.05522557720541954,0.03072916716337204,,,0.09708422422409058,0.07654991000890732,0.0697757825255394,0.6574277281761169,0.01590000092983246,,,,0.05021583288908005,0.026353102177381516,0.41157791018486023,0.5132181644439697,-0.01224820502102375,0.158129,0.209883,0.631988,18.0,-0.051755,-0.0013230000000000186,0.02846599999999999,0.029788000000000002,0.20409549999999999,0.01005576553525391,-0.05753950000000001,0.033946075244422586,,,0.129663,0.163449,0.211206,0.196985,0.659132,0.639566,-0.081543,-0.033536,0.014221000000000011,,-0.03378600000000001,,-0.048007,,,,,,,,,
2000,Sweden,SWE,144,8872.0,20871.246597494053,90.65664777069662,91.67,2408150.0,0.22259816763981993,125.46113306982875,63093.095,670404.0,804706.0,88918.0,1164008.174,3.95460833333333,5.342916666666667,127.52830925419758,5.4659,157.94543285942024,0.503479,848134.0,765239.0,9.535,1857178.0,1138934.0,878824.0,978354.0,2949019.0,5.158631324768066,101.28236389160156,58.31713104248047,0.0,0.0,1.0,1.0,PEG,DEU,1.2075,-0.10803400725126266,0.18194136023521423,0.1441618800163269,0.03954608365893364,,,0.11163605749607086,0.07030530273914337,0.06324489414691925,-0.12258454412221909,0.02059999853372574,,,,0.053429167717695236,0.018074756488204002,0.01969577744603157,0.00489517068490386,0.09185398370027542,0.204252,0.17811,0.617638,22.0,0.026142,-0.031772999999999996,0.046123,0.077897,0.20602466666666666,0.007856479003557095,-0.05561133333333334,0.02423471667532619,-0.005794799999999986,0.020882200000000004,0.158129,0.129663,0.209883,0.211206,0.631988,0.659132,-0.051755,-0.081543,-0.0013230000000000186,0.014221000000000011,0.02846599999999999,-0.03378600000000001,0.029788000000000002,-0.048007,0.20409549999999999,,0.01005576553525391,,,,,
2001,Sweden,SWE,144,8940.0,21096.05343224548,91.38173915304007,91.83,2503730.0,0.2267991249858711,128.52437417654812,71429.58,663542.0,811376.0,96727.0,1164591.601,3.99564166666667,5.1075,137.40726278797345,4.7303,163.08210738563716,0.5189710000000001,938025.0,773514.0,10.6675,2028192.0,1206262.0,957877.0,1070315.0,3176037.0,5.319036483764648,109.31261444091797,59.12025451660156,0.0,0.0,1.0,1.0,PEG,DEU,0.228375,-0.1484220325946808,0.14320018887519836,0.003363781375810504,0.03995641693472862,,,0.07746534049510956,0.0657348483800888,0.06100878119468689,-0.16546985507011414,0.021400000900030136,,,,0.05107500031590462,0.017858946695923805,-0.006761876400560141,-0.013623182661831379,0.021660098806023598,0.139695,0.334212,0.526093,20.0,-0.194517,0.15610200000000002,-0.06455699999999998,-0.220659,0.19973300000000002,0.018737747436658448,-0.03571866666666667,0.0556047461673312,0.033724499999999984,-0.02610249999999999,0.204252,0.158129,0.17811,0.209883,0.617638,0.631988,0.026142,-0.051755,-0.031772999999999996,-0.0013230000000000186,0.046123,0.02846599999999999,0.077897,0.029788000000000002,0.20602466666666666,0.20409549999999999,0.007856479003557095,0.01005576553525391,-0.005794799999999986,,0.020882200000000004,
2002,Sweden,SWE,144,8954.0,21585.525419413058,92.90836196189622,92.89,2598340.0,0.2205257518658095,131.29117259552044,112818.79999999999,656996.0,808294.0,95827.0,1262171.484,4.066575,5.30333333333333,146.66146036704413,4.9651,167.98955229447856,0.498057,781777.0,828019.0,8.825,2105135.0,1277542.0,1045613.0,1059522.0,3219749.0,4.8495564460754395,108.1570816040039,59.12450408935547,0.0,0.0,1.0,1.0,PEG,DEU,-0.958125,-0.35903021693229675,0.1300642341375351,0.11892542243003845,0.040665749460458755,,,0.06734737008810043,0.06271686404943466,0.05875955894589424,-0.37222471833229065,0.029600000008940697,,,,0.05303333327174187,0.018582148477435112,-0.03470521420240402,-0.06806302070617676,0.07979558408260345,0.170041,0.247419,0.58254,21.0,-0.077378,-0.08679300000000001,0.030345999999999984,0.117139,0.240735,0.08249753347221965,-0.07337666666666666,0.11190719781289019,0.026871000000000006,-0.0297528,0.139695,0.204252,0.334212,0.17811,0.526093,0.617638,-0.194517,0.026142,0.15610200000000002,-0.031772999999999996,-0.06455699999999998,0.046123,-0.220659,0.077897,0.19973300000000002,0.20602466666666666,0.018737747436658448,0.007856479003557095,0.033724499999999984,-0.005794799999999986,-0.02610249999999999,0.020882200000000004
2003,Sweden,SWE,144,8970.0,22049.978205881405,94.13492907498356,94.19,2703550.0,0.21645606093615397,133.8274044795784,164230.08479999998,680696.0,825540.0,98425.6597,1307592.692,3.03283333333333,4.63833333333333,161.1089418196017,5.5547,172.7422033731387,0.49273100000000003,818550.0,868048.0,7.1892,2172472.0,1304316.0,1149950.0,1022522.0,3208438.0,5.253012180328369,100.1846694946289,56.874267578125,0.0,0.0,1.0,1.0,PEG,DEU,-0.83999997,0.3549365699291229,0.15981411933898926,0.03935372084379196,0.030328333377838135,,,0.09851289540529251,0.061301227658987045,0.05580383166670799,0.29818814992904663,0.043713562190532684,,,,0.0463833324611187,0.05674842745065689,0.2023099958896637,0.2424900233745575,0.03484102711081505,0.165204,0.260082,0.574714,19.0,-0.094879,0.01266299999999998,-0.004837000000000008,-0.017501000000000003,0.253247,0.07821401913340088,-0.08191766666666667,0.11039952445700721,0.015912299999999976,-0.02459240000000002,0.170041,0.139695,0.247419,0.334212,0.58254,0.526093,-0.077378,-0.194517,-0.08679300000000001,0.15610200000000002,0.030345999999999984,-0.06455699999999998,0.117139,-0.220659,0.240735,0.19973300000000002,0.08249753347221965,0.018737747436658448,0.026871000000000006,0.033724499999999984,-0.0297528,-0.02610249999999999
2004,Sweden,SWE,144,8986.0,22942.61216950058,97.64868187873572,95.94,2830190.0,0.21882033528443634,134.32147562582347,168391.05345,740295.0,899396.0,98198.0,1360278.618,2.10916666666667,4.425,180.0468566966029,6.6931,179.30699940758285,0.484527,863225.0,882535.0,6.6146,2313773.0,1442715.0,1282334.0,1031439.0,3290438.0,6.544054985046387,100.96507263183594,61.5709114074707,0.0,0.0,1.0,1.0,PEG,DEU,-0.23596126,0.21351516246795654,0.17344585061073303,0.12241814285516739,0.02109166607260704,,,0.11754775047302246,0.055898092687129974,0.05001852661371231,0.17634032666683197,0.03160211443901062,,,,0.0442500002682209,0.03717484325170517,0.16970384120941162,0.1907750368118286,0.07175490260124207,0.17437,0.26786,0.557769,17.0,-0.09349,0.007778000000000007,0.009166000000000007,0.0013890000000000013,0.28057099999999996,0.046883958375973325,-0.12225799999999999,0.0631869730324218,-0.018639300000000032,0.028557999999999993,0.165204,0.170041,0.260082,0.247419,0.574714,0.58254,-0.094879,-0.077378,0.01266299999999998,-0.08679300000000001,-0.004837000000000008,0.030345999999999984,-0.017501000000000003,0.117139,0.253247,0.240735,0.07821401913340088,0.08249753347221965,0.015912299999999976,0.026871000000000006,-0.02459240000000002,-0.0297528
2005,Sweden,SWE,144,9002.0,23627.367728791112,100.0,97.81,2931090.0,0.2241156431833263,134.9472990777339,175894.796,829472.0,978714.0,100374.39838596,1533038.147,1.71666666666667,3.38333333333333,201.21046466224132,7.4857,185.32605931292775,0.486885,944601.0,930881.0,7.9584,2601957.0,1600756.0,1458547.0,1143411.0,3569499.0,5.553910255432129,105.42645263671875,62.75723648071289,0.0,0.0,1.0,1.0,PEG,DEU,0.03646125,0.3700100779533386,0.16773948073387146,0.10456304252147675,0.01716666668653488,,,0.11754152923822403,0.05019795894622803,0.044918205589056015,0.32616785168647766,0.03305932134389877,,,,0.0338333323597908,0.04384220764040947,0.23032189905643463,0.26180070638656616,0.060864854604005814,0.196367,0.312339,0.491293,19.0,-0.115972,0.04447899999999999,0.021997000000000017,-0.022482000000000002,0.25845366666666664,0.010317326317090725,-0.08858233333333333,0.009728059638660457,0.020253799999999975,-0.011439300000000003,0.17437,0.165204,0.26786,0.260082,0.557769,0.574714,-0.09349,-0.094879,0.007778000000000007,0.01266299999999998,0.009166000000000007,-0.004837000000000008,0.0013890000000000013,-0.017501000000000003,0.28057099999999996,0.253247,0.046883958375973325,0.07821401913340088,-0.018639300000000032,0.015912299999999976,0.028557999999999993,-0.02459240000000002
2006,Sweden,SWE,144,9017.0,24602.147150810728,104.07571488014023,100.0,3121670.0,0.23229376089962162,136.79183135704878,254093.65118999998,942240.0,1081898.0,100762.9784176,1762550.215,2.33166666666667,3.705,223.03787582975397,7.0658,191.874879199271,0.43595999999999996,996777.0,965070.0,6.8644,2875437.0,1760051.0,1648573.0,1226864.0,3805390.0,5.818007946014404,108.5402603149414,62.14469909667969,0.0,0.0,1.0,1.0,PEG,DEU,0.65260124,0.2579578757286072,0.15497179329395294,-0.008797730319201946,0.02331666648387909,,,0.10848367214202881,0.046488117426633835,0.041938476264476776,0.23624178767204285,0.017566220834851265,,,,0.037050001323223114,0.021716095507144928,0.17881105840206146,0.20473653078079224,0.0072594680823385715,0.152889,0.198596,0.648514,24.0,-0.045707,-0.11374299999999998,-0.04347800000000002,0.07026500000000001,0.28009366666666663,0.02819477721730275,-0.10144700000000001,0.012598176415656392,-0.013997899999999994,0.012503399999999982,0.196367,0.17437,0.312339,0.26786,0.491293,0.557769,-0.115972,-0.09349,0.04447899999999999,0.007778000000000007,0.021997000000000017,0.009166000000000007,-0.022482000000000002,0.0013890000000000013,0.25845366666666664,0.28057099999999996,0.010317326317090725,0.046883958375973325,0.020253799999999975,-0.018639300000000032,-0.011439300000000003,0.028557999999999993
2007,Sweden,SWE,144,9031.0,25376.74189937206,106.859743035277,101.52,3320280.0,0.24166470397960652,139.7891963109355,269600.02381,1039106.0,1144032.0,100459.0,2089485.0,3.5525,4.1675,244.27957828973058,6.1609,201.22352862498823,0.38896700000000006,1067443.0,994467.0,6.4136,3316756.0,1919099.0,1837315.0,1479441.0,4528937.0,5.322679584829939,132.1282196044922,64.78170521516974,0.0,0.0,1.0,1.0,PEG,DEU,0.89542246,-0.02822384424507618,0.1388603001832962,-0.010816063731908798,0.03552500158548355,,,0.09523937851190567,0.04362092167139053,0.039827752858400345,-0.0604320764541626,0.03427983447909355,,,,0.04167500138282776,0.03220823407173157,0.05911300331354141,0.06563308835029602,0.012354468926787376,0.116647,0.17067,0.712683,12.0,-0.054024,-0.027926000000000006,-0.036241999999999996,-0.008317000000000005,0.2595983333333333,0.05731979469898102,-0.08505633333333334,0.03588366768229433,-0.04053129999999997,0.018866299999999992,0.152889,0.196367,0.198596,0.312339,0.648514,0.491293,-0.045707,-0.115972,-0.11374299999999998,0.04447899999999999,-0.04347800000000002,0.021997000000000017,0.07026500000000001,-0.022482000000000002,0.28009366666666663,0.25845366666666664,0.02819477721730275,0.010317326317090725,-0.013997899999999994,0.020253799999999975,0.012503399999999982,-0.011439300000000003
2008,Sweden,SWE,144,9045.0,25181.203906078124,105.55277402544247,99.7,3412250.0,0.24546362769700839,144.59815546772074,261498.60510000002,1092659.0,1193144.0,99409.0,2164492.461,3.905,3.88833333333333,252.2061694650527,6.2348,211.17233456726248,0.374978,1066215.0,1028782.0,7.8106,3679231.0,2100849.0,2044693.0,1634538.0,5366457.0,4.608006652298373,135.64776611328125,68.91967782729834,1.0,1.0,1.0,1.0,PEG,DEU,-0.035735,-0.3926890194416046,0.07499712705612183,0.2494593858718872,0.03905000165104866,,,0.032446373254060745,0.04255075752735138,0.04121352732181549,-0.41956570744514465,0.046304427087306976,,,,0.038883332163095474,0.026876676827669144,-0.03497309610247612,-0.06475383043289185,0.14425469934940338,0.106978,0.256063,0.636958,19.0,-0.149085,0.085393,-0.009668999999999997,-0.09506099999999999,0.22720166666666666,0.07504158523334466,-0.071901,0.0383924849807876,-0.01967540000000001,-0.010765599999999988,0.116647,0.152889,0.17067,0.198596,0.712683,0.648514,-0.054024,-0.045707,-0.027926000000000006,-0.11374299999999998,-0.036241999999999996,-0.04347800000000002,-0.008317000000000005,0.07026500000000001,0.2595983333333333,0.28009366666666663,0.05731979469898102,0.02819477721730275,-0.04053129999999997,-0.013997899999999994,0.018866299999999992,0.012503399999999982
2009,Sweden,SWE,144,9128.062337942954,23877.51513579443,100.11547331539192,98.49,3341170.0,0.22493787350347946,144.2028985507247,194195.61091000002,908364.0,990546.0,100072.0,2135789.558,0.399166666666667,3.25,256.2280359234674,8.3509,216.39714021750265,0.407324,1037792.0,1063036.0,7.1165,3762425.0,2328667.0,2237113.0,1525311.0,5288998.0,6.095112465607982,123.31101989746094,64.97537064617852,0.0,0.0,0.0,0.0,FLOAT,DEU,0.0,0.5224274396896362,0.05494926869869232,-0.051068175584077835,0.003991666715592146,,,0.015947280451655388,0.039001986384391785,0.038389772176742554,0.4665556848049164,0.03809726983308792,,,,0.032499998807907104,0.055871766060590744,0.1976020187139511,0.22971723973751068,-0.0235382542014122,0.105263,0.311926,0.582811,13.0,-0.206662,0.055862999999999996,-0.0017150000000000082,-0.05757700000000002,0.20844300000000002,0.04353979408541108,-0.08293866666666666,0.057435147621759754,0.04253829999999997,-0.0577926,0.106978,0.116647,0.256063,0.17067,0.636958,0.712683,-0.149085,-0.054024,0.085393,-0.027926000000000006,-0.009668999999999997,-0.036241999999999996,-0.09506099999999999,-0.008317000000000005,0.22720166666666666,0.2595983333333333,0.07504158523334466,0.05731979469898102,-0.01967540000000001,-0.04053129999999997,-0.010765599999999988,0.018866299999999992
2010,Sweden,SWE,144,9201.352636127916,25306.3711282491,105.17398639316535,101.45300556472486,3573580.0,0.22490409480014584,146.04743083003962,205685.60687999998,1074618.0,1131076.0,96394.0,2188006.0,0.504166666666667,2.89333333333333,277.5478328777821,8.6097,221.7754972591632,0.381025,1109500.0,1124587.0,6.7097,3959681.0,2500433.0,2413783.0,1545898.0,5225584.0,6.204500507298352,117.42555236816406,63.39340329377949,0.0,0.0,0.0,0.0,FLOAT,DEU,0.0,0.26483967900276184,0.12153872847557068,0.03128338232636452,0.0050416667945683,,,0.0832071453332901,0.03833157941699028,0.03538711741566658,0.23051753640174866,0.02789245918393135,,,,0.028933333232998848,0.034322161227464676,0.1619352400302887,0.17988289892673492,0.018162524327635765,0.10715,0.294184,0.598665,17.0,-0.187034,-0.01774199999999998,0.0018869999999999998,0.019628000000000007,0.24621966666666664,0.07114058470615302,-0.13659033333333334,0.07708227605833481,0.04264050000000001,-0.04566070000000001,0.105263,0.106978,0.311926,0.256063,0.582811,0.636958,-0.206662,-0.149085,0.055862999999999996,0.085393,-0.0017150000000000082,-0.009668999999999997,-0.05757700000000002,-0.09506099999999999,0.20844300000000002,0.22720166666666666,0.04353979408541108,0.07504158523334466,0.04253829999999997,-0.01967540000000001,-0.0577926,-0.010765599999999988
2011,Sweden,SWE,144,9266.82530250648,25800.011929043547,107.71813304786382,102.69389788273095,3727910.0,0.22893984691133493,149.86824769433474,198867.85576,1146128.0,1221654.0,92246.0,2339371.0,1.65416666666667,2.60583333333333,282.2335025380711,7.8041,228.2407979603754,0.371731,1127172.0,1145633.0,6.8877,4180708.0,2616193.0,2538907.0,1641801.0,5365574.0,6.079333037355456,106.71373748779297,60.719111533321836,0.0,0.0,0.0,0.0,FLOAT,DEU,0.0,-0.13710713386535645,0.053527407348155975,0.2058551162481308,0.01654166728258133,,,0.016879962757229805,0.03664744272828102,0.03603910282254219,-0.1668746918439865,0.035729993134737015,,,,0.02605833299458027,0.029767561703920364,-0.00016359184519387782,-0.015403618104755878,0.11119839549064636,0.136221,0.259679,0.6041,15.0,-0.123459,-0.03450500000000001,0.029071000000000013,0.063575,0.287391,0.028544304668357237,-0.18092699999999998,0.029270280473545195,-0.0006893999999999823,0.009650600000000018,0.10715,0.105263,0.294184,0.311926,0.598665,0.582811,-0.187034,-0.206662,-0.01774199999999998,0.055862999999999996,0.0018869999999999998,-0.0017150000000000082,0.019628000000000007,-0.05757700000000002,0.24621966666666664,0.20844300000000002,0.07114058470615302,0.04353979408541108,0.04264050000000001,0.04253829999999997,-0.04566070000000001,-0.0577926
2012,Sweden,SWE,144,9338.161192739843,25452.197907316786,106.29517400581682,102.68256279559071,3743090.0,0.22723522783072578,151.18577075098824,201744.35499000002,1114285.0,1172866.0,88002.0,2412372.0,1.253333,1.5925,279.8516204607575,7.9757,234.4816451038398,0.37514899999999995,1117224.0,1160612.0,6.5045,4369019.0,2728804.0,2696743.0,1672861.0,5378459.0,6.486883328752695,108.0802001953125,59.18737744876316,0.0,0.0,0.0,0.0,FLOAT,DEU,0.0,0.16564112901687622,0.028194580227136612,0.024127259850502014,0.012533333152532578,,,-0.00843629240989685,0.03663087263703346,0.036942530423402786,0.12017977982759476,0.04058397188782692,,,,0.015924999490380287,0.045461345463991165,0.07208539545536041,0.07928194850683212,0.018330296501517296,0.149453,0.301698,0.548849,10.0,-0.152244,0.04201900000000003,0.013231999999999994,-0.02878499999999999,0.2885963333333333,0.026567908580340565,-0.172385,0.043492869565021824,-0.006518899999999977,0.02268289999999998,0.136221,0.10715,0.259679,0.294184,0.6041,0.598665,-0.123459,-0.187034,-0.03450500000000001,-0.01774199999999998,0.029071000000000013,0.0018869999999999998,0.063575,0.019628000000000007,0.287391,0.24621966666666664,0.028544304668357237,0.07114058470615302,-0.0006893999999999823,0.04264050000000001,0.009650600000000018,-0.04566070000000001
2013,Sweden,SWE,144,9425.132346585997,25516.931727101863,106.65018379292677,103.64220136236018,3822670.0,0.22445483799155094,151.11989459815558,197339.27031,1049338.0,1091889.0,82359.0,2487778.492,0.9258333,2.12083333333333,295.18530895047166,8.0521,238.70031207148168,0.40224800000000005,1147214.0,1194021.0,6.4238,4491131.0,2866107.0,2814542.0,1676589.0,5413659.0,6.813891594429592,104.16111755371094,58.04111072592711,0.0,0.0,0.0,0.0,FLOAT,DEU,0.0,0.27765005826950073,0.09279267489910126,-0.0732402354478836,0.00925000011920929,,,0.05479077994823456,0.038001898676157,0.036027900874614716,0.2317846119403839,0.03723495826125145,,,,0.02120833285152912,0.04586545005440712,0.14455316960811615,0.16754108667373657,-0.03199511766433716,0.142103,0.160373,0.697525,7.0,-0.01827,-0.14132500000000003,-0.007349999999999995,0.13397399999999998,0.285187,0.02240777983201373,-0.15424566666666667,0.03183473195007828,-0.03594140000000001,0.047750700000000014,0.149453,0.136221,0.301698,0.259679,0.548849,0.6041,-0.152244,-0.123459,0.04201900000000003,-0.03450500000000001,0.013231999999999994,0.029071000000000013,-0.02878499999999999,0.063575,0.2885963333333333,0.287391,0.026567908580340565,0.028544304668357237,-0.006518899999999977,-0.0006893999999999823,0.02268289999999998,0.009650600000000018
2014,Sweden,SWE,144,9524.807152117544,25919.684045336504,108.4037730423057,105.57312734294122,3992730.0,0.23228467740117664,150.8563899868249,166031.17025,1108611.0,1127341.0,81090.93,2589790.383,0.4208333,1.71583333333333,322.95026375274375,7.9535,243.99180968429556,0.449982,1180519.0,1230276.0,7.7366,4752333.0,3032980.0,2994441.0,1757892.0,5341788.0,6.6312618914554715,101.06709289550781,57.65736234155347,0.0,0.0,0.0,0.0,FLOAT,DEU,0.0,0.1567372977733612,0.13079452514648438,0.18815499544143677,0.004208333324640989,,,0.09395068138837814,0.03684384748339653,0.033679623156785965,0.11856205761432648,0.034128863364458084,,,,0.017158333212137222,0.038175251334905624,0.13569015264511108,0.14150963723659515,0.09618166089057922,0.118035,0.257754,0.624211,6.0,-0.139719,0.097381,-0.024068000000000006,-0.121449,0.24058333333333334,0.07257184213132072,-0.09799100000000001,0.07052462291285223,-0.01471000000000002,0.00851939999999999,0.142103,0.149453,0.160373,0.301698,0.697525,0.548849,-0.01827,-0.152244,-0.14132500000000003,0.04201900000000003,-0.007349999999999995,0.013231999999999994,0.13397399999999998,-0.02878499999999999,0.285187,0.2885963333333333,0.02240777983201373,0.026567908580340565,-0.03594140000000001,-0.006518899999999977,0.047750700000000014,0.02268289999999998
2015,Sweden,SWE,144,9626.436365600692,26798.29558983899,112.07885206617325,108.56304255854988,4260470.0,0.23753435653812843,150.7905138339922,139239.13502000002,1163524.0,1181273.0,71700.2174,2787814.461,-0.2891667,0.719166666666667,365.3283526614748,7.4316,250.0871615338326,0.437387,1279582.0,1273198.0,8.4408,5013001.0,3239325.0,3244120.0,1768881.0,5578539.0,6.863195953030268,105.82367706298828,57.28350194222739,0.0,0.0,0.0,0.0,FLOAT,DEU,0.0,0.10191266238689423,0.16483460366725922,0.004289864096790552,-0.0028916667215526104,,,0.1311941146850586,0.03364049270749092,0.02973891980946064,0.06592246890068054,0.03376436233520508,,,,0.00719166686758399,0.035990193486213684,0.12274423986673355,0.13935783505439758,0.0006990986876189709,0.127305,0.172095,0.7006,9.0,-0.04479,-0.08565899999999999,0.00927,0.09492900000000001,0.23994166666666664,0.07232667779134706,-0.10341099999999999,0.07399973862791681,-0.029142800000000024,0.020091300000000006,0.118035,0.142103,0.257754,0.160373,0.624211,0.697525,-0.139719,-0.01827,0.097381,-0.14132500000000003,-0.024068000000000006,-0.007349999999999995,-0.121449,0.13397399999999998,0.24058333333333334,0.285187,0.07257184213132072,0.02240777983201373,-0.01471000000000002,-0.03594140000000001,0.00851939999999999,0.047750700000000014
2016,Sweden,SWE,144,9767.153738115818,26958.728545811493,112.9711636987235,109.67421757565802,4415030.0,0.24210520832130059,152.2727272727274,104813.3783,1198332.0,1188498.0,60718.1459,2997943.456,-0.655,0.54,395.44054212959685,6.99,256.25417545028546,0.42255400000000004,1371558.0,1306863.0,9.0622,5298554.0,3468660.0,3477360.0,1821194.0,5734612.0,7.061533660782985,103.95470428466797,55.25322483654963,0.0,0.0,0.0,0.0,FLOAT,DEU,0.0,0.09669999778270721,0.10297223925590515,0.06136419624090195,-0.00655,,,0.07290959358215332,0.03006264567375183,0.0280197374522686,0.05689999833703041,0.037657298147678375,,,,0.005192,0.039799999445676804,0.08921986818313599,0.09980201721191406,0.027407098561525345,0.117402,0.278039,0.604559,3.0,-0.160637,0.10594399999999998,-0.009902999999999995,-0.115847,0.19674066666666667,0.05316315880695328,-0.067593,0.06385489415072275,0.026733900000000012,-0.033217200000000016,0.127305,0.118035,0.172095,0.257754,0.7006,0.624211,-0.04479,-0.139719,-0.08565899999999999,0.097381,0.00927,-0.024068000000000006,0.09492900000000001,-0.121449,0.23994166666666664,0.24058333333333334,0.07232667779134706,0.07257184213132072,-0.029142800000000024,-0.01471000000000002,0.020091300000000006,0.00851939999999999
2017,Sweden,SWE,144,9889.304235090753,27309.236336439488,114.32133581418495,111.02687613957028,4625090.0,0.2513648371254725,155.00658761528337,135121.36183,1312871.0,1304775.0,56247.6674,3242547.458,-0.695,0.655,421.6893842683238,6.7183,262.3491310247762,0.40731,1433177.0,1356837.0,8.208,5641225.0,3705418.0,3717762.0,1923463.0,6207874.0,6.677123581007047,96.76046103130489,52.10591279690904,0.0,0.0,0.0,0.0,FLOAT,DEU,0.0,0.10840000212192535,0.07644274085760117,0.018196003511548042,-0.00695,,,0.047660570591688156,0.02878216840326786,0.02747279964387417,0.07479999959468842,0.0312616303563118,,,,0.00655,0.03359999880194664,0.08146025985479355,0.0931631401181221,0.005623001605272293,0.074279,0.208765,0.716957,4.0,-0.134486,-0.06927399999999997,-0.04312300000000001,0.026151000000000008,0.23596266666666665,0.056233259200702,-0.11504866666666667,0.06173816374280448,-0.004102299999999973,-0.010014799999999978,0.117402,0.127305,0.278039,0.172095,0.604559,0.7006,-0.160637,-0.04479,0.10594399999999998,-0.08565899999999999,-0.009902999999999995,0.00927,-0.115847,0.09492900000000001,0.19674066666666667,0.23994166666666664,0.05316315880695328,0.07232667779134706,0.026733900000000012,-0.029142800000000024,-0.033217200000000016,0.020091300000000006
2018,Sweden,SWE,144,9996.796672428698,27542.55215390215,115.2045566748924,111.77431359006496,4828310.0,0.2517963857303162,158.0368906455864,127177.68539999999,1471028.0,1448575.0,60695.0713,3432831.901,-0.6858333,0.6516666,417.75297126839644,6.36,270.19786810288855,0.389087,1491100.0,1425450.0,8.9562,5953485.0,3909988.0,3924811.0,2028674.0,6663286.0,6.677123581007047,97.63332196820593,51.33740432149872,0.0,0.0,0.0,0.0,FLOAT,DEU,0.0,-0.04039999842643738,-0.004703173413872719,0.029907776042819023,-0.0068579999999999995,,,-0.032857540994882584,0.028154367581009865,0.029110878705978394,-0.07530000060796738,0.037741970270872116,,,,0.006516999999999999,0.0348999984562397,-0.01734573394060135,-0.02207852527499199,0.011524887755513191,0.118598,0.158762,0.72264,6.0,-0.040163,-0.05000300000000002,0.044319,0.09432299999999999,0.219633,0.05380165287423799,-0.11330433333333334,0.060758778002304635,-0.010927299999999968,0.004003199999999989,0.074279,0.117402,0.208765,0.278039,0.716957,0.604559,-0.134486,-0.160637,-0.06927399999999997,0.10594399999999998,-0.04312300000000001,-0.009902999999999995,0.026151000000000008,-0.115847,0.23596266666666665,0.19674066666666667,0.056233259200702,0.05316315880695328,-0.004102299999999973,0.026733900000000012,-0.010014799999999978,-0.033217200000000016
2019,Sweden,SWE,144,10092.562662057047,27824.67885543972,116.30771134016994,111.44383650264413,5049620.0,0.24409762399895912,160.86956521739143,275810.24439999997,1501423.0,1522611.0,62359.3801,3702972.437,-0.4208333,0.04666667,428.1191632751658,6.83,278.5076423019567,0.34898,1535968.0,1468425.0,9.2993,6218069.0,4111139.0,4122025.0,2096044.0,7036304.0,5.517504969714144,97.63688938388367,49.77961780836541,0.0,0.0,0.0,0.0,FLOAT,DEU,0.0,0.3384999930858612,0.034189775586128235,0.057640135288238525,-0.004208,,,0.003916437271982431,0.03027333877980709,0.030155237764120102,0.29269999265670776,0.03542971983551979,,,,0.00046699999999999997,0.04580000042915344,0.18166889250278473,0.20199978351593018,0.026716068387031555,0.102013,0.205228,0.692758,5.0,-0.103215,0.04646600000000001,-0.01658499999999999,-0.063052,0.21518866666666667,0.05989739812657421,-0.11176199999999999,0.06337019252771765,-0.026843600000000013,0.026658899999999985,0.118598,0.074279,0.158762,0.208765,0.72264,0.716957,-0.040163,-0.134486,-0.05000300000000002,-0.06927399999999997,0.044319,-0.04312300000000001,0.09432299999999999,0.026151000000000008,0.219633,0.23596266666666665,0.05380165287423799,0.056233259200702,-0.010927299999999968,-0.004102299999999973,0.004003199999999989,-0.010014799999999978
2020,Sweden,SWE,144,10142.400064822821,26912.147706397565,112.24240248535506,105.42353426379833,4983360.0,0.24778727508644272,161.66007905138352,284599.68960000004,1365882.0,1415459.0,62094.7027,4361252.734,-0.135,-0.03833333,446.1024514315403,8.29,285.2941308694544,0.396647,1513774.0,1648496.0,8.1772,6485853.0,4362321.0,4345467.0,2140386.0,7282037.5,5.628024542838209,81.09286133490359,46.047778408938086,0.0,0.0,0.0,0.0,FLOAT,DEU,0.0,0.1656000018119812,0.06364960223436356,0.01794249191880226,-0.00135,,,0.032592300325632095,0.03105730004608631,0.030077021569013596,0.14990000426769257,0.013653360307216644,,,,-0.000383,0.015700001269578934,,,0.008296245709061623,0.107913,0.212966,0.679121,3.0,-0.105053,0.007737999999999995,0.005899999999999989,-0.0018379999999999924,0.19091833333333333,0.027904299352130943,-0.09262133333333333,0.04804556600075949,0.005906899999999981,0.0025247000000000125,0.102013,0.118598,0.205228,0.158762,0.692758,0.72264,-0.103215,-0.040163,0.04646600000000001,-0.05000300000000002,-0.01658499999999999,0.044319,-0.063052,0.09432299999999999,0.21518866666666667,0.219633,0.05989739812657421,0.05380165287423799,-0.026843600000000013,-0.010927299999999968,0.026658899999999985,0.004003199999999989
1997,USA,USA,111,272911.8,26074.239422588977,85.38008311990296,79.2861,8577.552,0.21539807259818228,119.40373926225368,-140.725,1055.775,953.825,509.573,3925.308333,5.46,6.3525,121.156,5.0003,125.67045631319982,0.635,1579.232,1601.116,1.0,4088.515,2493.539,2736.3,1387.999,7733.84619140625,7.411318302154541,85.3257064819336,26.361881256103516,0.0,0.0,0.0,0.0,BASE,,,0.31566765904426575,0.08861197531223297,0.1437777876853943,0.05615833029150963,,,0.033718984574079514,0.054892994463443756,0.05310243368148804,0.294813334941864,0.016106070950627327,,,,0.0635249987244606,0.02085435576736927,0.17931923270225525,0.19880321621894836,0.0999680608510971,0.161829,0.163145,0.675026,47.0,-0.001316,,,,,,,,,,,,,,,,,,,,,,,,,,,,,,,
1998,USA,USA,111,276115.3,26893.450858320128,87.93999593235993,82.3511,9062.817,0.22146808491911207,121.02071753410816,-215.037,1115.675,952.975,541.643,4206.025,5.35,5.26417,127.372,4.5105,131.88452096530483,0.613,1721.728,1652.458,1.0,4435.31,2694.47,2897.2740000000003,1590.252,8808.8505859375,7.407314300537109,86.36373138427734,26.9486083984375,0.0,0.0,0.0,0.0,BASE,,,0.2534160315990448,0.106227807700634,0.1208556741476059,0.054666668176651,,,0.051305755972862244,0.05492205172777176,0.05224175006151199,0.23658260703086853,0.01361287385225296,,,,0.05264170095324516,0.016833443194627762,0.16444939374923706,0.18128235638141632,0.08776117116212845,0.140996,0.163982,0.695022,36.0,-0.022986,0.0008369999999999767,-0.02083299999999999,-0.02167,,,,,,,0.161829,,0.163145,,0.675026,,-0.001316,,,,,,,,,,,,,,,
1999,USA,USA,111,279294.7,27869.81202767119,90.83770538286981,85.6047,9631.2,0.22676371085384397,123.59777665487623,-286.622,1252.4603,992.0,628.121,4517.133333,4.97,5.63667,133.639,4.2188,137.3561859323691,0.591,1827.452,1701.842,1.0,4768.295,2893.772,3041.791,1790.794,9976.1279296875,7.538876056671143,89.5404281616211,27.75363540649414,0.0,0.0,0.0,0.0,BASE,,,0.2145456075668335,0.10303066670894623,-0.09263106435537338,0.053300000727176666,,,0.049202337861061096,0.05382832884788513,0.05130404978990555,0.20052099227905273,0.011682111769914627,,,,0.0563667006790638,0.01402462087571621,0.13089559972286224,0.1610678881406784,-0.019665531814098358,0.188731,0.149645,0.661624,35.0,0.039086,-0.014336999999999989,0.047735,0.062072,0.1635635,0.0005918483758531238,-0.012151,0.015323003948312484,,,0.140996,0.161829,0.163982,0.163145,0.695022,0.675026,-0.022986,-0.001316,0.0008369999999999767,,-0.02083299999999999,,-0.02167,,,,,,,,,
2000,USA,USA,111,282158.0,28701.934318309348,93.15825236571314,88.6573,10251.0,0.230273963283672,127.79181404749878,-401.928,1477.184,1096.825,612.766,4790.466667,6.24,6.02917,142.184,3.992,145.54670592329018,0.556,2025.191,1788.95,1.0,5162.8,3128.31,3265.272,1969.175,11245.2236328125,7.456310272216797,89.75515747070312,27.687536239624023,0.0,0.0,0.0,0.0,BASE,,,-0.05703166499733925,0.11725203692913055,0.20336362719535828,0.06455832719802856,,,0.06394091248512268,0.053311120718717575,0.05010721832513809,-0.06841979920864105,0.012224534526467323,,,,0.060291700065135956,0.011388134211301804,0.047346774488687515,0.031186411157250404,0.13396097719669342,0.218199,0.158812,0.62299,33.0,0.059387,0.009167000000000008,0.029467999999999994,0.020301,0.15892399999999998,0.00804673989886588,0.004928000000000001,0.03150355452960824,-0.0027335999999999814,0.024418099999999998,0.188731,0.140996,0.149645,0.163982,0.661624,0.695022,0.039086,-0.022986,-0.014336999999999989,0.0008369999999999767,0.047735,-0.02083299999999999,0.062072,-0.02167,0.1635635,,0.0005918483758531238,,,,,
2001,USA,USA,111,284915.0,28726.09431927397,92.92834321500946,89.9346,10581.9,0.22404543871702448,131.43001515917135,-394.079,1403.559,1026.725,665.58,5203.566667,3.88,5.0175,152.805,4.7313,149.59871989833547,0.5479999999999999,1991.082,1862.846,1.0,5461.07,3459.282,3555.479,1990.793,11577.7822265625,7.649344444274902,87.08177947998047,27.65666389465332,0.0,0.0,0.0,0.0,BASE,,,-0.1279255896806717,0.12704046070575714,0.03500000014901161,0.03686666861176491,,,0.07469898462295532,0.05234147235751152,0.048703379929065704,-0.13975189626216888,0.01374756544828415,,,,0.05017499998211861,0.011826316826045513,0.016094494611024857,0.012394840829074383,0.03593333438038826,0.201825,0.196379,0.601796,43.0,0.005446,0.03756699999999999,-0.016374,-0.053941,0.15747966666666668,0.007260766235965277,0.02516233333333333,0.04291537198176585,0.010635799999999996,0.010559700000000007,0.218199,0.188731,0.158812,0.149645,0.62299,0.661624,0.059387,0.039086,0.009167000000000008,-0.014336999999999989,0.029467999999999994,0.047735,0.020301,0.062072,0.15892399999999998,0.1635635,0.00804673989886588,0.0005918483758531238,-0.0027335999999999814,,0.024418099999999998,
2002,USA,USA,111,287501.0,28976.93019268436,93.5382481623428,91.4313,10929.1,0.21402615617201873,133.50176856998488,-456.109,1437.724,997.9793000000001,714.044,5591.15,1.67,4.61083,162.483,5.7832,152.7657393820783,0.5720000000000001,1853.136,2010.894,1.0,5826.407,3847.093,3931.402,1989.817,11905.7001953125,7.611784934997559,86.98081970214844,28.27042007446289,0.0,0.0,0.0,0.0,BASE,,,-0.20060615241527557,0.11396585404872894,0.15904080867767334,0.017258329316973686,,,0.06333562731742859,0.050630223006010056,0.04761452600359917,-0.21464195847511292,0.017871838063001633,,,,0.04610830172896385,0.014035792089998722,0.013070771470665932,-0.0026886684354394674,0.08814956992864609,0.211048,0.209385,0.579567,47.0,0.001662,0.01300599999999999,0.009223000000000009,-0.003784,0.1682786666666667,0.024763481627859473,0.03463966666666667,0.027243995307834962,0.02167869999999998,-0.016621300000000002,0.201825,0.218199,0.196379,0.158812,0.601796,0.62299,0.005446,0.059387,0.03756699999999999,0.009167000000000008,-0.016374,0.029467999999999994,-0.053941,0.020301,0.15747966666666668,0.15892399999999998,0.007260766235965277,0.00804673989886588,0.010635799999999996,-0.0027335999999999814,0.010559700000000007,0.024418099999999998
2003,USA,USA,111,289986.0,29458.922506871182,95.07826323859547,93.1823,11456.5,0.21489189823058819,136.533602829712,-522.297,1557.1198,1035.1645,752.954,5980.5,1.13,4.015,172.586,5.9887,157.64384901848035,0.599,1782.314,2159.899,1.0,6318.384,4263.383,4369.996,2073.582,11871.396484375,7.5969648361206055,86.43053436279297,28.317047119140625,0.0,0.0,0.0,0.0,BASE,,,0.22114592790603638,0.11117623001337051,0.020222222432494164,0.011508329771459103,,,0.06217881292104721,0.0489974170923233,0.04612915962934494,0.20180608332157135,0.016092315316200256,,,,0.040150001645088196,0.019339842721819878,0.13298377394676208,0.15595565736293793,0.015865275636315346,0.198586,0.229068,0.572346,46.0,-0.030482,0.019683000000000006,-0.012462,-0.032144,0.188192,0.026261708036607222,0.022165,0.03229067399420458,0.022377399999999995,-0.02733910000000001,0.211048,0.201825,0.209385,0.196379,0.579567,0.601796,0.001662,0.005446,0.01300599999999999,0.03756699999999999,0.009223000000000009,-0.016374,-0.003784,-0.053941,0.1682786666666667,0.15747966666666668,0.024763481627859473,0.007260766235965277,0.02167869999999998,0.010635799999999996,-0.016621300000000002,0.010559700000000007
2004,USA,USA,111,292806.0,30199.800860551808,97.65851299494484,95.6691,12217.2,0.22006696592232933,140.22233451238003,-635.887,1810.5035,1176.3625,787.963,6265.25,1.35,4.27417,188.666,5.5286,164.57495559281637,0.612,1880.114,2292.841,1.0,7081.548,4924.251,4981.097,2279.535,12606.177734375,7.793898105621338,86.40647888183594,27.920316696166992,0.0,0.0,0.0,0.0,BASE,,,0.12771135568618774,0.14053469896316528,0.06904761493206024,0.01563332974910736,,,0.09317094087600708,0.0473637618124485,0.04332694783806801,0.10972201079130173,0.01621067151427269,,,,0.04274170100688934,0.01798933930695057,0.12080300599336624,0.1353386789560318,0.0423404723405838,0.239452,0.212794,0.547754,88.0,0.026658,-0.016273999999999983,0.040865999999999986,0.057139999999999996,0.2116106666666667,0.016457760307324133,-0.007791333333333333,0.019741566030417466,0.006892800000000037,0.0031491999999999987,0.198586,0.211048,0.229068,0.209385,0.572346,0.579567,-0.030482,0.001662,0.019683000000000006,0.01300599999999999,-0.012462,0.009223000000000009,-0.032144,-0.003784,0.188192,0.1682786666666667,0.026261708036607222,0.024763481627859473,0.022377399999999995,0.02167869999999998,-0.02733910000000001,-0.016621300000000002
2005,USA,USA,111,295583.0,30841.645496424466,100.0,97.8361,13039.2,0.22768201501485444,144.97220818595252,-749.23,2041.4825,1301.5798,815.432,6532.591667,3.22,4.29,209.984,5.0835,169.45724298248425,0.616,2153.611,2471.957,1.0,7767.335,5481.689,5441.481,2564.912,13809.50390625,7.973085403442383,87.48990631103516,27.009687423706055,0.0,0.0,0.0,0.0,BASE,,,0.07094670832157135,0.15761393308639526,0.07603738456964493,0.03511666879057884,,,0.11299332976341248,0.04462059587240219,0.04009062424302101,0.05241784080862999,0.017605995759367943,,,,0.042899999767541885,0.018528863787651062,0.1142452135682106,0.12474875152111053,0.055577024817466736,0.21351,0.19044,0.596051,78.0,0.02307,-0.022354000000000013,-0.025941999999999993,-0.003588000000000001,0.21708233333333335,0.010518910320624167,-0.0007206666666666658,0.028644418746648234,-0.007310899999999997,0.012136399999999999,0.239452,0.198586,0.212794,0.229068,0.547754,0.572346,0.026658,-0.030482,-0.016273999999999983,0.019683000000000006,0.040865999999999986,-0.012462,0.057139999999999996,-0.032144,0.2116106666666667,0.188192,0.016457760307324133,0.026261708036607222,0.006892800000000037,0.022377399999999995,0.0031491999999999987,-0.02733910000000001
2006,USA,USA,111,298442.0,31357.539587735886,101.86795551434393,100.0,13815.6,0.2285019378026689,149.67155128852957,-816.642,2256.6232999999997,1470.1703,837.701,6874.225,4.97,4.79167,225.103,4.623,176.82879375739992,0.62,2406.869,2655.05,1.0,8366.093,5935.112,5782.643,2855.324,14858.83203125,7.89143705368042,87.8382339477539,27.584644317626953,0.0,0.0,0.0,0.0,BASE,,,0.14201273024082184,0.11353041231632233,0.0005454545607790351,0.051533330231904984,,,0.07200072705745697,0.04152968153357506,0.03874034807085991,0.12229908257722855,0.01756541058421135,,,,0.04791669920086861,0.019713643938302994,0.11014509201049805,0.1251189261674881,0.02603939175605774,0.245311,0.177932,0.576757,80.0,0.06738,-0.012507999999999991,0.031800999999999996,0.044309999999999995,0.21076733333333333,0.01939358474685208,0.0064153333333333345,0.03200434878783402,-0.01757620000000001,0.0289998,0.21351,0.239452,0.19044,0.212794,0.596051,0.547754,0.02307,0.026658,-0.022354000000000013,-0.016273999999999983,-0.025941999999999993,0.040865999999999986,-0.003588000000000001,0.057139999999999996,0.21708233333333335,0.2116106666666667,0.010518910320624167,0.016457760307324133,-0.007310899999999997,0.006892800000000037,0.012136399999999999,0.0031491999999999987
2007,USA,USA,111,301280.0,31654.926754922406,102.79685435528638,100.7549,14474.2,0.22112781123943195,153.91611925214755,-736.554,2395.2275,1659.2948000000001,847.359,7294.466667,5.02,4.62917,227.811,4.6221,184.92457219067754,0.626,2567.985,2728.686,1.0,8972.786,6262.08,6067.758,3291.572,16299.396484375,7.627151966094971,89.43016815185547,29.19282341003418,1.0,1.0,0.0,0.0,BASE,,,0.06391465663909912,0.052418969571590424,0.08609523624181747,0.052683331072330475,,,0.012030048295855522,0.04038891941308975,0.039908815175294876,0.04433713108301163,0.01874636672437191,,,,0.04629170149564743,0.019577527418732643,0.05934716761112213,0.057379163801670074,0.06938928365707397,0.185515,0.176493,0.637992,71.0,0.009022,-0.0014389999999999958,-0.05979599999999999,-0.05835799999999999,0.19372200000000003,0.017661211849700466,0.039035999999999994,0.0246120943440415,-0.0121411,-0.0008597999999999976,0.245311,0.21351,0.177932,0.19044,0.576757,0.596051,0.06738,0.02307,-0.012507999999999991,-0.022354000000000013,0.031800999999999996,-0.025941999999999993,0.044309999999999995,-0.003588000000000001,0.21076733333333333,0.21708233333333335,0.01939358474685208,0.010518910320624167,-0.01757620000000001,-0.007310899999999997,0.0289998,0.012136399999999999
2008,USA,USA,111,304228.0,31251.266490333088,101.69004053509146,99.6245,14769.9,0.21004035709918062,159.82819605861545,-696.526,2576.1505,1835.2805,1669.26,7787.558333,1.92,3.66667,217.008,5.7842,189.8321162767709,0.677,2523.991,2982.544,1.0,9296.985,6373.05,6119.956,3492.101,16965.576171875,7.218917369842529,82.67257690429688,29.22944450378418,0.0,0.0,0.0,0.0,BASE,,,-0.3875488340854645,-0.006050940603017807,0.2468348741531372,0.029650000855326653,,,-0.047420889139175415,0.04136994853615761,0.043429408222436905,-0.4067414104938507,0.032351065427064896,,,,0.03666669875383377,0.019192546606063843,-0.07426854223012924,-0.13696330785751343,0.1382424384355545,0.228924,0.223474,0.547602,66.0,0.00545,0.046980999999999995,0.043408999999999975,-0.0035720000000000005,0.18162166666666665,0.007670719153595283,0.03315733333333333,0.030458656591079863,0.009766300000000002,-0.0111218,0.185515,0.245311,0.176493,0.177932,0.637992,0.576757,0.009022,0.06738,-0.0014389999999999958,-0.012507999999999991,-0.05979599999999999,0.031800999999999996,-0.05835799999999999,0.044309999999999995,0.19372200000000003,0.21076733333333333,0.017661211849700466,0.01939358474685208,-0.0121411,-0.01757620000000001,-0.0008597999999999976,0.0289998
2009,USA,USA,111,306879.72903471405,29898.64421649179,98.24535583925983,98.1711,14478.1,0.1853634516287876,159.27235977766546,-379.736,2001.9268,1582.7735,2017.338,8413.283333,0.16,3.25667,205.521,9.2542,191.19187273737475,0.823,2104.989,3517.677,1.0,8756.681,6175.145,5856.534,3076.391,16643.35546875,8.451820373535156,75.36837768554688,23.002216339111328,0.0,0.0,0.0,0.0,BASE,,,0.2908405065536499,-0.008514933288097382,-0.15220610797405243,0.005558332893997431,,,-0.05293353274464607,0.04441859945654869,0.04690124839544296,0.2653037905693054,0.020182279869914055,,,,0.032566700130701065,0.025536715984344482,0.06925594061613083,0.11598210781812668,-0.07332389056682587,0.19762,0.229073,0.573307,58.0,-0.031453,0.005598999999999993,-0.031304,-0.036903000000000005,0.19263300000000003,0.026718778808171598,0.027284,0.03477005475980731,0.02004040000000002,-0.030007100000000005,0.228924,0.185515,0.223474,0.176493,0.547602,0.637992,0.00545,0.009022,0.046980999999999995,-0.0014389999999999958,0.043408999999999975,-0.05979599999999999,-0.0035720000000000005,-0.05835799999999999,0.18162166666666665,0.19372200000000003,0.007670719153595283,0.017661211849700466,0.009766300000000002,-0.0121411,-0.0111218,-0.0008597999999999976
2010,USA,USA,111,309238.9292263667,30491.34438076369,99.93163936927323,99.2258870558973,15049.0,0.17983347143888162,161.89994946942898,-432.002,2389.5553,1857.2468000000001,2009.34,8624.216667,0.18,3.21417,197.492,9.6334,196.31943771643373,0.912,2162.706,3457.079,1.0,8954.963,6080.148,6118.608,2933.069,16768.255859375,8.71555233001709,74.88633728027344,22.68913459777832,0.0,0.0,0.0,0.0,BASE,,,0.13858318328857422,0.007942695170640945,0.10107476264238358,0.0031166670378297567,,,-0.03906656801700592,0.047009263187646866,0.048920415341854095,0.118112713098526,0.01830805465579033,,,,0.03214170038700104,0.02047046832740307,0.06328345090150833,0.06730656325817108,0.05209571495652199,0.201392,0.21467,0.583938,74.0,-0.013278,-0.014403,0.0037719999999999976,0.018175000000000004,0.20968,0.028876806038757096,-0.005660333333333334,0.02240839209611729,0.012012999999999998,-0.0103803,0.19762,0.228924,0.229073,0.223474,0.573307,0.547602,-0.031453,0.00545,0.005598999999999993,0.046980999999999995,-0.031304,0.043408999999999975,-0.036903000000000005,-0.0035720000000000005,0.19263300000000003,0.18162166666666665,0.026718778808171598,0.007670719153595283,0.02004040000000002,0.009766300000000002,-0.030007100000000005,-0.0111218
2011,USA,USA,111,311442.3802729081,30745.45820562164,100.74653502057393,100.18348112451568,15599.7,0.1827566874383776,167.00353713996967,-455.297,2695.4805,2115.8637999999996,2603.702,9253.533333,0.1,2.78583,190.362,8.9492,201.57182890162483,0.958,2303.466,3603.056,1.0,9151.247,6102.623,6191.318,3031.657,17314.04296875,8.766556739807129,70.64887237548828,19.775728225708008,0.0,0.0,0.0,0.0,BASE,,,0.022730018943548203,0.013651974499225616,0.2533893883228302,0.0030333329923450947,,,-0.03610272705554962,0.04975470155477524,0.05161826312541962,0.0014417694183066487,0.02125760167837143,,,,0.027858300134539604,0.021288249641656876,0.04985721781849861,0.017578423023223877,0.1282113641500473,0.191835,0.270628,0.537537,80.0,-0.078794,0.05595799999999998,-0.009556999999999982,-0.065516,0.22240566666666664,0.0072606889709814,-0.013093666666666668,0.018452190556498476,0.012705899999999973,-0.0234557,0.201392,0.19762,0.21467,0.229073,0.583938,0.573307,-0.013278,-0.031453,-0.014403,0.005598999999999993,0.0037719999999999976,-0.031304,0.018175000000000004,-0.036903000000000005,0.20968,0.19263300000000003,0.028876806038757096,0.026718778808171598,0.012012999999999998,0.02004040000000002,-0.0103803,-0.030007100000000005
2012,USA,USA,111,313661.80559074285,31224.222253421813,102.2599372871511,100.81106593653945,16254.0,0.1896776909125798,170.5406771096513,-418.112,2769.3175,2217.6998,2657.124,10047.91667,0.14,1.8025,190.243,8.0694,207.1004843372882,1.0,2449.988,3536.951,1.0,9444.211,6141.26,6268.85,3273.617,18286.447265625,8.7390775680542,68.8572006225586,18.050573348999023,0.0,0.0,0.0,0.0,BASE,,,0.16907955706119537,0.052103426307439804,0.03229926899075508,0.0028250000905245543,,,-0.0006251247832551599,0.052728552371263504,0.052761536091566086,0.14394524693489075,0.021971609443426132,,,,0.018024999648332596,0.025134317576885223,0.08051693439483643,0.10533249378204346,0.017562134191393852,0.183295,0.245959,0.570745,61.0,-0.062664,-0.02466899999999997,-0.008539999999999992,0.016130000000000005,0.23812366666666665,0.029056158836524286,-0.041174999999999996,0.03382269248596269,0.01066160000000002,-0.015914899999999996,0.191835,0.201392,0.270628,0.21467,0.537537,0.583938,-0.078794,-0.013278,0.05595799999999998,-0.014403,-0.009556999999999982,0.0037719999999999976,-0.065516,0.018175000000000004,0.22240566666666664,0.20968,0.0072606889709814,0.028876806038757096,0.012705899999999973,0.012012999999999998,-0.0234557,-0.0103803
2013,USA,USA,111,315822.3257831831,31581.707325592328,103.42457222904991,101.60437833590105,16843.2,0.19208579216966717,173.06720565942393,-339.455,2766.3755,2286.9813,3685.277,10724.85833,0.11,2.35083,204.31720252594758,7.3749,208.91053694428558,1.0070000000000001,2775.103,3454.647,1.0,9730.2,6255.0,6246.184,3487.4000000000015,19180.232421875,9.080316543579102,68.53228759765625,16.456039428710938,0.0,0.0,0.0,0.0,BASE,,,0.2956359088420868,0.12796276807785034,-0.13242028653621674,0.0020833329763263464,,,0.07398013025522232,0.05398263409733772,0.05026409029960632,0.27103474736213684,0.019355231896042824,,,,0.02350829914212227,0.024601172655820847,0.13984301686286926,0.21240469813346863,-0.06516847759485245,0.227356,0.181401,0.591244,68.0,0.045955,-0.064558,0.04406099999999999,0.108619,0.24375233333333335,0.028044187888639736,-0.05157866666666666,0.034135758748463904,-0.012447599999999972,0.019382899999999998,0.183295,0.191835,0.245959,0.270628,0.570745,0.537537,-0.062664,-0.078794,-0.02466899999999997,0.05595799999999998,-0.008539999999999992,-0.009556999999999982,0.016130000000000005,-0.065516,0.23812366666666665,0.22240566666666664,0.029056158836524286,0.0072606889709814,0.01066160000000002,0.012705899999999973,-0.015914899999999996,-0.0234557
2014,USA,USA,111,318106.64657814766,32072.18365577019,105.26225902234812,103.59320965754884,17550.7,0.19637672410323634,175.99797877716017,-369.978,2887.445,2377.4082999999996,3898.497,11387.04167,0.09,2.54083333333333,214.71387433589624,6.1675,215.13480468231728,1.026,3021.487,3506.114,1.0,10273.199999999999,6461.199999999998,6455.991999999999,3836.499999999999,20451.583984375,9.125490188598633,68.76428985595703,16.83882713317871,0.0,0.0,0.0,0.0,BASE,,,0.15816636383533478,0.1063278317451477,0.24389655888080597,0.0008999999845400453,,,0.05464997515082359,0.051677852869033813,0.049000002443790436,0.13634955883026123,0.019199034199118614,,,,0.02540833316743374,0.021816814318299294,0.130062997341156,0.1327294558286667,0.12239827960729599,0.167395,0.173683,0.658922,92.0,-0.006289,-0.007718000000000003,-0.059961000000000014,-0.052244000000000006,0.23266266666666668,0.04607557641889387,-0.03183433333333333,0.06784857780626895,-0.035539299999999975,0.0326134,0.227356,0.183295,0.181401,0.245959,0.591244,0.570745,0.045955,-0.062664,-0.064558,-0.02466899999999997,0.04406099999999999,-0.008539999999999992,0.108619,0.016130000000000005,0.24375233333333335,0.23812366666666665,0.028044187888639736,0.029056158836524286,-0.012447599999999972,0.01066160000000002,0.019382899999999998,-0.015914899999999996
2015,USA,USA,111,320409.9368202732,32703.493039904108,107.70375551270318,106.20567221634752,18206.0,0.19830124135789803,176.30116220313286,-408.884,2794.8495,2268.6505,3816.062,12043.525,0.13,2.135833,226.0146045641013,5.28,221.05653652569592,1.001,3249.886,3688.292,1.0,10986.900000000001,6735.0,6805.001,4181.815999999999,21845.42578125,9.322636604309082,71.05863952636719,15.958414077758789,0.0,0.0,0.0,0.0,BASE,,,0.021029368042945862,0.10647867619991302,-0.018857143819332123,0.0013000000035390258,,,0.05597791075706482,0.05050076171755791,0.04782368987798691,-9.24902778933756e-05,0.021123811602592468,,,,0.02135832980275154,0.021121857687830925,0.04619288444519043,0.06543337553739548,-0.008778572082519531,0.183019,0.196511,0.62047,75.0,-0.013493,0.022827999999999987,0.015623999999999999,-0.0072039999999999995,0.20034766666666667,0.03968862780864734,-0.007665999999999993,0.054322590945204356,-0.015606200000000018,0.00952690000000001,0.167395,0.227356,0.173683,0.181401,0.658922,0.591244,-0.006289,0.045955,-0.007718000000000003,-0.064558,-0.059961000000000014,0.04406099999999999,-0.052244000000000006,0.108619,0.23266266666666668,0.24375233333333335,0.04607557641889387,0.028044187888639736,-0.035539299999999975,-0.012447599999999972,0.0326134,0.019382899999999998
2016,USA,USA,111,322701.24635892856,33012.76787083851,108.75603486121952,108.05177380324953,18695.1,0.19583070800415747,178.57503789792818,-397.573,2738.3592999999996,2232.1095,3509.753,12860.225,0.39,1.84166667,238.75575948983112,4.8692,223.70773512864926,1.052,3267.961,3852.612,1.0,11698.199999999999,7146.099999999999,7202.766,4495.528,23020.064453125,9.278051376342773,70.90855407714844,15.484299659729004,0.0,0.0,0.0,0.0,BASE,,,0.036493316292762756,0.10792774707078934,0.00227823993191123,0.004,,,0.05830025672912598,0.04962749034166336,0.04689358174800873,0.014867558144032955,0.02130894921720028,,,,0.018417,0.021625759080052376,0.04853634536266327,0.06717730313539505,0.0031391200609505177,0.18536,0.222236,0.592405,60.0,-0.036876,0.025724999999999998,0.0023410000000000097,-0.023383,0.18386499999999997,0.011611755595085703,0.00872433333333334,0.03244327833825263,0.014533299999999994,-0.025569700000000004,0.183019,0.167395,0.196511,0.173683,0.62047,0.658922,-0.013493,-0.006289,0.022827999999999987,-0.007718000000000003,0.015623999999999999,-0.059961000000000014,-0.0072039999999999995,-0.052244000000000006,0.20034766666666667,0.23266266666666668,0.03968862780864734,0.04607557641889387,-0.015606200000000018,-0.035539299999999975,0.00952690000000001,0.0326134
2017,USA,USA,111,324756.93539600546,33543.679861697616,110.59109871405998,109.97804259715528,19479.6,0.2045465439,182.41536129358255,-361.702,2923.6905,2383.7583,3823.708,13592.46667,1.0,2.33,253.5221207276517,4.3552,230.12066380528998,1.046,3316.182,3981.628,1.0,12263.199999999999,7479.9,7539.187,4724.152,24702.212890625,9.349651336669922,71.36942291259766,15.20024299621582,0.0,0.0,0.0,0.0,BASE,,,0.19302545487880707,0.11307057738304138,0.025167474523186684,0.01,,,0.06438827514648438,0.04868230223655701,0.04573735222220421,0.17036323249340057,0.0193634070456028,,,,0.0233,0.022662220522761345,0.12138071656227112,0.16088078916072845,0.017583737149834633,0.197608,0.158729,0.643662,58.0,0.038879,-0.06350699999999998,0.012248000000000009,0.07575499999999999,0.19747666666666666,0.024290900278362167,-0.018885999999999997,0.015990762302029185,-0.001913699999999997,0.011212099999999996,0.18536,0.183019,0.222236,0.196511,0.592405,0.62047,-0.036876,-0.013493,0.025724999999999998,0.022827999999999987,0.0023410000000000097,0.015623999999999999,-0.023383,-0.0072039999999999995,0.18386499999999997,0.20034766666666667,0.011611755595085703,0.03968862780864734,0.014533299999999994,-0.015606200000000018,-0.025569700000000004,0.00952690000000001
2018,USA,USA,111,326497.1325750366,34338.77075550321,113.30686131104089,112.56730578873464,20527.2,0.20858607573104562,186.86205154118238,-438.241,3129.697,2533.5115,3372.911,14116.525,1.83,2.91,269.2813334344672,3.8956,237.50656240876438,1.054,3329.907,4109.044,1.0,12814.851,7662.869,7748.290000000001,5066.561,26289.54296875,9.391540485854245,72.05500594840818,14.785629281294757,0.0,0.0,0.0,0.0,BASE,,,0.14207513630390167,0.11293046176433563,-0.017138032242655754,0.0183,,,0.06553864479064941,0.04739182069897652,0.044476866722106934,0.12109320610761642,0.018715599551796913,,,,0.0291,0.020981932058930397,0.0922103226184845,0.12958526611328125,0.0005809838767163455,0.21862,0.120791,0.660589,50.0,0.097829,-0.03793800000000001,0.021012000000000003,0.05895,0.192492,0.031943685338420215,-0.003829999999999993,0.03879091624336809,-0.029066699999999977,0.040972100000000004,0.197608,0.18536,0.158729,0.222236,0.643662,0.592405,0.038879,-0.036876,-0.06350699999999998,0.025724999999999998,0.012248000000000009,0.0023410000000000097,0.07575499999999999,-0.023383,0.19747666666666666,0.18386499999999997,0.024290900278362167,0.011611755595085703,-0.001913699999999997,0.014533299999999994,0.011212099999999996,-0.025569700000000004
2019,USA,USA,111,328018.6819157385,34961.83505132533,115.22969154991102,114.50945545179097,21372.6,0.21020508598064913,190.24759979787768,-472.145,3115.9903,2519.727,3426.5,14836.525,2.16,2.144167,282.98637068818806,2.0,245.02978774596224,1.068,3463.364,4446.956,1.0,13455.427,8088.819,8138.447,5316.98,27560.982421875,9.315319346513277,71.25130722810971,14.10897557732,0.0,0.0,0.0,0.0,BASE,,,0.08163652569055557,0.08928519487380981,0.1186676025390625,0.0216,,,0.04315972328186035,0.04612547531723976,0.044217079877853394,0.06114409863948822,0.019311632961034775,,,,0.021442000000000003,0.020492425188422203,0.08060579001903534,0.08477581292390823,0.07013379782438278,0.165843,0.121135,0.713022,79.0,0.044708,0.00034400000000001096,-0.05277700000000002,-0.053121,0.16725199999999998,0.0512567376351637,0.03327733333333334,0.06752698170608051,-0.034124100000000004,0.030370200000000007,0.21862,0.197608,0.120791,0.158729,0.660589,0.643662,0.097829,0.038879,-0.03793800000000001,-0.06350699999999998,0.021012000000000003,0.012248000000000009,0.05895,0.07575499999999999,0.192492,0.19747666666666666,0.031943685338420215,0.024290900278362167,-0.029066699999999977,-0.001913699999999997,0.040972100000000004,0.011212099999999996
2020,USA,USA,111,329239.7152777321,33646.26175527241,110.82304924376307,109.79316590522237,20893.7,0.21436761063256943,192.62253663466396,-616.087,2774.597,2123.4105,5206.5,17677.43333,0.37,0.8941666,305.2215031887959,8.05,259.1803096049441,1.281,3421.162,6550.396,1.0,14528.895,8896.753,8682.248,5846.647000000001,30068.0234375,8.533193782131667,59.40990723942182,10.972219200594214,0.0,0.0,0.0,0.0,BASE,,,0.12535415589809418,0.12417148053646088,0.11865632981061935,0.0038,,,0.07857310771942139,0.04559837654232979,0.04227657616138458,0.10506433248519897,0.018360760062932968,,,,0.008942,0.020289821550250053,0.106476329267025,0.12490211427211761,0.06122816354036331,0.209843,0.15184,0.638317,67.0,0.058003,0.030704999999999996,0.04400000000000001,0.013295000000000001,0.13355166666666665,0.02180488865675191,0.060472000000000005,0.03248312480350375,-0.002032300000000002,0.00042510000000001196,0.165843,0.21862,0.121135,0.120791,0.713022,0.660589,0.044708,0.097829,0.00034400000000001096,-0.03793800000000001,-0.05277700000000002,0.021012000000000003,-0.053121,0.05895,0.16725199999999998,0.192492,0.0512567376351637,0.031943685338420215,-0.034124100000000004,-0.029066699999999977,0.030370200000000007,0.040972100000000004
