year,country,iso,ifs,pop,rgdpmad,rgdpbarro,rconsbarro,gdp,iy,cpi,ca,imports,exports,narrowm,money,stir,ltrate,hpnom,unemp,wage,debtgdp,revenue,expenditure,xrusd,tloans,tmort,thh,tbus,bdebt,lev,ltd,noncore,crisisjst,crisisjst_old,peg,peg_strict,peg_type,peg_base,jsttrilemmaiv,eq_tr,housing_tr,bond_tr,bill_rate,rent_ipolated,housing_capgain_ipolated,housing_capgain,housing_rent_rtn,housing_rent_yd,eq_capgain,eq_dp,eq_capgain_interp,eq_tr_interp,eq_dp_interp,bond_rate,eq_div_rtn,capital_tr,risky_tr,safe_tr,P_pos,P_neg,P_neutral,n_speeches,net_sentiment,P_pos_lag1,P_pos_lag2,P_neg_lag1,P_neg_lag2,P_neutral_lag1,P_neutral_lag2,net_sentiment_lag1,net_sentiment_lag2,crisis_w2,tloans_lag1,tloans_lag2,tloans_lag3,tmort_lag1,tmort_lag2,tmort_lag3,money_lag1,money_lag2,money_lag3,ltrate_lag1,ltrate_lag2,ltrate_lag3,stir_lag1,stir_lag2,stir_lag3,hpnom_lag1,hpnom_lag2,hpnom_lag3,debtgdp_lag1,debtgdp_lag2,debtgdp_lag3,cpi_lag1,cpi_lag2,cpi_lag3,ca_lag1,ca_lag2,ca_lag3,rgdpmad_lag1,rgdpmad_lag2,rgdpmad_lag3,term_spread,term_spread_lag1,term_spread_lag2,term_spread_lag3,tloans_gr_lag1,tmort_gr_lag1,money_gr_lag1,hpnom_gr_lag1,rgdpmad_gr_lag1,tloans_lag1_dm,tloans_lag2_dm,tloans_lag3_dm,tmort_lag1_dm,tmort_lag2_dm,tmort_lag3_dm,money_lag1_dm,money_lag2_dm,money_lag3_dm,ltrate_lag1_dm,ltrate_lag2_dm,ltrate_lag3_dm,stir_lag1_dm,stir_lag2_dm,stir_lag3_dm,hpnom_lag1_dm,hpnom_lag2_dm,hpnom_lag3_dm,debtgdp_lag1_dm,debtgdp_lag2_dm,debtgdp_lag3_dm,cpi_lag1_dm,cpi_lag2_dm,cpi_lag3_dm,ca_lag1_dm,ca_lag2_dm,ca_lag3_dm,rgdpmad_lag1_dm,rgdpmad_lag2_dm,rgdpmad_lag3_dm,term_spread_lag1_dm,term_spread_lag2_dm,term_spread_lag3_dm,tloans_gr_lag1_dm,tmort_gr_lag1_dm,money_gr_lag1_dm,hpnom_gr_lag1_dm,rgdpmad_gr_lag1_dm,P_pos_lag1_dm,P_neg_lag1_dm,P_neutral_lag1_dm,net_sentiment_lag1_dm,P_pos_lag2_dm,P_neg_lag2_dm,P_neutral_lag2_dm,net_sentiment_lag2_dm
2000,Australia,AUS,193,19053.0,21377.823125181403,90.24726282285393,85.8776,661159.0,0.2413036840459848,124.3326631460674,-27114.13059,123495.0,110355.0,115311.31040945792,441076.96608717,5.97608417817581,6.31456933440806,150.19367097858657,6.2826,134.68348923210792,0.19559,169921.0,160408.0,1.8050541516245489,501168.72,267210.0,313281.0,187887.0,507242.0,4.928369382543435,127.81136322021484,46.10480981998489,0.0,0.0,0.0,0.0,FLOAT,USA,0.0,0.0502253957092762,0.1360531449317932,0.1729061156511306,0.0597608424723148,,,0.0996295362710952,0.0364236049354076,0.0331235229969024,0.0147645389661192,0.0349449105560779,,,,0.0631456896662712,0.0354608558118343,0.1099912896752357,0.1096161231398582,0.1163334771990776,0.183862,0.194881,0.621258,11.0,-0.011019,0.138977,0.16271,0.193348,0.240418,0.667676,0.596873,-0.054371,-0.077708,0,453447.4476,401898.5166,366159.4058,228489.0,202729.0,183868.0,420189.243571,384572.7590125,356961.8623,6.00931194298328,5.49297052826401,6.95491854388937,4.7584499580638,4.83681458215697,5.29024091685076,136.58554410582474,128.2686545348242,116.6922458525177,0.22588,0.23754,0.25908,119.02710704119848,117.3745567790262,116.37432898876403,-33767.15669,-28407.06774,-16281.49141,20970.89428666414,20377.949762010507,19612.09177301113,0.33848515623224973,1.2508619849194806,0.6561559461070399,1.6646776270386106,0.12826355129672068,0.1270661819473287,0.09261312384672138,0.06483961027861676,0.029097359232822737,-1067699.0050086956,-1052732.6747636364,-1020297.7613428573,-621284.6608695652,-606470.5,-584452.6761904762,-729147.5620028118,-719321.1286328486,-699551.2104713179,1.322109506542061,0.6605922083481905,2.0202444468347016,0.6672370224908608,0.6128949979973823,0.9366108763026206,-171.55336935715405,-171.9923438404226,-173.9690667148148,-0.014203913043478261,0.0077272727272727215,0.03815238095238094,-39.05426277479238,-38.78946626149133,-37.836774235776716,9921.802021304342,17896.16065818182,30385.13475952381,-3570.5307483750803,-4006.866665499587,-4606.100946740698,0.6548724840512004,0.04769721035080743,1.0836335705320814,0.027137711105800585,0.01858786343785916,0.006640744345916827,-0.0033545419643989105,0.0127571066385581,-0.06680913043478262,-0.07051860869565221,0.1373286521739131,0.003709304347826084,-0.04324181818181819,-0.022194454545454517,0.06543718181818181,-0.021047545454545458
2001,Australia,AUS,193,19294.0,21662.025668109956,92.42640029478908,87.2277,705066.0,0.228653449810654,129.81217191011234,-15885.13698,124382.0,122531.0,139992.22499339384,502184.66369387,4.80019007719122,5.61526432840721,162.67631367390192,6.7423,141.78812268871005,0.17177,166079.0,164548.0,1.9584802193497843,552921.38,302902.0,352485.0,200436.0,523429.0,6.8474741630419045,123.5514144897461,43.126594422721794,0.0,0.0,0.0,0.0,FLOAT,USA,0.0,0.1013462468981742,0.1172961890697479,0.0177284330129623,0.0480019003152847,,,0.0831058472394943,0.0341903455555439,0.0315669476985931,0.0650458037853241,0.0340834558010101,,,,0.0561526417732238,0.0363004431128501,0.1085455864667892,0.1123865693807601,0.0328651666641235,0.130977,0.459429,0.409594,5.0,-0.328453,0.183862,0.138977,0.194881,0.193348,0.621258,0.667676,-0.011019,-0.054371,0,501168.72,453447.4476,401898.5166,267210.0,228489.0,202729.0,441076.96608717,420189.243571,384572.7590125,6.31456933440806,6.00931194298328,5.49297052826401,5.97608417817581,4.7584499580638,4.83681458215697,150.19367097858657,136.58554410582474,128.2686545348242,0.19559,0.22588,0.23754,124.3326631460674,119.02710704119848,117.3745567790262,-27114.13059,-33767.15669,-28407.06774,21377.823125181403,20970.89428666414,20377.949762010507,0.8150742512159894,0.33848515623224973,1.2508619849194806,0.6561559461070399,0.10524102109864861,0.16946548849178736,0.04971027420562844,0.09963079886564295,0.01940445805289464,-1019977.7326086957,-1001183.7437636363,-984558.6505428574,-582563.6608695652,-580710.5,-565591.6761904762,-708259.8394866418,-683704.6440743487,-671940.3137588177,1.6273668979668408,1.1769336230674607,0.5582964312093415,1.8848712426028715,0.5345303739042118,0.4831845416088312,-157.94524248439222,-163.67545426942206,-162.3926580325083,-0.044493913043478245,-0.003932727272727282,0.016612380952380962,-33.74870666992345,-37.136915999319044,-36.83654644551456,16574.828121304345,12536.071708181815,18259.558429523815,-3163.601909857818,-3413.9221408459525,-3840.2429577413204,-0.25750434463603056,0.6424032491632482,0.07511188960051074,0.004115180907728513,0.06098716998231783,-0.036262105295176116,0.03143664662262728,0.0030642054586300024,-0.021924130434782613,-0.0689856086956522,0.09091065217391303,0.047061304347826086,-0.06697481818181819,-0.06926445454545452,0.13624018181818187,0.002289454545454539
2002,Australia,AUS,193,19345.0,22236.935272996816,94.3409643644187,89.3663,754253.0,0.2545782871389858,133.76959490636705,-28767.20942,134039.0,119458.0,179972.44034980447,537277.23965247,4.55083333333333,5.84395771110088,195.9657969743477,6.3676,147.49619316945837,0.15062,170753.0,174403.0,1.7661603673613564,638061.02,350989.0,410680.0,227381.0,570396.0,5.39836865823757,121.30997467041016,43.931485378416255,0.0,0.0,0.0,0.0,FLOAT,USA,0.0,-0.080964095890522,0.2369515746831894,0.1277306079864502,0.0455083325505256,,,0.2046398967504501,0.0323116742074489,0.0268226843327283,-0.1144081652164459,0.0377646572887897,,,,0.0584395788609981,0.0334440730512142,0.1523730009794235,0.1552301347255706,0.0866194665431976,0.211936,0.439675,0.348389,11.0,-0.227739,0.130977,0.183862,0.459429,0.194881,0.409594,0.621258,-0.328453,-0.011019,0,552921.38,501168.72,453447.4476,302902.0,267210.0,228489.0,502184.66369387,441076.96608717,420189.243571,5.61526432840721,6.31456933440806,6.00931194298328,4.80019007719122,5.97608417817581,4.7584499580638,162.67631367390192,150.19367097858657,136.58554410582474,0.17177,0.19559,0.22588,129.81217191011234,124.3326631460674,119.02710704119848,-15885.13698,-27114.13059,-33767.15669,21662.025668109956,21377.823125181403,20970.89428666414,1.2931243777675503,0.8150742512159894,0.33848515623224973,1.2508619849194806,0.10326394672037799,0.13357284532764493,0.13854202850081113,0.08311031093377447,0.013294269545797897,-968225.0726086957,-953462.4713636364,-933009.7195428573,-546871.6608695652,-541989.5,-539831.6761904762,-647152.1418799418,-662816.9215581787,-636323.8292003179,0.9280618919659904,1.4821910144922406,1.0746378459286117,0.7089771416182815,1.7521645940162225,0.4048199175156606,-145.46259978907688,-150.06732739666023,-154.07576846150778,-0.06831391304347825,-0.034222727272727266,0.004952380952380958,-28.269197905878514,-31.831359894450117,-35.18399618334227,27803.821731304346,19189.097808181818,12899.46947952381,-2879.399366929265,-3006.9933023286903,-3247.298433087686,0.21908475034770913,-0.2699735795239827,0.6698179284129515,0.002138106529457895,0.02509452681817541,0.052569649000006574,0.014916158690758796,-0.0030459830484667397,-0.0748091304347826,0.19556239130434777,-0.12075334782608693,-0.2703726956521739,-0.022089818181818183,-0.06773145454545451,0.0898221818181818,0.04564145454545454
2003,Australia,AUS,193,19767.0,22666.27778851437,96.98194132936084,93.2298,800960.0,0.2642255431176145,137.42260074906366,-42875.38879999999,136544.0,107956.0,198074.8685167553,601112.9571911701,4.80916666666667,5.36677549770342,231.631572023679,5.9287,153.83946051772898,0.13208,183659.0,182268.0,1.3333333333333333,755126.42,419409.0,486353.0,268773.0,572036.0,5.204275170435823,123.07186889648438,41.73241972826925,0.0,0.0,0.0,0.0,FLOAT,USA,0.0,0.1586419343948364,0.2093421518802642,0.0228168983012437,0.0480916649103164,,,0.1820009648799896,0.0273411925882101,0.0231312774121761,0.1110737696290016,0.0428127907216548,,,,0.0536677539348602,0.0475681684911251,0.1907079666852951,0.1961714625358581,0.0354542806744575,0.188713,0.434833,0.376454,6.0,-0.24612,0.211936,0.130977,0.439675,0.459429,0.348389,0.409594,-0.227739,-0.328453,0,638061.02,552921.38,501168.72,350989.0,302902.0,267210.0,537277.23965247,502184.66369387,441076.96608717,5.84395771110088,5.61526432840721,6.31456933440806,4.55083333333333,4.80019007719122,5.97608417817581,195.9657969743477,162.67631367390192,150.19367097858657,0.15062,0.17177,0.19559,133.76959490636705,129.81217191011234,124.3326631460674,-28767.20942,-15885.13698,-27114.13059,22236.935272996816,21662.025668109956,21377.823125181403,0.5576088310367506,1.2931243777675503,0.8150742512159894,0.33848515623224973,0.1539814575446513,0.15875431657763897,0.06987982408796196,0.20463632687901515,0.026539974317047393,-883085.4326086957,-901709.8113636364,-885288.4471428574,-498784.6608695652,-506297.5,-501110.67619047617,-612059.5659213418,-601709.2239514787,-615436.1066841478,1.1567552746596608,0.7828860084913902,1.3798952373533915,0.459620397760391,0.5762704930316325,1.6224541376276713,-112.17311648863108,-137.58468470134488,-140.46764158874595,-0.08946391304347825,-0.058042727272727274,-0.025337619047619026,-24.311774909623807,-26.35185113040518,-29.878440078473346,14921.749291304346,30418.09141818182,19552.495579523813,-2304.4897620424053,-2722.790759400137,-2840.369594570424,0.69713487689927,0.20661551545975698,-0.2425589002742794,0.05285561735373122,0.050275998068169445,-0.016092555412842588,0.13644217463599947,0.010199721722782756,0.006149869565217403,0.17580839130434778,-0.18195834782608694,-0.1696586956521739,-0.07497481818181817,0.19681654545454547,-0.12184181818181816,-0.27179254545454545
2004,Australia,AUS,193,19995.0,23322.00788305354,98.1709022156972,96.1831,861039.0,0.2675819507177675,140.6407249438202,-54443.49597000001,148924.0,117773.0,211328.75215886932,655708.160473812,5.25,5.59077450749734,246.72093839070376,5.3947,160.9876006090929,0.11942,192723.0,189587.0,1.2836970474967908,865325.92,474827.0,549628.0,315698.0,617142.0,4.784511755178226,124.59059143066406,43.48126565073752,0.0,0.0,0.0,0.0,FLOAT,USA,0.0,0.2756807804107666,0.0888470411300659,0.0823613330721855,0.0524999983608722,,,0.0651421248912811,0.0237049181014299,0.0222551692277193,0.2259830683469772,0.0405370220541954,,,,0.0559077449142932,0.0496977008879184,0.1386108547449112,0.1406475752592086,0.067430667579174,0.197748,0.265144,0.537108,8.0,-0.067395,0.188713,0.211936,0.434833,0.439675,0.376454,0.348389,-0.24612,-0.227739,0,755126.42,638061.02,552921.38,419409.0,350989.0,302902.0,601112.9571911701,537277.23965247,502184.66369387,5.36677549770342,5.84395771110088,5.61526432840721,4.80916666666667,4.55083333333333,4.80019007719122,231.631572023679,195.9657969743477,162.67631367390192,0.13208,0.15062,0.17177,137.42260074906366,133.76959490636705,129.81217191011234,-42875.38879999999,-28767.20942,-15885.13698,22666.27778851437,22236.935272996816,21662.025668109956,0.34077450749733984,0.5576088310367506,1.2931243777675503,0.8150742512159894,0.18347054016871306,0.19493488399921366,0.11881336641021924,0.1820000000000001,0.01930762986205753,-766020.0326086957,-816570.1713636364,-833535.7871428573,-430364.6608695652,-458210.5,-465418.67619047617,-548223.8483826417,-566616.6479928787,-554328.4090774478,0.6795730612622011,1.0115793911850606,0.6805902313525412,0.717953731093731,0.32691374917374194,0.4465600366430813,-76.50734143929978,-104.29520140089909,-127.9849988934306,-0.10800391304347826,-0.07919272727272728,-0.04915761904761903,-20.658769066927192,-22.394428134150473,-24.39893131442841,813.569911304352,17536.01897818182,30781.489189523814,-1875.1472465248517,-2147.8811545132776,-2556.167051641871,-0.03838066983152966,0.6846656420113179,0.2340301947094603,0.08234469997779297,0.08645656548974413,0.032840986909414685,0.11380584775698444,0.0029673772677928922,-0.01707313043478262,0.17096639130434782,-0.15389334782608693,-0.18803969565217393,0.005984181818181833,0.17706254545454547,-0.18304681818181817,-0.17107854545454546
2005,Australia,AUS,193,20232.0,23764.613687385267,100.0,97.9226,922371.0,0.27598881251206,144.38070711610487,-54844.17966,164137.0,139080.0,233036.6396546432,710108.9448927271,5.4575,5.33997311398556,250.24832273624205,5.0325,167.70720034805314,0.10891,211032.0,207932.0,1.362954886193267,985477.6,531848.0,615977.0,369501.0,710925.0,4.907004130195782,129.52720642089844,43.36338977701593,0.0,0.0,0.0,0.0,FLOAT,USA,0.0,0.210878312587738,0.0370575487613678,0.0635770782828331,0.0545749999582767,,,0.0142954997718334,0.0227620508521795,0.022441241890192,0.1617774069309234,0.0422636158764362,,,,0.0533997304737567,0.0491009131073951,0.0860600769519805,0.0867671519517898,0.0590760409832,0.178847,0.22918,0.591973,10.0,-0.050332,0.197748,0.188713,0.265144,0.434833,0.537108,0.376454,-0.067395,-0.24612,0,865325.92,755126.42,638061.02,474827.0,419409.0,350989.0,655708.160473812,601112.9571911701,537277.23965247,5.59077450749734,5.36677549770342,5.84395771110088,5.25,4.80916666666667,4.55083333333333,246.72093839070376,231.631572023679,195.9657969743477,0.11942,0.13208,0.15062,140.6407249438202,137.42260074906366,133.76959490636705,-54443.49597000001,-42875.38879999999,-28767.20942,23322.00788305354,22666.27778851437,22236.935272996816,-0.11752688601443939,0.34077450749733984,0.5576088310367506,1.2931243777675503,0.14593516672347392,0.13213354982844908,0.09082353429503467,0.06514382402707265,0.028929765207035694,-655820.5326086957,-699504.7713636364,-748396.1471428573,-374946.6608695652,-389790.5,-417331.67619047617,-493628.64509999973,-502780.9304541786,-519235.8331188478,0.9035720710561206,0.5343971777876009,0.9092836140462115,1.1587870644270613,0.5852470825070819,0.19720329278519078,-61.41797507227503,-68.62942635156779,-94.6955155929848,-0.12066391304347826,-0.09773272727272728,-0.07030761904761904,-17.44064487217065,-18.74142229145386,-20.441508318173703,-10754.537258695666,3427.839598181825,17899.416749523814,-1219.4171519856827,-1718.5386389957239,-1981.2574467550112,-0.25521499337094045,-0.05084990471948181,0.7120803212610212,0.04480932653255383,0.02365523131897955,0.0048511547942301225,-0.0030503282159430184,0.012589512612771057,-0.008038130434782603,0.0012773913043477858,0.006760652173913084,-0.00931469565217391,-0.01723881818181819,0.17222054545454551,-0.15498181818181817,-0.18945954545454546
2006,Australia,AUS,193,20489.0,24097.573450962896,101.2892063714986,100.0,996430.0,0.2737439523095031,149.51231056179776,-58500.405300000006,184750.160008,163753.0,258691.49340122173,802491.625485827,5.805,5.5878722441858,269.84490243367674,4.7823,175.99738960191434,0.09959,225513.0,209797.0,1.2637432073802604,1124441.89,588836.0,685281.0,439161.0,815892.0,4.703203638733361,129.28997802734375,44.17216340154606,0.0,0.0,0.0,0.0,FLOAT,USA,0.0,0.2496554255485534,0.1014699265360832,0.0092427870258688,0.0580499991774559,,,0.0783103182911872,0.023159610107541,0.0214776862412691,0.1986705809831619,0.0425344891846179,,,,0.0558787211775779,0.0509848408401012,0.1454662233591079,0.1479840576648712,0.0336463935673236,0.176564,0.26576,0.557676,6.0,-0.089196,0.178847,0.197748,0.22918,0.265144,0.591973,0.537108,-0.050332,-0.067395,0,985477.6,865325.92,755126.42,531848.0,474827.0,419409.0,710108.9448927271,655708.160473812,601112.9571911701,5.33997311398556,5.59077450749734,5.36677549770342,5.4575,5.25,4.80916666666667,250.24832273624205,246.72093839070376,231.631572023679,0.10891,0.11942,0.13208,144.38070711610487,140.6407249438202,137.42260074906366,-54844.17966,-54443.49597000001,-42875.38879999999,23764.613687385267,23322.00788305354,22666.27778851437,-0.2171277558141993,-0.11752688601443939,0.34077450749733984,0.5576088310367506,0.1388513590347553,0.12008794782099586,0.08296493424697546,0.014297061159650603,0.018978031675108836,-535668.8526086957,-589305.2713636364,-631330.7471428573,-317925.6608695652,-334372.5,-348911.67619047617,-439227.8606810847,-448185.72717153665,-455400.1155801477,0.6527706775443409,0.7583961875815204,0.4321014006487518,1.3662870644270608,1.0260804158404122,0.45553662611853074,-57.89059072673675,-53.540059984543035,-59.0297405436535,-0.13117391304347825,-0.11039272727272728,-0.08884761904761904,-13.700662699885982,-15.523298096697317,-16.788502475477088,-11155.220948695656,-8140.267571818193,3791.2373695238202,-776.8113476539547,-1062.808544456555,-1551.9149312374575,-0.7135163868827197,-0.2676842282588926,-0.023435225469778498,0.037725518843835196,0.011609629311526329,-0.003007445253829094,-0.053897091083365066,0.002637779080844199,-0.026939130434782604,-0.03468660869565221,0.061625652173913026,0.007748304347826085,-0.008203818181818173,0.0025315454545454807,0.005672181818181854,-0.010734545454545455
2007,Australia,AUS,193,20750.0,24911.57786781549,104.52805991558324,100.3681,1086590.0,0.2781956015647278,153.03485191011234,-72997.1162,196756.41525,168386.0,292631.305075079,984506.232993645,6.38752653589776,5.99452083739212,300.41556676167505,4.377,183.9895584076572,0.09688,254761.0,224579.0,1.134301270417423,1352075.7899999998,660823.0,772485.0,579591.0,961787.0,4.451882694713134,117.1962890625,37.63911227115846,0.0,0.0,0.0,0.0,FLOAT,USA,0.0,0.1795337051153183,0.135941743850708,0.0277993865311145,0.0638752654194831,,,0.1132909655570983,0.0226507745683193,0.0203457809984684,0.1376078575849533,0.036854401230812,,,,0.0599452070891857,0.0419258549809455,0.1461252123117447,0.1481266319751739,0.045837327837944,0.242618,0.214351,0.543032,8.0,0.028266,0.176564,0.178847,0.26576,0.22918,0.557676,0.591973,-0.089196,-0.050332,0,1124441.89,985477.6,865325.92,588836.0,531848.0,474827.0,802491.625485827,710108.9448927271,655708.160473812,5.5878722441858,5.33997311398556,5.59077450749734,5.805,5.4575,5.25,269.84490243367674,250.24832273624205,246.72093839070376,0.09959,0.10891,0.11942,149.51231056179776,144.38070711610487,140.6407249438202,-58500.405300000006,-54844.17966,-54443.49597000001,24097.573450962896,23764.613687385267,23322.00788305354,-0.3930056985056405,-0.2171277558141993,-0.11752688601443939,0.34077450749733984,0.1410121244764974,0.10715091529910802,0.1300964890775397,0.07830853563038338,0.014010737475373802,-396704.5626086958,-469153.5913636364,-521131.2471428573,-260937.6608695652,-277351.5,-293493.67619047617,-346845.1800879848,-393784.9427526216,-400804.91229750577,0.9006698077445812,0.5075947940697407,0.6561004104426713,1.713787064427061,1.2335804158404118,0.896369959451861,-38.294011029302055,-50.012675639004755,-43.94037417662875,-0.14049391304347825,-0.12090272727272727,-0.10150761904761904,-8.569059254193093,-11.783315924412648,-13.570378280720547,-14811.44658869566,-8540.951261818183,-7776.869800476197,-443.8515840763248,-620.202740124827,-896.1848366982886,-0.8131172566824796,-0.7259856217706718,-0.2402695490091893,0.03988628428557732,-0.0013274032103615108,0.044124109576735154,0.010114383387367712,-0.0023295151188908354,-0.02922213043478261,0.0018933913043477912,0.027328652173913004,-0.03111569565217391,-0.027104818181818174,-0.033432454545454515,0.060537181818181796,0.00632845454545454
2008,Australia,AUS,193,21007.0,25218.3018906546,106.2018600946776,100.6207,1177310.0,0.2827868885624922,159.68854112359548,-55780.94780000001,236528.046,222341.0,331574.19315596984,1145669.75846472,6.67166666666667,5.81794393964159,313.5452751589564,4.2342,191.2116597781162,0.11753,303713.0,281011.0,1.443418013856813,1561969.96,775210.0,879526.0,682444.0,1117401.0,4.044531358688147,118.35212707519533,42.42196331727514,0.0,0.0,0.0,0.0,FLOAT,USA,0.0,-0.4038478434085846,0.0656355917453765,0.2755560278892517,0.0667166635394096,,,0.043702732771635,0.0219328571110963,0.021014466881752,-0.4301043450832367,0.0460724383592605,,,,0.0581794381141662,0.0262564830482006,-0.0327986851334571,-0.0391776338219642,0.1711363494396209,0.184117,0.340125,0.475758,12.0,-0.156009,0.242618,0.176564,0.214351,0.26576,0.543032,0.557676,0.028266,-0.089196,0,1352075.7899999998,1124441.89,985477.6,660823.0,588836.0,531848.0,984506.232993645,802491.625485827,710108.9448927271,5.99452083739212,5.5878722441858,5.33997311398556,6.38752653589776,5.805,5.4575,300.41556676167505,269.84490243367674,250.24832273624205,0.09688,0.09959,0.10891,153.03485191011234,149.51231056179776,144.38070711610487,-72997.1162,-58500.405300000006,-54844.17966,24911.57786781549,24097.573450962896,23764.613687385267,-0.8537227270250805,-0.3930056985056405,-0.2171277558141993,-0.11752688601443939,0.20244167530969512,0.12225305518005013,0.2268118466627321,0.11328976034858418,0.033779518029441534,-169070.66260869591,-330189.3013636365,-400979.56714285736,-188950.6608695652,-220363.5,-236472.67619047617,-164830.57258016674,-301402.2621595217,-346404.1278785907,1.3073184009509005,0.755493924269981,0.40529901693089165,2.2963136003248215,1.581080415840412,1.1038699594518606,-7.72334670130374,-30.416095941570063,-40.41298983109047,-0.14320391304347826,-0.13022272727272727,-0.11201761904761903,-5.046517905878517,-6.651712478719759,-9.830396108435878,-29308.15748869566,-12197.176901818188,-8177.553490476188,370.15283277626804,-287.24297654719703,-453.57903236656057,-0.9889951993739208,-0.8255864915704317,-0.6985709425209685,0.10131583511877502,0.0137747366705806,0.14083946716192755,0.04509560810556851,0.017439265435176897,0.03683186956521739,-0.04951560869565219,0.012684652173913014,0.08634630434782609,-0.02938781818181818,0.003147545454545486,0.026240181818181774,-0.032535545454545456
2009,Australia,AUS,193,21388.48305084746,25255.63884313768,106.05046160239094,101.2158,1260140.0,0.2732171709171551,162.515271835206,-58747.7268,208833.954778,196556.0,345265.2056582207,1191375.4291331498,3.2781746031746,5.03951184202271,324.32339399254545,5.5607,198.55775505764635,0.16654,298933.0,324569.0,1.11495149960977,1686967.5,901540.0,1005488.94,681479.0,1057062.0,4.655062152576556,120.7187728881836,44.85163828870131,0.0,0.0,0.0,0.0,FLOAT,USA,0.0,0.3957807421684265,0.0567975603044033,-0.0755839422345161,0.03278174623847,,,0.03437465056777,0.0224229097366333,0.0216777455061674,0.3343262374401092,0.04605657979846,,,,0.0503951199352741,0.0614545010030269,0.1370964795351028,0.1431483328342437,-0.021401097998023,0.237499,0.326129,0.436371,15.0,-0.08863,0.184117,0.242618,0.340125,0.214351,0.475758,0.543032,-0.156009,0.028266,0,1561969.96,1352075.7899999998,1124441.89,775210.0,660823.0,588836.0,1145669.75846472,984506.232993645,802491.625485827,5.81794393964159,5.99452083739212,5.5878722441858,6.67166666666667,6.38752653589776,5.805,313.5452751589564,300.41556676167505,269.84490243367674,0.11753,0.09688,0.09959,159.68854112359548,153.03485191011234,149.51231056179776,-55780.94780000001,-72997.1162,-58500.405300000006,25218.3018906546,24911.57786781549,24097.573450962896,1.7613372388481103,-0.8537227270250805,-0.3930056985056405,-0.2171277558141993,0.15523846484966658,0.1730977886665567,0.16369985285010927,0.043705153294194464,0.01231250884494881,40823.50739130424,-102555.4013636366,-262015.27714285743,-74563.66086956521,-148376.5,-179484.67619047617,-3667.0471090916544,-119387.65465170366,-254021.4472854908,1.1307415032003707,1.1621425174763003,0.6531981471311319,2.5804537310937317,2.1636069517381724,1.4513699594518608,5.40636169597758,0.15456838642825232,-20.81641013365578,-0.12255391304347826,-0.13293272727272729,-0.12133761904761904,1.6071713076046308,-3.129171130405183,-4.698792662742989,-12091.989088695664,-26693.887801818186,-11833.779130476192,676.8768556153773,526.7614403053958,-120.61926878893064,-1.4497122278933607,-1.001464434261873,-0.7981718123207284,0.054112624658746486,0.06461947015708717,0.07772747334930472,-0.024488998948821207,-0.004027743749315827,-0.021669130434782607,0.0762583913043478,-0.05458934782608693,-0.09792869565217392,0.03666618181818182,-0.048261454545454496,0.011596181818181783,0.08492645454545454
2010,Australia,AUS,193,21687.800521512385,25584.48835604182,106.5723937548736,101.9216839977132,1301210.0,0.263582320255812,167.16850546816477,-47533.2013,219554.78,231143.0,373261.9431222896,1313270.69386156,4.34604166666667,5.36604166666667,363.5165533874149,5.2113,209.15379595388305,0.20395,292767.0,339239.0,0.983961428711995,1748002.81,995049.0,1099118.0,648885.0,1066960.0,4.573344318073472,118.0559539794922,42.237601292904536,0.0,0.0,0.0,0.0,FLOAT,USA,0.0,0.0330625027418136,0.1434662938117981,0.0738064348697662,0.0434604175388813,,,0.1208486631512641,0.0226176381111145,0.0201790295541286,-0.0073320092633366,0.0406928695738315,,,,0.0536604151129722,0.0403945073485374,0.1134608536958694,0.1159959211945533,0.0586334243416786,0.305607,0.226426,0.467967,24.0,0.079182,0.237499,0.184117,0.326129,0.340125,0.436371,0.475758,-0.08863,-0.156009,0,1686967.5,1561969.96,1352075.7899999998,901540.0,775210.0,660823.0,1191375.4291331498,1145669.75846472,984506.232993645,5.03951184202271,5.81794393964159,5.99452083739212,3.2781746031746,6.67166666666667,6.38752653589776,324.32339399254545,313.5452751589564,300.41556676167505,0.16654,0.11753,0.09688,162.515271835206,159.68854112359548,153.03485191011234,-58747.7268,-55780.94780000001,-72997.1162,25255.63884313768,25218.3018906546,24911.57786781549,1.0200000000000005,1.7613372388481103,-0.8537227270250805,-0.3930056985056405,0.08002557232278656,0.16296229408805357,0.039894280468464646,0.03437499999999984,0.0014805498262719164,165821.04739130428,107338.76863636356,-34381.37714285753,51766.33913043479,-33989.5,-107497.67619047617,42038.62355933804,41775.87081937143,-72006.83977767278,0.35230940558149104,0.9855656197257705,1.0598467403374512,-0.8130383323983388,2.4477470825070826,2.0338964953496212,16.184480529566656,13.284276783709572,9.754254194342536,-0.07354391304347827,-0.11228272727272728,-0.12404761904761905,4.4339020192151395,3.5245180830779645,-1.1762513144284128,-15058.768088695651,-9477.71940181819,-26330.49003047619,714.2138080984587,833.485463144505,693.3851480636622,1.16534773797983,-1.462181462781313,-0.9740497550121696,-0.02110026786813353,0.054483975578584046,-0.046078099032339906,-0.03381915224301583,-0.01485970276799272,0.03171286956521738,0.0622623913043478,-0.09397634782608694,-0.030549695652173914,-0.021834818181818177,0.0775125454545455,-0.05567781818181816,-0.09934854545454547
2011,Australia,AUS,193,22030.157105606257,25883.527952005992,107.69014966377785,104.5209281095393,1416620.0,0.2644300119730789,172.77847872659174,-43589.3974,235789.42,261697.0,380358.4569610715,1416981.40874794,4.69270833333333,4.87958333333334,354.11019513264625,5.0811,217.61583641505337,0.24069,309890.0,356100.0,0.984639621898385,1845646.69,1065010.0,1165541.0,680106.0,1113522.0,4.645921483898625,116.09456634521484,40.78293210842256,0.0,0.0,0.0,0.0,FLOAT,USA,0.0,-0.1143083795905113,-0.0047634057700634,0.196348175406456,0.0469270832836627,,,-0.0258777439594268,0.0211143381893634,0.0216752439737319,-0.1518290042877197,0.0442371033132076,,,,0.0487958341836929,0.0375206284224987,-0.0198827274143695,-0.0289321038872003,0.1216376274824142,0.221366,0.289067,0.489567,30.0,-0.0677,0.305607,0.237499,0.226426,0.326129,0.467967,0.436371,0.079182,-0.08863,0,1748002.81,1686967.5,1561969.96,995049.0,901540.0,775210.0,1313270.69386156,1191375.4291331498,1145669.75846472,5.36604166666667,5.03951184202271,5.81794393964159,4.34604166666667,3.2781746031746,6.67166666666667,363.5165533874149,324.32339399254545,313.5452751589564,0.20395,0.16654,0.11753,167.16850546816477,162.515271835206,159.68854112359548,-47533.2013,-58747.7268,-55780.94780000001,25584.48835604182,25255.63884313768,25218.3018906546,0.18687500000000945,1.0200000000000005,1.7613372388481103,-0.8537227270250805,0.036180489547071926,0.1037214100317235,0.10231473786319542,0.12084592145015075,0.013020835265606177,226856.35739130434,232336.3086363636,175512.79285714263,145275.3391304348,92340.5,6889.323809523834,163933.8882877482,87481.54148780112,89156.68569340231,0.6788392302254511,0.20713352210689084,0.8832698425869214,0.25482873109373116,-0.9457449809849878,2.3180366261185315,55.377639924436096,24.062395617298648,22.883962591623856,-0.036133913043478266,-0.06327272727272729,-0.10339761904761904,9.087135652173913,6.351248794688473,5.477437899054735,-3844.2425886956553,-12444.498401818179,-9114.321630476195,1043.063321002599,870.8224156275865,1000.1091709027714,0.4240104991317202,1.1528785030918778,-1.4347667835316096,-0.06494535064384817,-0.004756908477746027,0.01634235836239087,0.052651769207135074,-0.0033194173286584597,0.09982086956521741,-0.03744060869565222,-0.062380347826086924,0.1372623043478261,0.03154718181818181,0.06351654545454549,-0.09506481818181817,-0.03196954545454546
2012,Australia,AUS,193,22427.29074315515,26390.436830679035,109.97280303864164,105.76576228050388,1499460.0,0.2824034442406454,175.69218576779022,-64416.801600000006,251642.32,247749.0,422251.11108058033,1516300.58263611,3.69666666666667,3.37916666666667,351.3666739750055,5.2236,225.9234283228193,0.27536,338109.0,377739.0,0.961076405574243,1932023.94,1136656.0,1235794.9999999998,696229.0,1182333.0,4.696454157850521,111.92512512207033,40.29358611465479,0.0,0.0,0.0,0.0,FLOAT,USA,0.0,0.1884081959724426,0.0143665373325347,0.0790686532855033,0.0369666665792465,,,-0.0077461805194616,0.0221127178519964,0.0222853440791368,0.1346630901098251,0.0473665744066238,,,,0.0337916649878025,0.0537451021373271,0.0556309968233108,0.0554553233087062,0.0580176599323749,0.180997,0.217672,0.601331,20.0,-0.036675,0.221366,0.305607,0.289067,0.226426,0.489567,0.467967,-0.0677,0.079182,0,1845646.69,1748002.81,1686967.5,1065010.0,995049.0,901540.0,1416981.40874794,1313270.69386156,1191375.4291331498,4.87958333333334,5.36604166666667,5.03951184202271,4.69270833333333,4.34604166666667,3.2781746031746,354.11019513264625,363.5165533874149,324.32339399254545,0.24069,0.20395,0.16654,172.77847872659174,167.16850546816477,162.515271835206,-43589.3974,-47533.2013,-58747.7268,25883.527952005992,25584.48835604182,25255.63884313768,-0.3174999999999999,0.18687500000000945,1.0200000000000005,1.7613372388481103,0.05586025345119433,0.07030910035586187,0.07897131594509861,-0.02587601078167101,0.011688316444036027,324500.2373913042,293371.61863636365,300510.33285714267,215236.3391304348,185849.5,133219.32380952383,267644.60317412834,209376.8062162113,134862.356361832,0.19238089689212057,0.5336633467508509,0.10483774496804177,0.6014953977603916,0.12212208250708212,-1.075455437373539,45.97128166966746,63.25555501216809,33.66208142521293,0.0006060869565217286,-0.025862727272727287,-0.054387619047619046,14.697108910600889,11.004482427647247,8.304168610665243,99.56131130434369,-1229.9729018181824,-12081.100630476183,1342.1029169667709,1199.6719285317267,1037.4461233858528,-0.40911450086827084,0.411541264243768,1.1802931823415812,-0.04526558673972576,-0.03816921815360766,-0.007001063555705941,-0.09407016302468668,-0.00465193615022861,0.015579869565217397,0.025200391304347813,-0.04078034782608697,-0.00961969565217391,0.09965518181818184,-0.03618645454545452,-0.06346881818181815,0.13584245454545454
2013,Australia,AUS,193,22789.210560625816,26525.71368012829,110.89037665911334,105.80022194204784,1536310.0,0.2723850745983228,180.04100224719096,-51973.3673,241991.0,261958.0,484251.69276637805,1620778.0,2.7375,3.69666666666667,374.6458060405584,5.662,236.50641722862747,0.30497,376071.0,419640.0,1.12803158488438,2110197.0,1213806.0000000002,1317468.8000000005,792728.1999999997,1274590.0,4.611229392130787,110.67452239990234,39.86604835522664,0.0,0.0,0.0,0.0,FLOAT,USA,0.0,0.1965571194887161,0.0890025570988655,-0.0490879826247692,0.0273749995976686,,,0.0662521123886108,0.0227504428476095,0.0213368330150842,0.1476010829210281,0.0426594577729702,,,,0.0369666665792465,0.0489560402929782,0.1066582351922988,0.1155416965484619,-0.0108564915135502,0.246948,0.153876,0.599175,17.0,0.093072,0.180997,0.221366,0.217672,0.289067,0.601331,0.489567,-0.036675,-0.0677,0,1932023.94,1845646.69,1748002.81,1136656.0,1065010.0,995049.0,1516300.58263611,1416981.40874794,1313270.69386156,3.37916666666667,4.87958333333334,5.36604166666667,3.69666666666667,4.69270833333333,4.34604166666667,351.3666739750055,354.11019513264625,363.5165533874149,0.27536,0.24069,0.20395,175.69218576779022,172.77847872659174,167.16850546816477,-64416.801600000006,-43589.3974,-47533.2013,26390.436830679035,25883.527952005992,25584.48835604182,0.95916666666667,-0.3174999999999999,0.18687500000000945,1.0200000000000005,0.046800533638428926,0.06727260776894113,0.07009207973725598,-0.007747648035417547,0.019584226679337072,410877.4873913042,391015.49863636354,361545.6428571427,286882.3391304348,255810.5,226728.32380952383,366963.77706229826,313087.5211025914,256757.62109024217,-1.3080357697745493,0.04720501341752037,0.43136756961200184,-0.39454626890626887,0.4687887491737426,-0.007588373881469046,43.22776051202669,53.849196757399454,72.85524082008237,0.035276086956521735,0.010877272727272708,-0.016977619047619047,17.610815951799367,16.614455686074223,12.957402243624017,-20727.84288869566,2713.8309981818165,-866.575130476187,1849.0117956398135,1498.7115244958986,1366.2956362899931,-0.9134895008682802,-0.421583735756223,0.43895594349347133,-0.05432530655249117,-0.041205710740528395,-0.015880299763548572,-0.07594180027843322,0.0032439740850724354,-0.02478913043478262,-0.0461946086956522,0.070983652173913,0.021405304347826087,0.015414181818181827,0.02645454545454551,-0.0418688181818182,-0.011039545454545455
2014,Australia,AUS,193,23123.741851368974,26813.654579488142,112.01604063984536,106.7756931151774,1598530.0,0.2644803824571583,184.5202832209737,-49074.871,237012.0,265923.0,541211.6322837244,1736405.0,2.5,3.65541666666667,408.502026324842,6.0768,242.8540352403743,0.34027,382186.0,419020.0,1.21921482565228,2298228.4000000004,1309261.3,1413641.7,884586.7000000003,1355534.875,4.6413072782924285,110.63754272460938,40.11317948721236,0.0,0.0,0.0,0.0,FLOAT,USA,0.0,0.0560994744300842,0.1123388409614563,0.1844140440225601,0.025000000372529,,,0.0905282720923423,0.0218105651438236,0.0199999995529651,0.0110239163041114,0.0428000018000602,,,,0.0365541651844978,0.0432718247175216,0.0995382145047187,0.0991171300411224,0.1047070249915123,0.269949,0.262361,0.46769,21.0,0.007588,0.246948,0.180997,0.153876,0.217672,0.599175,0.601331,0.093072,-0.036675,0,2110197.0,1932023.94,1845646.69,1213806.0000000002,1136656.0,1065010.0,1620778.0,1516300.58263611,1416981.40874794,3.69666666666667,3.37916666666667,4.87958333333334,2.7375,3.69666666666667,4.69270833333333,374.6458060405584,351.3666739750055,354.11019513264625,0.30497,0.27536,0.24069,180.04100224719096,175.69218576779022,172.77847872659174,-51973.3673,-64416.801600000006,-43589.3974,26525.71368012829,26390.436830679035,25883.527952005992,1.15541666666667,0.95916666666667,-0.3174999999999999,0.18687500000000945,0.09222093800763155,0.06787453723905934,0.06890284061109737,0.06625310192966359,0.0051259799266374995,589050.5473913043,477392.74863636354,459189.5228571426,364032.339130435,327456.5,296689.32380952383,471441.19442618825,412406.69499076135,360468.3359766223,-0.9905357697745494,-1.4532116532491495,-0.055090763721328706,-1.353712935572939,-0.5272529174929179,0.3390782927851914,66.5068925775796,51.10567559975868,63.44888256531374,0.06488608695652176,0.045547272727272714,0.019762380952380948,21.959632431200106,19.5281627272727,18.567375502050993,-8284.408588695653,-18113.573201818188,3077.228769523812,1984.2886450890692,2005.6204031689413,1665.335232254165,0.36317716579838977,-0.9259587357562323,-0.3941690565065197,-0.008904902183288543,-0.040603781270410186,-0.017069538889707178,-0.0019410503133520801,-0.011214272667627138,0.04116186956521739,-0.10999060869565219,0.06882765217391307,0.1511523043478261,-0.02495481818181819,-0.044940454545454506,0.06989518181818177,0.019985454545454542
2015,Australia,AUS,193,23461.207627118645,27043.29298405261,112.8364540144044,107.719716615054,1624600.0,0.2583371838859105,187.26003760299625,-75024.028,208499.0,249613.0,616593.3089400745,1838907.0,2.10916666666667,2.71020833333333,445.47658268794106,6.0542,245.97563628453352,0.37699,395636.0,430889.0,1.36873802354229,2504150.4000000004,1409386.1,1522663.2000000002,981487.2000000002,1472085.625,5.2477068597075895,113.06571197509766,42.683181060298864,0.0,0.0,0.0,0.0,FLOAT,USA,0.0,0.0256051253527402,0.1104531288146972,0.0223712045699358,0.021091666072607,,,0.090268887579441,0.0201842430979013,0.018513087183237,-0.0212530028074979,0.0478999987244606,,,,0.0271020829677581,0.0468819811940193,0.086075559258461,0.0914582386612892,0.0217314362525939,0.252248,0.21013,0.537622,28.0,0.042119,0.269949,0.246948,0.262361,0.153876,0.46769,0.599175,0.007588,0.093072,0,2298228.4000000004,2110197.0,1932023.94,1309261.3,1213806.0000000002,1136656.0,1736405.0,1620778.0,1516300.58263611,3.65541666666667,3.69666666666667,3.37916666666667,2.5,2.7375,3.69666666666667,408.502026324842,374.6458060405584,351.3666739750055,0.34027,0.30497,0.27536,184.5202832209737,180.04100224719096,175.69218576779022,-49074.871,-51973.3673,-64416.801600000006,26813.654579488142,26525.71368012829,26390.436830679035,0.60104166666666,1.15541666666667,0.95916666666667,-0.3174999999999999,0.08910608819934838,0.07864131500420973,0.07134043033654208,0.090368608799049,0.01085516125342039,777081.9473913047,655565.8086363636,545566.7728571426,459487.63913043484,404606.50000000023,368335.32380952383,587068.1944261882,516884.1123546513,459787.5098647922,-1.0317857697745492,-1.1357116532491496,-1.5555074303879985,-1.5912129355729387,-1.486419584159588,-0.6569633738814691,100.36311286186321,74.3848076653116,60.70536140767297,0.10018608695652176,0.07515727272727274,0.054432380952380954,26.438913404982856,23.87697920667344,21.48108254324947,-5385.912288695654,-5670.13890181818,-17750.175430476193,2272.229544448921,2140.897252618197,2172.2441109272077,0.5594271657983898,0.3507079309104376,-0.898544056506529,-0.012019751991571709,-0.029837003505259793,-0.01463194916426247,0.022174456556033326,-0.005485091340844248,0.06416286956521738,-0.0015056086956521941,-0.06265734782608695,0.06566830434782608,0.04099618181818182,-0.1087364545454545,0.06773918181818184,0.14973245454545453
2016,Australia,AUS,193,23857.363102998697,27319.882367187696,114.1655625268149,108.95465527889012,1660710.0,0.245362679304243,189.65188666666663,-54421.4667,196269.0,258469.0,669057.3098295303,1961535.0,1.7325,2.33354166666667,469.97779473577776,5.7099,250.0543832934524,0.40508,420093.0,450102.0,1.38197899391929,2667510.0,1516309.5999999996,1626470.8999999997,1041039.1,1500321.25,5.360131595190229,113.24504852294922,43.42702037506663,0.0,0.0,0.0,0.0,FLOAT,USA,0.0,0.1193000003695488,0.0736533403396606,0.0141924265772104,0.019867,,,0.0550010204315185,0.0186523161828517,0.0176799036562442,0.0724999979138374,0.0436363667249679,,,,0.0233730357140302,0.046799998730421,0.0831993147730827,0.0950816124677658,0.0170297138392925,0.216589,0.23193,0.551481,21.0,-0.01534,0.252248,0.269949,0.21013,0.262361,0.537622,0.46769,0.042119,0.007588,0,2504150.4000000004,2298228.4000000004,2110197.0,1409386.1,1309261.3,1213806.0000000002,1838907.0,1736405.0,1620778.0,2.71020833333333,3.65541666666667,3.69666666666667,2.10916666666667,2.5,2.7375,445.47658268794106,408.502026324842,374.6458060405584,0.37699,0.34027,0.30497,187.26003760299625,184.5202832209737,180.04100224719096,-75024.028,-49074.871,-51973.3673,27043.29298405261,26813.654579488142,26525.71368012829,0.6010416666666702,0.60104166666666,1.15541666666667,0.95916666666667,0.0896003199681981,0.07647426835269631,0.059031159205369714,0.09051254089422014,0.00856423371471842,983003.9473913047,843597.208636364,723739.8328571427,559612.4391304349,500061.80000000005,445485.32380952407,689570.1944261882,632511.1123546513,564264.9272286822,-1.9769941031078893,-1.1769616532491494,-1.2380074303879987,-1.9820462689062688,-1.7239195841595878,-1.6161300405481391,137.33766922496227,108.2410279495952,83.98449347322588,0.13690608695652173,0.11045727272727274,0.08404238095238098,29.178667787005395,28.35626018045619,25.82989902265021,-31335.06928869566,-2771.642601818181,-5306.7411304761845,2501.8679490133873,2428.8381519780487,2307.5209603764633,0.0050521657983797486,0.5469579309104377,0.3781226101601409,-0.011525520222721991,-0.03200405015677321,-0.026941220295434838,0.022318388651204474,-0.007776018879546216,0.04646186956521742,-0.053736608695652194,0.007274652173913099,0.10019930434782609,0.06399718181818181,-0.0002514545454544992,-0.06374581818181818,0.06424845454545454
2017,Australia,AUS,193,24231.99902216428,27547.33906570701,114.84115611556284,109.56025132411962,1763630.0,0.2421087492323848,193.43535700374525,-45554.5629,228779.0,301334.0,730875.1853120679,2049361.0,1.74,2.63916666666667,509.1797340123165,5.5911,253.9438764411574,0.41074,459576.0,463877.0,1.28205128205128,2764799.7,1600576.2000000002,1708326.3000000005,1056473.4,1503138.375,5.811115289644978,113.82003389474886,41.58573559304941,0.0,0.0,0.0,0.0,FLOAT,USA,0.0,0.1231999993324279,0.1012798622250557,0.0361241474747657,0.0174,,,0.0834879875183105,0.0177918765693902,0.0164209268987178,0.0772999972105026,0.0426065176725387,,,,-0.0353162661194801,0.0459000021219253,0.0991972535848617,0.1120199784636497,0.0267620738595724,0.22573,0.15701,0.61726,29.0,0.068721,0.216589,0.252248,0.23193,0.21013,0.551481,0.537622,-0.01534,0.042119,0,2667510.0,2504150.4000000004,2298228.4000000004,1516309.5999999996,1409386.1,1309261.3,1961535.0,1838907.0,1736405.0,2.33354166666667,2.71020833333333,3.65541666666667,1.7325,2.10916666666667,2.5,469.97779473577776,445.47658268794106,408.502026324842,0.40508,0.37699,0.34027,189.65188666666663,187.26003760299625,184.5202832209737,-54421.4667,-75024.028,-49074.871,27319.882367187696,27043.29298405261,26813.654579488142,0.8991666666666702,0.6010416666666702,0.60104166666666,1.15541666666667,0.06523553856829031,0.07586530050211189,0.06668526467080717,0.054999999999999875,0.010227651761869091,1146363.5473913043,1049519.208636364,911771.232857143,666535.9391304344,600186.6000000001,540940.6238095239,812198.1944261882,735013.1123546513,679891.9272286822,-2.353660769774549,-2.1221699865824895,-1.2792574303879984,-2.358712935572939,-2.114752917492918,-1.853630040548139,161.83888127279897,145.21558431269426,117.84071375750949,0.16499608695652174,0.1471772727272727,0.11934238095238098,31.570516850675773,31.09601456247873,30.30917999643296,-10732.507988695652,-28720.799601818188,-2408.2448304761856,2778.457332148475,2658.476556542515,2595.461859736315,0.005052165798389963,-0.007417069089572403,0.574372610160141,-0.03589030162262978,-0.032613018007357636,-0.019287114829997384,-0.013194152243015796,-0.006112600832395546,0.010802869565217393,-0.03193660869565221,0.021133652173913053,0.04274030434782609,0.04629618181818185,-0.0524824545454545,0.006186181818181868,0.09877945454545453
2018,Australia,AUS,193,24621.307366362453,27883.914290433742,116.42591838327208,110.95117167664158,1848560.0,0.240302891365264,197.1753391760299,-38671.8752,235385.0,344615.0,749908.2198414191,2098891.0,1.5,2.684167,501.8544003414463,5.2984,260.05655862519046,0.4164,492477.0,488225.0,1.4168319637291,2886285.6999999997,1667654.7999999998,1770865.9999999998,1115419.6999999995,1590557.375,5.808321102923579,116.71440632429623,41.31117397464443,0.0,0.0,0.0,0.0,FLOAT,USA,0.0,-0.0373000018298625,0.0021444112062454,0.0304690450429916,0.019483,,,-0.0143835544586181,0.0165279656648635,0.0167691651731729,-0.0772999972105026,0.0433510355651378,,,,-0.0011172886006534,0.0399999991059303,-0.0081456070765852,-0.0148791056126356,0.0249760225415229,0.224384,0.178201,0.597415,32.0,0.046183,0.22573,0.216589,0.15701,0.23193,0.61726,0.551481,0.068721,-0.01534,0,2764799.7,2667510.0,2504150.4000000004,1600576.2000000002,1516309.5999999996,1409386.1,2049361.0,1961535.0,1838907.0,2.63916666666667,2.33354166666667,2.71020833333333,1.74,1.7325,2.10916666666667,509.1797340123165,469.97779473577776,445.47658268794106,0.41074,0.40508,0.37699,193.43535700374525,189.65188666666663,187.26003760299625,-45554.5629,-54421.4667,-75024.028,27547.33906570701,27319.882367187696,27043.29298405261,1.184167,0.8991666666666702,0.6010416666666702,0.60104166666666,0.0364721031973639,0.055573479189210816,0.04477411822883609,0.08341232227488134,0.008325683671043079,1243653.2473913045,1212878.8086363636,1117693.232857143,750802.539130435,707110.0999999996,641065.4238095239,900024.1944261882,857641.1123546513,782393.9272286822,-2.048035769774549,-2.4988366532491493,-2.2244657637213385,-2.3512129355729385,-2.491419584159588,-2.244463373881469,201.0408205493377,169.71679636053096,154.81527012060855,0.17065608695652174,0.17526727272727272,0.15606238095238095,35.3539871877544,33.48786362614911,33.0489343784555,-1865.6041886956518,-8118.238301818179,-28357.401830476192,3005.9140306677873,2935.0659396776027,2825.1002643007814,0.30317716579838994,-0.007417069089562189,0.019997610160130908,-0.0646537369935562,-0.05290483932025871,-0.04119826127196846,0.015218170031865666,-0.008014568923221558,0.019943869565217376,-0.1068566086956522,0.08691265217391309,0.1268013043478261,0.010637181818181823,-0.030682454545454513,0.020045181818181823,0.04132045454545454
2019,Australia,AUS,193,24999.855932203394,27986.814400679978,117.14564934159554,111.19968128748307,1952680.0,0.2272988610896266,200.2629988764044,13824.9744,221564.0,389934.0,917388.3369851288,2149081.0,1.1716666666666666,1.493333,481.4530453930816,5.1633,267.2286273656734,0.4660499999999999,487722.0,576838.0,1.42734798743934,2984482.2,1742405.1999999995,1868726.1,1115756.1000000003,1658421.5,6.115676424886756,119.9283023052588,42.57341346895006,0.0,0.0,0.0,0.0,FLOAT,USA,0.0,0.2381000071763992,-0.0238243844360113,0.1006792709231376,0.013442,,,-0.0406534671783447,0.0168290827423334,0.0175422355532646,0.1817999929189682,0.0476391948759555,,,,0.1045413464307785,0.0562999993562698,0.0952813252806663,0.1033756658434867,0.0570606365799903,0.202141,0.291458,0.506401,26.0,-0.089317,0.224384,0.22573,0.178201,0.15701,0.597415,0.61726,0.046183,0.068721,0,2886285.6999999997,2764799.7,2667510.0,1667654.7999999998,1600576.2000000002,1516309.5999999996,2098891.0,2049361.0,1961535.0,2.684167,2.63916666666667,2.33354166666667,1.5,1.74,1.7325,501.8544003414463,509.1797340123165,469.97779473577776,0.4164,0.41074,0.40508,197.1753391760299,193.43535700374525,189.65188666666663,-38671.8752,-45554.5629,-54421.4667,27883.914290433742,27547.33906570701,27319.882367187696,0.3216663333333334,1.184167,0.8991666666666702,0.6010416666666702,0.04394025361041508,0.04190903250966722,0.024168509110888713,-0.014386538154507515,0.012218066649701487,1365139.247391304,1310168.5086363638,1281052.8328571427,817881.1391304346,791376.7000000002,747988.9238095235,949554.1944261882,945467.1123546513,905021.9272286822,-2.0030354364412193,-2.1932116532491492,-2.6011324303879984,-2.5912129355729387,-2.4839195841595876,-2.621130040548139,193.71548687846752,208.9187356370697,179.31648216844525,0.17631608695652173,0.18092727272727271,0.18415238095238096,39.09396936003904,37.27133396322773,35.44078344212588,5017.083511304343,748.665498181821,-7754.840530476184,3342.489255394521,3162.522638196915,3101.689647435869,0.5881774991317197,0.2907079309104378,0.01999761016014112,-0.057185586580505016,-0.0665692859998023,-0.06180387038991584,-0.0825806903975232,-0.00412218594456315,0.01859786956521739,-0.0856656086956522,0.06706765217391308,0.10426330434782609,0.019778181818181806,-0.1056024545454545,0.08582418181818185,0.12538145454545455
2020,Australia,AUS,193,25132.885919165587,27183.90781478999,115.3508770172791,106.54870895936422,1985760.0,0.224366713002159,202.0460136329588,52900.646400000005,211109.0,363142.0,1173528.7736791463,2422093.0,0.3241666666666666,0.9208333,507.4347054531415,6.46,276.03437024146194,0.57332,,,1.29836406128278,3032807.500000001,1800721.0000000002,1909627.6,1123179.900000001,1624922.0,6.2487879708694,108.96295621590768,46.22992488705515,0.0,0.0,0.0,0.0,FLOAT,USA,0.0,0.0491999983787536,0.0713433772325515,0.009823489934206,0.002567,,,0.0539650917053222,0.0173782892525196,0.0164884869009256,0.0176999997347593,0.0309521462768316,,,,0.0394294522702693,0.0315000005066394,0.0496248677372932,0.0597154609858989,0.0061952448450028,0.283308,0.309627,0.407065,18.0,-0.026319,0.202141,0.224384,0.291458,0.178201,0.506401,0.597415,-0.089317,0.046183,0,2984482.2,2886285.6999999997,2764799.7,1742405.1999999995,1667654.7999999998,1600576.2000000002,2149081.0,2098891.0,2049361.0,1.493333,2.684167,2.63916666666667,1.1716666666666666,1.5,1.74,481.4530453930816,501.8544003414463,509.1797340123165,0.4660499999999999,0.4164,0.41074,200.2629988764044,197.1753391760299,193.43535700374525,13824.9744,-38671.8752,-45554.5629,27986.814400679978,27883.914290433742,27547.33906570701,0.5966666333333334,0.3216663333333334,1.184167,0.8991666666666702,0.03402175328658576,0.044823664945526906,0.023912628145053745,-0.04065193995406687,0.0036903036343623272,1463335.7473913045,1431654.5086363633,1378342.5328571429,892631.5391304343,858455.2999999998,832255.523809524,999744.1944261882,994997.1123546513,992847.9272286822,-3.1938694364412195,-2.1482113199158195,-2.2955074303879983,-2.919546268906272,-2.723919584159588,-2.6136300405481387,173.3141319301028,201.5934019661995,218.51842144498397,0.22596608695652165,0.1865872727272727,0.18981238095238095,42.18162906041354,41.011316135512374,39.2242537792045,57513.933111304344,7631.353198181816,1112.0632695238164,3445.3893656407563,3499.097862923649,3329.1463459551815,-0.2743231675349469,0.5757082642437675,0.3181226101601411,-0.06710408690433434,-0.06365465356394262,-0.06205975135575081,-0.10884609219708255,-0.01264994895990231,-0.003645130434782623,0.02759139130434779,-0.023946347826086956,-0.031236695652173907,0.01843218181818182,-0.08441145454545451,0.06597918181818185,0.10284345454545454
2000,Belgium,BEL,124,10263.0,20809.35868631145,94.45018433740957,94.922,10342182.2024,0.2377125109401987,122.49836279046556,431959.6492,7752521.982,8226919.206,2380054.0,9278177.0,4.24,5.5925,172.10536291036277,6.5864,143.29606680082992,1.096,2985814.17436,3027933.06395,43.35292853304674,8297675.3906,2967201.3445,3886547.6655,4411127.725099999,8338804.5,3.7286415100097656,119.54236602783205,65.40510559082031,0.0,0.0,1.0,1.0,PEG,DEU,1.38,0.0235140156000852,0.1002435982227325,0.0538404211401939,0.0423999987542629,,,0.0466763973236084,0.0535672046244144,0.0511783808469772,0.0056492779403924,0.0177643820643425,,,,0.0559250004589557,0.0178647376596927,0.0718031972646713,0.0823777765035629,0.0481202080845832,0.304044,0.025159,0.670797,1.0,0.278885,0.221406,0.2662218823529412,0.028945,0.0719029411764705,0.749649,0.661875294117647,0.192461,0.1943189411764705,0,7917512.172999999,7279213.9353,7329074.0,2797330.0256,2561785.3495,2221034.25,9423401.0,8878812.0,7785600.5,4.74916666666667,4.75166666666667,5.75333333333333,2.78,3.55,3.43,164.42970788178758,152.46959674173607,143.06105632827274,1.154,1.192,1.243,119.30225536912664,117.96337110706148,116.9030603496898,489282.6471,480488.5489,494567.174,20127.576531459625,19474.911006427505,19138.659717503982,1.3525,1.9691666666666703,1.2016666666666698,2.32333333333333,0.08768779752503485,0.09194551610109433,0.06133579582493694,0.07844259705304005,0.033513145442190424,-4209482.594021741,-4548321.889018182,-4225001.396685714,-2883510.084826087,-2919492.07985,-3073763.9586238097,-5813154.644347826,-5971038.667272728,-6681440.234285716,1.3998550739130473,1.2589015151515186,2.1321031746031722,1.1382608695652172,1.8068181818181817,1.5742857142857145,-114.87348040379521,-121.38857362875453,-125.5623580787792,0.11956521739130421,0.15495454545454534,0.2041428571428574,-25.846824992484272,-25.778320542952457,-25.40062733820743,272373.25089130434,255126.03028636362,251211.9248809524,-2587.8913789349645,-3119.514008236649,-3338.4542323543865,0.2615942043478301,-0.547916666666663,0.5578174603174577,0.043145461330985305,0.020240555010274733,0.008411138191897344,0.030118574795641444,0.020512193986716283,-0.044815882352941205,-0.04295794117647056,0.087773705882353,-0.0018579411764705622,0.004577050802139049,-0.002197906417112372,-0.0023791042780748617,0.006774957219251282
2001,Belgium,BEL,124,10310.0,20920.25111546414,95.11754499234183,95.6302,10663247.4665,0.2258209914352921,125.4811979244134,376209.9074,8047406.651,8574245.745,2501073.75,9830834.0,4.15,5.13083333333333,180.3333167445372,6.1775,147.077143350295,1.082,3063823.47298,3179086.66925,45.77317599001475,8285008.662,2950661.9855,3892881.0298,4392127.6322,8851881.0,3.68475341796875,104.42789459228516,64.77572631835938,0.0,0.0,1.0,1.0,PEG,DEU,0.26100001,-0.0231784135103225,0.0999757051467895,0.0763074457645416,0.0414999984204769,,,0.0478080250322818,0.0521676801145076,0.0497874394059181,-0.0438779778778553,0.0216495022177696,,,,0.0513083338737487,0.0206995662301778,0.0685358345508575,0.072730541229248,0.0589037239551544,0.161731,0.160457,0.677812,3.0,0.001275,0.304044,0.221406,0.025159,0.028945,0.670797,0.749649,0.278885,0.192461,0,8297675.3906,7917512.172999999,7279213.9353,2967201.3445,2797330.0256,2561785.3495,9278177.0,9423401.0,8878812.0,5.5925,4.74916666666667,4.75166666666667,4.24,2.78,3.55,172.10536291036277,164.42970788178758,152.46959674173607,1.096,1.154,1.192,122.49836279046556,119.30225536912664,117.96337110706148,431959.6492,489282.6471,480488.5489,20809.35868631145,20127.576531459625,19474.911006427505,0.9808333333333294,1.3525,1.9691666666666703,1.2016666666666698,0.048015488867376714,0.06072623442547312,-0.015410996518136074,0.04668046381310489,0.03387303751080975,-3829319.3764217403,-3910023.651318183,-4274861.461385714,-2713638.765926087,-2683947.40375,-2733012.8591238097,-5958378.644347826,-5426449.667272728,-5588228.734285716,2.2431884072463775,1.256401515151519,1.1304365079365115,2.598260869565218,1.0368181818181816,1.6942857142857142,-107.19782537522002,-109.42846248870302,-116.15381766531587,0.06156521739130438,0.11695454545454531,0.15314285714285725,-22.65071757114535,-24.439436280887293,-24.340316580835747,215050.25299130433,263920.1284863636,237133.2997809524,-1906.1092240831385,-2466.8484832045287,-3002.2029434308643,-0.35507246231884015,0.21958333333333746,-0.5638492063492027,0.003473152673327172,-0.01097872666534648,-0.06833565415117566,-0.0016435584442937162,0.02087208605533561,0.037822117647058784,-0.04674394117647056,0.00892170588235297,0.08456605882352944,-0.04023883155080216,-0.045155847593582876,0.08539460160427814,0.004917016042780775
2002,Belgium,BEL,124,10355.0,21162.974678941075,96.1215579432588,95.9951,11023079.3745,0.2065598289277702,127.4236468682833,505458.947,8460487.227,9220490.943,2537379.71,10601325.72,3.21,4.98666666666667,190.88986854632407,6.9095,152.43689700365903,1.054,3020530.6923,3045690.68793,38.466577667588446,8407036.8595,3152684.2047,4077879.8112,4329157.0483,8615033.0,3.82100248336792,108.13768768310548,63.90655517578125,0.0,0.0,1.0,1.0,PEG,DEU,-1.095,-0.2669452726840973,0.1095910966396331,0.099680446088314,0.0320999994874,,,0.0585416965186595,0.0510494001209735,0.0482261590659618,-0.2833031713962555,0.0228240154683589,,,,0.0498666651546955,0.0163578987121582,0.0516916736960411,0.0453052446246147,0.065890222787857,0.335658,0.064268,0.600076,2.0,0.27139,0.161731,0.304044,0.160457,0.025159,0.677812,0.670797,0.001275,0.278885,0,8285008.662,8297675.3906,7917512.172999999,2950661.9855,2967201.3445,2797330.0256,9830834.0,9278177.0,9423401.0,5.13083333333333,5.5925,4.74916666666667,4.15,4.24,2.78,180.3333167445372,172.10536291036277,164.42970788178758,1.082,1.096,1.154,125.4811979244134,122.49836279046556,119.30225536912664,376209.9074,431959.6492,489282.6471,20920.25111546414,20809.35868631145,20127.576531459625,1.77666666666667,0.9808333333333294,1.3525,1.9691666666666703,-0.001526539422637514,-0.005574060227041047,0.0595652572698279,0.047807655119147995,0.005328969086665559,-3841986.1050217403,-3529860.433718182,-3636563.2236857153,-2730178.124926087,-2514076.0848499998,-2497468.18302381,-5405721.644347826,-5571673.667272728,-5043639.734285716,1.781521740579707,2.0997348484848493,1.127936507936512,2.508260869565218,2.496818181818182,0.9242857142857142,-98.96987154104559,-101.75280746012783,-104.19370652526436,0.04756521739130437,0.05895454545454548,0.11514285714285721,-19.66788243719752,-21.24332885954837,-23.001432318770583,159300.51119130437,206597.1305863636,245927.3979809524,-1795.2167949304494,-1785.0663283527028,-2349.537418398744,-0.7267391289855107,-0.3970833333333328,0.20365079365079786,-0.04606887561668706,-0.07727902131786064,0.006640599636788307,-0.0005163671382506091,-0.007671982368808584,-0.10449088235294118,0.08855405882352943,0.015936705882352964,-0.19304394117647056,0.04239916844919783,-0.048941847593582874,0.006542601604278109,0.09134101604278078
2003,Belgium,BEL,124,10396.0,21294.789764994453,96.60004487475122,96.4956,11343620.2199,0.2096470770646678,129.35666359127515,402309.8227,8378193.831,9115946.021406673,2743113.2,11335511.9,2.22,4.18083333333333,202.40492084201924,7.6796,155.64315368062387,1.017,3032059.8357200003,3197037.92475,31.93974663499604,8431321.4793,3366647.0343,4285186.5573,4146134.922,9286041.0,3.246652603149414,100.5199203491211,63.31586837768555,0.0,0.0,1.0,1.0,PEG,DEU,-0.95999998,0.1868713200092315,0.1096186488866806,0.0508148893713951,0.0221999995410442,,,0.0603226982057094,0.0492959544062614,0.0464914627373218,0.1506700068712234,0.0314610674977302,,,,0.0418083332479,0.0362013056874275,0.097637802362442,0.12317655980587,0.0365074425935745,0.164312,0.077556,0.758132,3.0,0.086757,0.335658,0.161731,0.064268,0.160457,0.600076,0.677812,0.27139,0.001275,0,8407036.8595,8285008.662,8297675.3906,3152684.2047,2950661.9855,2967201.3445,10601325.72,9830834.0,9278177.0,4.98666666666667,5.13083333333333,5.5925,3.21,4.15,4.24,190.88986854632407,180.3333167445372,172.10536291036277,1.054,1.082,1.096,127.4236468682833,125.4811979244134,122.49836279046556,505458.947,376209.9074,431959.6492,21162.974678941075,20920.25111546414,20809.35868631145,1.9608333333333294,1.77666666666667,0.9808333333333294,1.3525,0.014728795403642116,0.06846674413835538,0.07837501070611107,0.05853910964628589,0.011602325523593499,-3719957.9075217396,-3542527.162318182,-3256400.0060857143,-2528155.905726087,-2530615.44385,-2327596.8641238096,-4635229.924347825,-5019016.667272728,-5188863.734285716,1.6373550739130471,1.6380681818181788,1.9712698412698422,1.5682608695652174,2.406818181818182,2.3842857142857143,-88.41331973925872,-93.5248536259534,-96.51805149668917,0.019565217391304346,0.04495454545454547,0.057142857142857384,-17.725433493327614,-18.26049372560054,-19.80532489743166,288549.5507913043,150847.38878636365,188604.4000809524,-1552.4932314535145,-1674.1738992000137,-1667.7552635469183,0.06909420434782976,-0.7687500000000034,-0.4130158730158724,-0.029813540790407426,-0.0032382169524642207,0.025450353073071474,0.010215087388887288,-0.0013986259318806444,0.06943611764705881,-0.007634941176470553,-0.06179929411764695,0.07707105882352946,-0.09991383155080213,0.08635615240641711,0.013557601604278102,-0.18626898395721922
2004,Belgium,BEL,124,10446.0,21954.94806866455,98.68257495289592,97.501,11973689.118,0.2266706017154521,131.75881683416512,393919.1235,9291489.167,9952119.82338758,3186852.1,12404519.25,2.01,4.1525,215.02661999997693,7.3634,158.70260514270186,0.972,3224541.66857,3245833.06779,29.61596064899787,8999186.251600001,3683597.6286,4656999.4156,4342186.836,9628245.0,2.9017882347106934,97.54014587402344,63.60881423950195,0.0,0.0,1.0,1.0,PEG,DEU,-0.26967001,0.3925911784172058,0.1097278892993927,0.093602567911148,0.0200999993830919,,,0.062360119074583,0.0473677702248096,0.0445872992277145,0.3592905402183532,0.0244985371828079,,,,0.0415249988436698,0.0333006307482719,0.1444609761238098,0.1747465133666992,0.0568512827157974,0.37551,0.116916,0.507574,2.0,0.258594,0.164312,0.335658,0.077556,0.064268,0.758132,0.600076,0.086757,0.27139,0,8431321.4793,8407036.8595,8285008.662,3366647.0343,3152684.2047,2950661.9855,11335511.9,10601325.72,9830834.0,4.18083333333333,4.98666666666667,5.13083333333333,2.22,3.21,4.15,202.40492084201924,190.88986854632407,180.3333167445372,1.017,1.054,1.082,129.35666359127515,127.4236468682833,125.4811979244134,402309.8227,505458.947,376209.9074,21294.789764994453,21162.974678941075,20920.25111546414,2.1425,1.9608333333333294,1.77666666666667,0.9808333333333294,0.0028886063194260604,0.06786687651145823,0.06925418569254183,0.06032301443437142,0.006228570796549966,-3695673.28772174,-3420498.9648181815,-3269066.7346857144,-2314193.076126087,-2328593.2246499998,-2344136.22312381,-3901043.7443478256,-4248524.947272727,-4636206.734285716,0.8315217405797068,1.493901515151519,1.5096031746031717,0.5782608695652176,1.4668181818181818,2.2942857142857145,-76.89826744356355,-82.96830182416653,-88.29009766251474,-0.017434782608695798,0.016954545454545444,0.04314285714285737,-15.792416770335763,-16.318044781730634,-16.82248976348383,185400.42649130436,280096.4283863636,132854.65828095243,-1420.6781454001357,-1431.4503357230788,-1556.8628343942291,0.25326087101448924,0.027083333333337123,-0.784682539682543,-0.041653729874623485,-0.00383808457936137,0.016329528059502232,0.011998992176972818,-0.006772380658924177,-0.10190988235294118,0.0056530588235294416,0.09625670588235302,-0.10756194117647055,0.07401316844919786,-0.009832847593582869,-0.06417839839572181,0.0838460160427808
2005,Belgium,BEL,124,10511.0,22304.690386988525,100.0,97.9879,12506861.5763,0.2368106320007638,135.10153801724786,261846.2909,10333835.87709,10843335.52813597,3670930.9,13291997.05,2.07,3.42833333333333,243.93380237180276,8.4402,161.72788063558173,0.951,3391318.91714,3736208.92618,34.19504958887853,9434252.0731,4174897.2707,5188477.5981,4245774.475,9585751.0,2.617547512054444,107.7662124633789,66.10372161865234,0.0,0.0,1.0,1.0,PEG,DEU,0.04167,0.2718643844127655,0.1799088716506958,0.0606720559298992,0.0207000002264976,,,0.1344342827796936,0.0454745814204216,0.0400856919586658,0.2378166913986206,0.0275062378495931,,,,0.0342833325266838,0.034047681838274,0.1636156588792801,0.2031738609075546,0.0406860262155532,0.101461,0.031313,0.867226,1.0,0.070148,0.37551,0.164312,0.116916,0.077556,0.507574,0.758132,0.258594,0.086757,0,8999186.251600001,8431321.4793,8407036.8595,3683597.6286,3366647.0343,3152684.2047,12404519.25,11335511.9,10601325.72,4.1525,4.18083333333333,4.98666666666667,2.01,2.22,3.21,215.02661999997693,202.40492084201924,190.88986854632407,0.972,1.017,1.054,131.75881683416512,129.35666359127515,127.4236468682833,393919.1235,402309.8227,505458.947,21954.94806866455,21294.789764994453,21162.974678941075,1.3583333333333303,2.1425,1.9608333333333294,1.77666666666667,0.06735181118335765,0.09414428987382724,0.09430604982206402,0.0623586576129202,0.031000930788962388,-3127808.515421739,-3396214.345018182,-3147038.5371857136,-1997242.481826087,-2114630.39505,-2142114.0039238096,-2832036.394347826,-3514338.7672727276,-3865715.0142857153,0.8031884072463771,0.6880681818181786,1.3654365079365118,0.3682608695652172,0.47681818181818203,1.3542857142857143,-64.27656828560586,-71.45324952847136,-77.73354586072787,-0.06243478260869573,-0.0200454545454547,0.015142857142857347,-13.390263527445796,-14.385028058738783,-14.880040819613924,177009.72729130433,176947.30408636364,262103.6978809524,-760.519841730038,-1299.6352496697,-1314.1392709172942,0.4349275376811599,0.2112499999999966,0.01115079365079752,0.022809474989308104,0.02243932878300764,0.041381392189024424,0.014034635355521595,0.017999979333488243,0.10928811764705881,0.04501305882352945,-0.15430129411764704,0.06427505882352944,-0.09733283155080213,0.003455152406417125,0.09387760160427816,-0.10078698395721922
2006,Belgium,BEL,124,10585.0,22867.0218044584,101.8781832101995,100.0,13116558.8249,0.2397054911325951,138.2467018222894,252971.5129,11297322.11667,11783227.251558686,3751610.7,13953571.41,2.9,3.815,272.49979740080266,8.2459,167.31231588475018,0.915,3528284.97961,3543117.9608400003,30.630144267274105,10173803.4598,4660186.2677,5740448.4498,4433355.01,9427662.0,2.954118013381958,107.3031005859375,65.66677856445312,0.0,0.0,1.0,1.0,PEG,DEU,0.74583,0.2311711907386779,0.1585942804813385,-0.0029505807906389,0.0289999991655349,,,0.117105446755886,0.0414888262748718,0.0371395796537399,0.1988506913185119,0.0269595701247453,,,,0.0381500013172626,0.032320499420166,0.1415700167417526,0.1777492314577102,0.013024709187448,0.178874,0.0352,0.785925,3.0,0.143674,0.101461,0.37551,0.031313,0.116916,0.867226,0.507574,0.070148,0.258594,1,9434252.0731,8999186.251600001,8431321.4793,4174897.2707,3683597.6286,3366647.0343,13291997.05,12404519.25,11335511.9,3.42833333333333,4.1525,4.18083333333333,2.07,2.01,2.22,243.93380237180276,215.02661999997693,202.40492084201924,0.951,0.972,1.017,135.10153801724786,131.75881683416512,129.35666359127515,261846.2909,393919.1235,402309.8227,22304.690386988525,21954.94806866455,21294.789764994453,0.915,1.3583333333333303,2.1425,1.9608333333333294,0.04834501802011793,0.13337494798168964,0.07154471544715453,0.1344353660576022,0.01592999979914082,-2692742.6939217392,-2828349.5727181807,-3122753.917385714,-1505942.8397260867,-1797679.80075,-1928151.1743238098,-1944558.5943478253,-2445331.417272728,-3131528.8342857156,0.07902174057970734,0.6597348484848489,0.5596031746031715,0.42826086956521725,0.2668181818181816,0.36428571428571455,-35.369385913780036,-58.83155037051367,-66.2184935650327,-0.08343478260869575,-0.06504545454545463,-0.021857142857142797,-10.047542344363052,-11.982874815848817,-12.947024096622073,44936.89469130433,168556.6048863636,158954.57358095242,-410.7775234060646,-639.4769459996023,-1182.3241848639154,-0.3492391289855099,0.39291666666666725,0.195317460317457,0.0038026818260683895,0.06166998689087004,0.018620057814114938,0.0861113438002036,0.0029290483436666768,-0.1647608823529412,-0.04058994117647056,0.20535070588235305,-0.12417094117647055,0.11386516844919786,0.04281515240641713,-0.1566803983957219,0.07105001604278077
2007,Belgium,BEL,124,10667.0,23496.542128109177,104.85133331128334,100.579,13861556.0981,0.2460327415051965,140.75726192738216,271205.1477,12113975.15424,12685323.050983412,4042057.98,15204108.31,3.89,4.32833333333333,298.7050035662604,7.4579,171.4686404128993,0.8730000000000001,3658715.97828,3779215.29357,27.40296175531552,11566861.2265,5173350.1356,6294516.9763,5272344.2502,10216844.0,4.358264446258545,108.27645111083984,65.61543273925781,0.0,0.0,1.0,1.0,PEG,DEU,1.02334,-0.0415355190634727,0.1339661628007888,-0.0086051300168037,0.0388999991118907,,,0.0961651355028152,0.0378010272979736,0.0344847925007343,-0.0630297288298606,0.0229401160031557,,,,0.0432833321392536,0.0214942060410976,0.0782936513423919,0.0954204052686691,0.0151474345475435,0.388223,0.04559,0.566187,5.0,0.342632,0.178874,0.101461,0.0352,0.031313,0.785925,0.867226,0.143674,0.070148,1,10173803.4598,9434252.0731,8999186.251600001,4660186.2677,4174897.2707,3683597.6286,13953571.41,13291997.05,12404519.25,3.815,3.42833333333333,4.1525,2.9,2.07,2.01,272.49979740080266,243.93380237180276,215.02661999997693,0.915,0.951,0.972,138.2467018222894,135.10153801724786,131.75881683416512,252971.5129,261846.2909,393919.1235,22867.0218044584,22304.690386988525,21954.94806866455,0.43833333333332947,0.915,1.3583333333333303,2.1425,0.0783900388679131,0.1162397456832828,0.04977238239757203,0.11710552105222281,0.025211352756454856,-1953191.3072217405,-2393283.751218181,-2554889.145085713,-1020653.8427260872,-1306380.1586499996,-1611200.5800238098,-1282984.2343478259,-1557853.6172727272,-2062521.484285716,0.46568840724637717,-0.06443181818182087,0.5312698412698418,1.2582608695652173,0.3268181818181817,0.15428571428571414,-6.8033908847801285,-29.924367998687842,-53.59679440707501,-0.11943478260869567,-0.08604545454545465,-0.06685714285714273,-6.902378539321518,-8.640153632766072,-10.544870853732107,36062.11669130434,36483.772286363615,150563.8743809524,151.55389406381073,-289.7346276756289,-522.1658811938178,-0.7925724623188402,-0.39125000000000254,0.37698412698412764,0.033847702673863556,0.0445347845924632,-0.003152275235467565,0.0687814987948242,0.012210401300980714,-0.08734788235294119,-0.036702941176470556,0.12404970588235298,-0.05064494117647056,-0.16018383155080215,-0.042787847593582874,0.20297160160427818,-0.11739598395721922
2008,Belgium,BEL,124,10753.0,23701.29614233056,104.49121854016762,99.9342,14189237.1058,0.259367703303917,147.07509472600822,-142722.5662,12789499.05166,12941749.576013632,4070295.91,15938294.49,3.67,4.4175,313.2815883220357,6.9756,177.66176773936257,0.932,3829918.51388,4051719.38605,28.986060214126592,13286026.7448,5656541.4578,6832449.5428,6453335.1626,14332885.0,3.8359341621398926,109.81647491455078,65.21831512451172,1.0,1.0,1.0,1.0,PEG,DEU,-0.04084,-0.5605587363243103,0.0839402228593826,0.0322677381336689,0.0366999991238117,,,0.0488006547093391,0.0351395644247531,0.0335045233368873,-0.5744388699531555,0.0326161347329616,,,,0.0441749989986419,0.0138801587745547,0.0266308039426803,0.0240734331309795,0.0344838686287403,0.379156,0.046306,0.574538,2.0,0.332849,0.388223,0.178874,0.04559,0.0352,0.566187,0.785925,0.342632,0.143674,1,11566861.2265,10173803.4598,9434252.0731,5173350.1356,4660186.2677,4174897.2707,15204108.31,13953571.41,13291997.05,4.32833333333333,3.815,3.42833333333333,3.89,2.9,2.07,298.7050035662604,272.49979740080266,243.93380237180276,0.8730000000000001,0.915,0.951,140.75726192738216,138.2467018222894,135.10153801724786,271205.1477,252971.5129,261846.2909,23496.542128109177,22867.0218044584,22304.690386988525,0.7475000000000005,0.43833333333332947,0.915,1.3583333333333303,0.13692595617798448,0.11011660015754438,0.08962127782596128,0.09616596568295491,0.027529615751187977,-560133.540521739,-1653732.3645181824,-2119823.3235857133,-507489.97482608724,-821091.1616500001,-1119900.9379238095,-32447.334347825497,-896279.2572727278,-1175043.6842857152,0.9790217405797068,0.32223484848484896,-0.19289682539682795,2.2482608695652173,1.1568181818181817,0.2142857142857142,19.401815280677624,-1.3583729696879345,-24.689612035249183,-0.1614347826086956,-0.12204545454545457,-0.08785714285714274,-4.391818434228753,-5.494989827724538,-7.202149670649362,54295.75149130431,27608.994286363624,18491.041780952393,781.0742177145876,272.59678979424643,-172.42356286984432,-1.2692391289855107,-0.8345833333333328,-0.40718253968254214,0.09238361998393493,0.038411639066724776,0.03669662019292169,0.0478419434255563,0.014528664295713834,0.12200111764705879,-0.02631294117647056,-0.09568829411764701,0.14831305882352944,-0.08277083155080214,-0.03890084759358287,0.12167060160427812,-0.04386998395721922
2009,Belgium,BEL,124,10840.0,23020.27204796463,101.55927776501144,98.9743,13976686.1727,0.2217328459838694,147.06692370583409,231631.7058,10261151.44527,10730266.45376137,4590680.62,16793500.37,0.66,3.90166666666667,309.26766116243334,7.9076,178.65025515586933,1.002,3575490.7305900003,4114903.77142,28.00215188116061,12968914.7909,5947109.7575,7075941.1792,5892771.9122,13607906.0,4.023786544799805,96.13729858398438,59.62690734863281,0.0,0.0,1.0,1.0,PEG,DEU,-3.192497,0.5247774124145508,0.0213650614023208,0.1088800057768821,0.0065999999642372,,,-0.0128127373754978,0.0341777987778186,0.0346213951706886,0.4925259351730346,0.0216086506843566,,,,0.039016667753458,0.0322514697909355,0.0897303894162178,0.1000118851661682,0.0577400028705596,0.322018,0.069449,0.608532,3.0,0.252569,0.379156,0.388223,0.046306,0.04559,0.574538,0.566187,0.332849,0.342632,0,13286026.7448,11566861.2265,10173803.4598,5656541.4578,5173350.1356,4660186.2677,15938294.49,15204108.31,13953571.41,4.4175,4.32833333333333,3.815,3.67,3.89,2.9,313.2815883220357,298.7050035662604,272.49979740080266,0.932,0.8730000000000001,0.915,147.07509472600822,140.75726192738216,138.2467018222894,-142722.5662,271205.1477,252971.5129,23701.29614233056,23496.542128109177,22867.0218044584,3.24166666666667,0.7475000000000005,0.43833333333332947,0.915,0.1486285245958811,0.09340008109541194,0.04828867073494293,0.04879926543494216,0.008714219015930617,1159031.9777782597,-260674.59781818092,-1380271.9368857145,-24298.652626086958,-307927.2937500002,-634611.94092381,701738.8456521742,354257.6427272726,-513469.3242857158,1.0681884072463776,0.8355681818181786,0.19376984126984187,2.0282608695652176,2.146818181818182,1.0442857142857143,33.97840003645291,24.84683319576982,3.876382993750724,-0.10243478260869565,-0.1640454545454545,-0.12385714285714267,1.9260143643973038,-2.9844297226317735,-4.056985865607828,-359631.96240869566,45842.629086363595,9616.263780952402,985.8282319359714,902.1171134450233,389.907854600031,-0.9600724623188397,-1.3112500000000034,-0.8505158730158724,0.10408618840183156,0.02169512000459234,-0.004635986898096661,0.00047524317754355644,-0.004286732439543526,0.1129341176470588,-0.02559694117647056,-0.08733729411764701,0.13853005882352945,0.12657816844919784,-0.028510847593582876,-0.09806739839572187,0.15508801604278077
2010,Belgium,BEL,124,10951.0,23556.82309859749,103.51811675439056,100.72791008559776,14649031.286,0.2312677669031869,150.49875217896258,237884.3903,11903170.93881,12406212.516919063,4635054.51,16244877.73,0.43,3.4625,325.458592164428,8.2925,181.2506702246912,1.003,3875095.16789,4318583.96051,30.190016464601108,13294740.1632,6405250.0018,7537106.916,5757391.2078,13377959.0,4.566390037536621,79.876708984375,54.37467575073242,0.0,0.0,1.0,1.0,PEG,DEU,-0.24250001,0.1146034598350524,0.0873553529381752,0.0146451508626341,0.0043000001460313,,,0.0523526519536972,0.035002700984478,0.0332613810896873,0.0925613418221473,0.0201747231185436,,,,0.0346250012516975,0.0220421217381954,0.0716246291995048,0.0916357114911079,0.0094725750386714,0.242856,0.032328,0.724816,3.0,0.210528,0.322018,0.379156,0.069449,0.046306,0.608532,0.574538,0.252569,0.332849,0,12968914.7909,13286026.7448,11566861.2265,5947109.7575,5656541.4578,5173350.1356,16793500.37,15938294.49,15204108.31,3.90166666666667,4.4175,4.32833333333333,0.66,3.67,3.89,309.26766116243334,313.2815883220357,298.7050035662604,1.002,0.932,0.8730000000000001,147.06692370583409,147.07509472600822,140.75726192738216,231631.7058,-142722.5662,271205.1477,23020.27204796463,23701.29614233056,23496.542128109177,3.0324999999999998,3.24166666666667,0.7475000000000005,0.43833333333332947,-0.02386808035172096,0.051368544165680194,0.053657301948873755,-0.012812521735162652,-0.028733622426227557,841920.0238782596,1458490.9204818178,12785.829814286903,266269.64707391337,175264.0284500001,-121448.07302381005,1556944.725652175,1088443.8227272723,737067.5757142846,0.5523550739130472,0.9247348484848494,0.7071031746031715,-0.9817391304347826,1.9268181818181818,2.0342857142857147,29.96447287685055,39.423417951545105,30.081589159208477,-0.0324347826086957,-0.10504545454545455,-0.1658571428571426,1.9178433442231722,3.3334030759942834,-1.5464257605150635,14722.309591304336,-368085.0848136364,27849.898580952373,304.80413757004135,1106.8711276664071,1019.4281782508078,1.5340942043478296,-1.0020833333333323,-1.327182539682543,-0.0684104165457705,-0.020336416925139406,0.000732644315834162,-0.06113654399256126,-0.0417345738817017,0.05579611764705883,-0.0024539411764705615,-0.053343294117647044,0.05825005882352943,0.11751116844919784,-0.027794847593582875,-0.08971639839572187,0.1453050160427808
2011,Belgium,BEL,124,11113.648616236162,23630.01600715963,103.9115213972362,100.28638435035715,15166511.523200002,0.2450693915808747,155.54354003446144,-294198.8907,13531910.53727,13785418.823270263,4497898.85,15546997.46,1.01,4.23333333333333,337.8837078192568,7.1396,188.3245200429252,1.035,4104629.19889,4667552.33344,31.17698431099776,14272296.9599,6910507.2493,8105980.1858,6166034.3948,15218061.0,4.737210273742676,81.19329071044922,56.54572677612305,0.0,0.0,1.0,1.0,PEG,DEU,0.425834,-0.132323071360588,0.0717976242303848,0.0065366607159376,0.0100999996066093,,,0.0381768532097339,0.0336207710206508,0.0323844365775585,-0.1526573449373245,0.0239976979792118,,,,0.0423333346843719,0.0203342735767364,0.035897497087717,0.0452019199728965,0.0083183301612734,0.294634,0.106475,0.598892,1.0,0.188159,0.242856,0.322018,0.032328,0.069449,0.724816,0.608532,0.210528,0.252569,0,13294740.1632,12968914.7909,13286026.7448,6405250.0018,5947109.7575,5656541.4578,16244877.73,16793500.37,15938294.49,3.4625,3.90166666666667,4.4175,0.43,0.66,3.67,325.458592164428,309.26766116243334,313.2815883220357,1.003,1.002,0.932,150.49875217896258,147.06692370583409,147.07509472600822,237884.3903,231631.7058,-142722.5662,23556.82309859749,23020.27204796463,23701.29614233056,3.22333333333333,3.0324999999999998,3.24166666666667,0.7475000000000005,0.025123564889841462,0.0770357809055451,-0.03266874849867887,0.05235248632572315,0.02330776324080414,1167745.3961782604,1141378.9665818177,1731951.3481142856,724409.8913739128,465832.3281500004,361743.24917619023,1008322.0856521744,1943649.702727273,1471253.7557142843,0.11318840724637713,0.40890151515151896,0.7962698412698423,-1.2117391304347827,-1.083181818181818,1.8142857142857143,46.15540387884522,35.409490791942744,44.65817391498376,-0.03143478260869581,-0.0350454545454546,-0.10685714285714265,5.349671817351663,3.325232055820152,4.771407038110993,20974.99409130434,6269.187186363619,-386077.8153190476,841.3551882029024,425.84703330047705,1224.1821924721917,1.3249275376811596,1.492083333333337,-1.018015873015872,-0.01941877130420808,0.005330819814725496,-0.08559340613171847,0.004028464068324543,0.010306811785329996,-0.02336588235294121,-0.039574941176470556,0.06294070588235301,0.016209058823529437,0.06037316844919788,-0.004651847593582878,-0.055722398395721906,0.06502501604278077
2012,Belgium,BEL,124,11189.41660516605,23642.929689311823,104.03247709195796,101.12892874326413,15578260.8825,0.2368992582890593,159.6274159174843,-12666.7286,13787669.537260002,14002056.55564469,5022317.55,17342123.01,0.13,3.0,343.1052282760788,7.5417,193.64047270821465,1.048,4358056.55266,4911895.14173,30.57442777019858,14463830.8051,7203536.2829,8371981.4864,6091566.9394,14682786.0,5.558399200439453,73.25347137451172,44.73638916015625,0.0,0.0,1.0,1.0,PEG,DEU,-0.55416697,0.3901649713516235,0.0482450611889362,0.2432106137275695,0.001300000003539,,,0.015452048741281,0.0327930115163326,0.032294001430273,0.3532236218452453,0.0272987969219684,,,,0.0299999993294477,0.0369413755834102,0.108751431107521,0.1043310016393661,0.1222553104162216,0.2662218823529412,0.0719029411764705,0.661875294117647,,0.1943189411764705,0.294634,0.242856,0.106475,0.032328,0.598892,0.724816,0.188159,0.210528,0,14272296.9599,13294740.1632,12968914.7909,6910507.2493,6405250.0018,5947109.7575,15546997.46,16244877.73,16793500.37,4.23333333333333,3.4625,3.90166666666667,1.01,0.43,0.66,337.8837078192568,325.458592164428,309.26766116243334,1.035,1.003,1.002,155.54354003446144,150.49875217896258,147.06692370583409,-294198.8907,237884.3903,231631.7058,23630.01600715963,23556.82309859749,23020.27204796463,2.87,3.22333333333333,3.0324999999999998,3.24166666666667,0.07352959025148065,0.07888173722462252,-0.042960019865905114,0.03817725496874082,0.0031070789238339803,2145302.1928782593,1467204.3388818186,1414839.3942142855,1229667.1388739133,923972.5724499999,652311.5488761906,310441.8156521749,1395027.0627272725,2326459.635714285,0.8840217405797071,-0.03026515151515108,0.28043650793651187,-0.6317391304347826,-1.3131818181818182,-1.1957142857142857,58.58051953367402,51.600421793937414,40.6442467553814,0.000565217391304218,-0.03404545454545471,-0.0368571428571427,10.39445967285053,6.757060528948642,4.763236017936862,-511108.28690869565,12521.871686363622,-11723.543319047603,914.5480967650401,962.3980839333381,543.1580981062616,1.5157608710144899,1.282916666666667,1.4761507936507974,0.028987254057431106,0.007176776133802923,-0.0958846774989447,-0.010146767288657786,-0.009893872531640162,0.02841211764705881,0.03457205882352944,-0.06298329411764703,-0.0061599411764705625,-0.01878883155080216,-0.04177284759358287,0.06056160160427815,0.022984016042780775
2013,Belgium,BEL,124,11252.05147601476,23619.124656363343,104.0187984985944,102.33354093527912,15848739.912,0.2242819690490735,161.61951063593366,151314.9649,13719313.57671,14238752.067303777,5316798.820000001,17503482.61,0.05,2.41,347.1219283320624,8.4253,197.6687008203976,1.055,4499217.96473,4907970.06946,29.250888260459725,14739876.7408,7520244.8378,8669649.6085,6099029.8209,15106554.0,6.614171028137207,74.20460510253906,34.83740997314453,0.0,0.0,1.0,1.0,PEG,DEU,-0.16583334,0.1895981281995773,0.0443472638726234,0.0010905904928222,0.0005000000237487,,,0.0117075769230723,0.0326396860182285,0.0322619751095771,0.1574814766645431,0.0277470108121633,,,,0.024100000038743,0.0321166515350341,0.0544208064675331,0.0712427571415901,0.0007952952291816,0.2662218823529412,0.0719029411764705,0.661875294117647,,0.1943189411764705,0.2662218823529412,0.294634,0.0719029411764705,0.106475,0.661875294117647,0.598892,0.1943189411764705,0.188159,0,14463830.8051,14272296.9599,13294740.1632,7203536.2829,6910507.2493,6405250.0018,17342123.01,15546997.46,16244877.73,3.0,4.23333333333333,3.4625,0.13,1.01,0.43,343.1052282760788,337.8837078192568,325.458592164428,1.048,1.035,1.003,159.6274159174843,155.54354003446144,150.49875217896258,-12666.7286,-294198.8907,237884.3903,23642.929689311823,23630.01600715963,23556.82309859749,2.3600000000000003,2.87,3.22333333333333,3.0324999999999998,0.013419973374863295,0.0424034044142971,0.11546445251686563,0.015453602337094918,0.0005464948541837914,2336836.0380782597,2444761.1355818175,1740664.7665142864,1522696.172473913,1429229.8199500004,1110451.79317619,2105567.3656521756,697146.792727273,1777836.9957142845,-0.3493115927536228,0.7405681818181789,-0.15873015873015817,-1.5117391304347825,-0.7331818181818182,-1.4257142857142857,63.802039990495985,64.02553744876622,56.83517775737607,0.01356521739130434,-0.0020454545454546835,-0.03585714285714281,14.4783355558734,11.80184838444751,8.195064491065352,-229576.12480869566,-519561.40931363637,-5470.8588190476,927.4617789172335,1035.5909924954758,1079.7091487391226,1.16242753768116,1.4737499999999972,1.2669841269841273,-0.031122362819186247,-0.029301556676522497,0.06253979488382604,-0.032870419920303685,-0.012454456601290352,0.0,-5.551115123125783e-17,0.0,-5.551115123125783e-17,0.03298916844919786,0.032374152406417125,-0.06536239839572189,0.0006150160427807749
2014,Belgium,BEL,124,11295.491789667898,23899.98018736695,105.19275019769351,102.44264500425749,16257141.0596,0.2313618771856211,162.41209959282284,125457.089,13773127.00331,14332828.377222983,6067120.96,18745951.53,0.05,1.71333333333333,345.2102708176528,8.5227,200.2452142931361,1.07,4620370.7864,5030655.80733,33.22617576805864,14591183.8694,7888306.0854,9084021.0613,5506840.0889,19232380.0,6.108495235443115,78.49821472167969,36.390621185302734,0.0,0.0,1.0,1.0,PEG,DEU,0.0075,0.1793061643838882,0.0274293627589941,0.1568618565797805,0.0005000000237487,,,-0.0055068894289433,0.0329362526535987,0.0331186316907405,0.1568993330001831,0.0193680003285408,,,,0.0171333327889442,0.0224068257957696,0.0636230781674385,0.0590801835060119,0.0786809250712394,0.2662218823529412,0.0719029411764705,0.661875294117647,,0.1943189411764705,0.2662218823529412,0.2662218823529412,0.0719029411764705,0.0719029411764705,0.661875294117647,0.661875294117647,0.1943189411764705,0.1943189411764705,0,14739876.7408,14463830.8051,14272296.9599,7520244.8378,7203536.2829,6910507.2493,17503482.61,17342123.01,15546997.46,2.41,3.0,4.23333333333333,0.05,0.13,1.01,347.1219283320624,343.1052282760788,337.8837078192568,1.055,1.048,1.035,161.61951063593366,159.6274159174843,155.54354003446144,151314.9649,-12666.7286,-294198.8907,23619.124656363343,23642.929689311823,23630.01600715963,1.66333333333333,2.3600000000000003,2.87,3.22333333333333,0.01908525752407629,0.04396570551769322,0.009304489416143159,0.011706904252568229,-0.0010068563101653578,2612881.973778261,2636294.980781818,2718221.5632142853,1839404.727373913,1722258.85355,1615709.0406761905,2266926.9656521734,2492272.3427272737,1079956.725714285,-0.9393115927536226,-0.492765151515151,0.6121031746031718,-1.5917391304347825,-1.6131818181818183,-0.8457142857142856,67.8187400464796,69.24705790558818,69.26029341220487,0.020565217391304236,0.010954545454545439,-0.0038571428571427813,16.47043027432275,15.88572426747038,13.23985234656422,-65594.43130869567,-238029.24721363638,-537554.1398190476,903.656745968754,1048.5046746476692,1152.9020573012604,0.6524275376811601,1.1204166666666673,1.4578174603174576,-0.02545707866997325,-0.027739255573126377,-0.04362016821689643,-0.036617118004830376,-0.0140078077656395,0.0,-5.551115123125783e-17,0.0,-5.551115123125783e-17,0.004577050802139049,-0.002197906417112372,-0.0023791042780748617,0.006774957219251282
2015,Belgium,BEL,124,11352.065221402216,24265.37404213519,106.7200367688904,103.465200849381,16809717.009800002,0.2362795037405681,163.41876927827386,232478.8437,13658283.342,14430547.521955963,6728695.32,20581416.98,-0.22,0.84,350.7628466806068,8.482,200.58313688713207,1.052,4423822.69163,4638822.25666,37.053274547625605,15455708.2663,8255842.9143,9479432.7611,5975993.1259,22123710.0,6.12782621383667,81.67491149902344,33.834815979003906,0.0,0.0,1.0,1.0,PEG,DEU,-0.20416667,0.0995749086141586,0.0412169210612773,0.0226253606379032,-0.002199999988079,,,0.0077803740277886,0.0334365479648113,0.0331784076988697,0.0820111483335495,0.0162325147539377,,,,0.0083999997004866,0.0175637621432542,0.0440460033714771,0.0540765300393104,0.010212680324912,0.186065,0.172076,0.64186,2.0,0.013989,0.2662218823529412,0.2662218823529412,0.0719029411764705,0.0719029411764705,0.661875294117647,0.661875294117647,0.1943189411764705,0.1943189411764705,0,14591183.8694,14739876.7408,14463830.8051,7888306.0854,7520244.8378,7203536.2829,18745951.53,17503482.61,17342123.01,1.71333333333333,2.41,3.0,0.05,0.05,0.13,345.2102708176528,347.1219283320624,343.1052282760788,1.07,1.055,1.048,162.41209959282284,161.61951063593366,159.6274159174843,125457.089,151314.9649,-12666.7286,23899.98018736695,23619.124656363343,23642.929689311823,1.06,1.66333333333333,2.3600000000000003,2.87,-0.010087796120331076,0.0489427213526301,0.07098409771836839,-0.005507164366121079,0.01189102200398183,2464189.1023782603,2912340.916481819,2909755.4084142856,2207465.9749739133,2038967.40845,1908738.0742761903,3509395.885652175,2653631.9427272715,2875082.2757142857,-1.6359782594202927,-1.0827651515151508,-0.6212301587301581,-1.5917391304347825,-1.6931818181818181,-1.7257142857142855,65.90708253207004,73.2637579615718,74.48181386902684,0.03556521739130436,0.017954545454545334,0.009142857142857341,17.263019231211928,17.87781898591973,17.32372822958709,-91452.30720869565,-74047.55371363639,-256021.9777190476,1184.5122769723603,1024.6996416991897,1165.8157394534537,-0.04423912898551019,0.6104166666666675,1.1044841269841277,-0.05463013231438062,-0.0227622397381895,0.018059440085328796,-0.05383118662351968,-0.001109929451492313,0.0,-5.551115123125783e-17,0.0,-5.551115123125783e-17,0.004577050802139049,-0.002197906417112372,-0.0023791042780748617,0.006774957219251282
2016,Belgium,BEL,124,11426.822970479709,24412.360983552782,107.52606002076416,104.55892737718604,17349585.8915,0.2425221229370081,166.31131041991074,95686.2428,13830534.715,14522526.07539327,7575833.220000001,21206685.43,-0.58,0.475833333333333,360.0247396472082,7.8297,203.99849944978567,1.05,4319326.21467,4762286.5546,38.26951902096575,16833840.27,8600547.3598,9865969.6829,6964280.336,26263270.0,6.542012691497803,85.17912292480469,35.85490036010742,0.0,0.0,1.0,1.0,PEG,DEU,-0.21250001,-0.0241999998688697,0.0598974153399467,0.049659177660942,-0.002637,,,0.0264065265655517,0.0334908887743949,0.0326292626559734,-0.0478999987244606,0.0248923413455486,,,,0.0465542040765285,0.0236999988555908,0.0249023586511611,0.0255627278238534,0.0235110893845558,0.2662218823529412,0.0719029411764705,0.661875294117647,,0.1943189411764705,0.186065,0.2662218823529412,0.172076,0.0719029411764705,0.64186,0.661875294117647,0.013989,0.1943189411764705,0,15455708.2663,14591183.8694,14739876.7408,8255842.9143,7888306.0854,7520244.8378,20581416.98,18745951.53,17503482.61,0.84,1.71333333333333,2.41,-0.22,0.05,0.05,350.7628466806068,345.2102708176528,347.1219283320624,1.052,1.07,1.055,163.41876927827386,162.41209959282284,161.61951063593366,232478.8437,125457.089,151314.9649,24265.37404213519,23899.98018736695,23619.124656363343,1.055833333333333,1.06,1.66333333333333,2.3600000000000003,0.05924977744355914,0.04659261759381425,0.09791263180546585,0.01608461952711412,0.015288458480035932,3328713.4992782604,2763648.0450818185,3185801.344114287,2575002.8038739134,2407028.6560500003,2225446.62917619,5344861.335652174,3896100.8627272733,3036441.8757142834,-2.509311592753623,-1.779431818181821,-1.211230158730158,-1.8617391304347826,-1.6931818181818181,-1.8057142857142856,71.45965839502401,71.35210044716223,78.49851392501046,0.017565217391304344,0.03295454545454546,0.016142857142857236,18.269688916662943,18.670407942808907,19.31582294803644,15569.447491304338,-99905.42961363637,-92040.28421904761,1549.9061317406013,1305.555172702796,1142.0107065049742,-0.6475724623188401,-0.08625000000000282,0.5944841269841279,0.014707441249509595,-0.02511234349700535,0.044987974172426254,-0.032239402730284486,0.0022875070245617895,-0.08015688235294119,0.10017305882352945,-0.02001529411764702,-0.18032994117647055,0.004577050802139049,-0.002197906417112372,-0.0023791042780748617,0.006774957219251282
2017,Belgium,BEL,124,11468.242804428046,24719.49220292041,108.8495183082083,106.12123044353504,17953272.495,0.2445641513168967,170.0111483547502,125376.4092,14626440.942,15353560.373993512,8088149.95,21916667.67,-0.68,0.7225,373.1160859924452,7.0862,206.45680889358889,1.02,4571402.18179,4797914.75428,33.63620445259737,16608219.2093,9093500.9378,10334961.3603,6307183.7049,25172576.0,7.267611448864273,88.62561150275141,36.55910160973265,0.0,0.0,1.0,1.0,PEG,DEU,-0.035,0.0419999994337558,0.0693451538681984,0.0317667499184608,-0.003291,,,0.0363633632659912,0.0329817906022071,0.0318245440721511,0.0097000002861022,0.0319897010922431,,,,-0.0088805966079235,0.0322999991476535,0.0443921312689781,0.0584304817020893,0.0142378751188516,0.336047,0.011044,0.652909,1.0,0.325003,0.2662218823529412,0.186065,0.0719029411764705,0.172076,0.661875294117647,0.64186,0.1943189411764705,0.013989,0,16833840.27,15455708.2663,14591183.8694,8600547.3598,8255842.9143,7888306.0854,21206685.43,20581416.98,18745951.53,0.475833333333333,0.84,1.71333333333333,-0.58,-0.22,0.05,360.0247396472082,350.7628466806068,345.2102708176528,1.05,1.052,1.07,166.31131041991074,163.41876927827386,162.41209959282284,95686.2428,232478.8437,125457.089,24412.360983552782,24265.37404213519,23899.98018736695,1.4025,1.055833333333333,1.06,1.66333333333333,0.08916653834007152,0.041752786369388714,0.0303802430419443,0.02640499999999996,0.006057476845910512,4706845.50297826,3628172.4419818185,3037108.4727142863,2919707.249373913,2774565.4849500004,2593507.8767761905,5970129.785652174,5731566.3127272725,4278910.795714285,-2.8734782594202897,-2.652765151515151,-1.907896825396828,-2.2217391304347824,-1.9631818181818181,-1.8057142857142856,80.72155136162542,76.9046763101162,76.58685641060089,0.015565217391304342,0.014954545454545443,0.03114285714285736,21.162230058299826,19.677077628259923,20.108411904925617,-121223.15340869565,7116.32508636362,-117898.16011904759,1696.8930731581931,1670.949027471037,1422.8662375085805,-0.6517391289855072,-0.6895833333333328,-0.10218253968254243,0.044624202146021974,-0.029952174721430885,-0.022544414591095293,-0.021919022257398644,-0.006943474609563631,0.0,-5.551115123125783e-17,0.0,-5.551115123125783e-17,-0.07557983155080214,0.09797515240641713,-0.02239439839572188,-0.17355498395721922
2018,Belgium,BEL,124,11515.724077490777,25057.95737558562,110.29248185748088,107.61653252918494,18571279.763,0.2536879164679474,173.93977485446487,-152484.822,15537719.283,16000637.565719135,8685180.47,22888859.26,-0.62,0.795,383.78804560270265,5.9482,211.74106078499344,0.999,4888861.05883,4930685.46715,35.23135371179039,17570204.8046,9397341.0646,10660302.6538,6909902.1508,26281836.0,7.262486963262178,93.2509901241624,34.50650034554171,0.0,0.0,1.0,1.0,PEG,DEU,-0.00666667,-0.2066999971866607,0.0607519000768661,0.0024249353446066,-0.003221,,,0.0286000967025756,0.0321518033742904,0.031257826834917,-0.2330999970436096,0.0344243049621582,,,,0.0070721129886806,0.026400001719594,-0.017231972888112,-0.0257690250873565,-0.0003980323381256,0.16686,0.175719,0.65742,4.0,-0.008859,0.336047,0.2662218823529412,0.011044,0.0719029411764705,0.652909,0.661875294117647,0.325003,0.1943189411764705,0,16608219.2093,16833840.27,15455708.2663,9093500.9378,8600547.3598,8255842.9143,21916667.67,21206685.43,20581416.98,0.7225,0.475833333333333,0.84,-0.68,-0.58,-0.22,373.1160859924452,360.0247396472082,350.7628466806068,1.02,1.05,1.052,170.0111483547502,166.31131041991074,163.41876927827386,125376.4092,95686.2428,232478.8437,24719.49220292041,24412.360983552782,24265.37404213519,1.415,1.4025,1.055833333333333,1.06,-0.013402827701893083,0.057316535492162334,0.033479170629636776,0.036362352092984926,0.012580971564960457,4481224.44227826,5006304.445681818,3901632.8696142863,3412660.8273739126,3119269.93045,2961044.7056761906,6680112.025652176,6356834.762727272,6114376.2457142845,-2.6268115927536226,-3.016931818181818,-2.781230158730158,-2.3217391304347825,-2.3231818181818182,-2.0757142857142856,93.81289770686243,86.16656927671761,82.13943227355486,-0.014434782608695684,0.01295454545454544,0.013142857142857345,24.862067993139277,22.569618769896806,21.115081590376633,-91532.98700869567,-129676.27581363637,-10876.405419047602,2004.0242925258208,1817.9359688886288,1788.2600922768215,-0.3050724623188401,-0.6937499999999999,-0.7055158730158724,-0.05794516389594263,-0.014388425598657266,-0.019445487003402817,-0.011961670164413678,-0.00041997989051368624,0.06982511764705879,-0.06085894117647056,-0.008966294117647045,0.13068405882352943,0.004577050802139049,-0.002197906417112372,-0.0023791042780748617,0.006774957219251282
2019,Belgium,BEL,124,11573.307749077492,25378.411616464226,111.65577563139644,108.59553232870832,19215628.9857,0.2496476602949594,176.11163201674478,30940.7033,15413068.992,16101894.657441787,9241871.09,23744065.14,-0.59,0.1933333,399.09358241761095,5.36,216.85580668844943,0.977,4738151.19243,5112489.32847,35.90875912408758,18715091.5065,10071219.0941,11370042.8544,7345048.6521,26783390.0,6.916266000377921,92.04332786402874,34.593624701758486,0.0,0.0,1.0,1.0,PEG,DEU,-0.03083333,0.2487999945878982,0.0714736133813858,0.0904631316661834,-0.003563,,,0.0398797988891601,0.0315938107669353,0.0303821768611669,0.2162999957799911,0.026720380410552,,,,0.0723374411463737,0.0324999988079071,0.106386661529541,0.1354644745588302,0.0434500649571418,0.366917,0.023549,0.609535,1.0,0.343368,0.16686,0.336047,0.175719,0.011044,0.65742,0.652909,-0.008859,0.325003,0,17570204.8046,16608219.2093,16833840.27,9397341.0646,9093500.9378,8600547.3598,22888859.26,21916667.67,21206685.43,0.795,0.7225,0.475833333333333,-0.62,-0.68,-0.58,383.78804560270265,373.1160859924452,360.0247396472082,0.999,1.02,1.05,173.93977485446487,170.0111483547502,166.31131041991074,-152484.822,125376.4092,95686.2428,25057.95737558562,24719.49220292041,24412.360983552782,0.7833333,1.415,1.4025,1.055833333333333,0.05792226024818622,0.03341288782816237,0.044358549604270194,0.028602250106347638,0.013692238088338438,5443210.0375782605,4780683.3849818185,5279764.873314286,3716500.954173913,3612223.5084499996,3305749.15117619,7652303.615652176,7066817.002727274,6739644.695714284,-2.554311592753623,-2.770265151515151,-3.145396825396825,-2.2617391304347825,-2.4231818181818183,-2.4357142857142855,104.48485731711986,99.25791562195462,91.40132524015627,-0.0354347826086957,-0.017045454545454586,0.011142857142857343,28.79069449285396,26.269456704736257,24.007622732013516,-369394.21820869565,-99986.10941363638,-147669.0063190476,2342.4894651910327,2125.0671882562565,1935.2470336944134,-0.29257246231884015,-0.34708333333333274,-0.7096825396825395,0.013379924054136676,-0.03829207326265723,-0.0085661080287694,-0.019721772151050965,0.000691286632864295,-0.09936188235294119,0.10381605882352943,-0.004455294117647002,-0.20317794117647056,0.07440216844919784,-0.06305684759358288,-0.011345398395721906,0.13745901604278077
2020,Belgium,BEL,124,11639.983579335796,23645.52704500508,104.03256683280703,98.52443682857808,18200435.0623,0.2416106706845302,176.8650000767982,154905.216,13991490.916,14827911.009393454,10621495.67,25825603.980000004,-0.6,-0.1483333,415.9880749178873,5.55,211.703158903588,1.128,4401115.36192,5716514.78713,32.87417488387254,19197112.9716,10526333.8459,11849361.5462,7347751.4254,28599122.0,6.898774220198891,85.00254694290352,36.01486952493147,0.0,0.0,1.0,1.0,PEG,DEU,-0.06833334,-0.1031000018119812,0.073529228568077,0.0443721301853656,-0.004252,,,0.0423321723937988,0.0311970543116331,0.0299300495535135,-0.1203000023961067,0.0195521190762519,,,,0.0337039567530155,0.0172000005841255,0.0176464598625898,0.016395203769207,0.0200600642710924,0.2662218823529412,0.0719029411764705,0.661875294117647,,0.1943189411764705,0.366917,0.16686,0.023549,0.175719,0.609535,0.65742,0.343368,-0.008859,0,18715091.5065,17570204.8046,16608219.2093,10071219.0941,9397341.0646,9093500.9378,23744065.14,22888859.26,21916667.67,0.1933333,0.795,0.7225,-0.59,-0.62,-0.68,399.09358241761095,383.78804560270265,373.1160859924452,0.977,0.999,1.02,176.11163201674478,173.93977485446487,170.0111483547502,30940.7033,-152484.822,125376.4092,25378.411616464226,25057.95737558562,24719.49220292041,0.4516667,0.7833333,1.415,1.4025,0.06516069190043014,0.07170943619770428,0.03736341205498762,0.03988018123616228,0.012788522068076768,6588096.739478258,5742668.980281819,5054143.812614286,4390378.983673913,3916063.6352500003,3798702.7291761898,8507509.495652175,8039008.592727274,7449626.935714286,-3.155978292753623,-2.697765151515151,-2.898730158730158,-2.2317391304347827,-2.3631818181818183,-2.5357142857142856,119.79039413202815,109.92987523221205,104.49267158539328,-0.05743478260869572,-0.038045454545454604,-0.018857142857142684,30.962551655133865,30.19808320445094,27.707460666852967,-185968.69290869567,-377847.34061363636,-117978.8399190476,2662.9437060696364,2463.5323609214684,2242.378253062041,-0.9242391623188402,-0.3345833333333328,-0.36301587301587235,0.020618355706380598,4.4751068846854425e-06,-0.015561245578051976,-0.008443841021236326,-0.00021242938739737469,0.1006951176470588,-0.04835394117647056,-0.05234029411764696,0.14904905882352945,-0.09478483155080214,0.10161815240641711,-0.0068343983957218635,-0.19640298395721922
2000,Canada,CAN,156,31100.0,22487.70818622514,92.5875484859652,86.6304,1106.071,0.2015496956951037,121.7400285915097,27.745335543210174,354.727891,410.993506,225.19,510.32,5.489833333333333,5.885833333333333,113.7428495263996,6.8287,132.39358173986102,0.8212687062792537,203.952,183.625,1.5002,708.4739999999999,350.241,476.45,263.13,1298.0260009765625,4.691115856170654,101.81964111328124,59.808963775634766,0.0,0.0,1.0,0.0,PEG,USA,1.27,,,,,,,,,,,,,,,,,,,,0.381077,0.116341,0.502582,9.0,0.264736,0.353913,0.305497,0.220974,0.293585,0.425113,0.400918,0.132939,0.011912,0,683.58725,677.70025,632.1107499999999,341.492,333.294,322.971,477.142,451.738,448.721,5.690833333333334,5.465,6.42416666666667,4.71975,4.730833333333333,3.25833333333333,112.29013252985528,111.77165440987652,111.04627417220811,0.9136915092102222,0.951645567683418,0.9631791266441836,118.4968782119764,116.46496345234748,115.32647854933931,1.2200952687268516,-13.774060626959622,-12.841153865047309,21563.04067519223,20612.3873465468,19961.8228974183,0.3959999999999999,0.9710833333333335,0.7341666666666669,3.1658333333333397,0.00868673133881839,0.024596902434487377,0.05623613687579968,0.0046387263632822456,0.046120486320314354,-624.3037181770153,-581.7422762086784,-579.8961342007866,-325.24153007307444,-310.25886390008384,-297.82449022226297,-492.656347826087,-479.50513636363627,-446.4848571428572,1.7430434782898554,1.4162121212272725,2.2932936508095265,2.4398586956521746,2.4225757575757574,0.9069047619047588,-105.79155248344053,-98.81258489644257,-91.53748802081537,0.08307640700988483,0.12273912253857722,0.13710183100222695,-25.32765557118489,-26.007521592616243,-25.823222510944177,21.91328158587701,5.756394537616705,4.9463146697664815,-2989.547131593765,-3817.541881598121,-4339.185513805096,-0.6968152173623194,-1.0063636363484854,1.3863888889047675,-0.05356736894968438,-0.0365559874375158,-0.009677110488387507,-0.054087582342868645,0.031736101377373656,0.06200747826086955,-0.007519260869565225,-0.05448826086956521,0.06952682608695653,0.010632863636363676,0.07290095454545453,-0.08353386363636361,-0.06226804545454546
2001,Canada,CAN,156,31377.0,22686.64558523288,93.28401907417266,87.7231,1144.543,0.2082596285731571,124.79300604441946,25.09591131608721,343.310663,402.171609,253.75,540.224,3.76858333333333,5.7825,115.92730545453658,7.2186,134.598813695999,0.8265914473019219,201.102,187.964,1.5926,743.24425,372.854,507.041,243.946,1392.3050537109375,4.630974292755127,103.11837005615234,61.638816833496094,0.0,0.0,1.0,0.0,PEG,USA,-2.3599999,,,,,,,,,,,,,,,,,,,,0.320497,0.247059,0.432445,12.0,0.073438,0.381077,0.353913,0.116341,0.220974,0.502582,0.425113,0.264736,0.132939,0,708.4739999999999,683.58725,677.70025,350.241,341.492,333.294,510.32,477.142,451.738,5.885833333333333,5.690833333333334,5.465,5.489833333333333,4.71975,4.730833333333333,113.7428495263996,112.29013252985528,111.77165440987652,0.8212687062792537,0.9136915092102222,0.951645567683418,121.7400285915097,118.4968782119764,116.46496345234748,27.745335543210174,1.2200952687268516,-13.774060626959622,22487.70818622514,21563.04067519223,20612.3873465468,2.01391666666667,0.3959999999999999,0.9710833333333335,0.7341666666666669,0.03640610617006079,0.025619926674709706,0.06953485545183613,0.012937174120424765,0.04288205568784726,-599.4169681770154,-575.8552762086783,-534.3066342007866,-316.4925300730745,-302.0608639000838,-287.501490222263,-459.47834782608703,-454.1011363636363,-443.4678571428572,1.9380434782898548,1.6420454545606065,1.3341269841428565,3.2099420289855076,2.4114924242424247,2.3794047619047616,-104.33883548689622,-98.2941067764638,-90.81210778314697,-0.009346395921083661,0.08478506406538144,0.12556827204146137,-22.084505191651587,-23.975606832987324,-24.684737607936015,48.43852186036033,20.75055043330318,4.013407907854168,-2064.879620560856,-2866.8885529526888,-3688.6210646765976,-1.271898550695653,-0.7694469696818187,-1.0452777777619053,-0.02584799411844197,-0.03553296319729347,0.003621608087648942,-0.04578913458572613,0.028497670744906563,0.08917147826086957,-0.11215226086956523,0.022980739130434746,0.20132382608695654,0.059048863636363635,0.00028995454545455157,-0.05933886363636359,0.058758954545454545
2002,Canada,CAN,156,31641.0,23155.136569813305,95.214092206051,90.0439,1193.694,0.2064446135716815,127.63283666010685,19.765396119036005,348.198051,396.019674,268.5,570.306,2.58575,5.661666666666667,124.95347148003496,7.6648,136.08641248815883,0.8055399187270418,197.095,187.879,1.5796,775.79275,405.953,554.109,232.105,1469.8740234375,4.518655300140381,103.99126434326172,60.59333419799805,0.0,0.0,0.0,0.0,FLOAT,USA,0.0,,,,,,,,,,,,,,,,,,,,0.328596,0.155191,0.516213,15.0,0.173406,0.320497,0.381077,0.247059,0.116341,0.432445,0.502582,0.073438,0.264736,0,743.24425,708.4739999999999,683.58725,372.854,350.241,341.492,540.224,510.32,477.142,5.7825,5.885833333333333,5.690833333333334,3.76858333333333,5.489833333333333,4.71975,115.92730545453658,113.7428495263996,112.29013252985528,0.8265914473019219,0.8212687062792537,0.9136915092102222,124.79300604441946,121.7400285915097,118.4968782119764,25.09591131608721,27.745335543210174,1.2200952687268516,22686.64558523288,22487.70818622514,21563.04067519223,3.075916666666667,2.01391666666667,0.3959999999999999,0.9710833333333335,0.049077665517718416,0.064564114424068,0.058598526414798666,0.019205215424376844,0.00884649504343886,-564.6467181770154,-550.9685262086784,-528.4196342007865,-293.8795300730745,-293.31186390008384,-279.30349022226295,-429.574347826087,-420.9231363636363,-418.0638571428572,1.8347101449565213,1.8370454545606059,1.5599603174761905,1.4886920289855041,3.1815757575757577,2.368321428571429,-102.15437955875923,-96.8413897799195,-90.2936296631682,-0.004023654898415496,-0.0076377388655870515,0.0876142135682656,-19.03152773874183,-20.73245645345402,-22.652822848307096,45.78909763323737,47.2757907077865,19.00756380354064,-1865.9422215531158,-1942.22104191978,-2737.9677360311653,0.34601811597101695,-1.3445303030151523,-0.8083611110952387,-0.013176434770784347,0.003411224552064822,-0.007314720949388523,-0.03952109328177405,-0.005537889899501838,0.02859147826086955,0.018565739130434772,-0.0471562608695652,0.010025826086956527,0.08621286363636366,-0.10434304545454545,0.018130136363636362,0.19055595454545457
2003,Canada,CAN,156,31889.0,23406.98027019085,96.18813354146516,91.8679,1254.747,0.2067345572743641,131.13252904132696,13.483534637309225,334.330694,381.654504,283.95,605.479,2.870083333333333,5.278333333333333,137.60115826055485,7.5738,138.45102173686368,0.7656183155768953,203.136,198.741,1.2924,808.0475,431.247,599.057,222.502,1499.510009765625,4.688697814941406,100.32903289794922,57.55320358276367,0.0,0.0,0.0,0.0,FLOAT,USA,0.0,,,,,,,,,,,,,,,,,,,,0.287351,0.216691,0.495958,14.0,0.07066,0.328596,0.320497,0.155191,0.247059,0.516213,0.432445,0.173406,0.073438,0,775.79275,743.24425,708.4739999999999,405.953,372.854,350.241,570.306,540.224,510.32,5.661666666666667,5.7825,5.885833333333333,2.58575,3.76858333333333,5.489833333333333,124.95347148003496,115.92730545453658,113.7428495263996,0.8055399187270418,0.8265914473019219,0.8212687062792537,127.63283666010685,124.79300604441946,121.7400285915097,19.765396119036005,25.09591131608721,27.745335543210174,23155.136569813305,22686.64558523288,22487.70818622514,2.4082500000000002,3.075916666666667,2.01391666666667,0.3959999999999999,0.04379246795383885,0.0887720126376544,0.05568430873119297,0.07786056951904391,0.02065051806889308,-532.0982181770154,-516.1982762086784,-503.5328842007866,-260.7805300730745,-270.69886390008384,-270.554490222263,-399.492347826087,-391.0191363636362,-384.8858571428572,1.7138768116231886,1.7337121212272724,1.7549603174761899,0.3058586956521743,1.4603257575757542,3.138404761904762,-93.12821353326085,-94.65693385178251,-88.8409126666239,-0.025075183473295626,-0.0023149978429188867,-0.0048085893627028975,-16.19169712305444,-17.679479000544262,-19.409672468773792,40.45858243618616,44.626366480663535,45.532804078023965,-1397.4512369726908,-1743.2836429120398,-1813.3002249982565,1.4080181159710141,0.2733863636515177,-1.3834444444285723,-0.018461632334663913,0.027619122765651226,-0.01022893863299422,0.019134260812893017,0.006266133125952381,0.036690478260869575,-0.07330226086956523,0.036611739130434806,0.10999382608695653,0.025632863636363634,0.02637495454545455,-0.05200686363636359,-0.0007420454545454536
2004,Canada,CAN,156,32135.0,23952.908626048556,97.89425754775624,94.0405,1335.731,0.2161085425733518,133.54606598256956,27.96630554442056,354.85914,395.8971,311.74,644.388,2.2199166666666663,5.0808333333333335,152.7145508927851,7.1853,143.64054874978015,0.7260071608622163,212.09,201.667,1.2036,875.8405,462.098,653.533,239.215,1601.93603515625,4.429810523986816,101.31180572509766,56.32152938842773,0.0,0.0,0.0,0.0,FLOAT,USA,0.0,,,,,,,,,,,,,,,,,,,,0.296123,0.117818,0.586059,19.0,0.178305,0.287351,0.328596,0.216691,0.155191,0.495958,0.516213,0.07066,0.173406,0,808.0475,775.79275,743.24425,431.247,405.953,372.854,605.479,570.306,540.224,5.278333333333333,5.661666666666667,5.7825,2.870083333333333,2.58575,3.76858333333333,137.60115826055485,124.95347148003496,115.92730545453658,0.7656183155768953,0.8055399187270418,0.8265914473019219,131.13252904132696,127.63283666010685,124.79300604441946,13.483534637309225,19.765396119036005,25.09591131608721,23406.98027019085,23155.136569813305,22686.64558523288,2.860916666666667,2.4082500000000002,3.075916666666667,2.01391666666667,0.041576503518497766,0.06230770557182738,0.06167390839303812,0.10121917086986043,0.010876364283934516,-499.8434681770153,-483.6497762086784,-468.7626342007866,-235.48653007307445,-237.59986390008385,-247.94149022226298,-364.319347826087,-360.9371363636362,-354.98185714285717,1.3305434782898549,1.6128787878939397,1.6516269841428564,0.5901920289855074,0.2774924242424244,1.4171547619047584,-80.48052675274096,-85.63076782628413,-86.65645673848691,-0.0649967866234421,-0.023366526417799016,0.0005141516599652673,-12.692004741834324,-14.839648384856872,-16.356695015864034,34.176720954459384,39.295851283612336,42.883379850901,-1145.6075365951474,-1274.7926583316148,-1614.3628259905163,0.7403514493043473,1.3353863636515149,0.23447222223809772,-0.020677596770004997,0.001154815699824209,-0.004239338971149066,0.04249286216370954,-0.003508020659006182,-0.004554521739130402,-0.011802260869565234,0.016356739130434783,0.007247826086956524,0.03373186363636366,-0.06549304545454546,0.03176113636363642,0.09922595454545455
2005,Canada,CAN,156,32386.0,24484.344653524106,100.0,96.8255,1421.59,0.2269256902383962,136.52501639021645,25.541092034565956,380.8583,436.3507,340.19,683.068,2.72608333333333,4.385833333333333,167.37794364729797,6.7581,150.20276075601186,0.7160815084671124,224.217,223.834,1.1645,949.87725,498.658,714.13,262.554,1590.238037109375,4.4347991943359375,101.01931762695312,56.533782958984375,0.0,0.0,0.0,0.0,FLOAT,USA,0.0,,,,,,,,,,,,,,,,,,,,0.245367,0.193949,0.560683,23.0,0.051418,0.296123,0.287351,0.117818,0.216691,0.586059,0.495958,0.178305,0.07066,0,875.8405,808.0475,775.79275,462.098,431.247,405.953,644.388,605.479,570.306,5.0808333333333335,5.278333333333333,5.661666666666667,2.2199166666666663,2.870083333333333,2.58575,152.7145508927851,137.60115826055485,124.95347148003496,0.7260071608622163,0.7656183155768953,0.8055399187270418,133.54606598256956,131.13252904132696,127.63283666010685,27.96630554442056,13.483534637309225,19.765396119036005,23952.908626048556,23406.98027019085,23155.136569813305,1.6597500000000034,2.860916666666667,2.4082500000000002,3.075916666666667,0.08389729564165474,0.07153904838758299,0.06426151856629213,0.10983477772485215,0.02332331422319163,-432.0504681770153,-451.39502620867836,-436.2141342007866,-204.63553007307445,-212.3058639000838,-214.842490222263,-325.410347826087,-325.7641363636362,-324.8998571428572,1.133043478289855,1.229545454560606,1.5307936508095237,-0.059974637681159404,0.5618257575757575,0.23432142857142857,-65.36713412051071,-72.98308104576424,-77.63029071298853,-0.10460794133812112,-0.0632881295679455,-0.020537376914914862,-10.278467800591727,-11.339956003636757,-13.516864400176644,48.659491861570714,33.01398980188555,37.552864653849795,-599.6791807374393,-1022.9489579540714,-1145.8718414100913,1.1930181159710143,0.667719696984848,1.2964722222380949,0.021643195353151977,0.010386158515579814,-0.0016517287978950607,0.05110846901870125,0.008938929280250932,0.0042174782608696,-0.11067526086956522,0.10645773913043477,0.11489282608695651,-0.007513136363636319,-0.0039930454545454575,0.011506136363636399,-0.0035200454545454563
2006,Canada,CAN,156,32657.0,24967.16720744424,103.11869304898995,100.0,1496.604,0.2381104572393332,139.27933300534156,20.96402314252409,397.0439,440.3651,376.251,746.542,4.03416666666667,4.299166666666666,186.5004927987792,6.3203,156.72837542887015,0.7025527352704934,235.315,223.505,1.1653,1029.36625,536.492,771.67,299.357,1727.1639404296875,4.500441074371338,102.40001678466795,59.10261917114258,0.0,0.0,0.0,0.0,FLOAT,USA,0.0,,,,,,,,,,,,,,,,,,,,0.302182,0.196291,0.501528,19.0,0.105891,0.245367,0.296123,0.193949,0.117818,0.560683,0.586059,0.051418,0.178305,0,949.87725,875.8405,808.0475,498.658,462.098,431.247,683.068,644.388,605.479,4.385833333333333,5.0808333333333335,5.278333333333333,2.72608333333333,2.2199166666666663,2.870083333333333,167.37794364729797,152.7145508927851,137.60115826055485,0.7160815084671124,0.7260071608622163,0.7656183155768953,136.52501639021645,133.54606598256956,131.13252904132696,25.541092034565956,27.96630554442056,13.483534637309225,24484.344653524106,23952.908626048556,23406.98027019085,0.2649999999999961,1.6597500000000034,2.860916666666667,2.4082500000000002,0.08453222932714345,0.07911741665187905,0.06002594710019421,0.09601830780884438,0.022186701238346374,-358.01371817701533,-383.60202620867835,-403.95938420078653,-168.07553007307445,-181.4548639000838,-189.54849022226296,-286.73034782608704,-286.85513636363623,-289.72685714285717,0.4380434782898548,1.0320454545606061,1.14746031747619,0.44619202898550414,-0.0883409090909093,0.5186547619047617,-50.70374136599784,-57.86968841353399,-64.98260393246863,-0.11453359373322503,-0.10289928428262451,-0.06045898006506134,-7.299517392944836,-8.92641906239416,-10.01717201895653,46.234278351716114,47.49676070899689,31.271003172123017,-68.24315326189026,-477.0206020963633,-894.0281410325479,-0.00814855069564957,1.120386363651515,0.628805555571428,0.02227812903864069,0.017964526779875874,-0.005887300263992978,0.037291999102693485,0.007802316295405676,-0.04653852173913042,-0.03454426086956522,0.08108173913043482,-0.011994173913043478,0.001258863636363683,-0.10286604545454545,0.10160713636363639,0.10412495454545453
2007,Canada,CAN,156,32386.0,25300.08385970836,109.1364869158222,102.452,1577.661,0.239064142664046,142.24679645768902,10.919305198826509,407.3009,450.3208,402.643,797.896,4.15166666666667,4.335,207.06475351501263,6.0361,163.78329705785745,0.6651826078770181,249.091,234.368,0.9881,1141.7925,586.254,844.511,350.722,2005.6319580078125,4.249608516693115,102.66705322265624,58.14248275756836,0.0,0.0,0.0,0.0,FLOAT,USA,0.0,,,,,,,,,,,,,,,,,,,,0.265564,0.207499,0.526937,25.0,0.058065,0.302182,0.245367,0.196291,0.193949,0.501528,0.560683,0.105891,0.051418,0,1029.36625,949.87725,875.8405,536.492,498.658,462.098,746.542,683.068,644.388,4.299166666666666,4.385833333333333,5.0808333333333335,4.03416666666667,2.72608333333333,2.2199166666666663,186.5004927987792,167.37794364729797,152.7145508927851,0.7025527352704934,0.7160815084671124,0.7260071608622163,139.27933300534156,136.52501639021645,133.54606598256956,20.96402314252409,25.541092034565956,27.96630554442056,24967.16720744424,24484.344653524106,23952.908626048556,0.18333333333333002,0.2649999999999961,1.6597500000000034,2.860916666666667,0.08368344436083719,0.0758716394803652,0.0929248625319881,0.11424772425079273,0.01971964374593297,-278.5247181770153,-309.56527620867837,-336.1663842007865,-130.2415300730745,-144.8948639000838,-158.69749022226296,-223.256347826087,-248.17513636363628,-250.81785714285718,0.3513768116231879,0.33704545456060586,0.9499603174761901,1.7542753623188445,0.41782575757575424,-0.1315119047619051,-31.58119221451662,-43.20629565902112,-49.86921130023839,-0.12806236692984396,-0.11282493667772842,-0.10007013477974036,-4.54520077781973,-5.947468654747269,-7.603635077713932,41.65720945967425,45.07154719914229,45.75377407923435,414.5794006582437,54.41542537918576,-348.0997851748398,-1.4028985506956568,-0.08078030301514882,1.081472222238095,0.021429344072334426,0.014718749608362024,0.027011615167800915,0.055521415544641836,0.005335258802992272,0.010276478260869581,-0.032202260869565236,0.021926739130434747,0.04247882608695652,-0.04949713636363634,-0.026735045454545442,0.07623113636363643,-0.02276204545454546
2008,Canada,CAN,156,33213.0,25262.071135439157,109.04885594353688,104.445,1657.041,0.2412088837856558,145.63927725611464,3.891711378718545,443.592,483.4881,451.954,908.547,2.39,4.04,223.04684156335824,6.1371,169.07086445810046,0.7111408254117143,244.023,244.447,1.2246,1242.41575,620.283,917.525,386.518,2255.326904296875,4.455684661865234,98.58535766601562,63.104957580566406,0.0,0.0,0.0,0.0,FLOAT,USA,0.0,,,,,,,,,,,,,,,,,,,,0.218354,0.298698,0.482947,18.0,-0.080344,0.265564,0.302182,0.207499,0.196291,0.526937,0.501528,0.058065,0.105891,0,1141.7925,1029.36625,949.87725,586.254,536.492,498.658,797.896,746.542,683.068,4.335,4.299166666666666,4.385833333333333,4.15166666666667,4.03416666666667,2.72608333333333,207.06475351501263,186.5004927987792,167.37794364729797,0.6651826078770181,0.7025527352704934,0.7160815084671124,142.24679645768902,139.27933300534156,136.52501639021645,10.919305198826509,20.96402314252409,25.541092034565956,25300.08385970836,24967.16720744424,24484.344653524106,1.65,0.18333333333333002,0.2649999999999961,1.6597500000000034,0.10921890046424193,0.09275441199495997,0.06878916390504476,0.11026384117076202,0.013334178022601537,-166.09846817701532,-230.07627620867834,-262.12963420078654,-80.47953007307444,-107.06086390008386,-122.13749022226295,-171.90234782608707,-184.70113636363624,-212.13785714285723,0.3872101449565215,0.25037878789393897,0.25496031747618986,1.8717753623188442,1.7259090909090946,0.37465476190475844,-11.016931498283185,-24.0837465075399,-35.20581854572552,-0.1654324943233193,-0.12635370987434735,-0.10999578717484426,-1.5777373254722704,-3.193152039622163,-4.62468467006704,31.612491515976664,40.49447830710042,43.328560569379746,747.4960529223645,537.2379792993197,183.33624230070927,-1.484565217362323,-1.475530303015156,-0.1196944444285688,0.04696480017573917,0.0316015221229568,0.002875916540857573,0.051537532464611124,-0.0010502069203391605,-0.026341521739130402,-0.02099426086956524,0.04733573913043476,-0.005347173913043478,0.007317863636363664,-0.02439304545454546,0.017076136363636363,0.03171095454545454
2009,Canada,CAN,156,33595.16108918943,24361.021416833475,104.65372922314867,103.609,1571.334,0.2279942657772948,146.0757815574922,-42.67539127723346,373.9842,367.2108,506.972,992.156,0.35,3.89083333333333,217.6226310808068,8.344,170.83704680570247,0.8330140583458961,229.536,259.125,1.0466,1268.50225,613.882,956.081,341.214,2181.93310546875,5.525597095489502,97.08304595947266,56.99478149414063,0.0,0.0,0.0,0.0,FLOAT,USA,0.0,,,,,,,,,,,,,,,,,,,,0.295136,0.278736,0.426128,18.0,0.016399,0.218354,0.265564,0.298698,0.207499,0.482947,0.526937,-0.080344,0.058065,0,1242.41575,1141.7925,1029.36625,620.283,586.254,536.492,908.547,797.896,746.542,4.04,4.335,4.299166666666666,2.39,4.15166666666667,4.03416666666667,223.04684156335824,207.06475351501263,186.5004927987792,0.7111408254117143,0.6651826078770181,0.7025527352704934,145.63927725611464,142.24679645768902,139.27933300534156,3.891711378718545,10.919305198826509,20.96402314252409,25262.071135439157,25300.08385970836,24967.16720744424,3.54083333333333,1.65,0.18333333333333002,0.2649999999999961,0.08812743996829535,0.0580448065173116,0.13867847438763958,0.07718401020474439,-0.0015024742400059972,-65.47521817701545,-117.65002620867836,-182.6406342007865,-46.45053007307445,-57.2988639000838,-84.30349022226301,-61.251347826087,-133.3471363636363,-148.66385714285718,0.09221014495652158,0.2862121212272726,0.16829365080952297,0.1101086956521744,1.8434090909090943,1.6827380952380988,4.9651565500624315,-3.519485791306465,-16.083269394244297,-0.1194742767886231,-0.1637238372678227,-0.1235245603714632,1.814743472953353,-0.22568858727470342,-1.8703680549419346,24.5848976958687,30.449760363402838,38.75149167733788,709.4833286531612,870.1546315634405,666.1587962208432,-0.017898550695653048,-1.5571969696818222,-1.514444444428576,0.025873339679792585,-0.0031080833546915723,0.0727652270234524,0.018457701498593493,-0.015886859182946696,-0.07355152173913043,0.07020473913043479,0.0033457391304347883,-0.14375617391304346,-0.02930013636363632,-0.013185045454545463,0.04248513636363638,-0.01611504545454546
2010,Canada,CAN,156,33972.320069881614,24941.23562562982,106.6940878262535,107.4850637390628,1666.048,0.2392678519669694,148.66034649985934,-58.2150168438426,413.67,403.9667,550.28,1046.533,0.5975,3.6575,234.28069720633232,8.0555,173.6257269412,0.8395317516594774,233.171,279.771,1.0009,1357.42,672.994,1047.18,339.554,2286.674072265625,5.560049533843994,97.25648498535156,57.79903030395508,0.0,0.0,0.0,0.0,FLOAT,USA,0.0,,,,,,,,,,,,,,,,,,,,0.295318,0.276357,0.428325,13.0,0.018961,0.295136,0.218354,0.278736,0.298698,0.426128,0.482947,0.016399,-0.080344,0,1268.50225,1242.41575,1141.7925,613.882,620.283,586.254,992.156,908.547,797.896,3.89083333333333,4.04,4.335,0.35,2.39,4.15166666666667,217.6226310808068,223.04684156335824,207.06475351501263,0.8330140583458961,0.7111408254117143,0.6651826078770181,146.0757815574922,145.63927725611464,142.24679645768902,-42.67539127723346,3.891711378718545,10.919305198826509,24361.021416833475,25262.071135439157,25300.08385970836,3.06,3.54083333333333,1.65,0.18333333333333002,0.02099659473891901,-0.010319483203634579,0.09202495853269002,-0.0243187056339045,-0.035668085715332934,-39.388718177015335,-17.026776208678484,-70.21438420078653,-52.851530073074514,-23.269863900083806,-34.54149022226295,22.357652173912925,-22.696136363636242,-97.30985714285725,-0.05695652171014842,-0.008787878772727353,0.20412698414285657,-1.9298913043478256,0.0817424242424245,1.8002380952380985,-0.45905393248901305,12.462602257039151,4.480991321989137,0.0023989561455587394,-0.11776561973312649,-0.16089468776493854,2.2512477743309205,3.16679221115092,1.0970953974055249,-21.9822049600833,23.42216654329487,28.706773733640297,-191.5663899525207,832.1419072942372,999.075448484964,1.872934782637677,-0.0905303030151523,-1.5961111110952422,-0.04125750554958375,-0.07147237307563775,0.026111711168502832,-0.0830450143400554,-0.05005247065827363,0.003230478260869585,0.050242739130434755,-0.05347326086956522,-0.04701317391304348,-0.07651013636363635,0.07801395454545457,-0.0015048636363635959,-0.15452404545454546
2011,Canada,CAN,156,34312.4634476942,25470.997020197392,108.97980486621168,108.86268915700984,1774.063,0.2397407327673984,152.95774411020514,-50.79167555140203,456.0449,456.6125,596.155,1113.83,0.921666666666667,3.21416666666667,249.7846603846032,7.5111,179.0196810455487,0.8177793009605633,249.029,275.572,1.021,1487.8113503423904,754.1424,1179.1994,377.019,2446.529052734375,4.91893482208252,120.79976654052734,62.23024368286133,0.0,0.0,0.0,0.0,FLOAT,USA,0.0,,,,,,,,,,,,,,,,,,,,0.307815,0.2367,0.455485,22.0,0.071115,0.295318,0.295136,0.276357,0.278736,0.428325,0.426128,0.018961,0.016399,0,1357.42,1268.50225,1242.41575,672.994,613.882,620.283,1046.533,992.156,908.547,3.6575,3.89083333333333,4.04,0.5975,0.35,2.39,234.28069720633232,217.6226310808068,223.04684156335824,0.8395317516594774,0.8330140583458961,0.7111408254117143,148.66034649985934,146.0757815574922,145.63927725611464,-58.2150168438426,-42.67539127723346,3.891711378718545,24941.23562562982,24361.021416833475,25262.071135439157,2.292500000000003,3.06,3.54083333333333,1.65,0.07009664350220905,0.09629212128715305,0.05480690536568841,0.07654565172194851,0.023817318611912375,49.529031822984734,9.05972379132163,30.408865799213345,6.260469926925566,-29.670863900083873,-0.5124902222629544,76.73465217391288,60.91286363636368,13.341142857142813,-0.29028985504347826,-0.15795454543939735,-0.09087301585714336,-1.6823913043478256,-1.9582575757575755,0.0385714285714287,16.19901219303651,7.038391774487707,20.463079370334754,0.008916649459139947,0.004107613201055349,-0.11493647023024234,4.835812716698058,3.6032965125284875,4.489576195831148,-37.52183052669244,-23.14493611265713,21.679179913532334,388.6478188438232,-68.90781131144468,961.0627242157607,1.392101449304347,1.8003030303181777,-0.12944444442857228,0.00784254321370629,0.03513923141514987,-0.011106341998498775,0.017819343015797615,0.009432933668971678,0.0034124782608696003,0.04786373913043479,-0.051276260869565216,-0.04445117391304348,0.0002718636363636673,0.05805195454545453,-0.058323863636363604,-0.05778104545454546
2012,Canada,CAN,156,34679.6182113919,25645.574336158857,109.7026112490434,109.72873121111722,1827.201,0.2416758362676056,155.2972540061849,-64.27243689260132,474.8003,461.5112,645.79,1175.022,0.9725,2.33166666666667,259.2317230348579,7.2918,184.12263274081053,0.8540521814513018,255.67,275.829,0.9952,1590.9324896293133,856.6814671257857,1293.6384671257856,427.699,2555.39306640625,5.269389152526856,122.5848388671875,62.63121032714844,0.0,0.0,0.0,0.0,FLOAT,USA,0.0,,,,,,,,,,,,,,,,,,,,0.276815,0.244625,0.47856,22.0,0.03219,0.307815,0.295318,0.2367,0.276357,0.455485,0.428325,0.071115,0.018961,0,1487.8113503423904,1357.42,1268.50225,754.1424,672.994,613.882,1113.83,1046.533,992.156,3.21416666666667,3.6575,3.89083333333333,0.921666666666667,0.5975,0.35,249.7846603846032,234.28069720633232,217.6226310808068,0.8177793009605633,0.8395317516594774,0.8330140583458961,152.95774411020514,148.66034649985934,146.0757815574922,-50.79167555140203,-58.2150168438426,-42.67539127723346,25470.997020197392,24941.23562562982,24361.021416833475,1.35916666666667,2.292500000000003,3.06,3.54083333333333,0.0960582209945266,0.12057819237615777,0.06430470897716559,0.06617686972570537,0.021240382895191683,179.92038216537503,97.9774737913217,56.49536579921346,87.40886992692549,29.441136099916207,-6.913490222263022,144.0316521739129,115.28986363636363,96.95014285714274,-0.7336231883768085,-0.3912878787727272,-0.24003968252381336,-1.3582246376811589,-1.7107575757575755,-2.0014285714285713,31.70297537130739,23.69645790001323,15.038868887783309,-0.012835801239774125,0.010625306514636557,0.006936762703939503,9.133210327043855,6.187861454895625,4.926080497208716,-30.098489234251872,-38.68456167926627,-24.88792274241967,918.4092134113962,511.3063974848992,60.013005610078835,0.6246014493043501,1.3194696969848478,1.7613888889047578,0.03380412070602384,0.0594253025041546,-0.001608538387021602,0.0074505610195544775,0.0068559979522509855,0.01590947826086958,0.008206739130434765,-0.024116260869565254,0.007702826086956521,0.00045386363636368277,0.05567295454545457,-0.0561268636363636,-0.05521904545454546
2013,Canada,CAN,156,35048.773818488495,25966.337119654458,111.07785834589582,111.42851003060684,1902.247,0.2374007704258624,156.7331234186111,-61.82916868517761,487.3701,479.2247,705.3,1256.092,0.969166666666666,2.71833333333333,265.90138582645125,7.0736,188.8862348384916,0.8612908838862671,265.095,276.764,1.064,1678.8342132399878,870.9131955185967,1321.7301955185967,461.635,2613.2099609375,5.441660404205322,120.9320831298828,61.29339599609375,0.0,0.0,0.0,0.0,FLOAT,USA,0.0,,,,,,,,,,,,,,,,,,,,0.333926,0.210465,0.455608,22.0,0.123461,0.276815,0.307815,0.244625,0.2367,0.47856,0.455485,0.03219,0.071115,0,1590.9324896293133,1487.8113503423904,1357.42,856.6814671257857,754.1424,672.994,1175.022,1113.83,1046.533,2.33166666666667,3.21416666666667,3.6575,0.9725,0.921666666666667,0.5975,259.2317230348579,249.7846603846032,234.28069720633232,0.8540521814513018,0.8177793009605633,0.8395317516594774,155.2972540061849,152.95774411020514,148.66034649985934,-64.27243689260132,-50.79167555140203,-58.2150168438426,25645.574336158857,25470.997020197392,24941.23562562982,1.7491666666666643,1.35916666666667,2.292500000000003,3.06,0.06931062816747005,0.135967778931122,0.0549383658188413,0.0378208278911471,0.006853964759331301,283.04152145229796,228.368824133712,145.41311579921353,189.94793705271127,110.58953609991613,52.19850977773706,205.2236521739129,182.58686363636366,151.3271428571427,-1.6161231883768084,-0.8346212121060574,-0.4733730158571432,-1.3073913043478256,-1.3865909090909088,-1.7539285714285713,41.150038021562096,39.20042107828411,31.69693501330883,0.023437079250964388,-0.011127144184277515,0.01345445601752071,11.4727202230236,10.485259065241422,7.510645439575853,-43.57925057545116,-31.261220386825702,-40.42754830902881,1092.9865293728617,1041.0677920524722,640.2272144064227,-0.308731884028983,0.5519696969848509,1.2805555555714279,0.007056527878967288,0.07481488905911882,-0.010974881545345885,-0.02090548081500379,-0.007530420183609397,-0.015090521739130447,0.01613173913043478,-0.0010412608695652414,-0.031222173913043473,0.012950863636363663,0.01601595454545454,-0.028966863636363638,-0.003065045454545459
2014,Canada,CAN,156,35406.924786891155,26441.103335942946,113.12283072232152,113.15796819788038,1994.898,0.2365918946681307,159.74270570705642,-48.56955975217181,524.6607,529.3336,753.656,1315.913,0.910833333333333,2.59833333333333,280.06705343984714,6.9141,194.88694332601776,0.8557941308277416,278.597,270.957,1.1599,1776.1965043222615,891.5427164089059,1352.7447164089058,518.101,2851.499267578125,5.378974437713623,122.19088745117188,63.46890640258789,0.0,0.0,0.0,0.0,FLOAT,USA,0.0,,,,,,,,,,,,,,,,,,,,0.292523,0.2029,0.504577,17.0,0.089622,0.333926,0.276815,0.210465,0.244625,0.455608,0.47856,0.123461,0.03219,0,1678.8342132399878,1590.9324896293133,1487.8113503423904,870.9131955185967,856.6814671257857,754.1424,1256.092,1175.022,1113.83,2.71833333333333,2.33166666666667,3.21416666666667,0.969166666666666,0.9725,0.921666666666667,265.90138582645125,259.2317230348579,249.7846603846032,0.8612908838862671,0.8540521814513018,0.8177793009605633,156.7331234186111,155.2972540061849,152.95774411020514,-61.82916868517761,-64.27243689260132,-50.79167555140203,25966.337119654458,25645.574336158857,25470.997020197392,1.687499999999997,1.7491666666666643,1.35916666666667,2.292500000000003,0.05525169935473224,0.016612625507773864,0.06899445286981876,0.025728574857701712,0.012507529731683262,370.94324506297244,331.4899634206349,275.8044661416038,204.17966544552223,213.1286032257019,133.34690977773698,286.2936521739131,243.77886363636367,218.62414285714272,-1.2294565217101483,-1.7171212121060573,-0.9167063491904734,-1.3107246376811599,-1.3357575757575755,-1.4297619047619046,47.819700813155436,48.647483728538816,47.20089819157971,0.03067578168592966,0.025145736306460997,-0.008297994681393361,12.9085896354498,12.824768961221167,11.80804304992165,-41.135982368027456,-44.741981728024996,-33.00420701658824,1413.7493128684619,1215.6451080139377,1169.9886089739957,0.08126811597101136,-0.38136363634848225,0.5130555555714309,-0.007002400933770525,-0.04454026436422931,0.003081205505631568,-0.03299773384844918,-0.0018768552112574353,0.042020478260869576,-0.018028260869565216,-0.023993260869565214,0.060048826086956525,-0.018049136363636364,0.023940954545454557,-0.005891863636363626,-0.041990045454545454
2015,Canada,CAN,156,35693.045392933505,26402.305924722383,113.02182810850596,114.92348445951302,1990.441,0.2347896154911489,161.52956542029793,-75.69859974871379,548.7067,524.0461,815.904,1395.35,0.503333333333333,2.02333333333334,295.11807527908024,6.9065,198.4344404216822,0.911923036151285,290.921,282.998,1.384,1906.6763456596773,979.547838782566,1444.062838782566,592.729,3120.621337890625,5.522345066070557,121.47589874267578,65.48077392578125,0.0,0.0,0.0,0.0,FLOAT,USA,0.0,,,,,,,,,,,,,,,,,,,,0.29087,0.242822,0.466308,17.0,0.048048,0.292523,0.333926,0.2029,0.210465,0.504577,0.455608,0.089622,0.123461,0,1776.1965043222615,1678.8342132399878,1590.9324896293133,891.5427164089059,870.9131955185967,856.6814671257857,1315.913,1256.092,1175.022,2.59833333333333,2.71833333333333,2.33166666666667,0.910833333333333,0.969166666666666,0.9725,280.06705343984714,265.90138582645125,259.2317230348579,0.8557941308277416,0.8612908838862671,0.8540521814513018,159.74270570705642,156.7331234186111,155.2972540061849,-48.56955975217181,-61.82916868517761,-64.27243689260132,26441.103335942946,25966.337119654458,25645.574336158857,1.5200000000000071,1.687499999999997,1.7491666666666643,1.35916666666667,0.05799398791997091,0.023687229676230926,0.047624696280208705,0.05327413984461727,0.018283911746995216,468.30553614524615,419.3916870313094,378.92560542852675,224.80918633583144,227.36033161851287,235.88597690352276,346.114652173913,324.84886363636383,279.8161428571427,-1.3494565217101484,-1.3304545454393972,-1.7992063491904733,-1.3690579710144926,-1.3390909090909098,-1.3789285714285713,61.98536842655133,55.317146520132155,56.64796084183442,0.025179028627404176,0.03238443874142627,0.02797488580934515,15.91817192389513,14.260638373647367,14.147552945901396,-27.876373435021655,-42.29871352060128,-46.48496835778753,1888.51552915695,1536.4078915095379,1344.5659249354612,0.019601449304343932,0.008636363651512102,-0.4202777777619022,-0.004260112368531854,-0.037465660195772243,-0.018288551083978484,-0.0054521688615336225,0.003899526804054518,0.0006174782608695528,-0.025593260869565232,0.024975739130434826,0.026209826086956517,0.03906186363636366,-0.010219045454545439,-0.028843863636363598,0.049280954545454544
2016,Canada,CAN,156,36067.20310852736,26389.803801027017,112.86829627720049,116.02036606418667,2025.535,0.23208922,163.84865406241207,-63.45946652873121,547.341,522.3009000000001,895.146,1515.7,0.5,1.80416666666667,324.3347647317092,6.9989,196.5003819650646,0.9173260397870192,296.241,298.754,1.3427,1998.8838913165337,1059.1155307381998,1527.8745307381998,623.88,3203.765869140625,5.717219829559326,117.0716323852539,63.93707275390625,0.0,0.0,0.0,0.0,FLOAT,USA,0.0,,,,,,,,,,,,,,,,,,,,0.240833,0.282778,0.476389,24.0,-0.041946,0.29087,0.292523,0.242822,0.2029,0.466308,0.504577,0.048048,0.089622,0,1906.6763456596773,1776.1965043222615,1678.8342132399878,979.547838782566,891.5427164089059,870.9131955185967,1395.35,1315.913,1256.092,2.02333333333334,2.59833333333333,2.71833333333333,0.503333333333333,0.910833333333333,0.969166666666666,295.11807527908024,280.06705343984714,265.90138582645125,0.911923036151285,0.8557941308277416,0.8612908838862671,161.52956542029793,159.74270570705642,156.7331234186111,-75.69859974871379,-48.56955975217181,-61.82916868517761,26402.305924722383,26441.103335942946,25966.337119654458,1.30416666666667,1.5200000000000071,1.687499999999997,1.7491666666666643,0.07346025117147871,0.09871105529092404,0.0603664527974113,0.05374077976817706,-0.0014673143827482922,598.7853774826619,516.7539781135831,466.82732903920123,312.81430870949157,247.98985250882208,250.11770529633372,425.5516521739129,384.66986363636374,360.8861428571429,-1.9244565217101384,-1.4504545454393973,-1.4125396825238132,-1.7765579710144928,-1.3974242424242425,-1.3822619047619056,77.03639026578443,69.48281413352805,63.31762363342776,0.0813079339509476,0.026887685682900786,0.03521358824431042,17.705031637136642,17.270220662092697,15.583422358327596,-55.00541343156363,-29.039104587595485,-44.04170015036382,1849.718117936387,2011.174107798026,1665.3287084310614,-0.14789855069564584,-0.05303030301515532,-0.030277777761907876,0.011206150882975947,0.03755816541892087,-0.005546794566775891,-0.0049855289379738335,-0.01585169932568899,-0.0010355217391304072,0.014328739130434781,-0.013293260869565227,-0.015364173913043476,-0.0023411363636363647,-0.017784045454545455,0.020125136363636442,0.015441954545454536
2017,Canada,CAN,156,36510.38992138317,26862.50104274103,114.91247043102128,118.8552760560259,2140.641,0.2299245242,166.47533784087707,-58.00301964263396,575.0243,550.5246999999999,961.536,1604.356,0.7100000000000001,2.180833333,363.8805868191059,6.3397,201.4024976904467,0.8884123961000466,315.573,318.404,1.2545,2118.6385237063537,1076.0491460934672,1557.1481460934672,670.388,3396.023193359375,5.826380729675293,119.2472915649414,64.17798614501953,0.0,0.0,0.0,0.0,FLOAT,USA,0.0,,,,,,,,,,,,,,,,,,,,0.284654,0.186566,0.528781,24.0,0.098088,0.240833,0.29087,0.282778,0.242822,0.476389,0.466308,-0.041946,0.048048,0,1998.8838913165337,1906.6763456596773,1776.1965043222615,1059.1155307381998,979.547838782566,891.5427164089059,1515.7,1395.35,1315.913,1.80416666666667,2.02333333333334,2.59833333333333,0.5,0.503333333333333,0.910833333333333,324.3347647317092,295.11807527908024,280.06705343984714,0.9173260397870192,0.911923036151285,0.8557941308277416,163.84865406241207,161.52956542029793,159.74270570705642,-63.45946652873121,-75.69859974871379,-48.56955975217181,26389.803801027017,26402.305924722383,26441.103335942946,1.4708333329999999,1.30416666666667,1.5200000000000071,1.687499999999997,0.04836035537271752,0.08122900057083964,0.08625076145769889,0.09899999999999999,-0.00047352393124339414,690.9929231395183,647.2338194509989,564.189620121475,392.38200066512536,335.9949748824822,270.74722618664293,545.901652173913,464.10686363636364,420.7071428571428,-2.143623188376808,-2.0254545454393873,-1.5325396825238133,-1.7798913043478257,-1.8049242424242427,-1.4405952380952383,106.25307971841337,84.53383597276115,77.48329124682365,0.0867109375866818,0.08301659100644421,0.02971683518578494,20.02412027925078,19.05708037533421,18.593004646772926,-42.766280211581055,-56.168144584137465,-30.782091217358023,1837.2159942410217,1972.376696577463,2140.0949247195495,-0.36373188402898293,-0.2205303030151451,-0.0919444444285753,-0.013893744915785246,0.020076110698836462,0.0203375140935117,0.0402736912938491,-0.014857908874184093,-0.05107252173913043,0.054284739130434745,-0.00321226086956522,-0.10535817391304347,-0.003994136363636325,0.022137954545454558,-0.01814386363636361,-0.026132045454545456
2018,Canada,CAN,156,37018.604144703146,27137.2663834969,116.05338104415188,120.15766349732247,2231.168,0.2256015683265446,170.25094872324863,-56.13317438958968,607.3434,587.5121,1004.057,1688.026,1.4016666666666666,2.325,378.5942586855271,5.8308,208.3562885541131,0.8883185847054099,340.531,333.778,1.3641,2255.5910083744056,1121.4577111343228,1611.8427111343228,762.885,3648.478271484375,5.637668030545271,119.82662657965552,66.00086248066299,0.0,0.0,0.0,0.0,FLOAT,USA,0.0,,,,,,,,,,,,,,,,,,,,0.24678,0.157688,0.595532,26.0,0.089093,0.284654,0.240833,0.186566,0.282778,0.528781,0.476389,0.098088,-0.041946,0,2118.6385237063537,1998.8838913165337,1906.6763456596773,1076.0491460934672,1059.1155307381998,979.547838782566,1604.356,1515.7,1395.35,2.180833333,1.80416666666667,2.02333333333334,0.7100000000000001,0.5,0.503333333333333,363.8805868191059,324.3347647317092,295.11807527908024,0.8884123961000466,0.9173260397870192,0.911923036151285,166.47533784087707,163.84865406241207,161.52956542029793,-58.00301964263396,-63.45946652873121,-75.69859974871379,26862.50104274103,26389.803801027017,26402.305924722383,0.9233333333333336,1.4708333329999999,1.30416666666667,1.5200000000000071,0.05991074964886805,0.0159884496674926,0.05849178597347757,0.12192902638762491,0.017912116561306802,810.7475555293383,739.4413651078553,694.6694614588907,409.3156160203928,415.562666838116,358.75234856030306,634.557652173913,584.4568636363638,500.1441428571427,-1.7669565220434786,-2.2446212121060576,-2.1075396825238033,-1.5698913043478258,-1.8082575757575756,-1.8480952380952385,145.79890180581006,113.7505254253901,92.53431308605676,0.05779729389970922,0.08841959464217841,0.08584574050932836,22.65080405771579,21.376169017448348,20.379864360014437,-37.3098333254838,-43.92901136415489,-57.9111312139,2309.913235955035,1959.8745728820977,2101.2975134989865,-0.1970652176956531,-0.4363636363484822,-0.25944444442856507,-0.0023433506396347142,-0.045164440204510575,-0.007421461390709622,0.06320271768147402,0.003527731618366104,-0.0072515217391304065,-0.04192726086956522,0.04917973913043472,0.03467582608695652,-0.05403113636363635,0.06209395454545452,-0.008062863636363604,-0.11612604545454545
2019,Canada,CAN,156,37549.82806711045,27251.07653688964,116.55265562118552,120.43116171415164,2310.712,0.2228365109974761,173.56960602350765,-46.27327167377434,613.5274000000001,598.1667,1078.238,1818.013,1.655833333333333,1.725833333,383.025490566784,5.6626,213.1387140816813,0.8682055574212624,344.181,353.056,1.3059,2373.7566914804306,1176.7081858788674,1672.1241858788674,813.393,3881.32470703125,5.704767960103065,119.61533129823384,66.02886727763769,0.0,0.0,0.0,0.0,FLOAT,USA,0.0,,,,,,,,,,,,,,,,,,,,0.226816,0.400296,0.372888,15.0,-0.173481,0.24678,0.284654,0.157688,0.186566,0.595532,0.528781,0.089093,0.098088,0,2255.5910083744056,2118.6385237063537,1998.8838913165337,1121.4577111343228,1076.0491460934672,1059.1155307381998,1688.026,1604.356,1515.7,2.325,2.180833333,1.80416666666667,1.4016666666666666,0.7100000000000001,0.5,378.5942586855271,363.8805868191059,324.3347647317092,0.8883185847054099,0.8884123961000466,0.9173260397870192,170.25094872324863,166.47533784087707,163.84865406241207,-56.13317438958968,-58.00301964263396,-63.45946652873121,27137.2663834969,26862.50104274103,26389.803801027017,0.06999999966666692,0.9233333333333336,1.4708333329999999,1.30416666666667,0.06464174191851606,0.042199341178522094,0.05215176681484662,0.040435440634638116,0.010228583716709327,947.7000401973903,859.1959974976753,786.8770071157471,454.7241810612484,432.4962821933834,438.32004051593685,718.227652173913,673.1128636363637,620.4941428571428,-1.6227898550434783,-1.8679545457727276,-2.3267063491904736,-0.8782246376811591,-1.5982575757575757,-1.8514285714285714,160.5125736722313,153.29634751278678,121.7510025386857,0.05770348250507251,0.05950595095520583,0.09124874414506257,26.42641494008734,24.002852795913356,22.698953002128576,-35.439988072439526,-38.472564478057635,-45.67199799391742,2584.678576710903,2432.571814596111,2088.795389803621,-0.7445652173623194,-0.26969697001515236,-0.47527777776190216,0.0023876416300132944,-0.01895354869348108,-0.013761480549340566,-0.018290868071512777,-0.004155801226231371,-0.045125521739130425,-0.07080526086956523,0.11593073913043472,0.02568082608695653,-0.010210136363636324,-0.03411804545454544,0.044329136363636334,0.023907954545454538
2020,Canada,CAN,156,37989.01319316845,25505.010962201755,109.16432855215012,112.06235200356213,2204.905,0.2297509416505473,174.81410251110478,-37.55973837315849,561.1588,524.1049,1390.49,2141.864,0.4191666666666667,1.075833333,405.5044361931711,9.46,220.0511654628477,1.17459527734755,336.656,575.15,1.2856,2480.07639600897,1365.6796072002887,1834.7146072002888,831.638,4176.11865234375,5.431318683641572,107.25259187858418,64.56690343747583,0.0,0.0,0.0,0.0,FLOAT,USA,0.0,,,,,,,,,,,,,,,,,,,,0.235684,0.270694,0.493623,21.0,-0.03501,0.226816,0.24678,0.400296,0.157688,0.372888,0.595532,-0.173481,0.089093,0,2373.7566914804306,2255.5910083744056,2118.6385237063537,1176.7081858788674,1121.4577111343228,1076.0491460934672,1818.013,1688.026,1604.356,1.725833333,2.325,2.180833333,1.655833333333333,1.4016666666666666,0.7100000000000001,383.025490566784,378.5942586855271,363.8805868191059,0.8682055574212624,0.8883185847054099,0.8884123961000466,173.56960602350765,170.25094872324863,166.47533784087707,-46.27327167377434,-56.13317438958968,-58.00301964263396,27251.07653688964,27137.2663834969,26862.50104274103,0.6566666663333334,0.06999999966666692,0.9233333333333336,1.4708333329999999,0.05238790306722603,0.04926665909556259,0.07700533048661563,0.01170443497120656,0.004193869485024919,1065.8657233034153,996.1484821657273,906.6316395055671,509.97465580579296,477.904847234239,455.2536558712043,848.2146521739129,756.7828636363638,709.1501428571428,-2.2219565220434783,-1.7237878787727272,-1.9500396828571436,-0.6240579710144927,-0.906590909090909,-1.6414285714285715,164.9438055534882,168.01001937920802,161.29682462608238,0.03759045522092497,0.05941213956056912,0.06233510045808999,29.74507224034636,27.778463678284908,25.325636780593584,-25.58008535662418,-36.60271922501336,-40.21555110782017,2698.4887301036433,2707.337155351979,2561.4926315176344,-1.597898551028986,-0.8171969696818187,-0.30861111142857234,-0.009866197221276733,-0.011886230776440583,0.011092083122428445,-0.04702187373494433,-0.010190515457915779,-0.06508952173913043,0.17180273913043476,-0.10671326086956523,-0.2368931739130435,-0.04808413636363634,-0.06299604545454546,0.11108013636363634,0.014912954545454549
2000,Switzerland,CHE,146,7266.92,22521.38119434273,96.31870303189758,95.47,472595.74,0.2709352027411949,121.22757334544735,48605.45258001442,139402.17,136014.91,202840.0,472051.1,3.5,3.92583333333333,81.36083166172175,2.6661,128.24427102755246,0.52109,52529.52,55730.47,1.6365,644457.0,512262.0,449330.0,195127.0,350151.0,5.571674346923828,112.46084594726562,70.93026733398438,0.0,0.0,0.0,0.0,FLOAT,DEU,0.0,0.1191094294190406,0.0731672868132591,0.0467250794172287,0.0350000001490116,,,0.0149700595065951,0.0581972263753414,0.057338859885931,0.101548746228218,0.0159418135881423,,,,0.0355000011622905,0.0175606850534677,0.0932847037911415,0.0994665920734405,0.040862537920475,0.146488,0.106382,0.74713,2.0,0.040105,0.141593,0.062754,0.04307,0.03379,0.815337,0.903456,0.098523,0.028964,0,635207.0,615922.0,608902.0,507665.0,496419.0,478961.0,477466.6,472944.2,470952.7,3.04,3.04416666666667,3.08,1.09375,0.875,1.0,80.16184759478612,80.06345768089635,81.14650944619446,0.52576,0.55839,0.53592,119.36338661251833,118.40679839963218,118.38488195809708,45241.91899278894,34679.924105400794,36843.35022264331,21828.104743186803,21603.490531624364,21071.98968160869,0.4258333333333302,1.94625,2.16916666666667,2.08,0.03131078285886849,0.022654249736613626,0.009562227425560912,0.0012288991350076545,0.010397125928962098,-189745.39057324606,-196341.25828387286,-191049.01575167303,-227391.84167825792,-223653.13929491257,-226265.1691169421,-241737.4434782609,-230211.25454545458,-215020.06190476188,1.207608695652174,1.1062121212121248,1.051309523809524,0.793804347826087,0.5159659090909091,0.5786309523809524,-37.03733432221978,-34.92299979889796,-31.690795551942117,0.0553295652173913,0.08466409090909094,0.05831857142857144,-7.93970361006734,-8.703993201816274,-8.537835266264025,-3184.5839769618615,-14195.827519366809,-12260.519956440337,-2488.60418574699,-2592.678989177515,-2998.833755650616,0.4138043478260871,0.5902462121212155,0.4726785714285717,0.003610042634784826,-0.014419142529330298,-0.02890846197843494,-0.032020772663249646,-0.000977967324059758,-0.10009960869565218,-0.13023091304347825,0.23033060869565214,0.030131478260869565,-0.17914709090909092,-0.14181918181818182,0.32096636363636366,-0.03732772727272726
2001,Switzerland,CHE,146,7311.237,22692.35686926238,96.84094331103547,97.04,484723.49,0.2635939489809033,122.42782082010638,32942.06727037861,141889.28,138491.67,220247.0,498211.9,1.65,3.38333333333333,84.87007192378977,2.4898,135.96855646478423,0.5094299999999999,48889.62,51909.58,1.6773,660809.0,526963.0,468407.0,192402.0,351496.0,5.465127944946289,110.76954650878906,71.22478485107422,0.0,0.0,0.0,0.0,FLOAT,DEU,0.0,-0.2202742099761963,0.1020827293395996,0.038154486566782,0.016499999910593,,,0.0431415922939777,0.0589411407709121,0.056503489613533,-0.2293049097061157,0.0117175886407494,,,,0.0355999991297721,0.0090306876227259,-0.0551932454109191,-0.066214419901371,0.0273272432386875,0.216306,0.285452,0.498241,3.0,-0.069147,0.146488,0.141593,0.106382,0.04307,0.74713,0.815337,0.040105,0.098523,0,644457.0,635207.0,615922.0,512262.0,507665.0,496419.0,472051.1,477466.6,472944.2,3.92583333333333,3.04,3.04416666666667,3.5,1.09375,0.875,81.36083166172175,80.16184759478612,80.06345768089635,0.52109,0.52576,0.55839,121.22757334544735,119.36338661251833,118.40679839963218,48605.45258001442,45241.91899278894,34679.924105400794,22521.38119434273,21828.104743186803,21603.490531624364,1.7333333333333303,0.4258333333333302,1.94625,2.16916666666667,0.014562182091822036,0.009055184028837916,-0.011342154613537367,0.014957041322156438,0.03176072587668524,-180495.39057324606,-177056.25828387286,-184029.01575167303,-222794.84167825792,-212407.13929491257,-208807.1691169421,-247152.9434782609,-225688.8545454546,-213028.56190476188,2.0934420289855042,1.1020454545454548,1.015476190476194,3.2000543478260868,0.7347159090909091,0.4536309523809524,-35.838350255284155,-34.824609885008186,-32.773847317240225,0.050659565217391345,0.05203409090909089,0.08078857142857154,-6.075516877138313,-7.747404988930128,-8.515918824728928,178.94961026361852,-3633.8326319786647,-14423.946073682855,-1795.327734591061,-2368.0647776150763,-2467.332905634943,-1.1066123188405828,0.36732954545454555,0.5618452380952417,-0.01313855813226163,-0.028018208237106008,-0.04981284401753322,-0.018292630476100864,0.020385632623663386,-0.09520460869565217,-0.06691891304347825,0.16212360869565212,-0.028286521739130432,-0.10030809090909093,-0.1325391818181818,0.2328473636363636,0.03223127272727273
2002,Switzerland,CHE,146,7361.757,22621.667640612588,96.600948072082,96.45,483439.96,0.2645380967200294,123.21294510804124,30514.478612906427,135893.93,142922.61,240382.0,519280.2,0.44,3.2,91.44312834163418,2.9237,138.01218253836754,0.57508,48529.75,59216.23,1.3868,665687.0,545733.0,486874.0,178813.0,346250.0,5.317655086517334,108.23404693603516,70.72901153564453,0.0,0.0,0.0,0.0,FLOAT,DEU,0.0,-0.2595153152942657,0.1345194429159164,0.1374077349901199,0.0043999999761581,,,0.0774125158786773,0.057106927037239,0.0530037730932235,-0.2721998989582062,0.0174286980181932,,,,0.0240000002086162,0.0126846078783273,-0.0229271333664655,-0.0389424264430999,0.070903867483139,0.18353,0.231629,0.584841,11.0,-0.048099,0.216306,0.146488,0.285452,0.106382,0.498241,0.74713,-0.069147,0.040105,0,660809.0,644457.0,635207.0,526963.0,512262.0,507665.0,498211.9,472051.1,477466.6,3.38333333333333,3.92583333333333,3.04,1.65,3.5,1.09375,84.87007192378977,81.36083166172175,80.16184759478612,0.5094299999999999,0.52109,0.52576,122.42782082010638,121.22757334544735,119.36338661251833,32942.06727037861,48605.45258001442,45241.91899278894,22692.35686926238,22521.38119434273,21828.104743186803,2.7600000000000002,1.7333333333333303,0.4258333333333302,1.94625,0.025373298761593093,0.028698205215299984,0.05541942387169535,0.04313181404854087,0.007591704675848112,-164143.39057324606,-167806.25828387286,-164744.01575167303,-208093.84167825792,-207810.13929491257,-197561.1691169421,-220992.14347826084,-231104.3545454546,-208506.16190476192,1.5509420289855043,1.987878787878785,1.011309523809524,1.350054347826087,3.1409659090909092,0.6723809523809524,-32.329109993216136,-33.625625818072564,-32.67545740335045,0.03899956521739123,0.04736409090909094,0.048158571428571495,-4.87526940247929,-5.883218256001101,-7.559330611842782,-15484.435699372189,-270.2990447531847,-3861.951186294711,-1624.3520596714116,-1674.7883264591474,-2242.718694072504,0.20088768115941735,-1.1530871212121243,0.3389285714285717,-0.002327441462490573,-0.00837518705064394,0.016948734467699497,0.009882142250283568,-0.003783388577173744,-0.02538660869565218,0.11215108695652173,-0.08676539130434785,-0.13753852173913045,-0.09541309090909092,-0.0692271818181818,0.16464036363636358,-0.026186727272727264
2003,Switzerland,CHE,146,7408.319,22516.4820417724,95.79891794702006,96.73,488937.34,0.2580872759028632,123.99678019353284,49642.89034734779,134986.73,141157.51,290522.0,557415.3,0.09,2.66083333333333,97.2054213605266,4.1158,138.90631815388917,0.56681,49356.62,52118.1,1.2369,675572.0,578713.0,507258.0,168314.0,356280.0,5.392558097839356,105.27962493896484,69.21998596191406,0.0,0.0,0.0,0.0,FLOAT,DEU,0.0,0.2206378132104873,0.1162580102682113,-0.002538071013987,0.00089999998454,,,0.0631014853715896,0.0531565211713314,0.050001360476017,0.1968478411436081,0.0198771879076957,,,,0.0277999993413686,0.0237899702042341,0.1434319168329239,0.1661926656961441,-0.0008190355147235,0.196183,0.143477,0.66034,6.0,0.052706,0.18353,0.216306,0.231629,0.285452,0.584841,0.498241,-0.048099,-0.069147,0,665687.0,660809.0,644457.0,545733.0,526963.0,512262.0,519280.2,498211.9,472051.1,3.2,3.38333333333333,3.92583333333333,0.44,1.65,3.5,91.44312834163418,84.87007192378977,81.36083166172175,0.57508,0.5094299999999999,0.52109,123.21294510804124,122.42782082010638,121.22757334544735,30514.478612906427,32942.06727037861,48605.45258001442,22621.667640612588,22692.35686926238,22521.38119434273,2.57083333333333,2.7600000000000002,1.7333333333333303,0.4258333333333302,0.007381860719209333,0.03561919907090251,0.04228782973670438,0.07744846055682358,-0.0031151117998476545,-159265.39057324606,-151454.25828387286,-155494.01575167303,-189323.84167825792,-193109.13929491257,-192964.1691169421,-199923.84347826085,-204943.55454545456,-213921.66190476192,1.3676086956521742,1.445378787878785,1.8971428571428541,0.14005434782608694,1.2909659090909091,3.0786309523809523,-25.756053575371723,-30.116385556004545,-31.476473336414827,0.10464956521739133,0.035704090909090824,0.04348857142857154,-4.090145114544427,-4.682970781342078,-5.695143878913754,-17912.024356844373,-15933.684354388992,-498.4175990692311,-1695.0412883212048,-1503.812651539498,-1549.4422429165752,1.2275543478260873,0.1544128787878758,-1.1814880952380982,-0.020318879504874335,-0.001454193195041413,0.003817140332708524,0.04419878875856628,-0.01449020505286951,-0.05816260869565218,0.05832808695652175,-0.00016539130434778393,-0.11649052173913044,-0.02559509090909093,0.10984281818181818,-0.08424863636363639,-0.13543872727272727
2004,Switzerland,CHE,146,7450.867,22959.647174249545,97.67499326124342,97.68,504278.2,0.2644480140587414,124.98946607482978,58735.072270598095,143996.16,152756.51,276297.0,567029.0000000001,0.55,2.74,99.65220309508736,4.3157,138.5950853923828,0.57574,51128.23,53322.44,1.1316,695383.0,601118.0,534636.0,160747.0,350169.0,4.944190979003906,106.35272216796876,72.02745819091797,0.0,0.0,0.0,0.0,FLOAT,DEU,0.0,0.0689068511128425,0.0757242813706398,0.060954637825489,0.0054999999701976,,,0.0251002982258796,0.0506239831447601,0.049384418874979,0.0512279644608497,0.0168173667043447,,,,0.0238000005483627,0.0176788866519927,0.0668494552373886,0.072462260723114,0.0332273170351982,0.311404,0.149134,0.539462,27.0,0.16227,0.196183,0.18353,0.143477,0.231629,0.66034,0.584841,0.052706,-0.048099,0,675572.0,665687.0,660809.0,578713.0,545733.0,526963.0,557415.3,519280.2,498211.9,2.66083333333333,3.2,3.38333333333333,0.09,0.44,1.65,97.2054213605266,91.44312834163418,84.87007192378977,0.56681,0.57508,0.5094299999999999,123.99678019353284,123.21294510804124,122.42782082010638,49642.89034734779,30514.478612906427,32942.06727037861,22516.4820417724,22621.667640612588,22692.35686926238,2.1900000000000004,2.57083333333333,2.7600000000000002,1.7333333333333303,0.014849321077323126,0.060432482550991054,0.07343838644338843,0.06301504687552166,-0.004649772090690092,-149380.39057324606,-146576.25828387286,-139142.01575167303,-156343.84167825792,-174339.13929491257,-178263.1691169421,-161788.74347826082,-183875.25454545458,-187760.86190476187,0.8284420289855041,1.262045454545455,1.3546428571428542,-0.20994565217391306,0.08096590909090912,1.2286309523809522,-19.9937605564793,-23.543329138160132,-27.967233074346808,0.09637956521739133,0.10135409090909092,0.03182857142857143,-3.306310029052824,-3.897846493407215,-4.494896404254732,1216.3873775969914,-18361.273011861176,-16161.802908705038,-1800.2268871613924,-1574.5018801892911,-1378.4665679969257,1.0383876811594173,1.1810795454545457,0.12601190476190194,-0.01285141914676054,0.02335909028504713,0.03496769703939258,0.02976537507726436,-0.016024865343711947,-0.04550960869565218,-0.029823913043478256,0.0753336086956522,-0.01568552173913043,-0.05837109090909093,0.0560198181818182,0.002351363636363679,-0.11439072727272727
2005,Switzerland,CHE,146,7489.37,23480.64036641517,100.0,98.95,523662.57,0.2642374027446527,126.4552892527968,64416.63764374849,157544.48,162991.13,290301.0,594872.0000000001,0.63,2.09583333333333,101.85949310126534,4.4367,142.1764278041214,0.5464,54130.72,53922.03,1.3143,718310.0,646199.0,557980.0,160330.0,361436.0,4.759636402130127,105.39884948730467,74.55120086669922,0.0,0.0,0.0,0.0,FLOAT,DEU,0.0,0.356081873178482,0.0722161382436752,0.065028078854084,0.0063000000081956,,,0.0221776217222213,0.0500385165214538,0.0489528588950634,0.329081267118454,0.0203152317553758,,,,0.0196000002324581,0.0270005948841571,0.1993212550878524,0.223236933350563,0.035664040595293,0.302646,0.212204,0.48515,26.0,0.090442,0.311404,0.196183,0.149134,0.143477,0.539462,0.66034,0.16227,0.052706,0,695383.0,675572.0,665687.0,601118.0,578713.0,545733.0,567029.0000000001,557415.3,519280.2,2.74,2.66083333333333,3.2,0.55,0.09,0.44,99.65220309508736,97.2054213605266,91.44312834163418,0.57574,0.56681,0.57508,124.98946607482978,123.99678019353284,123.21294510804124,58735.072270598095,49642.89034734779,30514.478612906427,22959.647174249545,22516.4820417724,22621.667640612588,1.4658333333333302,2.1900000000000004,2.57083333333333,2.7600000000000002,0.029324779594180932,0.038715218078736784,0.017246925227922646,0.02517124765588798,0.019681810491309796,-129569.39057324606,-136691.25828387286,-134264.01575167303,-133938.84167825792,-141359.13929491257,-159493.1691169421,-152175.04347826075,-145740.15454545454,-166692.56190476188,0.9076086956521743,0.7228787878787848,1.1713095238095241,0.250054347826087,-0.2690340909090909,0.018630952380952415,-17.546978821918543,-17.78103611926771,-21.394176656502395,0.10530956521739132,0.09308409090909092,0.09747857142857153,-2.3136241477558883,-3.114011407915612,-3.7097721163198685,10308.569300847295,767.1387225801882,-18589.391566177223,-1357.0617546842477,-1679.6874790294787,-1449.155796646719,0.6575543478260875,0.9919128787878757,1.1526785714285719,0.001624039370097266,0.0016418258127928603,-0.021223764176073207,-0.008078424142369322,0.00830671723828794,0.06971139130434784,-0.02416691304347826,-0.04554439130434784,0.09387847826086956,-0.04571809090909093,-0.03213218181818181,0.07785036363636366,-0.013585727272727263
2006,Switzerland,CHE,146,7523.934,24262.435535186774,103.364296543979,100.0,556438.83,0.2629071917358285,127.79992740109904,69001.46769652651,177148.14,185216.07,278368.0,610606.0000000001,1.94,2.5175,103.2842400713899,3.9999,144.6655479915,0.4825,58013.06,54824.67,1.2203,753474.0,666605.0,586937.0,166537.0,383944.0,4.384696960449219,107.4145050048828,76.72476959228516,0.0,0.0,0.0,0.0,FLOAT,DEU,0.0,0.2066675871610641,0.0638991296291351,-0.0213891919702291,0.0194000005722045,,,0.0139407031238079,0.0499584265053272,0.0492715463042259,0.1846220195293426,0.0186097864061594,,,,0.0249000005424022,0.022045562043786,0.1282389909029007,0.1439909487962722,-0.0009945956990122,0.346109,0.065203,0.588688,25.0,0.280906,0.302646,0.311404,0.212204,0.149134,0.48515,0.539462,0.090442,0.16227,1,718310.0,695383.0,675572.0,646199.0,601118.0,578713.0,594872.0000000001,567029.0000000001,557415.3,2.09583333333333,2.74,2.66083333333333,0.63,0.55,0.09,101.85949310126534,99.65220309508736,97.2054213605266,0.5464,0.57574,0.56681,126.4552892527968,124.98946607482978,123.99678019353284,64416.63764374849,58735.072270598095,49642.89034734779,23480.64036641517,22959.647174249545,22516.4820417724,0.5775000000000001,1.4658333333333302,2.1900000000000004,2.57083333333333,0.03297031995317688,0.07499525883437196,0.0491033086491167,0.02214993685660723,0.02269168982483083,-106642.39057324606,-116880.25828387286,-124379.01575167303,-88857.84167825792,-118954.13929491257,-126513.1691169421,-124332.04347826075,-136126.45454545447,-128557.46190476185,0.2634420289855042,0.802045454545455,0.632142857142854,0.33005434782608695,0.19096590909090916,-0.3313690476190476,-15.339688815740558,-15.334254384706952,-15.631883637609974,0.07596956521739129,0.10201409090909092,0.08920857142857153,-0.8478009697888638,-2.1213255266186763,-2.9259370308282655,15990.134673997687,9859.320645830492,539.0201682641418,-836.0685625186234,-1236.522346552334,-1554.3413954869065,-0.06661231884058272,0.6110795454545459,0.9635119047619018,0.005269579729093216,0.03792186656842803,0.01063261924512085,-0.01109973494165007,0.011316596571808973,0.06095339130434785,0.038903086956521754,-0.09985639130434781,0.02205047826086956,0.06950290909090909,-0.026475181818181814,-0.04302763636363638,0.09597827272727273
2007,Switzerland,CHE,146,7554.661,25025.24076171636,106.5380585030628,100.31,592442.27,0.264665057913341,128.73846677977974,47684.95090184663,193216.29,206251.62,271171.0,624218.0000000001,2.0,2.9275,105.85992022027138,3.6519,148.73836446305657,0.4449499999999999,60480.9,64027.71,1.1255,786246.0,681341.0,591358.0,194888.0,446243.0,4.036149501800537,109.534912109375,77.96089172363281,0.0,0.0,0.0,0.0,FLOAT,DEU,0.0,-0.0005397464265115,0.0753708854317665,-0.0139455907046794,0.0199999995529651,,,0.0249806344509124,0.050390250980854,0.0491621494293212,-0.0203004088252782,0.0201701242476701,,,,0.0310999993234872,0.019760662689805,0.0315091200172901,0.034735694527626,0.0030272044241428,0.277667,0.197923,0.524409,25.0,0.079744,0.346109,0.302646,0.065203,0.212204,0.588688,0.48515,0.280906,0.090442,1,753474.0,718310.0,695383.0,666605.0,646199.0,601118.0,610606.0000000001,594872.0000000001,567029.0000000001,2.5175,2.09583333333333,2.74,1.94,0.63,0.55,103.2842400713899,101.85949310126534,99.65220309508736,0.4825,0.5464,0.57574,127.79992740109904,126.4552892527968,124.98946607482978,69001.46769652651,64416.63764374849,58735.072270598095,24262.435535186774,23480.64036641517,22959.647174249545,0.9275000000000002,0.5775000000000001,1.4658333333333302,2.1900000000000004,0.048953794322785425,0.03157850754953195,0.026449387431245707,0.013987375420257814,0.033295308670108596,-71478.39057324606,-93953.25828387286,-104568.01575167303,-68451.84167825792,-73873.13929491257,-104108.1691169421,-108598.04347826075,-108283.45454545447,-118943.76190476178,0.6851086956521741,0.15787878787878484,0.7113095238095242,1.640054347826087,0.2709659090909091,0.12863095238095246,-13.914941845616,-13.126964378528967,-13.185101903049215,0.012069565217391276,0.07267409090909088,0.09813857142857152,0.49683717851337406,-0.6555023486516518,-1.9332511495313298,20574.96472677571,15540.886018980884,9631.202091514446,-54.27339374701842,-715.5291543867097,-1111.176263009762,-0.9549456521739128,-0.11308712121212428,0.582678571428572,0.02125305409870176,-0.00549488471641197,-0.012021301972750146,-0.019262296377999488,0.02192021541708674,0.10441639130434782,-0.10809791304347825,0.00368160869565215,0.21251447826086955,0.0607449090909091,0.0365948181818182,-0.09733963636363635,0.02415027272727273
2008,Switzerland,CHE,146,7581.52,25293.204039277472,108.09153373128268,101.87,617696.48,0.2605200162997076,131.86478270464346,9847.68713537907,197520.48,215984.07,328752.0,637700.0000000001,0.01,2.89666666666667,110.19670355652842,3.3497,152.3313121035643,0.44572,67734.2,62015.47,1.0637,828694.0,700738.0,628658.2407284904,200035.75927150965,469806.0,4.567243099212647,113.94303131103516,74.7251205444336,1.0,1.0,0.0,0.0,FLOAT,DEU,0.0,-0.3404650092124939,0.0913460403680801,0.1094891652464866,9.999999747378752e-05,,,0.0409975424408912,0.0503484942018985,0.0483656227588653,-0.3591339886188507,0.0291308630257844,,,,0.0215000007301569,0.0186689794063568,-0.0693012550473213,-0.0853609219193458,0.0547945834696292,0.347593,0.244017,0.40839,27.0,0.103576,0.277667,0.346109,0.197923,0.065203,0.524409,0.588688,0.079744,0.280906,1,786246.0,753474.0,718310.0,681341.0,666605.0,646199.0,624218.0000000001,610606.0000000001,594872.0000000001,2.9275,2.5175,2.09583333333333,2.0,1.94,0.63,105.85992022027138,103.2842400713899,101.85949310126534,0.4449499999999999,0.4825,0.5464,128.73846677977974,127.79992740109904,126.4552892527968,47684.95090184663,69001.46769652651,64416.63764374849,25025.24076171636,24262.435535186774,23480.64036641517,2.8866666666666703,0.9275000000000002,0.5775000000000001,1.4658333333333302,0.0434945333216541,0.022106044809144847,0.022292607671722843,0.024937784768529724,0.03143976314427794,-38706.390573246055,-58789.258283872856,-81641.01575167303,-53715.841678257915,-53467.13929491257,-59027.169116942096,-94986.04347826075,-92549.45454545447,-91100.76190476178,1.0951086956521743,0.5795454545454548,0.06714285714285406,1.700054347826087,1.5809659090909092,0.20863095238095242,-11.339261696734525,-11.702217408404408,-10.97781189687123,-0.025480434782608807,0.00877409090909087,0.06879857142857149,1.4353765571940755,0.689135799650586,-0.46742797156430527,-741.5520679041729,20125.716071758907,15312.767464664837,708.5318327825662,66.26601438489524,-590.1830708441375,-0.6049456521739127,-1.0014204545454544,-0.14148809523809813,0.015793793097570435,-0.014967347456799077,-0.01617808173227301,-0.008311887029727578,0.020064669891256083,0.03597439130434782,0.024622086956521738,-0.060597391304347825,0.011352478260869561,0.10420790909090907,-0.1104061818181818,0.006198363636363613,0.21461427272727274
2009,Switzerland,CHE,146,7690.3552008428815,24538.194701964352,104.52935434864808,102.93,607377.28,0.2454161652403377,131.2330735074545,36289.95553939985,168998.16,187447.55,396652.0,678440.0000000001,0.05,2.20333333333333,117.27162480646172,4.1161,154.59809923595807,0.42765,64601.69,62415.7,1.0305,835867.8489171987,733808.363,618658.0919974977,217209.7569197009,520651.0,5.150627613067627,113.9256820678711,70.62964630126953,0.0,0.0,0.0,0.0,FLOAT,DEU,0.0,0.2318147271871566,0.1137524843215942,0.0425098277628421,0.0005000000237487,,,0.0641560778021812,0.0495964102447032,0.0466063320636749,0.1942003816366195,0.0314975194633007,,,,0.0197000000625848,0.0376143492758274,0.1515668183565139,0.1663786023855209,0.0215049143880605,0.337336,0.202697,0.459967,22.0,0.134638,0.347593,0.277667,0.244017,0.197923,0.40839,0.524409,0.103576,0.079744,0,828694.0,786246.0,753474.0,700738.0,681341.0,666605.0,637700.0000000001,624218.0000000001,610606.0000000001,2.89666666666667,2.9275,2.5175,0.01,2.0,1.94,110.19670355652842,105.85992022027138,103.2842400713899,0.44572,0.4449499999999999,0.4825,131.86478270464346,128.73846677977974,127.79992740109904,9847.68713537907,47684.95090184663,69001.46769652651,25293.204039277472,25025.24076171636,24262.435535186774,2.15333333333333,2.8866666666666703,0.9275000000000002,0.5775000000000001,0.05398819199080186,0.028468857737902167,0.021598223697490294,0.04096718878337659,0.01070772026181838,3741.6094267539447,-26017.258283872856,-46477.015751673025,-34318.841678257915,-38731.13929491257,-38621.169116942096,-81504.04347826075,-78937.45454545447,-75366.76190476178,1.0642753623188441,0.989545454545455,0.488809523809524,-0.28994565217391305,1.6409659090909092,1.5186309523809522,-7.0024783604774825,-9.126537259522934,-9.553064926746671,-0.024710434782608703,-0.028775909090909213,0.004898571428571474,4.5616924820577935,1.6276751783312875,0.8772101767379326,-38578.81583437173,-1190.800722920976,19897.59751744286,976.4951103436797,829.0712409144799,191.6120979274674,1.3542210144927573,-0.6514204545454543,-1.0298214285714282,0.026287451766718196,-0.008604534528041757,-0.01687246570650556,0.007717516985119285,-0.0006673729912034763,0.10590039130434781,0.07071608695652176,-0.17661639130434786,0.03518447826086957,0.03576590909090907,0.022313818181818185,-0.05808063636363636,0.01345227272727273
2010,Switzerland,CHE,146,7774.228199657579,25033.238641853637,106.8269999863005,103.772910481249,629325.24,0.244496616845608,132.13551521772445,76810.68725898478,183436.23,203483.8,432179.0,726050.0000000001,0.04,1.63166666666667,123.40993509316534,4.8029,154.2768980761247,0.41144,67095.97,63738.55,0.9396,837389.4652293124,767087.971,632440.1229771441,204949.3422521684,541945.0,5.337452411651611,115.25738525390624,71.31761932373047,0.0,0.0,0.0,0.0,FLOAT,DEU,0.0,0.0291874017566442,0.0994781851768493,0.0523080676794052,0.0003999999898951,,,0.0523578077554702,0.047120377421379,0.0447760038077831,0.0011412752792239,0.0280141551047563,,,,0.0166999995708465,0.0280461274087429,0.0639462992548942,0.0681375339627265,0.0263540334999561,0.240147,0.158046,0.601807,16.0,0.082102,0.337336,0.347593,0.202697,0.244017,0.459967,0.40839,0.134638,0.103576,0,835867.8489171987,828694.0,786246.0,733808.363,700738.0,681341.0,678440.0000000001,637700.0000000001,624218.0000000001,2.20333333333333,2.89666666666667,2.9275,0.05,0.01,2.0,117.27162480646172,110.19670355652842,105.85992022027138,0.42765,0.44572,0.4449499999999999,131.2330735074545,131.86478270464346,128.73846677977974,36289.95553939985,9847.68713537907,47684.95090184663,24538.194701964352,25293.204039277472,25025.24076171636,1.59166666666667,2.15333333333333,2.8866666666666703,0.9275000000000002,0.008656812909468051,0.04719362015475115,0.06388583973655322,0.0642026578073093,-0.029850284532583402,10915.458343952661,16430.741716127144,-13705.015751673025,-1248.478678257903,-19334.139294912573,-23885.169116942096,-40764.04347826075,-65455.45454545447,-61754.76190476178,0.3709420289855041,0.9587121212121248,0.8988095238095242,-0.24994565217391307,-0.3490340909090909,1.5786309523809523,0.07244288945581445,-4.7897539232658914,-6.977384777865197,-0.042780434782608734,-0.02800590909090911,-0.03265142857142861,3.9299832848688254,4.7539911031950055,1.815749555418634,-12136.547430350947,-39028.06448938853,-1418.9192772370225,221.48577303055936,1097.0345184755934,954.417324457052,0.6208876811594173,1.3077462121212158,-0.6798214285714281,-0.019043927314615613,0.010120227888807225,0.025415150332557368,0.030952986009051997,-0.041225377785605255,0.09564339130434785,0.02939608695652174,-0.12503939130434782,0.06624647826086957,0.10569190909090906,0.06840781818181821,-0.1740996363636364,0.037284272727272735
2011,Switzerland,CHE,146,7858.101198472277,25220.957647835698,107.67466241283864,104.06304126204748,641200.31,0.2463232172834593,132.43718858944325,46109.72819144031,184539.79,208202.78,483411.0,778579.0,0.07,1.47166666666667,129.36290623975103,4.4022,154.3461824938308,0.41545,67671.0,67502.77,0.9409,863380.8674329534,809368.075,659388.124472192,203992.74296076145,588098.0,5.607224941253662,113.5707550048828,70.28912353515625,0.0,0.0,0.0,0.0,FLOAT,DEU,0.0,-0.0772110745310783,0.0935936719179153,0.1186187490820884,0.0006999999750405,,,0.0482132732868194,0.0453803986310958,0.0432930961251258,-0.1053627282381057,0.0314671136438846,,,,0.0074000000022351,0.0281516518443822,0.0295532718300819,0.0261084381490945,0.0596593730151653,0.215148,0.311302,0.47355,14.0,-0.096154,0.240147,0.337336,0.158046,0.202697,0.601807,0.459967,0.082102,0.134638,0,837389.4652293124,835867.8489171987,828694.0,767087.971,733808.363,700738.0,726050.0000000001,678440.0000000001,637700.0000000001,1.63166666666667,2.20333333333333,2.89666666666667,0.04,0.05,0.01,123.40993509316534,117.27162480646172,110.19670355652842,0.41144,0.42765,0.44572,132.13551521772445,131.2330735074545,131.86478270464346,76810.68725898478,36289.95553939985,9847.68713537907,25033.238641853637,24538.194701964352,25293.204039277472,1.40166666666667,1.59166666666667,2.15333333333333,2.8866666666666703,0.00182040296691019,0.04535190613519896,0.07017569718766581,0.05234267280626443,0.020174423827913276,12437.074656066368,23604.59063332586,28742.984248326975,32031.129321742104,13736.22370508744,-4488.169116942096,6845.956521739252,-24715.45454545447,-48272.76190476178,-0.200724637681156,0.26537878787878477,0.867976190476194,-0.2599456521739131,-0.3090340909090909,-0.4113690476190476,6.210753176159443,2.2851673266674055,-2.6406014416081547,-0.058990434782608736,-0.04607590909090914,-0.031881428571428505,4.83242499513878,4.122281906006037,4.942065480282352,28384.184289233977,-12585.79608536775,-39256.18304370458,716.5297129198443,342.025181162473,1222.3806020181655,0.05922101449275696,0.5744128787878757,1.279345238095242,-0.025880337257173477,0.008278513869255037,0.031705007783669956,0.019093001008007128,0.00879933057489142,-0.0015456086956521786,-0.015254913043478258,0.01680060869565214,0.01371047826086956,0.0954349090909091,0.027087818181818185,-0.12252263636363636,0.06834627272727274
2012,Switzerland,CHE,146,7942.972685368102,25285.386005433727,107.83416704066369,105.21478579910304,648980.52,0.252490322440634,131.5192764498544,59927.391465756125,277543.67,292958.2,538549.0,855170.0,-0.2,0.646666666666667,136.00613220858662,4.4846,155.30324937539493,0.42211,67109.27,66677.56,0.9166,917673.0897246049,847858.792,695937.8685204617,221735.22120414316,622615.8125,5.653100490570068,114.6217803955078,68.01750946044922,0.0,0.0,1.0,1.0,PEG,DEU,0.0,0.1772239953279495,0.0949576199054718,0.0418540723621845,-0.0001999999949475,,,0.0514069274067878,0.0435506962239742,0.0414213500916957,0.1382675915956497,0.0342243015766143,,,,0.0055999998003244,0.0389564149081707,0.1177491843700409,0.1282346397638321,0.0208270363509655,0.187992,0.218446,0.593562,15.0,-0.030455,0.215148,0.240147,0.311302,0.158046,0.47355,0.601807,-0.096154,0.082102,0,863380.8674329534,837389.4652293124,835867.8489171987,809368.075,767087.971,733808.363,778579.0,726050.0000000001,678440.0000000001,1.47166666666667,1.63166666666667,2.20333333333333,0.07,0.04,0.05,129.36290623975103,123.40993509316534,117.27162480646172,0.41545,0.41144,0.42765,132.43718858944325,132.13551521772445,131.2330735074545,46109.72819144031,76810.68725898478,36289.95553939985,25220.957647835698,25033.238641853637,24538.194701964352,0.8466666666666669,1.40166666666667,1.59166666666667,2.15333333333333,0.031038606625560402,0.05511767306803451,0.07234901177604831,0.04823737361251856,0.007498790255137377,38428.476859707385,25126.206945439568,35916.83316552569,74311.23332174204,47015.83170508745,28582.193883057917,59374.956521739135,22894.54545454553,-7532.761904761777,-0.3607246376811559,-0.30628787878787533,0.174642857142854,-0.22994565217391305,-0.3190340909090909,-0.3713690476190476,12.163724322745125,8.423477613371034,4.434319808325142,-0.05498043478260872,-0.06228590909090914,-0.049951428571428536,5.134098366857586,5.024723616275992,4.310356283093384,-2316.7747783104933,27934.935634217174,-12813.914639683797,904.2487189019048,837.069121051758,467.3712647050452,-0.13077898550724298,0.012746212121215406,0.5460119047619019,0.0033378664014767356,0.018044280802090584,0.03387832237205246,0.014987701814261255,-0.003876302997884479,-0.026544608695652172,0.13800108695652177,-0.11145639130434781,-0.16454552173913045,-0.0017540909090909274,-0.01756318181818181,0.019317363636363605,0.01581027272727273
2013,Switzerland,CHE,146,8026.845684182801,25485.441732448504,108.54322722370534,106.36548411607974,660648.77,0.2511656218329829,131.23565191234098,64298.84161011691,298394.3,332137.25,554429.0,920683.0,0.01,0.949166666666667,142.3555266584229,4.7467,156.840560819227,0.41566,69180.36,68248.47,0.8915,944512.1044301612,883972.711,720775.4236913007,223736.6807388604,613540.1875,6.010419845581055,108.39119720458984,66.16887664794922,0.0,0.0,1.0,1.0,PEG,DEU,-0.16583334,0.2460019141435623,0.0882396027445793,-0.0404563285410404,9.999999747378752e-05,,,0.0466548539698123,0.0415847487747669,0.0397311002016067,0.2101702988147735,0.0296087432652711,,,,0.0125000001862645,0.0358316227793693,0.1420834958553314,0.1577694565057754,-0.0201781634241342,0.351087,0.151664,0.497249,13.0,0.199422,0.187992,0.215148,0.218446,0.311302,0.593562,0.47355,-0.030455,-0.096154,0,917673.0897246049,863380.8674329534,837389.4652293124,847858.792,809368.075,767087.971,855170.0,778579.0,726050.0000000001,0.646666666666667,1.47166666666667,1.63166666666667,-0.2,0.07,0.04,136.00613220858662,129.36290623975103,123.40993509316534,0.42211,0.41545,0.41144,131.5192764498544,132.43718858944325,132.13551521772445,59927.391465756125,46109.72819144031,76810.68725898478,25285.386005433727,25220.957647835698,25033.238641853637,0.939166666666667,0.8466666666666669,1.40166666666667,1.59166666666667,0.06288328168896738,0.04755650511666162,0.09837280481492565,0.05135340695364065,0.002554556353396782,92720.6991513588,51117.609149080585,37438.4494776394,112801.9503217421,89295.93570508738,61861.801883057924,135965.95652173914,75423.54545454541,40077.23809523822,-1.185724637681159,-0.46628787878787525,-0.3970238095238061,-0.49994565217391307,-0.2890340909090909,-0.3813690476190476,18.80695029158072,14.376448759956716,10.57263009502877,-0.04832043478260872,-0.05827590909090913,-0.06616142857142854,4.216186227268736,5.326396987994798,5.212797993363338,11500.888496005326,-2766.0234333272965,27706.817079901128,968.6770764999346,1024.7881270338185,962.4152045943301,-0.685778985507246,-0.17725378787878454,-0.015654761904758452,0.03518254146488371,0.010483112850717693,0.059902115410929796,0.018103735155383348,-0.008820536899625074,-0.053700608695652186,0.04514508695652175,0.008555608695652195,-0.09884652173913043,-0.02675309090909092,0.13569281818181822,-0.10893963636363635,-0.16244572727272727
2014,Switzerland,CHE,146,8127.692980376664,25778.98587099018,109.8506104254852,106.10295334290932,672818.21,0.2528246888729405,131.2201814830221,54150.53854399111,252504.86,285178.88,567531.0,950999.0,-2.0,0.6925,146.25567807372212,4.8259,156.78883286399136,0.41608,68607.11,68626.72,0.9891,1029932.03103692,918552.63,785961.0189874194,243971.0120495053,629057.4375,5.637481212615967,109.17366027832033,66.83167266845703,0.0,0.0,1.0,1.0,PEG,DEU,0.0075,0.1300114840269088,0.0530706495046615,0.0970676019787788,-0.0199999995529651,,,0.0128712058067321,0.0401994436979293,0.0396886020898819,0.0973252803087234,0.0297871623188257,,,,0.0038000000640749,0.0326862074434757,0.0840553194284439,0.0881840959191322,0.0385337993502616,0.240249,0.207692,0.552059,10.0,0.032557,0.351087,0.187992,0.151664,0.218446,0.497249,0.593562,0.199422,-0.030455,0,944512.1044301612,917673.0897246049,863380.8674329534,883972.711,847858.792,809368.075,920683.0,855170.0,778579.0,0.949166666666667,0.646666666666667,1.47166666666667,0.01,-0.2,0.07,142.3555266584229,136.00613220858662,129.36290623975103,0.41566,0.42211,0.41545,131.23565191234098,131.5192764498544,132.43718858944325,64298.84161011691,59927.391465756125,46109.72819144031,25485.441732448504,25285.386005433727,25220.957647835698,2.6925,0.939166666666667,0.8466666666666669,1.40166666666667,0.029246814585802836,0.04259426138026059,0.07660815978109616,0.046684618897172084,0.007911911132058072,119559.71385691513,105409.831440732,63429.851681280416,148915.8693217421,127786.65270508744,104141.90588305786,201478.95652173914,152014.5454545454,92606.2380952381,-0.8832246376811589,-1.2912878787878783,-0.557023809523806,-0.28994565217391305,-0.559034090909091,-0.3513690476190476,25.156344741416987,21.01967472879231,16.525601241614453,-0.054770434782608735,-0.05161590909090913,-0.062151428571428524,3.9325616897553175,4.408484848405948,5.514471365082144,15872.338640366113,11051.639840988522,-2994.141987643343,1168.7328035147111,1089.2164846318483,1150.1342105763906,-0.5932789855072459,-0.7322537878787876,-0.2056547619047584,0.00154607436171917,0.005520869114316665,0.0381374703771003,0.013434947098914782,-0.0034631821209637845,0.1093943913043478,-0.021636913043478256,-0.08775739130434784,0.13103047826086955,-0.053909090909090934,0.0428368181818182,0.011072363636363658,-0.09674672727272726
2015,Switzerland,CHE,146,8225.544812327145,25887.977990460484,110.40768715967836,107.4883267165296,675735.65,0.2524344598508867,129.72212824397397,65835.8217941507,243771.93,279154.85,559290.0,966560.0,-1.0,-0.0691666666666667,150.00582366535602,4.8007,155.51077686134585,0.41657,72851.16,70684.63,0.9921,1008210.19182588,943588.0094557836,769384.6640764948,238825.52774938,639116.875,5.724527835845947,109.2025909423828,66.51456451416016,0.0,0.0,0.0,0.0,FLOAT,DEU,0.0,0.0267516318708658,0.0626555159687995,0.0420987978577613,-0.0099999997764825,,,0.0226317346096038,0.0400237813591957,0.0391380190849304,-0.0024930946528911,0.0293178185820579,,,,-0.0003999999898951,0.0292447265237569,0.0437688864767551,0.0462063662707805,0.0160493999719619,0.251769,0.31733,0.4309,16.0,-0.065561,0.240249,0.351087,0.207692,0.151664,0.552059,0.497249,0.032557,0.199422,0,1029932.03103692,944512.1044301612,917673.0897246049,918552.63,883972.711,847858.792,950999.0,920683.0,855170.0,0.6925,0.949166666666667,0.646666666666667,-2.0,0.01,-0.2,146.25567807372212,142.3555266584229,136.00613220858662,0.41608,0.41566,0.42211,131.2201814830221,131.23565191234098,131.5192764498544,54150.53854399111,64298.84161011691,59927.391465756125,25778.98587099018,25485.441732448504,25285.386005433727,0.9308333333333333,2.6925,0.939166666666667,0.8466666666666669,0.0904381491842225,0.03911876302253859,0.03292772865361911,0.02739726027397244,0.01151811067759241,204979.64046367398,132248.84614628833,117722.07397293183,183495.7883217421,163900.57170508744,142632.62288305792,231794.95652173914,217527.5454545454,169197.2380952381,-1.139891304347826,-0.9887878787878782,-1.382023809523809,-2.2999456521739132,-0.3490340909090909,-0.6213690476190477,29.05649615671622,27.36906917862858,23.168827210450047,-0.0543504347826087,-0.05806590909090914,-0.055491428571428525,3.917091260436422,4.1248603108925295,4.596559225493294,5724.035574240312,15423.08998534931,10823.521286672476,1462.2769420563855,1289.2722116466248,1214.5625681744204,1.160054347826087,-0.6397537878787874,-0.7606547619047614,0.06273740896013882,0.0020453707565946666,-0.005542960750376746,-0.00585241152428486,0.00014301742457055455,-0.0014436086956521876,0.03439108695652174,-0.03294739130434787,-0.03583452173913043,0.10918590909090906,-0.02394518181818181,-0.08524063636363638,0.13313027272727274
2016,Switzerland,CHE,146,8314.41025154748,26120.518572067667,111.44207882657716,108.05385969450892,685440.98,0.253979800906104,129.15874677627687,56561.641162308144,266137.16,298408.0,594550.0,995030.0,-0.9,-0.3625,152.40591684400172,4.9179,154.1837656423416,0.4048299999999999,72537.96,72165.77,1.016,1010305.39255617,967510.0,770983.552208277,239321.840347893,681198.0,6.108583450317383,108.30299377441406,65.96711730957031,0.0,0.0,0.0,0.0,FLOAT,DEU,0.0,-0.0078999996185302,0.0554497838020324,-0.002418739022687,-0.009,,,0.0161945819854736,0.0392552018165588,0.0386296100914478,-0.0408000014722347,0.0342994183301925,,,,-0.00362,0.0328999981284141,,,-0.0057093696668744,0.27618,0.205205,0.518615,9.0,0.070975,0.251769,0.240249,0.31733,0.207692,0.4309,0.552059,-0.065561,0.032557,0,1008210.19182588,1029932.03103692,944512.1044301612,943588.0094557836,918552.63,883972.711,966560.0,950999.0,920683.0,-0.0691666666666667,0.6925,0.949166666666667,-1.0,-2.0,0.01,150.00582366535602,146.25567807372212,142.3555266584229,0.41657,0.41608,0.41566,129.72212824397397,131.2201814830221,131.23565191234098,65835.8217941507,54150.53854399111,64298.84161011691,25887.977990460484,25778.98587099018,25485.441732448504,0.5375000000000001,0.9308333333333333,2.6925,0.939166666666667,-0.021090556033266428,0.027255247699615903,0.016362793231118014,0.025641025641025605,0.004227944420147169,183257.80125263392,217668.77275304717,144561.08867848816,208531.16777752573,198480.49070508743,178746.54188305791,247355.95652173914,247843.5454545454,234710.2380952381,-1.9015579710144925,-1.2454545454545451,-1.0795238095238089,-1.299945652173913,-2.3590340909090908,-0.4113690476190476,32.80664174835012,31.269220593927813,29.518221660286315,-0.05386043478260871,-0.05764590909090911,-0.061941428571428536,2.419038021388303,4.109389881573634,4.312934687979876,17409.318824399903,5274.786919223508,15194.971431033264,1571.269061526691,1582.816350188299,1414.618295189197,-0.6016123188405796,1.1135795454545454,-0.6681547619047613,-0.0487912962573501,-0.00981814456632802,-0.02210789617287784,-0.007608646157231697,-0.0071471488328746875,0.010076391304347843,0.14402908695652175,-0.15410639130434783,-0.13395252173913041,-0.0016520909090909364,0.032082818181818185,-0.03043063636363641,-0.03373472727272726
2017,Switzerland,CHE,146,8407.269643092324,26259.9504401359,112.15673911420946,108.2943648146569,693694.13,0.2597353310381659,129.8471808809685,43040.770415029736,265571.54,294893.86,637053.0,1031170.0,-1.0,-0.0725,155.40603331730884,4.7967,154.67569168242372,0.4120499999999999,78079.93,72891.49,0.9753,1063037.339631932,995286.0,811224.3191792099,251813.02045272195,731980.625,5.903562545776367,105.26526641845705,65.9438247680664,0.0,0.0,0.0,0.0,FLOAT,DEU,0.0,0.2004999965429306,0.0583946071565151,0.0053974967449903,-0.01,,,0.0193421840667724,0.0390524230897426,0.0383113957941532,0.165800005197525,0.0297649689018726,,,,-0.000721,0.0346999987959861,,,-0.0023012515157461,0.327162,0.145046,0.527793,12.0,0.182116,0.27618,0.251769,0.205205,0.31733,0.518615,0.4309,0.070975,-0.065561,0,1010305.39255617,1008210.19182588,1029932.03103692,967510.0,943588.0094557836,918552.63,995030.0,966560.0,950999.0,-0.3625,-0.0691666666666667,0.6925,-0.9,-1.0,-2.0,152.40591684400172,150.00582366535602,146.25567807372212,0.4048299999999999,0.41657,0.41608,129.15874677627687,129.72212824397397,131.2201814830221,56561.641162308144,65835.8217941507,54150.53854399111,26120.518572067667,25887.977990460484,25778.98587099018,0.9275,0.5375000000000001,0.9308333333333333,2.6925,0.0020781388120026827,0.025352156136461947,0.029454974341996357,0.016000000000000056,0.008982570276167293,185353.00198292395,195946.93354200711,229981.015285247,232453.15832174208,223515.87016087107,213326.4608830579,275825.95652173914,263404.5454545454,265026.2380952381,-2.1948913043478258,-2.007121212121212,-1.3361904761904762,-1.1999456521739131,-1.3590340909090908,-2.4213690476190477,35.20673492699582,35.01936618556171,33.41837307558555,-0.0656004347826088,-0.05715590909090912,-0.061521428571428505,1.8556565536912046,2.611336642525515,4.29746425866098,8135.138192557344,16960.0701693831,5046.668364907462,1803.8096431338745,1691.8084696586047,1708.1624337308713,-0.9949456521739128,-0.6480871212121212,1.0851785714285715,-0.025622601412080982,-0.011721236129481977,-0.009015715061999496,-0.017249671798257246,-0.0023925229768545636,0.0344873913043478,0.03190408695652175,-0.06639139130434779,0.0025834782608695622,0.009867909090909094,0.1417208181818182,-0.15158963636363637,-0.13185272727272726
2018,Switzerland,CHE,146,8471.172880284475,26828.437275195964,114.58108516145282,108.21152776529632,719271.62,0.255763942039166,131.06035352028297,44085.26198413066,273389.09,303885.76,671722.0,1063992.0,-0.95,0.0325,160.11865959460675,4.7133,156.22153825514587,0.39234,78365.58,73047.97,0.9847,1070820.3514600687,1031837.5130322912,817163.6857809797,253656.66567908908,720796.0,5.976469399060992,106.73064091636536,64.8228623251524,0.0,0.0,0.0,0.0,FLOAT,DEU,0.0,-0.0905999988317489,0.0687418654561042,0.0084915980696678,-0.0095,,,0.0302796363830566,0.0384622290730476,0.0373318344354629,-0.1176000013947486,0.0305983684957027,,,,0.000332,0.0270000007003545,,,-0.0005042009870521,0.230693,0.096396,0.672911,9.0,0.134297,0.327162,0.27618,0.145046,0.205205,0.527793,0.518615,0.182116,0.070975,0,1063037.339631932,1010305.39255617,1008210.19182588,995286.0,967510.0,943588.0094557836,1031170.0,995030.0,966560.0,-0.0725,-0.3625,-0.0691666666666667,-1.0,-0.9,-1.0,155.40603331730884,152.40591684400172,150.00582366535602,0.4120499999999999,0.4048299999999999,0.41657,129.8471808809685,129.15874677627687,129.72212824397397,43040.770415029736,56561.641162308144,65835.8217941507,26259.9504401359,26120.518572067667,25887.977990460484,0.9824999999999999,0.9275,0.5375000000000001,0.9308333333333333,0.052194066729016636,0.028708747196411408,0.03632051294935831,0.019685039370078712,0.005338020670743382,238084.94905868603,198042.13427229715,208259.17607420695,260229.15832174208,247437.86070508743,238361.84033884155,311965.95652173914,291874.5454545454,280587.2380952381,-1.904891304347826,-2.3004545454545453,-2.097857142857143,-1.299945652173913,-1.259034090909091,-1.4213690476190477,38.20685140030294,37.41945936420741,37.168518667219445,-0.05838043478260879,-0.0688959090909092,-0.061031428571428514,2.544090658382828,2.0479551748284166,2.7994110196128617,-5385.732554721064,7685.889537540541,16731.951615067053,1943.241511202108,1924.3490512657881,1817.154553201177,-0.6049456521739129,-1.0414204545454544,-0.676488095238095,0.02449332650493297,-0.008364645069532516,-0.0021501764546375396,-0.01356463242817859,-0.006037072582278475,0.08546939130434783,-0.02825491304347824,-0.05721339130434788,0.11372447826086957,0.034278909090909054,0.029595818181818195,-0.06387463636363633,0.00468327272727273
2019,Switzerland,CHE,146,8532.080653233244,26968.575907835817,115.14437625071216,108.90285603123102,727212.15,0.2549666070573166,131.53365988760393,38543.03255938109,276058.12,311976.71,675753.0,1072273.0,-1.0,-0.49,165.879119535661,4.39,158.52694527763447,0.39793,80287.64,74331.51,0.9682,1104113.300939456,1064720.294111856,842570.1783546414,261543.12258481467,824738.3125,5.474937205837563,108.03953271111564,65.28172647913566,0.0,0.0,0.0,0.0,FLOAT,DEU,0.0,0.2989999949932098,0.0736410915851593,0.026516979560256,-0.01,,,0.0361262559890747,0.0375148355960845,0.0362068191170692,0.2601999938488006,0.0307887624949216,,,,-0.00489,0.0388000011444091,,,0.0082584898918867,0.237106,0.122519,0.640375,11.0,0.114587,0.230693,0.327162,0.096396,0.145046,0.672911,0.527793,0.134297,0.182116,0,1070820.3514600687,1063037.339631932,1010305.39255617,1031837.5130322912,995286.0,967510.0,1063992.0,1031170.0,995030.0,0.0325,-0.0725,-0.3625,-0.95,-1.0,-0.9,160.11865959460675,155.40603331730884,152.40591684400172,0.39234,0.4120499999999999,0.4048299999999999,131.06035352028297,129.8471808809685,129.15874677627687,44085.26198413066,43040.770415029736,56561.641162308144,26828.437275195964,26259.9504401359,26120.518572067667,0.51,0.9824999999999999,0.9275,0.5375000000000001,0.00732148489801067,0.036724632952027055,0.03182986316514251,0.03032460308458971,0.021648435184827435,245867.96088682266,250774.08134805923,210354.37680449698,296780.6713540333,275213.8607050874,262283.8308830579,344787.95652173914,328014.5454545454,309057.2380952381,-1.799891304347826,-2.0104545454545453,-2.391190476190476,-1.249945652173913,-1.3590340909090908,-1.3213690476190476,42.91947767760085,40.41957583751453,39.56861184586515,-0.07809043478260869,-0.0616759090909092,-0.0727714285714286,3.757263297697307,2.73638927952004,2.236029551915763,-4341.240985620141,-5834.981209737867,7457.770983224495,2511.728346262171,2063.7809193340217,2049.6951348083603,-0.549945652173913,-0.6514204545454545,-1.0698214285714283,-0.020379255326072997,-0.00034875931391686876,-0.006640826238853342,-0.002925068713667593,0.010273341931805579,-0.010999608695652169,-0.07690491304347825,0.0879046086956522,0.06590547826086957,0.08526090909090908,-0.030563181818181795,-0.05469663636363642,0.11582427272727273
2020,Switzerland,CHE,146,8592.988426182013,26106.34192738905,111.58738228034032,104.14092520193591,706241.81,0.2574120894293234,130.5792453996545,17883.253885983322,273557.21,299396.11,736521.0,1141632.0,-0.85,-0.525,173.0534423658934,4.82,154.7169931475854,0.42381,74884.74,92086.35,0.8806,1124874.2243209414,1097974.3813777429,858413.2398424989,266460.98447844246,831698.0625,5.1736787856259605,105.6157178420021,64.85944787304453,0.0,0.0,0.0,0.0,FLOAT,DEU,0.0,0.0399999991059303,0.0797750502824783,-0.0090361274778842,-0.0085,,,0.0432503223419189,0.0365247316658496,0.0350105166435241,0.0080000003799796,0.0317460335791111,,,,-0.005238,0.0320000015199184,,,-0.0087680639699101,0.321618,0.229608,0.448774,10.0,0.092011,0.237106,0.230693,0.122519,0.096396,0.640375,0.672911,0.114587,0.134297,0,1104113.300939456,1070820.3514600687,1063037.339631932,1064720.294111856,1031837.5130322912,995286.0,1072273.0,1063992.0,1031170.0,-0.49,0.0325,-0.0725,-1.0,-0.95,-1.0,165.879119535661,160.11865959460675,155.40603331730884,0.39793,0.39234,0.4120499999999999,131.53365988760393,131.06035352028297,129.8471808809685,38543.03255938109,44085.26198413066,43040.770415029736,26968.575907835817,26828.437275195964,26259.9504401359,0.32499999999999996,0.51,0.9824999999999999,0.9275,0.031091069042526395,0.03186817756114645,0.0077829532552876335,0.03597619387795749,0.005223510829287752,279160.91036621004,258557.09317619586,263086.32388025906,329663.4524335981,311765.3737373786,290059.8308830579,353068.95652173914,360836.5454545454,345197.2380952381,-2.3223913043478257,-1.9054545454545453,-2.101190476190476,-1.299945652173913,-1.309034090909091,-1.4213690476190477,48.6799376186551,45.13220211481244,42.568728319172266,-0.0725004347826087,-0.08138590909090909,-0.0655514285714286,4.230569665018265,3.949561918834519,2.9244636566073865,-9883.470410369708,-4790.489640636944,-6063.0997640539135,2651.866978902024,2632.2677543940845,2189.127002876594,-1.022445652173913,-0.5964204545454546,-0.6798214285714284,0.0033903288184427283,-0.00520521470479747,-0.03068773614870822,0.002726522079700186,-0.006151582423734104,-0.004586608695652167,-0.05078191304347825,0.05536860869565219,0.04619547826086956,-0.011208090909090918,-0.07921318181818181,0.09042136363636366,0.06800527272727273
2000,Germany,DEU,134,82157.0,18943.516375383148,97.27924202958008,98.03,4125.0214947,0.2375745264730727,125.8908948177662,-70.87662150479989,1052.84480313,1168.49303103,1103.36584786,2637.827921,4.112,5.263333333333333,121.34496191365132,7.9173,136.53880148488602,0.590658,571.9492,519.2885,2.101912950026867,4277.93,1868.2167,1798.3935083199997,2479.53,3151.878662109375,4.203848838806152,124.7293930053711,70.22653198242188,0.0,0.0,0.0,0.0,FLOAT,USA,0.0,-0.0991247966885566,0.0459990575909614,0.0685529261827468,0.0411200001835823,,,3.2964948331937194e-05,0.0459660924971103,0.0459645763039588,-0.1106850653886795,0.0129990633577108,,,,0.0526333339512348,0.0115602612495422,0.0155575647950172,0.005884401500225,0.0548364631831646,0.191787,0.086147,0.722066,15.0,0.10564,0.152114,0.162005,0.090236,0.080811,0.75765,0.757184,0.061878,0.081195,0,4095.84,3850.79,3614.15,1758.8564,1430.201,1335.676,2667.556537,2569.4,2460.48333333333,4.490833333333333,4.571666666666666,5.640833333333332,2.732,3.414,3.184,121.34081025136696,119.09861817368083,121.35141024017808,0.601394,0.5953470000000001,0.588666,124.14945354264016,123.312222160368,122.5945952612776,-61.11704936125759,-26.1429405460362,-20.64359883377388,18380.04362314571,18028.880735795392,17708.525215602687,1.1513333333333327,1.7588333333333326,1.1576666666666662,2.456833333333332,0.06363629281264369,0.22979665096024954,0.03820212384214207,0.018826348383121885,0.0194777974571157,-463.0844276991302,-660.6696382150003,-858.159666666666,-446.2029939769566,-740.6612367854545,-809.8308787257142,-1246.7768710144928,-1238.657774560606,-1244.2720663968284,1.5856549931884047,1.5229059246969694,2.4657679846031733,1.0456887101449277,1.6331972878787882,1.3011749365079366,-12.780277112802494,-11.993465948193077,-6.94510094010009,-0.06997256521739126,-0.07975213636363632,-0.08940380952380955,-19.91979732823951,-19.661817234028106,-19.286849412728472,-316.1303426249249,-269.82954208726875,-250.4994602648536,-2091.314730214872,-2317.0904987229733,-2509.1436752645786,0.5399662830434775,-0.11029136318181876,1.164593048095237,0.04322345914746509,0.19174787461402393,-0.005577205294319182,-0.004915002182184946,0.006901047594132046,-0.03808091304347824,-0.015685869565217392,0.05376678260869572,-0.022395130434782612,-0.03022913636363636,-0.025882363636363634,0.05611149999999998,-0.004345863636363634
2001,Germany,DEU,134,82295.0,19156.68989625507,98.37585554707196,99.75,4249.118908199999,0.2244737304682861,128.2829844814009,-15.59431454333154,1061.56976076,1248.34565827,1193.57850661,2803.877888,4.373,4.7975,121.34849524325504,7.7727,139.20806080961646,0.579365,479.1314,524.0001,2.219255645069784,4373.85,1919.3792,1839.97054246,2533.88,3288.3427734375,4.315913677215576,119.81515502929688,69.45466613769531,0.0,0.0,0.0,0.0,FLOAT,USA,0.0,-0.1791382282972335,0.0465408749878406,0.0562407933175563,0.0437299981713295,,,2.472289816068951e-05,0.0465161502361297,0.0465149991214275,-0.1946846842765808,0.0193048063665628,,,,0.0479749999940395,0.0155464559793472,0.002554019447416,-0.0092508178204298,0.0499853938817977,0.21667,0.089566,0.693764,10.0,0.127104,0.191787,0.152114,0.086147,0.090236,0.722066,0.75765,0.10564,0.061878,0,4277.93,4095.84,3850.79,1868.2167,1758.8564,1430.201,2637.827921,2667.556537,2569.4,5.263333333333333,4.490833333333333,4.571666666666666,4.112,2.732,3.414,121.34496191365132,121.34081025136696,119.09861817368083,0.590658,0.601394,0.5953470000000001,125.8908948177662,124.14945354264016,123.312222160368,-70.87662150479989,-61.11704936125759,-26.1429405460362,18943.516375383148,18380.04362314571,18028.880735795392,0.4245000000000001,1.1513333333333327,1.7588333333333326,1.1576666666666662,0.04445730301964924,0.062176934967516424,-0.011144512061001493,3.421488842671216e-05,0.030656769036601476,-280.99442769913003,-415.6196382150001,-621.5196666666661,-336.8426939769565,-412.0058367854547,-715.3058787257141,-1276.5054870144927,-1140.5012375606061,-1135.3553997301583,2.3581549931884047,1.4420725913636359,1.3966013179365073,2.425688710144928,0.9511972878787882,1.5311749365079366,-12.776125450518137,-9.75127387050695,-9.19789300659734,-0.08070856521739123,-0.0737051363636364,-0.0827228095238095,-18.178356053113475,-18.82458585175594,-18.56922251363808,-325.8899147684672,-304.8036509024901,-255.99880197711593,-1527.841977977434,-1965.9276113726555,-2188.788155071874,-0.06753371695652244,0.49087530348484765,-0.13457361857142902,0.024044469354470636,0.02412815862129082,-0.05492384119746274,-0.02370713567688012,0.01808001917361782,0.001592086956521771,-0.019774869565217387,0.018182782608695658,0.021366869565217383,-0.04012013636363637,-0.01645736363636363,0.05657750000000006,-0.023662863636363635
2002,Germany,DEU,134,82434.0,19140.37834615822,98.2919756768931,98.88,4299.1490396,0.2072892426548051,129.95744724594516,74.22970878925503,1014.1565299,1273.87510726,1332.4033200099998,2842.603322,3.278,4.782500000000001,117.98099657561474,8.4819,140.9227505745095,0.597035,486.0961,549.9774,1.865004291026986,4383.4,1973.2819,1885.14434797,2498.26,3323.119384765625,4.521613121032715,116.29386901855467,68.71734619140625,0.0,0.0,0.0,0.0,FLOAT,USA,0.0,-0.3994010686874389,0.0194118414074182,0.0901916995644569,0.0327799990773201,,,-0.0277466457337141,0.0471584871411323,0.0485043190419673,-0.4099192321300506,0.0178249552845954,,,,0.0478250011801719,0.0105181634426116,-0.0187086313962936,-0.0415087938308715,0.0614858493208885,0.176159,0.189678,0.634163,8.0,-0.01352,0.21667,0.191787,0.089566,0.086147,0.693764,0.722066,0.127104,0.10564,0,4373.85,4277.93,4095.84,1919.3792,1868.2167,1758.8564,2803.877888,2637.827921,2667.556537,4.7975,5.263333333333333,4.490833333333333,4.373,4.112,2.732,121.34849524325504,121.34496191365132,121.34081025136696,0.579365,0.590658,0.601394,128.2829844814009,125.8908948177662,124.14945354264016,-15.59431454333154,-70.87662150479989,-61.11704936125759,19156.68989625507,18943.516375383148,18380.04362314571,1.5045000000000006,0.4245000000000001,1.1513333333333327,1.7588333333333326,0.022422059266981945,0.02738574170758678,0.06294950693260173,2.9118057709234345e-05,0.011253112497579286,-185.07442769912996,-233.52963821499998,-376.46966666666594,-285.6801939769564,-302.6455367854546,-386.65047872571427,-1110.4555200144928,-1170.229853560606,-1037.1988627301585,1.8923216598550723,2.214572591363636,1.3157679846031738,2.686688710144928,2.331197287878788,0.8491749365079366,-12.77259212091441,-9.747122208222592,-6.955700928911213,-0.09200156521739122,-0.08444113636363637,-0.07667580952380959,-15.786266389478783,-17.083144576629905,-17.731991131365916,-270.60760780699883,-314.5632230460324,-290.97291079233736,-1314.668457105512,-1402.4548591352177,-1837.6252677215562,-0.794367050289855,-0.11662469651515228,0.4665930480952374,0.002009225601803343,-0.010663034638638824,0.019170177796140483,-0.023712232507597596,-0.001323637365404369,0.02647508695652176,-0.016355869565217382,-0.01011921739130428,0.04283086956521738,-0.0004471363636363579,-0.020546363636363627,0.0209935,0.02009913636363636
2003,Germany,DEU,134,82479.0,19087.572240241872,98.0506280749674,98.95,4325.454953099999,0.2013767546531145,131.37834850614416,55.61261497125925,1045.45763322,1299.55711099,1458.73429137,2937.265494,2.318,4.070833333333333,116.85374665437853,9.779,143.37988333038717,0.633089,472.4816,549.1012,1.5485589865399845,4384.18,2199.3132,1935.01801297,2449.16,3323.451904296875,4.549333572387695,112.79603576660156,67.82482147216797,0.0,0.0,0.0,0.0,FLOAT,USA,0.0,0.3757628500461578,0.0395192392170429,0.0408715344965457,0.0231800004839897,,,-0.0095523856580257,0.0490716248750686,0.0495448969304561,0.3397007286548614,0.026918064802885,,,,0.0407083332538604,0.0360621511936187,0.0844337195158004,0.0992487668991088,0.0320257693529129,0.262577,0.134362,0.603062,6.0,0.128215,0.176159,0.21667,0.189678,0.089566,0.634163,0.693764,-0.01352,0.127104,0,4383.4,4373.85,4277.93,1973.2819,1919.3792,1868.2167,2842.603322,2803.877888,2637.827921,4.782500000000001,4.7975,5.263333333333333,3.278,4.373,4.112,117.98099657561474,121.34849524325504,121.34496191365132,0.597035,0.579365,0.590658,129.95744724594516,128.2829844814009,125.8908948177662,74.22970878925503,-15.59431454333154,-70.87662150479989,19140.37834615822,19156.68989625507,18943.516375383148,1.7528333333333328,1.5045000000000006,0.4245000000000001,1.1513333333333327,0.002183431073310532,0.028083403217040108,0.01381138392857141,-0.027750642155799473,-0.0008514806151368323,-175.52442769913068,-137.6096382149999,-194.3796666666658,-231.77749397695652,-251.4830367854545,-277.2901787257142,-1071.7300860144928,-1004.1798865606061,-1066.9274787301583,1.8773216598550726,1.7487392580303034,2.0882679846031738,1.5916887101449275,2.592197287878788,2.2291749365079365,-16.140090788554716,-9.743588878618866,-6.951549266626856,-0.07433156521739126,-0.09573413636363637,-0.08741180952380956,-14.11180362493451,-14.691054912995213,-15.99054985623988,-180.78358447441224,-259.28091608456407,-300.7324829358796,-1330.9800072023609,-1189.2813382632958,-1274.1525154841183,0.2856329497101455,-0.8434580298484848,-0.14090695190476255,-0.01822940259186807,-0.009965373129185495,-0.02996794520788984,-0.0514919927211063,-0.013428230478120487,-0.014035913043478232,0.08375613043478262,-0.0697202173913043,-0.09779313043478262,0.02443586363636363,-0.01712736363636362,-0.00730849999999994,0.04156313636363636
2004,Germany,DEU,134,82462.0,19283.670487293424,99.24203099176567,99.11,4425.1044916,0.1918204268830481,133.6779440361183,183.08675605462915,1125.47846184,1430.77570152,1531.1938812099995,2963.669199,2.04833,4.036666666666667,114.60713791468775,10.7267,143.8394908962348,0.649877,457.3552,535.119,1.4358931062330225,4350.09,2205.6404,1980.3365499000008,2369.75,3321.032470703125,4.32387113571167,108.45059967041016,67.83305358886719,0.0,0.0,0.0,0.0,FLOAT,USA,0.0,0.0846646726131439,0.0307930838316679,0.0670132040977478,0.0204833000898361,,,-0.0192291233688592,0.0500222072005271,0.051002949476242,0.0627376437187194,0.0206325892359018,,,,0.040366668254137,0.0219270288944244,0.0411849319934845,0.0404268912971019,0.0437482520937919,0.219616,0.146535,0.633849,14.0,0.073081,0.262577,0.176159,0.134362,0.189678,0.603062,0.634163,0.128215,-0.01352,0,4384.18,4383.4,4373.85,2199.3132,1973.2819,1919.3792,2937.265494,2842.603322,2803.877888,4.070833333333333,4.782500000000001,4.7975,2.318,3.278,4.373,116.85374665437853,117.98099657561474,121.34849524325504,0.633089,0.597035,0.579365,131.37834850614416,129.95744724594516,128.2829844814009,55.61261497125925,74.22970878925503,-15.59431454333154,19087.572240241872,19140.37834615822,19156.68989625507,1.988336666666667,1.7528333333333328,1.5045000000000006,0.4245000000000001,0.00017794406168742413,0.11454587405884588,0.033301224714462736,-0.009554504148587625,-0.002758885167332512,-174.74442769913003,-128.05963821500063,-98.45966666666573,-5.74619397695642,-197.58033678545462,-226.12767872571408,-977.0679140144925,-965.4544525606061,-900.8775117301584,1.1656549931884048,1.7337392580303037,1.6224346512698413,0.6316887101449276,1.497197287878788,2.4901749365079366,-17.26734070979093,-13.11108754625917,-6.948015937023129,-0.03827756521739123,-0.0780641363636364,-0.09870480952380956,-12.690902364735507,-13.01659214845094,-13.598460192605188,-199.40067829240803,-169.4568927519775,-245.45017597441128,-1383.7861131187092,-1205.5928883601446,-1060.9789946121964,0.5339662830434777,0.23654197015151568,-0.8677402852380951,-0.020234889603491176,0.07649709771262028,-0.010478104421998514,-0.03329585471389446,-0.015335635030316166,0.07238208695652176,0.02844013043478262,-0.10082121739130434,0.04394186956521738,-0.01607513636363636,0.08298463636363639,-0.06690949999999996,-0.09906086363636364
2005,Germany,DEU,134,82415.0,19417.057021603057,100.0,99.03,4475.5453473,0.1909482983723561,136.2566166935165,220.6458601187648,1221.624130895,1526.3594606159998,1701.21027145,3112.312279,2.09,3.353333333333333,112.3598519534896,11.1667,144.35213010429558,0.6734650000000001,489.0416,550.5329,1.657904552004747,4354.91,2257.9958,2008.57091178,2346.33,3327.639404296875,4.38466739654541,104.71192932128906,67.78368377685547,0.0,0.0,0.0,0.0,FLOAT,USA,0.0,0.282017707824707,0.0319321528077125,0.0408163256943225,0.0208999998867511,,,-0.0196061320602893,0.0515382848680019,0.0525689572095871,0.2507081031799316,0.025033501908183,,,,0.0335333347320556,0.0313096046447753,0.0706529319286346,0.082300029695034,0.0308581627905368,0.149204,0.065019,0.785777,12.0,0.084185,0.219616,0.262577,0.146535,0.134362,0.633849,0.603062,0.073081,0.128215,0,4350.09,4384.18,4383.4,2205.6404,2199.3132,1973.2819,2963.669199,2937.265494,2842.603322,4.036666666666667,4.070833333333333,4.782500000000001,2.04833,2.318,3.278,114.60713791468775,116.85374665437853,117.98099657561474,0.649877,0.633089,0.597035,133.6779440361183,131.37834850614416,129.95744724594516,183.08675605462915,55.61261497125925,74.22970878925503,19283.670487293424,19087.572240241872,19140.37834615822,1.2633333333333332,1.988336666666667,1.7528333333333328,1.5045000000000006,-0.007775684392520413,0.002876898115284433,0.008989212944466543,-0.019225816920835463,0.010273608638301452,-208.83442769913017,-127.27963821499998,-88.90966666666645,0.5810060230437557,28.45096321454548,-172.2249787257142,-950.6642090144928,-870.7922805606058,-862.1520777301585,1.131488326521739,1.022072591363636,1.6074346512698416,0.3620187101449275,0.5371972878787881,1.3951749365079364,-19.5139494494817,-14.238337467495384,-10.315514604663434,-0.021489565217391204,-0.042010136363636374,-0.08103480952380959,-10.391306834761366,-11.595690888251937,-11.923997428060915,-71.92653720903812,-188.07398656997327,-155.62615264182472,-1187.6878660671573,-1258.3989942764929,-1077.2905447090452,0.769469616376812,0.48487530348484786,0.21225971476190542,-0.028188518057699015,-0.03517187823094117,-0.03479011619199471,-0.042967167486142294,-0.0023031412246822033,0.029421086956521764,0.04061313043478261,-0.07003421739130433,-0.011192130434782621,0.07034286363636363,0.02766863636363638,-0.0980105,0.04267413636363636
2006,Germany,DEU,134,82322.0,20040.620318052523,103.93361022545812,100.0,4664.8110164,0.1984649820098736,138.68857451821177,257.6367017998274,1412.328899709,1726.081974811,1797.6991886700002,3266.431683,2.83583,3.7625,112.35496418087114,10.2502,145.890047728478,0.6670470000000001,497.8526,553.0833,1.485064540622627,4385.43,2303.072,2030.28649227,2355.14,3472.525146484375,4.691741943359375,101.31134033203124,67.692626953125,0.0,0.0,0.0,0.0,FLOAT,USA,0.0,0.2408724278211593,0.0530705004930496,0.0026881722733378,0.0283582992851734,,,-4.449982225196436e-05,0.0531149990856647,0.0531173646450042,0.2132661938667297,0.0227536372840404,,,,0.0376249998807907,0.0276062190532684,0.0781885981559753,0.0959122627973556,0.0155232362449169,0.179576,0.070921,0.749502,12.0,0.108655,0.149204,0.219616,0.065019,0.146535,0.785777,0.633849,0.084185,0.073081,1,4354.91,4350.09,4384.18,2257.9958,2205.6404,2199.3132,3112.312279,2963.669199,2937.265494,3.353333333333333,4.036666666666667,4.070833333333333,2.09,2.04833,2.318,112.3598519534896,114.60713791468775,116.85374665437853,0.6734650000000001,0.649877,0.633089,136.2566166935165,133.6779440361183,131.37834850614416,220.6458601187648,183.08675605462915,55.61261497125925,19417.057021603057,19283.670487293424,19087.572240241872,0.9266700000000001,1.2633333333333332,1.988336666666667,1.7528333333333328,0.00110802305239655,0.023737051606417762,0.05015508480168953,-0.01960860381027064,0.006917071850897133,-204.01442769913047,-161.36963821500012,-88.1296666666658,52.93640602304367,34.77816321454566,53.80632127428589,-802.0211290144925,-844.3885755606061,-767.4899057301582,0.448154993188405,0.9879059246969701,0.8957679846031739,0.40368871014492735,0.267527287878788,0.4351749365079365,-21.76123541067986,-16.484946207186155,-11.442764525899648,0.002098434782608849,-0.02522213636363635,-0.04498080952380956,-7.812634177363179,-9.296095358277796,-10.503096167861912,-34.36743314490246,-60.599845486603385,-174.2432464598205,-1054.3013317575242,-1062.300747224941,-1130.0966506253935,0.044466283043478105,0.7203786368181821,0.4605930480952376,-0.019304810612782053,-0.014311724739807841,0.006375755665228279,-0.04334995437557747,-0.005659678012086522,-0.04099091304347824,-0.040902869565217395,0.08189378260869562,-8.81304347826184e-05,0.027381863636363635,0.03984163636363637,-0.06722349999999999,-0.012459863636363644
2007,Germany,DEU,134,82212.0,20546.93610742278,107.17035848847374,99.9,4888.694876500001,0.2014146846739173,141.8636748650762,313.2550451914068,1505.557643902,1885.49444154,1879.49004344,3616.916419,3.85917,4.216666666666667,113.5376579324722,8.6583,147.3926109245183,0.639942,543.8518,572.6631,1.3285986006385428,4476.81,2281.9119,2013.09083491,2463.72,3701.9658203125,4.6153178215026855,96.62252044677734,67.43142700195312,0.0,0.0,0.0,0.0,FLOAT,USA,0.0,0.2042311728000641,0.0643095597624778,0.0251379925757646,0.0385917015373706,,,0.0105291260406374,0.0537804365158081,0.0532200746238231,0.175582081079483,0.0243701227009296,,,,0.0421666651964187,0.028649078682065,0.0847330540418624,0.0987472757697105,0.0318648479878902,0.241957,0.080404,0.677639,10.0,0.161553,0.179576,0.149204,0.070921,0.065019,0.749502,0.785777,0.108655,0.084185,1,4385.43,4354.91,4350.09,2303.072,2257.9958,2205.6404,3266.431683,3112.312279,2963.669199,3.7625,3.353333333333333,4.036666666666667,2.83583,2.09,2.04833,112.35496418087114,112.3598519534896,114.60713791468775,0.6670470000000001,0.6734650000000001,0.649877,138.68857451821177,136.2566166935165,133.6779440361183,257.6367017998274,220.6458601187648,183.08675605462915,20040.620318052523,19417.057021603057,19283.670487293424,0.3574966666666666,0.9266700000000001,1.2633333333333332,1.988336666666667,0.007008181569768477,0.019962924643172484,0.049519260981587244,-4.3501059617657866e-05,0.03211420225813316,-173.49442769913003,-156.5496382150004,-122.21966666666594,98.01260602304365,87.13356321454557,60.13352127428607,-647.901725014493,-695.7454955606058,-741.0862007301585,0.8573216598550721,0.3045725913636361,0.8616013179365081,1.1495187101449276,0.30919728787878786,0.1655049365079364,-21.76612318329832,-18.732232168384314,-13.689373265590419,-0.004319565217391186,-0.001634136363636296,-0.028192809523809537,-5.380676352667905,-6.7174227008796095,-8.203500637887771,2.6234085361601274,-23.040741422467732,-46.7691053764506,-430.7380353080589,-928.9142129153079,-933.9984035738416,-0.292197050289855,-0.004624696515151738,0.6960963814285719,-0.013404652095410124,-0.01808585170305312,0.005739931845125994,-0.02378485162492449,0.019537452395149507,-0.010618913043478229,-0.03500086956521739,0.045618782608695674,0.024381869565217387,-0.04303013636363637,-0.041674363636363634,0.08470449999999996,-0.0013558636363636412
2008,Germany,DEU,134,82056.0,20801.43744384757,108.40499281157814,100.37,4980.5015367,0.2036000781860829,145.75799683747348,299.69195228249873,1575.870123568,1923.080017816,2007.7964031000004,3957.622005,3.81833,3.98416666666667,114.24432385321371,7.5245,150.71592716987803,0.655222,572.6416,595.781,1.4053531651936473,4610.92,2263.7031,2004.49496206,2606.42,3883.572265625,4.753914833068848,91.9026336669922,66.14948272705078,1.0,1.0,0.0,0.0,FLOAT,USA,0.0,-0.4257866144180298,0.0600625462830066,0.1014399155974388,0.0381833016872406,,,0.006218182388693,0.0538443624973297,0.0535116158425807,-0.4435808956623077,0.0319799445569515,,,,0.0398416668176651,0.0177942514419555,0.0067067216150462,-0.0120556652545928,0.06981161236763,0.17559,0.143446,0.680964,14.0,0.032144,0.241957,0.179576,0.080404,0.070921,0.677639,0.749502,0.161553,0.108655,1,4476.81,4385.43,4354.91,2281.9119,2303.072,2257.9958,3616.916419,3266.431683,3112.312279,4.216666666666667,3.7625,3.353333333333333,3.85917,2.83583,2.09,113.5376579324722,112.35496418087114,112.3598519534896,0.639942,0.6670470000000001,0.6734650000000001,141.8636748650762,138.68857451821177,136.2566166935165,313.2550451914068,257.6367017998274,220.6458601187648,20546.93610742278,20040.620318052523,19417.057021603057,0.16583666666666996,0.3574966666666666,0.9266700000000001,1.2633333333333332,0.020837181302631694,-0.00918777181086829,0.1072989641338843,0.01052640406432903,0.025264476914128833,-82.11442769912992,-126.02963821499998,-117.39966666666623,76.85250602304359,132.20976321454555,112.48892127428599,-297.41698901449263,-541.6260915606063,-592.4431207301582,1.3114883265217387,0.7137392580303032,0.17826798460317406,2.1728587101449275,1.055027287878788,0.20717493650793628,-20.583429431697255,-18.737119941002774,-15.936659226788578,-0.03142456521739123,-0.00805213636363633,-0.004604809523809483,-2.205576005803465,-4.285464876184335,-5.624827980489584,58.24175192773953,13.950100258594858,-9.210001312314944,75.57775406220026,-305.3509164658426,-800.6118692642085,-0.8613703836231885,-0.34128802984848483,-0.028906951904762,0.0004243476374530923,-0.0472365481570939,0.06351963499742305,-0.013214946500977801,0.012687727051145178,0.05176208695652176,-0.025517869565217385,-0.026244217391304336,0.07727986956521739,-0.012658136363636358,-0.03577236363636363,0.048429500000000014,0.023114136363636364
2009,Germany,DEU,134,81770.50477935714,19789.8454371839,102.49195886061952,100.4,4783.432105899999,0.1918919689013717,146.1168102870187,273.0727148145284,1298.951390439,1570.553982045,2355.7698533800003,3887.994457,0.625833,3.2225,114.83318267608496,7.7416,151.26392080608093,0.729901,552.6374,620.1468,1.3576495904484234,4611.05,2259.1089,2015.38111184,2595.67,3793.7666015625,5.044615745544434,88.9836196899414,62.845703125,0.0,0.0,0.0,0.0,FLOAT,USA,0.0,0.254040002822876,0.059235967695713,0.0492471829056739,0.0062583298422396,,,0.0051556318067014,0.0540803372859954,0.0538029484450817,0.202718436717987,0.0426713041961193,,,,0.0322250016033649,0.0513215661048889,0.0755668804049491,0.0901338383555412,0.0277527570724487,0.173648,0.076931,0.749421,12.0,0.096718,0.17559,0.241957,0.143446,0.080404,0.680964,0.677639,0.032144,0.161553,0,4610.92,4476.81,4385.43,2263.7031,2281.9119,2303.072,3957.622005,3616.916419,3266.431683,3.98416666666667,4.216666666666667,3.7625,3.81833,3.85917,2.83583,114.24432385321371,113.5376579324722,112.35496418087114,0.655222,0.639942,0.6670470000000001,145.75799683747348,141.8636748650762,138.68857451821177,299.69195228249873,313.2550451914068,257.6367017998274,20801.43744384757,20546.93610742278,20040.620318052523,2.596667,0.16583666666666996,0.3574966666666666,0.9266700000000001,0.029956598560135377,-0.007979624454388394,0.09419780457470395,0.006224066390041371,0.012386339992211719,51.99557230086975,-34.64963821499987,-86.8796666666658,58.643706023043705,111.04966321454549,157.56512127428596,43.28859698550741,-191.14135556060592,-438.3237167301586,1.078988326521742,1.1679059246969699,0.5874346512698412,2.1320187101449273,2.0783672878787884,0.9530049365079365,-19.87676351095574,-17.55442618940171,-15.941546999407038,-0.01614456521739127,-0.035157136363636377,-0.011022809523809518,1.6887459665938138,-1.1103645293198952,-3.19287015579431,44.67865901883147,69.56844365017426,27.780840368747647,330.07909048699,200.96487290441655,-177.04857281474324,-1.0530303836231851,-0.9104613631818184,-0.3655702852380951,0.009543764894956775,-0.046028400800613996,0.050418475438242696,-0.01751728417526546,-0.00019040987077193622,-0.014604913043478246,0.0375241304347826,-0.022919217391304314,-0.052129130434782615,0.049722863636363634,-0.026289363636363625,-0.023433499999999996,0.07601213636363637
2010,Germany,DEU,134,81569.3373285127,20661.4454356808,106.93970693999252,100.9273600862678,5015.530452,0.1943555576226909,147.7514048905024,287.1359427412455,1556.186650448,1857.313864985,2559.27200905,3887.798874,0.383333,2.74333333333333,117.77765345692136,6.9664,155.15290790171466,0.8238160000000001,564.64420934,651.41265146,1.4637254901960783,4601.88,2256.5525,2025.6061910800004,2576.27,3690.592529296875,4.55906867980957,86.23844909667969,65.77339935302734,0.0,0.0,0.0,0.0,FLOAT,USA,0.0,0.1845751404762268,0.0800661295652389,0.0400670915842056,0.0038333300035446,,,0.025645937770605,0.0544201917946338,0.0530594326555728,0.1510989069938659,0.0290819779038429,,,,0.0274333339184522,0.0334762334823608,0.0791653990745544,0.0986094325780868,0.0219502113759517,0.234662,0.099017,0.666321,14.0,0.135645,0.173648,0.17559,0.076931,0.143446,0.749421,0.680964,0.096718,0.032144,0,4611.05,4610.92,4476.81,2259.1089,2263.7031,2281.9119,3887.994457,3957.622005,3616.916419,3.2225,3.98416666666667,4.216666666666667,0.625833,3.81833,3.85917,114.83318267608496,114.24432385321371,113.5376579324722,0.729901,0.655222,0.639942,146.1168102870187,145.75799683747348,141.8636748650762,273.0727148145284,299.69195228249873,313.2550451914068,19789.8454371839,20801.43744384757,20546.93610742278,2.36000033333333,2.596667,0.16583666666666996,0.3574966666666666,2.819393960426751e-05,-0.002029506431298345,-0.01759327897207818,0.005154381443298991,-0.048630870313381626,52.12557230086986,99.4603617849998,4.500333333334311,54.049506023043705,92.8408632145456,136.4050212742859,-26.338951014492977,149.56423043939412,-87.83898073015826,0.3173216598550721,0.935405924696973,1.0416013179365078,-1.0604782898550726,2.0375272878787882,1.9763449365079366,-19.287904688084495,-16.847760268660195,-14.758853247805973,0.05853443478260878,-0.019877136363636416,-0.038127809523809564,2.0475594161390234,2.7839574430773837,-0.017769808929870123,18.059421550861146,56.0053507412662,83.39918376032705,-681.5129161766818,455.4662093292063,329.2672165555159,1.377799949710145,-1.102121363181815,-0.9347436185714286,-0.020384639725574333,-0.04007828277752395,-0.06137260810853943,-0.01858696912200784,-0.06120762017636528,-0.016546913043478245,-0.02899086956521739,0.045537782608695676,0.012444869565217384,-0.016644136363636375,0.03675263636363636,-0.020108499999999974,-0.05339686363636364
2011,Germany,DEU,134,81560.19335347431,21432.681417956832,113.21667818360504,104.71665647398324,5268.145454799999,0.2026624789132558,151.4192757080756,350.64316172051184,1763.1545368779998,2071.023106259,2713.02176118,4117.608899,0.8091670000000001,2.60666666666667,124.13764674359513,5.8244,159.78433798833302,0.79801,600.7214495200001,635.35528716,1.5115774016539143,4724.657,2283.0735,2049.06246027,2675.59,3697.8662109375,4.658324241638184,85.58490753173828,65.03392791748047,0.0,0.0,0.0,0.0,FLOAT,USA,0.0,-0.1481596529483795,0.1077112853527069,0.082908846437931,0.008091670460999,,,0.0539998970925807,0.0537113919854164,0.0509595796465873,-0.1738988906145095,0.0311574880033731,,,,0.0260666664689779,0.0257392358034849,0.0634275823831558,0.0695555657148361,0.0455002598464489,0.217624,0.107277,0.675099,23.0,0.110348,0.234662,0.173648,0.099017,0.076931,0.666321,0.749421,0.135645,0.096718,0,4601.88,4611.05,4610.92,2256.5525,2259.1089,2263.7031,3887.798874,3887.994457,3957.622005,2.74333333333333,3.2225,3.98416666666667,0.383333,0.625833,3.81833,117.77765345692136,114.83318267608496,114.24432385321371,0.8238160000000001,0.729901,0.655222,147.7514048905024,146.1168102870187,145.75799683747348,287.1359427412455,273.0727148145284,299.69195228249873,20661.4454356808,19789.8454371839,20801.43744384757,1.79749966666667,2.36000033333333,2.596667,0.16583666666666996,-0.0019887010550742397,-0.001131596622013394,-5.030434126457783e-05,0.025641288625971436,0.04404278958436006,42.95557230086979,99.59036178499991,138.61033333333398,51.49310602304331,88.2466632145456,118.19622127428602,-26.534534014492692,79.93668243939373,252.86660526984178,-0.16184500681159797,0.1737392580303032,0.809101317936511,-1.3029782898550726,-1.1549697121212121,1.9355049365079364,-16.343433907248098,-16.25890144578895,-14.052187327064459,0.15244943478260886,0.054801863636363635,-0.022847809523809604,3.682154019622743,3.1427708926225932,3.8765521634674087,32.12264947757825,29.386113273295877,69.83609085141899,190.08708232021672,-556.1257973344655,583.7685529803057,1.141133283043475,1.3287089701515151,-1.1264036185714252,-0.02240153472025284,-0.039180372968238994,-0.04382963347772583,0.0018999380606646056,0.031466039721376404,0.04446708695652177,-0.006904869565217395,-0.037562217391304276,0.05137186956521737,-0.018586136363636374,-0.02976236363636363,0.048348500000000016,0.011177136363636361
2012,Germany,DEU,134,81713.60893467386,21483.78039850607,113.47725867112727,106.08861039479348,5369.3596573,0.2011217216651077,154.6757071035036,372.8821478429012,1758.012073059,2132.890898734,3100.00619664,4411.570148,0.255,1.49513,135.97092462328325,5.3794,163.99151493724585,0.811354,656.09295265,699.21509249,1.482363195391845,4764.223,2289.4065,2069.8,2694.42,3793.7998046875,5.005053997039795,85.53599548339844,63.944618225097656,0.0,0.0,0.0,0.0,FLOAT,USA,0.0,0.2926276624202728,0.1484805345535278,0.046400036662817,0.0025500000920146,,,0.0953213348984718,0.0531592033803463,0.0485329739749431,0.2476362437009811,0.0360613279044628,,,,0.0149499997496604,0.0449914187192916,0.1363033950328827,0.1736976504325866,0.0244750175625085,0.182342,0.114107,0.703551,29.0,0.068235,0.217624,0.234662,0.107277,0.099017,0.675099,0.666321,0.110348,0.135645,0,4724.657,4601.88,4611.05,2283.0735,2256.5525,2259.1089,4117.608899,3887.798874,3887.994457,2.60666666666667,2.74333333333333,3.2225,0.8091670000000001,0.383333,0.625833,124.13764674359513,117.77765345692136,114.83318267608496,0.79801,0.8238160000000001,0.729901,151.4192757080756,147.7514048905024,146.1168102870187,350.64316172051184,287.1359427412455,273.0727148145284,21432.681417956832,20661.4454356808,19789.8454371839,1.2401300000000002,1.79749966666667,2.36000033333333,2.596667,0.026679748276791232,0.011752884100857475,0.05911057450447725,0.054000000000000145,0.037327300487126895,165.73257230086983,90.42036178499984,138.7403333333341,78.0141060230435,85.69026321454521,113.60202127428602,203.27549098550708,79.74109943939402,183.2390572698414,-0.298511673478258,-0.30542740863636686,0.047434651269841144,-0.8771442898550724,-1.397469712121212,-1.2569920634920635,-9.983440620574328,-13.314430664952553,-13.463328504193214,0.12664343478260875,0.14871686363636372,0.05183119047619045,7.350024837195917,4.777365496106313,4.235365613012618,95.62986845684458,43.44934120001298,43.216853383448665,961.3230645962503,315.474201162433,-427.8234536833661,0.578632616376815,1.0920423034848452,1.3044267147619049,0.0062669146116126305,-0.02629589224536813,0.015331245368016,0.030258649434693315,0.02475055062414324,0.02742908695652177,0.0013551304347826088,-0.028784217391304323,0.026074869565217387,0.04242786363636364,-0.007676363636363634,-0.034751499999999935,0.05010413636363635
2013,Germany,DEU,134,81937.12832450101,21517.887790133365,113.66321456563762,106.18230592080108,5498.5226705000005,0.1969938858695652,157.14753308925944,348.0004779910781,1739.5459085309997,2128.081708347,3277.53101825,4526.572952,0.0891666666666666,1.571408,144.4385435087557,5.2306,167.17341347003708,0.787169,655.63724426,680.8576721100001,1.4181930244362266,4604.073,2306.95,2098.48,2505.59,4012.821533203125,5.753893852233887,83.76699829101562,60.787864685058594,0.0,0.0,0.0,0.0,FLOAT,USA,0.0,0.2674599885940552,0.1113569140434265,-0.0048566716723144,0.0008916666847653,,,0.0622746273875236,0.0490822903811931,0.0462048985064029,0.227613627910614,0.0324584022164344,,,,0.0156999994069337,0.0398463755846023,0.1087262108922004,0.1433668434619903,-0.001982502406463,0.18738,0.105353,0.707267,49.0,0.082027,0.182342,0.217624,0.114107,0.107277,0.703551,0.675099,0.068235,0.110348,0,4764.223,4724.657,4601.88,2289.4065,2283.0735,2256.5525,4411.570148,4117.608899,3887.798874,1.49513,2.60666666666667,2.74333333333333,0.255,0.8091670000000001,0.383333,135.97092462328325,124.13764674359513,117.77765345692136,0.811354,0.79801,0.8238160000000001,154.6757071035036,151.4192757080756,147.7514048905024,372.8821478429012,350.64316172051184,287.1359427412455,21483.78039850607,21432.681417956832,20661.4454356808,1.4822413333333333,1.2401300000000002,1.79749966666667,2.36000033333333,0.008374364530589163,0.002773892299131011,0.07139125065311357,0.09532384566729885,0.002384161811243416,205.29857230086964,213.19736178499988,129.57033333333402,84.34710602304358,112.2112632145454,111.04562127428562,497.23673998550703,309.5511244393938,183.04347426984168,-1.410048340144928,-0.4420940753030269,-0.4317320153968289,-1.4313112898550724,-0.9716357121212119,-1.4994920634920637,1.849837259113798,-6.954437378278783,-10.518857723356817,0.13998743478260878,0.12291086363636361,0.14574619047619053,10.606456232623941,8.445236313679487,5.869960216496338,117.86885457923393,106.95656017927931,57.28008131016577,1012.4220451454894,1086.7101834384666,443.7765448135324,0.021262949710145085,0.5295416368181851,1.067760048095235,-0.012038469134589438,-0.03527488404709459,0.027611921516652316,0.07158249510199202,-0.01019258805174024,-0.007852913043478238,0.008185130434782611,-0.0003322173913042903,-0.01603813043478261,0.02538986363636364,0.0005836363636363695,-0.025973499999999983,0.024807136363636365
2014,Germany,DEU,134,82278.50339260067,21903.314593546904,115.69135476624218,106.8515719801027,5725.5554169,0.2000208015768277,158.35633573261617,448.9032025650593,1777.017264335,2200.375639386,3497.55798159,4747.190576,0.0966666666666666,1.163472,148.96199681518544,4.9806,171.99929291143712,0.756694,682.4418944099999,675.47718378,1.6109299069269414,4664.23,2397.22562606,2138.03316697,2526.19696792,4037.20263671875,5.915974140167236,82.93114471435547,61.0811882019043,0.0,0.0,0.0,0.0,FLOAT,USA,0.0,0.0309445112943649,0.09792460501194,0.0710037648677825,0.0009666666737757,,,0.051090870052576,0.0468337312340736,0.044557262212038,0.003986882045865,0.0268505793064832,,,,0.0116333337500691,0.0269576292484998,0.0727094113826751,0.0840694159269332,0.0359852164983749,0.20818,0.115324,0.676495,44.0,0.092856,0.18738,0.182342,0.105353,0.114107,0.707267,0.703551,0.082027,0.068235,0,4604.073,4764.223,4724.657,2306.95,2289.4065,2283.0735,4526.572952,4411.570148,4117.608899,1.571408,1.49513,2.60666666666667,0.0891666666666666,0.255,0.8091670000000001,144.4385435087557,135.97092462328325,124.13764674359513,0.787169,0.811354,0.79801,157.14753308925944,154.6757071035036,151.4192757080756,348.0004779910781,372.8821478429012,350.64316172051184,21517.887790133365,21483.78039850607,21432.681417956832,1.0668053333333334,1.4822413333333333,1.2401300000000002,1.79749966666667,-0.033615135143757885,0.00766290302748759,0.026068451853165604,0.062275217359391934,0.0015875879847322477,45.14857230087,252.7633617849997,252.34733333333406,101.89060602304335,118.54426321454548,137.5666212742858,612.2395439855077,603.5123734393937,412.85349926984145,-1.3337703401449281,-1.5536307419696969,-0.568398682063489,-1.5971446231884059,-1.5258027121212119,-1.0736580634920636,10.31745614458626,4.878840501409343,-4.1588644366830465,0.11580243478260877,0.13625486363636363,0.11994019047619042,13.07828221837977,11.701667709107511,9.537831034069512,92.98718472741086,129.19554630166866,120.7873002894321,1046.5294367727838,1137.8091639877057,1215.012527089566,0.2633742830434782,-0.02782802984848476,0.5052593814285748,-0.05402796880893648,-0.030385873318738012,-0.017710877283295647,0.0385338667940851,-0.010989161878251406,-0.002814913043478251,-0.0005688695652173864,0.0033837826086956513,-0.0022461304347826117,-0.009892136363636367,0.007413636363636372,0.00247850000000005,-0.017305863636363633
2015,Germany,DEU,134,82993.76544004754,22037.585410165317,116.4052924692794,107.98220942679224,5918.6936294,0.2001982697658434,159.43277608125177,518.4999282385141,1853.396924244,2338.824933426,3939.12572069,5186.469994,-0.1075,0.4951937,155.98114849757638,4.6242,176.77214071062397,0.72207,708.5620040599999,667.4973973799999,1.7964820428033434,4772.176,2451.2515181500003,2201.88123732,2570.29506693,4159.5888671875,6.214084075824957,82.16059665367236,58.92035459681261,0.0,0.0,0.0,0.0,FLOAT,USA,0.0,0.1132978498935699,0.0968135148286819,0.0051290746778249,-0.0010750000365078,,,0.0517369471490383,0.0450765676796436,0.0428591668605804,0.0862742587924003,0.0248773265630006,,,,0.0049583334475755,0.0270235985517501,0.0780294463038444,0.1004225686192512,0.0020270373206585,0.192,0.115726,0.692274,43.0,0.076274,0.20818,0.18738,0.115324,0.105353,0.676495,0.707267,0.092856,0.082027,0,4664.23,4604.073,4764.223,2397.22562606,2306.95,2289.4065,4747.190576,4526.572952,4411.570148,1.163472,1.571408,1.49513,0.0966666666666666,0.0891666666666666,0.255,148.96199681518544,144.4385435087557,135.97092462328325,0.756694,0.787169,0.811354,158.35633573261617,157.14753308925944,154.6757071035036,448.9032025650593,348.0004779910781,372.8821478429012,21903.314593546904,21517.887790133365,21483.78039850607,0.6026937,1.0668053333333334,1.4822413333333333,1.2401300000000002,0.013066039569746014,0.039132025427512686,0.04873833390943646,0.031317494600432066,0.017911925518557116,105.30557230086924,92.61336178500005,291.91333333333387,192.16623208304372,136.08776321454525,143.8996212742859,832.8571679855072,718.5151774393944,706.8147482698414,-1.741706340144928,-1.477352741969697,-1.679935348730159,-1.5896446231884058,-1.6916360454545454,-1.6278250634920637,14.840909451015989,13.346459386881804,7.674413443005079,0.08532743478260874,0.11206986363636362,0.13328419047619045,14.287084861736503,14.173493694863339,12.794262429497536,193.88990930139204,104.3138764498456,143.02628641182145,1431.9562401863222,1171.916555615,1266.111507638805,-0.1520617169565217,0.21428330348484836,-0.05211028523809502,-0.007346794095432587,0.0010832490812870826,0.004959004772975208,0.007576144035125236,0.005335175655573461,0.017985086956521762,0.009402130434782607,-0.02738821739130437,0.00858286956521738,-0.00485413636363638,-0.0013403636363636257,0.006194499999999992,-0.0035138636363636344
2016,Germany,DEU,134,83666.35560398198,22347.948539301786,118.04439782649118,109.7276485977502,6131.0185342,0.2029830225154239,160.03079849716042,547.5042360550319,1865.393594298,2357.731159704,4250.059662430001,5480.626826,-0.32,0.09149919,167.72226885066104,4.1218,180.8202227328973,0.6927679999999999,719.05112035,709.28370533,1.8554501470448723,4913.002,2463.83924003,2277.53860921,2635.46332253,4327.10205078125,6.248506145714933,81.90734932518775,58.254928829204935,0.0,0.0,0.0,0.0,FLOAT,USA,0.0,0.0568000003695488,0.1185994893312454,0.0406448766589164,-0.002637,,,0.0752688646316528,0.0433306209743022,0.0402974747121334,0.0287999995052814,0.0272161737084388,,,,0.000915,0.0279999990016222,0.0823944509029388,0.1031231358647346,0.019003938883543,0.178449,0.146539,0.675012,44.0,0.031911,0.192,0.20818,0.115726,0.115324,0.692274,0.676495,0.076274,0.092856,0,4772.176,4664.23,4604.073,2451.2515181500003,2397.22562606,2306.95,5186.469994,4747.190576,4526.572952,0.4951937,1.163472,1.571408,-0.1075,0.0966666666666666,0.0891666666666666,155.98114849757638,148.96199681518544,144.4385435087557,0.72207,0.756694,0.787169,159.43277608125177,158.35633573261617,157.14753308925944,518.4999282385141,448.9032025650593,348.0004779910781,22037.585410165317,21903.314593546904,21517.887790133365,0.41149919,0.6026937,1.0668053333333334,1.4822413333333333,0.02314336985954827,0.0225368407139862,0.09253460777851023,0.04712041884816757,0.006130159709159793,213.25157230087007,152.7703617849993,131.76333333333423,246.1921241730438,226.36338927454563,161.44312127428566,1272.1365859855073,939.1328014393939,821.817552269842,-2.409984640144928,-1.8852887419696969,-1.603657348730159,-1.7938112898550724,-1.6841360454545453,-1.793658396825397,21.86006113340693,17.869912693311534,16.14203232847754,0.05070343478260875,0.08159486363636359,0.10909919047619043,15.363525210372103,15.382296338220073,15.266088415253364,263.4866349748469,205.21660102382677,118.14461655999838,1566.2270568047352,1557.3433590285385,1300.2188992660995,-0.6161733502898551,-0.20115269651515155,0.1900010480952381,0.0027305361943696684,-0.015511935632239404,0.04875527864204898,0.023379068282860738,-0.006446590153823862,0.001805086956521762,0.009804130434782607,-0.011609217391304383,-0.00799913043478262,0.015945863636363633,0.008630636363636368,-0.02457750000000003,0.007315136363636357
2017,Germany,DEU,134,83979.28274973998,22861.229874936176,120.75612068377905,110.86569498916018,6390.0095428,0.2041148887718997,162.76894379880093,470.54716366536223,2013.825249075,2507.269618678,4532.43848617,5718.064587999999,-0.355,0.3163361,177.98039472691866,3.7455,185.557716103942,0.6465770000000001,795.53580833,735.66198454,1.630809638956059,5104.912,2550.989069,2360.657,2744.255073,4496.83251953125,6.590694222301538,82.6475241938063,56.40418147518367,0.0,0.0,0.0,0.0,FLOAT,USA,0.0,0.1638000011444091,0.1020183339715004,0.0113844694569706,-0.003291,,,0.0611628293991088,0.0408555045723915,0.0385006926953792,0.135900005698204,0.024562019854784,,,,0.003163,0.0278999991714954,0.0930601730942726,0.1192497909069061,0.0040467348881065,0.168616,0.109668,0.721716,58.0,0.058948,0.178449,0.192,0.146539,0.115726,0.675012,0.692274,0.031911,0.076274,0,4913.002,4772.176,4664.23,2463.83924003,2451.2515181500003,2397.22562606,5480.626826,5186.469994,4747.190576,0.09149919,0.4951937,1.163472,-0.32,-0.1075,0.0966666666666666,167.72226885066104,155.98114849757638,148.96199681518544,0.6927679999999999,0.72207,0.756694,160.03079849716042,159.43277608125177,158.35633573261617,547.5042360550319,518.4999282385141,448.9032025650593,22347.948539301786,22037.585410165317,21903.314593546904,0.6713361,0.41149919,0.6026937,1.0668053333333334,0.029509808523407354,0.005135222471784463,0.056716192774718996,0.07527268818172014,0.014083354567207136,354.0775723008701,260.7163617850001,191.92033333333347,258.77984605304346,280.3892813645457,251.71874733428604,1566.293417985507,1378.412219439394,1042.4351762698416,-2.813679150144928,-2.5535670419696967,-2.011593348730159,-2.0063112898550726,-1.888302712121212,-1.786158396825397,33.60118148649158,24.889064375702475,20.66548563490727,0.021401434782608697,0.0469708636363636,0.0786241904761904,15.961547626280748,16.458736686855673,16.474891058610098,292.49094279136466,274.8133266972816,219.04734113397956,1876.5901859412043,1691.6141756469515,1685.645702679638,-0.8073678602898551,-0.6652643298484849,-0.22543495190476182,0.009096974858228753,-0.03291355387444114,0.012936863638257745,0.05153133761641331,0.0015066047042234815,-0.011745913043478245,0.040617130434782614,-0.028871217391304382,-0.05236213043478261,-0.00023413636363636692,0.009032636363636368,-0.008798500000000042,-0.009266863636363643
2018,Germany,DEU,134,84232.26605913528,23040.320451191405,121.70126693461734,112.11828897383118,6586.9616238,0.2105719952729626,165.91852852258663,534.1321438544414,2126.830759479,2583.127854309,4851.13316135,5977.407646,-0.361666666666667,0.396364,189.799115895384,3.3835,191.0022980378292,0.612715,779.28286103,754.94646834,1.7081484716157205,5333.60904073,2703.32475604,2431.9768135,2901.63222723,4776.34619140625,6.790594802390795,83.7050497175332,55.32465306346334,0.0,0.0,0.0,0.0,FLOAT,USA,0.0,-0.168500006198883,0.1055053025484085,0.0253237299621105,-0.003221,,,0.0664036273956298,0.0391016788780689,0.0366668663918972,-0.1904000043869018,0.027050394564867,,,,0.003964,0.0219000000506639,0.0386222079396247,0.0468208193778991,0.0110513651743531,0.187004,0.103833,0.709163,46.0,0.08317,0.168616,0.178449,0.109668,0.146539,0.721716,0.675012,0.058948,0.031911,0,5104.912,4913.002,4772.176,2550.989069,2463.83924003,2451.2515181500003,5718.064587999999,5480.626826,5186.469994,0.3163361,0.09149919,0.4951937,-0.355,-0.32,-0.1075,177.98039472691866,167.72226885066104,155.98114849757638,0.6465770000000001,0.6927679999999999,0.72207,162.76894379880093,160.03079849716042,159.43277608125177,470.54716366536223,547.5042360550319,518.4999282385141,22861.229874936176,22347.948539301786,22037.585410165317,0.758030666666667,0.6713361,0.41149919,0.6026937,0.039061657210805095,0.03537155653424009,0.04332310327599735,0.06116138272247795,0.022967716017947604,545.9875723008699,401.54236178500014,299.8663333333343,345.9296750230437,292.97700324454536,305.7446394242861,1803.7311799855065,1672.5690514393937,1481.7145942698417,-2.588842240144928,-2.957261551969697,-2.679871648730159,-2.0413112898550727,-2.100802712121212,-1.9903250634920635,43.859307362749206,36.63018472878713,27.68463731729821,-0.024789565217391174,0.017668863636363552,0.044000190476190415,18.699692927921262,17.056759102764318,17.551331407245698,215.53387040169497,303.81763451379936,288.6440668074344,2389.8715215755947,2001.9773047834205,1819.9165192980508,-0.5475309502898551,-0.8564588398484849,-0.6895465852380952,0.018648823545626494,-0.002677219811985515,-0.0004562258604638991,0.03742003215717112,0.01039096615496395,-0.021578913043478254,0.003746130434782613,0.017832782608695696,-0.025325130434782614,-0.013785136363636374,0.039845636363636375,-0.026060500000000042,-0.053629863636363635
2019,Germany,DEU,134,84422.25754048835,23229.87496788937,122.70878889311852,113.6172759647393,6793.2821305,0.2136893776901262,168.16390335351838,504.2005111572316,2155.624488739,2602.063418037,5179.673484749999,6252.397344,-0.3925,-0.2536345,200.75915869467175,3.14,197.4368039596959,0.5892499999999999,805.40101485,776.47037749,1.7409916325440622,5603.14979635,2957.39685219,2550.99102483,3052.15877152,4993.5322265625,6.609986769187221,85.21191401370127,56.930380160342864,0.0,0.0,0.0,0.0,FLOAT,USA,0.0,0.2276999950408935,0.0949440002441406,0.0585341416299343,-0.003563,,,0.057748794555664,0.0371952056884765,0.0351644977927207,0.1916999965906143,0.030208945274353,,,,-0.002536,0.0359999984502792,0.106398120522499,0.1275862902402877,0.0274855699390172,0.145332,0.088949,0.765719,32.0,0.056383,0.187004,0.168616,0.103833,0.109668,0.709163,0.721716,0.08317,0.058948,0,5333.60904073,5104.912,4913.002,2703.32475604,2550.989069,2463.83924003,5977.407646,5718.064587999999,5480.626826,0.396364,0.3163361,0.09149919,-0.361666666666667,-0.355,-0.32,189.799115895384,177.98039472691866,167.72226885066104,0.612715,0.6465770000000001,0.6927679999999999,165.91852852258663,162.76894379880093,160.03079849716042,534.1321438544414,470.54716366536223,547.5042360550319,23040.320451191405,22861.229874936176,22347.948539301786,0.13886550000000003,0.758030666666667,0.6713361,0.41149919,0.04479940902605169,0.05971632293184075,0.045355041729374816,0.06640462387219226,0.007833811970526294,774.6846130308695,593.452361785,440.6923333333343,498.26536206304354,380.12683221454563,318.33236130428577,2063.074237985507,1910.0068134393932,1775.8714262698413,-2.508814340144928,-2.732424641969697,-3.083566158730159,-2.0479779565217395,-2.1358027121212118,-2.2028250634920634,55.67802853121455,46.88831060504475,39.425757670382865,-0.05865156521739123,-0.02852213636363632,0.014698190476190365,21.849277651706956,19.794904404404832,18.149353823154343,279.1188505907742,226.8605621241297,317.6483746239522,2568.962097830823,2515.258640417811,2130.27964843452,-0.46083638362318813,-0.5966219298484849,-0.8807410952380952,0.024386575360873085,0.02166754658561515,0.0015757125929135654,0.04266327330688543,-0.004742937892457361,-0.0031909130434782385,-0.002088869565217394,0.00527978260869566,-0.0011031304347826204,-0.023618136363636383,0.0029746363636363737,0.020643500000000037,-0.026592863636363637
2020,Germany,DEU,134,84491.34535188948,22152.35037955646,116.89387833353928,106.77176817122792,6586.3748748,0.2185169677748874,168.78903611894825,428.87630657820006,2003.876528614,2361.29116147,5815.85022051,6763.651306,-0.460833333333333,-0.511024,216.32221668807463,3.81,198.1438925225384,0.687242,746.79652473,1000.82363679,1.5938635808002606,5853.85199741,3132.90912473,2678.7438846,3175.10811281,5220.21044921875,6.091804185581244,83.30632095272847,57.50032677979655,0.0,0.0,0.0,0.0,FLOAT,USA,0.0,0.0759000033140182,0.1131850779056549,0.0320801883935928,-0.004252,,,0.0775210857391357,0.0356639921665191,0.0330981835722923,0.050000000745058,0.0246666669845581,,,,-0.00511,0.0258999988436698,0.0834122598171234,0.1037548929452896,0.0139140943065285,0.238483,0.083233,0.678284,21.0,0.15525,0.145332,0.187004,0.088949,0.103833,0.765719,0.709163,0.056383,0.08317,0,5603.14979635,5333.60904073,5104.912,2957.39685219,2703.32475604,2550.989069,6252.397344,5977.407646,5718.064587999999,-0.2536345,0.396364,0.3163361,-0.3925,-0.361666666666667,-0.355,200.75915869467175,189.799115895384,177.98039472691866,0.5892499999999999,0.612715,0.6465770000000001,168.16390335351838,165.91852852258663,162.76894379880093,504.2005111572316,534.1321438544414,470.54716366536223,23229.87496788937,23040.320451191405,22861.229874936176,-0.05019066666666705,0.13886550000000003,0.758030666666667,0.6713361,0.050536279198879624,0.09398504400269721,0.04600484261501216,0.057745489211492695,0.008227078138931128,1044.2253686508693,822.1494025149996,632.6023333333342,752.3374582130436,532.4625192545454,405.48219027428604,2338.063935985507,2169.3498714393936,2013.309188269841,-3.158812840144928,-2.6523967419696968,-2.858729248730159,-2.0788112898550724,-2.142469378787879,-2.2378250634920636,66.6380713305023,58.707031773510096,49.68388354664049,-0.0821165652173913,-0.06238413636363638,-0.031492809523809506,24.094652482638708,22.944489128190526,20.887499124794857,249.1872178935643,290.4455423132089,240.6913022342825,2758.5166145287876,2694.3492166730393,2643.5609840689103,-1.080001550289855,-0.509927363181818,-0.6209041852380952,0.030123445533701023,0.055936267656471604,0.0022255134785509126,0.034004138646185865,-0.004349671724052527,-0.04486291304347825,-0.01697286956521739,0.06183578260869571,-0.027890130434782612,-0.005230136363636367,-0.002860363636363633,0.0080905,-0.002370863636363643
2001,Denmark,DNK,128,5355.826,23048.49108354821,95.6797025140421,87.31,1371.52622,0.197685701664408,124.72129196456022,40.34961,367.0322,424.6695,414.851,531.8484689457214,4.6186,5.079166666666667,192.96658301413288,4.1642,137.19514611502348,0.5838596838003851,502.364,491.726,8.4095,1779.8,1154.48,876.667,903.133,1272.1619873046875,6.095427513122559,104.12841033935548,55.237003326416016,0.0,0.0,1.0,1.0,PEG,DEU,0.26100001,-0.128663420677185,0.0972797349095344,0.0542312189936637,0.0461860001087188,,,0.0583915188908577,0.0388882160186767,0.0367427505552768,-0.1444955915212631,0.0185062531381845,,,,0.0507916659116745,0.0158321820199489,0.0467883199453353,0.0459419600665569,0.0502086095511913,0.25258,0.328217,0.419204,1.0,-0.075637,0.211621,0.2045982,0.10598,0.23931515,0.682399,0.5560868,0.105641,-0.0347169,0,1621.6,1445.87,1362.82,1055.754,1015.192,953.509,499.4319297606768,523.5446553677705,505.1711820162172,5.641666666666667,4.909999999999999,4.9375,4.9074,3.3076,4.1462,182.32069739796592,171.1861048738608,160.36190727777043,0.6039998021583289,0.6705508317442319,0.7240180609410665,121.90258950781184,118.67806939825036,116.29192451717488,18.28277,21.25793,-13.45587,22966.1184617287,22255.437367132006,21770.86503846103,0.4605666666666668,0.7342666666666666,1.6023999999999994,0.7912999999999997,0.12153928084820906,0.039955003585528545,-0.046056674172626995,0.06504378689093762,0.031932919711848244,-1221.512192769284,-1351.0222363184425,-1387.576089314842,-834.710561947378,-836.8687223160371,-860.9373827254551,-394.37904353315037,-347.6001121666852,-344.315469686546,2.5200471014637684,1.63823106060606,1.531678571444445,2.962774562347073,1.249573027302243,1.9667995206658424,-85.01816229525858,-91.5017650199037,-97.68149379544465,0.13421012982861286,0.1943902226369103,0.24104942137837881,-19.223952879695005,-21.532501625636144,-22.970941967954033,-69.0259904047826,-60.79676422954546,-91.60429260714287,-923.3183163367503,-1518.9615763801776,-1898.2862791865773,-0.4427274608833047,0.3886580333038172,-0.43512094922139766,0.06750639558379194,-0.013613518437354664,-0.09656861998994096,0.020116383160699962,0.02210459624893812,0.007022799999999996,-0.13333515,0.12631219999999999,0.14035789999999998,-0.0019237363636363525,-0.002479006818181806,0.004402736363636306,0.0005552681818181762
2002,Denmark,DNK,128,5374.693,23074.607093618422,95.89662610475808,88.4,1410.27103,0.1958510625123385,127.67054816232984,27.31893,384.7095,442.7536,438.084,564.0340665095184,3.4848,5.055833333333334,199.94056267335887,4.274,142.94847582530568,0.582495408807368,515.575,508.289,7.0822,1883.8,1247.2679,938.597,945.203,1238.6839599609375,5.733957290649414,106.11653900146484,60.26415252685547,0.0,0.0,1.0,1.0,PEG,DEU,-1.095,-0.2023430466651916,0.0737983435392379,0.0985339805483818,0.0348480008542537,,,0.0361408963799476,0.0376574471592903,0.0363439433276653,-0.2137462198734283,0.0142958322539925,,,,0.0505583323538303,0.0112401517108082,0.0341316200792789,0.0258075315505266,0.0666909888386726,0.092859,0.216368,0.690772,2.0,-0.12351,0.25258,0.211621,0.328217,0.10598,0.419204,0.682399,-0.075637,0.105641,0,1779.8,1621.6,1445.87,1154.48,1055.754,1015.192,531.8484689457214,499.4319297606768,523.5446553677705,5.079166666666667,5.641666666666667,4.909999999999999,4.6186,4.9074,3.3076,192.96658301413288,182.32069739796592,171.1861048738608,0.5838596838003851,0.6039998021583289,0.6705508317442319,124.72129196456022,121.90258950781184,118.67806939825036,40.34961,18.28277,21.25793,23048.49108354821,22966.1184617287,22255.437367132006,1.5710333333333342,0.4605666666666668,0.7342666666666666,1.6023999999999994,0.09755796743956589,0.09351231442173094,0.06490682163749184,0.05839098779295113,0.0035867019477749057,-1063.312192769284,-1175.2922363184425,-1304.526089314842,-735.9845619473779,-796.3067223160372,-799.2543827254551,-361.96250434810577,-371.7128377737789,-325.9419963349927,1.9575471014637684,2.3698977272727273,1.5041785714444442,2.6739745623470728,2.849373027302243,1.128199520665842,-74.37227667909161,-80.3671724957986,-86.85729619935427,0.11407001147066903,0.12783919305100733,0.18758219218154426,-16.405250422946622,-18.307981516074662,-20.584797086878552,-46.959150404782605,-63.77192422954546,-56.89049260714286,-840.9456945172387,-808.280481783484,-1413.713950515601,-0.7164274608833046,-0.47947530002951555,0.37597905077860205,0.04352508217514878,0.03994379239884773,0.014394875820177885,0.013463584062713467,-0.006241621515135218,0.04798180000000002,0.08890184999999998,-0.13688279999999997,-0.0409201,0.005099063636363643,-0.13581415681818182,0.1307149363636363,0.14091316818181818
2003,Denmark,DNK,128,5394.138,23079.65495889984,96.08936634780096,89.09,1436.75124,0.1926443395754949,130.22657020039688,45.87041,369.7009000000001,429.272,469.138,603.6094,2.375261,4.308333333333334,206.25412759212787,5.3984,148.2732915200818,0.5664719291720003,523.637,525.58,5.9576,2009.27,1356.52,1022.89,986.378,1235.5179443359375,5.933396816253662,100.37727355957033,57.39339828491211,0.0,0.0,1.0,1.0,PEG,DEU,-0.95999998,0.3308322727680206,0.0688959434628486,0.0425905957818031,0.0237526092678308,,,0.0315743125975132,0.0373216308653354,0.0361792929470539,0.3003722429275512,0.0228879563510417,,,,0.043083332479,0.0297628622502088,0.1065226718783378,0.1231604889035224,0.0331716015934944,0.157298,0.23128,0.611422,3.0,-0.073982,0.092859,0.25258,0.216368,0.328217,0.690772,0.419204,-0.12351,-0.075637,0,1883.8,1779.8,1621.6,1247.2679,1154.48,1055.754,564.0340665095184,531.8484689457214,499.4319297606768,5.055833333333334,5.079166666666667,5.641666666666667,3.4848,4.6186,4.9074,199.94056267335887,192.96658301413288,182.32069739796592,0.582495408807368,0.5838596838003851,0.6039998021583289,127.67054816232984,124.72129196456022,121.90258950781184,27.31893,40.34961,18.28277,23074.607093618422,23048.49108354821,22966.1184617287,1.9330723333333335,1.5710333333333342,0.4605666666666668,0.7342666666666666,0.05843353185751208,0.08037202896542169,0.060516480620125275,0.0361408672439166,0.0011330897964445168,-959.3121927692839,-1017.0922363184425,-1128.796089314842,-643.1966619473778,-697.580722316037,-758.6923827254552,-329.7769067843087,-339.2962985887343,-350.0547219420864,1.9342137681304359,1.8073977272727273,2.2358452381111116,1.5401745623470728,2.560573027302243,2.727999520665842,-67.39829701986562,-69.72128687963163,-75.72270367524916,0.11270573647765197,0.1076990746930635,0.12103116259564128,-13.455994225177008,-15.489279059326279,-17.36027697731707,-59.9898304047826,-41.70508422954546,-59.86565260714286,-814.8296844470278,-725.9078599639724,-703.0328559189074,0.3940392057833628,-0.7531753000295154,-0.4921542825547307,0.004400646593094963,0.026803506942538476,0.01000453480281132,-0.008786536486321057,-0.008695233666465607,-0.11173920000000001,-0.02294715,0.13468520000000006,-0.0887931,0.046058063636363666,0.08642284318181817,-0.13248006363636367,-0.04036483181818182
2004,Denmark,DNK,128,5413.392,23525.718634718723,97.89024731551054,93.22,1506.0008,0.2080786606431039,131.37953275664495,52.38096,400.1245,452.3997,536.546,680.7305,2.161666666666667,4.305,224.67969885087837,5.2041,153.3908023987082,0.5359870302506989,575.725,549.349,5.4676,2192.1,1449.173,1125.49,1066.61,1319.3929443359375,5.717918872833252,103.24017333984376,56.59328842163086,0.0,0.0,1.0,1.0,PEG,DEU,-0.26967001,0.2403134852647781,0.1265471279621124,0.0851976573467254,0.0216166675090789,,,0.089336447417736,0.037210676819086,0.034159030765295,0.2157532721757888,0.0198016241192817,,,,0.0430499985814094,0.0240738894790411,0.1338360756635666,0.1500020921230316,0.0534071624279022,0.143708,0.134813,0.721479,3.0,0.008896,0.157298,0.092859,0.23128,0.216368,0.611422,0.690772,-0.073982,-0.12351,0,2009.27,1883.8,1779.8,1356.52,1247.2679,1154.48,603.6094,564.0340665095184,531.8484689457214,4.308333333333334,5.055833333333334,5.079166666666667,2.375261,3.4848,4.6186,206.25412759212787,199.94056267335887,192.96658301413288,0.5664719291720003,0.582495408807368,0.5838596838003851,130.22657020039688,127.67054816232984,124.72129196456022,45.87041,27.31893,40.34961,23079.65495889984,23074.607093618422,23048.49108354821,2.1433333333333326,1.9330723333333335,1.5710333333333342,0.4605666666666668,0.0666047351098843,0.0875931305535883,0.07016479294484913,0.031577208918249465,0.00021876278373608184,-833.8421927692839,-913.0922363184425,-970.596089314842,-533.9445619473779,-604.792822316037,-659.9663827254551,-290.2015732938271,-307.11070102493727,-317.6381827570418,1.1867137681304354,1.7840643939393948,1.6733452381111116,0.430635562347073,1.426773027302243,2.439199520665842,-61.08473210109662,-62.747307220405645,-65.0768180590822,0.09668225684228421,0.10633479970004645,0.10089104423769746,-10.899972187109967,-12.540022861556665,-14.541574520568687,-41.438350404782604,-54.73576422954546,-37.798812607142864,-809.7818191656115,-699.7918498937615,-620.6602340993959,0.7560782057833622,0.357291366637152,-0.7658542825547305,0.012571849845467178,0.034024608530705096,0.019652847127535178,-0.013350194811988195,-0.009609560679174041,-0.047300200000000014,-0.008035149999999991,0.05533520000000003,-0.03926510000000001,-0.11366293636363636,-0.025426156818181805,0.13908793636363637,-0.08823783181818182
2005,Denmark,DNK,128,5432.335,24016.885909203032,100.0,96.89,1585.98417,0.2117276166456494,133.5816440509796,67.569035,435.1274,493.6786,643.536,781.4231,2.1994750833333336,3.4041666666666672,264.1658961828028,4.8299,158.63170129845608,0.4535869784682926,631.177,547.75,6.3241,2521.81,1615.658,1304.72,1217.09,1507.1529541015625,5.711240768432617,113.6417007446289,58.358028411865234,0.0,0.0,1.0,1.0,PEG,DEU,0.041669998,0.4315419495105743,0.2107134908437729,0.0786141455173492,0.0219947509467601,,,0.175743281841278,0.0349702090024948,0.0297430641949176,0.3956402838230133,0.0250790230929851,,,,0.0340416654944419,0.0350012965500354,0.2349425107240677,0.2608046233654022,0.0503044500946998,0.276726,0.134302,0.588972,2.0,0.142425,0.143708,0.157298,0.134813,0.23128,0.721479,0.611422,0.008896,-0.073982,0,2192.1,2009.27,1883.8,1449.173,1356.52,1247.2679,680.7305,603.6094,564.0340665095184,4.305,4.308333333333334,5.055833333333334,2.161666666666667,2.375261,3.4848,224.67969885087837,206.25412759212787,199.94056267335887,0.5359870302506989,0.5664719291720003,0.582495408807368,131.37953275664495,130.22657020039688,127.67054816232984,52.38096,45.87041,27.31893,23525.718634718723,23079.65495889984,23074.607093618422,1.2046915833333336,2.1433333333333326,1.9330723333333335,1.5710333333333342,0.09099324630338378,0.06830197859228027,0.1277665655968909,0.08933431526368031,0.019327137975556102,-651.012192769284,-787.6222363184424,-866.596089314842,-441.2915619473779,-495.5407223160371,-567.1784827254551,-213.08047329382714,-267.53536753445564,-285.4525851932448,1.1833804347971015,1.0365643939393943,1.650011904777779,0.21704122901374,0.31723402730224315,1.305399520665842,-42.659160842346125,-56.43374230163664,-58.10283839985621,0.06619735792098286,0.09031132006467868,0.0995267692446804,-9.747009630861896,-9.984000823489623,-11.592318322799073,-34.9278004047826,-36.18428422954546,-50.82949260714286,-363.7181433467267,-694.7439846123452,-594.544224029185,0.9663392057833613,0.7193303666371513,0.34461238411193684,0.03696036103896666,0.014733456569397056,0.07725461977957694,0.04440691153344265,0.009498814512645979,-0.060890200000000005,-0.10450215000000002,0.1653922,0.043612899999999996,-0.04922393636363637,-0.010514156818181797,0.059737936363636335,-0.03870983181818183
2006,Denmark,DNK,128,5450.661,24748.725842375054,103.5720357286734,100.0,1682.26021,0.2327171134755989,136.09834267307636,53.05553100000001,499.9485,539.7677,699.268,867.8161,3.181489816017316,3.811666666666667,321.1398758420288,3.897,164.88521673338556,0.4102239437137638,647.12,556.848,5.6614,2862.4,1778.392,1464.61,1397.79,1848.4940185546875,6.181905269622803,131.1616668701172,60.49385833740234,0.0,0.0,1.0,1.0,PEG,DEU,0.74583,0.2244341820478439,0.2460252791643142,-0.0121410023421049,0.0318148992955684,,,0.2156749963760376,0.0303502883762121,0.0249657910317182,0.15219047665596,0.0590017102658748,,,,0.038116667419672,0.0679812058806419,0.2175173163414001,0.2411953955888748,0.0098369484767317,0.349151,0.108793,0.542056,2.0,0.240358,0.276726,0.143708,0.134302,0.134813,0.588972,0.721479,0.142425,0.008896,1,2521.81,2192.1,2009.27,1615.658,1449.173,1356.52,781.4231,680.7305,603.6094,3.4041666666666672,4.305,4.308333333333334,2.1994750833333336,2.161666666666667,2.375261,264.1658961828028,224.67969885087837,206.25412759212787,0.4535869784682926,0.5359870302506989,0.5664719291720003,133.5816440509796,131.37953275664495,130.22657020039688,67.569035,52.38096,45.87041,24016.885909203032,23525.718634718723,23079.65495889984,0.630176850649351,1.2046915833333336,2.1433333333333326,1.9330723333333335,0.15040828429359976,0.11488276416963324,0.1479184493716676,0.17574439316892493,0.02087788611734289,-321.3021927692839,-604.7922363184425,-741.1260893148419,-274.806561947378,-402.88772231603707,-457.92638272545514,-112.38787329382717,-190.4142675344557,-245.87725170276315,0.28254710146376905,1.0332310606060604,0.9025119047777785,0.2548496456804066,0.10363969396891015,0.19586052066584214,-3.1729635104217095,-38.00817104288615,-51.78927348108721,-0.01620269386142348,0.05982642114337733,0.08350328960931264,-7.54489833652724,-8.831038267241553,-9.036296284732032,-19.739725404782604,-29.67373422954546,-32.27801260714286,127.4491311375823,-248.68030879346043,-589.4963587477687,0.027697455783362246,0.9295913666371505,0.7066513841119362,0.09637539902918264,0.06131424214675003,0.09740650355435364,0.13081698943868728,0.011049562654432767,0.07212780000000002,-0.10501315,0.03288520000000006,0.1771419,-0.06281393636363636,-0.10698115681818182,0.1697949363636363,0.04416816818181818
2007,Denmark,DNK,128,5468.12,25060.28763084936,104.05131066273592,101.5,1738.8453,0.2351621808143547,138.35236087649176,24.071912,528.9594000000001,553.4892,755.095,986.3487,4.3275,4.285833333333333,335.8076872275789,3.801,169.5873746516259,0.3406389801234498,712.148,624.983,5.0753,3228.84,1953.2841,1599.86,1628.98,1873.093017578125,5.692542552947998,132.36778259277344,59.92905807495117,0.0,0.0,1.0,1.0,PEG,DEU,1.02334,0.0713431760668754,0.0711543932557106,0.0030361106619238,0.0432749986648559,,,0.0456747822463512,0.0254796091467142,0.0243666674941778,0.0549323372542858,0.0153180053457617,,,,0.0428583323955535,0.0161594599485397,0.0670603737235069,0.0711969137191772,0.0231555551290512,0.178711,0.389596,0.431693,6.0,-0.210885,0.349151,0.276726,0.108793,0.134302,0.542056,0.588972,0.240358,0.142425,1,2862.4,2521.81,2192.1,1778.392,1615.658,1449.173,867.8161,781.4231,680.7305,3.811666666666667,3.4041666666666672,4.305,3.181489816017316,2.1994750833333336,2.161666666666667,321.1398758420288,264.1658961828028,224.67969885087837,0.4102239437137638,0.4535869784682926,0.5359870302506989,136.09834267307636,133.5816440509796,131.37953275664495,53.05553100000001,67.569035,52.38096,24748.725842375054,24016.885909203032,23525.718634718723,-0.04166666666666696,0.630176850649351,1.2046915833333336,2.1433333333333326,0.1350577561354742,0.10072304906112566,0.11055854376457522,0.21567500000000012,0.030471891149367842,19.287807230716226,-275.0822363184425,-558.296089314842,-112.07256194737784,-236.40272231603717,-365.2733827254551,-25.99487329382714,-89.72166753445572,-168.7561517027632,0.6900471014637688,0.13239772727272792,0.8991785714444447,1.236864378364389,0.14144811063557672,-0.017733812667490856,53.80101614880431,1.4780262890382687,-33.36370222233671,-0.059565728615952274,-0.022573630639029008,0.053018390688011285,-5.028199714430485,-6.628926972906896,-7.8833337284839615,-34.253229404782594,-14.485659229545462,-25.76746260714286,859.2890643096034,242.4869656908486,-143.43268292888388,-0.5468172769006203,-0.00905038336284858,0.9169123841119353,0.08102487087105707,0.047154527038242446,0.06004659794726126,0.17074759626976246,0.02064356768645772,0.14455279999999998,-0.13052215,-0.01403080000000001,0.2750749,0.07020406363636367,-0.1074921568181818,0.037287936363636365,0.1776971681818182
2008,Denmark,DNK,128,5484.723,24788.599964993653,102.91210430998316,100.16,1801.46991,0.2294199278379128,143.38575812068527,47.975275,552.4937,588.8968000000001,755.19,1064.7392,4.880833333333333,4.281666666666667,320.6643772288997,3.4337,176.8484554987541,0.4217385360204591,718.412,657.933,5.2849,3473.11,2096.29,1641.7,1831.41,2072.2041015625,4.890776634216309,135.5818634033203,62.72137069702149,1.0,1.0,1.0,1.0,PEG,DEU,-0.04084,-0.4795536398887634,-0.0201621148735284,0.1200997158885002,0.0488083325326442,,,-0.0450971983373165,0.024935083463788,0.0261126924306154,-0.4896236658096313,0.0193488299846649,,,,0.0428166650235652,0.0098751848563551,-0.0633444488048553,-0.0850802212953567,0.0844540223479271,0.179278,0.370885,0.449838,3.0,-0.191607,0.178711,0.349151,0.389596,0.108793,0.431693,0.542056,-0.210885,0.240358,1,3228.84,2862.4,2521.81,1953.2841,1778.392,1615.658,986.3487,867.8161,781.4231,4.285833333333333,3.811666666666667,3.4041666666666672,4.3275,3.181489816017316,2.1994750833333336,335.8076872275789,321.1398758420288,264.1658961828028,0.3406389801234498,0.4102239437137638,0.4535869784682926,138.35236087649176,136.09834267307636,133.5816440509796,24.071912,53.05553100000001,67.569035,25060.28763084936,24748.725842375054,24016.885909203032,-0.5991666666666662,-0.04166666666666696,0.630176850649351,1.2046915833333336,0.128018446059251,0.09834282880264869,0.1365872331707144,0.04567421391408065,0.012589003185806363,385.7278072307163,65.50776368155766,-228.58608931484196,62.81953805262219,-73.66872231603702,-198.78838272545522,92.53772670617286,-3.3286675344556897,-68.06355170276322,1.1642137681304345,0.5398977272727277,-0.0016547618888878013,2.3828745623470726,1.123462843319559,0.02007460399917571,68.46882753435443,58.452005948264286,6.122495109587703,-0.1291506922062663,-0.0659366653935578,-0.02938166109439505,-2.7741815110150867,-4.112228350810142,-5.681222434149305,-63.236848404782606,-28.999163229545452,-10.579387607142863,1170.8508527839113,974.3268988628697,347.73459155542514,-1.2186607942166383,-0.5835651160468311,-0.021729365888063734,0.07398556079483389,0.04477430677976548,0.08607528735340043,0.00074681018384299,0.0027606797228962397,-0.0258872,0.15028085,-0.1243938,-0.1761681,0.14262906363636363,-0.1330011568181818,-0.009628063636363704,0.2756301681818182
2009,Denmark,DNK,128,5519.778753287071,23275.489000110894,97.34045127192572,95.23,1722.14251,0.2016723767493177,144.8800479275552,56.91144,428.2661,491.6131,820.3,1025.5548,1.80916666666667,3.5875,282.2150310394928,6.41,183.4303975896429,0.4178016060537078,679.322,717.189,5.1901,3505.81,2213.239,1738.66,1767.15,1953.324951171875,5.5941338539123535,119.81888580322266,59.47108459472656,0.0,0.0,1.0,1.0,PEG,DEU,-3.192497,0.3547301888465881,-0.0930314138531684,0.0057649952359497,0.0180916674435138,,,-0.1199043244123458,0.0268729105591774,0.030534079298377,0.3214316964149475,0.0245794113725423,,,,0.0358750000596046,0.0324800126254558,-0.0048723081126809,-0.0071623888798058,0.0119283311069011,0.150986,0.406657,0.442358,2.0,-0.255671,0.179278,0.178711,0.370885,0.389596,0.449838,0.431693,-0.191607,-0.210885,0,3473.11,3228.84,2862.4,2096.29,1953.2841,1778.392,1064.7392,986.3487,867.8161,4.281666666666667,4.285833333333333,3.811666666666667,4.880833333333333,4.3275,3.181489816017316,320.6643772288997,335.8076872275789,321.1398758420288,0.4217385360204591,0.3406389801234498,0.4102239437137638,143.38575812068527,138.35236087649176,136.09834267307636,47.975275,24.071912,53.05553100000001,24788.599964993653,25060.28763084936,24748.725842375054,1.77833333333333,-0.5991666666666662,-0.04166666666666696,0.630176850649351,0.0756525563360216,0.07321305692295343,0.07947544311661786,-0.045095185651353224,-0.010841362631499063,629.9978072307163,431.9477636815577,112.00391068515819,205.82543805262208,101.22337768396301,-36.05438272545507,170.92822670617284,115.20393246554431,18.32944829723681,1.160047101463769,1.0140643939393934,0.40584523811111195,2.9362078956804063,2.2694730273022428,1.002089336683158,53.3255175356752,73.11981733381441,63.09647476881372,-0.048051136309257,-0.13552162898387182,-0.07274469584892385,2.259215733178422,-1.8582101473947432,-3.1645238120525505,-39.3334854047826,-57.982782229545464,-25.092891607142853,899.1631869282028,1285.8886873371775,1079.5745247274463,-1.7761607942166375,-1.2554086333628491,-0.5962440985720463,0.02161967107160448,0.019644534900070225,0.028963497299303906,-0.09002258938159088,-0.02066968609440919,-0.025320200000000015,0.13156985000000002,-0.10624879999999998,-0.1568901,-0.02781093636363635,0.1478018431818182,-0.11999106363636369,-0.17561283181818182
2010,Denmark,DNK,128,5543.81698411249,23512.631491157776,98.72218740940484,95.550851379208,1810.9256,0.1811254072560605,148.06524462114643,118.85107338,465.0139,540.8948,800.4,977.6977,0.701866666666667,2.9275,289.9947166820764,7.75,190.12895616883264,0.426,717.728,765.158,5.6133,3541.93,2281.1799,1776.58,1765.35,2041.6669921875,5.83685827255249,120.03690338134766,59.686790466308594,0.0,0.0,1.0,1.0,PEG,DEU,-0.24250001,0.326783537864685,0.0590042024850845,0.0763423815369606,0.0070186667144298,,,0.0275676343590021,0.0314365699887275,0.0305931884795427,0.3118236660957336,0.0112752877175807,,,,0.0292750000953674,0.0147911896929144,0.111448049545288,0.120916299521923,0.04168052226305,0.162962,0.320282,0.516756,4.0,-0.15732,0.150986,0.179278,0.406657,0.370885,0.442358,0.449838,-0.255671,-0.191607,0,3505.81,3473.11,3228.84,2213.239,2096.29,1953.2841,1025.5548,1064.7392,986.3487,3.5875,4.281666666666667,4.285833333333333,1.80916666666667,4.880833333333333,4.3275,282.2150310394928,320.6643772288997,335.8076872275789,0.4178016060537078,0.4217385360204591,0.3406389801234498,144.8800479275552,143.38575812068527,138.35236087649176,56.91144,47.975275,24.071912,23275.489000110894,24788.599964993653,25060.28763084936,2.225633333333333,1.77833333333333,-0.5991666666666662,-0.04166666666666696,0.009415192723524396,0.05578855978896053,-0.036801875989913864,-0.11990526207393654,-0.06104059797727855,662.6978072307161,676.2177636815577,478.44391068515824,322.77443805262214,244.2292776839629,138.83771727454496,131.74382670617274,193.5944324655443,136.8620482972368,0.46588043479710173,1.0098977272727279,0.8800119047777777,-0.13545877098625714,2.8228063606355764,2.1480995206658418,14.876171346268336,57.97650733513518,77.76428615436384,-0.05198806627600827,-0.05442207308686253,-0.14232965943923787,3.7535055400483657,3.1751870967987657,-0.9105056086371519,-30.397320404782604,-34.07941922954546,-54.076510607142865,-613.9477779545559,1014.2010214814691,1391.136313201754,0.6013392057833586,-1.8129086333628484,-1.2680876158880643,-0.04461769254089272,0.0022200377660773207,-0.08731382180722783,-0.1648326658041742,-0.07086892144018868,-0.0536122,0.16734185,-0.11372880000000002,-0.2209541,-0.027243936363636367,0.1290908431818182,-0.10184606363636367,-0.1563348318181818
2011,Denmark,DNK,128,5569.8584008400285,23715.906279706047,99.63081714024663,95.4206560030872,1846.85361,0.1816016026855812,151.99758621817264,121.63380444,514.9515,604.4182,775.2,947.4795,0.887733333333333,2.73058333333333,281.90463611147794,7.77,193.5849389223945,0.461,743.6,784.29,5.7456,3527.31,2333.6001,1816.9,1710.41,1981.468994140625,6.275284767150879,109.87681579589844,59.70756149291992,0.0,0.0,1.0,1.0,PEG,DEU,0.425834,-0.1632012575864792,0.0036418531090021,0.1424882709980011,0.008877333253622,,,-0.0278970319777727,0.0315388850867748,0.0324439741671085,-0.1771508157253265,0.0166701339185237,,,,0.0273058339953422,0.0137170059606432,-0.0152856418862938,-0.0302552189677953,0.0756828039884567,0.295045,0.3143,0.390655,4.0,-0.019255,0.162962,0.150986,0.320282,0.406657,0.516756,0.442358,-0.15732,-0.255671,0,3541.93,3505.81,3473.11,2281.1799,2213.239,2096.29,977.6977,1025.5548,1064.7392,2.9275,3.5875,4.281666666666667,0.701866666666667,1.80916666666667,4.880833333333333,289.9947166820764,282.2150310394928,320.6643772288997,0.426,0.4178016060537078,0.4217385360204591,148.06524462114643,144.8800479275552,143.38575812068527,118.85107338,56.91144,47.975275,23512.631491157776,23275.489000110894,24788.599964993653,1.842849999999997,2.225633333333333,1.77833333333333,-0.5991666666666662,0.010302897190663468,0.030697498101199216,-0.04666459559255131,0.027566517679545138,0.010188507362648815,698.817807230716,708.9177636815575,722.7139106851582,390.7153380526222,361.17827768396296,281.84361727454484,83.88672670617291,154.4100324655442,215.25254829723679,-0.19411956520289797,0.3157310606060606,0.8758452381111121,-1.24275877098626,-0.248860306031087,2.7014328539991754,22.655856988851895,19.527161145728314,62.620976155684616,-0.04378967232971609,-0.0583590030536138,-0.061230103542228576,6.938702233639589,4.669476903668709,4.122891635556357,31.5423129752174,-25.143254229545462,-30.17314760714286,-376.8052869076746,-498.90994340128964,1119.4486473460456,1.0486392057833618,0.5645913666371478,-1.8255876158880635,-0.043729988073753646,-0.022871023921683994,-0.09717654140986526,-0.017360886050692522,0.00036018389973869157,-0.04163620000000001,0.08096685,-0.0393308,-0.12260309999999999,-0.05553593636363635,0.16486284318181818,-0.10932606363636371,-0.22039883181818182
2012,Denmark,DNK,128,5589.890259861211,23685.473022240287,99.481423433292,95.54940917196096,1895.00225,0.1877572559366754,155.57601707146648,119.04402564,528.6781,614.5469,851.4,1018.8917,0.0800866666666667,1.40333333333333,272.7711002509576,7.8,197.88082771605903,0.449,765.454,832.775,5.6591,3519.09,2389.8689,1844.84,1674.25,2054.302001953125,6.41616678237915,102.19996643066406,56.61376190185547,0.0,0.0,1.0,1.0,PEG,DEU,-0.55416697,0.2664151787757873,0.0009321980178356,0.0611034482717514,0.0008008666918613,,,-0.0324009843170642,0.0333331823348999,0.0344493761658668,0.2420123666524887,0.0192692186683416,,,,0.0140333333984017,0.0239326078444719,0.0592370331287384,0.0636771470308303,0.0309521574527025,0.199717,0.325505,0.474778,4.0,-0.125788,0.295045,0.162962,0.3143,0.320282,0.390655,0.516756,-0.019255,-0.15732,0,3527.31,3541.93,3505.81,2333.6001,2281.1799,2213.239,947.4795,977.6977,1025.5548,2.73058333333333,2.9275,3.5875,0.887733333333333,0.701866666666667,1.80916666666667,281.90463611147794,289.9947166820764,282.2150310394928,0.461,0.426,0.4178016060537078,151.99758621817264,148.06524462114643,144.8800479275552,121.63380444,118.85107338,56.91144,23715.906279706047,23512.631491157776,23275.489000110894,1.3232466666666634,1.842849999999997,2.225633333333333,1.77833333333333,-0.004127693093878166,0.022979423937585994,-0.030907508527431356,-0.027897337796907753,0.008645344040913302,684.1978072307161,745.0377636815574,755.413910685158,443.1355380526222,429.119177683963,398.7926172745449,53.668526706172884,106.55293246554436,176.0681482972367,-0.39103623186956815,-0.3442689393939391,0.18167857144444488,-1.056892104319594,-1.3561603060310898,-0.370233812667488,14.56577641825345,27.306846788311873,24.17162996627775,-0.008789672329716058,-0.05016060910732162,-0.06516703350897984,10.871043830665798,7.854673597259932,5.6171814424263005,34.3250440352174,36.79637915045454,-21.236982607142863,-173.53049835940328,-261.7674523544083,-393.6623175367131,0.6658558724500256,1.011891366637151,0.5519123841119327,-0.05816057835829528,-0.030589098085297216,-0.08141945434474532,-0.07282474152714541,-0.0011829794219968218,0.0904468,0.07498485000000002,-0.16543180000000002,0.015461899999999994,-0.043559936363636365,0.0784878431818182,-0.03492806363636369,-0.12204783181818181
2013,Denmark,DNK,128,5611.925304784513,23812.608841195244,99.99219359369155,95.41774985154557,1929.67703,0.1905477535368192,156.3892253137315,149.72363843,545.9699,620.2704,878.2493000000001,1023.7736,-0.0231016666666667,1.74583333333333,283.3870642927169,7.38,200.7823089611637,0.44,779.085,807.141,5.4127,3549.7399417579345,2386.37860014605,1780.6421016364302,1769.0978401215043,1933.93603515625,7.398605346679687,96.5702133178711,50.5769157409668,0.0,0.0,1.0,1.0,PEG,DEU,-0.16583334,0.3064801096916199,0.0741401463747024,-0.0671686232089996,-0.0002310166601091,,,0.0389193296432495,0.0352208204567432,0.0339014008641243,0.2796801030635834,0.0205131266266107,,,,0.0174583327025175,0.0262502394616603,0.1167134717106819,0.1380001455545425,-0.0336998216807842,0.271363,0.305581,0.423056,5.0,-0.034219,0.199717,0.295045,0.325505,0.3143,0.474778,0.390655,-0.125788,-0.019255,0,3519.09,3527.31,3541.93,2389.8689,2333.6001,2281.1799,1018.8917,947.4795,977.6977,1.40333333333333,2.73058333333333,2.9275,0.0800866666666667,0.887733333333333,0.701866666666667,272.7711002509576,281.90463611147794,289.9947166820764,0.449,0.461,0.426,155.57601707146648,151.99758621817264,148.06524462114643,119.04402564,121.63380444,118.85107338,23685.473022240287,23715.906279706047,23512.631491157776,1.7689349999999968,1.3232466666666634,1.842849999999997,2.225633333333333,-0.0023303877459026285,0.024112443258808493,0.07537070722902182,-0.032399381530243875,-0.0012832424410363845,675.9778072307163,730.4177636815575,791.5339106851579,499.40433805262205,481.53937768396304,466.73351727454497,125.08072670617287,76.33473246554433,128.21104829723686,-1.7182862318695682,-0.5411856060606093,-0.4783214285555548,-1.8645387709862604,-1.1702936393644239,-1.4775338126674908,5.43224055773311,19.216766217713428,31.951315608861307,-0.02078967232971607,-0.015160609107321588,-0.05696863956268766,14.449474683959636,11.787015194286141,8.802378136017524,31.735265235217398,39.579110210454544,40.70265077285714,-203.9637558251634,-58.49266380613699,-156.51982648983176,0.146252539116692,0.6291080333038148,0.9992123841119358,-0.056363273010319744,-0.029456078764074717,0.02485876141170787,-0.07732678526048153,-0.011111565903946508,-0.004881200000000002,0.08618984999999998,-0.08130880000000001,-0.09107110000000002,0.08852306363636364,0.07250584318181821,-0.1610290636363637,0.016017168181818177
2014,Denmark,DNK,128,5635.9635356099325,24091.598009098896,101.09752202160593,95.80039549979932,1981.16499,0.191574369089162,156.93975313731517,176.79916459999998,555.2432,620.6228000000001,946.0664,1087.4353,0.0641158333333333,1.32666666666667,294.08091577546094,6.93,205.85885204249104,0.443,841.417,822.746,6.1214,3567.7748507270217,2409.748902381541,1774.5964517156365,1793.1783990113852,2408.073974609375,7.588757038116455,92.03229522705078,51.62076187133789,0.0,0.0,1.0,1.0,PEG,DEU,0.0075,0.1976830512285232,0.0722550898790359,0.1434582769870758,0.0006411583162844,,,0.0377125889062881,0.0345425009727478,0.0332871563732624,0.1756408959627151,0.0184039901942014,,,,0.0132666667923331,0.0216364841908216,0.1055741161108017,0.1101787462830543,0.0720497146248817,0.208561,0.229823,0.561616,6.0,-0.021262,0.271363,0.199717,0.305581,0.325505,0.423056,0.474778,-0.034219,-0.125788,0,3549.7399417579345,3519.09,3527.31,2386.37860014605,2389.8689,2333.6001,1023.7736,1018.8917,947.4795,1.74583333333333,1.40333333333333,2.73058333333333,-0.0231016666666667,0.0800866666666667,0.887733333333333,283.3870642927169,272.7711002509576,281.90463611147794,0.44,0.449,0.461,156.3892253137315,155.57601707146648,151.99758621817264,149.72363843,119.04402564,121.63380444,23812.608841195244,23685.473022240287,23715.906279706047,1.2625508333333366,1.7689349999999968,1.3232466666666634,1.842849999999997,0.00870962145268645,-0.0014604566191685625,0.004791382636643299,0.03891894717582725,0.005367670674576726,706.6277489886506,722.1977636815577,776.913910685158,495.91403819867196,537.8081776839629,519.153717274545,129.96262670617284,147.74693246554432,97.99284829723683,-1.3757862318695682,-1.8684356060606093,-0.675238095222225,-1.9677271043195939,-1.9779403060310903,-1.2916671460008249,16.048204599492408,10.083230357193088,23.861235038262862,-0.029789672329716077,-0.0271606091073216,-0.02196863956268763,15.262682926224642,15.36544604757998,12.734719733043733,62.41487802521739,36.98933141045454,43.48538183285714,-76.82793687020603,-88.9259212718971,46.75496205843956,0.5919408724500255,0.10950469997048118,0.6164290507785997,-0.045323263811730664,-0.05502897864205177,-0.04572056318067066,-0.006008456554410409,-0.0044606527883333975,0.06676480000000001,0.06626584999999999,-0.1330308,0.0004978999999999956,-0.006804936363636355,0.08371084318181818,-0.07690606363636371,-0.09051583181818183
2015,Denmark,DNK,128,5669.016102994885,24514.557239993457,102.73752119090491,97.2954194045006,2036.35622,0.1985062936589226,157.2936638810475,167.8975522,573.0576,636.1338000000001,1043.6434,1157.5873,-0.126008333333333,0.69,314.52504361011864,6.28,210.29130650961565,0.3979999999999999,800.631,832.542,6.83,3590.98465083291,2463.339910740465,1789.4956195281184,1801.489031304792,2628.888916015625,8.942802442739557,98.24615309055471,48.7539368707184,0.0,0.0,1.0,1.0,PEG,DEU,-0.20416667,0.3398592174053192,0.0278839748352766,-0.0289440583437681,-0.0012600832851603,,,-0.0060418532229959,0.0339258275926113,0.0341320484876632,0.2927439510822296,0.0351643562316894,,,,0.0068999999202787,0.045458510518074,0.1207794621586799,0.1362034529447555,-0.0151020707562565,0.187304,0.337832,0.474864,2.0,-0.150528,0.208561,0.271363,0.229823,0.305581,0.561616,0.423056,-0.021262,-0.034219,0,3567.7748507270217,3549.7399417579345,3519.09,2409.748902381541,2386.37860014605,2389.8689,1087.4353,1023.7736,1018.8917,1.32666666666667,1.74583333333333,1.40333333333333,0.0641158333333333,-0.0231016666666667,0.0800866666666667,294.08091577546094,283.3870642927169,272.7711002509576,0.443,0.44,0.449,156.93975313731517,156.3892253137315,155.57601707146648,176.79916459999998,149.72363843,119.04402564,24091.598009098896,23812.608841195244,23685.473022240287,0.816008333333333,1.2625508333333366,1.7689349999999968,1.3232466666666634,0.005080628233333551,0.00979320809952825,0.0621833772623167,0.037735849056603786,0.011716026990751523,724.6626579577378,752.8477054394921,768.6939106851582,519.2843404341631,534.3178778300128,575.4225172745448,193.62432670617295,152.6288324655443,169.40504829723682,-1.7949528985362282,-1.5259356060606093,-2.0024880952222253,-1.8805096043195937,-2.0811286393644237,-2.099313812667491,26.742056082236445,20.699194398952386,14.727699177742522,-0.026789672329716074,-0.036160609107321606,-0.03396863956268764,15.81321074980832,16.178654289844985,16.31315058633757,89.49040419521738,67.66894420045453,40.89560303285714,202.1612310334458,38.20989768306026,16.321704592679453,0.08555670578336527,0.5551930333038146,0.09682571744526602,-0.048952257031083565,-0.04377531392335496,0.011671431445002746,-0.007191554673633874,0.0018877035278414,0.0039627999999999886,-0.009492150000000005,0.005529200000000012,0.013454899999999995,0.06484106363636366,0.06378684318181818,-0.1286280636363637,0.0010531681818181787
2016,Denmark,DNK,128,5716.090971694665,25099.862459640422,105.24779114713674,98.87776356649142,2107.8082200000003,0.2102477289990336,157.32040380390728,163.86107166000002,568.2477,637.3154000000001,1122.3316,1221.8437,-0.440208333333333,0.320833333,329.3911069615107,5.99,210.852358004538,0.372,811.539,821.394,7.0528,3645.955928917205,2505.259517479396,1786.3587610891743,1859.5971678280305,2749.658935546875,8.474193928448052,96.47187508989246,48.4231736195434,0.0,0.0,1.0,1.0,PEG,DEU,-0.21250001,-0.0606000013649463,0.0867428034543991,0.0472623407840728,-0.0044,,,0.052150011062622,0.034592792391777,0.0328781940042972,-0.0826999992132186,0.0240924451500177,,,,0.0032029999999999,0.0220999997109174,0.0368925221264362,0.0385310240089893,0.0214311704039573,0.238639,0.141555,0.619806,3.0,0.097085,0.187304,0.208561,0.337832,0.229823,0.474864,0.561616,-0.150528,-0.021262,0,3590.98465083291,3567.7748507270217,3549.7399417579345,2463.339910740465,2409.748902381541,2386.37860014605,1157.5873,1087.4353,1023.7736,0.69,1.32666666666667,1.74583333333333,-0.126008333333333,0.0641158333333333,-0.0231016666666667,314.52504361011864,294.08091577546094,283.3870642927169,0.3979999999999999,0.443,0.44,157.2936638810475,156.93975313731517,156.3892253137315,167.8975522,176.79916459999998,149.72363843,24514.557239993457,24091.598009098896,23812.608841195244,0.761041666333333,0.816008333333333,1.2625508333333366,1.7689349999999968,0.0065053993250608,0.02223925003387701,0.06451142426588488,0.0695187165775401,0.017556296213095464,747.8724580636263,770.8826144085792,799.3438524430926,572.8753487930869,557.688180065504,571.9322174205947,263.77632670617277,216.2905324655444,174.2869482972368,-2.4316195652028982,-1.9451022727272693,-1.659988095222225,-2.07063377098626,-1.9939111393644235,-2.2025021460008247,47.18618391689415,31.393045881696423,25.34366321950182,-0.07178967232971617,-0.033160609107321604,-0.04296863956268765,16.167121493540662,16.729182113428664,17.126358828602577,80.5887917952174,94.74447037045452,71.57521582285713,625.120461928007,317.1990655867121,143.4575235476368,-0.36098579421663834,0.04880886663715445,0.5425140507785995,-0.047527485939356316,-0.0313292719890062,0.013999478448570926,0.024591312847302434,0.0077279727501853406,-0.01729420000000001,0.09851685000000002,-0.08122279999999998,-0.1158111,0.002039063636363636,-0.01197115681818181,0.009931936363636318,0.014010168181818178
2017,Denmark,DNK,128,5758.157875639151,25621.121158169743,107.5236221472866,100.49167943485462,2192.96,0.2122570993431188,158.9845707677688,175.6341664,607.349,669.193,1180.7776,1285.1412,-0.435566666666667,0.515,344.0204896258828,5.83,214.1867974040397,0.359,851.274,816.476,6.2077,3686.01250337661,2567.6912064871067,1796.3981349158714,1889.6143684607384,2808.424072265625,7.735770027221274,95.9817821519965,44.68045914664855,0.0,0.0,1.0,1.0,PEG,DEU,-0.035,0.1871999949216842,0.0788543969392776,0.0317108184099197,-0.0044,,,0.0454545021057128,0.033399898558855,0.0319477319717407,0.1568000018596649,0.026279391720891,,,,0.004764,0.0304000005125999,0.1064467802643776,0.1157515794038772,0.0136554092168807,0.150898,0.113748,0.735355,6.0,0.03715,0.238639,0.187304,0.141555,0.337832,0.619806,0.474864,0.097085,-0.150528,0,3645.955928917205,3590.98465083291,3567.7748507270217,2505.259517479396,2463.339910740465,2409.748902381541,1221.8437,1157.5873,1087.4353,0.320833333,0.69,1.32666666666667,-0.440208333333333,-0.126008333333333,0.0641158333333333,329.3911069615107,314.52504361011864,294.08091577546094,0.372,0.3979999999999999,0.443,157.32040380390728,157.2936638810475,156.93975313731517,163.86107166000002,167.8975522,176.79916459999998,25099.862459640422,24514.557239993457,24091.598009098896,0.950566666666667,0.761041666333333,0.816008333333333,1.2625508333333366,0.015308135074190411,0.017017386255204384,0.055508902006786,0.04726511816279984,0.023875822594588352,802.8437361479209,794.0924145144677,817.3787614121798,614.7949555320181,611.2791884244277,595.3025196560859,328.03272670617275,286.4425324655442,237.9486482972369,-2.8007862322028982,-2.5817689393939394,-2.0791547618888853,-2.38483377098626,-2.18403530603109,-2.1152846460008248,62.05224726828618,51.83717371635413,36.03751470224586,-0.09778967232971608,-0.0781606091073217,-0.03996863956268765,16.193861416400438,17.083092857161006,17.676886652186255,76.55231125521742,85.84285797045455,98.65074199285712,1210.4256815749723,740.1582964812733,422.44669145128864,-0.4159524612166383,-0.39773363336284917,0.03612988411193929,-0.038724750190226705,-0.03655113576767882,0.004996956189472046,0.002337714432562178,0.014047499131678229,0.03404079999999998,-0.09776015000000002,0.06371919999999998,0.1318019,-0.019217936363636362,0.09603784318181821,-0.07682006363636368,-0.11525583181818182
2018,Denmark,DNK,128,5790.208850073045,25984.599086668277,109.12043949684238,103.4843754855688,2253.31625,0.2172730153689137,160.11236633779592,164.0863983,641.1618000000001,685.1537,1229.0721,1325.9652,-0.490816666666667,0.456666667,360.22171512530304,5.13,217.5347755793371,0.34,853.733,836.331,6.5194,3773.311323394056,2641.9618537182578,1792.590698911635,1980.7206244824208,2798.320068359375,8.12671100912581,90.19994212686473,43.46582159556674,0.0,0.0,1.0,1.0,PEG,DEU,-0.00666667,-0.0794999971985817,0.0760586261749267,0.02056778781116,-0.0049,,,0.043728232383728,0.032330397516489,0.0309758782386779,-0.1014999970793724,0.0244852546602487,,,,0.004548,0.0219999998807907,0.0277442410588264,0.0297080129384994,0.007833894342184,0.222281,0.086009,0.69171,7.0,0.136272,0.150898,0.238639,0.113748,0.141555,0.735355,0.619806,0.03715,0.097085,0,3686.01250337661,3645.955928917205,3590.98465083291,2567.6912064871067,2505.259517479396,2463.339910740465,1285.1412,1221.8437,1157.5873,0.515,0.320833333,0.69,-0.435566666666667,-0.440208333333333,-0.126008333333333,344.0204896258828,329.3911069615107,314.52504361011864,0.359,0.372,0.3979999999999999,158.9845707677688,157.32040380390728,157.2936638810475,175.6341664,163.86107166000002,167.8975522,25621.121158169743,25099.862459640422,24514.557239993457,0.947483333666667,0.950566666666667,0.761041666333333,0.816008333333333,0.010986576700421408,0.024920248210662334,0.0518049076162525,0.0444134111552732,0.02076739262485933,842.900310607326,849.0636925987624,840.5885615180682,677.2266445397288,653.1987951633589,648.8935280150097,391.3302267061729,350.6989324655442,308.1006482972367,-2.606619565202898,-2.9509356063939394,-2.715821428555555,-2.380192104319594,-2.49823530603109,-2.305408812667491,76.68162993265832,66.70323706774616,56.481642536903564,-0.1107896723297161,-0.10416060910732161,-0.08496863956268774,17.858028380261942,17.10983278002078,18.030797395918597,88.3254059952174,81.80637743045456,89.74912959285714,1731.6843801042924,1325.4635161282386,845.4059223458498,-0.22642746088330434,-0.45270030036284914,-0.4104126158880643,-0.04304630856399571,-0.028648273812220876,0.0012929617989385425,-0.0005139925749644628,0.010939069161949207,-0.053700200000000003,-0.12556715000000002,0.1792682,0.0718669,0.03211706363636363,-0.10023915681818182,0.06812193636363628,0.1323571681818182
2019,Denmark,DNK,128,5815.2486738495245,26420.26913823733,111.0296260927955,104.37889515293676,2318.04186,0.2130150212852238,161.27791238715446,202.89821626000003,648.3356,733.6877,1308.6801,1392.4675,-0.550208333333333,-0.181666667,369.6606352813439,5.02,219.9879007695225,0.336,926.364,837.009,6.6759,3859.9512346877887,2735.349033836877,1800.9122552247013,2059.038979463088,3139.545654296875,7.273869936502527,92.05579165269684,49.17100196989775,0.0,0.0,1.0,1.0,PEG,DEU,-0.03083333,0.2971000075340271,0.0549626573920249,0.0694472566246986,-0.0055,,,0.0237118005752563,0.0312508568167686,0.0305270068347454,0.2687000036239624,0.0223851185292005,,,,-0.001834,0.0283999983221292,0.1281717270612716,0.1368006467819214,0.0319736264646053,0.162276,0.184777,0.652947,6.0,-0.022501,0.222281,0.150898,0.086009,0.113748,0.69171,0.735355,0.136272,0.03715,0,3773.311323394056,3686.01250337661,3645.955928917205,2641.9618537182578,2567.6912064871067,2505.259517479396,1325.9652,1285.1412,1221.8437,0.456666667,0.515,0.320833333,-0.490816666666667,-0.435566666666667,-0.440208333333333,360.22171512530304,344.0204896258828,329.3911069615107,0.34,0.359,0.372,160.11236633779592,158.9845707677688,157.32040380390728,164.0863983,175.6341664,163.86107166000002,25984.599086668277,25621.121158169743,25099.862459640422,0.36854166633333296,0.947483333666667,0.950566666666667,0.761041666333333,0.02368381006235746,0.02892506974495651,0.031766159236043534,0.04709378071358136,0.014186651952294953,930.1991306247724,889.1202670581674,895.5598396023629,751.4972917708799,715.6304841710696,690.8131347539409,432.15422670617295,413.99643246554433,372.3570482972367,-2.6649528982028983,-2.756768939393939,-3.084988095555555,-2.435442104319594,-2.493593639364424,-2.619608812667491,92.88285543207854,81.3326197321183,71.3477058882956,-0.12978967232971605,-0.11716060910732162,-0.11096863956268765,18.985823950289074,18.773999743882285,18.057537318778373,76.77763789521741,93.57947217045454,85.71264905285716,2095.1623086028267,1846.7222146575587,1430.711141992815,-0.2295107938833043,-0.26317530002951517,-0.4653792828880643,-0.030349075202059657,-0.0246434522779267,-0.01874578658127042,0.0021663769833437027,0.004358328489384829,0.0176828,-0.15330615,0.13562320000000005,0.1709889,-0.055623936363636356,-0.12804615681818182,0.1836709363636363,0.07242216818181818
2020,Denmark,DNK,128,5832.275754017531,25801.54394040855,108.42338766780848,102.7006055501023,2329.5614,0.2236533111137115,161.81585671762764,191.93253079,631.4569,700.4281,1465.3546,1532.0273,-0.147475,-0.358333333,388.5369029720636,5.64,222.44339932333247,0.421,919.975,929.868,6.0576,3933.189158857717,2834.204571553108,1813.92394290934,2119.2652159483773,3038.8369140625,6.950581450814679,91.38091300507958,51.91221686322748,0.0,0.0,1.0,1.0,PEG,DEU,-0.06833334,0.3057000041007995,0.0818787515163421,0.0173440538346767,-0.0015,,,0.0510637760162353,0.0308149755001068,0.0293178930878639,0.2854999899864197,0.0157137289643287,,,,-0.003593,0.0201999992132186,0.1537830978631973,0.16861592233181,0.007922027260065,0.2045982,0.23931515,0.5560868,0.0,-0.0347169,0.162276,0.222281,0.184777,0.086009,0.652947,0.69171,-0.022501,0.136272,0,3859.9512346877887,3773.311323394056,3686.01250337661,2735.349033836877,2641.9618537182578,2567.6912064871067,1392.4675,1325.9652,1285.1412,-0.181666667,0.456666667,0.515,-0.550208333333333,-0.490816666666667,-0.435566666666667,369.6606352813439,360.22171512530304,344.0204896258828,0.336,0.34,0.359,161.27791238715446,160.11236633779592,158.9845707677688,202.89821626000003,164.0863983,175.6341664,26420.26913823733,25984.599086668277,25621.121158169743,-0.21085833299999998,0.36854166633333296,0.947483333666667,0.950566666666667,0.022961241166764023,0.0353476640804588,0.05015388035824762,0.026203084821684163,0.016766471944244066,1016.8390419185048,976.4190870756138,935.616414061768,844.8844718894991,789.9011314022207,753.2448237616516,498.6565267061728,454.8204324655444,435.65454829723683,-3.303286232202898,-2.8151022723939394,-2.890821428555555,-2.49483377098626,-2.548843639364424,-2.614967146000825,102.32177558811941,97.53384523153852,85.97708855266774,-0.13378967232971606,-0.13616060910732158,-0.12396863956268767,20.151369999647613,19.901795313909417,19.721704282639877,115.58945585521742,82.03170407045455,97.48574379285714,2530.8323601718803,2210.200143156093,1951.9698405221352,-0.8084524612166384,-0.26625863302951513,-0.2758542825547303,-0.031071644097653093,-0.01822085794242441,-0.0003580654590663382,-0.018724318908553497,0.006938148481333943,-0.042322200000000004,-0.05453815000000001,0.09686020000000006,0.012215899999999995,0.015759063636363646,-0.1557851568181818,0.14002593636363636,0.17154416818181817
2000,Spain,ESP,184,40554.387,15652.5359751821,90.97689992081408,89.01163449104907,107793336.486,0.2614437137330754,146.0919601372892,-4645892.8025466,33975355.656,30789396.528,27725164.99342509,84956358.828,4.11166666666667,5.525833333333334,152.79126213592198,13.7852,161.0062929732589,0.578153,20858148.96,22167107.622,178.81354110693175,93077512.070004,41733148.0,40571120.152398005,52506391.917606,75901184.0,6.812626838684082,113.84555053710938,53.474735260009766,0.0,0.0,1.0,1.0,PEG,DEU,1.38,-0.1040000021457672,0.103966437280178,0.0871449187397956,0.0411166660487651,,,0.0750865489244461,0.0288798902183771,0.0268628522753715,-0.1270000040531158,0.0263459328562021,,,,0.0552583336830139,0.0230000000447034,0.0636250525712966,0.0635353922843933,0.0641307905316352,0.334263,0.170663,0.495074,1.0,0.1636,0.2893956,0.2893956,0.1400482,0.1400482,0.5705561,0.5705561,0.1493474,0.1493474,0,79360387.340124,68859545.253972,58958139.181458,34884800.0,28957308.0,24386040.0,78442180.542,72049464.036,71809868.196,4.7275,4.833333333333333,6.401666666666666,2.72333333333333,4.34,5.48583333333333,142.13032113517542,132.86034353995527,126.6990291262135,0.608039,0.62306,0.642495,141.17325937022324,138.08577207508907,135.6939412944318,-3210683.85798732,-1554733.0464468,-626565.8183142599,14934.3636609189,14313.4050581335,13724.7489197756,1.414166666666664,2.00416666666667,0.4933333333333332,0.9158333333333362,0.15249653548280276,0.20469761899137862,0.08872677391195906,0.06977234401348949,0.043383010559918764,-118683832.46204816,-129160048.10456699,-138917306.97438,-72279312.63300261,-78206804.63300261,-82778072.63300261,-72970866.29895651,-76517971.83,-74009784.27228571,0.8490579710001454,0.8085606060607571,2.252976190476349,0.8654590641071067,2.381275385202888,3.420494708994706,-129.38840331368388,-135.8677125315635,-139.75242178779794,-0.06892434782608692,-0.04124850000000002,-0.007011857142857125,-39.488648480789436,-41.07963320635369,-41.90307475437217,312663.1321945619,2329789.48520244,3626932.320703906,-1680.349638018999,-2216.99878241662,-2724.6129015524166,-0.016401093106961362,-1.5727147791421299,-1.167518518518357,0.08993706838244517,0.11388808885522828,0.03615561235308477,0.020956740157560105,0.02951914209306531,-0.00015219999999999123,-0.0013205739130434657,0.001472778260869556,0.001168330434782594,-0.003203009090909148,-0.0007980636363636162,0.0040010818181818175,-0.0024049909090909094
2001,Spain,ESP,184,40766.049,16181.1816495428,94.12254631316218,91.8685715982813,116635421.298,0.2623154469871113,151.3359826273017,-5102799.681787501,35148709.728,32496516.888,31976078.888252035,96745472.472,4.36083333333333,5.116666666666666,167.30769230769198,10.3479,165.8661244748978,0.5404950000000001,22512691.344,23236969.602,188.79609667536596,103966924.699572,49425376.0,46885720.594416,57081204.105156,87653080.0,6.465208053588867,113.23381805419922,53.12496948242188,0.0,0.0,1.0,1.0,PEG,DEU,0.26100001,-0.0363768935203552,0.1228020042181015,0.0582533851265907,0.043608333915472,,,0.0947993099689483,0.0280026961117982,0.0255779270082712,-0.0639370530843734,0.0294426325708627,,,,0.0511666648089885,0.0275601577013731,0.0900130942463874,0.0962211489677429,0.0509308576583862,0.2893956,0.1400482,0.5705561,0.0,0.1493474,0.334263,0.2893956,0.170663,0.1400482,0.495074,0.5705561,0.1636,0.1493474,0,93077512.070004,79360387.340124,68859545.253972,41733148.0,34884800.0,28957308.0,84956358.828,78442180.542,72049464.036,5.525833333333334,4.7275,4.833333333333333,4.11166666666667,2.72333333333333,4.34,152.79126213592198,142.13032113517542,132.86034353995527,0.578153,0.608039,0.62306,146.0919601372892,141.17325937022324,138.08577207508907,-4645892.8025466,-3210683.85798732,-1554733.0464468,15652.5359751821,14934.3636609189,14313.4050581335,0.755833333333336,1.414166666666664,2.00416666666667,0.4933333333333332,0.17284599016749927,0.19631323671054443,0.08304432947924155,0.07500821018062215,0.04808857816570749,-104966707.73216815,-118659206.01841499,-129015900.90186599,-65430964.63300261,-72279312.63300261,-78206804.63300261,-66456688.012956515,-70125255.324,-73770188.43228571,1.6473913043334791,0.7027272727274241,0.6846428571430154,2.2537923974404466,0.7646087185362178,2.274661375661376,-118.72746231293732,-126.59773493634336,-133.59110737405618,-0.09881034782608689,-0.05626949999999997,-0.026446857142857216,-34.56994771372348,-37.992145911219524,-39.5112439737149,-1122545.812364718,673838.6736619198,2698765.0925713656,-962.1773237557991,-1596.0401796312199,-2135.9567631945174,-0.6064010931069674,-0.06188144580879307,-1.59001851851836,0.11028652306714168,0.10550370657439409,0.030473167920367264,0.026192606324692766,0.034224709698854036,0.04471520000000001,0.029294226086956532,-0.07400932173913044,0.015420930434782598,-0.003203009090909148,-0.0007980636363636162,0.0040010818181818175,-0.0024049909090909094
2002,Spain,ESP,184,41423.52,16368.2759640002,95.36126630037234,93.13869727923834,124714959.072,0.2662380820191969,156.03371014859266,-4651867.973385599,35600114.946,33116803.896,35249611.38723855,103940502.27,3.275,4.95916666666667,195.68707991038045,11.1461,171.2082414613863,0.5124989999999999,22445637.786,23090217.15,158.65929245732812,116746912.563336,58961420.0,53252409.338436,63494503.2249,97115248.0,6.431268215179443,117.96615600585938,52.99615097045898,0.0,0.0,1.0,1.0,PEG,DEU,-1.095,-0.2046543061733245,0.1960096657276153,0.1227061748504638,0.0327499993145465,,,0.1693464666604995,0.0266631990671157,0.0228017959743738,-0.2309679836034774,0.0342166125774383,,,,0.0495916679501533,0.0263136699795722,0.1391044557094574,0.1480601280927658,0.07772808521986,0.369484,0.179613,0.450903,1.0,0.189871,0.2893956,0.334263,0.1400482,0.170663,0.5705561,0.495074,0.1493474,0.1636,0,103966924.699572,93077512.070004,79360387.340124,49425376.0,41733148.0,34884800.0,96745472.472,84956358.828,78442180.542,5.116666666666666,5.525833333333334,4.7275,4.36083333333333,4.11166666666667,2.72333333333333,167.30769230769198,152.79126213592198,142.13032113517542,0.5404950000000001,0.578153,0.608039,151.3359826273017,146.0919601372892,141.17325937022324,-5102799.681787501,-4645892.8025466,-3210683.85798732,16181.1816495428,15652.5359751821,14934.3636609189,1.6841666666666701,0.755833333333336,1.414166666666664,2.00416666666667,0.11699294907429435,0.18431938084325677,0.1387667010054878,0.09500824830451553,0.033773803503719425,-94077295.10260016,-104942081.28853498,-118515058.81571399,-57738736.63300261,-65430964.63300261,-72279312.63300261,-54667574.368956506,-63611077.038,-67377471.92628571,1.2382246376668116,1.5010606060607579,0.5788095238096824,2.502959064107107,2.152942051869558,0.657994708994706,-104.21103214116732,-115.9367939355968,-124.32112977883602,-0.13646834782608686,-0.08615549999999994,-0.04146785714285717,-29.325925223710982,-33.07344514415357,-36.42375667858073,-1579452.6916056192,-761370.27089736,1042814.2810308458,-433.5316493950995,-877.8678653680199,-1514.9981604091172,-1.2647344264402953,-0.6518814458087991,-0.07918518518502315,0.054433481973936756,0.09350985070710643,0.08619553944661351,0.046192644448586145,0.019909935036865972,-0.00015219999999999123,-0.0013205739130434657,0.001472778260869556,0.001168330434782594,0.041664390909090854,0.02981673636363638,-0.07148101818181818,0.011847609090909095
2003,Spain,ESP,184,42196.231,16555.1049798743,96.63573911068966,93.604678745963,133485830.676,0.2765460401855945,160.7764507384674,-5183254.80514908,37155491.274,34210958.232,38513373.8299806,113718341.946,2.3116666666666665,4.1241666666666665,234.77408513816235,11.2834,175.81511304545546,0.477117,23151613.584,24021313.206,131.73871733966746,133476920.372928,71693168.0,61897714.087044,71579206.285884,110365880.0,5.970907211303711,124.6050796508789,54.79531478881836,0.0,0.0,1.0,1.0,PEG,DEU,-0.95999998,0.3297805488109588,0.2235008478164672,0.0505461022257804,0.0231166668236255,,,0.1997265070676803,0.0237743332982063,0.0198164600878953,0.2744365036487579,0.043426290154457,,,,0.04124166816473,0.0553440488874912,0.215136706829071,0.2369084954261779,0.0368313863873481,0.233635,0.067485,0.69888,5.0,0.166151,0.369484,0.2893956,0.179613,0.1400482,0.450903,0.5705561,0.189871,0.1493474,0,116746912.563336,103966924.699572,93077512.070004,58961420.0,49425376.0,41733148.0,103940502.27,96745472.472,84956358.828,4.95916666666667,5.116666666666666,5.525833333333334,3.275,4.36083333333333,4.11166666666667,195.68707991038045,167.30769230769198,152.79126213592198,0.5124989999999999,0.5404950000000001,0.578153,156.03371014859266,151.3359826273017,146.0919601372892,-4651867.973385599,-5102799.681787501,-4645892.8025466,16368.2759640002,16181.1816495428,15652.5359751821,1.8125,1.6841666666666701,0.755833333333336,1.414166666666664,0.1229235922933538,0.19293821861871116,0.07437071331769425,0.1696239259011268,0.011562463020905989,-81297307.23883615,-94052668.65896699,-104797934.08583398,-48202692.63300261,-57738736.63300261,-65430964.63300261,-47472544.57095651,-51821963.393999994,-60863293.640285715,1.0807246376668154,1.0918939393940903,1.3771428571430162,1.4171257307737766,2.402108718536218,2.046328042328046,-75.83164453847886,-101.4203637638268,-113.66018877808946,-0.164464347826087,-0.12381349999999991,-0.07135385714285714,-24.62819770242001,-27.82942265414107,-31.505055911514773,-1128520.9832037175,-1218277.1501382613,-392394.663528434,-246.43733493769832,-349.22219100732036,-796.8258461459172,-0.3364010931069612,-1.310214779142127,-0.6691851851850292,0.06036412519299621,0.10212868848256082,0.021799551758819966,0.12080832204519741,-0.002301405445947464,0.07993620000000001,0.03824422608695652,-0.11818032173913046,0.041691930434782615,-0.003203009090909148,-0.0007980636363636162,0.0040010818181818175,-0.0024049909090909094
2004,Spain,ESP,184,42859.172,16814.7121295838,98.20142880333874,95.868846101654,142998284.68199998,0.2852371665389705,165.6624147283815,-7839165.96626724,41629943.586,36338702.4,42677484.53278942,123331958.64,2.040833333333333,4.10333333333333,277.81926811052966,11.0902,179.68052365261113,0.453655,25088679.396,26576336.622,122.15402687027384,157350792.62166,88457840.0,73449880.09062,83900912.53104,124804216.0,6.466372489929199,128.19442749023438,54.33646011352539,0.0,0.0,1.0,1.0,PEG,DEU,-0.26967001,0.2308199852705001,0.2036819607019424,0.1024674773216247,0.020408334210515,,,0.1830530762672424,0.0206288900226354,0.0174369942396879,0.1869848221540451,0.0369298420846462,,,,0.0410333350300788,0.043835163116455,0.1934670209884643,0.207173466682434,0.0614379048347473,0.277713,0.03155,0.690737,11.0,0.246163,0.233635,0.369484,0.067485,0.179613,0.69888,0.450903,0.166151,0.189871,0,133476920.372928,116746912.563336,103966924.699572,71693168.0,58961420.0,49425376.0,113718341.946,103940502.27,96745472.472,4.1241666666666665,4.95916666666667,5.116666666666666,2.3116666666666665,3.275,4.36083333333333,234.77408513816235,195.68707991038045,167.30769230769198,0.477117,0.5124989999999999,0.5404950000000001,160.7764507384674,156.03371014859266,151.3359826273017,-5183254.80514908,-4651867.973385599,-5102799.681787501,16555.1049798743,16368.2759640002,16181.1816495428,2.062499999999997,1.8125,1.6841666666666701,0.755833333333336,0.14330150101841752,0.2159335375572705,0.09407150689536493,0.19974239099322616,0.01141409249727981,-64567299.42924416,-81272680.79520299,-93908521.45626599,-35470944.63300261,-48202692.63300261,-57738736.63300261,-37694704.894956514,-44626933.596,-49074179.99628571,0.24572463766681185,0.9343939393940941,0.9679761904763486,0.4537923974404432,1.3162753852028877,2.295494708994706,-36.744639310696954,-73.04097616113833,-99.14375860631947,-0.1998463478260869,-0.15180950000000004,-0.1090118571428571,-19.885457112545282,-23.131695132850098,-26.261033421502276,-1659907.8149671983,-767345.4417363596,-849301.5427693352,-59.608319063598174,-162.12787654991916,-268.1801717852177,-0.20806775977363134,-0.3818814458087929,-1.3275185185183571,0.08074203391805992,0.12512400742112015,0.04150034533649065,0.1509267871372968,-0.002449775969573643,-0.05591279999999996,-0.07388377391304347,0.1297966782608695,0.017971930434782596,0.07688539090909086,0.03876673636363637,-0.1156520181818182,0.03811860909090911
2005,Spain,ESP,184,43662.613,17105.212509267,100.0,97.90753860128493,154299221.802,0.2989170032002028,171.2419891842005,-11192865.549517078,45954981.27,38542817.742,83717357.33044903,137604716.106,2.086666666666667,3.3875,318.38125466766155,9.1463,186.48177626177463,0.424302,28048686.336,27275324.208,141.04094261252862,200098562.612652,118081120.0,95880487.064538,104218075.54811402,150774112.0,6.073286533355713,129.6324005126953,54.05338668823242,0.0,0.0,1.0,1.0,PEG,DEU,0.041669998,0.2578282356262207,0.1638371795415878,0.0701842829585075,0.0208666659891605,,,0.1456549912691116,0.0181821938604116,0.0158705674111843,0.205565869808197,0.0433509051799774,,,,0.0338749997317791,0.0522623732686042,0.1651934385299682,0.1758624762296676,0.0455254763364791,0.221135,0.024673,0.754192,8.0,0.196462,0.277713,0.233635,0.03155,0.067485,0.690737,0.69888,0.246163,0.166151,0,157350792.62166,133476920.372928,116746912.563336,88457840.0,71693168.0,58961420.0,123331958.64,113718341.946,103940502.27,4.10333333333333,4.1241666666666665,4.95916666666667,2.040833333333333,2.3116666666666665,3.275,277.81926811052966,234.77408513816235,195.68707991038045,0.453655,0.477117,0.5124989999999999,165.6624147283815,160.7764507384674,156.03371014859266,-7839165.96626724,-5183254.80514908,-4651867.973385599,16814.7121295838,16555.1049798743,16368.2759640002,1.3008333333333333,2.062499999999997,1.8125,1.6841666666666701,0.178861425496105,0.23383918534608486,0.08453883981675624,0.1833472503876892,0.015681395558958942,-40693427.18051216,-64542672.98561099,-81128533.59250198,-18706272.63300261,-35470944.63300261,-48202692.63300261,-28081088.20095651,-34849093.92,-41879150.198285714,0.22489130433347526,0.09939393939409058,0.8104761904763524,0.18295906410710971,0.3529420518695543,1.2096613756613759,6.3005436616703605,-33.95397093335643,-70.764371003631,-0.22330834782608694,-0.18719149999999996,-0.13700785714285724,-14.99949312263118,-18.38895454297537,-21.563305900211304,-4315818.976085358,-1298732.2734998404,-398369.83436743356,199.99883064590176,24.701139324180986,-81.08585732781648,0.04193224022636555,-0.25354811247546305,-0.399185185185023,0.11630195839574742,0.14302965520993452,0.03196767825788195,0.1345316465317598,0.0018175270921054892,-0.011834799999999979,-0.10981877391304348,0.12165367826086959,0.0979839304347826,-0.058963609090909114,-0.07336126363636362,0.13232498181818175,0.014398609090909092
2006,Spain,ESP,184,44360.521,17520.684152159,102.36220472440944,100.0,167022093.678,0.3002730561065048,177.2614640829975,-14783125.511439782,51669674.826,42158551.908,95213707.35903116,155406853.40399998,2.8275,3.785,361.7017708602335,8.4522,192.15482488512492,0.3906389999999999,31063434.27,29713045.494,126.33712984054668,251014164.10686,147058736.0,116519190.361068,134494973.74579197,192509184.0,5.911002159118652,131.81222534179688,51.67378616333008,0.0,0.0,1.0,1.0,PEG,DEU,0.74583,0.4054714739322662,0.1170055717229843,-0.0161145683377981,0.0282749999314546,,,0.1004429906606674,0.0165625791996717,0.0150508284568786,0.3448508381843567,0.0450761057436466,,,,0.0378499999642372,0.0606206394731998,0.1465500295162201,0.1574465930461883,0.0060802157968282,0.341083,0.050031,0.608886,10.0,0.291052,0.221135,0.277713,0.024673,0.03155,0.754192,0.690737,0.196462,0.246163,1,200098562.612652,157350792.62166,133476920.372928,118081120.0,88457840.0,71693168.0,137604716.106,123331958.64,113718341.946,3.3875,4.10333333333333,4.1241666666666665,2.086666666666667,2.040833333333333,2.3116666666666665,318.38125466766155,277.81926811052966,234.77408513816235,0.424302,0.453655,0.477117,171.2419891842005,165.6624147283815,160.7764507384674,-11192865.549517078,-7839165.96626724,-5183254.80514908,17105.212509267,16814.7121295838,16555.1049798743,0.9575,1.3008333333333333,2.062499999999997,1.8125,0.2716717804769901,0.33488586201064824,0.11572635043980362,0.14600134408602072,0.017276559803369607,2054342.8104798496,-40668800.73687899,-64398525.78290999,10917007.366997391,-18706272.63300261,-35470944.63300261,-13808330.734956503,-25235477.225999996,-32101310.522285715,-0.4909420289998545,0.07856060606075399,-0.024523809523651074,0.22879239744044355,0.08210871853622081,0.2463280423280425,46.86253021880225,9.091212039010884,-31.677365775849097,-0.2526613478260869,-0.2106535,-0.17238985714285715,-9.41991866681218,-13.502990553061267,-16.820565310336576,-7669518.559335196,-3954643.4346180004,-929756.6661309144,490.4992103291006,284.3082890336809,105.74315854628367,-0.7197344264402981,-0.0035481124754661586,-0.27085185185169314,0.2091123133766325,0.2440763318744979,0.06315518888092933,0.09718574023009134,0.003412691336516154,-0.06841279999999997,-0.11669577391304348,0.18510867826086952,0.0482829304347826,-0.014885609090909135,-0.10929626363636363,0.12418198181818185,0.09441060909090909
2007,Spain,ESP,184,45236.004,17802.3340562168,104.03543307086612,101.29377754095444,178954632.054,0.2986223651583066,182.20267138435537,-16879000.89533328,56841118.092,46500893.736,94216785.8507018,178454808.51,3.8475,4.307499999999999,397.1785621098264,8.2321,200.7938416601885,0.357646,34476011.13,32269399.998,113.02628897493368,292874730.33588,169511504.0,131320122.713538,161554607.622342,224173456.0,5.936588287353516,133.0890350341797,52.28050231933594,0.0,0.0,1.0,1.0,PEG,DEU,1.02334,0.0916206240653991,0.0704866796731948,0.0103573985397815,0.0384749993681907,,,0.0547783747315406,0.0157083012163639,0.0148925138637423,0.0560025200247764,0.0337291806936264,,,,0.0430749990046024,0.0356181003153324,0.0702429339289665,0.0734406411647796,0.0244161989539861,0.400728,0.139156,0.460116,6.0,0.261571,0.341083,0.221135,0.050031,0.024673,0.608886,0.754192,0.291052,0.196462,1,251014164.10686,200098562.612652,157350792.62166,147058736.0,118081120.0,88457840.0,155406853.40399998,137604716.106,123331958.64,3.785,3.3875,4.10333333333333,2.8275,2.086666666666667,2.040833333333333,361.7017708602335,318.38125466766155,277.81926811052966,0.3906389999999999,0.424302,0.453655,177.2614640829975,171.2419891842005,165.6624147283815,-14783125.511439782,-11192865.549517078,-7839165.96626724,17520.684152159,17105.212509267,16814.7121295838,0.4599999999999991,0.9575,1.3008333333333333,2.062499999999997,0.2544526099009003,0.24540431188322062,0.1293715637208727,0.13606490821135678,0.024289183350800946,52969944.30468786,2078969.2541130185,-40524653.53417799,39894623.36699739,10917007.366997391,-18706272.63300261,3993806.563043475,-10962719.75999999,-22487693.82828571,-0.09344202899985454,-0.6372727272725758,-0.045357142856987664,0.9696257307737768,0.12794205186955465,-0.024505291005290974,90.18304641137422,49.65319859614277,11.367817196518217,-0.286324347826087,-0.24000649999999996,-0.1958518571428572,-3.4004437680151796,-7.923416097242267,-11.934601320422473,-11259778.5212579,-7308343.017867839,-3585667.8272490744,905.9708532211007,574.8086687168798,365.3503082557836,-1.0630677597736313,-0.7652147791421298,-0.020851851851696246,0.1918931428005427,0.15459478174707028,0.0768004021619984,0.0872493043554274,0.010425314883947493,0.05153520000000006,-0.09133777391304349,0.039802678260869584,0.14287293043478258,-0.07146360909090912,-0.11617326363636363,0.18763698181818178,0.0447096090909091
2008,Spain,ESP,184,45983.169,17681.9141763058,103.34645669291338,99.0003240055144,184612088.826,0.2783646570969437,189.6277816521101,-16436014.26817878,56047124.1,47304870.888,89765210.03146933,196494212.244,3.85,4.36666666666667,391.5060128537649,11.2545,215.3335060856517,0.39712,29002743.66,34595975.436,119.5559387799094,311122127.717742,177125984.0,136338661.904346,174783465.81339604,239175152.0,5.60120153427124,130.5260772705078,52.92464447021485,1.0,1.0,1.0,1.0,PEG,DEU,-0.04084,-0.3694705069065094,0.0176277998834848,0.0973037034273147,0.0384999997913837,,,0.0021031307987868,0.0155246695503592,0.0154920872300863,-0.4056248068809509,0.0608274266123771,,,,0.0436666682362556,0.0361543148756027,-0.0096380645409226,-0.015987541526556,0.0679018497467041,0.281416,0.288842,0.429742,3.0,-0.007425,0.400728,0.341083,0.139156,0.050031,0.460116,0.608886,0.261571,0.291052,1,292874730.33588,251014164.10686,200098562.612652,169511504.0,147058736.0,118081120.0,178454808.51,155406853.40399998,137604716.106,4.307499999999999,3.785,3.3875,3.8475,2.8275,2.086666666666667,397.1785621098264,361.7017708602335,318.38125466766155,0.357646,0.3906389999999999,0.424302,182.20267138435537,177.2614640829975,171.2419891842005,-16879000.89533328,-14783125.511439782,-11192865.549517078,17802.3340562168,17520.684152159,17105.212509267,0.5166666666666697,0.4599999999999991,0.9575,1.3008333333333333,0.16676575355006412,0.15267891327448918,0.148307198821431,0.0980829902082552,0.01607528002969538,94830510.53370783,52994570.74832103,2223116.456814021,62347391.36699739,39894623.36699739,10917007.366997391,27041761.66904348,6839417.537999988,-8214936.362285703,0.42905797100014453,-0.23977272727257581,-0.7611904761903174,1.9896257307737768,0.8687753852028879,0.021328042328042862,125.65983766096707,92.97371478871474,51.929803753650106,-0.3193173478260869,-0.27366950000000007,-0.22520485714285715,1.540763533342698,-1.903941198445267,-6.355026864603474,-13355653.905151397,-10898602.979790542,-6939367.410498912,1187.6207572789026,990.2803116088799,655.8506879389824,-1.5605677597736323,-1.108548112475463,-0.7825185185183599,0.10420628644970653,0.06186938313833884,0.09573603726255672,0.04926738635232582,0.0022114115628419258,0.1111802,-0.0022127739130434754,-0.10896732173913043,0.1133919304347826,0.0484843909090909,-0.09081526363636364,0.042330981818181845,0.13929960909090908
2009,Spain,ESP,184,46367.55,16888.1328330741,98.72047244094487,94.63450174465213,177920376.678,0.2311322210407893,189.08353273196053,-7273384.998596641,42582004.278,41031453.144,99121354.0854228,193540694.358,0.675833333333334,3.97916666666667,365.639187524166,17.8567,226.72759682821604,0.532613,23592536.484,40296193.41,115.49770928779668,305657287.865028,178860896.0,135428109.527766,170229178.33726203,237790752.0,5.878785610198975,128.7443084716797,53.18405151367188,0.0,0.0,1.0,1.0,PEG,DEU,-3.192497,0.3560526967048645,-0.0597293898463249,0.05009076744318,0.006758333183825,,,-0.0756976604461669,0.0159682687371969,0.0172760225832462,0.272293210029602,0.0658334866166114,,,,0.0397916659712791,0.0837595015764236,-0.0113620040938258,-0.0158537458628416,0.0284245498478412,0.228455,0.297956,0.473588,6.0,-0.069501,0.281416,0.400728,0.288842,0.139156,0.429742,0.460116,-0.007425,0.261571,0,311122127.717742,292874730.33588,251014164.10686,177125984.0,169511504.0,147058736.0,196494212.244,178454808.51,155406853.40399998,4.36666666666667,4.307499999999999,3.785,3.85,3.8475,2.8275,391.5060128537649,397.1785621098264,361.7017708602335,0.39712,0.357646,0.3906389999999999,189.6277816521101,182.20267138435537,177.2614640829975,-16436014.26817878,-16879000.89533328,-14783125.511439782,17681.9141763058,17802.3340562168,17520.684152159,3.3033333333333363,0.5166666666666697,0.4599999999999991,0.9575,0.06230444450067518,0.04492013710172733,0.1010866778240337,-0.014282113379757188,-0.006764274815354879,113077907.91556987,94855136.977341,53138717.95102203,69961871.36699739,62347391.36699739,39894623.36699739,45081165.40304348,29887372.643999994,9587200.935714275,0.4882246376668151,0.28272727272742326,-0.36369047619031747,1.9921257307737767,1.888775385202888,0.7621613756613761,119.9872884049056,128.4505060383076,95.25031994622208,-0.27984334782608694,-0.30666249999999995,-0.25886785714285726,8.965873801097416,3.0372661029126107,-0.3355519658064736,-12912667.277996898,-12994478.36368404,-10529627.372421615,1067.2008773679008,1271.9302156666818,1071.3223308309825,-1.5039010931069616,-1.606048112475464,-1.1258518518516931,-0.0002550225996824085,-0.045889393034423014,0.04851551626515942,-0.06309771723568657,-0.02062814328220833,-0.008131799999999967,0.1474732260869565,-0.13934132173913044,-0.15560406956521738,0.10812939090909085,-0.0016902636363636259,-0.10643901818181817,0.1098186090909091
2010,Spain,ESP,184,46562.483,16840.7465287583,98.42519685039368,94.47018923081032,178483759.674,0.21788947421901,192.48611150718125,-6525366.25368144,48148780.68,46319532.996,96801717.27015065,183856696.386,0.453333333333333,4.25083333333333,359.17915477189007,19.8597,229.03631869418533,0.605153,28473968.952,37138519.902,124.52177817691964,306807457.71178794,176268560.0,135235448.682576,171572009.02921194,241713040.0,5.479434490203857,128.01426696777344,53.13203811645508,0.0,0.0,1.0,1.0,PEG,DEU,-0.24250001,-0.1466962099075317,-0.0090170633047819,-0.0603542476892471,0.0045333332382142,,,-0.0264849308878183,0.0174678675830364,0.0179430898278951,-0.1916615664958953,0.0556268878281116,,,,0.0425083339214324,0.0449653528630733,-0.0223130490630865,-0.0215868540108203,-0.0279104579240083,0.189252,0.184359,0.626389,9.0,0.004892,0.228455,0.281416,0.297956,0.288842,0.473588,0.429742,-0.069501,-0.007425,0,305657287.865028,311122127.717742,292874730.33588,178860896.0,177125984.0,169511504.0,193540694.358,196494212.244,178454808.51,3.97916666666667,4.36666666666667,4.307499999999999,0.675833333333334,3.85,3.8475,365.639187524166,391.5060128537649,397.1785621098264,0.532613,0.39712,0.357646,189.08353273196053,189.6277816521101,182.20267138435537,-7273384.998596641,-16436014.26817878,-16879000.89533328,16888.1328330741,17681.9141763058,17802.3340562168,3.7974999999999968,3.3033333333333363,0.5166666666666697,0.4599999999999991,-0.017564934685943796,0.009794791034160182,-0.01503106810256781,-0.0660700589016513,-0.04489227440631877,107613068.06285587,113102534.35920304,94999284.180042,71696783.36699739,69961871.36699739,62347391.36699739,42127647.5170435,47926776.37799999,32635156.04171428,0.10072463766681539,0.34189393939409385,0.1588095238096816,-1.1820409358928894,1.8912753852028878,1.7821613756613761,94.1204630753067,122.77795678224612,130.72711119581493,-0.1443503478260869,-0.2671885,-0.29186085714285714,8.42162488094786,10.462376370667329,4.605655335551404,-3750038.0084147593,-12551491.73652954,-12625502.756315112,273.41953413620286,1151.51033575568,1352.9722348887844,1.282765573559705,-1.5493814458087933,-1.623351851851694,-0.08012440178630138,-0.08101473910199015,-0.0676022296614421,-0.11488566275758068,-0.058756142873172226,-0.061092799999999975,0.15658722608695652,-0.09549532173913045,-0.2176800695652174,-0.011182609090909124,0.14799573636363636,-0.13681301818181818,-0.1591773909090909
2011,Spain,ESP,184,46736.257000000005,16641.4906711182,97.24409448818896,91.8175226437026,176995270.518,0.2002175296565118,198.6385795631577,-4821351.16891032,51785645.868,52275486.252,95047992.17426932,175204957.158,1.0175,5.44,331.7240156398179,21.3905,230.2302967347151,0.6985039999999999,29634677.688,36123232.53,128.59262694180384,296592015.368418,165691344.0,132015684.245412,164576331.123006,235131616.0,6.474504470825195,129.82167053222656,56.82513046264648,0.0,0.0,1.0,1.0,PEG,DEU,0.425834,-0.0877072066068649,-0.0373394303023815,0.0940739661455154,0.0101749999448657,,,-0.0554687082767486,0.0181292779743671,0.0191939417272806,-0.1455371528863906,0.0676798820495605,,,,0.0544000007212162,0.0578299462795257,-0.0292743295431137,-0.0415491834282875,0.0521244816482067,0.29025,0.144005,0.565745,7.0,0.146245,0.189252,0.228455,0.184359,0.297956,0.626389,0.473588,0.004892,-0.069501,0,306807457.71178794,305657287.865028,311122127.717742,176268560.0,178860896.0,177125984.0,183856696.386,193540694.358,196494212.244,4.25083333333333,3.97916666666667,4.36666666666667,0.453333333333333,0.675833333333334,3.85,359.17915477189007,365.639187524166,391.5060128537649,0.605153,0.532613,0.39712,192.48611150718125,189.08353273196053,189.6277816521101,-6525366.25368144,-7273384.998596641,-16436014.26817878,16840.7465287583,16888.1328330741,17681.9141763058,4.4225,3.7974999999999968,3.3033333333333363,0.5166666666666697,0.003762939384804745,-0.01449358723999683,-0.05003597824283467,-0.01766778007581306,-0.0028058936286312996,108763237.90961578,107637694.50648904,113246681.56190404,69104447.36699739,71696783.36699739,69961871.36699739,32443649.5450435,44973258.49200001,50674559.77571428,0.3723913043334752,-0.045606060605905885,0.2179761904763522,-1.4045409358928904,-1.2828912814637783,1.784661375661376,87.66043032303077,96.91113145264723,125.05456193975346,-0.07181034782608686,-0.13169549999999997,-0.2523868571428572,11.824203656168578,9.918127450517773,12.030765603306122,-3002019.263499558,-3388862.4669474014,-12182516.129160613,226.03322982040117,357.728992523982,1232.5523549777827,1.7769322402263654,1.2372852208578733,-1.5666851851850234,-0.05879652771555285,-0.10530311737614717,-0.10260713980170896,-0.06648338393174244,-0.016669762095484753,-0.10029579999999996,0.04299022608695652,0.05730567826086952,-0.1432870695652174,-0.06414360909090913,0.15710973636363637,-0.09296701818181818,-0.2212533909090909
2012,Spain,ESP,184,46766.403,16117.7703341578,94.19291338582676,88.71315048037616,171560438.214,0.1852760986093478,203.49589887306388,147541.97686404,50421779.826,53964803.31,93931951.1340363,176711915.16,0.27,5.845,282.6998416087512,24.7872,228.3744190899074,0.863068,30852623.208,44731711.398,126.10732150977718,267038617.57419,144446096.0,125736099.07155,141302518.50264,217033072.0,5.703851699829102,121.8874282836914,59.20125961303711,0.0,0.0,1.0,1.0,PEG,DEU,-0.55416697,0.0501080714166164,-0.0680356249213218,0.0648556873202323,0.0027000000700354,,,-0.0873351320624351,0.0192995071411132,0.021146323531866,-0.0384189337491989,0.0920640081167221,,,,0.0584499984979629,0.0885270088911056,-0.0422914214432239,-0.056966982781887,0.0337778441607952,0.2493,0.17669,0.57401,8.0,0.072611,0.29025,0.189252,0.144005,0.184359,0.565745,0.626389,0.146245,0.004892,0,296592015.368418,306807457.71178794,305657287.865028,165691344.0,176268560.0,178860896.0,175204957.158,183856696.386,193540694.358,5.44,4.25083333333333,3.97916666666667,1.0175,0.453333333333333,0.675833333333334,331.7240156398179,359.17915477189007,365.639187524166,0.6985039999999999,0.605153,0.532613,198.6385795631577,192.48611150718125,189.08353273196053,-4821351.16891032,-6525366.25368144,-7273384.998596641,16641.4906711182,16840.7465287583,16888.1328330741,5.574999999999999,4.4225,3.7974999999999968,3.3033333333333363,-0.03329593882612284,-0.06000625409318599,-0.047056970989166606,-0.07643856489808988,-0.011831771073796356,98547795.56624582,108787864.35324895,107781841.70919004,58527231.36699739,69104447.36699739,71696783.36699739,23791910.317043483,35289260.52000001,47721041.8897143,1.5615579710001457,0.22606060606075395,-0.16952380952364754,-0.8403742692262233,-1.5053912814637793,-1.38950529100529,60.205291190958576,90.45109870037129,99.18773661015456,0.02154065217391299,-0.059155499999999916,-0.11689385714285716,17.97667171214502,13.32070622573849,11.486516683156566,-1298004.178728438,-2640843.7220322,-3019886.8595784754,26.777372180302336,310.34268820818033,438.7710117460847,2.401932240226369,1.7314518875245337,1.2199814814816432,-0.09585540592648042,-0.15081578422933634,-0.0996281325480409,-0.12525416875401926,-0.02569563954064981,0.0007022000000000417,0.002636226086956517,-0.003338321739130401,-0.0019340695652173834,-0.10334660909090912,0.04351273636363637,0.05983398181818178,-0.1468603909090909
2013,Spain,ESP,184,46591.857,15935.3071380821,93.11023622047244,86.43426175030983,169771622.328,0.173705441672841,206.362412922423,3459945.6630446394,49291020.57,55961102.538,99014259.23812774,167475661.914,0.149166666666667,4.56166666666666,256.89975219712204,26.0936,230.5840297989024,0.957822,30446641.368,38725176.798,120.64824885795085,240967542.988986,127100681.738052,118963309.52154,122004233.467446,191215280.0,7.688910961151123,110.2055892944336,52.95099639892578,0.0,0.0,1.0,1.0,PEG,DEU,-0.16583334,0.2988026738166809,-0.1346131265163421,0.1590183079242706,0.0014916666550561,,,-0.1557201296091079,0.0211069956421852,0.0249999985098838,0.2270886451005935,0.0584424287080764,,,,0.0456166677176952,0.0717140436172485,-0.0522502623498439,-0.080444112420082,0.0802549868822097,0.268129,0.115435,0.616436,16.0,0.152694,0.2493,0.29025,0.17669,0.144005,0.57401,0.565745,0.072611,0.146245,0,267038617.57419,296592015.368418,306807457.71178794,144446096.0,165691344.0,176268560.0,176711915.16,175204957.158,183856696.386,5.845,5.44,4.25083333333333,0.27,1.0175,0.453333333333333,282.6998416087512,331.7240156398179,359.17915477189007,0.863068,0.6985039999999999,0.605153,203.49589887306388,198.6385795631577,192.48611150718125,147541.97686404,-4821351.16891032,-6525366.25368144,16117.7703341578,16641.4906711182,16840.7465287583,4.412499999999993,5.574999999999999,4.4225,3.7974999999999968,-0.09964326840531298,-0.12822183396617268,0.00860111509653821,-0.147786026093138,-0.0314707586784478,68994397.77201784,98572422.009879,108932011.55594996,37281983.36699739,58527231.36699739,69104447.36699739,25298868.319043487,26637521.291999996,38037043.9177143,1.966557971000145,1.4152272727274244,0.1021428571430123,-1.5878742692262233,-0.9412246147971122,-1.612005291005291,11.181117159891926,62.9959595682991,92.72770385787862,0.18610465217391303,0.034195499999999934,-0.04435385714285711,22.833991022051208,19.473174281714932,14.889095458377284,3670888.967045922,-936828.6372610801,-2271868.114663274,-496.9429647800989,111.0868305680815,391.384707430283,3.554432240226368,2.3564518875245373,1.7141481481483036,-0.16220273550567058,-0.21903136410232302,-0.04397004646233608,-0.19660162994906738,-0.04533462714530125,-0.04024779999999997,0.035321226086956536,0.004926678260869566,-0.0755680695652174,-0.002348609090909115,0.0031587363636363663,-0.0008100181818181396,-0.005507390909090887
2014,Spain,ESP,184,46455.122544336,16223.9740631564,94.78346456692913,88.15760730304295,171736640.988,0.177797391484637,206.0514135394804,2917805.53038612,52178815.986,57501836.898,110892393.00303204,174117125.49,0.115,2.72333333333333,257.70089487549143,24.4413,230.16468513456425,1.007005,31377571.038,37567962.168,137.0447244872745,229629484.986,118839037.482,114800017.332,114829467.654,185151184.0,7.902853012084961,107.04427337646484,51.93962097167969,0.0,0.0,1.0,1.0,PEG,DEU,0.0075,0.0908464267849922,0.0279739871621131,0.2909969389438629,0.0011500000255182,,,0.003145863302052,0.0248281229287385,0.0247502624988555,0.0301191732287406,0.0589516796171665,,,,0.0272333342581987,0.0607272572815418,0.056016843765974,0.0361984893679618,0.1460734754800796,0.292588,0.106967,0.600444,14.0,0.185621,0.268129,0.2493,0.115435,0.17669,0.616436,0.57401,0.152694,0.072611,0,240967542.988986,267038617.57419,296592015.368418,127100681.738052,144446096.0,165691344.0,167475661.914,176711915.16,175204957.158,4.56166666666666,5.845,5.44,0.149166666666667,0.27,1.0175,256.89975219712204,282.6998416087512,331.7240156398179,0.957822,0.863068,0.6985039999999999,206.362412922423,203.49589887306388,198.6385795631577,3459945.6630446394,147541.97686404,-4821351.16891032,15935.3071380821,16117.7703341578,16641.4906711182,2.60833333333333,4.412499999999993,5.574999999999999,4.4225,-0.09763035332506097,-0.12008226419596695,-0.05226729186674948,-0.09126319019073169,-0.011320622660133834,42923323.18681383,69019024.215651,98716569.21258,19936569.105049387,37281983.36699739,58527231.36699739,16062615.073043495,28144479.294,29385304.689714283,0.6832246376668056,1.8202272727274238,1.2913095238096828,-1.7087076025595564,-1.6887246147971122,-1.047838624338624,-14.618972251737262,13.97178553723245,65.27256472580643,0.28085865217391304,0.19875949999999998,0.04899714285714274,25.700505071410333,24.33049359162112,21.041563514353726,6983292.653226521,4032064.5085132797,-567853.029892154,-679.4061608557986,-412.63350639231976,192.12884979018418,2.391932240226362,3.5089518875245362,2.339148148148307,-0.16018982042541857,-0.2108917943321173,-0.10483845342562376,-0.14007879404666107,-0.025184491126987285,-0.02141879999999996,-0.02593377391304348,0.04735267826086953,0.004514930434782599,-0.04329860909090913,0.035843736363636386,0.007454981818181827,-0.0791413909090909
2015,Spain,ESP,184,46410.149,16886.7171082425,98.72047244094487,90.82653413000772,179295889.74,0.1801445818910717,205.02020505919705,3632534.726132399,54839660.898,60290965.416,128561727.6068424,184357684.632,-0.0758333333333333,1.73583333333333,266.9389619044314,22.0573,233.38641148122008,0.99303,32352426.612,37130533.374,152.82998071093965,220814687.478,113414354.724,110364998.502,110449688.976,179487568.0,8.23540210723877,105.21129608154295,50.1983642578125,0.0,0.0,1.0,1.0,PEG,DEU,-0.20416667,-0.0319905988872051,0.0604859814047813,0.0158710237592458,-0.0007583333062939,,,0.035854909569025,0.0246310718357563,0.0237784963101148,-0.0741803050041198,0.045570109039545,,,,0.0173583328723907,0.0421897061169147,0.0409986823797225,0.0484309867024421,0.0075563453137874,0.461013,0.203499,0.335488,9.0,0.257513,0.292588,0.268129,0.106967,0.115435,0.600444,0.616436,0.185621,0.152694,0,229629484.986,240967542.988986,267038617.57419,118839037.482,127100681.738052,144446096.0,174117125.49,167475661.914,176711915.16,2.72333333333333,4.56166666666666,5.845,0.115,0.149166666666667,0.27,257.70089487549143,256.89975219712204,282.6998416087512,1.007005,0.957822,0.863068,206.0514135394804,206.362412922423,203.49589887306388,2917805.53038612,3459945.6630446394,147541.97686404,16223.9740631564,15935.3071380821,16117.7703341578,1.8116666666666632,2.60833333333333,4.412499999999993,5.574999999999999,-0.047052220653236346,-0.06500078632999647,0.03965629095056478,0.0031185031185030575,0.01811492697146987,31585265.183827847,42947949.630447,69163171.41835201,11674924.848997384,19936569.105049387,37281983.36699739,22704078.6490435,18908226.048000008,30892262.691714287,-1.1551086956665246,0.5368939393940844,1.6963095238096821,-1.7428742692262233,-1.8095579481304451,-1.795338624338624,-13.817829573367874,-11.828303874396738,16.248390694739783,0.330041652173913,0.2935135,0.21356114285714278,25.38950568846772,27.197007640980246,25.898882824259914,6441152.520568002,7344468.194693879,4401040.115882206,-390.7392357814988,-595.0967024680194,-331.5914871702171,0.5877655735596985,2.3464518875245304,3.491648148148306,-0.10961168775359394,-0.1558103164661468,-0.012914870608309502,-0.045697100737426326,0.004251058504616417,0.0030402000000000484,-0.03440177391304347,0.03136067826086952,0.03744193043478261,-0.024469609090909117,-0.025411263636363632,0.04988098181818179,0.0009416090909090957
2016,Spain,ESP,184,46450.439000000006,17373.7168394817,101.5748031496063,93.19425246517244,185327382.24,0.179602097249156,204.6048571990829,5885997.6599424,55399050.63,62789084.82,149999861.40695485,195650801.61,-0.2075,1.39333333333,279.2788519161437,19.6347,232.44819699946856,0.991663,31958923.722,36625551.864,157.84650412674318,212331830.04,108384838.716,108564868.368,103766961.672,175095808.0,8.591602325439453,102.70086669921876,48.64445495605469,0.0,0.0,1.0,1.0,PEG,DEU,-0.21250001,0.0227000005543231,0.0699837356805801,0.0554942898452281,-0.0021,,,0.0462261438369751,0.0237575881183147,0.0227078907191753,-0.0131999999284744,0.0363802202045917,,,,0.013933,0.0359000004827976,0.0464900396764278,0.0564213320612907,0.0266971457749605,0.281367,0.134644,0.583989,11.0,0.146723,0.461013,0.292588,0.203499,0.106967,0.335488,0.600444,0.257513,0.185621,0,220814687.478,229629484.986,240967542.988986,113414354.724,118839037.482,127100681.738052,184357684.632,174117125.49,167475661.914,1.73583333333333,2.72333333333333,4.56166666666666,-0.0758333333333333,0.115,0.149166666666667,266.9389619044314,257.70089487549143,256.89975219712204,0.99303,1.007005,0.957822,205.02020505919705,206.0514135394804,206.362412922423,3632534.726132399,2917805.53038612,3459945.6630446394,16886.7171082425,16223.9740631564,15935.3071380821,1.60083333333,1.8116666666666632,2.60833333333333,4.412499999999993,-0.03838704558579415,-0.0456473131467565,0.05881419827705651,0.0358480207583421,0.040849611969680594,22770467.67582783,31609891.627461016,43092096.833148,6250242.090997398,11674924.848997384,19936569.105049387,32944637.79104349,25549689.624000013,21656009.445714295,-2.1426086956665245,-1.301439393939246,0.4129761904763427,-1.9337076025595565,-1.8437246147971122,-1.9161719576719571,-4.579762544427922,-11.02716119602735,-9.551698716889405,0.31606665217391305,0.34269649999999996,0.3083151428571428,24.358297208184382,26.886008258037634,28.76539687361904,7155881.71631428,6802328.062035359,7713443.802062806,272.0038093046023,-306.42977739371963,-514.0546832459167,-0.20890109310696814,0.5422852208578668,2.3291481481483003,-0.10094651268615173,-0.13645684328290683,0.0062430367181822224,-0.012967583097587283,0.02698574350282714,0.17146520000000004,0.062130226086956536,-0.23359532173913045,0.1093339304347826,-1.0609090909108332e-05,-0.03387926363636362,0.033888981818181785,0.03386860909090911
2017,Spain,ESP,184,46549.045,17874.2695008575,104.42913385826768,95.78747335654629,193318402.662,0.1867098385615565,208.60692820589696,5358786.12179064,60978638.754,67950378.53999999,170474329.4671085,198342427.932,-0.286222222222222,1.555,296.5831268609097,17.2236,232.9358632668852,0.985566,32807492.322,36312579.798,138.73592929208715,208638726.384,,107607483.324,101031243.06,172810000.0,8.761937371738483,104.24398775788713,50.2967876717722,0.0,0.0,1.0,1.0,PEG,DEU,-0.035,0.0971999987959861,0.0847639665007591,0.0323343835771083,-0.0029,,,0.0619623661041259,0.022801598533988,0.0214711930602788,0.0654999986290931,0.0297512914985418,,,,0.015579,0.031700000166893,0.0649192556738853,0.0888345912098884,0.0147171914577484,0.282095,0.126206,0.591699,15.0,0.15589,0.281367,0.461013,0.134644,0.203499,0.583989,0.335488,0.146723,0.257513,0,212331830.04,220814687.478,229629484.986,108384838.716,113414354.724,118839037.482,195650801.61,184357684.632,174117125.49,1.39333333333,1.73583333333333,2.72333333333333,-0.2075,-0.0758333333333333,0.115,279.2788519161437,266.9389619044314,257.70089487549143,0.991663,0.99303,1.007005,204.6048571990829,205.02020505919705,206.0514135394804,5885997.6599424,3632534.726132399,2917805.53038612,17373.7168394817,16886.7171082425,16223.9740631564,1.8412222222222219,1.60083333333,1.8116666666666632,2.60833333333333,-0.03841618297625764,-0.04434637943529813,0.06125655678819371,0.04622738443153988,0.02883921890309238,14287610.237827837,22795094.119461,31754038.83016202,1220726.0829973966,6250242.090997398,11674924.848997384,44237754.769043505,35790248.766,28297473.0217143,-2.4851086956698545,-2.2889393939392457,-1.4253571428569876,-2.0653742692262234,-2.0345579481304457,-1.950338624338624,7.760127467284406,-1.7890941670873985,-8.750556038520017,0.31469965217391305,0.3287215,0.35749814285714276,23.942949348070215,25.854799777754295,28.454397490676428,9409344.650124282,7517057.257781639,7171303.669404286,759.003540543803,356.3132676923815,-225.38775817161695,-0.41973442644363135,-0.25438144580879984,0.5249814814816367,-0.10097565007661523,-0.13515590957144846,0.008685395229319423,-0.0025882194243895054,0.014975350436238925,-0.008180799999999988,-0.006724773913043464,0.014905678260869526,-0.001456069565217405,0.16841439090909088,0.06265273636363639,-0.23106701818181818,0.10576060909090909
2000,Finland,FIN,172,5181.115,19950.891924312196,89.41899220742486,82.658,811247.29266,0.215454442301146,119.81309457990804,58069.08120860281,219025.36094604895,294220.540921671,220764.0035832,347028.47718,4.26178333333333,5.425407678087801,105.51792508143323,11.1345,137.33125843546088,0.424547,228262.52043,207440.57397,6.389822675980655,400266.0,154180.0,249881.1875,150384.8125,567876.6875,6.3373541831970215,103.21253204345705,45.55507659912109,0.0,0.0,1.0,1.0,PEG,DEU,1.38,-0.0929404869675636,0.1292849034070968,0.0909104943275451,0.0426178351044654,,,0.0599700026214122,0.0693149045109748,0.0653932690620422,-0.1059700027108192,0.0145739531144499,,,,0.0548333339393138,0.0130295511335134,-0.0158669371157884,-0.0266029890626668,0.066764160990715,0.2496243333333333,0.1132024285714285,0.6371731904761905,,0.136422,0.2496243333333333,0.238813,0.1132024285714285,0.034116,0.6371731904761905,0.727072,0.136422,0.204698,0,370875.4688,308507.8438,274586.25,141085.0,125003.0,114380.0,347789.53062000003,326883.6304524,325057.1021964,4.636407247854343,4.7208841670803405,6.193905234353018,4.39176666666667,2.9635,3.56833333333333,99.5481263843648,91.63015504885992,83.27799869706838,0.4405469999999999,0.468268,0.522151,116.3788966977846,114.8732170266128,113.34413300822072,36560.770617546,33709.35452550121,31307.5305153072,18981.00269479072,18306.525379931536,17472.30353633621,1.1636243447544707,0.2446405811876735,1.7573841670803407,2.625571901019688,0.2021589604717856,0.1286529123301041,0.06395517615448255,0.08641228786836375,0.036843546268948354,-473280.15750980465,-513102.53010157164,-524974.0277405683,-230430.02841761848,-236277.41959501297,-236417.13037904765,-254339.34442559996,-258764.9801634546,-244228.01727640006,0.6838062695163636,0.6035316418620829,1.925050733029682,2.631923174800943,1.1074666539585585,1.6085797470042007,-50.532451416466145,-56.4718012610475,-62.749543989053635,-0.042162826086956595,-0.009322545454545472,0.0502840476190477,-21.699561001023824,-22.135476989625957,-22.57939970540815,18768.657634425297,14906.05631406924,10389.259036151903,-3289.8331731087237,-3855.608445114751,-4585.335769928661,-1.9481169052845795,-0.5039350120964756,0.31647098602548107,0.12608427904328123,0.04961970759999983,0.012585134271476069,0.046729634857396285,0.02060158633816063,0.004316115942028936,-0.0012050186335404306,-0.003111095238095274,0.005521130434782584,-0.005024772727272725,-0.08110483116883116,0.08613065584415591,0.07608095454545455
2001,Finland,FIN,172,5194.901,20360.39155957848,91.573599555469,84.0099,859919.03844,0.2258414220894836,123.00700783056988,65998.78620026998,213396.37603662003,284208.26991370803,231968.6128536,367868.26083,3.31859166666667,4.932487369037506,104.16293941368076,10.2905,141.77923675253913,0.409236,222715.15434,210728.56266,6.746544876886418,456364.5625,170474.0,265910.875,190453.6875,589548.875,10.399667739868164,117.13070678710938,55.27254486083984,0.0,0.0,1.0,1.0,PEG,DEU,0.26100001,-0.30624720454216,0.0551021993160247,0.0462495759129524,0.0331859178841114,,,-0.012841410934925,0.0679436102509498,0.0688274502754211,-0.3244400024414062,0.0269301366060972,,,,0.0504333339631557,0.0181929226964712,-0.133593812584877,-0.1624676585197448,0.039717748761177,0.093828,0.065273,0.840899,1.0,0.028555,0.2496243333333333,0.2496243333333333,0.1132024285714285,0.1132024285714285,0.6371731904761905,0.6371731904761905,0.136422,0.136422,0,400266.0,370875.4688,308507.8438,154180.0,141085.0,125003.0,347028.47718,347789.53062000003,326883.6304524,5.425407678087801,4.636407247854343,4.7208841670803405,4.26178333333333,4.39176666666667,2.9635,105.51792508143323,99.5481263843648,91.63015504885992,0.424547,0.4405469999999999,0.468268,119.81309457990804,116.3788966977846,114.8732170266128,58069.08120860281,36560.770617546,33709.35452550121,19950.891924312196,18981.00269479072,18306.525379931536,1.6138957023708365,1.1636243447544707,0.2446405811876735,1.7573841670803407,0.07924636076658201,0.09281638728426127,-0.002188258624816355,0.05996897092787528,0.051097892198690785,-443889.6263098046,-450734.90510157164,-491052.4339405683,-217335.02841761848,-220195.41959501297,-225794.13037904765,-255100.3978656,-237859.07999585458,-242401.48902040004,1.472806699749821,0.5190547226360858,0.45202966575700465,2.5019398414676033,2.5357333206252286,1.0037464136708707,-44.56265271939772,-48.553829925542615,-54.3973876372621,-0.0581628260869565,-0.03704354545454558,-0.003598952380952314,-18.265363118900382,-20.629797318454166,-21.050315687016067,40276.96822548211,17757.47240611403,12791.08304634591,-2319.943943587248,-3181.131130255566,-3751.1139263333353,-1.0291331417177823,-2.016678597989143,-0.5517167479138663,0.003171679338077646,0.013783182554157003,-0.05355830050782284,0.02028631791690782,0.03485593226790306,0.004316115942028936,-0.0012050186335404306,-0.003111095238095274,0.005521130434782584,0.005786560606060587,-0.0020184025974026576,-0.003768153679653663,0.0078049545454545455
2002,Finland,FIN,172,5206.295,20683.000708640797,92.85279577547936,85.0303,882857.66478,0.2302883477437589,125.47538631740282,69021.8122325004,211733.901173634,280906.939005588,243486.2053512,388113.47148,2.33346666666667,4.930846706071634,112.68891205211726,10.4227,144.87628529644294,0.4017949999999999,232198.59369,224183.74965,5.6696195289405935,495815.4688,191844.9219,294063.9063,201751.5625,665713.6875,10.437100410461426,120.08116912841795,53.19632339477539,0.0,0.0,1.0,1.0,PEG,DEU,-1.095,-0.3281951248645782,0.1527997255325317,0.1221483498811721,0.0233346670866012,,,0.0818524807691574,0.0709472522139549,0.0655794143676757,-0.3440800011157989,0.0242177564650774,,,,0.0498083345592021,0.0158849116414785,-0.0533923543989658,-0.0808152258396148,0.0727415084838867,0.2496243333333333,0.1132024285714285,0.6371731904761905,,0.136422,0.093828,0.2496243333333333,0.065273,0.1132024285714285,0.840899,0.6371731904761905,0.028555,0.136422,0,456364.5625,400266.0,370875.4688,170474.0,154180.0,141085.0,367868.26083,347028.47718,347789.53062000003,4.932487369037506,5.425407678087801,4.636407247854343,3.31859166666667,4.26178333333333,4.39176666666667,104.16293941368076,105.51792508143323,99.5481263843648,0.409236,0.424547,0.4405469999999999,123.00700783056988,119.81309457990804,116.3788966977846,65998.78620026998,58069.08120860281,36560.770617546,20360.39155957848,19950.891924312196,18981.00269479072,2.597380039404964,1.6138957023708365,1.1636243447544707,0.2446405811876735,0.14015320436909456,0.1056816707744195,0.060052085118048174,-0.01284128423399878,0.020525379858695184,-387791.0638098046,-421344.3739015716,-428684.8089405683,-201041.02841761848,-207100.41959501297,-209712.13037904765,-234260.6142156,-238620.13343585463,-221495.58885280002,0.9798863906995265,1.3080551528695432,0.36755274653100756,1.5587481748009433,2.405749987291889,2.4320130803375406,-45.91763838715019,-42.58403122847419,-46.47941630175721,-0.07347382608695652,-0.05304354545454548,-0.03131995238095242,-15.071449868238545,-17.195599436330724,-19.544636015844276,48206.673217149284,39265.78299717084,15642.4991383907,-1910.4443083209662,-2211.2419007340904,-3076.6366114741504,-0.5788617841014165,-1.0976948344223456,-2.0644603338065335,0.0640785229405902,0.02664846604431524,0.008682043235041688,-0.05252393724496624,0.004283419927907459,-0.15148021739130438,-0.04913444720496893,0.2006147142857142,-0.1023458695652174,0.005786560606060587,-0.0020184025974026576,-0.003768153679653663,0.0078049545454545455
2003,Finland,FIN,172,5219.732,21053.137627512053,94.29680867668988,88.5537,902258.58177,0.2203722918141152,127.0949671450467,38923.4352175578,218652.15817626304,275752.94241238805,264318.021723,407050.62153,2.10633333333333,4.067210381804597,119.63534071661238,10.4693,149.09966184001846,0.427482,233375.84823,232781.27523,4.707624703087887,549539.6875,214323.8906,333377.0938,216162.59370000003,696803.875,10.039422988891602,125.98917388916016,56.10245895385742,0.0,0.0,1.0,1.0,PEG,DEU,-0.95999998,0.0850438624620437,0.1287488937377929,0.0435829125344753,0.021063333377242,,,0.061638668179512,0.0671102181077003,0.0632138028740882,0.0444209985435009,0.0388950891792774,,,,0.0413416661322116,0.0406228490173816,0.0934789404273033,0.1076591908931732,0.0323231220245361,0.262224,0.234807,0.502969,1.0,0.027417,0.2496243333333333,0.093828,0.1132024285714285,0.065273,0.6371731904761905,0.840899,0.136422,0.028555,0,495815.4688,456364.5625,400266.0,191844.9219,170474.0,154180.0,388113.47148,367868.26083,347028.47718,4.930846706071634,4.932487369037506,5.425407678087801,2.33346666666667,3.31859166666667,4.26178333333333,112.68891205211726,104.16293941368076,105.51792508143323,0.4017949999999999,0.409236,0.424547,125.47538631740282,123.00700783056988,119.81309457990804,69021.8122325004,65998.78620026998,58069.08120860281,20683.000708640797,20360.39155957848,19950.891924312196,1.960877048471267,2.597380039404964,1.6138957023708365,1.1636243447544707,0.08644603359183914,0.1253617671903046,0.05503386077483803,0.08185226613638265,0.015844938350930097,-348340.15750980465,-365245.8114015716,-399294.2777405683,-179670.1065176185,-190806.41959501297,-196617.13037904765,-214015.4035656,-217780.34978585463,-222256.64229280007,0.978245727733654,0.8151348438192487,1.156553176764465,0.5736231748009433,1.4625583206252286,2.302029747004201,-37.39166574871369,-43.93901689622666,-40.509617604688785,-0.0809148260869566,-0.0683545454545455,-0.047319952380952324,-12.603071381405599,-14.001686185668888,-16.110438133720834,51229.69924937969,47195.48798883802,37150.809729447516,-1587.8351592586478,-1801.7422654678085,-2106.747381952675,0.404622552932711,-0.6474234768059799,-1.1454765702397363,0.010371352163334777,0.046328562460200326,0.0036638188918315454,0.04216961312541519,-0.00039702157985762807,0.004316115942028936,-0.0012050186335404306,-0.003111095238095274,0.005521130434782584,-0.15000977272727273,-0.049947831168831155,0.1999576558441558,-0.10006204545454545
2004,Finland,FIN,172,5236.611,21879.093145856463,97.62879823874452,91.2513,943932.20334,0.2229345583270758,127.282201922809,52888.52135314021,242167.72902138604,290847.187007769,274438.55198823,425910.47709,2.18468333333333,4.012259490758669,128.13049120521174,10.3578,154.45526361617826,0.4264159999999999,241462.04103,242062.55976,4.365120035239704,606861.8125,247001.6719,382007.2188,224854.59370000003,715087.0,8.651765823364258,133.28372192382812,60.5143928527832,0.0,0.0,1.0,1.0,PEG,DEU,-0.26967001,0.0757320895791053,0.1354326605796814,0.0965012609958648,0.0218468327075243,,,0.0710076466202735,0.0644250139594078,0.0601536445319652,0.0325249992311,0.0418460369110107,,,,0.0410999990999698,0.0432070791721344,0.0982228145003318,0.1074030101299285,0.059174045920372,0.339771,0.132796,0.527433,3.0,0.206975,0.262224,0.2496243333333333,0.234807,0.1132024285714285,0.502969,0.6371731904761905,0.027417,0.136422,0,549539.6875,495815.4688,456364.5625,214323.8906,191844.9219,170474.0,407050.62153,388113.47148,367868.26083,4.067210381804597,4.930846706071634,4.932487369037506,2.10633333333333,2.33346666666667,3.31859166666667,119.63534071661238,112.68891205211726,104.16293941368076,0.427482,0.4017949999999999,0.409236,127.0949671450467,125.47538631740282,123.00700783056988,38923.4352175578,69021.8122325004,65998.78620026998,21053.137627512053,20683.000708640797,20360.39155957848,1.8275761574253386,1.960877048471267,2.597380039404964,1.6138957023708365,0.10835526941107011,0.11717260210680629,0.048792818187388926,0.06164252132705369,0.01789570691822405,-294615.9388098046,-325794.90510157164,-343195.7152405683,-157191.13781761847,-169435.49769501298,-180323.13037904765,-195078.2535156,-197535.1391358546,-201416.85864280007,0.11460940346661719,0.8134941808533762,0.6636328677141705,0.3464898414676034,0.4774333206252286,1.3588380803375408,-30.445237084218576,-35.41304425779016,-41.86460327244126,-0.05522782608695653,-0.07579554545454559,-0.06263095238095234,-10.983490553761726,-11.53330769883594,-12.916524883058997,21131.322234437102,50218.514021068426,45080.51472111468,-1217.6982403873917,-1479.13311640549,-1697.247746686393,-0.231880438000986,0.33606086022814763,-0.6952052126233705,0.03228058798256575,0.03813939737670202,-0.00257722369561756,0.021959868316086227,0.0016537469874363248,0.01691578260869564,0.12039955279503106,-0.13731528571428575,-0.1034838695652174,0.005786560606060587,-0.0020184025974026576,-0.003768153679653663,0.0078049545454545455
2005,Finland,FIN,172,5255.58,22478.604138269035,100.0,94.6538,979184.43651,0.2295760082730093,128.26830508569043,28171.1362383927,279607.517551278,311871.41790468304,293533.60873557004,455734.25877,3.079225,3.276569288605266,136.03049576547232,8.3836,159.48891694971303,0.3992969999999999,250630.35669,250226.04705,5.0400356022717645,682748.6875,288305.0938,437879.2188,244869.46870000003,781429.4375,9.07801342010498,141.86557006835938,62.04010391235352,0.0,0.0,1.0,1.0,PEG,DEU,0.04167,0.3520565927028656,0.1234870254993438,0.0709369927644729,0.030792249366641,,,0.0616639368236064,0.061823084950447,0.0582322552800178,0.3112969994544983,0.03108343295753,,,,0.0335166677832603,0.0407596118748188,0.2110308855772018,0.2417027354240417,0.0508646219968795,0.2963,0.115107,0.588592,2.0,0.181193,0.339771,0.262224,0.132796,0.234807,0.527433,0.502969,0.206975,0.027417,0,606861.8125,549539.6875,495815.4688,247001.6719,214323.8906,191844.9219,425910.47709,407050.62153,388113.47148,4.012259490758669,4.067210381804597,4.930846706071634,2.18468333333333,2.10633333333333,2.33346666666667,128.13049120521174,119.63534071661238,112.68891205211726,0.4264159999999999,0.427482,0.4017949999999999,127.282201922809,127.0949671450467,125.47538631740282,52888.52135314021,38923.4352175578,69021.8122325004,21879.093145856463,21053.137627512053,20683.000708640797,0.1973442886052661,1.8275761574253386,1.960877048471267,2.597380039404964,0.10430934526453105,0.15246914941922005,0.046332948686113255,0.07100870393074193,0.03923194409108211,-237293.81380980462,-272070.6864015716,-303744.8089405683,-124513.3565176185,-146956.52899501295,-158952.20847904767,-176218.3979556,-178597.9890858546,-181171.64799280005,0.05965851242068876,-0.050142143413660634,0.661992204748298,0.42483984146760334,0.25029998729188874,0.3737130803375408,-21.95008659561921,-28.466615593295046,-33.33863063400476,-0.0562938260869566,-0.05010854545454552,-0.07007195238095243,-10.796255775999427,-9.913726871192068,-10.44814639622605,35096.40837001951,20120.137006125835,48103.54075334509,-391.74272204298177,-1108.996197534234,-1374.6385976240745,-0.36518132904691436,-0.30044213070554937,0.288279124410757,0.028234663836026686,0.07343594468911578,-0.00503709319689323,0.03132605091977447,0.022989984160294387,0.09446278260869562,0.01838855279503107,-0.11285128571428571,0.07607413043478259,0.01838622727272729,0.11958616883116883,-0.13797234415584414,-0.10120004545454545
2006,Finland,FIN,172,5276.955,23434.467453076344,103.62894134922118,100.0,1027998.87981,0.2278547013498638,129.90348881148114,40410.63596533109,328517.282794638,365598.37137936,306199.96978074,480545.79006,4.27760833333333,3.705516536598744,147.34757850162867,7.7189,165.0951586552804,0.381117,254043.20571,255898.27347,4.514601366742597,760159.8125,328837.625,494339.875,265819.9375,812281.875,9.17831039428711,153.14907836914062,63.962181091308594,0.0,0.0,1.0,1.0,PEG,DEU,0.74583,0.2182711809873581,0.1427658647298813,-0.014735666103661,0.0427760817110538,,,0.0831942707300186,0.0595715939998626,0.0549962222576141,0.1785829961299896,0.0336744897067546,,,,0.0378333330154418,0.0396881811320781,0.1578629165887832,0.1828736662864685,0.0140202082693576,0.189303,0.115761,0.694936,6.0,0.073542,0.2963,0.339771,0.115107,0.132796,0.588592,0.527433,0.181193,0.206975,0,682748.6875,606861.8125,549539.6875,288305.0938,247001.6719,214323.8906,455734.25877,425910.47709,407050.62153,3.276569288605266,4.012259490758669,4.067210381804597,3.079225,2.18468333333333,2.10633333333333,136.03049576547232,128.13049120521174,119.63534071661238,0.3992969999999999,0.4264159999999999,0.427482,128.26830508569043,127.282201922809,127.0949671450467,28171.1362383927,52888.52135314021,38923.4352175578,22478.604138269035,21879.093145856463,21053.137627512053,-0.5720917967345858,0.1973442886052661,1.8275761574253386,1.960877048471267,0.12504803142478174,0.1672191997012956,0.07002359247832707,0.061655929716277,0.02740108963456327,-161406.93880980462,-214748.5614015716,-250020.59024056827,-83209.9346176185,-114278.74769501298,-136473.23977904764,-146394.61627559998,-159738.13352585462,-162234.49794280005,-0.6760316897327137,-0.10509303445958906,-0.20164411951873884,1.3193815081342735,0.32864998729188866,0.14657974700420096,-14.050082035358628,-19.97146510469568,-26.392201969509642,-0.0834128260869566,-0.051174545454545584,-0.04438495238095236,-9.810152613117992,-9.72649209342977,-8.828565568582178,10379.023255272,34085.223141708244,18005.163738402505,207.76827036959003,-283.040679189824,-1004.5016787528184,-1.995413197866987,-0.4337430217514777,-0.34822386652294,0.04897334999627738,0.08818599497119133,0.018653550595320582,0.02197327670530954,0.011159129703775545,0.050991782608695635,0.0006995527950310748,-0.051692285714285746,0.05029213043478259,0.09593322727272727,0.017575168831168844,-0.1135083441558441,0.07835795454545455
2007,Finland,FIN,172,5300.484,24651.340279395088,108.6573422209533,102.3933,1112279.60256,0.2417193697073641,131.95995078723703,44802.62239111679,354460.873941762,390560.8284851071,319007.53596768,555991.15803,4.63423333333333,4.237804883222464,155.71595765472313,6.854,170.55520661648012,0.339041,272885.22408,262563.4368,4.03894436519258,849058.5,369655.9063,550497.3125,298561.1875,909179.4375,7.732727527618408,149.5443572998047,64.02931213378906,0.0,0.0,1.0,1.0,PEG,DEU,1.02334,0.2504150569438934,0.1131309419870376,0.0133876195177435,0.0463423319160938,,,0.0567907281219959,0.056340217590332,0.0533125586807727,0.2049839943647384,0.0377026237547397,,,,0.0429254546761512,0.0454310588538646,0.1691743731498718,0.1893268078565597,0.0298649761825799,0.326224,0.041248,0.632528,4.0,0.284977,0.189303,0.2963,0.115761,0.115107,0.694936,0.588592,0.073542,0.181193,0,760159.8125,682748.6875,606861.8125,328837.625,288305.0938,247001.6719,480545.79006,455734.25877,425910.47709,3.705516536598744,3.276569288605266,4.012259490758669,4.27760833333333,3.079225,2.18468333333333,147.34757850162867,136.03049576547232,128.13049120521174,0.381117,0.3992969999999999,0.4264159999999999,129.90348881148114,128.26830508569043,127.282201922809,40410.63596533109,28171.1362383927,52888.52135314021,23434.467453076344,22478.604138269035,21879.093145856463,-0.39642845011086614,-0.5720917967345858,0.1973442886052661,1.8275761574253386,0.1133815801000716,0.14058902208685162,0.0544429803389477,0.08319518849411477,0.042523250506466534,-83995.81380980462,-138861.6864015716,-192698.46524056827,-42677.40341761848,-72975.32579501299,-103795.45847904767,-121583.08498559997,-129914.3518458546,-143374.64238280006,-0.24708444173923594,-0.8407832366129915,-0.25659501056466727,2.517764841467603,1.2231916539585588,0.22492974700420088,-2.7329992992022767,-12.071460544435098,-17.897051480910278,-0.10159282608695652,-0.07829354545454559,-0.045450952380952425,-8.174968887327282,-8.740388930548335,-8.641330790819879,22618.522982210387,9367.838026960733,31970.249873984914,1163.6315851768995,316.4703132227478,-178.54616040840847,-2.7648492832068388,-2.0639748905715503,-0.48152475756886837,0.03730689867156724,0.06155581735674735,0.0030729384559412126,0.043512535483147305,0.02628129057567881,-0.056005217391304374,0.0013535527950310766,0.05465171428571425,-0.05735886956521741,0.052462227272727285,-0.00011383116883115219,-0.052349344155844135,0.05257595454545455
2008,Finland,FIN,172,5326.314,24694.0578673912,109.00057598148956,103.4508,1155047.23845,0.2456391221975004,137.12763065347642,29372.8512737835,371027.63148864,389922.27551487,330263.80768605,629694.42711,1.22835833333333,4.454329089876309,157.22307491856677,6.3686,177.8673475228777,0.325607,286857.68958,280929.79677,4.2722785082992,947563.0,402122.5,607606.04016,352651.09338999994,1096357.0,5.962889671325684,148.52903747558594,70.2789535522461,0.0,0.0,1.0,1.0,PEG,DEU,-0.04084,-0.5130674242973328,0.0650252625346183,0.11503367125988,0.0122835831716656,,,0.0096778748556971,0.0553473904728889,0.0548168793320655,-0.5341200232505798,0.0451884493231773,,,,0.0428973212838172,0.0210523940622806,-0.1023853048682212,-0.1351170837879181,0.0636586248874664,0.218973,0.135122,0.645905,5.0,0.083851,0.326224,0.189303,0.041248,0.115761,0.632528,0.694936,0.284977,0.073542,0,849058.5,760159.8125,682748.6875,369655.9063,328837.625,288305.0938,555991.15803,480545.79006,455734.25877,4.237804883222464,3.705516536598744,3.276569288605266,4.63423333333333,4.27760833333333,3.079225,155.71595765472313,147.34757850162867,136.03049576547232,0.339041,0.381117,0.3992969999999999,131.95995078723703,129.90348881148114,128.26830508569043,44802.62239111679,40410.63596533109,28171.1362383927,24651.340279395088,23434.467453076344,22478.604138269035,3.2259707565429787,-0.39642845011086614,-0.5720917967345858,0.1973442886052661,0.11694736559096908,0.12412898706466444,0.15699933186508627,0.056793462357455395,0.05192662597327339,4902.873690195382,-61450.56140157161,-116811.59024056827,-1859.1221176185063,-32442.794595012965,-62492.03657904768,-46137.71701559995,-105102.82055585459,-113550.86070280004,0.2852039048844839,-0.41183598861951376,-0.9922852127180697,2.874389841467603,2.4215749872918884,1.119471413670871,5.635379853892175,-0.7543778082787469,-9.997046920649694,-0.14366882608695652,-0.0964735454545455,-0.07256995238095243,-6.118506911571387,-7.105205204757624,-7.655227627938444,27010.50940799609,21607.33775389912,7252.864759237404,2380.5044114956436,1272.3336280300573,420.9648320041633,-2.589185936583119,-2.833410975911402,-2.111756626388941,0.040872684162464715,0.04509578233456017,0.1056292899820798,0.017110809346487933,0.035684666042485665,0.08091578260869564,-0.07315944720496892,-0.007756285714285771,0.15407613043478258,-0.05453477272727272,0.0005401688311688496,0.05399465584415586,-0.055075045454545446
2009,Finland,FIN,172,5351.427,22561.739564366093,99.72132589165342,100.9689,1080618.59031,0.2304603129885267,139.3682068273652,21569.147062587603,259558.68485001003,267934.8687393,391122.08220876,633101.3304,0.810958333333333,5.1424499080288,158.39705537459287,8.2495,182.7875498262157,0.4153139999999999,250618.46523,299706.41211000003,4.127259475218656,958280.25,427262.5,607606.04016,331606.25373,1065837.5,6.202650547027588,148.84498596191406,70.2185287475586,0.0,0.0,1.0,1.0,PEG,DEU,-3.192497,0.2621223330497741,0.0646318346261978,0.0519933030009269,0.0081095835193991,,,0.0074671008624136,0.0571647323668003,0.056741040199995,0.1948010027408599,0.0563452281057834,,,,0.0373884551227092,0.0673213377594947,0.1216949224472045,0.1420831978321075,0.0300514437258243,0.418201,0.01915,0.562649,1.0,0.399051,0.218973,0.326224,0.135122,0.041248,0.645905,0.632528,0.083851,0.284977,0,947563.0,849058.5,760159.8125,402122.5,369655.9063,328837.625,629694.42711,555991.15803,480545.79006,4.454329089876309,4.237804883222464,3.705516536598744,1.22835833333333,4.63423333333333,4.27760833333333,157.22307491856677,155.71595765472313,147.34757850162867,0.325607,0.339041,0.381117,137.12763065347642,131.95995078723703,129.90348881148114,29372.8512737835,44802.62239111679,40410.63596533109,24694.0578673912,24651.340279395088,23434.467453076344,4.331491574695467,3.2259707565429787,-0.39642845011086614,-0.5720917967345858,0.11601615200837162,0.08782923022918308,0.13256194458405962,0.00967863080022567,0.001732870809941972,103407.37369019538,27448.126098428387,-39400.46524056827,30607.47158238152,8375.486704987008,-21959.505379047652,27565.55206440005,-29657.452585854568,-88739.32941280003,0.5017281115383287,0.12045235800420606,-0.563337964724592,-0.5314851585323965,2.7781999872918886,2.3178547470042004,7.1424971177358145,7.614001344815705,1.3200358155066567,-0.15710282608695653,-0.1385495454545455,-0.09074995238095235,-0.9508270453320051,-5.04874322900173,-6.020043902147734,11580.7382906628,25999.324179684823,19492.36448617579,2423.221999491754,2489.2064543488013,1376.8281468114728,1.0332132700707257,-2.6577476292876825,-2.8811927117287928,0.03994147057986726,0.008796025499078819,0.08119190270105314,-0.03000402221074179,-0.014509089120845753,-0.026335217391304372,0.020714552795031066,0.005620714285714201,-0.04704986956521741,0.08238622727272729,-0.07397283116883116,-0.00841334415584416,0.15635995454545454
2010,Finland,FIN,172,5375.276,23290.483285665083,102.4287267069094,103.59014499474728,1118647.47939,0.224206306787814,141.71800328828203,16656.660968117103,308579.90280222,311785.67988351,417830.7088553224,674424.1539,1.3906,5.648493552404196,172.81892117263845,8.3944,188.0120872366031,0.469047,255963.6765,315016.66686,4.449730579254603,1017966.5,456314.0,645087.92208,351919.87966999994,1123743.0,5.314390659332275,147.52371215820312,73.92847442626953,0.0,0.0,1.0,1.0,PEG,DEU,-0.24250001,0.2345185875892639,0.1489359736442566,0.0760173350572586,0.0139060001820325,,,0.091049700975418,0.0578862689435482,0.0530555732548236,0.1867640018463134,0.0402393452823162,,,,0.0301290974020957,0.0477546080946922,0.1587202399969101,0.1864207088947296,0.0449616685509681,0.175574,0.213304,0.611121,2.0,-0.03773,0.418201,0.218973,0.01915,0.135122,0.562649,0.645905,0.399051,0.083851,0,958280.25,947563.0,849058.5,427262.5,402122.5,369655.9063,633101.3304,629694.42711,555991.15803,5.1424499080288,4.454329089876309,4.237804883222464,0.810958333333333,1.22835833333333,4.63423333333333,158.39705537459287,157.22307491856677,155.71595765472313,0.4153139999999999,0.325607,0.339041,139.3682068273652,137.12763065347642,131.95995078723703,21569.147062587603,29372.8512737835,44802.62239111679,22561.739564366093,24694.0578673912,24651.340279395088,4.257893552404196,4.331491574695467,3.2259707565429787,-0.39642845011086614,0.011310329761715053,0.06251826246976978,0.0054104072440914015,0.007466973004020946,-0.0863494495103155,114124.62369019538,125952.62609842839,49498.22225943173,55747.47158238152,40842.080404987035,18858.77592095232,30972.45535439998,44045.81649414543,-13293.961442800006,1.18984892969082,0.3369765646580509,-0.031049618100872145,-0.9488851585323936,-0.6276750127081112,2.6744797470042005,8.316477573761915,9.121118608659344,9.688414968601109,-0.0673958260869566,-0.1519835454545455,-0.13282595238095235,1.2897491285567924,0.11893663723765258,-3.9635819263918393,3777.0340794669028,10569.553062351533,23884.350911961494,290.9036964666484,2531.924042344912,2593.700973130217,2.138734088223214,0.9646515773661624,-2.705529365105073,-0.06476435166678932,-0.01651494226033448,-0.04595963463891509,-0.032215680006946516,-0.10259140944110323,0.17289278260869562,-0.09525744720496893,-0.0776352857142858,0.2681501304347826,-0.02486477272727272,0.01990116883116884,0.004963655844155812,-0.04476604545454545
2011,Finland,FIN,172,5401.267,23783.247093498445,104.55248016519168,106.09554191957696,1177242.64854,0.2274609003956946,146.42851823881847,-16952.294138976,359923.18993155,338045.68018746,443082.3053392229,710538.51792,0.573183333333333,9.449968696387224,178.2226996742671,7.781,194.3343338290533,0.482712,284437.77747000003,322377.4806,4.595200556457223,1086997.875,486246.3125,680429.3412,383832.06228,1128392.5,4.09065055847168,147.6305389404297,79.60012817382812,0.0,0.0,1.0,1.0,PEG,DEU,0.425834,-0.2702140212059021,0.0860973373055458,0.1128613874316215,0.0057318331673741,,,0.0312697105109691,0.0548276267945766,0.0531651675701141,-0.3010799884796142,0.0441623665392398,,,,0.0300587508827447,0.0308659616857767,-0.0132598299533128,-0.0345277525484561,0.0592966116964817,0.319648,0.141367,0.538985,4.0,0.17828,0.175574,0.418201,0.213304,0.01915,0.611121,0.562649,-0.03773,0.399051,0,1017966.5,958280.25,947563.0,456314.0,427262.5,402122.5,674424.1539,633101.3304,629694.42711,5.648493552404196,5.1424499080288,4.454329089876309,1.3906,0.810958333333333,1.22835833333333,172.81892117263845,158.39705537459287,157.22307491856677,0.469047,0.4153139999999999,0.325607,141.71800328828203,139.3682068273652,137.12763065347642,16656.660968117103,21569.147062587603,29372.8512737835,23290.483285665083,22561.739564366093,24694.0578673912,8.87678536305389,4.257893552404196,4.331491574695467,3.2259707565429787,0.06228475438161227,0.06799449986834791,0.06527047332832465,0.09104882514349365,0.03229997931763933,173810.87369019538,136669.8760984284,148002.72225943173,84798.97158238152,65982.08040498703,51325.36962095235,72295.27885440004,47452.71978414536,60409.30763719999,1.6958925740662165,1.025097382810542,0.18547458855297272,-0.3692434918657266,-1.0450750127081083,-0.731395252995799,22.738343371807503,10.295099064685445,11.195532232444748,-0.013662826086956514,-0.062276545454545584,-0.14625995238095235,3.639545589473613,2.35951281112645,1.2040979398475429,-1135.452015003597,2765.848851155635,8454.579794628204,1019.6474177656382,399.60573931980616,2636.4185611263274,2.0651360659319433,2.0701723955186506,0.9168698415487717,-0.013789927046892095,-0.011038704861756357,0.013900431445318169,0.051366172132526186,0.016058019386851606,-0.06973421739130437,0.09889655279503107,-0.029163285714285725,-0.1686308695652174,0.17436322727272727,-0.09607083116883115,-0.07829234415584418,0.27043395454545455
2012,Finland,FIN,172,5426.674,23338.12735748588,102.60195830883818,105.99820595863464,1195311.72201,0.2322153428798807,151.05789811899123,-24563.655887305504,353873.70099732,338181.45687774004,486819.57571275,731170.20102,0.220666666666667,6.074160458666865,183.1281537459284,7.6891,200.0197614752253,0.5362250000000001,290805.6543,334702.97889,4.506389267849023,1144008.625,513388.625,714528.1027500001,403646.3254,1194657.75,4.166785717010498,153.4248809814453,78.08242797851562,0.0,0.0,1.0,1.0,PEG,DEU,-0.55416697,0.141029879450798,0.0821183174848556,0.1047490313649177,0.0022066666278988,,,0.0275216996669769,0.0545966178178787,0.0531342737376689,0.0833289995789527,0.0532625801861286,,,,0.0188419111073017,0.0577008984982967,0.0910216346383094,0.1023087427020073,0.0534778498113155,0.165296,0.170507,0.664197,6.0,-0.005211,0.319648,0.175574,0.141367,0.213304,0.538985,0.611121,0.17828,-0.03773,0,1086997.875,1017966.5,958280.25,486246.3125,456314.0,427262.5,710538.51792,674424.1539,633101.3304,9.449968696387224,5.648493552404196,5.1424499080288,0.573183333333333,1.3906,0.810958333333333,178.2226996742671,172.81892117263845,158.39705537459287,0.482712,0.469047,0.4153139999999999,146.42851823881847,141.71800328828203,139.3682068273652,-16952.294138976,16656.660968117103,21569.147062587603,23783.247093498445,23290.483285665083,22561.739564366093,5.853493792000198,8.87678536305389,4.257893552404196,4.331491574695467,0.06781301251072604,0.06559586710028621,0.05354844397425722,0.03126844251174616,0.021157302825770483,242842.24869019538,196356.1260984284,158719.97225943173,114731.28408238152,95033.58040498703,76465.36962095235,108409.64287440001,88775.54328414542,63816.21092719992,5.497367718049244,1.5311410271859387,0.8735954067054639,-1.1866601585323937,-0.46543334604144126,-1.148795252995796,28.14212187343614,24.716964862731032,12.369512688470849,2.1739130434683673e-06,-0.008543545454545498,-0.056552952380952426,8.350060540010048,4.709309272043271,3.4446741137363404,-34744.4071220967,-2146.6372433148645,650.8755834323056,1512.4112255990003,1128.349460618796,504.1002581012217,6.684027876581638,1.99657437322738,2.02239065970126,-0.008261668917778325,-0.013437337629818052,0.002178402091250732,-0.008414210499221302,0.004915342894982758,0.07433978260869561,0.026959552795031066,-0.1012992857142857,0.04737913043478259,-0.06826377272727271,0.09808316883116884,-0.029820344155844114,-0.16634704545454543
2013,Finland,FIN,172,5451.27,23019.30032876388,101.2094285114342,104.96026435969596,1214837.49933,0.221144104889396,154.4047197714923,-21842.778237953404,347272.25211,333243.59351577,541017.14025723,749744.66154,0.209933333333333,3.730121560082133,186.03720233479132,8.1934,202.88284170926252,0.562292,300740.96913,345607.44771000004,4.311311725038069,1183210.5,525085.8125,733316.60955,423589.98093,1150724.75,5.05702543258667,155.5426025390625,74.17881774902344,0.0,0.0,1.0,1.0,PEG,DEU,-0.16583334,0.3224339783191681,0.0709127634763717,-0.0291298516094684,0.0020993333309888,,,0.0158861689269542,0.0550265945494174,0.0541661009192466,0.2647149860858917,0.0456379279494285,,,,0.018608771264553,0.0577189698815345,0.1292739808559417,0.1704122126102447,-0.0135152591392397,0.153753,0.105541,0.740706,9.0,0.048213,0.165296,0.319648,0.170507,0.141367,0.664197,0.538985,-0.005211,0.17828,0,1144008.625,1086997.875,1017966.5,513388.625,486246.3125,456314.0,731170.20102,710538.51792,674424.1539,6.074160458666865,9.449968696387224,5.648493552404196,0.220666666666667,0.573183333333333,1.3906,183.1281537459284,178.2226996742671,172.81892117263845,0.5362250000000001,0.482712,0.469047,151.05789811899123,146.42851823881847,141.71800328828203,-24563.655887305504,-16952.294138976,16656.660968117103,23338.12735748588,23783.247093498445,23290.483285665083,3.5201882267488003,5.853493792000198,8.87678536305389,4.257893552404196,0.05244789461984919,0.055820089124069196,0.02903668496452005,0.027524294495745293,-0.018715683954452427,299852.9986901954,265387.5010984284,218406.22225943173,141873.59658238152,124965.89290498703,105516.86962095235,129041.32597440004,124889.9073041454,105139.03442719998,2.1215594803288855,5.332616171168966,1.3796390510808605,-1.5391768251990596,-1.2828500127081082,-0.569153586329129,33.047575945097435,30.12074336435967,26.791378486516436,0.05351517391304356,0.005121454545454485,-0.0028199523809523397,12.979440420182812,9.419824222579706,5.794470574653161,-42355.768870426204,-35755.59235040797,-4261.610511038194,1067.2914895864342,1621.113268452158,1232.8439794002115,3.660736305527945,6.615466183877075,1.9487926374099893,-0.023626786808655174,-0.02321311560603507,-0.022333356918486435,-0.012158358515222168,-0.034957643885240156,-0.08001221739130437,0.056099552795031066,0.023912714285714287,-0.1361118695652174,0.07581022727272727,0.02614616883116884,-0.10195634415584409,0.04966295454545455
2014,Finland,FIN,172,5471.753,22831.816702445525,100.42393366684136,105.16089363576448,1230153.69981,0.2162074033697694,156.2723866796712,-16385.647281469202,343478.87637,332802.07549743,581785.8217212299,772665.45069,0.2099273911475,2.330095723877164,185.29601826174436,8.663,205.4789804668405,0.598259,303553.29942,349519.73805,4.897232517914504,1113021.5533491285,533700.61626,756475.2279,356546.3254491284,1192035.625,4.981262416712818,158.64648385819373,76.40116280623327,0.0,0.0,1.0,1.0,PEG,DEU,0.0075,0.1074277982115745,0.0504060424864292,0.1726951748132705,0.0020992739591747,,,-0.0057208240032196,0.0561268664896488,0.0564498044550418,0.0574529990553855,0.0472596026957035,,,,0.0144916670396924,0.0499748103320598,0.0767398625612258,0.0734630674123764,0.0873972252011299,0.170358,0.095616,0.734026,14.0,0.074742,0.153753,0.165296,0.105541,0.170507,0.740706,0.664197,0.048213,-0.005211,0,1183210.5,1144008.625,1086997.875,525085.8125,513388.625,486246.3125,749744.66154,731170.20102,710538.51792,3.730121560082133,6.074160458666865,9.449968696387224,0.209933333333333,0.220666666666667,0.573183333333333,186.03720233479132,183.1281537459284,178.2226996742671,0.562292,0.5362250000000001,0.482712,154.4047197714923,151.05789811899123,146.42851823881847,-21842.778237953404,-24563.655887305504,-16952.294138976,23019.30032876388,23338.12735748588,23783.247093498445,2.120168332729664,3.5201882267488003,5.853493792000198,8.87678536305389,0.03426711490046677,0.022784274778195564,0.025403743880820284,0.015885315989691777,-0.013661208709606862,339054.8736901954,322398.2510984284,287437.5972594317,153570.78408238152,152108.20540498703,135449.18212095235,147615.7864944,145521.59040414542,141253.39844719996,-0.22247941825584672,1.9568079334486077,5.181114195063888,-1.5499101585323936,-1.6353666793747743,-1.3865702529957962,35.956624533960365,35.026197436020965,32.19515698814507,0.07958217391304351,0.05863445454545457,0.010845047619047643,16.326262072683875,14.04920410275247,10.504985525189596,-39634.891221074104,-43366.95409873747,-37870.565618131295,748.4644608644339,1175.993532439592,1725.6077872335736,1.3274307402765473,3.592174612823382,6.567684448059683,-0.04180756652803759,-0.0562489299519087,-0.0259662980021862,-0.023797337021275684,-0.029903168640394585,-0.09155521739130437,-0.00886644720496893,0.10042171428571423,-0.0826878695652174,-0.07854177272727272,0.05528616883116884,0.023255655844155898,-0.13382804545454544
2015,Finland,FIN,172,5487.308,22870.008468200183,100.63786618087296,106.49936572316896,1256838.13605,0.2137488568815729,156.0289814685802,-11776.5733347885,324000.66489,320356.61021322,662758.63164,850025.34372,-0.0192770782357739,1.1638176107644125,185.29601826174436,9.3759,208.06855502130972,0.636417,309160.12281000003,346659.84192000004,5.46131165610361,1156457.374071562,546739.60215,783421.2762600001,373036.0978115619,1259186.75,6.040298943669564,155.75355705891437,73.9822302760937,0.0,0.0,1.0,1.0,PEG,DEU,-0.20416667,0.1486377418041229,0.0499776154756546,0.0011106575839221,-0.0001927707780851,,,-0.0082470271736383,0.058224644511938,0.0587088167667388,0.1079540029168129,0.0367197133600711,,,,0.0072313300333917,0.0406837537884712,0.0701918751001358,0.0920095816254615,0.0004589433956425,0.208702,0.119854,0.671444,12.0,0.088848,0.170358,0.153753,0.095616,0.105541,0.734026,0.740706,0.074742,0.048213,0,1113021.5533491285,1183210.5,1144008.625,533700.61626,525085.8125,513388.625,772665.45069,749744.66154,731170.20102,2.330095723877164,3.730121560082133,6.074160458666865,0.2099273911475,0.209933333333333,0.220666666666667,185.29601826174436,186.03720233479132,183.1281537459284,0.598259,0.562292,0.5362250000000001,156.2723866796712,154.4047197714923,151.05789811899123,-16385.647281469202,-21842.778237953404,-24563.655887305504,22831.816702445525,23019.30032876388,23338.12735748588,1.1830946890001863,2.120168332729664,3.5201882267488003,5.853493792000198,-0.059320760465590476,0.016406468342734053,0.030571460292788104,-0.003984063745019785,-0.008144627492612461,268865.92703932384,361600.1260984284,344448.3472594317,162185.58784238156,163805.39290498703,162591.49462095235,170536.57564439997,164096.05092414538,161885.08154719998,-1.6225052544608158,-0.38723096513612454,1.8053059573435295,-1.5499161007182267,-1.6461000127081082,-1.739086919662462,35.21544046091341,37.935246024883895,37.10061105980637,0.11554917391304348,0.08470145454545452,0.06435804761904773,18.19392898086278,17.396025755253532,15.13436540536236,-34177.7602645899,-40646.07644938537,-45481.927366460804,560.9808345460806,857.1665037175917,1280.4880512210075,-0.07258915374258912,1.258869047571984,3.544392877005991,-0.13539544189409483,-0.06262673638737021,-0.02079858159021838,-0.043666716755987246,-0.024386587423400184,-0.07495021739130436,-0.01879144720496892,0.0937417142857142,-0.0561588695652174,-0.09008477272727272,-0.009679831168831157,0.09976465584415584,-0.08040404545454544
2016,Finland,FIN,172,5503.297,23446.339893403805,103.1702972176921,108.77328869127544,1293303.29814,0.2289689132839364,156.63593420649298,-25853.132929818603,327032.98719,308453.43712512,699544.8631500001,862719.4772699999,-0.26,0.724207825054455,186.7820923282036,8.8184,210.31041017117,0.631764,319309.48392,353277.43941,5.640574898017266,1194933.8984871297,559231.58088,816646.0155,378287.8829871295,1252289.625,6.460578356232197,165.66336537697913,72.35810233658322,0.0,0.0,1.0,1.0,PEG,DEU,-0.21250001,0.1064999997615814,0.0640146136283874,0.0378192514181137,-0.002637,,,0.0044251680374145,0.0595894493162632,0.0593269169330596,0.0564000010490417,0.0474252179265022,,,,0.00365,0.0501000024378299,0.0675317347049713,0.0807165503501892,0.0175911262631416,0.182308,0.138015,0.679677,8.0,0.044293,0.208702,0.170358,0.119854,0.095616,0.671444,0.734026,0.088848,0.074742,0,1156457.374071562,1113021.5533491285,1183210.5,546739.60215,533700.61626,525085.8125,850025.34372,772665.45069,749744.66154,1.1638176107644125,2.330095723877164,3.730121560082133,-0.0192770782357739,0.2099273911475,0.209933333333333,185.29601826174436,185.29601826174436,186.03720233479132,0.636417,0.598259,0.562292,156.0289814685802,156.2723866796712,154.4047197714923,-11776.5733347885,-16385.647281469202,-21842.778237953404,22870.008468200183,22831.816702445525,23019.30032876388,0.984207825054455,1.1830946890001863,2.120168332729664,3.5201882267488003,0.03902513890385438,0.0244312738129721,0.10012081290928264,0.0,0.0016727431834439844,312301.74776175735,291411.17944755685,383650.2222594317,175224.57373238157,172420.19666498707,174288.68212095235,247896.4686744,187016.84007414535,180459.54206719995,-2.7887833675735676,-1.7872568013410937,-0.5387329412412027,-1.7791205701015005,-1.6461059548939414,-1.749820252995796,35.21544046091341,37.19406195183694,40.0096596486693,0.1537071739130435,0.1206684545454545,0.09042504761904768,17.95052376977179,19.263692663432437,18.481187057863423,-29568.6863179092,-35188.94549290117,-42761.049717108704,599.1726003007388,669.6828773992384,961.6610224990072,-1.0096627974720667,-0.14115084644715248,1.2110873117545933,-0.03704954252464998,-0.05460193091713217,0.04875077102627615,-0.03968265301096746,-0.01456921674734374,-0.036606217391304374,0.005446552795031076,0.03115971428571429,-0.04205286956521741,-0.07347977272727271,-0.019604831168831147,0.09308465584415582,-0.05387504545454544
2017,Finland,FIN,172,5513.13,24124.546422643263,106.21436919865424,109.33906447486888,1345524.64473,0.2359747764806759,157.9512585202731,-10804.562897181902,371423.80737,355027.23802035,756504.95655,912931.16712,-0.32905,0.7890011191741148,189.6912398149129,8.6402,211.30921397057992,0.611672,330029.63511000003,354044.43858,4.957666972400572,1233542.162744112,571557.07917,854460.8583000001,379081.304444112,1225997.625,5.824946605505339,171.31848870943054,63.89647416271863,0.0,0.0,1.0,1.0,PEG,DEU,-0.035,0.1098999977111816,0.0758153870701789,-0.0192349217832088,-0.003291,,,0.0156311988830566,0.0601841881871223,0.0592579171061515,0.068400003015995,0.0388431325554847,,,,0.005467,0.0415000021457672,0.0505173504352569,0.076037123799324,-0.0112629607319831,0.111815,0.079591,0.808594,5.0,0.032224,0.182308,0.208702,0.138015,0.119854,0.679677,0.671444,0.044293,0.088848,0,1194933.8984871297,1156457.374071562,1113021.5533491285,559231.58088,546739.60215,533700.61626,862719.4772699999,850025.34372,772665.45069,0.724207825054455,1.1638176107644125,2.330095723877164,-0.26,-0.0192770782357739,0.2099273911475,186.7820923282036,185.29601826174436,185.29601826174436,0.631764,0.636417,0.598259,156.63593420649298,156.0289814685802,156.2723866796712,-25853.132929818603,-11776.5733347885,-16385.647281469202,23446.339893403805,22870.008468200183,22831.816702445525,1.1180511191741147,0.984207825054455,1.1830946890001863,2.120168332729664,0.03327102691221787,0.022848132238594915,0.014933829495537234,0.008020000000000185,0.025200315338972743,350778.2721773251,334847.00016999035,313461.2756085602,187716.55246238154,185459.18255498708,182903.4858809524,260590.60222439992,264376.7331041454,203380.3312171999,-3.228393153283525,-2.9535349144538454,-1.9387587774461719,-2.0198434918657266,-1.8753104242772152,-1.7498261951816292,36.70151452737264,37.19406195183694,39.26847557562235,0.1490541739130435,0.15882645454545452,0.12639204761904765,18.557476507684555,19.02028745234145,20.348853966042327,-43645.2459129393,-30579.871546220467,-37303.918760624496,1175.5040255043605,707.8746431538966,774.1773961806539,-1.208549661417798,-1.07822449017663,-0.18893258226454313,-0.04280365451628649,-0.05618507249150935,-0.036436212387469254,-0.031662653010967275,0.008958355408185018,-0.06300021739130438,0.023607552795031073,0.039392714285714225,-0.0866078695652174,-0.035135772727272724,0.004633168831168849,0.0305026558441559,-0.039769045454545446
2018,Finland,FIN,172,5517.919,24356.51871945604,107.28488333322868,111.0640677576599,1388137.69164,0.2406453989411825,159.7970813710464,-25611.140410758,395898.19198608,378636.25730931,831528.17769,929281.92462,-0.3220917,0.9358110270116208,191.66464240940047,7.3612,215.63954656195543,0.597786,342242.16453,359704.77354,5.192777292576421,1284662.3932826435,581429.493130285,893405.3898,391257.0034826435,1255345.75,8.40151103328626,172.76629307954053,71.56815572279567,0.0,0.0,1.0,1.0,PEG,DEU,-0.00666667,-0.0252999998629093,0.0685015469789505,-0.0048874276690185,-0.003221,,,0.0085530281066894,0.0599485225975513,0.0594401285052299,-0.0635000020265579,0.0407901778817176,,,,0.006617,0.0381999984383583,0.0476143397390842,0.0678810998797416,-0.004054213874042,0.182094,0.128749,0.689157,9.0,0.053345,0.111815,0.182308,0.079591,0.138015,0.808594,0.679677,0.032224,0.044293,0,1233542.162744112,1194933.8984871297,1156457.374071562,571557.07917,559231.58088,546739.60215,912931.16712,862719.4772699999,850025.34372,0.7890011191741148,0.724207825054455,1.1638176107644125,-0.32905,-0.26,-0.0192770782357739,189.6912398149129,186.7820923282036,185.29601826174436,0.611672,0.631764,0.636417,157.9512585202731,156.63593420649298,156.0289814685802,-10804.562897181902,-25853.132929818603,-11776.5733347885,24124.546422643263,23446.339893403805,22870.008468200183,1.2579027270116208,1.1180511191741147,0.984207825054455,1.1830946890001863,0.03230995815405617,0.022040061240112305,0.058201641637778447,0.015575087795876682,0.028925901966910368,389386.53643430746,373323.5245855581,356897.0963309937,200042.05075238156,197951.16128498706,195942.4717709524,310802.2920744,277070.8666541453,280740.22424719995,-3.163599859163865,-3.393144700163803,-3.1050368905589236,-2.0888934918657265,-2.1160333460414416,-1.979030664564903,39.61066201408195,38.68013601829617,39.26847557562235,0.1289621739130435,0.1541734545454545,0.16455004761904768,19.872800821464665,19.627240190254213,20.10544875495134,-28596.675880302602,-44656.43114125057,-32694.844813943797,1853.7105547438186,1284.2060683575182,812.3691619353121,-1.0747063672981383,-1.2771113541223613,-1.1260062259940207,-0.04376472327444819,-0.05699314348999196,0.006831599754771961,-0.02410756521509078,0.012683942036122643,-0.13349321739130438,-0.03481644720496893,0.16830971428571428,-0.0986768695652174,-0.061529772727272725,0.022794168831168846,0.038735655844155836,-0.08432404545454544
2019,Finland,FIN,172,5525.292,24662.280810668915,108.60678811368214,111.66870902503992,1426095.23196,0.2381551957040174,161.61325871534066,-4453.9620397272,391533.4910503801,386792.90700981,873273.1480200001,964694.6925,-0.3563333,0.3280669469718537,193.6102506011488,6.69,220.05513721055385,0.595334,350863.47303,366298.58811,5.292620615987183,1340151.1792909286,596676.4225149387,926647.96623,413503.2130609286,1283891.25,8.115047766055653,180.67931612946128,71.634079586435,0.0,0.0,1.0,1.0,PEG,DEU,-0.03083333,0.2046000063419342,0.0757139474153518,0.0299468748271465,-0.003563,,,0.015570044517517,0.0601438991725444,0.0592218115925788,0.1583999991416931,0.0398825965821743,,,,0.0007,0.0461999997496604,0.0592346116900444,0.0766066163778305,0.0131919374689459,0.277658,0.096513,0.625829,16.0,0.181145,0.182094,0.111815,0.128749,0.079591,0.689157,0.808594,0.053345,0.032224,0,1284662.3932826435,1233542.162744112,1194933.8984871297,581429.493130285,571557.07917,559231.58088,929281.92462,912931.16712,862719.4772699999,0.9358110270116208,0.7890011191741148,0.724207825054455,-0.3220917,-0.32905,-0.26,191.66464240940047,189.6912398149129,186.7820923282036,0.597786,0.611672,0.631764,159.7970813710464,157.9512585202731,156.63593420649298,-25611.140410758,-10804.562897181902,-25853.132929818603,24356.51871945604,24124.546422643263,23446.339893403805,0.6844002469718538,1.2579027270116208,1.1180511191741147,0.984207825054455,0.041441818595653386,0.01727283996660729,0.017910175584848587,0.010403235259641253,0.009615612776663294,440506.7669728389,411931.78884254047,395373.62074656144,209914.46471266646,210276.65957498708,208434.45050095237,327153.04957439995,327282.5565041454,293434.35779719986,-3.016789951326359,-3.328351406044143,-3.544646676268881,-2.0819351918657265,-2.1850833460414414,-2.219753586329129,41.58406460856952,41.58928350500548,40.75454964208157,0.11507617391304353,0.1340814545454545,0.15989704761904766,21.71862367223798,20.942564504034323,20.712401492864103,-43403.253393878695,-29607.86110861387,-46771.4044089739,2085.682851556594,1962.4125975969764,1388.7005871389338,-0.9348547594606322,-1.1432680600027016,-1.324893089939752,-0.034632862832850976,-0.06176036476349697,-0.0334598662981579,-0.029279417751326208,-0.006626347154124431,-0.06321421739130437,0.014341552795031076,0.04887271428571427,-0.0775558695652174,-0.13202277272727272,-0.03562983116883116,0.1676526558441559,-0.09639304545454544
2020,Finland,FIN,172,5533.793,23921.36866045703,105.31520834584406,106.25961047977998,1415054.01135,0.2423103646963124,162.23269377177093,10714.885889341202,355365.34790253,341522.49931653,1022986.62942,1103937.74337,-0.42515,-0.0598722205289158,197.0891833427252,7.76,220.83222084154949,0.6951930000000001,336153.73701,414108.20304,4.845350827153452,1399808.6568435528,616039.31702708,966282.20241,433526.4544335528,1327184.625,7.916525191704155,164.9708217956795,68.6540633728445,0.0,0.0,1.0,1.0,PEG,DEU,-0.06833334,0.1811999976634979,0.0778461098670959,-0.0014356066239997,-0.004252,,,0.0179687738418579,0.059877336025238,0.058820404112339,0.1413999944925308,0.0348694585263729,,,,-0.002192,0.0397999994456768,,,-0.0028438032604753,0.348895,0.085487,0.565618,7.0,0.263408,0.277658,0.182094,0.096513,0.128749,0.625829,0.689157,0.181145,0.053345,0,1340151.1792909286,1284662.3932826435,1233542.162744112,596676.4225149387,581429.493130285,571557.07917,964694.6925,929281.92462,912931.16712,0.3280669469718537,0.9358110270116208,0.7890011191741148,-0.3563333,-0.3220917,-0.32905,193.6102506011488,191.66464240940047,189.6912398149129,0.595334,0.597786,0.611672,161.61325871534066,159.7970813710464,157.9512585202731,-4453.9620397272,-25611.140410758,-10804.562897181902,24662.280810668915,24356.51871945604,24124.546422643263,0.3652777794710842,0.6844002469718538,1.2579027270116208,1.1180511191741147,0.04319328276318339,0.026223178501950054,0.038107668880443334,0.010151106470605397,0.012553604016021938,495995.552981124,463052.0193810719,433981.8850035438,225161.39409732027,220149.07353527198,220759.9487909524,362565.8174544,343633.31400414533,343646.04764719994,-3.6245340313661263,-3.181541498206637,-3.479853382149221,-2.1161767918657266,-2.1781250460414414,-2.288803586329129,43.529672800317854,43.56268609949305,43.663697128790886,0.11262417391304352,0.12019545454545455,0.13980504761904766,23.534801016532242,22.78838735480764,22.027725806644213,-22246.0750228479,-44414.43862218996,-31722.8343763372,2391.444942769471,2194.3848944097517,2066.907116378392,-1.5083572395003992,-1.0034164521651956,-1.1910497958200923,-0.03288139866532097,-0.052810026228154214,-0.013262373002563152,-0.029531546540362066,-0.0036883559147657865,0.03234978260869564,-0.017894447204968925,-0.014455285714285782,0.0502441304347826,-0.06174377272727272,0.01352816883116885,0.04821565584415588,-0.07527204545454544
2000,France,FRA,132,61137.0,20391.877068945985,95.72092541575884,90.35,9698.88180845,0.2125437561210632,118.54383211182676,106.5907110748655,2214.08445995,2126.97992992,2364.102919111667,4780.59493729,4.240525,5.394166666666667,119.3134352361672,10.2172,126.91894647556666,0.588824,2092.1748515,2303.11750356,7.049511015583019,6600.225121598333,2671.33240594,3220.08635343,3380.138768168333,7774.99951171875,4.569760322570801,115.90362548828124,74.71229553222656,0.0,0.0,1.0,1.0,PEG,DEU,1.38,0.0053360629826784,0.1362041383981704,0.0887294113636016,0.0424052514135837,,,0.0883541479706764,0.0478499941527843,0.0439654625952243,-0.0103939799591898,0.0158952567726373,,,,0.0539416670799255,0.0157300420105457,0.0836249738931655,0.0877973213791847,0.0655673295259475,0.358685,0.071065,0.57025,6.0,0.28762,0.284094,0.256979652173913,0.114865,0.1059361304347826,0.601042,0.637084304347826,0.16923,0.1510435217391304,0,6075.485213247501,5785.120927520001,5555.8524767725,2508.14342348,2326.08255813,2265.3474995,4510.06515135,4289.70295677,4134.72655595,4.608333333333333,4.64,5.581666666666667,2.730525,3.3925,3.24083333333333,109.62660188035956,102.65680714874188,100.530429095028,0.604965,0.613474,0.61425,116.58983327359697,115.96692662307971,115.2167196054926,407.39052829236186,327.0465456812736,315.2038757663313,19771.39216905727,19233.28587051337,18690.444261468547,1.1536416666666671,1.8778083333333333,1.2474999999999996,2.340833333333337,0.05019156718854881,0.0782693050655792,0.0513700358278245,0.06789413118527036,0.027977866193361952,-5000.637067633805,-4981.886076581818,-4917.052344467976,-3001.6891778630434,-2994.238867518636,-2874.945207065714,-4149.976700603913,-4071.1869829827274,-3949.006387621429,1.411610484057971,1.3038897484848482,2.124032512698413,1.1132994783260106,1.6760388785198839,1.4133809211202115,-96.59318223460683,-100.6988985974406,-100.09676047952614,-0.16823408695652176,-0.1505709090909091,-0.13961538095238102,-18.943036175550972,-18.69978348825485,-18.582028107308943,385.5978344106848,302.1482554011874,282.98548246527577,-1650.8772533626252,-2097.1054065172466,-2557.026004074254,0.29831100573196045,-0.3721491300350357,0.7106515915782012,-0.004818112454011911,0.009511834849994169,-0.010068372412647415,0.020532712952721098,0.017524746681937653,0.02850131947069945,0.0066189073724007425,-0.03511931758034037,0.021883412098298666,0.001965440711462374,-0.004218739130434787,0.0022532905138339387,0.006184179841897203
2001,France,FRA,132,61479.0,20648.034421101213,97.01355451674836,92.18,10089.930574,0.2124865446497442,120.48176391343588,158.9164065405,2253.11390145,2181.99504351,2476.598997980833,5113.23729156,4.2579,4.939166666666667,128.7640043637844,8.6104,130.24313993388927,0.583439,2205.5242211,2419.04478417,7.443061386587995,7168.606942420833,2820.89060194,3394.32821134,3774.2787310808326,8561.6357421875,4.615309238433838,114.14940643310548,74.98561096191406,0.0,0.0,1.0,1.0,PEG,DEU,0.26100001,-0.1923835575580597,0.1233069747686386,0.0761237144470214,0.042578998953104,,,0.0792118236422538,0.0440951511263847,0.0408586636185646,-0.2094531059265136,0.0215920787304639,,,,0.0493916682898998,0.0170695502310991,0.0314095057547092,0.02484124712646,0.0593513548374176,0.248757,0.061765,0.689478,6.0,0.186992,0.358685,0.284094,0.071065,0.114865,0.57025,0.601042,0.28762,0.16923,0,6600.225121598333,6075.485213247501,5785.120927520001,2671.33240594,2508.14342348,2326.08255813,4780.59493729,4510.06515135,4289.70295677,5.394166666666667,4.608333333333333,4.64,4.240525,2.730525,3.3925,119.3134352361672,109.62660188035956,102.65680714874188,0.588824,0.604965,0.613474,118.54383211182676,116.58983327359697,115.96692662307971,106.5907110748655,407.39052829236186,327.0465456812736,20391.877068945985,19771.39216905727,19233.28587051337,0.6812666666666667,1.1536416666666671,1.8778083333333333,1.2474999999999996,0.08637004122841833,0.06506365662039323,0.0599835649511677,0.08836206896551727,0.03138296456735041,-4475.897159282972,-4691.521790854318,-4687.783893720475,-2838.500195403043,-2812.1780021686363,-2814.210148435714,-3879.446914663912,-3850.824788402728,-3794.029986801429,2.1974438173913047,1.272223081818182,1.1823658460317459,2.62329947832601,1.0140638785198839,1.5650475877868815,-86.9063488787992,-93.72910386582292,-97.97038242581226,-0.18437508695652172,-0.15907990909090908,-0.14039138095238102,-16.98903733732118,-18.0768768377376,-17.831821089721828,84.79801719318846,382.49223801227566,294.82815238021806,-1030.3923534739115,-1558.9991079733445,-2014.1843950294315,-0.4258556609347057,0.258159203298298,-0.38268174175513603,0.031360361585857616,-0.0036938135951918027,-0.0014548432893042099,0.041000650732968,0.020929845055926113,0.10309231947069941,-0.03718109262759925,-0.0659113175803403,0.14027341209829866,0.02907978853754939,0.004710130434782606,-0.03378901383399213,0.024370658102766785
2002,France,FRA,132,61829.0,20719.52566146948,97.34439936790842,93.59,10415.47547353,0.205130616251557,122.79912496446728,119.5696584361244,2204.31726022,2161.89652103,2742.2593964575,5527.95954524,3.2951333333333337,4.86,139.98655520282983,8.7017,134.88820223088712,0.60258,2191.56545614,2550.94461773,6.254953752264709,7449.678503981667,3000.9639175800003,3613.16858568,3836.509918301667,8593.5087890625,4.929988384246826,115.09313201904295,75.17451477050781,0.0,0.0,1.0,1.0,PEG,DEU,-1.095,-0.2927267551422119,0.129059612751007,0.0935500562191009,0.0329513326287269,,,0.0871594548225402,0.041900161653757,0.0385409519076347,-0.3112985789775848,0.0269664525985717,,,,0.048599999397993,0.0185718350112438,0.0407435372471809,0.035034816712141,0.0632506906986236,0.287007,0.042725,0.670268,2.0,0.244282,0.248757,0.358685,0.061765,0.071065,0.689478,0.57025,0.186992,0.28762,0,7168.606942420833,6600.225121598333,6075.485213247501,2820.89060194,2671.33240594,2508.14342348,5113.23729156,4780.59493729,4510.06515135,4.939166666666667,5.394166666666667,4.608333333333333,4.2579,4.240525,2.730525,128.7640043637844,119.3134352361672,109.62660188035956,0.583439,0.588824,0.604965,120.48176391343588,118.54383211182676,116.58983327359697,158.9164065405,106.5907110748655,407.39052829236186,20648.034421101213,20391.877068945985,19771.39216905727,1.5648666666666666,0.6812666666666667,1.1536416666666671,1.8778083333333333,0.0861155203574114,0.055986366828568744,0.06958179026532754,0.07920792079207929,0.01256173481671874,-3907.515338460473,-4166.781882503486,-4397.419607992975,-2688.941999403043,-2648.989019708636,-2632.149283085714,-3546.8045603939127,-3580.295002462727,-3573.6677922214294,1.7424438173913046,2.0580564151515155,1.1506991793650796,2.6406744783260105,2.5240638785198835,0.9030725877868815,-77.45577975118198,-84.04227051001529,-91.00058769419458,-0.1897600869565217,-0.17522090909090904,-0.148900380952381,-15.051105535712054,-16.122877999507807,-17.208914439204577,137.12371265882294,81.6924207947793,375.17213499130634,-774.2350013186842,-938.5142080846308,-1476.0780964855294,-0.8982306609347062,-0.4660074633683682,0.24762659157819766,0.031105840714850674,-0.012771103387016293,0.008143382024855629,0.031846502559530025,0.002108615305294442,-0.0068356805293005585,-0.04648109262759925,0.0533166824196597,0.039645412098298666,0.10367078853754935,-0.039089869565217386,-0.06458101383399206,0.14276065810276678
2003,France,FRA,132,62171.0,20789.046927320785,97.49439589858774,94.74,10696.46777362,0.2059954306861979,125.37603045321416,89.4224705874632,2187.28205693,2128.86908608,2837.231584071667,5780.01758206,2.2755416666666664,4.13,156.52505117615996,8.3065,138.30329468856016,0.644127,2167.88540844,2570.26255138,5.193642121931908,7599.34055984,3283.64202716,3870.10694258,3729.23361726,8460.4345703125,5.064344882965088,109.32786560058594,73.9642333984375,0.0,0.0,1.0,1.0,PEG,DEU,-0.95999998,0.2122285962104797,0.1577490270137787,0.053240168839693,0.0227554161101579,,,0.1181395426392555,0.0396094843745231,0.035424456000328,0.1744786202907562,0.0321419015526771,,,,0.0412999987602233,0.0377499759197235,0.1441000699996948,0.169989064335823,0.037997793406248,0.293173,0.147936,0.558891,1.0,0.145237,0.287007,0.248757,0.042725,0.061765,0.670268,0.689478,0.244282,0.186992,0,7449.678503981667,7168.606942420833,6600.225121598333,3000.9639175800003,2820.89060194,2671.33240594,5527.95954524,5113.23729156,4780.59493729,4.86,4.939166666666667,5.394166666666667,3.2951333333333337,4.2579,4.240525,139.98655520282983,128.7640043637844,119.3134352361672,0.60258,0.583439,0.588824,122.79912496446728,120.48176391343588,118.54383211182676,119.5696584361244,158.9164065405,106.5907110748655,20719.52566146948,20648.034421101213,20391.877068945985,1.8544583333333335,1.5648666666666666,0.6812666666666667,1.1536416666666671,0.03920867245455594,0.06383562535752327,0.08110757041621125,0.08715596330275226,0.0034623751060395376,-3626.4437768996386,-3598.4000616809863,-3872.6796996421426,-2508.868683763043,-2499.430823708636,-2468.960300625714,-3132.0823067139127,-3247.6526481927276,-3303.1380062814287,1.663277150724638,1.6030564151515154,1.9365325126984132,1.6779078116593442,2.541438878519884,2.413072587786881,-66.23322891213655,-74.59170138239807,-81.31375433838694,-0.17061908695652173,-0.180605909090909,-0.16504138095238097,-12.733744484680656,-14.184946197898682,-15.254915600974783,97.77696455444736,134.0181162604138,74.37231777380995,-702.7437609504159,-682.3568559294035,-855.5931965968157,-0.014630660934706219,-0.9383824633683686,-0.4765400750884685,-0.015801007188004777,-0.004921844858061769,0.019669162175739337,0.03979454507020299,-0.00699074440538476,0.03141431947069945,-0.06552109262759925,0.03410668241965964,0.09693541209829867,-0.006257211462450618,-0.04838986956521739,0.05464698616600794,0.042132658102766785
2004,France,FRA,132,62534.0,21193.399751471257,99.16191484012492,96.62,11177.63191183,0.2098627559178661,128.06169742062275,59.57677809005391,2339.72646373,2228.19409502,3060.5887689875003,6183.17531383,2.0249083333333333,4.098333333333334,180.2105400522506,8.9136,143.56700390404015,0.659391,2381.7929861400003,2690.4076355,4.815777108876,8028.533771570833,3680.86334808,4261.69359287,3766.840178700833,8720.8427734375,4.742729187011719,111.87480926513672,75.2103271484375,0.0,0.0,1.0,1.0,PEG,DEU,-0.26967001,0.1299782842397689,0.1877371072769165,0.1447709798812866,0.0202490836381912,,,0.151324063539505,0.036413051187992,0.031627107411623,0.0923114567995071,0.0344835966825485,,,,0.0409833341836929,0.0376668274402618,0.158414751291275,0.1759081929922104,0.0825100317597389,0.093254,0.094647,0.812099,1.0,-0.001393,0.293173,0.287007,0.147936,0.042725,0.558891,0.670268,0.145237,0.244282,0,7599.34055984,7449.678503981667,7168.606942420833,3283.64202716,3000.9639175800003,2820.89060194,5780.01758206,5527.95954524,5113.23729156,4.13,4.86,4.939166666666667,2.2755416666666664,3.2951333333333337,4.2579,156.52505117615996,139.98655520282983,128.7640043637844,0.644127,0.60258,0.583439,125.37603045321416,122.79912496446728,120.48176391343588,89.4224705874632,119.5696584361244,158.9164065405,20789.046927320785,20719.52566146948,20648.034421101213,2.0734250000000003,1.8544583333333335,1.5648666666666666,0.6812666666666667,0.020089733507069194,0.09419577087349769,0.04559693947779363,0.11814345991561197,0.00335535026173828,-3476.781721041305,-3317.328500120152,-3304.2978788196433,-2226.1905741830433,-2319.357508068636,-2319.402104625714,-2880.024269893913,-2832.9303945127276,-2970.4956520114292,0.9332771507246376,1.5238897484848488,1.4815325126984131,0.6583161449926769,1.5786722118532175,2.4304475877868814,-49.694732938806425,-63.369150543352646,-71.86318521076973,-0.12907208695652173,-0.16146490909090905,-0.17042638095238094,-10.156838995933782,-11.867585146867285,-13.316983799365659,67.62977670578616,94.6713681560382,126.69801323944444,-633.2224950991113,-610.8656155611352,-599.4358444415884,0.2749610057319607,-0.05478246336836867,-0.948915075088469,-0.03491994613549153,0.025438300657912652,-0.015841468762678286,0.07078204168306271,-0.007097769249686017,0.03758031947069945,0.03968990737240076,-0.07727031758034031,-0.002109587901701321,0.03199278853754939,-0.06742986956521739,0.03543698616600788,0.09942265810276679
2005,France,FRA,132,62912.0,21450.00068291843,100.0,98.22,11583.57746085,0.2172121896162528,130.29748736265788,12.046920559284,2579.89855971,2338.76876651,3376.321098428333,6702.64734084,2.0710416666666664,3.41,207.9715868646261,8.4935,147.9530534833707,0.6738299999999999,2430.14357661,2746.51819728,5.560371280834111,8662.204632495834,4176.88491234,4749.16803742,3913.036595075834,9634.5322265625,3.943645715713501,116.07343292236328,77.44038391113281,0.0,0.0,1.0,1.0,PEG,DEU,0.04167,0.2843312919139862,0.1868191808462143,0.1448549926280975,0.0207104161381721,,,0.154047206044197,0.0327719785273075,0.0283974334597587,0.253147155046463,0.0248846430331468,,,,0.0340999998152256,0.0311841201037168,0.1878028661012649,0.2089914381504058,0.0827827006578445,0.254024,0.083011,0.662964,2.0,0.171013,0.093254,0.293173,0.094647,0.147936,0.812099,0.558891,-0.001393,0.145237,0,8028.533771570833,7599.34055984,7449.678503981667,3680.86334808,3283.64202716,3000.9639175800003,6183.17531383,5780.01758206,5527.95954524,4.098333333333334,4.13,4.86,2.0249083333333333,2.2755416666666664,3.2951333333333337,180.2105400522506,156.52505117615996,139.98655520282983,0.659391,0.644127,0.60258,128.06169742062275,125.37603045321416,122.79912496446728,59.57677809005391,89.4224705874632,119.5696584361244,21193.399751471257,20789.046927320785,20719.52566146948,1.3389583333333337,2.0734250000000003,1.8544583333333335,1.5648666666666666,0.05647769149851982,0.12096973958624656,0.06975026045272249,0.1513207547169812,0.01945028194722457,-3047.5885093104725,-3167.6664442618185,-3023.226317258809,-1828.9692532630434,-2036.6793984886363,-2139.328788985714,-2476.8665381239125,-2580.8723576927277,-2555.7733983314292,0.9016104840579713,0.7938897484848484,1.4023658460317465,0.40768281165934384,0.5590805451865501,1.467680921120215,-26.009244062715794,-46.83065457002252,-60.6406343717243,-0.11380808695652178,-0.11991790909090905,-0.15128538095238098,-7.471172028525189,-9.29067965812041,-10.99962274833426,37.78408420837687,64.524180307377,87.35126513506884,-228.8696709486394,-541.3443497098306,-527.9446040733201,0.49392767239862745,0.23480920329829824,-0.06531507508846901,0.0014680118559591004,0.05221226937066152,0.00831185221225058,0.10395933648443192,0.008997162435800272,-0.16233868052930056,-0.013599092627599257,0.17593768241965968,-0.14873958790170133,0.03815878853754939,0.03778113043478262,-0.07594001383399207,0.000377658102766798
2006,France,FRA,132,63293.0,21841.591885557165,101.73752398661304,100.0,12123.07585507,0.2238709329304483,132.48013249125594,30.671381913327107,2857.61763437,2564.2015087,3688.941458535,7248.98736657,2.88915,3.796666666666667,233.01559505281168,8.4478,152.85212826426886,0.646108,2438.87436428,2728.125163,4.980690964312831,9649.260847923331,4739.74193533,5277.29213726,4371.968710663333,10314.54296875,4.160455226898193,124.05677032470705,79.1868667602539,0.0,0.0,1.0,1.0,PEG,DEU,0.74583,0.2256093621253967,0.149802103638649,0.0194550827145576,0.0288915000855922,,,0.1204200536012649,0.0293820444494485,0.0262241326272487,0.1936811953783035,0.0267476420849561,,,,0.0379666648805141,0.0319281555712223,0.1468616724014282,0.1681728363037109,0.0241732914000749,0.165107,0.046195,0.788698,4.0,0.118912,0.254024,0.093254,0.083011,0.094647,0.662964,0.812099,0.171013,-0.001393,1,8662.204632495834,8028.533771570833,7599.34055984,4176.88491234,3680.86334808,3283.64202716,6702.64734084,6183.17531383,5780.01758206,3.41,4.098333333333334,4.13,2.0710416666666664,2.0249083333333333,2.2755416666666664,207.9715868646261,180.2105400522506,156.52505117615996,0.6738299999999999,0.659391,0.644127,130.29748736265788,128.06169742062275,125.37603045321416,12.046920559284,59.57677809005391,89.4224705874632,21450.00068291843,21193.399751471257,20789.046927320785,0.907516666666667,1.3389583333333337,2.0734250000000003,1.8544583333333335,0.07892734575880338,0.1347568538556947,0.08401379560564762,0.15404785316289715,0.012107587006155563,-2413.9176483854717,-2738.473232530986,-2873.5642614004755,-1332.9476890030437,-1639.4580775686363,-1856.650679405714,-1957.3945111139128,-2177.7146259227275,-2303.7153615114294,0.21327715072463782,0.7622230818181821,0.6723658460317461,0.453816144992677,0.3084472118532171,0.44808925445354775,1.7518027496597028,-23.145165693931887,-44.102138398394175,-0.0993690869565218,-0.1046539090909091,-0.10973838095238098,-5.235382086490063,-6.605012690711817,-8.422717259587387,-9.745773322393042,34.678487809967706,57.204077286407646,27.73126049853454,-136.9915255593587,-458.42333822201545,-0.24053899426803915,0.453775869964965,0.2242765915781979,0.02391766611624266,0.06599938364010965,0.022575387365175704,0.10668643493034788,0.0016544674947312661,-0.0015686805293005368,-0.02523509262759925,0.026802682419659662,0.023666412098298673,-0.16176021146245062,-0.015507869565217394,0.17726798616600792,-0.1462523418972332
2007,France,FRA,132,63682.0,22202.17253075663,103.5616710630497,100.54,12734.4868152,0.2313306265097394,134.45143429199993,-12.989176551504,3029.28814084,2633.39185306,3918.6554134116654,8239.036385809999,3.86405,4.304166666666667,248.313703828142,7.6567,156.6731188352702,0.645355,2546.0642976500003,2855.32834444,4.455926907139458,10792.867760970832,5317.24647813,5837.28918773,4955.578573240832,11152.90234375,3.810006618499756,130.21942138671875,80.57838439941406,0.0,0.0,1.0,1.0,PEG,DEU,1.02334,0.0306291673332452,0.0926975160837173,-0.0966138243675232,0.0386404991149902,,,0.0656521469354629,0.027045365422964,0.025379167869687,0.0040707872249186,0.0264507047832012,,,,0.0430416651070117,0.0265583805739879,0.0629694014787674,0.0784309729933738,-0.0289866626262664,0.252152,0.121364,0.626484,19.0,0.130787,0.165107,0.254024,0.046195,0.083011,0.788698,0.662964,0.118912,0.171013,1,9649.260847923331,8662.204632495834,8028.533771570833,4739.74193533,4176.88491234,3680.86334808,7248.98736657,6702.64734084,6183.17531383,3.796666666666667,3.41,4.098333333333334,2.88915,2.0710416666666664,2.0249083333333333,233.01559505281168,207.9715868646261,180.2105400522506,0.646108,0.6738299999999999,0.659391,132.48013249125594,130.29748736265788,128.06169742062275,30.671381913327107,12.046920559284,59.57677809005391,21841.591885557165,21450.00068291843,21193.399751471257,0.44011666666666693,0.907516666666667,1.3389583333333337,2.0734250000000003,0.11394976882958928,0.1347552146641918,0.08151108031614426,0.12042033513206474,0.01825599954178907,-1426.861432957974,-2104.802371605985,-2444.371049669643,-770.0906660130431,-1143.4365133086367,-1459.4293584857141,-1411.0544853839128,-1658.2425989127278,-1900.557629741429,0.5999438173913045,0.07388974848484864,0.6406991793650798,1.2719244783260104,0.35458054518655024,0.1974559211202147,26.79581093784529,4.61588111844361,-20.416649522303544,-0.12709108695652171,-0.09021490909090912,-0.09447438095238103,-3.0527369578919945,-4.369222748676691,-5.737050292178793,8.878688031650064,-12.8513697208022,27.358384788998357,419.32246313726864,119.60940588781523,-54.070514071543585,-0.6719806609347059,-0.2806907967017016,0.44324325824486466,0.05894008918702856,0.06599774444860676,0.02007267207567235,0.07305891689951546,0.007802880030364773,-0.09048568052930056,-0.06205109262759925,0.15253668241965967,-0.028434587901701322,-0.0009902114624505964,-0.027143869565217388,0.0281329861660079,0.02615365810276679
2008,France,FRA,132,64058.0,22057.35045104924,103.24708122791448,100.44,13069.1560766,0.2355328423267698,138.23336752728324,-90.961326293136,3192.52959986,2708.89250376,3972.9763058433336,8906.35456105,3.6189333333333336,4.234166666666666,250.38101582480832,7.0634,160.67378986977425,0.687783,2528.66175844,2980.62925058,4.713350578429257,11921.305668393332,5742.32629284,6253.4348681,5667.870800293332,12067.2802734375,3.20508074760437,130.00869750976562,81.04078674316406,1.0,1.0,1.0,1.0,PEG,DEU,-0.04084,-0.4089254736900329,0.0342683009803295,0.2213167548179626,0.0361893326044082,,,0.0083241378888487,0.0259441640228033,0.0257299840450286,-0.4309470355510711,0.0386986136436462,,,,0.0423416681587696,0.022021559998393,-0.0028775166720151,-0.0286359712481498,0.1287530362606048,0.224779,0.134591,0.640629,20.0,0.090188,0.252152,0.165107,0.121364,0.046195,0.626484,0.788698,0.130787,0.118912,1,10792.867760970832,9649.260847923331,8662.204632495834,5317.24647813,4739.74193533,4176.88491234,8239.036385809999,7248.98736657,6702.64734084,4.304166666666667,3.796666666666667,3.41,3.86405,2.88915,2.0710416666666664,248.313703828142,233.01559505281168,207.9715868646261,0.645355,0.646108,0.6738299999999999,134.45143429199993,132.48013249125594,130.29748736265788,-12.989176551504,30.671381913327107,12.046920559284,22202.17253075663,21841.591885557165,21450.00068291843,0.6152333333333324,0.44011666666666693,0.907516666666667,1.3389583333333337,0.11851756637852964,0.12184303505962739,0.1365775616889315,0.0656527249683142,0.016508899492710522,-283.2545199104734,-1117.7461561784876,-1810.7001887446422,-192.58612321304372,-580.5794903186361,-963.4077942257145,-421.0054661439135,-1111.9025731827278,-1381.0856027314294,1.1074438173913048,0.46055641515151535,-0.047634153968253656,2.246824478326011,1.1726888785198837,0.24358925445354784,42.09391971317561,29.659889306629196,7.344397290071953,-0.12784408695652172,-0.11793690909090904,-0.08003538095238105,-1.0814351571480074,-2.186577620078623,-3.501260350143667,-34.78187043318104,5.773091633240906,-20.17147274177155,779.9031083367336,511.20060852654933,202.53041737563035,-1.139380660934706,-0.7121324633683683,-0.29122340842180194,0.06350788673596892,0.05308556484404235,0.07513915344845959,0.018291306735764935,0.006055779981286225,-0.003440680529300577,0.013117907372400747,-0.009677317580340294,-0.01655958790170134,-0.08990721146245062,-0.06395986956521739,0.1538669861660079,-0.025947341897233203
2009,France,FRA,132,64399.24403315361,21244.207306860604,99.76586099430486,100.56,12702.09565854,0.220371325425477,138.35448826488386,-69.86152612197002,2637.55718001,2240.65071845,4109.758099375834,8879.35537093,0.647225,3.64919166666667,232.6021326534785,8.7363,163.33278563148863,0.830389,2314.2818917,3084.82146046,4.553359711231429,12011.083223198331,5990.691291749999,6489.45475627,5521.628466928331,12578.1787109375,4.376982688903809,121.87578582763672,79.5211181640625,0.0,0.0,1.0,1.0,PEG,DEU,-3.192497,0.2903197407722473,-0.0447545424103736,-0.0640435665845871,0.0064722499810159,,,-0.0710077807307243,0.0262532364577054,0.0282599106431007,0.238954409956932,0.0414586029946804,,,,0.0364919155836105,0.0513653196394443,0.0064127356745302,0.0139586608856916,-0.0287856590002775,0.158786,0.06913,0.772084,12.0,0.089656,0.224779,0.252152,0.134591,0.121364,0.640629,0.626484,0.090188,0.130787,0,11921.305668393332,10792.867760970832,9649.260847923331,5742.32629284,5317.24647813,4739.74193533,8906.35456105,8239.036385809999,7248.98736657,4.234166666666666,4.304166666666667,3.796666666666667,3.6189333333333336,3.86405,2.88915,250.38101582480832,248.313703828142,233.01559505281168,0.687783,0.645355,0.646108,138.23336752728324,134.45143429199993,132.48013249125594,-90.961326293136,-12.989176551504,30.671381913327107,22057.35045104924,22202.17253075663,21841.591885557165,3.00196666666667,0.6152333333333324,0.44011666666666693,0.907516666666667,0.10455403813091799,0.0799435979615327,0.08099468724149782,0.008325404376784242,-0.006522878763633156,845.1833875120265,25.86075686901313,-823.6439733171446,232.49369149695667,-3.074947518636691,-400.5507712357139,246.31270909608793,-121.85355394272847,-834.7455770014294,1.0374438173913036,0.9680564151515156,0.33903251269841306,2.001707811659344,2.1475888785198842,1.0616975877868813,44.16123170984193,44.957998081959516,32.38840547825754,-0.0854160869565217,-0.11868990909090904,-0.10775738095238097,2.700498078135297,-0.2152758193346358,-1.318615221545599,-112.75402017481304,-37.8874668315902,-1.5470113877284426,635.0810286293417,871.7812537260143,594.1216200143645,-0.9642639942680404,-1.1795324633683684,-0.7226650750884687,0.04954435848835727,0.011186127745947669,0.019556279001025904,-0.03903601385576502,-0.016975998275057455,-0.030813680529300558,0.026344907372400736,0.004467682419659669,-0.05715858790170132,-0.0028622114624506367,0.01120913043478261,-0.008347013833992056,-0.01407234189723322
2010,France,FRA,132,64707.49770660658,21477.47740245256,101.2094858316042,101.9067066003585,13088.23786573,0.2207155366524893,140.47286524699993,-82.3250161754417,3001.64611286,2558.24541914,4472.155209796666,9552.65587401,0.376258333333334,3.117017,244.53347617709517,8.8713,168.46823266699445,0.852569,2621.08609974,3352.81269281,4.90912288579554,12394.070823849168,6542.61351155,6890.913559409999,5503.157264439169,13215.7822265625,4.5551629066467285,121.90652465820312,78.80329132080078,0.0,0.0,1.0,1.0,PEG,DEU,-0.24250001,0.0418922677636146,0.080005906522274,0.0938982591032981,0.0037625832483172,,,0.0512936264276504,0.0287122819572687,0.0273113828152418,0.0040655070915818,0.0376735962927341,,,,0.0311709996312856,0.0378267578780651,0.0689820498228073,0.0734280496835708,0.0488304197788238,0.187082,0.126089,0.68683,10.0,0.060993,0.158786,0.224779,0.06913,0.134591,0.772084,0.640629,0.089656,0.090188,0,12011.083223198331,11921.305668393332,10792.867760970832,5990.691291749999,5742.32629284,5317.24647813,8879.35537093,8906.35456105,8239.036385809999,3.64919166666667,4.234166666666666,4.304166666666667,0.647225,3.6189333333333336,3.86405,232.6021326534785,250.38101582480832,248.313703828142,0.830389,0.687783,0.645355,138.35448826488386,138.23336752728324,134.45143429199993,-69.86152612197002,-90.961326293136,-12.989176551504,21244.207306860604,22057.35045104924,22202.17253075663,2.7407586666666663,3.00196666666667,0.6152333333333324,0.44011666666666693,0.007530849162187369,0.04325163465888053,-0.003031452423652217,-0.07100731304552943,-0.03686495102814827,934.9609423170259,1154.298664291513,319.9629397303561,480.85869040695616,422.0048671913637,176.9537715642855,219.31351897608693,545.464621297273,155.30344223856991,0.4524688173913076,0.8980564151515145,0.8465325126984133,-0.9700005216739894,1.9024722118532174,2.036597587786882,26.382348538512105,47.025310078625836,47.68651425358786,0.05718991304347831,-0.07626190909090902,-0.10851038095238097,2.821618815735917,3.5666574159486686,0.652686579198388,-91.65422000364705,-115.8596165732222,-45.20756985255955,-178.06211555929258,726.9591740186224,954.7022652138294,1.422469339065297,-1.004415796701703,-1.1900650750884687,-0.04747883048037335,-0.025505835556704506,-0.06446986066412413,-0.1183687312780787,-0.047318070539572564,-0.09680668052930055,-0.039116092627599255,0.13592268241965966,-0.057690587901701326,-0.030235211462450617,0.0244361304347826,0.005797986166007907,-0.0546713418972332
2011,France,FRA,132,65021.93707250341,21842.23668701559,102.92967273623202,102.04141201931134,13502.01554133,0.2241538386830476,143.43908739232012,-115.9823135000247,3364.41657214,2759.5455033,4695.790083175833,9931.35296925,0.693358333333333,3.321058,259.06372621080664,8.811,171.29045706226398,0.878344,2576.4154280400003,3183.85784832,5.069611252801608,13194.710619446669,6717.3932542,7221.4962087,5973.2144107466665,13756.5986328125,4.374820709228516,114.44744873046876,78.06526947021484,0.0,0.0,1.0,1.0,PEG,DEU,0.425834,-0.1338900029659271,0.0870425701141357,0.002216957276687,0.0069335834123194,,,0.0594234727323055,0.0276191011071205,0.0260699354112148,-0.1695157140493393,0.0428975187242031,,,,0.0332121662795543,0.0356257148087024,0.0458438955247402,0.0555046871304512,0.0045752702280879,0.2622,0.129634,0.608166,14.0,0.132566,0.187082,0.158786,0.126089,0.06913,0.68683,0.772084,0.060993,0.089656,0,12394.070823849168,12011.083223198331,11921.305668393332,6542.61351155,5990.691291749999,5742.32629284,9552.65587401,8879.35537093,8906.35456105,3.117017,3.64919166666667,4.234166666666666,0.376258333333334,0.647225,3.6189333333333336,244.53347617709517,232.6021326534785,250.38101582480832,0.852569,0.830389,0.687783,140.47286524699993,138.35448826488386,138.23336752728324,-82.3250161754417,-69.86152612197002,-90.961326293136,21477.47740245256,21244.207306860604,22057.35045104924,2.627699666666667,2.7407586666666663,3.00196666666667,0.6152333333333324,0.03188618324708053,0.09212997180476867,0.07582763330819157,0.05129507364144215,0.010980409493397524,1317.9485429678625,1244.0762190965124,1448.400847152856,1032.7809102069568,670.3698661013632,602.0335862742859,892.6140220560883,518.465431177272,822.6216174785714,-0.07970584927536217,0.31308141515151844,0.7765325126984122,-1.2409671883406554,-1.0692361214801163,1.791480921120215,38.31369206212878,29.246426907296012,49.75382625025418,0.07936991304347829,0.06634409090909099,-0.06608238095238095,4.939995797851992,3.6877781535492886,4.434619814481692,-104.11771005711874,-94.75981640205622,-123.17971959419154,55.207980032664636,-86.18397017001189,809.8801855064376,1.1612613390652935,1.3823175366316345,-1.0149484084218032,-0.02312349639548019,0.023372501589183636,0.014389225067719662,0.003933655408892886,0.0005272899819732269,-0.06851068052930057,0.017842907372400754,0.050668682419659716,-0.08635358790170133,-0.09622821146245061,-0.04102486956521739,0.1372529861660079,-0.05520334189723321
2012,France,FRA,132,65337.4073871409,21818.118066179795,102.75344387469072,101.11903269161516,13701.65605428,0.2247831712108869,146.24216731964805,-132.220980923802,3410.55002795,2849.6739951,4993.455170313333,10498.32284263,0.0493333333333333,2.535992,257.8824050698545,9.4002,174.89835275921774,0.90604,2656.1666801,3231.50000523,4.971631044414128,13386.3391642725,6939.44781784,7390.51008932,5995.8290749525,14152.37109375,4.733343124389648,113.05118560791016,76.35334014892578,0.0,0.0,1.0,1.0,PEG,DEU,-0.55416697,0.2036869972944259,0.0220594052225351,0.1891279220581054,0.0004933333257213,,,-0.0045625790953636,0.0266219843178987,0.0267440062016248,0.1523066312074661,0.0445891506969928,,,,0.0253618340939283,0.0513803735375404,0.0598497204482555,0.0513194762170314,0.094810627400875,0.243079,0.14605,0.610872,12.0,0.097029,0.2622,0.187082,0.129634,0.126089,0.608166,0.68683,0.132566,0.060993,0,13194.710619446669,12394.070823849168,12011.083223198331,6717.3932542,6542.61351155,5990.691291749999,9931.35296925,9552.65587401,8879.35537093,3.321058,3.117017,3.64919166666667,0.693358333333333,0.376258333333334,0.647225,259.06372621080664,244.53347617709517,232.6021326534785,0.878344,0.852569,0.830389,143.43908739232012,140.47286524699993,138.35448826488386,-115.9823135000247,-82.3250161754417,-69.86152612197002,21842.23668701559,21477.47740245256,21244.207306860604,2.4866586666666666,2.627699666666667,2.7407586666666663,3.00196666666667,0.06459861388373525,0.026714055834331764,0.03964312126749206,0.05942028985507253,0.016983339231513996,2118.5883385653633,1627.063819747349,1538.1784019578554,1207.560652856957,1222.2920859013639,850.3985851842854,1271.311117296087,1191.7659342572733,795.6224273585703,0.12433515072463752,-0.21909325151515135,0.19155751269841614,-0.9238671883406565,-1.3402027881467822,-1.1802274122131187,52.84394209584025,41.17777043091269,31.974943078924355,0.10514491304347828,0.08852409090909097,0.07652361904761906,7.90621794317218,5.806155135665364,4.555740552082312,-137.77500738170176,-107.2233064555279,-102.07991942302556,419.96726459569254,147.08612542194533,-3.2629586821967678,1.0482023390652941,1.121109536631631,1.3717849249115341,0.009588934241174532,-0.04204341438125327,-0.021795286972979853,0.012058871622523261,0.006530219720089698,0.006607319470699424,0.021387907372400747,-0.02799531758034035,-0.014780587901701336,-0.06793221146245063,0.015934130434782617,0.051998986166007954,-0.08386634189723322
2013,France,FRA,132,65669.3728816287,21841.280960321223,102.8149990777683,101.1123661562569,13887.84944873,0.2206306434075544,147.50528358319613,-70.828032188523,3341.81885349,2808.6766826,5241.452833303333,10792.84097606,0.0430666666666666,2.20435,252.4445914624722,9.9206,177.5953053855774,0.934132,2779.59154922,3231.27697985,4.75641360307447,13603.759938338331,7196.24842377,7586.798661999999,6016.961276338332,13218.556640625,5.315672397613525,110.40459442138672,74.90921783447266,0.0,0.0,1.0,1.0,PEG,DEU,-0.16583334,0.2221730053424835,0.0059483628720045,-0.0387177653610706,0.0004306666669435,,,-0.0210848711431026,0.0270332340151071,0.0276155024766922,0.1798592209815979,0.0358634181320667,,,,0.0220460835844278,0.0423137843608856,0.0339666344225406,0.0470263548195362,-0.0191435497254133,0.332027,0.104863,0.56311,10.0,0.227164,0.243079,0.2622,0.14605,0.129634,0.610872,0.608166,0.097029,0.132566,0,13386.3391642725,13194.710619446669,12394.070823849168,6939.44781784,6717.3932542,6542.61351155,10498.32284263,9931.35296925,9552.65587401,2.535992,3.321058,3.117017,0.0493333333333333,0.693358333333333,0.376258333333334,257.8824050698545,259.06372621080664,244.53347617709517,0.90604,0.878344,0.852569,146.24216731964805,143.43908739232012,140.47286524699993,-132.220980923802,-115.9823135000247,-82.3250161754417,21818.118066179795,21842.23668701559,21477.47740245256,2.161283333333333,2.4866586666666666,2.627699666666667,2.7407586666666663,0.014523133576222943,0.033056656836513515,0.05708888558643348,-0.004559963520291835,-0.0011042193700854651,2310.2168833911946,2427.70361534485,1921.166002608692,1429.6152164969571,1397.071828551364,1402.320804984286,1838.2809906760867,1570.4630294972721,1468.9229304385717,-0.6607308492753625,-0.01505225151515166,-0.34061715396825365,-1.5678921883406562,-1.0231027881467831,-1.4511940788797846,51.6626209548881,55.708020464624155,43.90628660254103,0.13284091304347823,0.11429909090909096,0.09870361904761904,10.709297870500109,8.772377280985552,6.674117534198388,-154.01367480547904,-140.8806037801109,-114.54340947649726,395.84864375989855,511.84540998497323,230.00713690976045,0.9071613390652937,1.0080505366316317,1.1105769249115307,-0.040486546066337774,-0.03570081337907152,-0.004349522654038436,-0.051921381752841105,-0.011557338881509763,-0.012513680529300575,0.03780390737240076,-0.025289317580340365,-0.05031758790170132,0.007185788537549365,0.01947913043478261,-0.026665013833992113,-0.012293341897233218
2014,France,FRA,132,66009.58596604168,21940.470687708923,103.30757411427396,101.45947267834896,14101.53400105,0.2177102803738317,148.2542546748897,-134.81066505003798,3308.5159166000003,2808.0207256,5475.866720085,11201.94167825,0.0572916666666667,1.666442,247.823736705452,10.3594,179.02893704326186,0.948887,2803.2322395,3273.23198957,5.402825137962275,14218.93718491,7473.928141009999,7729.797288000001,6489.139896909999,15116.0830078125,5.27177619934082,110.68717193603516,75.76092529296875,0.0,0.0,1.0,1.0,PEG,DEU,0.0075,0.0270840004086494,0.0101937931030988,0.3238297402858734,0.0005729166441597,,,-0.0175602901726961,0.0277540832757949,0.0282501634210348,-0.0054004350677132,0.0326608195900917,,,,0.016666667535901,0.0324844382703304,0.0433170869946479,0.0135136675089597,0.1622013300657272,0.332469,0.120519,0.547013,10.0,0.21195,0.332027,0.243079,0.104863,0.14605,0.56311,0.610872,0.227164,0.097029,0,13603.759938338331,13386.3391642725,13194.710619446669,7196.24842377,6939.44781784,6717.3932542,10792.84097606,10498.32284263,9931.35296925,2.20435,2.535992,3.321058,0.0430666666666666,0.0493333333333333,0.693358333333333,252.4445914624722,257.8824050698545,259.06372621080664,0.934132,0.90604,0.878344,147.50528358319613,146.24216731964805,143.43908739232012,-70.828032188523,-132.220980923802,-115.9823135000247,21841.280960321223,21818.118066179795,21842.23668701559,1.6091503333333332,2.161283333333333,2.4866586666666666,2.627699666666667,0.016241989045527615,0.03700591353534126,0.028053827058362766,-0.021086407992469674,0.001061635750213128,2527.637657457026,2619.332160170681,2721.805798206193,1686.4158224269568,1619.1263921913642,1577.1005476342862,2132.799124106088,2137.4329028772718,1847.6200256785705,-0.9923728492753625,-0.8001182515151517,-0.13657615396825395,-1.5741588550073229,-1.667127788146783,-1.1340940788797855,46.224807347505816,54.526699323672005,58.4365366362525,0.16093291304347823,0.1419950909090909,0.12447861904761903,11.972414134048194,11.57545720831348,9.640339679518576,-92.62072607020004,-157.1192712038882,-148.20070680108026,419.01153790132594,487.72678914917924,594.7664214727884,0.5817860057319602,0.8670095366316313,0.9975179249115314,-0.038767690597033104,-0.03175155668024378,-0.033384581182109144,-0.06844782622501894,-0.00939148376121117,0.07643431947069945,-0.0033830926275992546,-0.07305131758034034,0.07981741209829868,-0.011935211462450634,0.035895130434782624,-0.023959013833992127,-0.0478303418972332
2015,France,FRA,132,66291.03497223786,22075.0075993006,104.08653823276164,102.5946328141708,14420.76859424,0.215659465864552,148.30987134011397,-53.06842842680319,3332.1303686,2925.1090501,6135.139036089166,11717.89121617,-0.199075,0.8418583,243.20288194843175,10.0568,181.28977948021492,0.955797,2832.35017073,3329.27039608,6.025140075319188,14620.96011107,7776.868762319999,7987.588389,6633.37172207,15612.169921875,5.764798641204834,108.04460144042967,74.33617401123047,0.0,0.0,1.0,1.0,PEG,DEU,-0.20416667,0.1194460019469261,0.0106312483549118,0.0001431030395906,-0.0019907499663531,,,-0.0176358427852392,0.028267091140151,0.0287745539098978,0.0852635875344276,0.031496874988079,,,,0.0084440829232335,0.0341824106872081,0.0264467578381299,0.0332700088620185,-0.0009238234488293,0.170528,0.053839,0.775633,10.0,0.116688,0.332469,0.332027,0.120519,0.104863,0.547013,0.56311,0.21195,0.227164,0,14218.93718491,13603.759938338331,13386.3391642725,7473.928141009999,7196.24842377,6939.44781784,11201.94167825,10792.84097606,10498.32284263,1.666442,2.20435,2.535992,0.0572916666666667,0.0430666666666666,0.0493333333333333,247.823736705452,252.4445914624722,257.8824050698545,0.948887,0.934132,0.90604,148.2542546748897,147.50528358319613,146.24216731964805,-134.81066505003798,-70.828032188523,-132.220980923802,21940.470687708923,21841.280960321223,21818.118066179795,1.0409332999999998,1.6091503333333332,2.161283333333333,2.4866586666666666,0.04522111896711491,0.038586733098706354,0.03790482071378982,-0.01830443159922926,0.004541387822806592,3142.8149040286953,2836.7529342365124,2913.434343032024,1964.095539666956,1875.9269981213638,1799.1551112742864,2541.8998262960868,2431.951036307273,2414.58989905857,-1.5302808492753623,-1.1317602515151517,-0.921642153968254,-1.5599338550073227,-1.6733944548134496,-1.7781190788797854,41.60395259048562,49.088885716289724,57.25521549530035,0.1756879130434783,0.1700870909090909,0.15217461904761898,12.721385225741756,12.838573471861565,12.443419606846504,-156.60335893171504,-95.7263224686092,-164.43937422485754,518.2012652890262,510.8896832906066,570.6478006369944,0.02965300573196039,0.5416342032982977,0.8564769249115309,-0.009788560675445812,-0.030170737116878683,-0.023533587526682095,-0.06566584983177853,-0.005911731688617705,0.07687631947069945,0.012272907372400749,-0.08914831758034036,0.06460341209829867,0.07701278853754939,-0.005291869565217391,-0.0717210138339921,0.0823046581027668
2016,France,FRA,132,66464.23436066628,22243.41154401061,104.94947457600556,104.14552373120291,14654.92556453,0.2195701915743191,148.5817750367696,-71.2229382436158,3316.1250178,2898.4771959,6719.916502126667,12336.08477168,-0.55626666667,0.4678833,245.3917078859677,9.41,183.846095946334,0.979568,2887.0045079700003,3425.78790906,6.222910539796983,15238.136933230002,8159.9082929,8252.595017,6985.2352,15843.43359375,6.286256790161133,107.69346618652344,73.59101104736328,0.0,0.0,1.0,1.0,PEG,DEU,-0.21250001,0.0894000008702278,0.0381166785955429,0.0352768450975418,-0.003194,,,0.0092500448226928,0.02886663377285,0.0286020636558532,0.0533999986946582,0.0341750532388687,,,,0.004679,0.0359999984502792,0.0436022989451885,0.0533044971525669,0.0160414222627878,0.299167,0.099238,0.601595,25.0,0.19993,0.170528,0.332469,0.053839,0.120519,0.775633,0.547013,0.116688,0.21195,0,14620.96011107,14218.93718491,13603.759938338331,7776.868762319999,7473.928141009999,7196.24842377,11717.89121617,11201.94167825,10792.84097606,0.8418583,1.666442,2.20435,-0.199075,0.0572916666666667,0.0430666666666666,243.20288194843175,247.823736705452,252.4445914624722,0.955797,0.948887,0.934132,148.30987134011397,148.2542546748897,147.50528358319613,-53.06842842680319,-134.81066505003798,-70.828032188523,22075.0075993006,21940.470687708923,21841.280960321223,1.02414996667,1.0409332999999998,1.6091503333333332,2.161283333333333,0.028273767647461787,0.04053298554581257,0.04605893806087044,-0.018645731108930527,0.0061319063527221504,3544.837830188695,3451.930180808182,3130.8551170978553,2267.036160976956,2153.606715361363,2055.955717204286,3057.8493642160865,2841.051738497272,2709.1080324885716,-2.354864549275362,-1.6696682515151515,-1.253284153968254,-1.8163005216739894,-1.6591694548134495,-1.784385745546452,36.983097833465365,44.46803095926953,51.81740188791807,0.18259791304347828,0.18484209090909098,0.18026661904761898,12.777001890966034,13.587544563555127,13.706535870394589,-74.86112230848023,-159.70895533012418,-103.04642548957855,652.7381768807027,610.0794106783069,593.8106947784217,-0.538564027601373,-0.010498796701702062,0.5311015915781974,-0.02673591199509893,-0.028224484669772468,-0.015379470179601472,-0.06600714934147979,-0.004321213158702147,-0.08506468052930055,-0.054407092627599254,0.13947168241965968,-0.030658587901701326,0.07745478853754939,0.010364130434782612,-0.08781801383399213,0.06709065810276679
2017,France,FRA,132,66639.49564657599,22726.543640919503,107.04321509608673,105.37922772567464,15068.91970594,0.2247981864,150.11555907107788,-115.57861414455982,3554.1718131,3051.51852357,7572.868321843332,13431.4411277,-0.6357326768545074,0.8098583,252.93099722636904,9.02,187.910079961066,0.981321,3038.89791089,3527.90729482,5.469498874343369,15974.520821,8615.581942089999,8711.764916999999,7262.7559040000015,16256.4306640625,6.5710425109411466,107.5375786138768,72.65398338709419,0.0,0.0,1.0,1.0,PEG,DEU,-0.035,0.1851000040769577,0.0588767454028129,0.0358444042503833,-0.003534,,,0.0302205085754394,0.0286562368273735,0.0278156343847513,0.1532000005245208,0.0276621580123901,,,,0.008099,0.0318999998271465,0.0778218433260917,0.0989512577652931,0.0161552019417285,0.267427,0.090719,0.641854,29.0,0.176708,0.299167,0.170528,0.099238,0.053839,0.601595,0.775633,0.19993,0.116688,0,15238.136933230002,14620.96011107,14218.93718491,8159.9082929,7776.868762319999,7473.928141009999,12336.08477168,11717.89121617,11201.94167825,0.4678833,0.8418583,1.666442,-0.55626666667,-0.199075,0.0572916666666667,245.3917078859677,243.20288194843175,247.823736705452,0.979568,0.955797,0.948887,148.5817750367696,148.30987134011397,148.2542546748897,-71.2229382436158,-53.06842842680319,-134.81066505003798,22243.41154401061,22075.0075993006,21940.470687708923,1.4455909768545074,1.02414996667,1.0409332999999998,1.6091503333333332,0.042211784826135794,0.049253696093713134,0.052756382876889156,0.009000000000000216,0.0076287151409790135,4162.0146523486965,3853.9531069681816,3746.032363669525,2650.0756915569564,2456.547336671363,2333.6354344442852,3676.0429197260873,3357.0012764172716,3118.20873467857,-2.7288395492753623,-2.4942519515151513,-1.7911921539682538,-2.1734921883439897,-1.915536121480116,-1.7701607455464519,39.1719237710013,39.84717620224927,47.19654713089787,0.20636891304347826,0.19175209090909096,0.19502161904761905,13.048905587621675,13.643161228779405,14.455506962088151,-93.01563212529284,-77.9667187068894,-167.02905835109354,821.1421215907139,744.6163222699834,693.000422166122,-0.5553473609313728,-0.5787158300350355,-0.0210314084218024,-0.012797894816424925,-0.019503774121871903,-0.008682025363582757,-0.03836141823254905,-0.002824404370445284,0.04357431947069945,-0.009008092627599246,-0.034566317580340344,0.05258341209829867,-0.08448621146245061,-0.05631586956521739,0.14080198616600792,-0.028171341897233207
2018,France,FRA,132,66850.84013840828,23071.73251827475,108.74079069397978,106.12257619003104,15502.27113842,0.2289263430127118,152.89392048052804,-128.82387316027018,3709.27284575,3170.0630726100003,8194.862054906667,14181.18685956,-0.6143559839129322,0.7841083,260.65454535037696,8.6,191.0832989812264,0.977815,3059.32441187,3508.95013752,5.728882096069867,16943.15284419,9100.92452639,9173.78167038,7769.371173810001,16699.478515625,6.451787214614173,109.69896025774342,72.6857404220272,0.0,0.0,1.0,1.0,PEG,DEU,-0.00666667,-0.0745000019669532,0.0587607473134994,0.0095967259258031,-0.003629,,,0.0310170650482177,0.0277436822652816,0.0269090421497821,-0.1002999991178512,0.028676226735115,,,,0.007841,0.0257999990135431,0.0154558597132563,0.019878264516592,0.0029838629998266,0.307829,0.049074,0.643097,24.0,0.258755,0.267427,0.299167,0.090719,0.099238,0.641854,0.601595,0.176708,0.19993,0,15974.520821,15238.136933230002,14620.96011107,8615.581942089999,8159.9082929,7776.868762319999,13431.4411277,12336.08477168,11717.89121617,0.8098583,0.4678833,0.8418583,-0.6357326768545074,-0.55626666667,-0.199075,252.93099722636904,245.3917078859677,243.20288194843175,0.981321,0.979568,0.955797,150.11555907107788,148.5817750367696,148.30987134011397,-115.57861414455982,-71.2229382436158,-53.06842842680319,22726.543640919503,22243.41154401061,22075.0075993006,1.3984642839129322,1.4455909768545074,1.02414996667,1.0409332999999998,0.048325060405787296,0.055842986567200076,0.08879286874994682,0.030723488602576676,0.02172023369495148,4898.398540118695,4471.129929128183,4148.055289829525,3105.7493407469556,2839.5868672513634,2636.5760557542853,4771.399275746087,3975.1948319272724,3634.15827259857,-2.386864549275362,-2.8682269515151515,-2.6157758539682536,-2.2529581985284968,-2.2727277881501164,-2.0265274122131185,46.71121311140266,42.03600213978521,42.575692373877615,0.20812191304347827,0.21552309090909094,0.20193161904761903,14.582689621929944,13.915064925435047,14.511123627312429,-137.37130802623687,-96.121228523702,-85.28682172785874,1304.274218499606,913.0202669799946,827.5373337577985,-0.1339063507468654,-0.5954991633650353,-0.5892484417551358,-0.006684619236773423,-0.012914483648384961,0.02735446050947491,-0.01663792962997259,0.011267114183527183,0.011834319470699461,-0.01752709262759926,0.0056926824196597,0.029361412098298678,0.04415278853754939,-0.010916869565217382,-0.033236013833992106,0.05507065810276679
2019,France,FRA,132,66999.29675706122,23443.58862098411,110.50278126673248,107.76345430004658,15989.83741695,0.2347738689344385,154.58837488104194,-46.5304268833245,3792.6121826,3275.68526875,9034.348717305833,15241.38392038,-0.5659576740607989,0.1302,269.2295082282125,8.41,193.86398687358405,0.974591,3005.30635292,3583.38157831,5.839033291792769,17876.65837003,9679.07846662,9728.71473281,8147.94363722,17588.75390625,6.576556581759528,108.35789356151224,72.43736505115807,0.0,0.0,1.0,1.0,PEG,DEU,-0.03083333,0.2836999893188476,0.0594377629458904,0.0774455741047859,-0.003917,,,0.0324159860610961,0.0270217768847942,0.0261733420193195,0.2430000007152557,0.032743364572525,,,,0.001302,0.0407000035047531,0.1093755662441253,0.1335979551076889,0.0367642864584922,0.268319,0.066253,0.665428,23.0,0.202066,0.307829,0.267427,0.049074,0.090719,0.643097,0.641854,0.258755,0.176708,0,16943.15284419,15974.520821,15238.136933230002,9100.92452639,8615.581942089999,8159.9082929,14181.18685956,13431.4411277,12336.08477168,0.7841083,0.8098583,0.4678833,-0.6143559839129322,-0.6357326768545074,-0.55626666667,260.65454535037696,252.93099722636904,245.3917078859677,0.977815,0.981321,0.979568,152.89392048052804,150.11555907107788,148.5817750367696,-128.82387316027018,-115.57861414455982,-71.2229382436158,23071.73251827475,22726.543640919503,22243.41154401061,0.6961576740607989,1.3984642839129322,1.4455909768545074,1.02414996667,0.06063606126555255,0.05633311685295913,0.055820200135768105,0.030536186583313363,0.015188797857221504,5867.0305633086955,5207.513816898181,4765.232111989526,3591.091925046956,3295.2605164413626,3019.6155863342856,5521.145007606088,5070.551187947272,4252.351828108571,-2.4126145492753626,-2.5262519515151514,-2.989750853968254,-2.231581505586922,-2.3521937983346235,-2.383719078883119,54.434761235410576,49.575291480186564,44.76451831141355,0.20461591304347826,0.21727609090909095,0.225702619047619,17.3610510313801,15.448848959743316,14.78302732396807,-150.61656704194723,-140.47690442464602,-103.44133154467136,1649.463095854855,1396.1523638888866,995.9412784678098,-0.18103304368844064,-0.17405815318052786,-0.6060317750851356,0.0056263816229918315,-0.012424353362625908,-0.005618208104703808,-0.016825231649235904,0.004735678345797207,0.052236319470699455,-0.05917209262759925,0.0069356824196596945,0.11140841209829869,0.012412788537549402,-0.019435869565217395,0.0070229861660079385,0.0318486581027668
2020,France,FRA,132,67139.50578578899,21525.949965130512,101.60696468666244,99.9351401035076,15105.771370199998,0.2296474818269456,155.3249867137966,-286.858598320098,3281.30026067,2742.25447678,10603.154610585,17671.284792899998,-0.5716440491593455,-0.1452667,284.2508970993145,8.01,188.71257917451075,1.150422,2821.25137829,3846.66959897,5.345587156710943,19296.51009438,10169.216096589998,10181.53496905,9114.97512533,18824.3046875,6.175110602374172,103.4338454545954,72.33210232785409,0.0,0.0,1.0,1.0,PEG,DEU,-0.06833334,-0.0083999997004866,0.0820687413215637,0.0393002554774284,-0.004963,,,0.0557940006256103,0.0262747388333082,0.0248862355947494,-0.0266999993473291,0.0188020132482051,,,,-0.001453,0.018300000578165,0.0431215763092041,0.0527272373437881,0.017168628051877,0.28888,0.052807,0.658313,18.0,0.236073,0.268319,0.307829,0.066253,0.049074,0.665428,0.643097,0.202066,0.258755,0,17876.65837003,16943.15284419,15974.520821,9679.07846662,9100.92452639,8615.581942089999,15241.38392038,14181.18685956,13431.4411277,0.1302,0.7841083,0.8098583,-0.5659576740607989,-0.6143559839129322,-0.6357326768545074,269.2295082282125,260.65454535037696,252.93099722636904,0.974591,0.977815,0.981321,154.58837488104194,152.89392048052804,150.11555907107788,-46.5304268833245,-128.82387316027018,-115.57861414455982,23443.58862098411,23071.73251827475,22726.543640919503,0.42637734915934555,0.6961576740607989,1.3984642839129322,1.4455909768545074,0.05509632914396499,0.06352694592219993,0.07476081313358378,0.032897806812879196,0.016117389641840518,6800.536089148694,6176.145840088182,5501.615999759524,4169.2458652769565,3780.603100741363,3475.289235524285,6581.342068426087,5820.296919807273,5347.708184128571,-3.0665228492753625,-2.5520019515151517,-2.6477758539682537,-2.1831831957347885,-2.3308171053930486,-2.463185089067626,63.009724113246136,57.298839604194484,52.30380765181491,0.20139191304347825,0.21377009090909094,0.22745561904761902,19.055505431894005,18.22721036919347,16.31681135827634,-68.32312076500155,-153.72216344035638,-147.79700744561538,2021.3191985642115,1741.3412412441357,1479.0733753767017,-0.883339653540574,-0.2211848461221031,-0.1845907649006282,8.664950140427341e-05,-0.005230524293385108,0.013322404893111865,-0.01446361141967007,0.00566427013041622,0.01272631947069941,-0.041993092627599246,0.029266682419659684,0.05471941209829867,0.052814788537549395,-0.06108086956521739,0.008265986166007933,0.1138956581027668
2000,UK,GBR,112,59522.47,21045.72001977542,89.42698861449325,86.41,1098.5,0.1913314157528197,130.12300915002194,-24.482,220.728,186.156,32.21215,831.569,5.8,4.912916666666667,129.07960898949307,5.5616,153.53268559569852,0.36734,371.824,352.95,0.6701514542286557,891.539,442.593125,663.886,227.632,799.5670166015625,5.713825054447971,109.3485336303711,74.59123353531525,0.0,0.0,0.0,0.0,FLOAT,DEU,0.0,-0.0594029575586319,0.1801972836256027,0.0979445651173591,0.0579999983310699,,,0.1356078386306762,0.0445894412696361,0.0392648242413997,-0.0796506404876709,0.0219999998807907,,,,0.0491291657090187,0.0202476866543293,0.059860922396183,0.0577945560216903,0.0779722779989242,0.255954,0.201765,0.542282,21.0,0.054189,0.219218,0.136031,0.30262,0.339521,0.478161,0.524448,-0.083402,-0.20349,0,804.527,743.652,699.787,411.17071875,381.485375,361.34421875,770.6917,741.3339,680.1278000000001,4.8460833333333335,5.532583333333334,7.125833333333335,5.04,6.82,6.48,113.6657393364156,106.1287306725887,98.9412155349066,0.39431,0.40929,0.43267,129.09482516187444,127.40202137291485,125.448292773266,-25.143,-3.548,-1.308,20269.481542579528,19724.085413065444,19115.072462085736,-0.887083333333333,-0.19391666666666652,-1.2874166666666662,0.6458333333333348,0.0818595256921248,0.07781515543027047,0.039601318650071174,0.0710176086726116,0.027651275995428777,-640.2967391304348,-680.8753636363635,-704.9095238095238,-443.9538342391304,-453.88333948863635,-454.46252976190476,-644.8279434782609,-636.8110909090909,-661.0346666666666,0.8837768115942031,1.4496492424242433,2.935916666666669,2.2589130434782607,3.9125,3.462619047619048,-120.48451704353498,-123.00229905624353,-124.84684330974073,-0.2035126086956522,-0.17695954545454545,-0.14065095238095238,-25.997765417472323,-25.96250546130051,-26.18618893722372,22.104873185217386,42.72757184545455,43.41589519809524,-3291.7048245260776,-3710.7446086281525,-4192.384097463186,-1.3751362318840576,-2.462850757575757,-0.5267023809523794,0.034235129497594184,0.017521755742494816,-0.01636513734706009,0.01056871196718985,0.012815343435129719,0.03206404347826086,0.10351317391304349,-0.1355780434782609,-0.07144904347826088,-0.050151818181818186,0.1360514090909091,-0.08589945454545456,-0.18620313636363636
2001,UK,GBR,112,59723.24,21567.35402910252,91.24614026519136,88.8,1142.023,0.1868070212433467,131.72809207638275,-22.173,225.705,188.168,34.84386,884.8511,4.76,5.054333333333333,142.23101020665365,4.6955,161.38100179228374,0.33999,383.865,377.093,0.689464975179261,979.148,483.93465625,732.614,246.568,871.27197265625,5.558822445095629,109.61563110351562,74.86078979044925,0.0,0.0,0.0,0.0,FLOAT,DEU,0.0,-0.132198229432106,0.1425030529499054,0.0295485667884349,0.0476000010967254,,,0.101882554590702,0.040620494633913,0.0368646308779716,-0.1541893035173416,0.0260000005364418,,,,0.0505433343350887,0.0219910778105258,0.0242222025990486,0.0226349961012601,0.0385742858052253,0.235966,0.255389,0.508645,19.0,-0.019423,0.255954,0.219218,0.201765,0.30262,0.542282,0.478161,0.054189,-0.083402,0,891.539,804.527,743.652,442.593125,411.17071875,381.485375,831.569,770.6917,741.3339,4.912916666666667,4.8460833333333335,5.532583333333334,5.8,5.04,6.82,129.07960898949307,113.6657393364156,106.1287306725887,0.36734,0.39431,0.40929,130.12300915002194,129.09482516187444,127.40202137291485,-24.482,-25.143,-3.548,21045.72001977542,20269.481542579528,19724.085413065444,0.29433333333333334,-0.887083333333333,-0.19391666666666652,-1.2874166666666662,0.10815298927195724,0.07642179955208689,0.07899047050850554,0.13560699770277446,0.03829592165765419,-553.2847391304349,-620.0003636363635,-661.0445238095238,-412.5314279891304,-424.19799573863634,-434.32137351190477,-583.9506434782609,-607.4532909090909,-599.8285666666667,0.9506101449275364,0.7631492424242428,1.342666666666668,3.0189130434782605,2.1325,3.802619047619048,-105.07064739045751,-115.46529039241663,-117.65932817205864,-0.23048260869565218,-0.19193954545454545,-0.1640309523809524,-24.96958142932482,-24.269701672340915,-24.232460337574878,22.765873185217387,21.13257184545455,41.17589519809524,-2515.4663473301844,-3165.348479114069,-3583.371146483478,-2.068302898550724,-1.3693507575757573,-2.4599523809523802,0.06052859307742662,0.016128399864311235,0.02302401451137427,0.0751581009973527,0.02345998909735513,0.06880004347826088,0.002658173913043488,-0.07145704347826087,0.06614195652173913,0.0330351818181818,0.09915040909090908,-0.13218645454545458,-0.06611513636363636
2002,UK,GBR,112,59912.43,22008.006231145475,92.8305129577604,91.72,1190.336,0.1866052734988645,133.38643409789282,-22.221,225.105,185.577,37.031,944.9553,3.86,5.04675,167.9424856634055,5.0369,166.77671917743606,0.34215,388.594,408.201,0.6204243702692642,1090.4,546.14125,826.647,263.763,932.2239990234376,5.220986820894339,116.76862335205078,75.50680052607184,0.0,0.0,0.0,0.0,FLOAT,DEU,0.0,-0.2226026058197021,0.2185941934585571,0.1020865440368652,0.0386000014841556,,,0.1807693094015121,0.0378248803317546,0.0320340991020202,-0.2496164143085479,0.0359999984502792,,,,0.0504674986004829,0.0270138084888458,0.0642129108309745,0.0634563416242599,0.0703432708978653,0.29503,0.230691,0.474279,12.0,0.064339,0.235966,0.255954,0.255389,0.201765,0.508645,0.542282,-0.019423,0.054189,0,979.148,891.539,804.527,483.93465625,442.593125,411.17071875,884.8511,831.569,770.6917,5.054333333333333,4.912916666666667,4.8460833333333335,4.76,5.8,5.04,142.23101020665365,129.07960898949307,113.6657393364156,0.33999,0.36734,0.39431,131.72809207638275,130.12300915002194,129.09482516187444,-22.173,-24.482,-25.143,21567.35402910252,21045.72001977542,20269.481542579528,1.1867500000000004,0.29433333333333334,-0.887083333333333,-0.19391666666666652,0.09826715376444557,0.0934075314658356,0.06407417784934265,0.10188597037221496,0.024785752582327927,-465.67573913043486,-532.9883636363636,-600.1695238095238,-371.1898967391304,-392.77558948863634,-404.63602976190475,-530.6685434782609,-546.5759909090909,-570.4707666666667,1.0920268115942027,0.8299825757575761,0.6561666666666675,1.9789130434782605,2.8924999999999996,2.0226190476190475,-91.91924617329693,-100.05142073933916,-110.12231950823174,-0.25783260869565217,-0.21890954545454544,-0.17901095238095238,-23.36449850296401,-23.24151768419341,-22.539656548615284,25.07487318521739,21.79357184545455,19.58089519809524,-1993.8323380030852,-2389.110001918176,-3037.9750169693943,-0.8868862318840578,-2.062517424242424,-1.3664523809523808,0.05064275756991495,0.03311413177805994,0.008107721852211383,0.04143707366679321,0.009949820022028868,0.048812043478260875,0.056282173913043465,-0.1050940434782609,-0.007470043478260869,0.06977118181818182,-0.0017045909090909195,-0.06806545454545454,0.07147586363636363
2003,UK,GBR,112,60094.65,22762.765048987072,95.11927806638836,94.19,1259.97,0.1819256210495369,135.20261399802453,-19.196,233.501,186.66,39.84424,1006.433,3.56,4.884833333333334,199.78014074511,4.807,171.68191680030185,0.35398,410.383,448.796,0.5603182607721185,1193.615,621.63825,916.161,277.406,933.2860107421876,5.228961313651896,117.46700286865234,77.05176285892618,0.0,0.0,0.0,0.0,FLOAT,DEU,0.0,0.2017573118209839,0.22209432721138,0.0211136657744646,0.0355999991297721,,,0.1895773559808731,0.0325169637799263,0.0273348875343799,0.1656230092048645,0.0309999994933605,,,,0.0488483346998691,0.0361343137919902,0.1960850656032562,0.2150673568248748,0.0283568315207958,0.32025,0.170012,0.509737,6.0,0.150237,0.29503,0.235966,0.230691,0.255389,0.474279,0.508645,0.064339,-0.019423,0,1090.4,979.148,891.539,546.14125,483.93465625,442.593125,944.9553,884.8511,831.569,5.04675,5.054333333333333,4.912916666666667,3.86,4.76,5.8,167.9424856634055,142.23101020665365,129.07960898949307,0.34215,0.33999,0.36734,133.38643409789282,131.72809207638275,130.12300915002194,-22.221,-22.173,-24.482,22008.006231145475,21567.35402910252,21045.72001977542,1.3248333333333338,1.1867500000000004,0.29433333333333334,-0.887083333333333,0.11362122988557405,0.1285433744961307,0.06792577869881158,0.18077264177055713,0.02043144474043261,-354.4237391304348,-445.37936363636356,-513.1575238095238,-308.9833029891304,-351.43405823863634,-373.21362351190476,-470.56434347826087,-493.2938909090909,-509.5934666666667,1.0844434782608698,0.9713992424242424,0.7230000000000008,1.0789130434782606,1.8524999999999996,2.7826190476190473,-66.20777071654507,-86.90001952217858,-94.70844985515427,-0.25567260869565217,-0.24625954545454543,-0.20598095238095238,-21.706156481453945,-21.636434757832603,-21.51147256046778,25.026873185217386,24.102571845454552,20.241895198095243,-1553.1801359601304,-1867.4759925910766,-2261.736539773501,0.005530434782609284,-0.8811007575757575,-2.059619047619047,0.06599683369104342,0.06824997480835505,0.01195932270168032,0.12032374506513538,0.005595512180133553,0.10787604347826088,0.031584173913043495,-0.1394600434782609,0.07629195652173912,0.04978318181818181,0.05191940909090906,-0.10170245454545457,-0.0021361363636363644
2004,UK,GBR,112,60270.71,23306.55958095741,97.94023665880268,97.2,1322.795,0.1810602602009231,137.0190922684372,-22.12753641,249.298,188.557,42.182970000000005,1079.428,4.44,4.773583333333333,230.01815994048263,4.5942,179.5302329968871,0.38391,447.869,483.501,0.5177591384487936,1308.052,696.2056875,1015.494,292.565,976.1290283203124,4.913370616521505,115.96451568603516,77.67348104899223,0.0,0.0,0.0,0.0,FLOAT,DEU,0.0,0.1259501129388809,0.1793002486228943,0.0663805454969406,0.0443999990820884,,,0.1513564884662628,0.0279437527060508,0.024270286783576,0.0920951664447784,0.0309999994933605,,,,0.0477358326315879,0.0338549502193927,0.150250032544136,0.1613017469644546,0.0553902722895145,0.141595,0.141546,0.716859,10.0,4.9e-05,0.32025,0.29503,0.170012,0.230691,0.509737,0.474279,0.150237,0.064339,0,1193.615,1090.4,979.148,621.63825,546.14125,483.93465625,1006.433,944.9553,884.8511,4.884833333333334,5.04675,5.054333333333333,3.56,3.86,4.76,199.78014074511,167.9424856634055,142.23101020665365,0.35398,0.34215,0.33999,135.20261399802453,133.38643409789282,131.72809207638275,-19.196,-22.221,-22.173,22762.765048987072,22008.006231145475,21567.35402910252,0.33358333333333245,1.3248333333333338,1.1867500000000004,0.29433333333333334,0.09465792369772552,0.1382371318775133,0.06505884458238398,0.18957475207026717,0.03429473846538044,-251.20873913043488,-334.1273636363635,-425.5485238095238,-233.48630298913042,-289.2274644886363,-331.87209226190475,-409.08664347826084,-433.1896909090909,-456.3113666666667,0.9225268115942034,0.9638159090909095,0.864416666666667,0.7789130434782607,0.9524999999999997,1.7426190476190473,-34.37011563484057,-61.188544065426726,-81.55704863799369,-0.24384260869565216,-0.24409954545454543,-0.23333095238095236,-19.88997658132223,-19.978092736322537,-19.906389634106972,28.051873185217385,24.05457184545455,22.550895198095244,-798.4213181185332,-1426.823790548122,-1740.102530446402,0.14361376811594262,0.011315909090909626,-0.8782023809523809,0.0470335275031949,0.07794373218973764,0.009092388585252714,0.12912585536484542,0.01945880590508138,0.13309604347826084,-0.029094826086956516,-0.10400204347826092,0.16218995652173915,0.10884718181818182,0.027221409090909088,-0.13606845454545458,0.08162586363636362
2005,UK,GBR,112,60441.46,23810.43167439161,100.0,98.34,1399.656,0.1800310554324393,139.83749794227387,-16.151274519999998,268.946,209.716,43.64542,1185.56,4.55,4.43875,243.21776716124936,4.7503,187.37854919347237,0.39592,482.283,520.173,0.5807538184563563,1425.522,762.979625,1062.387,363.017,1167.20703125,3.87898110082054,110.88849639892578,78.71475570701577,0.0,0.0,0.0,0.0,FLOAT,DEU,0.0,0.2164361029863357,0.0824828073382377,0.085014171898365,0.045499999076128,,,0.0573868118226528,0.02509599737823,0.0237339790910482,0.1810059249401092,0.0299999993294477,,,,0.0443875007331371,0.0354301780462265,0.1237135156989097,0.1301815211772918,0.0652570873498916,0.144967,0.204399,0.650634,8.0,-0.059432,0.141595,0.32025,0.141546,0.170012,0.716859,0.509737,4.9e-05,0.150237,1,1308.052,1193.615,1090.4,696.2056875,621.63825,546.14125,1079.428,1006.433,944.9553,4.773583333333333,4.884833333333334,5.04675,4.44,3.56,3.86,230.01815994048263,199.78014074511,167.9424856634055,0.38391,0.35398,0.34215,137.0190922684372,135.20261399802453,133.38643409789282,-22.12753641,-19.196,-22.221,23306.55958095741,22762.765048987072,22008.006231145475,-0.11125000000000007,0.33358333333333245,1.3248333333333338,1.1867500000000004,0.09587429782635096,0.11995310375447454,0.07252842464426357,0.1513564815931924,0.023889651841507625,-136.77173913043498,-230.91236363636358,-314.2965238095237,-158.91886548913044,-213.73046448863636,-269.66549851190473,-336.0916434782607,-371.7119909090909,-396.2071666666667,0.8112768115942024,0.801899242424243,0.8568333333333342,1.658913043478261,0.6524999999999999,0.8426190476190474,-4.132096439467944,-29.35088898372223,-55.84557318124183,-0.2139126086956522,-0.23226954545454542,-0.23117095238095237,-18.07349831090957,-18.161912836190822,-18.248047612596906,25.120336775217385,27.07957184545455,22.502895198095242,-254.6267861481938,-672.0649727065247,-1299.4503284034472,-0.8476362318840587,0.14939924242424296,0.014214285714286179,0.04824990163182034,0.05965970406669889,0.016561968647132302,0.09090758488777065,0.009053719281208567,-0.045558956521739136,-0.05756082608695651,0.10311995652173911,0.01200195652173913,0.13406718181818178,-0.03345759090909092,-0.10061045454545459,0.16752386363636365
2006,UK,GBR,112,60609.15,24285.282650144403,101.941718437045,100.0,1476.722,0.1816089988815513,143.0939111885426,-31.2691626,304.335,245.384,45.84563,1304.358,4.65,4.241083333333333,255.0113659435023,5.3497,196.20790491463072,0.4051599999999999,509.973,549.137,0.5094243504839531,1592.527,846.6403125,1164.318,428.067,1265.8929443359375,3.952366884610196,106.06417083740234,78.4266111710748,0.0,0.0,0.0,0.0,FLOAT,DEU,0.0,0.1643164753913879,0.0729144960641861,-0.0050198640674352,0.0465000011026859,,,0.048487365245819,0.0244271345436573,0.0232974998652935,0.1315028965473175,0.0289999991655349,,,,0.0424108318984508,0.0328135825693607,0.097693808376789,0.1064334362745285,0.0207400694489479,0.160889,0.168004,0.671108,14.0,-0.007115,0.144967,0.141595,0.204399,0.141546,0.650634,0.716859,-0.059432,4.9e-05,1,1425.522,1308.052,1193.615,762.979625,696.2056875,621.63825,1185.56,1079.428,1006.433,4.43875,4.773583333333333,4.884833333333334,4.55,4.44,3.56,243.21776716124936,230.01815994048263,199.78014074511,0.39592,0.38391,0.35398,139.83749794227387,137.0190922684372,135.20261399802453,-16.151274519999998,-22.12753641,-19.196,23810.43167439161,23306.55958095741,22762.765048987072,-0.40891666666666726,-0.11125000000000007,0.33358333333333245,1.3248333333333338,0.08980529826031383,0.09591122092061351,0.09832244485042062,0.05738506570169125,0.021619325309853374,-19.301739130434953,-116.47536363636368,-211.0815238095238,-92.14492798913034,-139.16302698863637,-194.16849851190477,-229.9596434782609,-298.7169909090908,-334.72946666666667,0.4764434782608693,0.6906492424242421,0.6949166666666677,1.7689130434782605,1.5325000000000002,0.5426190476190476,9.067510781298779,0.8871302116504012,-24.007918099537335,-0.20190260869565219,-0.20233954545454547,-0.21934095238095236,-15.255092637072892,-16.345434565778163,-16.43186771246519,31.09659866521739,24.14803543545455,25.52789519809524,249.2453072860044,-128.27044073618526,-544.69151056185,-1.2924695652173912,-0.8418507575757583,0.15229761904761951,0.04218090206578321,0.035617821232837854,0.04235598885328935,-0.003063831003730498,0.006783392749554315,-0.04218695652173912,0.005292173913043485,0.03689495652173913,-0.04747904347826087,-0.0445878181818182,-0.061923590909090914,0.10651154545454544,0.017335863636363635
2007,UK,GBR,112,60776.24,25002.119099661428,103.53876172930924,101.73,1552.47,0.1848463159031979,146.4177561183055,-36.34984577,312.487,220.938,48.5842,1442.989,5.53,4.632083333333333,276.0476624838477,5.262,206.01830016036223,0.41547,540.524,578.777,0.4991514425476689,1763.498,925.0261875,1267.252,495.739,1312.427978515625,3.407608615287524,105.80948638916016,78.13765142215553,1.0,1.0,0.0,0.0,FLOAT,DEU,0.0,0.0508151166141033,0.1065702363848686,0.0620612576603889,0.0553000010550022,,,0.0824944823980331,0.0240757558494806,0.0222409963607788,0.0202088505029678,0.0299999993294477,,,,0.0463208332657814,0.0306062642484903,0.0844619423151016,0.0874282494187355,0.0586806312203407,0.171368,0.191647,0.636984,13.0,-0.020279,0.160889,0.144967,0.168004,0.204399,0.671108,0.650634,-0.007115,-0.059432,1,1592.527,1425.522,1308.052,846.6403125,762.979625,696.2056875,1304.358,1185.56,1079.428,4.241083333333333,4.43875,4.773583333333333,4.65,4.55,4.44,255.0113659435023,243.21776716124936,230.01815994048263,0.4051599999999999,0.39592,0.38391,143.0939111885426,139.83749794227387,137.0190922684372,-31.2691626,-16.151274519999998,-22.12753641,24285.282650144403,23810.43167439161,23306.55958095741,-0.8979166666666671,-0.40891666666666726,-0.11125000000000007,0.33358333333333245,0.11715357602337959,0.10964996280208661,0.1002041229461183,0.04848987358079805,0.019942980549298533,147.70326086956516,0.9946363636363458,-96.64452380952389,-8.484240489130343,-72.38908948863627,-119.60106101190479,-111.16164347826088,-192.58499090909095,-261.73446666666655,0.27877681159420264,0.355815909090909,0.5836666666666668,1.868913043478261,1.6424999999999996,1.422619047619048,20.861109563551736,14.086737432417124,6.230101095835295,-0.19266260869565227,-0.19032954545454545,-0.1894109523809524,-11.99867939080417,-13.527028891941484,-14.615389442052532,15.978710585217385,30.124297325454553,22.59635878809524,724.096283038798,375.6016526980129,-0.8969785915105604,-1.5901362318840584,-1.2866840909090909,-0.8389523809523818,0.06952917982884896,0.049356563114310956,0.04423766694898704,-0.0119590231246237,0.005107047988999474,-0.02626495652173913,-0.031102826086956525,0.05736895652173912,0.00483795652173913,-0.04121581818181819,0.000929409090909078,0.040286545454545464,-0.042145136363636364
2008,UK,GBR,112,60943.91,24602.13363468245,102.4406934978219,101.75,1598.752,0.1794453077672715,151.69160001920542,-62.98233417,343.052,249.514,52.08833,1496.955,4.32,4.5914166666666665,266.16302144439965,5.615,213.8666163569475,0.49327,568.287,644.731,0.6859651529702291,1843.045,978.097625,1335.868,507.025,1481.89794921875,2.681673643200811,97.25270080566406,77.76792366374465,0.0,0.0,0.0,0.0,FLOAT,DEU,0.0,-0.2975106835365295,-0.0127562750130891,0.1597290635108947,0.0432000011205673,,,-0.0358089879155159,0.0230527129024267,0.0239088647067546,-0.3277614116668701,0.0450000017881393,,,,0.0459141656756401,0.0302507374435663,-0.0577688105404377,-0.0811189860105514,0.101464532315731,0.144645,0.298587,0.556768,15.0,-0.153942,0.171368,0.160889,0.191647,0.168004,0.636984,0.671108,-0.020279,-0.007115,0,1763.498,1592.527,1425.522,925.0261875,846.6403125,762.979625,1442.989,1304.358,1185.56,4.632083333333333,4.241083333333333,4.43875,5.53,4.65,4.55,276.0476624838477,255.0113659435023,243.21776716124936,0.41547,0.4051599999999999,0.39592,146.4177561183055,143.0939111885426,139.83749794227387,-36.34984577,-31.2691626,-16.151274519999998,25002.119099661428,24285.282650144403,23810.43167439161,0.2714166666666662,-0.8979166666666671,-0.40891666666666726,-0.11125000000000007,0.10735830538508923,0.09258462400465951,0.106282937659753,0.08249160370760097,0.02951731959820373,318.67426086956516,167.99963636363645,20.825476190476138,69.9016345108696,11.271598011363722,-52.82712351190469,27.4693565217392,-73.78699090909095,-155.60246666666671,0.6697768115942027,0.15814924242424233,0.24883333333333368,2.748913043478261,1.7425000000000002,1.5326190476190473,41.89740610389714,25.88033621467008,19.429708316602017,-0.18235260869565217,-0.18108954545454553,-0.17740095238095238,-8.674834461041257,-10.270615645672763,-11.796983768215853,10.898027415217385,15.006409245454549,28.572620678095245,1440.9327325558224,850.4526284508065,502.9751148426876,-2.0791362318840583,-1.584350757575758,-1.2837857142857143,0.059733909190558605,0.03229122431688386,0.05031648166262173,0.022042707002179224,0.014681387037904671,-0.015785956521739142,-0.0074598260869565,0.02324495652173908,-0.008326043478260868,-0.025293818181818195,-0.03546559090909093,0.060760545454545456,0.010171863636363635
2009,UK,GBR,112,61067.49465695664,23489.35501271381,97.4861630607884,97.82,1557.12,0.1613072989056364,154.97620925702367,-51.59645316,309.438,225.844,55.71461,1518.131,0.53,4.544999999999999,239.8007649389642,7.5373,213.3760965946609,0.63193,519.325,666.777,0.617474529175671,1840.727,1000.943625,1347.335,493.374,1459.26904296875,4.523078394067842,95.56864166259766,75.38982684894977,0.0,0.0,0.0,0.0,FLOAT,DEU,0.0,0.2895195484161377,-0.0746546387672424,-0.0151635278016328,0.0052999998442828,,,-0.099044568836689,0.0243899282068014,0.0270711816847324,0.2495344579219818,0.0320000015199184,,,,0.045449998229742,0.039985105395317,0.034544937312603,0.0416660159826278,-0.0049317637458443,0.143049,0.301487,0.555464,17.0,-0.158439,0.144645,0.171368,0.298587,0.191647,0.556768,0.636984,-0.153942,-0.020279,0,1843.045,1763.498,1592.527,978.097625,925.0261875,846.6403125,1496.955,1442.989,1304.358,4.5914166666666665,4.632083333333333,4.241083333333333,4.32,5.53,4.65,266.16302144439965,276.0476624838477,255.0113659435023,0.49327,0.41547,0.4051599999999999,151.69160001920542,146.4177561183055,143.0939111885426,-62.98233417,-36.34984577,-31.2691626,24602.13363468245,25002.119099661428,24285.282650144403,4.014999999999999,0.2714166666666662,-0.8979166666666671,-0.40891666666666726,0.04510750791892025,0.05737290275363151,0.03739876048951163,-0.03580773316646522,-0.01599806253960266,398.2212608695652,338.97063636363646,187.83047619047625,122.9730720108696,89.65747301136366,30.833563988095307,81.4353565217391,64.84400909090914,-36.80446666666671,0.629110144927536,0.5491492424242423,0.05116666666666703,1.538913043478261,2.6225,1.6326190476190479,32.01276506444907,46.916632755015485,31.223307098854974,-0.1045526086956522,-0.17077954545454543,-0.16816095238095247,-3.400990560141338,-6.9467707159098495,-8.540570521947132,-15.734460984782615,9.925726075454548,13.45473259809524,1040.9472675768448,1567.289077967831,977.8260905954812,-0.9098028985507249,-2.073350757575758,-1.5814523809523815,-0.0025168882756103697,-0.0029204969341441456,-0.018567695507619636,-0.09625662987188696,-0.030833995099901722,-0.04250895652173914,0.09948017391304348,-0.056971043478260874,-0.14198904347826086,-0.014814818181818207,-0.011822590909090908,0.026636545454545413,-0.0029921363636363635
2010,UK,GBR,112,61556.92913172931,23777.155757682725,98.73109257473784,98.01846542311648,1612.195,0.160552372029749,160.08759053994729,-49.93137943,362.383,262.895,57.89951,1556.035,0.5,4.2379,253.60937467195572,7.7866,218.28129421752672,0.74273,554.36,699.95,0.638773554774832,1670.13,1014.428875,1221.319,449.167,1414.4840087890625,4.903718850903951,101.92652893066406,74.2738807213195,0.0,0.0,0.0,0.0,FLOAT,DEU,0.0,0.1415793001651764,0.0850349217653274,0.101185142993927,0.0049999998882412,,,0.057581078261137,0.0274538435041904,0.0259590912610292,0.1094065010547638,0.0289999991655349,,,,0.0423789992928504,0.0321727879345417,0.0953186228871345,0.1041370555758476,0.053092572838068,0.17936,0.260693,0.559947,18.0,-0.081333,0.143049,0.144645,0.301487,0.298587,0.555464,0.556768,-0.158439,-0.153942,0,1840.727,1843.045,1763.498,1000.943625,978.097625,925.0261875,1518.131,1496.955,1442.989,4.544999999999999,4.5914166666666665,4.632083333333333,0.53,4.32,5.53,239.8007649389642,266.16302144439965,276.0476624838477,0.63193,0.49327,0.41547,154.97620925702367,151.69160001920542,146.4177561183055,-51.59645316,-62.98233417,-36.34984577,23489.35501271381,24602.13363468245,25002.119099661428,3.7379,4.014999999999999,0.2714166666666662,-0.8979166666666671,-0.001257701249833826,0.023357586621274132,0.014146049814456788,-0.09904552616803841,-0.04523098030814358,395.9032608695652,418.5176363636365,358.80147619047625,145.8190720108696,142.72891051136367,109.21943898809525,102.61135652173925,118.81000909090903,101.82653333333337,0.5826934782608686,0.5084825757575757,0.44216666666666704,-2.251086956521739,1.4125,2.5126190476190478,5.650508559013616,37.031991715567415,52.25960363920038,0.03410739130434781,-0.09297954545454545,-0.15785095238095237,-0.11638132232309317,-1.6729268150099301,-5.216725592184218,-4.348579974782616,-16.70676232454545,8.37404942809524,-71.83135439179387,1167.3036129888533,1694.6625401125057,2.8337804347826077,-0.9040174242424246,-2.070452380952381,-0.04888209744436445,-0.036935813066501524,-0.04182040618267448,-0.15949442287346016,-0.06006691286844264,-0.044104956521739125,0.10238017391304349,-0.05827504347826096,-0.14648604347826086,-0.041537818181818204,0.09511740909090907,-0.05357945454545454,-0.13665513636363635
2011,UK,GBR,112,62071.86520238192,23967.74031056296,99.21222577012442,97.1568899202995,1669.509,0.1612061718015923,167.2334095835162,-30.06515351,397.006,295.865,61.01739,1577.787,0.48,3.8322,248.77913311061616,8.0377,223.18649184039248,0.79975,580.564,701.12,0.646788694133627,1643.496,1025.8548125,1218.891,424.041,1463.31005859375,4.871960031791744,101.8471221923828,75.74041270246309,0.0,0.0,0.0,0.0,FLOAT,DEU,0.0,-0.0342726185917854,0.0075619518756866,0.1840787678956985,0.0048000002279877,,,-0.019045066088438,0.0266070179641246,0.0271235890686512,-0.0669300705194473,0.0350000001490116,,,,0.0383220016956329,0.0326574482023716,0.0131078641861677,-0.0054585295729339,0.0944393873214721,0.162206,0.239842,0.597952,19.0,-0.077636,0.17936,0.143049,0.260693,0.301487,0.559947,0.555464,-0.081333,-0.158439,0,1670.13,1840.727,1843.045,1014.428875,1000.943625,978.097625,1556.035,1518.131,1496.955,4.2379,4.544999999999999,4.5914166666666665,0.5,0.53,4.32,253.60937467195572,239.8007649389642,266.16302144439965,0.74273,0.63193,0.49327,160.08759053994729,154.97620925702367,151.69160001920542,-49.93137943,-51.59645316,-62.98233417,23777.155757682725,23489.35501271381,24602.13363468245,3.3522,3.7379,4.014999999999999,0.2714166666666662,-0.09267914253444426,0.01347253697729475,0.0249675423267162,0.057583676751432354,0.012252390276920731,225.30626086956522,416.1996363636365,438.3484761904763,159.30432201086956,165.57491051136367,162.29087648809525,140.51535652173925,139.9860090909092,155.79253333333327,0.27559347826086933,0.4620659090909083,0.4015000000000004,-2.2810869565217393,-2.3775000000000004,1.3026190476190478,19.459118292005144,10.669735210131961,42.37496259975231,0.14490739130434782,0.04568045454545455,-0.08005095238095239,4.9949999606005235,1.6116824228083146,0.057118308715701005,-2.6835062447826132,-5.320881314545453,-18.25843897190476,215.96939057712007,54.52499102021466,1294.677075133528,2.5566804347826086,2.839565909090908,-0.901119047619048,-0.14030353872897489,-0.0468208627104809,-0.030998913670415063,-0.0028652199539893966,-0.002583542283378327,-0.007793956521739143,0.061586173913043496,-0.05379204347826094,-0.06938004347826088,-0.04313381818181819,0.09801740909090909,-0.054883454545454624,-0.14115213636363635
2012,UK,GBR,112,62483.81405890401,24150.282061037648,99.93403743043268,98.14007314528236,1721.355,0.1623917167055298,171.963175277107,-59.8605969,403.976,296.117,63.5643,1660.13,0.313,2.8646,249.52712959990532,7.8846,226.12961041411197,0.8316100000000001,601.053,732.661,0.633713561470215,1628.243,1036.601125,1220.389,406.923,1539.7430419921875,5.09753403415478,102.93154907226562,74.80615745745185,0.0,0.0,0.0,0.0,FLOAT,DEU,0.0,0.1214559599757194,0.0310374163091182,0.0384863913059234,0.0031300000846385,,,0.0030066845938563,0.0280307326465845,0.0279467049986124,0.0824864506721496,0.0359999984502792,,,,0.0286459997296333,0.0389695093035697,0.0525849536061286,0.06006421148777,0.020808195695281,0.116191,0.167848,0.715961,14.0,-0.051657,0.162206,0.17936,0.239842,0.260693,0.597952,0.559947,-0.077636,-0.081333,0,1643.496,1670.13,1840.727,1025.8548125,1014.428875,1000.943625,1577.787,1556.035,1518.131,3.8322,4.2379,4.544999999999999,0.48,0.5,0.53,248.77913311061616,253.60937467195572,239.8007649389642,0.79975,0.74273,0.63193,167.2334095835162,160.08759053994729,154.97620925702367,-30.06515351,-49.93137943,-51.59645316,23967.74031056296,23777.155757682725,23489.35501271381,2.5515999999999996,3.3522,3.7379,4.014999999999999,-0.015947261590415124,0.011263419034676071,0.013979120006940687,-0.019045989792717603,0.008015447887144964,198.6722608695652,245.60263636363652,436.0304761904763,170.7302595108696,179.06016051136362,185.13687648809525,162.2673565217392,177.8900090909092,176.96853333333343,-0.13010652173913062,0.15496590909090902,0.355083333333333,-2.3010869565217393,-2.4075,-2.4873809523809527,14.628876730665581,24.47834494312349,16.012706094316854,0.20192739130434778,0.15648045454545456,0.058609047619047616,12.14081900416943,6.723063705731931,3.3417275465339458,17.18271967521739,-3.6558075845454496,-6.872557961904761,406.55394345735476,342.3257359891286,181.89845316488936,2.1709804347826087,2.5624659090909088,2.8424642857142848,-0.06357165778494575,-0.04902998065309958,-0.041987335990190576,-0.07949488649813935,-0.006820484673154095,-0.024947956521739145,0.04073517391304349,-0.015787043478260876,-0.06568304347826087,-0.006822818181818208,0.05722340909090909,-0.05040045454545461,-0.06404613636363637
2013,UK,GBR,112,62877.12713382153,24523.87833989095,101.43706355713172,100.0525808986961,1793.155,0.1646586345381526,176.37368477008337,-87.09403712000001,413.303,300.651,66.61022,1722.147,0.302,3.1912,258.376739002406,7.5242,228.58220922554483,0.8415600000000001,626.691,722.525,0.60723828030119,1615.18,1049.76425,1223.055,394.904,1532.6700439453125,5.47017373686551,99.18416595458984,73.03531205320493,0.0,0.0,0.0,0.0,FLOAT,DEU,0.0,0.2053821831941604,0.0641061514616012,-0.0612709410488605,0.0030199999455362,,,0.0354660563170909,0.0286400951445102,0.0276591349393129,0.1668752878904342,0.032999999821186,,,,0.0319119989871978,0.0385068841278553,0.0865097269415855,0.1131121218204498,-0.0291254706680774,0.173725,0.154839,0.671436,25.0,0.018886,0.116191,0.162206,0.167848,0.239842,0.715961,0.597952,-0.051657,-0.077636,0,1628.243,1643.496,1670.13,1036.601125,1025.8548125,1014.428875,1660.13,1577.787,1556.035,2.8646,3.8322,4.2379,0.313,0.48,0.5,249.52712959990532,248.77913311061616,253.60937467195572,0.8316100000000001,0.79975,0.74273,171.963175277107,167.2334095835162,160.08759053994729,-59.8605969,-30.06515351,-49.93137943,24150.282061037648,23967.74031056296,23777.155757682725,2.8891999999999998,2.5515999999999996,3.3522,3.7379,-0.009280825751933777,0.010475471157376796,0.05218892030419827,0.0030066689273194717,0.007616143537496458,183.41926086956505,218.9686363636365,265.4334761904763,181.47657201086952,190.48609801136365,198.6221264880952,244.61035652173928,199.64200909090914,214.87253333333342,-1.0977065217391306,-0.25073409090909093,0.04798333333333371,-2.468086956521739,-2.4275,-2.5173809523809525,15.376873219954746,19.648103381783926,29.821315827308382,0.2337873913043479,0.21350045454545452,0.16940904761904763,16.87058469776025,13.868882749300838,8.453108829457562,-12.61272371478261,16.210418335454552,-5.207484231904758,589.0956939320422,532.9102888693633,469.6991981338033,1.3703804347826085,2.176765909090909,2.5653642857142858,-0.0569052219464644,-0.04981792853039886,-0.0037775356929329942,-0.057442227778102276,-0.007219789022802601,-0.07096295652173913,-0.031258826086956515,0.10222195652173904,-0.03970404347826087,-0.02397681818181821,0.03637240909090908,-0.012395454545454543,-0.06034913636363636
2014,UK,GBR,112,63358.71496370807,25034.19310819928,103.57532078028142,101.64111122125084,1876.162,0.17153319304043,178.95055970149247,-90.89616032,409.007,287.963,70.40411999999999,1797.282,0.38,3.0986,278.7749026078591,6.1096,231.5253277992643,0.8606100000000001,640.648,745.695,0.640697078421322,1625.972,1076.945,1253.125,372.738,1477.572265625,5.553087071939062,95.4370574951172,71.5134595476881,0.0,0.0,0.0,0.0,FLOAT,DEU,0.0,0.0119542740285396,0.1282611787319183,0.1559640020132064,0.0038000000640749,,,0.0999615117907524,0.0282996650785207,0.0257278680801391,-0.0213208179920911,0.0340000018477439,,,,0.0309859998524189,0.0332750938832759,0.0875674486160278,0.0894354954361915,0.0798820033669471,0.187125,0.220072,0.592802,21.0,-0.032947,0.173725,0.116191,0.154839,0.167848,0.671436,0.715961,0.018886,-0.051657,0,1615.18,1628.243,1643.496,1049.76425,1036.601125,1025.8548125,1722.147,1660.13,1577.787,3.1912,2.8646,3.8322,0.302,0.313,0.48,258.376739002406,249.52712959990532,248.77913311061616,0.8415600000000001,0.8316100000000001,0.79975,176.37368477008337,171.963175277107,167.2334095835162,-87.09403712000001,-59.8605969,-30.06515351,24523.87833989095,24150.282061037648,23967.74031056296,2.7186,2.8891999999999998,2.5515999999999996,3.3522,-0.008022758273795665,0.01269835106536281,0.03735671302849766,0.03546551998850883,0.015469644532890865,170.35626086956518,203.71563636363635,238.7994761904763,194.63969701086955,201.23241051136358,210.04806398809524,306.6273565217391,281.9850090909092,236.62453333333337,-0.7711065217391306,-1.218334090909091,-0.35771666666666624,-2.4790869565217393,-2.5945,-2.5373809523809525,24.22648262245542,20.39609987107309,24.99107426596882,0.2437373913043479,0.24536045454545463,0.22642904761904759,21.28109419073661,18.59864844289166,15.598927873026469,-39.84616393478262,-13.585025054545447,14.658741688095244,962.6919727853456,715.4520393440507,660.283751014038,1.7079804347826086,1.3761659090909089,2.179664285714286,-0.055647154468326285,-0.047595048622412844,-0.018609742968633602,-0.02498337671691292,0.000633711972591806,-0.013428956521739144,-0.04426782608695651,0.05769695652173912,0.030838956521739132,-0.0699918181818182,-0.03562159090909092,0.10561354545454538,-0.03437013636363637
2015,UK,GBR,112,63861.88106703147,25423.86029158919,105.186106295947,103.87451461179984,1935.212,0.1728540772532188,179.02231775406054,-96.44276384,399.08,279.632,74.24507000000001,1866.046,0.44,2.4087,295.62555949932033,5.3003,236.43052542213007,0.8672,664.659,750.348,0.674809366354005,1661.64,1110.176,1292.166,369.375,1471.3341064453125,6.19642049763964,96.67932891845705,70.44191268310469,0.0,0.0,0.0,0.0,FLOAT,DEU,0.0,0.010998629964888,0.0932248458266258,0.0076761436648666,0.0043999999761581,,,0.0667558461427688,0.0264689996838569,0.0248126126825809,-0.0250736456364393,0.0370000004768371,,,,0.0240870006382465,0.0360722765326499,0.0544209033250808,0.0665163248777389,0.0060380715876817,0.170445,0.123236,0.706319,31.0,0.047209,0.187125,0.173725,0.220072,0.154839,0.592802,0.671436,-0.032947,0.018886,0,1625.972,1615.18,1628.243,1076.945,1049.76425,1036.601125,1797.282,1722.147,1660.13,3.0986,3.1912,2.8646,0.38,0.302,0.313,278.7749026078591,258.376739002406,249.52712959990532,0.8606100000000001,0.8415600000000001,0.8316100000000001,178.95055970149247,176.37368477008337,171.963175277107,-90.89616032,-87.09403712000001,-59.8605969,25034.19310819928,24523.87833989095,24150.282061037648,1.9687000000000001,2.7186,2.8891999999999998,2.5515999999999996,0.006681608241805814,0.02589224199623867,0.043628679781691104,0.07894736842105253,0.020808893325744617,181.1482608695651,190.65263636363647,223.54647619047614,221.82044701086954,214.39553551136362,220.79437648809517,381.7623565217391,344.00200909090904,318.96753333333345,-0.8637065217391307,-0.891734090909091,-1.3253166666666663,-2.4010869565217394,-2.6055,-2.7043809523809523,44.6246462279085,29.245709273573766,25.739070755257984,0.2627873913043479,0.25531045454545465,0.2582890476190477,23.857969122145704,23.009157935868018,20.32869356661729,-43.64828713478262,-40.81846527454546,-15.136701701904755,1473.0067410936754,1089.048318197354,842.8255014887254,1.5373804347826088,1.713765909090909,1.3790642857142854,-0.0409427879527248,-0.03440115769153698,-0.01233777621544016,0.01849847171563078,0.005972960765445559,-2.8956521739120777e-05,0.020965173913043478,-0.020937043478260864,-0.020994043478260865,-0.012457818181818209,-0.048630590909090915,0.06108854545454545,0.036172863636363635
2016,UK,GBR,112,64389.56793562405,25649.81325519704,106.18997288603688,106.5966596101052,2016.638,0.1761272970161228,180.203267326054,-108.39265008,426.80622,292.09337,80.396,2000.228,0.32,1.9061,316.31934866427275,4.8097,242.316762569569,0.86775,699.712,759.29,0.812875955129247,1719.569,1155.301,1343.13,376.167,1608.0423583984375,6.333213245714726,94.99913024902344,72.09614526068874,0.0,0.0,0.0,0.0,FLOAT,DEU,0.0,0.1541000008583068,0.0950536504387855,0.0712653249502182,0.0020239999999999,,,0.0697506666183471,0.0253029819577932,0.0236531589180231,0.1084000021219253,0.0412306040525436,,,,0.013052,0.0457000024616718,0.102150946855545,0.1307640969753265,0.0366446636617183,0.145605,0.131469,0.722926,23.0,0.014136,0.170445,0.187125,0.123236,0.220072,0.706319,0.592802,0.047209,-0.032947,0,1661.64,1625.972,1615.18,1110.176,1076.945,1049.76425,1866.046,1797.282,1722.147,2.4087,3.0986,3.1912,0.44,0.38,0.302,295.62555949932033,278.7749026078591,258.376739002406,0.8672,0.8606100000000001,0.8415600000000001,179.02231775406054,178.95055970149247,176.37368477008337,-96.44276384,-90.89616032,-87.09403712000001,25423.86029158919,25034.19310819928,24523.87833989095,1.5860999999999998,1.9687000000000001,2.7186,2.8891999999999998,0.021936417109273788,0.030856728988017026,0.038259994814392025,0.06044538706256627,0.015565398161855834,216.8162608695652,201.4446363636364,210.48347619047627,255.05144701086954,241.5762855113636,233.9575014880952,450.5263565217392,419.13700909090903,380.9845333333333,-1.5536065217391304,-0.984334090909091,-0.9987166666666663,-2.3410869565217394,-2.5275000000000003,-2.7153809523809525,61.475303119369755,49.643872879026844,34.58868015775866,0.2693773913043478,0.27436045454545466,0.2682390476190477,23.929727174713776,25.586032867277112,24.73920305959365,-49.19489065478261,-44.62058847454546,-42.37014192190477,1862.6739244835844,1599.363086505684,1216.4217803420288,0.787480434782609,1.5431659090909091,1.7166642857142855,-0.025687979085256833,-0.029436670699758628,-0.01770646118273924,-3.5096428554828862e-06,0.0007294656015567752,-0.01670895652173912,-0.07587082608695651,0.09257995652173912,0.05916195652173913,0.0009421818181818142,0.01660240909090907,-0.01754545454545453,-0.015660136363636362
2017,UK,GBR,112,64774.05353504466,25941.29822707525,107.30651198501482,107.07547014222976,2097.143,0.1801894291424094,185.06875554385743,-77.97145133000001,468.40781,327.70571,89.23956000000001,2097.374,0.29,1.8237,330.5093755202401,4.33,248.2029997170079,0.8631399999999999,739.861,780.118,0.740110276431188,1758.358,1204.67,1394.487,363.871,1727.902099609375,6.267202120080238,93.4594342667318,72.50509581252207,0.0,0.0,0.0,0.0,FLOAT,DEU,0.0,0.1406999975442886,0.0693669393658638,0.0374385118484497,0.004123,,,0.0454190969467163,0.0239478405565023,0.02290740609169,0.096900001168251,0.0399307124316692,,,,0.012358,0.0438000001013278,0.0817228332161903,0.1101884171366691,0.0207807552069425,0.174492,0.112176,0.713331,20.0,0.062316,0.145605,0.170445,0.131469,0.123236,0.722926,0.706319,0.014136,0.047209,0,1719.569,1661.64,1625.972,1155.301,1110.176,1076.945,2000.228,1866.046,1797.282,1.9061,2.4087,3.0986,0.32,0.44,0.38,316.31934866427275,295.62555949932033,278.7749026078591,0.86775,0.8672,0.8606100000000001,180.203267326054,179.02231775406054,178.95055970149247,-108.39265008,-96.44276384,-90.89616032,25649.81325519704,25423.86029158919,25034.19310819928,1.5337,1.5860999999999998,1.9687000000000001,2.7186,0.03486254543703802,0.04064670826967977,0.07190712340424621,0.06999999999999999,0.00888743727413425,274.7452608695651,237.1126363636365,221.27547619047618,300.17644701086954,274.8072855113636,261.1382514880952,584.7083565217392,487.90100909090916,456.11953333333327,-2.0562065217391305,-1.6742340909090907,-1.0913166666666663,-2.4610869565217395,-2.4675000000000002,-2.6373809523809526,82.16909228432218,66.4945297704881,54.98684376321174,0.26992739130434784,0.28095045454545453,0.2872890476190477,25.11067674670724,25.657790919845183,27.316077991002743,-61.14477689478261,-50.16719199454545,-46.172265121904765,2088.626888091436,1989.030269895593,1726.7365486503586,0.4048804347826087,0.7932659090909093,1.5460642857142857,-0.012761850757492602,-0.019646691418095885,0.015940667407114945,0.009551103294578242,-0.005948495286164809,-0.04154895652173912,-0.06763782608695651,0.10918695652173904,0.026088956521739128,-0.015737818181818186,-0.08023359090909092,0.09597154545454545,0.06449586363636364
2018,UK,GBR,112,65162.46245690836,26109.672726731733,107.9942680381239,107.947318890497,2174.38,0.1777352624656223,189.69547443245384,-78.86078144,483.01431,339.92359000000005,96.3787248,2154.778,0.6,1.8363,341.33341829671474,4.0,255.07027638902,0.8577500000000001,764.015,804.258,0.787680674254657,1840.975,1246.17,1435.871,405.104,1761.0484619140625,6.539821860474015,96.24737273342596,72.06842052035051,0.0,0.0,0.0,0.0,FLOAT,DEU,0.0,-0.095499999821186,0.0552191883325576,0.0223302748054265,0.006998,,,0.0321301221847534,0.0230890642851591,0.0223703030496835,-0.1321000009775161,0.0421707592904567,,,,0.014607,0.0366000011563301,-0.0105010569095611,-0.0235158391296863,0.0146641377359628,0.208284,0.106245,0.685471,26.0,0.102039,0.174492,0.145605,0.112176,0.131469,0.713331,0.722926,0.062316,0.014136,0,1758.358,1719.569,1661.64,1204.67,1155.301,1110.176,2097.374,2000.228,1866.046,1.8237,1.9061,2.4087,0.29,0.32,0.44,330.5093755202401,316.31934866427275,295.62555949932033,0.8631399999999999,0.86775,0.8672,185.06875554385743,180.203267326054,179.02231775406054,-77.97145133000001,-108.39265008,-96.44276384,25941.29822707525,25649.81325519704,25423.86029158919,1.2363,1.5337,1.5860999999999998,1.9687000000000001,0.02255739664997449,0.04273258657267685,0.048567463309182615,0.044859813084112056,0.011364019261198734,313.53426086956506,295.04163636363637,256.9434761904763,349.5454470108697,319.9322855113636,294.3692514880952,681.854356521739,622.0830090909092,524.8835333333334,-2.1386065217391304,-2.176834090909091,-1.781216666666666,-2.4910869565217393,-2.5875000000000004,-2.5773809523809526,96.35911914028952,87.18831893544052,71.837500654673,0.2653173913043477,0.2815004545454546,0.2938790476190476,29.976164964510673,26.83874049183865,27.387836043570815,-30.72357814478262,-62.117078234545446,-51.718868641904756,2380.1118599696456,2214.9832335034444,2116.4037320402676,0.35248043478260893,0.41066590909090905,0.7961642857142859,-0.02506699954455613,-0.0175608131150988,-0.0073989926879486495,-0.015589083621309695,-0.0034719132991003245,-0.012661956521739126,-0.08693082608695651,0.09959195652173913,0.07426895652173914,-0.04057781818181819,-0.07200059090909092,0.11257854545454538,0.03142286363636364
2019,UK,GBR,112,65516.5423073952,26341.025966169807,108.8588273963718,108.52099548273846,2255.283,0.1771879626636657,193.10999297223805,-68.63850265999999,487.60517,347.41970000000003,95.414937552,2237.762,0.0,1.3085,344.5732427045538,3.74,263.8996321101784,0.85243,789.337,830.452,0.762107990702283,1891.344,1289.753,1474.749,416.595,1730.3497314453125,6.2038004349530045,95.89707459085112,70.87334584660908,0.0,0.0,0.0,0.0,FLOAT,DEU,0.0,0.183799996972084,0.0327202007174491,0.057201974093914,0.007098,,,0.0100950002670288,0.0226252023130655,0.0223990827798843,0.1290999948978424,0.0484456643462181,,,,0.009358,0.0546999983489513,0.0884314998984336,0.1156729683279991,0.0321499854326248,0.208519,0.103126,0.688354,29.0,0.105393,0.208284,0.174492,0.106245,0.112176,0.685471,0.713331,0.102039,0.062316,0,1840.975,1758.358,1719.569,1246.17,1204.67,1155.301,2154.778,2097.374,2000.228,1.8363,1.8237,1.9061,0.6,0.29,0.32,341.33341829671474,330.5093755202401,316.31934866427275,0.8577500000000001,0.8631399999999999,0.86775,189.69547443245384,185.06875554385743,180.203267326054,-78.86078144,-77.97145133000001,-108.39265008,26109.672726731733,25941.29822707525,25649.81325519704,1.3085,1.2363,1.5337,1.5860999999999998,0.04698531243353172,0.03444926826433795,0.02736946295701196,0.03274957861463687,0.006490596506875951,396.151260869565,333.83063636363636,314.87247619047616,391.0454470108697,369.30128551136374,339.4942514880952,739.258356521739,719.2290090909089,659.0655333333334,-2.1260065217391304,-2.2592340909090907,-2.283816666666666,-2.1810869565217392,-2.6175,-2.6973809523809527,107.18316191676416,101.37834579140787,92.53128981962541,0.25992739130434794,0.27689045454545447,0.29442904761904765,34.60288385310707,31.70422870964208,28.56878561556428,-31.61290825478261,-31.695879484545458,-63.66875488190475,2548.4863596261275,2506.468205381654,2342.356695648119,0.05508043478260882,0.3582659090909093,0.4135642857142856,-0.0006390837609989014,-0.0258441314234377,-0.028596993040119305,-0.02769931809078488,-0.008345336053423108,0.021130043478260863,-0.0928618260869565,0.07173195652173914,0.11399195652173913,-0.011690818181818191,-0.09129359090909092,0.10298354545454547,0.07960286363636364
2020,UK,GBR,112,65795.098200853,23646.774125758013,97.64761867264194,96.12147654308168,2152.646,0.1710620324939632,194.84798290898817,-78.42000807000001,422.74503,296.41568,183.19668009984,2547.679,0.0,0.7393,354.3400018487326,4.472,268.8048297330442,1.0447,755.817,1035.089,0.745156482861401,1967.023,1328.254,1509.408,457.615,1828.8658447265625,5.828185091271618,87.57924435235655,69.16150534578492,0.0,0.0,0.0,0.0,FLOAT,DEU,0.0,-0.0944000035524368,0.0511461570858955,0.0575242973864078,0.000394,,,0.0283445119857788,0.0228016432374715,0.0221731550991535,-0.1213999986648559,0.0307307075709104,,,,0.003744,0.0270000007003545,,,0.0289591494947671,0.191917,0.116894,0.69119,24.0,0.075023,0.208519,0.208284,0.103126,0.106245,0.688354,0.685471,0.105393,0.102039,0,1891.344,1840.975,1758.358,1289.753,1246.17,1204.67,2237.762,2154.778,2097.374,1.3085,1.8363,1.8237,0.0,0.6,0.29,344.5732427045538,341.33341829671474,330.5093755202401,0.85243,0.8577500000000001,0.8631399999999999,193.10999297223805,189.69547443245384,185.06875554385743,-68.63850265999999,-78.86078144,-77.97145133000001,26341.025966169807,26109.672726731733,25941.29822707525,0.7393,1.3085,1.2363,1.5337,0.027359958717527475,0.03497355898472909,0.038511623935273326,0.009491670707210865,0.008860824946350604,446.52026086956516,416.4476363636363,353.66147619047615,434.62844701086954,410.80128551136374,388.86325148809533,822.2423565217393,776.6330090909089,756.2115333333331,-2.6538065217391305,-2.2466340909090907,-2.366216666666666,-2.7810869565217393,-2.3075,-2.7273809523809525,110.42298632460324,112.20238856788251,106.72131667559276,0.25460739130434784,0.2715004545454547,0.28981904761904753,38.017402392891285,36.33094759823848,33.43427383336771,-21.3906294747826,-32.58520959454545,-33.247556131904766,2779.839599064202,2674.842705038136,2633.841667526329,0.12728043478260886,0.060865909090909165,0.3611642857142858,-0.020264437477003145,-0.02531984070304656,-0.01745483206185794,-0.050957225998210884,-0.005975107613948455,0.021365043478260876,-0.09598082608695652,0.0746149565217391,0.11734595652173913,0.022101181818181798,-0.09722459090909091,0.07512354545454547,0.11932586363636363
2000,Ireland,IRL,178,3789.5,24305.281428392,84.50259560295851,83.8328909992484,85548.18314454831,0.2453404687211662,128.3630007491171,524.3434639871897,68840.18167600001,80652.854112,30516.93545144435,68957.44207906468,4.391767,5.5125,298.2700167353394,4.32,187.8306655799581,0.3640158057125613,36388.69554406496,29591.629829858663,0.8526994806200001,71784.96832288116,23664.723072,37714.934896021245,34070.03342685992,34070.03515625,,,,0.0,,1.0,1.0,PEG,DEU,,,,,,,,,,,,,,,,,,,,,0.282506,0.219958,0.497537,3.0,0.062548,0.2288031875,0.2288031875,0.14718225,0.14718225,0.624014625,0.624014625,0.081620875,0.081620875,0,60484.87386985254,45734.005226624206,37780.34842807037,19638.695904,15868.99901980361,13221.2,61452.50180595376,52406.2271249011,44670.03960801523,4.710834,4.796667,6.293334,2.9635,5.425833,6.091667,246.2024138151644,208.48586391844276,161.03180273420764,0.4734109163140167,0.5238776983791051,0.6243027027027027,121.59597617094138,119.63400278243498,116.81054471515714,-28.39924769729292,395.9922800157557,1505.7793759838344,22526.414036917,20618.027985953,19173.75071432,1.1207330000000004,1.7473340000000004,-0.6291659999999997,0.2016669999999996,0.32253612099211176,0.23755101878146329,0.1726183161304942,0.1809069890296059,0.0925590969351764,-69140.34475783112,-85107.75191377234,-94330.91542491649,-37163.56775164363,-40776.86148146019,-43267.12542684779,-61443.971692919695,-67223.94396792114,-72658.98136960807,0.6947831913043485,0.613219940909091,1.9559529523809518,0.8673333465217388,3.2181890759090908,3.763559474761905,-118.05563734698995,-151.62881394738434,-194.6255880575568,-0.12602824914476968,-0.07680194762259718,0.025084116463839456,-34.09062846182255,-35.20335663207081,-37.170555846674006,3505.5410333147056,1557.0444188919355,3322.430995187452,-6613.266145784721,-7858.482630589573,-8647.930733879017,-0.17255015521739092,-2.6049691349999993,-1.8076065223809525,0.26440370257070844,0.15656111155557154,0.10066206434761452,0.12462098540055652,0.052758908275136164,0.000910687500000007,0.00090629347826085,-0.0018170271739129662,4.396739130427263e-06,-0.00014101704545452232,-0.0019170227272727325,0.002057988636363639,0.001776011363636365
2001,Ireland,IRL,178,3847.2,25199.817704593,87.61264546692301,86.5501109892123,96267.03656329562,0.2428193081281414,134.61634502193843,172.25423929208125,76553.583492,91561.403076,35877.32776329747,75395.97329124303,4.261783,5.011667,311.9817697660893,3.68,201.92217588142853,0.3355661990067985,39377.34914434643,34564.02547673485,0.8793411956120001,82843.62599759798,27332.40862,43603.24673486291,39240.37926273506,39240.37890625,,,,0.0,,1.0,1.0,PEG,DEU,,,,,,,,,,,,,,,,,,,,,0.143579,0.048294,0.808127,1.0,0.095285,0.282506,0.2288031875,0.219958,0.14718225,0.497537,0.624014625,0.062548,0.081620875,0,71784.96832288116,60484.87386985254,45734.005226624206,23664.723072,19638.695904,15868.99901980361,68957.44207906468,61452.50180595376,52406.2271249011,5.5125,4.710834,4.796667,4.391767,2.9635,5.425833,298.2700167353394,246.2024138151644,208.48586391844276,0.3640158057125613,0.4734109163140167,0.5238776983791051,128.3630007491171,121.59597617094138,119.63400278243498,524.3434639871897,-28.39924769729292,395.9922800157557,24305.281428392,22526.414036917,20618.027985953,0.7498839999999998,1.1207330000000004,1.7473340000000004,-0.6291659999999997,0.1868251304837543,0.20500481231953804,0.12212587042931121,0.21148290998992644,0.0789680678229449,-57840.250304802496,-70356.883270544,-86377.25862636266,-33137.54058364363,-37007.1645972638,-40619.32640704419,-53939.03141980877,-58177.66928686847,-64922.79385272219,1.4964491913043485,0.527386940909091,0.45928595238095227,2.2956003465217387,0.7558560759090907,3.097725474761905,-65.98803442681492,-113.91226405066271,-147.17152687332168,-0.23542335974622508,-0.1272687296876856,-0.07534088785975812,-27.323603883646825,-33.2413832435644,-34.347097779396165,4058.2837449991885,1132.652891178887,2212.643899219373,-4834.398754309721,-5950.09657962557,-7203.653462246017,-0.7991511552173909,-0.22846913499999943,-2.638439522380952,0.12869271206235097,0.1240149050936463,0.05016961864643153,0.15519690636087707,0.03916787916290466,0.05461349999999998,0.07368204347826085,-0.128294652173913,-0.019068478260869562,-0.00014101704545452232,-0.0019170227272727325,0.002057988636363639,0.001776011363636365
2002,Ireland,IRL,178,3917.2,26241.315363853,91.23363853302544,88.44493429348931,107234.26712099434,0.2408943807002059,140.85898762173153,264.5382479318424,78476.81478,96877.460076,37572.25556560466,81051.8310849115,3.318592,5.01,353.1787580397217,4.22,213.1606664963722,0.3087327227884734,43153.49428172015,39567.9914438674,0.832895396276,90862.54374769768,34747.32368,50594.87389075519,40267.66985694248,40267.66796875,,,,0.0,,1.0,1.0,PEG,DEU,,,,,,,,,,,,,,,,,,,,,0.342996,0.074821,0.582184,2.0,0.268175,0.143579,0.282506,0.048294,0.219958,0.808127,0.497537,0.095285,0.062548,0,82843.62599759798,71784.96832288116,60484.87386985254,27332.40862,23664.723072,19638.695904,75395.97329124303,68957.44207906468,61452.50180595376,5.011667,5.5125,4.710834,4.261783,4.391767,2.9635,311.9817697660893,298.2700167353394,246.2024138151644,0.3355661990067985,0.3640158057125613,0.4734109163140167,134.61634502193843,128.3630007491171,121.59597617094138,172.25423929208125,524.3434639871897,-28.39924769729292,25199.817704593,24305.281428392,22526.414036917,1.6914079999999996,0.7498839999999998,1.1207330000000004,1.7473340000000004,0.15405255352312963,0.1549853567625132,0.09336963521350036,0.045970939958462485,0.036804193312324804,-46781.59263008568,-59056.78881751538,-71626.38998313432,-29469.855035643635,-32981.1374292638,-36849.6295228478,-47500.50020763042,-50672.72901375755,-55876.51917166953,0.9956161913043484,1.329052940909091,0.3734529523809522,2.1656163465217393,2.1841230759090906,0.6353924747619049,-52.27628139606503,-61.84466113048768,-109.45497697660005,-0.2638729664519879,-0.236663840289141,-0.12580766992484654,-21.070259610825502,-26.474358665388678,-32.38512439088976,3706.19452030408,1685.3956028633697,1788.2523715063246,-3939.8624781087237,-4171.22918815057,-5295.267411282013,-1.1700001552173915,-0.8550701349999994,-0.26193952238095175,0.09592013510172631,0.07399544953662146,0.021413383430620686,-0.010315063670586877,-0.002995995347715434,-0.08431349999999999,-0.09798195652173913,0.18229534782608703,0.013668521739130426,0.05356179545454545,0.07085872727272727,-0.1244196363636364,-0.017296863636363624
2003,Ireland,IRL,178,3979.9,26603.860546949,92.49410569055335,89.58596305392963,114787.29764167852,0.2574816565445602,145.76213748082617,564.2353142518282,75315.532884,92684.46934,41948.808896,88366.255928,2.333467,4.1325,401.1218044650552,4.48,227.36488632401185,0.2981861381414131,47190.58480597517,43086.695735722365,0.696244379072,97577.604472,43309.719488,54567.159304,43010.445168000006,43010.4453125,,,,0.0,,1.0,1.0,PEG,DEU,,,,,,,,,,,,,,,,,,,,,0.337898,0.297153,0.364948,2.0,0.040745,0.342996,0.143579,0.074821,0.048294,0.582184,0.808127,0.268175,0.095285,0,90862.54374769768,82843.62599759798,71784.96832288116,34747.32368,27332.40862,23664.723072,81051.8310849115,75395.97329124303,68957.44207906468,5.01,5.011667,5.5125,3.318592,4.261783,4.391767,353.1787580397217,311.9817697660893,298.2700167353394,0.3087327227884734,0.3355661990067985,0.3640158057125613,140.85898762173153,134.61634502193843,128.3630007491171,264.5382479318424,172.25423929208125,524.3434639871897,26241.315363853,25199.817704593,24305.281428392,1.799033,1.6914079999999996,0.7498839999999998,1.1207330000000004,0.09679583255243088,0.27128655813283403,0.07501538274226864,0.13204934475665075,0.041329571168690356,-38762.67487998598,-47998.131142798564,-60326.29553010569,-22054.939975643632,-29313.4518812638,-32823.6023548478,-41844.64241396196,-44234.1978015792,-48371.57889855861,0.9939491913043481,0.8282199409090909,1.1751189523809522,1.2224253465217392,2.054139075909091,2.063659474761905,-11.07929312243266,-48.13290809973779,-57.38737405642502,-0.290706442670313,-0.2651134469949038,-0.23520278052630195,-14.827617011032402,-20.221014392567355,-25.618099812714036,3798.478528943841,1333.3063781682613,2340.9950831908072,-2898.364818848724,-3276.6929119495726,-3516.4000198070135,-0.22847615521739173,-1.225919135,-0.8885405223809517,0.03866341413102755,0.19029665090694228,0.0030591309593889643,0.07576334112760139,0.0015293825086501178,0.11510350000000003,-0.07145495652173914,-0.043647652173912976,0.18655852173913043,-0.08536520454545451,-0.10080527272727272,0.18617036363636363,0.015440136363636364
2004,Ireland,IRL,178,4045.2,27865.106583741,96.87910177121466,91.48662481458302,123210.83089697332,0.2723849291995158,148.9601541040916,-120.80570119607384,81360.086584,99036.960564,47787.020828,98471.489612,2.106325,4.076667,436.2103058378543,4.49,238.66009850669164,0.2808717126160449,52185.23942551788,46605.8308088225,0.633140026008,127590.093384,58048.192184,72196.779444,55393.31394,55393.3125,,,,0.0,,1.0,1.0,PEG,DEU,,,,,,,,,,,,,,,,,,,,,0.2288031875,0.14718225,0.624014625,,0.081620875,0.337898,0.342996,0.297153,0.074821,0.364948,0.582184,0.040745,0.268175,0,97577.604472,90862.54374769768,82843.62599759798,43309.719488,34747.32368,27332.40862,88366.255928,81051.8310849115,75395.97329124303,4.1325,5.01,5.011667,2.333467,3.318592,4.261783,401.1218044650552,353.1787580397217,311.9817697660893,0.2981861381414131,0.3087327227884734,0.3355661990067985,145.76213748082617,140.85898762173153,134.61634502193843,564.2353142518282,264.5382479318424,172.25423929208125,26603.860546949,26241.315363853,25199.817704593,1.9703419999999996,1.799033,1.6914079999999996,0.7498839999999998,0.0739035079509589,0.24641885766092478,0.09024379517627147,0.13574725357616615,0.01381581594021012,-32047.614155683652,-39979.21339269886,-49267.63785538888,-13492.544167643631,-21898.5368212638,-29155.9168068478,-34530.21757087346,-38578.34000791074,-41933.04768638026,0.11644919130434861,0.8265529409090906,0.6742859523809521,0.23730034652173915,1.110948075909091,1.9336754747619054,36.863753302900875,-6.935919826105419,-43.67562102567513,-0.3012530273173733,-0.2919469232132289,-0.26365238723206474,-9.924467151937762,-13.978371792774254,-19.364755539892712,4098.175595263827,1425.5903868080222,1988.9058584956988,-2535.819635752723,-2235.195252689573,-2621.863743606016,-0.1208511552173912,-0.28439513500000024,-1.2593895223809524,0.015771089529555575,0.16542895043503303,0.018287543393391795,0.07946124994711679,-0.025984372719830118,0.11000549999999998,0.15087704347826086,-0.260883652173913,-0.040871478260869565,0.1140517954545455,-0.07427827272727272,-0.03977263636363637,0.18833013636363638
2005,Ireland,IRL,178,4133.8,28762.763149421004,100.0,95.96561286904524,134286.87429649837,0.3033134140680546,152.58267042414298,-4745.382658173199,92075.682368,106668.455724,56347.841508000005,115680.550576,2.184675,3.329167,477.0178687490265,4.34,251.56790821860557,0.2605357451869592,58008.57308477356,51624.69170571449,0.6330439432,165922.408392,74596.486952,92252.884268,73669.524124,73669.5234375,,,,0.0,,1.0,1.0,PEG,DEU,,,,,,,,,,,,,,,,,,,,,0.2288031875,0.14718225,0.624014625,,0.081620875,0.2288031875,0.337898,0.14718225,0.297153,0.624014625,0.364948,0.081620875,0.040745,0,127590.093384,97577.604472,90862.54374769768,58048.192184,43309.719488,34747.32368,98471.489612,88366.255928,81051.8310849115,4.076667,4.1325,5.01,2.106325,2.333467,3.318592,436.2103058378543,401.1218044650552,353.1787580397217,0.2808717126160449,0.2981861381414131,0.3087327227884734,148.9601541040916,145.76213748082617,140.85898762173153,-120.80570119607384,564.2353142518282,264.5382479318424,27865.106583741,26603.860546949,26241.315363853,1.144492,1.9703419999999996,1.799033,1.6914079999999996,0.3075755863694329,0.3403040442246144,0.11435625033421871,0.08747592622045039,0.047408384003751004,-2035.1252436836512,-33264.152668396535,-41248.720105289176,1245.9285283563659,-13336.141013263798,-21741.001746847796,-24424.98388687345,-31263.915164822232,-36277.1898927118,0.06061619130434792,-0.05094705909090891,0.6726189523809518,0.01015834652173897,0.12582307590909103,0.9904844747619053,71.95225467569998,41.007126599228116,-2.4786327520427562,-0.3185674528427415,-0.3024935078602892,-0.29048586345038985,-6.726450528672331,-9.075221933679614,-13.122112940099612,3413.134579815925,1725.287453128008,2081.1898671354597,-1274.5735989607238,-1872.650069593572,-1580.3660843460166,0.050457844782608285,-0.17677013499999972,-0.31786552238095256,0.24944316794802956,0.25931413699872263,0.04239999855133904,0.031189922591401027,0.007608195343710766,0.000910687500000007,0.00090629347826085,-0.0018170271739129662,4.396739130427263e-06,0.10895379545454545,0.14805372727272728,-0.2570086363636364,-0.03909986363636363
2006,Ireland,IRL,178,4232.9,29375.982964321003,102.13199201938409,100.0,145806.05405186687,0.3187995286333611,158.59344344165805,-7796.059057192477,103381.163588,115100.903472,67631.270936,140062.744452,3.079225,3.765,544.800159157414,4.41,260.7193077289732,0.2364529980815906,65228.30451712998,56641.26470123577,0.627241959212,209247.091596,87658.23589200001,108108.12271600004,101138.96888,101138.96875,,,,0.0,,1.0,1.0,PEG,DEU,,,,,,,,,,,,,,,,,,,,,0.2288031875,0.14718225,0.624014625,,0.081620875,0.2288031875,0.2288031875,0.14718225,0.14718225,0.624014625,0.624014625,0.081620875,0.081620875,1,165922.408392,127590.093384,97577.604472,74596.486952,58048.192184,43309.719488,115680.550576,98471.489612,88366.255928,3.329167,4.076667,4.1325,2.184675,2.106325,2.333467,477.0178687490265,436.2103058378543,401.1218044650552,0.2605357451869592,0.2808717126160449,0.2981861381414131,152.58267042414298,148.9601541040916,145.76213748082617,-4745.382658173199,-120.80570119607384,564.2353142518282,28762.763149421004,27865.106583741,26603.860546949,0.685775,1.144492,1.9703419999999996,1.799033,0.30043331728454503,0.285078555341492,0.17476186286820267,0.09355020357162522,0.03221435966815136,36297.189764316354,-3251.663756396534,-34533.65938098685,17794.223296356373,1402.3316827361996,-13178.605938847795,-7215.922922873462,-21158.681480822226,-28962.765049623296,-0.6868838086956517,-0.1067800590909096,-0.20488104761904768,0.08850834652173889,-0.10131892409090915,0.005359474761905236,112.75981758687215,76.09562797202722,45.46441367329078,-0.3389034202718272,-0.31980793338565744,-0.30103244809745017,-3.103934208620956,-5.877205310414183,-8.218963081004972,-1211.4423771612005,1040.246437680106,2380.8869334554456,-376.9170332807189,-611.4040328015726,-1217.8209012500156,-0.7753921552173912,-0.005461135000000228,-0.21024052238095203,0.2423008988631417,0.20408864811560026,0.10280561108532299,0.037264199942575855,-0.007585828991888879,0.000910687500000007,0.00090629347826085,-0.0018170271739129662,4.396739130427263e-06,-0.00014101704545452232,-0.0019170227272727325,0.002057988636363639,0.001776011363636365
2007,Ireland,IRL,178,4375.8,30066.844156117,104.53392116717497,103.2370988587426,155388.68062226824,0.2922840539142605,166.30756608283096,-10103.070836758794,112616.926616,125462.88302,72438.561592,155463.558472,4.277608,4.305833,547.3419950477285,4.98,276.44612808454144,0.2394232740182252,69179.95652927985,62366.31593956426,0.574663399008,243912.50862,97438.993208,120508.317896,123404.190724,123404.1875,,,,0.0,,1.0,1.0,PEG,DEU,,,,,,,,,,,,,,,,,,,,,0.2288031875,0.14718225,0.624014625,,0.081620875,0.2288031875,0.2288031875,0.14718225,0.14718225,0.624014625,0.624014625,0.081620875,0.081620875,1,209247.091596,165922.408392,127590.093384,87658.23589200001,74596.486952,58048.192184,140062.744452,115680.550576,98471.489612,3.765,3.329167,4.076667,3.079225,2.184675,2.106325,544.800159157414,477.0178687490265,436.2103058378543,0.2364529980815906,0.2605357451869592,0.2808717126160449,158.59344344165805,152.58267042414298,148.9601541040916,-7796.059057192477,-4745.382658173199,-120.80570119607384,29375.982964321003,28762.763149421004,27865.106583741,0.028224999999999945,0.685775,1.144492,1.9703419999999996,0.2611141172785008,0.1750987140775777,0.21077176547479662,0.1420959147424513,0.021319920193840755,79621.87296831635,35080.65125160347,-4521.170468986849,30855.972236356378,17950.626450736207,1559.866757152202,17166.270953126557,-3949.620516822237,-18857.53136562329,-0.25105080869565155,-0.8542800590909092,-0.2607140476190484,0.9830583465217391,-0.022968924090909226,-0.22178252523809494,180.54210799525964,116.90319088319939,80.55291504608988,-0.3629861673771958,-0.3401439008147431,-0.3183468736228184,2.906838808894122,-2.2546889903628085,-5.020946457739541,-4262.118776180478,-3584.3305192970192,1695.8459180075436,236.30278161928072,286.25253287843225,43.425135541983764,-1.2341091552173913,-0.8313111349999998,-0.038931522380952543,0.2029816988570975,0.09410880685168596,0.13881551369191694,0.08580991111340194,-0.018480268466199483,0.000910687500000007,0.00090629347826085,-0.0018170271739129662,4.396739130427263e-06,-0.00014101704545452232,-0.0019170227272727325,0.002057988636363639,0.001776011363636365
2008,Ireland,IRL,178,4485.1,28248.441720917,98.21184972447838,101.22220584948955,147672.43083884456,0.2460310274859002,173.0496200906075,-9225.41642689922,111664.76174,124389.433288,62873.596812,155628.15934800002,4.634233,4.525833,474.0523935436596,6.77,290.6504178446928,0.4251373980427212,65721.4655317894,67564.63047126101,0.5354828775720001,243773.109792,90552.533592,113862.852864,129910.25692800002,129910.2578125,,,,1.0,,1.0,1.0,PEG,DEU,,,,,,,,,,,,,,,,,,,,,0.2288031875,0.14718225,0.624014625,,0.081620875,0.2288031875,0.2288031875,0.14718225,0.14718225,0.624014625,0.624014625,0.081620875,0.081620875,1,243912.50862,209247.091596,165922.408392,97438.993208,87658.23589200001,74596.486952,155463.558472,140062.744452,115680.550576,4.305833,3.765,3.329167,4.277608,3.079225,2.184675,547.3419950477285,544.800159157414,477.0178687490265,0.2394232740182252,0.2364529980815906,0.2605357451869592,166.30756608283096,158.59344344165805,152.58267042414298,-10103.070836758794,-7796.059057192477,-4745.382658173199,30066.844156117,29375.982964321003,28762.763149421004,-0.10839999999999961,0.028224999999999945,0.685775,1.144492,0.16566737802468295,0.1115783042685281,0.10995653469633321,0.004665629860031003,0.023517891899484413,114287.28999231635,78405.33445560347,33811.144539013156,40636.729552356366,31012.37539073621,18108.16152515221,32567.084973126548,20432.573359177783,-1648.4704016233009,0.2897821913043481,-0.41844705909090907,-1.008214047619048,2.181441346521739,0.871581075909091,-0.14343252523809502,183.08394388557412,184.68548129158688,121.36047795726205,-0.36001589144056123,-0.3642266479201117,-0.33868284105190405,10.620961450067028,3.7560840271522693,-1.398430137688166,-6569.130555746795,-6635.006918316297,-2928.7310389695817,927.1639734152777,899.4723477784319,941.0817012219886,-1.8916591552173914,-1.2900281349999998,-0.8647815223809521,0.10753495960327963,0.030588397042636356,0.03800028291345353,-0.05162037376901836,-0.016282296760555825,0.000910687500000007,0.00090629347826085,-0.0018170271739129662,4.396739130427263e-06,-0.00014101704545452232,-0.0019170227272727325,0.002057988636363639,0.001776011363636365
2009,Ireland,IRL,178,4533.4,26622.466118757,92.55879200636852,95.45448404794736,133666.32569854677,0.2023444894503853,165.29625798166447,-6233.99048762282,106853.533264,124904.500144,70894.93615200001,149620.621156,1.228358,5.225,387.6299732729656,12.61,291.0085663499551,0.6175387982152284,58930.82558159016,68536.68934227867,0.564650310312,224875.511612,86797.42844,110325.90294,114549.60867200002,114549.609375,,,,0.0,,1.0,1.0,PEG,DEU,,,,,,,,,,,,,,,,,,,,,0.2288031875,0.14718225,0.624014625,,0.081620875,0.2288031875,0.2288031875,0.14718225,0.14718225,0.624014625,0.624014625,0.081620875,0.081620875,0,243773.109792,243912.50862,209247.091596,90552.533592,97438.993208,87658.23589200001,155628.15934800002,155463.558472,140062.744452,4.525833,4.305833,3.765,4.634233,4.277608,3.079225,474.0523935436596,547.3419950477285,544.800159157414,0.4251373980427212,0.2394232740182252,0.2364529980815906,173.0496200906075,166.30756608283096,158.59344344165805,-9225.41642689922,-10103.070836758794,-7796.059057192477,28248.441720917,30066.844156117,29375.982964321003,3.9966419999999996,-0.10839999999999961,0.028224999999999945,0.685775,-0.0005715115997481674,-0.07067457687395928,0.001058774658304615,-0.13390092879256957,-0.06047865967436604,114147.89116431634,113070.75147960347,77135.82774301316,33750.26993635637,40793.1327067362,31169.910465152214,32731.68584912656,35833.38737917777,22733.72347437672,0.5097821913043488,0.12238594090909061,-0.5723810476190478,2.538066346521739,2.0699640759090907,0.7511174747619052,109.79434238150526,187.22731718190136,189.14276836564954,-0.17430176741606518,-0.36125637198347715,-0.36276558815727267,17.363015457843574,11.470206668325176,4.612342879826912,-5691.476145887222,-8942.018697882613,-5979.407437988859,-891.2384617847238,1590.3335395744289,1554.3015161219882,-2.028284155217391,-1.9475781349999999,-1.3234985223809521,-0.05870393002115149,-0.15166448409985103,-0.07089747712457506,-0.19018693242161894,-0.10027884833440628,0.000910687500000007,0.00090629347826085,-0.0018170271739129662,4.396739130427263e-06,-0.00014101704545452232,-0.0019170227272727325,0.002057988636363639,0.001776011363636365
2010,Ireland,IRL,178,4554.8,26967.291937765003,93.75765394190876,95.90087748455782,131965.53367086998,0.1724351750824285,163.7338137195448,-1574.3288243926495,114137.7127,136088.696508,77965.685744,145472.521568,0.81095,5.739167,333.4041409462557,14.53,287.82027823943963,0.8617791247490891,56670.1773774113,65898.47805872015,0.5940666132760001,175429.88100000002,78424.047992,102454.20076000002,72975.68024000002,72975.6796875,,,,0.0,,1.0,1.0,PEG,DEU,,,,,,,,,,,,,,,,,,,,,0.213797,0.20953,0.576673,5.0,0.004267,0.2288031875,0.2288031875,0.14718225,0.14718225,0.624014625,0.624014625,0.081620875,0.081620875,0,224875.511612,243773.109792,243912.50862,86797.42844,90552.533592,97438.993208,149620.621156,155628.15934800002,155463.558472,5.225,4.525833,4.305833,1.228358,4.634233,4.277608,387.6299732729656,474.0523935436596,547.3419950477285,0.6175387982152284,0.4251373980427212,0.2394232740182252,165.29625798166447,173.0496200906075,166.30756608283096,-6233.99048762282,-9225.41642689922,-10103.070836758794,26622.466118757,28248.441720917,30066.844156117,4.928217,3.9966419999999996,-0.10839999999999961,0.028224999999999945,-0.0775212581737355,-0.04146880272747834,-0.0386018713911957,-0.18230563002680977,-0.057559833502462604,95250.29298431634,112931.35265160346,111801.24476701315,29995.16478435637,33906.67309073621,40950.6677811522,26724.147657126552,35997.988255177785,38134.53749437671,1.208949191304348,0.34238594090909125,-0.03154804761904817,-0.867808653478261,2.426589075909091,1.949500474761905,23.371922110811227,113.9377156778325,191.68460425596402,0.018099632756441997,-0.1755422479589811,-0.3597953122206381,9.609653348900537,18.21226067610172,12.326465520999818,-2700.0502066108215,-8064.364288023041,-8286.419217555176,-2517.2140639447243,-228.06889562557262,2245.1627079179852,2.076757844782608,-2.084203134999999,-1.9810485223809522,-0.13565367659513883,-0.12245870995337009,-0.11055812317407537,-0.23859163365585914,-0.09736002216250284,0.000910687500000007,0.00090629347826085,-0.0018170271739129662,4.396739130427263e-06,-0.00014101704545452232,-0.0019170227272727325,0.002057988636363639,0.001776011363636365
2011,Ireland,IRL,178,4574.9,26959.115473970003,93.72922668771028,93.86345940018244,135371.84871934637,0.170491994858011,167.96632540220455,-2213.397677635115,114309.401652,139637.459892,73259.990844,140384.85812800002,1.3906,9.601666,268.1636864281828,15.35,287.7074862376584,1.1050983429547263,59887.982497510944,69166.34383693461,0.565797003496,156309.402208,63316.995344,86858.07086800001,69451.33134,69451.328125,,,,0.0,,1.0,1.0,PEG,DEU,,,,,,,,,,,,,,,,,,,,,0.331343,0.122208,0.546448,8.0,0.209135,0.213797,0.2288031875,0.20953,0.14718225,0.576673,0.624014625,0.004267,0.081620875,0,175429.88100000002,224875.511612,243773.109792,78424.047992,86797.42844,90552.533592,145472.521568,149620.621156,155628.15934800002,5.739167,5.225,4.525833,0.81095,1.228358,4.634233,333.4041409462557,387.6299732729656,474.0523935436596,0.8617791247490891,0.6175387982152284,0.4251373980427212,163.7338137195448,165.29625798166447,173.0496200906075,-1574.3288243926495,-6233.99048762282,-9225.41642689922,26967.291937765003,26622.466118757,28248.441720917,8.211065999999999,4.928217,3.9966419999999996,-0.10839999999999961,-0.21988001386879966,-0.09647037473913433,-0.027724116876075854,-0.13989071038251344,0.01295243714349424,45804.662372316365,94033.75447160346,111661.84593901315,21621.784336356373,30151.567938736203,34064.20816515221,22576.04806912654,29990.450063177777,38299.13837037672,1.7231161913043485,1.0415529409090905,0.18845195238095247,-1.285216653478261,-0.9792859240909091,2.306125474761905,-30.853910215898622,27.515295407138467,118.39500275189516,0.26233995929030274,0.016859152213526074,-0.17408118819614204,8.047209086780867,10.458898567158684,19.068519528776363,1959.6114566193492,-5072.93834874664,-7408.764807695603,-2172.3882449367193,-1854.0444977855732,426.76027271798375,3.0083328447826085,2.020838865,-2.1176735223809517,-0.278012432290203,-0.17746028196502608,-0.09968036865895553,-0.1961767140115628,-0.026847751516545997,-0.01409550000000001,0.06325404347826086,-0.04915865217391302,-0.07734947826086958,-0.00014101704545452232,-0.0019170227272727325,0.002057988636363639,0.001776011363636365
2012,Ireland,IRL,178,4593.7,26826.81709839754,93.52868703412636,92.9076455874611,138391.79932945393,0.2021447812985115,170.80940320336745,-4672.950750866957,120023.966036,144134.450332,75588.817592,139032.61074,0.5731834,6.171667,259.69090012713434,15.45,288.4962984552846,1.1966992918020998,61058.913434678194,69268.77577583832,0.612990988632,153795.49792,66921.675772,87479.458864,66316.03905600001,66316.0390625,,,,0.0,,1.0,1.0,PEG,DEU,,,,,,,,,,,,,,,,,,,,,0.179795,0.193992,0.626212,16.0,-0.014197,0.331343,0.213797,0.122208,0.20953,0.546448,0.576673,0.209135,0.004267,0,156309.402208,175429.88100000002,224875.511612,63316.995344,78424.047992,86797.42844,140384.85812800002,145472.521568,149620.621156,9.601666,5.739167,5.225,1.3906,0.81095,1.228358,268.1636864281828,333.4041409462557,387.6299732729656,1.1050983429547263,0.8617791247490891,0.6175387982152284,167.96632540220455,163.7338137195448,165.29625798166447,-2213.397677635115,-1574.3288243926495,-6233.99048762282,26959.115473970003,26967.291937765003,26622.466118757,5.5984836,8.211065999999999,4.928217,3.9966419999999996,-0.10899214365881037,-0.19263291088393023,-0.034973363939538135,-0.1956797966963151,-0.0003031992909732881,26684.183580316356,44588.12385960348,92764.24775901315,6514.731688356369,21778.187490736207,30309.103013152206,17488.384629126565,25842.350475177765,32291.600178376713,5.585615191304348,1.555719940909091,0.8876189523809517,-0.705566653478261,-1.396693924090909,-1.0997495252380949,-96.09436473397153,-26.710536919571382,31.97258248120113,0.5056591774959399,0.2610994787473868,0.01832021197636513,12.279720769440615,8.896454305039015,11.315157419833326,1320.5426033768836,-413.27668551646957,-4417.338868419203,-2180.5647087317193,-1509.2186787775681,-1199.2153294420168,6.291181844782607,2.9524138650000005,1.9873684776190474,-0.1671245620802137,-0.273622818109822,-0.10692961572241781,-0.2519658003253645,-0.04010338795101353,0.1034505,-0.02406795652173914,-0.07938365217391297,0.12751852173913042,-0.01514720454545454,0.060430727272727275,-0.045283636363636415,-0.07557786363636362
2013,Ireland,IRL,178,4614.7,27015.914178220304,94.26659859669915,92.36521307023888,141465.36786162085,0.1876978288975079,171.6691042699675,2195.5987784889367,120068.857184,146679.069616,91191.247996,149084.290072,0.2206667,3.79,276.63647272923123,13.73,284.0567983160441,1.2003820454222582,61913.2159065798,67775.54207243242,0.59299237598,147420.954904,65621.40760800001,84789.14024000001,62631.814664000005,62631.81640625,,,,0.0,,1.0,1.0,PEG,DEU,-0.16583334,,,,,,,,,,,,,,,,,,,,0.185111,0.134834,0.680055,16.0,0.050277,0.179795,0.331343,0.193992,0.122208,0.626212,0.546448,-0.014197,0.209135,0,153795.49792,156309.402208,175429.88100000002,66921.675772,63316.995344,78424.047992,139032.61074,140384.85812800002,145472.521568,6.171667,9.601666,5.739167,0.5731834,1.3906,0.81095,259.69090012713434,268.1636864281828,333.4041409462557,1.1966992918020998,1.1050983429547263,0.8617791247490891,170.80940320336745,167.96632540220455,163.7338137195448,-4672.950750866957,-2213.397677635115,-1574.3288243926495,26826.81709839754,26959.115473970003,26967.291937765003,3.5693333000000003,5.5984836,8.211065999999999,4.928217,-0.01608287315087279,0.056930693069306926,-0.009632430491663613,-0.03159557661927346,-0.004907370781515529,24170.279292316336,25467.645067603473,43318.61714701317,10119.412116356369,6671.134842736203,21935.72256515221,16136.137241126547,20754.68703517779,28143.5005903767,2.1556161913043486,5.418218940909091,1.4017859523809522,-1.522983253478261,-0.8170439240909091,-1.5171575252380949,-104.56715103502,-91.95099143764429,-22.25324984550872,0.5972601263433134,0.504418696953024,0.26256053851022587,15.122798570603521,13.128965987698763,9.752713157713657,-1139.010469854958,-1052.3455387589352,242.32279481096793,-2312.863084304183,-1517.3951425725681,-854.3895104340118,3.6785994447826083,6.235262864999999,2.918943477619048,-0.07421529157227612,-0.024059214156584824,-0.08158868227454329,-0.08788158024832282,-0.044707559441555765,-0.04809749999999999,0.04771604347826086,0.0003803478260869797,-0.09581347826086957,0.10239879545454547,-0.026891272727272722,-0.07550863636363636,0.12929013636363634
2014,Ireland,IRL,178,4645.4,29137.841163477693,101.50279935069696,93.971598963187,153705.23556937533,0.2223716494369103,172.00620697035637,1648.410031610105,141103.116496,168814.3434,93061.712496,141152.73302800002,0.2099333,2.3675,326.20227259036454,11.86,285.10348629914665,1.0433646939159362,65852.1903487189,67835.88791003378,0.592821474592,123603.444416,61659.96068800001,76293.687372,47309.757044000005,47309.7578125,,,,0.0,,1.0,1.0,PEG,DEU,0.0075,,,,,,,,,,,,,,,,,,,,0.172361,0.153156,0.674483,6.0,0.019205,0.185111,0.179795,0.134834,0.193992,0.680055,0.626212,0.050277,-0.014197,0,147420.954904,153795.49792,156309.402208,65621.40760800001,66921.675772,63316.995344,149084.290072,139032.61074,140384.85812800002,3.79,6.171667,9.601666,0.2206667,0.5731834,1.3906,276.63647272923123,259.69090012713434,268.1636864281828,1.2003820454222582,1.1966992918020998,1.1050983429547263,171.6691042699675,170.80940320336745,167.96632540220455,2195.5987784889367,-4672.950750866957,-2213.397677635115,27015.914178220304,26826.81709839754,26959.115473970003,2.1575667000000003,3.5693333000000003,5.5984836,8.211065999999999,-0.04144817697664879,-0.01942970119920436,0.07229727816013821,0.06525285481239816,0.007048807882395408,17795.736276316355,22953.740779603453,24198.138355013158,8819.143952356375,10275.815270736202,6828.669917152205,26187.816573126547,19402.439647177773,23055.837150376727,-0.22605080869565164,1.988219940909091,5.264284952380952,-1.875499953478261,-1.6344605240909091,-0.9375075252380949,-87.62157843292312,-100.42377773869276,-87.49370436358163,0.6009428799634718,0.5960196458003975,0.505879756715863,15.982499637203574,15.972043788861669,13.985224840373405,5729.539059500936,-3511.8986119907768,-396.74605843149766,-2123.7660044814183,-1649.6935181450317,-862.5659742290118,1.649449144782609,3.622680465,6.201792477619047,-0.09958059539805211,-0.1004196084250961,0.0003410263772585381,0.0089668511833488,-0.03275138077764483,-0.0427815,-0.011441956521739127,0.054223347826086954,-0.031339478260869566,-0.04914920454545452,0.04489272727272728,0.004255363636363585,-0.09404186363636363
2015,Ireland,IRL,178,4687.8,36113.720371508665,125.74772890596248,96.05781564292396,207217.49878231523,0.257140465618853,171.4996611136874,9100.895560520492,192863.397704,252465.45366,106143.150536,148633.803464,-0.01936667,1.1825,349.50243491824773,9.91,287.7982220861037,0.7674237642389511,69831.33540705085,68216.33341183512,0.709828282944,109299.707048,60665.267356,72426.74813200001,36872.958916,36872.95703125,,,,0.0,,1.0,1.0,PEG,DEU,-0.20416667,,,,,,,,,,,,,,,,,,,,0.150943,0.226231,0.622826,12.0,-0.075289,0.172361,0.185111,0.153156,0.134834,0.674483,0.680055,0.019205,0.050277,0,123603.444416,147420.954904,153795.49792,61659.96068800001,65621.40760800001,66921.675772,141152.73302800002,149084.290072,139032.61074,2.3675,3.79,6.171667,0.2099333,0.2206667,0.5731834,326.20227259036454,276.63647272923123,259.69090012713434,1.0433646939159362,1.2003820454222582,1.1966992918020998,172.00620697035637,171.6691042699675,170.80940320336745,1648.410031610105,2195.5987784889367,-4672.950750866957,29137.841163477693,27015.914178220304,26826.81709839754,1.20186667,2.1575667000000003,3.5693333000000003,5.5984836,-0.16156122786960572,-0.060368210076570436,-0.05320182991896366,0.17917304747320062,0.07854359364851864,-6021.77421168366,16579.19776360347,21684.234067013138,4857.697032356373,8975.547106736209,10433.350345152205,18256.25952912656,29454.118979177772,21703.58976237671,-1.6485508086956515,-0.39344705909090916,1.8342859523809523,-1.8862333534782612,-1.9869772240909092,-1.754924125238095,-38.0557785717898,-83.47820513659588,-95.9664906646301,0.44392552845714983,0.5997023994205559,0.5974807055632365,16.319602337592443,16.83174485546172,16.82830264153631,5182.350312622104,3356.6509173651166,-2856.2991316633393,-1.839019224029471,-1460.5964383222672,-994.8643498014753,0.23768254478260897,1.5935301650000004,3.5892100776190476,-0.21969364629100904,-0.14135811730246217,-0.12515808170184334,0.12288704384415125,0.0387434049884784,-0.05553150000000001,0.00688004347826085,0.048651347826087044,-0.06241147826086957,-0.04383320454545453,-0.01426527272727271,0.05809836363636356,-0.029567863636363628
2016,Ireland,IRL,178,4739.6,36407.51059780754,128.784248882099,100.96652507655855,212940.4234632972,0.3757261732347955,171.4996611136874,-8956.51753475732,225150.371448,258506.06954000003,116714.622108,153083.540064,-0.2636917,0.7358333,380.8517442321269,8.37,293.1345975902083,0.742940128114961,72051.22791586374,69423.05222110276,0.7115018564440001,102788.91546,57861.539516,69438.730316,33350.185144,33350.18359375,,,,0.0,,1.0,1.0,PEG,DEU,-0.21250001,,,,,,,,,,,,,,,,,,,,0.243702,0.142147,0.614152,15.0,0.101555,0.150943,0.172361,0.226231,0.153156,0.622826,0.674483,-0.075289,0.019205,0,109299.707048,123603.444416,147420.954904,60665.267356,61659.96068800001,65621.40760800001,148633.803464,141152.73302800002,149084.290072,1.1825,2.3675,3.79,-0.01936667,0.2099333,0.2206667,349.50243491824773,326.20227259036454,276.63647272923123,0.7674237642389511,1.0433646939159362,1.2003820454222582,171.4996611136874,172.00620697035637,171.6691042699675,9100.895560520492,1648.410031610105,2195.5987784889367,36113.720371508665,29137.841163477693,27015.914178220304,0.999525,1.20186667,2.1575667000000003,3.5693333000000003,-0.1157228055867061,-0.01613191641547045,0.052999827034989,0.07142857142857144,0.2394096106466104,-20325.51157968366,-7238.312724396543,15309.691051013157,3863.003700356363,5014.1001867362065,9133.082181152211,25737.32996512654,21522.561935177786,31755.26909437671,-2.8335508086956516,-1.815947059090909,-0.5473810476190479,-2.115533323478261,-1.9977106240909093,-2.107440825238095,-14.755616243906616,-33.91240527546256,-79.02091806253321,0.1679845987801647,0.4426850479142339,0.601163459183395,15.813056480923478,17.16884755585059,17.688003708136364,12634.835841532491,2809.462170486285,4012.250397692554,6974.040188806943,661.3305469351217,-805.7672699787108,-0.7180174852173913,0.18176356500000046,1.5600597776190481,-0.17385522400810943,-0.0971218236413622,-0.01895642474789068,0.015142567799522076,0.19960942198657017,-0.0769495,0.07995504347826085,-0.0030056521739130204,-0.15690547826086956,-0.05658320454545454,0.004056727272727267,0.05252636363636365,-0.06063986363636363
2017,Ireland,IRL,178,4792.5,39217.02711678162,137.69551335905032,102.13465755816895,234125.02216871752,0.346658711599149,171.9882293384962,1148.5879078338926,231565.867792,283251.33042,126008.664872,159837.68892800002,-0.32905,0.8016667,427.0284295728408,6.71,299.67828482809944,0.6778508106122648,76087.97387384476,72149.66100413924,0.6971563781840001,103300.044496,58908.999636,70809.09167600001,32490.952819999995,32490.953125,,,,0.0,,1.0,1.0,PEG,DEU,-0.035,,,,,,,,,,,,,,,,,,,,0.195934,0.089172,0.714895,20.0,0.106762,0.243702,0.150943,0.142147,0.226231,0.614152,0.622826,0.101555,-0.075289,0,102788.91546,109299.707048,123603.444416,57861.539516,60665.267356,61659.96068800001,153083.540064,148633.803464,141152.73302800002,0.7358333,1.1825,2.3675,-0.2636917,-0.01936667,0.2099333,380.8517442321269,349.50243491824773,326.20227259036454,0.742940128114961,0.7674237642389511,1.0433646939159362,171.4996611136874,171.4996611136874,172.00620697035637,-8956.51753475732,9100.895560520492,1648.410031610105,36407.51059780754,36113.720371508665,29137.841163477693,1.1307167,0.999525,1.20186667,2.1575667000000003,-0.05956824372036713,-0.0462163600721806,0.029937581467312426,0.08969696969696969,0.008135141527280941,-26836.303167683654,-21542.050092396545,-8507.819436986858,1059.2758603563634,4019.4068547361967,5171.635261152209,30187.066565126544,29003.632371177766,23823.712050376722,-3.2802175086956518,-3.000947059090909,-1.9698810476190478,-2.359858353478261,-2.2270105940909093,-2.118174225238095,16.593693069972574,-10.612242947579375,-29.4551182013999,0.14350096265617462,0.16674411823724877,0.44414610767707297,15.813056480923478,16.662301699181626,18.025106408525232,-5422.577253745321,10261.947699396671,3465.0616508137227,7267.830415105815,7637.209754966094,1316.159715278678,-0.9203591552173913,-0.7739364649999998,0.14829317761904814,-0.11770066214177045,-0.12720626729807236,-0.04201867031556725,0.03341096606792033,-0.0316650471327593,0.015809500000000004,-0.004128956521739141,-0.01167965217391298,0.019938521739130438,-0.07800120454545453,0.07713172727272727,0.0008693636363635848,-0.1551338636363636
2018,Ireland,IRL,178,4857.0,42227.923151757226,147.28261993069248,104.75079185955862,257084.53179407312,0.2855183560467589,172.81879532067325,12606.536948,242489.380472,315813.951564,135967.411652,167954.323512,-0.3220917,0.9508333,453.71770642114336,5.74,307.62713506316373,0.631361901021324,81554.55295555913,75108.51870000444,0.666887930972,104182.116176,59954.097064,71982.562036,32199.55414,32199.5546875,,,,0.0,,1.0,1.0,PEG,DEU,-0.00666667,,,,,,,,,,,,,,,,,,,,0.256902,0.101591,0.641507,16.0,0.155311,0.195934,0.243702,0.089172,0.142147,0.714895,0.614152,0.106762,0.101555,0,103300.044496,102788.91546,109299.707048,58908.999636,57861.539516,60665.267356,159837.68892800002,153083.540064,148633.803464,0.8016667,0.7358333,1.1825,-0.32905,-0.2636917,-0.01936667,427.0284295728408,380.8517442321269,349.50243491824773,0.6778508106122648,0.742940128114961,0.7674237642389511,171.9882293384962,171.4996611136874,171.4996611136874,1148.5879078338926,-8956.51753475732,9100.895560520492,39217.02711678162,36407.51059780754,36113.720371508665,1.2729249999999999,1.1307167,0.999525,1.20186667,0.004972608512431506,0.018102873320720362,0.04412067333415659,0.12124582869855384,0.07716859716146782,-26325.174131683656,-28052.841680396537,-22811.55680498686,2106.735980356367,1215.6790147361971,4176.941929152199,36941.21542912656,33453.36897117777,31304.782486376702,-3.2143841086956515,-3.4476137590909093,-3.154881047619048,-2.425216653478261,-2.471335624090909,-2.347474195238095,62.770378410686476,20.737066366299814,-6.1549558735167125,0.07841164515347843,0.1422604821132587,0.16820517800008783,16.30162470573228,16.662301699181626,17.518560551856268,4682.528188845891,-7795.4653958811405,10917.54717972411,10077.346934079895,7930.999981264966,8292.03892330965,-0.7891674552173913,-0.9762781349999998,-0.8074068523809521,-0.053159809908971824,-0.06288703390517139,-0.027835578448723086,0.06495982506950448,0.03736840850142758,-0.0319585,-0.057103956521739135,0.08906334782608694,0.025145521739130428,0.014757795454545475,-0.006952272727272724,-0.007804636363636375,0.021710136363636376
2019,Ireland,IRL,178,4921.5,43729.410638202986,,106.81455513871936,257084.53179407312,0.5469750178185652,174.36999943444306,-55737.47940800001,349319.286816,359205.577708,160582.724472,194755.126432,-0.3563333,0.3333333,455.41226368135307,4.95,320.8282560747202,0.5721485935146351,86930.36451928665,78592.54589181065,0.703512019664,102861.371348,60243.133052000005,72485.027868,30376.34348,30376.34375,,,,0.0,,1.0,1.0,PEG,DEU,-0.03083333,,,,,,,,,,,,,,,,,,,,0.204755,0.084163,0.711082,22.0,0.120592,0.256902,0.195934,0.101591,0.089172,0.641507,0.714895,0.155311,0.106762,0,104182.116176,103300.044496,102788.91546,59954.097064,58908.999636,57861.539516,167954.323512,159837.68892800002,153083.540064,0.9508333,0.8016667,0.7358333,-0.3220917,-0.32905,-0.2636917,453.71770642114336,427.0284295728408,380.8517442321269,0.631361901021324,0.6778508106122648,0.742940128114961,172.81879532067325,171.9882293384962,171.4996611136874,12606.536948,1148.5879078338926,-8956.51753475732,42227.923151757226,39217.02711678162,36407.51059780754,0.6896666,1.2729249999999999,1.1307167,0.999525,0.008538928364490194,0.017740878888755213,0.05078048011352428,0.06249999999999997,0.07677522383350666,-25443.102451683662,-27541.71264439654,-29322.348392986853,3151.8334083563677,2263.1391347362005,1373.2140891521994,45057.85001312655,40207.51783517779,35754.519086376706,-3.0652175086956515,-3.381780359090909,-3.601547747619048,-2.418258353478261,-2.536693924090909,-2.591799225238095,89.45965525898902,66.91375170701372,25.194353440362477,0.03192273556253755,0.0771711646105625,0.14372154187609776,17.132190687909315,17.150869923990427,17.518560551856268,16140.477229012,2309.6400467100725,-7139.8659155537025,13088.242969055504,10740.516500239046,8585.829149608522,-0.6469591552173914,-0.8450864349999998,-1.0097485223809521,-0.04959349005691313,-0.06324902833713654,-0.021175771669355394,0.00621399637095061,0.03697503517346642,0.02900950000000002,-0.044684956521739136,0.015675347826087038,0.07369452173913044,-0.03301020454545453,-0.05992727272727272,0.09293836363636354,0.026917136363636365
2020,Ireland,IRL,178,4977.4,45887.56980177752,,94.63062658411438,257084.53179407312,0.408819985382208,174.16235793889837,-7790.583088,319612.372736,385021.925628,200746.12578,235713.179816,-0.42515,-0.06083333,465.5796072426112,5.62,321.1764881681265,0.5843373714863072,85854.52207706282,92298.92432774875,0.6895170073839998,97086.164536,58098.596280000005,70327.10250800001,26759.062028,26759.062028,,,,0.0,0.0,1.0,1.0,PEG,DEU,-0.06833334,,,,,,,,,,,,,,,,,,,,0.249749,0.168027,0.582223,10.0,0.081722,0.204755,0.256902,0.084163,0.101591,0.711082,0.641507,0.120592,0.155311,0,102861.371348,104182.116176,103300.044496,60243.133052000005,59954.097064,58908.999636,194755.126432,167954.323512,159837.68892800002,0.3333333,0.9508333,0.8016667,-0.3563333,-0.3220917,-0.32905,455.41226368135307,453.71770642114336,427.0284295728408,0.5721485935146351,0.631361901021324,0.6778508106122648,174.36999943444306,172.81879532067325,171.9882293384962,-55737.47940800001,12606.536948,1148.5879078338926,43729.410638202986,42227.923151757226,39217.02711678162,0.36431666999999995,0.6896666,1.2729249999999999,1.1307167,-0.012677270115811391,0.004820954732942807,0.15957197385326685,0.0037348272642390734,0.03555674478827118,-26763.847279683658,-26659.640964396545,-28811.219356986854,3440.869396356371,3308.2365627362014,2420.674209152203,71858.65293312653,48324.15241917777,42508.66795037672,-3.6827175086956516,-3.232613759090909,-3.535714347619048,-2.452499953478261,-2.5297356240909092,-2.657157525238095,91.15421251919872,93.60302855531626,71.37103878107638,-0.0272905719441513,0.03068225501962163,0.07863222437340156,18.68339480167913,17.981435906167462,18.00712877666507,-52203.539126988006,13767.589086876182,2965.23952703751,14589.730455501263,13751.412535214655,11395.345668582602,-1.2302175552173913,-0.702878135,-0.8785568223809521,-0.07080968853721471,-0.07616895249294894,0.08761572207038718,-0.05255117636481029,-0.004243443871769059,-0.023137500000000005,-0.062112956521739135,0.08525034782608698,0.038975521739130436,0.027957795454545492,-0.04750827272727272,0.019550363636363643,0.07546613636363637
2000,Italy,ITA,136,57719.34,18761.37160268521,96.95183208352732,98.3,2403904.182883,0.2048905694711106,143.9273641447176,-12029.636614723267,598972.151491,621094.0362409999,812747.4,1307137.1516,4.52789166666667,5.57583,122.28765842978017,10.8418,150.63201725035825,1.0488658988582051,621244.48442,675705.95071,2080.891993551854,1663161.05277,659767.0,517177.71700000006,1145983.3358,1545606.25,6.326888561248779,141.94393920898438,63.52568435668945,0.0,0.0,1.0,1.0,PEG,DEU,1.38,0.0885824337601661,0.0883925035595893,0.0774154812097549,0.0452789179980754,,,0.0456946156919002,0.0426978878676891,0.0408320799469947,0.0676661282777786,0.0195906814187765,,,,0.0557583011686801,0.0209163073450326,0.0812507942318916,0.0884371921420097,0.0613472014665603,0.19429,0.082552,0.723158,1.0,0.111738,0.378563,0.244756,0.194464,0.193911,0.426973,0.561333,0.184099,0.050845,0,1454895.85157,1312849.1481,1229213.90172,604798.0,531315.0,495067.0,1270419.66359,1204366.0,1244467.0,4.7275,4.88417,6.8625,3.00643333333333,4.59215,6.33335,112.65830994353878,105.2699268100258,102.18090915911672,1.093568298215505,1.1035482878700869,1.1344760846819155,140.30673290311276,138.02808174677332,135.28012541610696,15633.173372486564,33058.693799999994,57003.0303297,18140.51642093767,17908.53958560993,17675.65493183744,1.04793833333333,1.7210666666666699,0.29201999999999995,0.5291499999999996,0.10819727740660429,0.138304019272936,0.054845174631299794,0.07018512653520081,0.012953420027289112,-966048.3064351925,-1099120.773014936,-1170147.6411057753,-684716.3369051951,-739992.3189971077,-755280.7497214982,-991954.4478178872,-998441.8442451954,-901976.2300229855,0.6447988405797096,0.704543030287879,2.608128888873016,0.7956355072449246,2.2782590909075764,3.9149880952365086,-53.304792936143414,-60.8732560854213,-64.151674390006,-0.06996805733293687,-0.05171108383964795,-0.01179563806161621,-31.210480421071082,-32.190597442037046,-33.576374978099665,12079.044852454914,34396.4674999151,62506.082671581076,-406.61921884604453,-636.1313470379318,-870.6396685869113,-0.15083666666521456,-1.5737160606196974,-1.3068592063634932,0.07170605806867153,0.07914011225676443,0.005304963345519227,0.04768191201454708,0.010427663535864655,0.14081911857707508,0.027365513833992078,-0.1681845849802372,0.1134536996047431,0.006216078512396694,0.027859673553719017,-0.03407574793388435,-0.021643495867768592
2001,Italy,ITA,136,57844.92,19062.439916661428,99.16239430315798,98.91,2525160.961736,0.205203638620343,147.27261796998187,-1432.4838760921366,619407.9323250001,653037.456939,904464.6,1385985.93854,4.05160833333333,5.18917,132.79070805890575,9.5951,155.55428569710543,1.0453446590352495,650162.67687,723260.74191,2197.0611596505164,1792530.99655,705571.0,573716.801,1218814.1956,1698279.125,6.414015293121338,143.78135681152344,62.85088348388672,0.0,0.0,1.0,1.0,PEG,DEU,0.26100001,-0.2217530310153961,0.1081976443529129,0.0652040392160415,0.0405160821974277,,,0.0664264261722564,0.0417712219059467,0.0391693413257598,-0.2387096732854843,0.0222735702991485,,,,0.0518916994333267,0.016956653445959,0.0516640394926071,0.0512062571942806,0.0528600588440895,0.158999,0.270538,0.570462,2.0,-0.11154,0.19429,0.378563,0.082552,0.194464,0.723158,0.426973,0.111738,0.184099,0,1663161.05277,1454895.85157,1312849.1481,659767.0,604798.0,531315.0,1307137.1516,1270419.66359,1204366.0,5.57583,4.7275,4.88417,4.52789166666667,3.00643333333333,4.59215,122.28765842978017,112.65830994353878,105.2699268100258,1.0488658988582051,1.093568298215505,1.1035482878700869,143.9273641447176,140.30673290311276,138.02808174677332,-12029.636614723267,15633.173372486564,33058.693799999994,18761.37160268521,18140.51642093767,17908.53958560993,1.1375616666666701,1.04793833333333,1.7210666666666699,0.29201999999999995,0.14314784180273654,0.0908881973816051,0.02890185744310845,0.0854739298953388,0.03422477989826966,-757783.1052351925,-957074.0695449361,-1086512.394725775,-629747.3369051951,-666509.3189971077,-719032.7497214982,-955236.9598078872,-932388.1806551954,-942077.2300229855,1.4931288405797094,0.5478730302878789,0.6297988888730162,2.317093840578264,0.6925424242409064,2.1737880952365085,-43.67544444990203,-53.484872951908315,-61.06265673909692,-0.11467045669023679,-0.06169107349422975,-0.04272343487344488,-27.589849179466256,-29.91194628569761,-30.828418647433296,-15583.765134754918,16970.947072401676,38561.74614188107,214.23596290149362,-404.1545117101923,-637.7550148144182,-0.8239649999985543,-0.14466939395302747,-1.5439892063634928,0.10665662246480379,0.03172429036543351,-0.020638353842672118,0.06297071537468506,0.0316990234068452,-0.04345388142292492,-0.08454648616600792,0.12800041501976278,0.041092699604743085,0.14002307851239668,0.028412673553719014,-0.16843574793388433,0.11161050413223142
2002,Italy,ITA,136,57927.0,19100.471045688388,99.83478915609102,98.77,2614465.800303,0.2109047018428362,151.1182054108509,-17298.4777629446,618730.625079,642345.95488,989048.7,1498672.1667666,3.2643,5.03583,145.66864812046742,9.2075,158.99310492942152,1.0164529144965664,658722.92654,732690.3768099999,1846.352627062077,1898034.47631,772368.4375,636451.949,1261582.5273,1784774.25,6.266135692596436,140.80514526367188,63.3073616027832,0.0,0.0,1.0,1.0,PEG,DEU,-1.095,-0.185657724738121,0.1511773467063903,0.1166538745164871,0.0326430015265941,,,0.1111273691058158,0.0400499813258647,0.036044456064701,-0.2161016911268234,0.0388366356492042,,,,0.0503582991659641,0.0304439738392829,0.0991083681583404,0.1081373915076255,0.0746484398841857,0.2399931363636364,0.1687865909090909,0.5912202272727273,,0.0712064545454545,0.158999,0.19429,0.270538,0.082552,0.570462,0.723158,-0.11154,0.111738,0,1792530.99655,1663161.05277,1454895.85157,705571.0,659767.0,604798.0,1385985.93854,1307137.1516,1270419.66359,5.18917,5.57583,4.7275,4.05160833333333,4.52789166666667,3.00643333333333,132.79070805890575,122.28765842978017,112.65830994353878,1.0453446590352495,1.0488658988582051,1.093568298215505,147.27261796998187,143.9273641447176,140.30673290311276,-1432.4838760921366,-12029.636614723267,15633.173372486564,19062.439916661428,18761.37160268521,18140.51642093767,1.7715299999999998,1.1375616666666701,1.04793833333333,1.7210666666666699,0.07778557798989703,0.06942450895543427,0.06032173964567164,0.08588805905672509,0.016047244324776787,-628413.1614551924,-748808.868344936,-944465.6912557753,-583943.3369051951,-611540.3189971077,-645549.7497214982,-876388.1728678872,-895670.6926451954,-876023.5664329855,1.1064688405797094,1.3962030302878787,0.4731288888730161,1.8408105072449241,2.214000757574246,0.5880714285698385,-33.17239482077645,-43.85552446566693,-53.674273605583934,-0.11819169651319239,-0.10639347285152967,-0.05270342452802668,-24.244595354201977,-26.291315044092784,-28.54976749109386,-4986.612396123788,-10691.862914808158,21136.22571436764,515.3042768777123,216.70067003734584,-405.7781794866787,-0.7343416666652143,-0.8177977272863672,-0.11494253969682289,0.04129435865196427,0.010260601939262683,0.010781528359891074,0.06338484453607135,0.01352148783335233,-0.0787448814229249,0.10343951383399208,-0.024695584980237162,-0.18218530039525693,-0.044249921487603316,-0.08349932644628098,0.12774925206611565,0.03924950413223141
2003,Italy,ITA,136,57998.35,19006.70848985905,99.37619634752171,98.96,2700502.602364,0.2051329276768616,155.36910186591135,-29750.796215360253,620310.040518,634340.640192,1051272.0,1599586.5898131002,2.18798333333333,4.24833,161.26734603854638,8.8657,163.40891896661392,1.0015686612764791,672063.82684,746230.71292,1533.0720506730008,2011230.75678,876293.8125,702091.5020000001,1309139.2548,1898152.625,6.3641133308410645,148.45346069335938,64.84156036376953,0.0,0.0,1.0,1.0,PEG,DEU,-0.95999998,0.172159194946289,0.0997839868068695,0.0474719628691673,0.0218798331916332,,,0.0627402141690254,0.0370437763631343,0.0348568484187126,0.1364069879055023,0.0314607322216033,,,,0.0424832999706268,0.0357521958649158,0.0898174047470092,0.1087882369756698,0.0346758961677551,0.2399931363636364,0.1687865909090909,0.5912202272727273,0.0,0.0712064545454545,0.2399931363636364,0.158999,0.1687865909090909,0.270538,0.5912202272727273,0.570462,0.0712064545454545,-0.11154,0,1898034.47631,1792530.99655,1663161.05277,772368.4375,705571.0,659767.0,1498672.1667666,1385985.93854,1307137.1516,5.03583,5.18917,5.57583,3.2643,4.05160833333333,4.52789166666667,145.66864812046742,132.79070805890575,122.28765842978017,1.0164529144965664,1.0453446590352495,1.0488658988582051,151.1182054108509,147.27261796998187,143.9273641447176,-17298.4777629446,-1432.4838760921366,-12029.636614723267,19100.471045688388,19062.439916661428,18761.37160268521,2.0603466666666703,1.7715299999999998,1.1375616666666701,1.04793833333333,0.058857269393420585,0.09467146112864616,0.08130401982671184,0.09697922580433142,0.0019950819094107257,-522909.68169519235,-619438.924564936,-736200.4900557753,-517145.89940519514,-565736.3189971077,-590580.7497214982,-763701.9446412872,-816821.9057051954,-839306.0784229855,0.9531288405797094,1.0095430302878787,1.3214588888730159,1.0535021739115944,1.737717424240906,2.109529761903178,-20.294454759214773,-33.35247483654135,-44.04492511934255,-0.14708344105187554,-0.10991471267448527,-0.09740582388532659,-20.39900791333295,-22.946061218828504,-24.929136249489034,-20852.606282976252,-94.7101761770266,-6526.58427284219,553.3354059046724,517.7689840135645,215.07700226085944,-0.10037333333188458,-0.7281743939530272,-0.7880708730301627,0.02236605005548782,0.035507554112474575,0.031763808540931276,0.07447601128367769,-0.0005306745820137316,0.002249254940711487,0.0016881047430829799,-0.003937357707509914,0.0005611541501975847,-0.0795409214876033,0.10448667355371902,-0.024946747933884295,-0.1840284958677686
2004,Italy,ITA,136,58057.48,19210.519703975657,99.54733859573945,98.65,2812081.71013,0.2152000582750009,158.8753157303043,-10454.5055384,662729.8436780002,681734.527355,1118706.0,1729272.281142,2.0795,4.25833,175.93175300566642,7.8656,170.6216331801942,0.9969548736562398,683710.49089,768581.07753,1421.5329270978636,2122564.34551,985970.0,795806.97,1326757.3755,2009000.25,6.332449436187744,149.74237060546875,65.65532684326172,0.0,0.0,1.0,1.0,PEG,DEU,-0.26967001,0.2637886106967926,0.1050056815147399,0.104919396340847,0.0207950007170438,,,0.069176085293293,0.0358295962214469,0.0335114076733589,0.2050923407077789,0.0487068630754947,,,,0.0425833016633987,0.0586962662637233,0.110881507396698,0.1266067624092102,0.0628571957349777,0.321485,0.130425,0.54809,7.0,0.19106,0.2399931363636364,0.2399931363636364,0.1687865909090909,0.1687865909090909,0.5912202272727273,0.5912202272727273,0.0712064545454545,0.0712064545454545,0,2011230.75678,1898034.47631,1792530.99655,876293.8125,772368.4375,705571.0,1599586.5898131002,1498672.1667666,1385985.93854,4.24833,5.03583,5.18917,2.18798333333333,3.2643,4.05160833333333,161.26734603854638,145.66864812046742,132.79070805890575,1.0015686612764791,1.0164529144965664,1.0453446590352495,155.36910186591135,151.1182054108509,147.27261796998187,-29750.796215360253,-17298.4777629446,-1432.4838760921366,19006.70848985905,19100.471045688388,19062.439916661428,2.17883,2.0603466666666703,1.7715299999999998,1.1375616666666701,0.05963868511496515,0.13455414534595092,0.06733588925203306,0.1070834261136198,-0.004908913272612822,-409713.4012251925,-513935.44480493595,-606830.5462757752,-413220.52440519514,-498938.8814971077,-544776.7497214982,-662787.521594787,-704135.6774785954,-760457.2914829855,0.16562884057970972,0.8562030302878787,0.9347988888730159,-0.022814492755075744,0.9504090909075762,1.633246428569838,-4.695756841135818,-20.474534774979674,-33.54187549021697,-0.16196769427196278,-0.13880645721316842,-0.1009270637082822,-16.148111458272496,-19.10047377795948,-21.583882424224754,-33304.924735391905,-15960.70406302949,4070.5684657889406,459.57285007533574,555.8001130405246,516.1453162370781,0.1884433333347859,-0.0942060606196975,-0.6984475396968226,0.02314746577703239,0.07539023832977934,0.01779567796625249,0.08458021159296607,-0.007434669764037279,0.002249254940711487,0.0016881047430829799,-0.003937357707509914,0.0005611541501975847,0.0014532148760330876,0.0027352644628099165,-0.004188520661157047,-0.0012820413223140897
2005,Italy,ITA,136,58103.03,19283.733171442167,100.0,98.5,2892081.222331,0.2115862254145129,162.3815295946972,-26436.1367325,721271.030858,719592.478395,1210988.0,1888562.437097,2.1724,3.55583,188.13783601175683,7.7305,176.35610682433935,1.0150090646753502,693577.72281,798202.13599,1641.3240654403662,2309319.5232800003,1108280.25,903269.955,1406049.5683,2164788.5,6.639402389526367,152.0869140625,66.5276107788086,0.0,0.0,1.0,1.0,PEG,DEU,0.04167,0.2089715600013733,0.1053636595606803,0.0648841708898544,0.0217240005731582,,,0.0710334181785583,0.034330241382122,0.0320533812046051,0.1545159071683883,0.0471675172448158,,,,0.0355582982301712,0.0544556491076946,0.1019798219203949,0.1203269809484481,0.0433040857315063,0.280473,0.278293,0.441234,3.0,0.00218,0.321485,0.2399931363636364,0.130425,0.1687865909090909,0.54809,0.5912202272727273,0.19106,0.0712064545454545,0,2122564.34551,2011230.75678,1898034.47631,985970.0,876293.8125,772368.4375,1729272.281142,1599586.5898131002,1498672.1667666,4.25833,4.24833,5.03583,2.0795,2.18798333333333,3.2643,175.93175300566642,161.26734603854638,145.66864812046742,0.9969548736562398,1.0015686612764791,1.0164529144965664,158.8753157303043,155.36910186591135,151.1182054108509,-10454.5055384,-29750.796215360253,-17298.4777629446,19210.519703975657,19006.70848985905,19100.471045688388,1.3834299999999997,2.17883,2.0603466666666703,1.7715299999999998,0.05535594976095439,0.125159148604624,0.08107450522203537,0.09093227691373389,0.010723119903972237,-298379.8124951925,-400739.16433493607,-501327.06651577516,-303544.33690519514,-395013.5064971077,-477979.3122214982,-533101.8302658871,-603221.2544320952,-647771.0632563855,0.1756288405797095,0.06870303028787905,0.7814588888730158,-0.13129782608840568,-0.12590757575909395,0.8459380952365083,9.968650125984226,-4.875836856900719,-20.663935428655293,-0.16658148189220212,-0.15369071043325566,-0.12981880824696534,-12.641897593879548,-14.849577322899023,-17.73829498335573,-14008.634058431653,-28413.022515445144,-11795.425421063523,663.3840641919414,462.03755721118796,554.1764452640382,0.30692666666811563,0.194610606046973,-0.06447920636349291,0.018864730423021628,0.06599524158845241,0.0315342939362548,0.06842906239308015,0.00819736341254778,0.08374111857707511,-0.03667348616600791,-0.04706758498023722,0.12041469960474309,0.0014532148760330876,0.0027352644628099165,-0.004188520661157047,-0.0012820413223140897
2006,Italy,ITA,136,58133.51,19629.60635333147,101.48515733893936,100.0,3006420.870236,0.2148530836293186,166.00216083630204,-45396.04186656,822039.943214,798472.245655,1291113.0,2029653.978576,3.18271666666667,4.0475,199.3891680704801,6.7766,182.22580962263464,1.0211856609420804,767401.8891,852615.19553,1470.2126044039485,2560128.44892,1232728.25,1072089.46376,1541650.4289,2380462.0,6.061980724334717,156.2637481689453,67.75315856933594,0.0,0.0,1.0,1.0,PEG,DEU,0.74583,0.2223227769136428,0.0901071429252624,-0.0071440152823925,0.0318271666765213,,,0.0572609193623065,0.0328462198376655,0.0310672782361507,0.1723479181528091,0.0426280125975608,,,,0.0404749996960163,0.049974862486124,0.0876699984073638,0.1101262047886848,0.0123415756970644,0.225945,0.15344,0.620616,6.0,0.072505,0.280473,0.321485,0.278293,0.130425,0.441234,0.54809,0.00218,0.19106,1,2309319.5232800003,2122564.34551,2011230.75678,1108280.25,985970.0,876293.8125,1888562.437097,1729272.281142,1599586.5898131002,3.55583,4.25833,4.24833,2.1724,2.0795,2.18798333333333,188.13783601175683,175.93175300566642,161.26734603854638,1.0150090646753502,0.9969548736562398,1.0015686612764791,162.3815295946972,158.8753157303043,155.36910186591135,-26436.1367325,-10454.5055384,-29750.796215360253,19283.733171442167,19210.519703975657,19006.70848985905,0.8647833333333304,1.3834299999999997,2.17883,2.0603466666666703,0.08798563782768515,0.12405068105520452,0.09211398210223186,0.06937964749147514,0.003811113316802078,-111624.6347251921,-289405.5756049361,-388130.7860457753,-181234.08690519514,-285337.3189971077,-374053.9372214982,-373811.67431088723,-473535.5631031953,-546856.6402098853,-0.5268711594202906,0.07870303028787884,-0.0060411111269838,-0.03839782608840547,-0.23439090909242388,-0.23037857143016183,22.174733132074635,9.788570110219325,-5.065237510576338,-0.1485272908730917,-0.158304498053495,-0.14470306146705258,-9.13568372948663,-11.343363458506076,-13.487398528295273,-29990.26525253165,-9116.731838484891,-24247.743873479176,736.5975316584518,665.8487713277937,460.41388943470156,-0.4884733333318847,0.3130939393803027,0.22433746030317758,0.051494418489752385,0.06488677403903292,0.04257377081645129,0.046876432970821405,0.001285356825377621,0.042729118577075065,0.11119451383399209,-0.15392358498023717,-0.06846530039525692,0.08294507851239671,-0.03562632644628097,-0.04731874793388435,0.11857150413223141
2007,Italy,ITA,136,58147.73,19841.538671196064,102.47557345192438,99.71,3126765.859546,0.2157057654075546,169.3629288822052,-43887.314156796005,865899.944,854863.205,1325214.0,2153009.9064614,4.03571666666667,4.48732,208.7600400165844,6.0754,186.23058316183693,0.992961773906488,812191.68674,869592.4108899999,1315.311459819305,2814000.5537,1361393.375,1190174.82598,1683412.5007,2663279.25,6.616278648376465,165.28860473632812,70.12306213378906,0.0,0.0,1.0,1.0,PEG,DEU,1.02334,-0.0419545918703079,0.0769107565283775,0.018521400168538,0.0403571650385856,,,0.0450400151312351,0.0318707413971424,0.0304971504956483,-0.0784801468253135,0.0396362096071243,,,,0.0448732003569603,0.0365255549550056,0.053848959505558,0.0608280152082443,0.0294392816722393,0.197767,0.112292,0.689941,6.0,0.085474,0.225945,0.280473,0.15344,0.278293,0.620616,0.441234,0.072505,0.00218,1,2560128.44892,2309319.5232800003,2122564.34551,1232728.25,1108280.25,985970.0,2029653.978576,1888562.437097,1729272.281142,4.0475,3.55583,4.25833,3.18271666666667,2.1724,2.0795,199.3891680704801,188.13783601175683,175.93175300566642,1.0211856609420804,1.0150090646753502,0.9969548736562398,166.00216083630204,162.3815295946972,158.8753157303043,-45396.04186656,-26436.1367325,-10454.5055384,19629.60635333147,19283.733171442167,19210.519703975657,0.45160333333333025,0.8647833333333304,1.3834299999999997,2.17883,0.10860728587431143,0.11228928784032739,0.07470843362524922,0.05980366468135722,0.017936007453241285,139184.29091480747,-102650.39783493569,-276797.1973157753,-56786.086905195145,-163027.06899710768,-264377.7497214982,-232720.1328318871,-314245.40714819543,-417170.9488809854,-0.03520115942029012,-0.6237969697121213,0.003958888873015987,0.9719188405782644,-0.14149090909242368,-0.33886190476349176,33.426065190797914,21.994653116309735,9.599169456543706,-0.14235069460636152,-0.14025030703438457,-0.14931684908729193,-5.515052487881803,-7.837149594113157,-9.981184663902326,-48950.17038659165,-25098.36303258489,-4951.4531965189235,1082.4707135477547,739.062238794304,664.2251035513073,-1.007119999998554,-0.4823060606196976,0.3428207936365073,0.07211606653637867,0.053125380824155806,0.02516822233946865,0.03730045016070348,0.015410250961816828,-0.0117988814229249,-0.013658486166007927,0.02545841501976276,0.0018596996047430814,0.041933078512396665,0.11224167355371903,-0.1541747479338843,-0.07030849586776859
2008,Italy,ITA,136,58145.32,19460.4958473145,100.8196290505496,97.34,3171028.217238,0.21241269452273,175.2777255007884,-88630.27114305,877130.3099999999,852152.427,1416224.0,2314138.3571544,3.7577,4.68115,206.2585045012352,6.7232,191.97937140011075,1.06164,818885.37213,899331.58182,1391.2984120140827,2949473.62052,1414985.5,1233498.86723,1775900.3735,2800094.25,4.203999996185303,161.20465087890625,71.30433654785156,1.0,1.0,1.0,1.0,PEG,DEU,-0.04084,-0.468401163816452,0.0469318851828575,0.0747871100902557,0.037576999515295,,,0.015672305598855,0.0312595777213573,0.0307772289961576,-0.4990692436695099,0.0612221956253051,,,,0.0468114987015724,0.0306680798530578,0.0208967328071594,0.0099318409338593,0.0561820566654205,0.260984,0.10759,0.631426,6.0,0.153394,0.197767,0.225945,0.112292,0.15344,0.689941,0.620616,0.085474,0.072505,1,2814000.5537,2560128.44892,2309319.5232800003,1361393.375,1232728.25,1108280.25,2153009.9064614,2029653.978576,1888562.437097,4.48732,4.0475,3.55583,4.03571666666667,3.18271666666667,2.1724,208.7600400165844,199.3891680704801,188.13783601175683,0.992961773906488,1.0211856609420804,1.0150090646753502,169.3629288822052,166.00216083630204,162.3815295946972,-43887.314156796005,-45396.04186656,-26436.1367325,19841.538671196064,19629.60635333147,19283.733171442167,0.9234499999999999,0.45160333333333025,0.8647833333333304,1.3834299999999997,0.09916381534961541,0.10437428119295554,0.06077682658595141,0.04699789881660916,0.010796564844440968,393056.39569480764,148158.52780506387,-90042.0195457749,71879.03809480486,-38579.06899710768,-142067.49972149823,-109364.20494648721,-173153.8656691953,-257880.79292598553,0.40461884057971,-0.1321269697121208,-0.6985411111269841,1.8249188405782646,0.8688257575742462,-0.24596190476349156,42.796937136902216,33.24598517503301,21.805252462634115,-0.17057458164195394,-0.1340737107676544,-0.1312626580681815,-2.154284441978632,-4.216518352508331,-6.474970799509407,-47441.44267682765,-44058.26816664489,-20933.084390618922,1294.4030314123484,1084.935420683607,737.4385710178176,-1.4202999999985542,-1.000952727286367,-0.452579206363493,0.06267259601168265,0.04521037417678395,0.011236615300170845,0.02449468429595542,0.008270808353016511,-0.03997688142292491,-0.05480648616600792,0.09478341501976284,0.014828699604743076,-0.0125949214876033,-0.01261132644628099,0.025207252066115626,1.65041322314069e-05
2009,Italy,ITA,136,58558.23632622623,18278.625580046355,95.06130746532357,94.77,3053993.281493,0.199885561701316,176.61970558605384,-57567.77700601201,704415.0260000001,684471.445,1568067.3865094,2520390.4184354,0.955,4.31333,199.2622545919593,7.7486,192.33440060584635,1.1661,814360.30914,955266.54958,1344.0719144800769,2905721.6636,1512834.875,1293819.48654,1676577.4676,2793867.25,5.064099788665772,149.5216522216797,69.60292053222656,0.0,0.0,1.0,1.0,PEG,DEU,-3.192497,0.2256501317024231,0.0247128121554851,0.0944895148277282,0.0095499996095895,,,-0.0069261793978512,0.031638991087675,0.0318596549332141,0.1752136796712875,0.0429168455302715,,,,0.0431332997977733,0.0504364632070064,0.0442718528211116,0.0417939946055412,0.0520197562873363,0.262458,0.10029,0.637252,16.0,0.162168,0.260984,0.197767,0.10759,0.112292,0.631426,0.689941,0.153394,0.085474,0,2949473.62052,2814000.5537,2560128.44892,1414985.5,1361393.375,1232728.25,2314138.3571544,2153009.9064614,2029653.978576,4.68115,4.48732,4.0475,3.7577,4.03571666666667,3.18271666666667,206.2585045012352,208.7600400165844,199.3891680704801,1.06164,0.992961773906488,1.0211856609420804,175.2777255007884,169.3629288822052,166.00216083630204,-88630.27114305,-43887.314156796005,-45396.04186656,19460.4958473145,19841.538671196064,19629.60635333147,3.3583299999999996,0.9234499999999999,0.45160333333333025,0.8647833333333304,0.048142516049569546,0.03936564257189808,0.07483869452223019,-0.011982827341623856,-0.01920429812405232,528529.4625148075,402030.63258506404,160766.90609422466,125471.16309480486,90086.05600289232,-17619.49972149823,51764.2457465129,-49797.93778379541,-116789.2514469854,0.5984488405797093,0.3076930302878793,-0.20687111112698364,1.5469021739115942,1.7218257575742464,0.7643547619031783,40.295401621553,42.616857121137315,33.056584521357394,-0.10189635554844201,-0.16229759780324682,-0.12508606180145132,3.76051217660455,-0.8557503066051595,-2.8543395579045807,-92184.39966308165,-42549.540456880895,-39892.989524678924,913.3602075307863,1296.8677385482006,1083.3117529071205,-0.9484533333318845,-1.414132727286367,-0.9712258730301624,0.011651296711636783,-0.01979826444427351,0.02529848323644962,-0.03448604186227759,-0.021730054615476776,0.023240118577075086,-0.059508486166007915,0.036268415019762856,0.08274869960474308,-0.04077292148760331,-0.05375932644628098,0.09453225206611571,0.012985504132231401
2010,Italy,ITA,136,58823.330578624445,18520.425122909404,96.39303591470858,95.61205385211272,3119871.963838,0.1994390775942661,179.4801400163523,-102799.81948852,878485.699,782446.7069999999,1543799.4175421998,2517318.3324533994,1.13333333333333,4.03583,199.76876479767049,8.3625,197.0484057850057,1.19198,820399.53527,948414.09005,1449.0869630294867,3118523.54541,1696683.75,1355547.77414,1830710.3684,2861141.0,5.179999828338623,148.10321044921875,66.26205444335938,0.0,0.0,1.0,1.0,PEG,DEU,-0.24250001,-0.0745914578437805,0.024342805147171,-0.0072300089523196,0.0113333333283662,,,-0.0081221861764788,0.0324649922549724,0.0327308364212513,-0.1113043501973152,0.0413109809160232,,,,0.0403583012521266,0.0367128886282444,0.0128401713445782,0.0165456421673297,0.0020516621880233,0.234233,0.128277,0.637489,10.0,0.105956,0.262458,0.260984,0.10029,0.10759,0.637252,0.631426,0.162168,0.153394,0,2905721.6636,2949473.62052,2814000.5537,1512834.875,1414985.5,1361393.375,2520390.4184354,2314138.3571544,2153009.9064614,4.31333,4.68115,4.48732,0.955,3.7577,4.03571666666667,199.2622545919593,206.2585045012352,208.7600400165844,1.1661,1.06164,0.992961773906488,176.61970558605384,175.2777255007884,169.3629288822052,-57567.77700601201,-88630.27114305,-43887.314156796005,18278.625580046355,19460.4958473145,19841.538671196064,2.9024966666666696,3.3583299999999996,0.9234499999999999,0.45160333333333025,-0.014833818690769036,0.06915221039367542,0.08912693601199342,-0.03391981303361962,-0.06073176534354553,484777.5055948077,537503.6994050639,414639.0108742248,223320.53809480486,143678.18100289232,111045.62527850177,258016.3070275127,111330.5129092047,6566.676438414492,0.23062884057970923,0.5015230302878786,0.23294888887301646,-1.2557978260884055,1.443809090907576,1.6173547619031785,33.29915171227711,40.1153216057881,42.427456467461695,0.0025636444515579893,-0.09361937170973489,-0.15330994883704374,5.1024922618699975,5.0590463119780225,0.5064284879985905,-61121.90552604366,-87292.4974431349,-38384.26181491493,-268.5100597373603,915.8249146666385,1295.2440707717142,1.4864266666681152,-0.9422860606196974,-1.3844058730301625,-0.0513250380287018,0.00998830337750383,0.03958672472621286,-0.056423027554273364,-0.06325752183496999,0.024714118577075117,-0.06680848616600792,0.042094415019762854,0.09152269960474309,0.022444078512396687,-0.05846132644628098,0.036017252066115724,0.08090550413223141
2011,Italy,ITA,136,59077.58454560862,18551.19764227564,96.90805180495742,95.50959126890224,3192436.392866,0.1965190839694656,184.74915720084093,-90186.33903839,902599.424699,857886.303351,1502460.8081875,2546690.0767882,2.78583333333333,5.42417,200.49147754263615,8.359,199.55205344778756,1.19692,829962.7727999999,942729.20133,1496.460313780045,3138209.6025,1893051.5,1388826.44663,1817479.8355,2879495.0,5.094699859619141,156.73458862304688,70.50524139404297,0.0,0.0,1.0,1.0,PEG,DEU,0.425834,-0.2131871283054351,0.0392180383205413,-0.064863309264183,0.0278583336621522,,,0.0059635071083903,0.0332545302808284,0.0330573916435241,-0.2455079108476638,0.0428378134965896,,,,0.0542416982352733,0.0323207899928092,0.0124842105433344,0.0235411338508129,-0.0185024887323379,0.213293,0.103648,0.683059,12.0,0.109645,0.234233,0.262458,0.128277,0.10029,0.637489,0.637252,0.105956,0.162168,0,3118523.54541,2905721.6636,2949473.62052,1696683.75,1512834.875,1414985.5,2517318.3324533994,2520390.4184354,2314138.3571544,4.03583,4.31333,4.68115,1.13333333333333,0.955,3.7577,199.76876479767049,199.2622545919593,206.2585045012352,1.19198,1.1661,1.06164,179.4801400163523,176.61970558605384,175.2777255007884,-102799.81948852,-57567.77700601201,-88630.27114305,18520.425122909404,18278.625580046355,19460.4958473145,2.63833666666667,2.9024966666666696,3.3583299999999996,0.9234499999999999,0.07323546658847978,0.12152606873238561,-0.0012188928983103877,0.00254192750527886,0.013228540723926579,697579.3874048074,493751.7424850641,550112.0776942247,407169.41309480486,241527.55600289232,164637.75027850177,254944.22104551224,317582.5741902045,167695.1271314146,-0.04687115942029063,0.13370303028787855,0.42677888887301574,-1.0774644927550756,-1.3588909090924237,1.3393380952365082,33.80566191798829,33.11907169651221,39.92592095211248,0.028443644451558114,0.010840628290265109,-0.08463172274353181,7.962926692168452,6.40102639724347,6.4212251065817725,-106353.94800855166,-56230.0033060969,-83127.21880116893,-26.710516874310997,-266.04535260150806,914.2012468901521,1.0305933333347852,1.4925939393803023,-0.9125592063634929,0.036744247250547014,0.062362161716214025,-0.05075910418409096,-0.01996128701537488,0.010702784232502122,-0.003510881422924911,-0.03882148616600792,0.042331415019762786,0.035310699604743076,0.023918078512396718,-0.06576132644628098,0.04184325206611572,0.08967950413223141
2012,Italy,ITA,136,59232.30498288192,17951.283874349927,93.76623448542534,91.71406855837267,3145197.020049,0.183598834686667,190.8733957980494,-7265.4019853646,857867.5215319999,892583.099989,1500289.9784397,2707999.0072079,1.895,5.4925,190.2224283762781,10.6545,198.32833453035505,1.26493,861254.83227,970011.24563,1467.5382749734729,3034781.80418,1854237.98518,1373231.72805,1728380.4352,2879072.75,5.492800235748291,139.19052124023438,67.17158508300781,0.0,0.0,1.0,1.0,PEG,DEU,-0.55416697,0.1306787282228469,-0.0108206756412982,0.245454266667366,0.0189500004053115,,,-0.0445938780903816,0.0337732024490833,0.0353495776653289,0.0839424654841423,0.0431169271469116,,,,0.0549249984323978,0.0467362664639949,0.0343243479728698,-0.0009744731360115,0.1322021335363388,0.22697,0.279257,0.493774,5.0,-0.052287,0.213293,0.234233,0.103648,0.128277,0.683059,0.637489,0.109645,0.105956,0,3138209.6025,3118523.54541,2905721.6636,1893051.5,1696683.75,1512834.875,2546690.0767882,2517318.3324533994,2520390.4184354,5.42417,4.03583,4.31333,2.78583333333333,1.13333333333333,0.955,200.49147754263615,199.76876479767049,199.2622545919593,1.19692,1.19198,1.1661,184.74915720084093,179.4801400163523,176.61970558605384,-90186.33903839,-102799.81948852,-57567.77700601201,18551.19764227564,18520.425122909404,18278.625580046355,3.5974999999999997,2.63833666666667,2.9024966666666696,3.3583299999999996,0.006312620957752646,0.11573621188981152,0.011667870509716063,0.003617746476520686,0.0016615449786934018,717265.4444948076,706553.6242950638,506360.12077422487,603537.1630948049,425376.4310028923,262487.1252785018,284315.9653803129,314510.48820820404,373947.1884124144,1.3414688405797097,-0.1437969697121213,0.0589588888730157,0.5750355072449245,-1.1805575757590938,-1.4633619047634916,34.52837466295395,33.62558190222339,32.92967104283659,0.03338364445155806,0.036720628290265234,0.019828277256468185,13.231943876657084,9.261460827541924,7.76320519184722,-93740.46755842165,-101462.0457886049,-52064.72466413093,4.0620024919262505,-24.245809738458775,-267.66902037799446,0.7664333333347857,1.0367606060469723,1.5223207936365069,-0.030178598380180117,0.056572304873639935,-0.0378723407760645,-0.018885468044133054,-0.0008642115127310555,-0.024450881422924897,-0.06345048616600792,0.08790141501976279,0.03899969960474309,-0.00430692148760331,-0.03777432644628098,0.04208025206611565,0.0334675041322314
2013,Italy,ITA,136,59401.80762753803,17570.474942178338,90.97912336811169,88.4412424791192,3122721.959651,0.1724417300261747,193.249010833382,34630.958617325,819225.381142,894136.56941,1547602.4454492,2792269.2920598,0.85525,4.31667,179.34425018983794,12.1487,201.1636907342913,1.32455,866416.9280900001,961555.55454,1404.0098615038794,2818990.32149,1775284.63966,1350499.91825,1534662.4304900002,2943643.5,5.763400077819824,127.60047912597656,68.1558837890625,0.0,0.0,1.0,1.0,PEG,DEU,-0.16583334,0.2284296452999115,-0.021374873816967,0.0884993374347686,0.0085525000467896,,,-0.057201225310564,0.035826351493597,0.0379999987781047,0.1851207315921783,0.036543883383274,,,,0.0431667007505893,0.0433089137077331,0.0120927020907402,-0.0012803081190213,0.0485259182751178,0.265783,0.15116,0.583058,11.0,0.114623,0.22697,0.213293,0.279257,0.103648,0.493774,0.683059,-0.052287,0.109645,0,3034781.80418,3138209.6025,3118523.54541,1854237.98518,1893051.5,1696683.75,2707999.0072079,2546690.0767882,2517318.3324533994,5.4925,5.42417,4.03583,1.895,2.78583333333333,1.13333333333333,190.2224283762781,200.49147754263615,199.76876479767049,1.26493,1.19692,1.19198,190.8733957980494,184.74915720084093,179.4801400163523,-7265.4019853646,-90186.33903839,-102799.81948852,17951.283874349927,18551.19764227564,18520.425122909404,3.4614200000000004,3.5974999999999997,2.63833666666667,2.9024966666666696,-0.03295758136665126,-0.020503147864704117,0.0633406207885088,-0.0512193799568077,-0.032338276993965784,613837.6461748076,726239.681385064,719162.0025842246,564723.6482748049,621744.1810028923,446336.0002785018,445624.89580001263,343882.2325430047,370875.10243041394,1.4097988405797093,1.244543030287879,-0.21854111112698416,-0.31579782608840556,0.47194242424090627,-1.2850285714301617,24.259325496595892,34.34829464718905,33.43618124854777,0.10139364445155818,0.04166062829026518,0.04570827725646831,19.356182473865545,14.530478012030557,10.623639622145674,-10819.530505396251,-88848.56533847489,-97296.76714663893,-595.8517654337884,6.526709627778473,-25.869477514945174,1.7255966666681153,0.7726006060469728,1.0664874603031769,-0.06944880070458402,-0.0796670548808757,0.013800409502728234,-0.07372259447746143,-0.034864033485390244,-0.010773881422924902,0.11215851383399206,-0.1013835849802372,-0.12293230039525692,-0.025246921487603297,-0.06240332644628098,0.08765025206611565,0.03715650413223141
2014,Italy,ITA,136,59469.80578149892,17549.695961443445,90.14410435601351,87.78655800286761,3151096.641112,0.1674065852756197,193.70086250949015,59839.3399226238,826006.005055,917247.307249,1681173.6497871,2894102.5913975,0.4241,2.8925,170.9606051305513,12.6828,202.438994166932,1.35366,869096.72577,972760.74903,1594.8192076435216,2863340.4998348765,1695977.98876191,1340868.91127,1522471.5885648762,2925698.0,6.3368000984191895,117.83477020263672,69.5975570678711,0.0,0.0,1.0,1.0,PEG,DEU,0.0075,0.0346624962985515,-0.0054453127086162,0.1959235817193985,0.0042409999296069,,,-0.043336946517229,0.0378916338086128,0.0396081283688545,0.006424375809729,0.0280578657984733,,,,0.0289249997586011,0.0282381195574998,0.0259746946394443,-0.0022028270177543,0.1000822931528091,0.184988,0.229547,0.585465,9.0,-0.044559,0.265783,0.22697,0.15116,0.279257,0.583058,0.493774,0.114623,-0.052287,0,2818990.32149,3034781.80418,3138209.6025,1775284.63966,1854237.98518,1893051.5,2792269.2920598,2707999.0072079,2546690.0767882,4.31667,5.4925,5.42417,0.85525,1.895,2.78583333333333,179.34425018983794,190.2224283762781,200.49147754263615,1.32455,1.26493,1.19692,193.249010833382,190.8733957980494,184.74915720084093,34630.958617325,-7265.4019853646,-90186.33903839,17570.474942178338,17951.283874349927,18551.19764227564,2.4684,3.4614200000000004,3.5974999999999997,2.63833666666667,-0.07110609480812641,-0.04257994181493137,0.031119023540111167,-0.05718662241511332,-0.02121346499988871,398046.1634848076,622811.883065064,738848.0596742248,485770.30275480496,582930.6661828924,642703.7502785018,529895.1806519129,505191.16296270443,400246.8467652146,0.2339688405797098,1.3128730302878786,1.1697988888730162,-1.3555478260884057,-0.41889090909242377,0.3674714285698384,13.38114731015574,24.07924548083099,34.15889399351343,0.16101364445155797,0.1096706282902653,0.050648277256468255,21.731797509198145,20.654716609239017,15.892656806634307,31076.830097293347,-5927.628285449489,-84683.28669650892,-976.6606976053772,-593.3870582979362,4.903041851292073,1.589516666668116,1.7317639393803024,0.8023274603031774,-0.10759731414605916,-0.10174384883110296,-0.0184211877456694,-0.07968983693576706,-0.02373922149131317,0.028039118577075084,-0.01593848616600793,-0.012099584980237221,0.043977699604743084,-0.011569921487603302,0.113205673553719,-0.10163474793388433,-0.1247754958677686
2015,Italy,ITA,136,59419.5462763974,17701.075746228515,90.9332956163015,89.48114853443961,3205214.22585,0.1693546701462828,193.9122437656953,45546.0941493285,855862.5139469999,952460.89435,1825856.720401,3015955.451,0.0486666666666667,1.71416666666667,164.38519724091472,11.896,204.53673122808345,1.3528,887446.7565599999,987259.53879,1778.5156608799489,2835427.0946668126,1687199.14389026,1340119.57478,1495307.519886813,2870677.0,6.817599773406982,113.4970932006836,67.18124389648438,0.0,0.0,1.0,1.0,PEG,DEU,-0.20416667,0.1759445816278457,0.0136368051171302,0.046005044132471,0.0004866666567977,,,-0.0260475650429725,0.0396843701601028,0.040745697915554,0.1437169462442398,0.0281779877841472,,,,0.0171416662633419,0.0322276428341865,0.027150809764862,0.0286190994083881,0.0232458561658859,0.317592,0.12872,0.553688,13.0,0.188872,0.184988,0.265783,0.229547,0.15116,0.585465,0.583058,-0.044559,0.114623,0,2863340.4998348765,2818990.32149,3034781.80418,1695977.98876191,1775284.63966,1854237.98518,2894102.5913975,2792269.2920598,2707999.0072079,2.8925,4.31667,5.4925,0.4241,0.85525,1.895,170.9606051305513,179.34425018983794,190.2224283762781,1.35366,1.32455,1.26493,193.70086250949015,193.249010833382,190.8733957980494,59839.3399226238,34630.958617325,-7265.4019853646,17549.695961443445,17570.474942178338,17951.283874349927,1.6655000000000033,2.4684,3.4614200000000004,3.5974999999999997,0.015732646546099124,-0.044672639601770446,0.03646972719546676,-0.046746104491292316,-0.0011826078010567747,442396.3418296841,407020.400375064,635420.2613542248,406463.65185671486,503977.3206628924,603890.2354585018,631728.4799896129,589461.4478146047,561555.7771849143,-1.1902011594202904,0.13704303028787912,1.2381288888730158,-1.7866978260884057,-1.458640909092424,-0.5233619047634916,4.997502250869104,13.201067294390839,23.889844827155372,0.19012364445155816,0.1692906282902651,0.11865827725646838,22.183649185306308,23.030331644571618,22.016895403842767,56285.211402592155,35968.73231724011,-1762.3496434835224,-997.4396783402699,-974.195990469525,-595.0107260744226,0.5964966666681155,1.595683939380303,1.761490793636507,-0.02075857279183364,-0.10383654661794203,-0.013070484090313805,-0.06924931901194606,-0.003708364292481232,-0.052755881422924894,0.06244851383399208,-0.009692584980237173,-0.11520430039525692,0.027243078512396685,-0.014891326446280995,-0.012350747933884354,0.04213450413223141
2016,Italy,ITA,136,59290.44833192094,17969.303621967574,92.26609624634332,90.75096346416429,3283501.107236,0.1717099696730744,193.8152798867021,85174.0287670706,855014.2340599999,962981.617395,2022163.4987183,3159256.8574,-0.1675,1.4875,164.87835283263746,11.6882,206.37210524327384,1.34784,920688.63992,1011222.81631,1836.8940328242104,2813484.4662742447,1695698.14934016,1351020.77488,1462463.691394245,2848781.75,6.31820011138916,109.1595230102539,65.9844970703125,0.0,0.0,1.0,1.0,PEG,DEU,-0.21250001,-0.0463000014424324,0.0433679930865764,0.0163262654095888,-0.0017,,,0.0025000572204589,0.0408679358661174,0.0407660193741321,-0.0807000026106834,0.0374197773635387,,,,0.014865,0.034400001168251,0.0209877043962478,0.030518677085638,0.007313132751733,0.244394,0.20053,0.555076,16.0,0.043864,0.317592,0.184988,0.12872,0.229547,0.553688,0.585465,0.188872,-0.044559,0,2835427.0946668126,2863340.4998348765,2818990.32149,1687199.14389026,1695977.98876191,1775284.63966,3015955.451,2894102.5913975,2792269.2920598,1.71416666666667,2.8925,4.31667,0.0486666666666667,0.4241,0.85525,164.38519724091472,170.9606051305513,179.34425018983794,1.3528,1.35366,1.32455,193.9122437656953,193.70086250949015,193.249010833382,45546.0941493285,59839.3399226238,34630.958617325,17701.075746228515,17549.695961443445,17570.474942178338,1.655,1.6655000000000033,2.4684,3.4614200000000004,-0.009748545508183066,-0.005176272881972175,0.04210384938139308,-0.03846153846153841,0.008625778196821728,414482.93666162016,451370.5787199405,419628.7786642248,397684.8069850649,424670.6697648023,524936.8899385019,753581.3395921127,691294.7471523047,645826.0620368146,-2.3685344927536205,-1.287126969712121,0.06229888887301627,-2.162131159421739,-1.8897909090924239,-1.5631119047634918,-1.5779056387674757,4.817422235104203,13.01166664071522,0.18926364445155808,0.19840062829026528,0.17827827725646817,22.395030441511466,23.48218332067978,24.392510439175368,41991.96562929685,61177.11362253891,40134.010959206076,-846.0598935552007,-994.9749712044177,-975.8196582460114,-0.2064033333318811,0.6026639393803026,1.6254107936365076,-0.04623976484611583,-0.06434017989814377,-0.007436361904387484,-0.060964752982192144,0.006100021705397271,0.07984811857707508,-0.03837848616600792,-0.04146958498023723,0.1182266996047431,-0.05355192148760329,0.06349567355371902,-0.009943747933884306,-0.1170474958677686
2017,Italy,ITA,136,59194.856724178826,18298.50837697321,93.94564724184632,92.28549642166077,3362512.540856,0.1748077614971109,196.38482268002105,86685.58328667581,937147.128547,1033425.637146,2173399.3136289,3296054.333,-0.3358333333,2.111666667,163.0701156629874,11.2106,207.23406770500156,1.34135,930056.31418,1024069.96776,1614.50012507296,2740710.725655347,1697797.08731913,1370985.6548499998,1369725.0708053475,2828114.0,7.438899993896484,109.2153778076172,63.21693801879883,0.0,0.0,1.0,1.0,PEG,DEU,-0.035,0.1799000054597854,0.0301241315901279,0.0315312296152114,-0.0034,,,-0.0107231736183166,0.0408473052084445,0.0412900671362876,0.1437000036239624,0.0316516570746898,,,,0.02113,0.0361999981105327,0.0381582379341125,0.0546744354069232,0.014065614901483,0.22943,0.209295,0.561275,9.0,0.020135,0.244394,0.317592,0.20053,0.12872,0.555076,0.553688,0.043864,0.188872,0,2813484.4662742447,2835427.0946668126,2863340.4998348765,1695698.14934016,1687199.14389026,1695977.98876191,3159256.8574,3015955.451,2894102.5913975,1.4875,1.71416666666667,2.8925,-0.1675,0.0486666666666667,0.4241,164.87835283263746,164.38519724091472,170.9606051305513,1.34784,1.3528,1.35366,193.8152798867021,193.9122437656953,193.70086250949015,85174.0287670706,45546.0941493285,59839.3399226238,17969.303621967574,17701.075746228515,17549.695961443445,2.4475000003000003,1.655,1.6655000000000033,2.4684,-0.0077387383487447095,0.005037345757717345,0.04751443074283003,0.002999999999999974,0.015153196313292405,392540.3082690523,423457.17355187656,463978.9570091013,406183.8124349648,415891.82489315234,445630.2390404118,896882.7459921129,813147.6067548045,747659.3613745146,-2.5952011594202906,-2.465460303045451,-1.361871111126984,-2.3782978260884056,-2.265224242425757,-1.9942619047634917,-1.0847500470447358,-1.7579856545323764,4.628021581428584,0.184303644451558,0.1975406282902652,0.20738827725646836,22.298066562518244,23.69356457688494,24.84436211528353,81619.90024703895,46883.86784924361,65342.39226450488,-577.8320178161412,-843.5951864193485,-996.5986389809041,-0.21690333333188438,-0.200236060619694,0.6323907936365072,-0.04422995768667747,-0.05412656125845424,-0.0020257805429505366,-0.019503214520653765,0.012627439821867948,0.006650118577075093,0.033431513833992094,-0.04008158498023717,-0.02678130039525692,0.07905207851239668,-0.03733132644628098,-0.04172074793388436,0.11638350413223142
2018,Italy,ITA,136,59067.72974068674,18510.57390934161,95.01077777840494,93.32076464500628,3429891.638824,0.1784613697979306,198.82443387548915,86133.0777813702,992953.527979,1075392.934007,2274928.6185766,3386464.7429116,0.12,2.61,162.16576916825946,10.61,209.47134894092235,1.344,934064.39308,1021835.51218,1691.065502183406,2676745.8651873125,1711458.27378491,1397948.2146,1278797.6505873124,2815785.75,6.9474,100.72330930868918,64.16044199406247,0.0,0.0,1.0,1.0,PEG,DEU,-0.00666667,-0.1242000013589859,0.0359086692333221,0.0069269323721528,0.0012,,,-0.0055457353591918,0.041454404592514,0.0416855812072753,-0.1513999998569488,0.0320527926087379,,,,0.026103,0.0272000003606081,0.009558891877532,0.0134382285177707,0.0040634660981595,0.194974,0.145613,0.659413,19.0,0.049361,0.22943,0.244394,0.209295,0.20053,0.561275,0.555076,0.020135,0.043864,0,2740710.725655347,2813484.4662742447,2835427.0946668126,1697797.08731913,1695698.14934016,1687199.14389026,3296054.333,3159256.8574,3015955.451,2.111666667,1.4875,1.71416666666667,-0.3358333333,-0.1675,0.0486666666666667,163.0701156629874,164.87835283263746,164.38519724091472,1.34135,1.34784,1.3528,196.38482268002105,193.8152798867021,193.9122437656953,86685.58328667581,85174.0287670706,45546.0941493285,18298.50837697321,17969.303621967574,17701.075746228515,2.4899999999999998,2.4475000003000003,1.655,1.6655000000000033,-0.02586605381733925,0.0012378016569675864,0.04330052343783828,-0.010967098703888298,0.01832039582230551,319766.5676501547,401514.5451593087,436065.55184103735,408282.75041393493,424390.8303430523,436851.3941687618,1033680.2215921129,956449.0131548047,869512.2209770144,-1.9710344924202903,-2.6921269697121213,-2.540204444460314,-2.5466311593884057,-2.4813909090924238,-2.369695238096825,-2.8929872166947916,-1.2648300628096365,-1.9473863082079959,0.17781364445155812,0.19258062829026512,0.20652827725646827,24.867609355837203,23.596600697891716,25.05574337148869,83131.45476664416,86511.80246698571,51049.146491209576,-248.6272628105071,-575.3673106802889,-845.2188541958349,0.5755966669681158,-0.2107360606196973,-0.17050920636348943,-0.06235727315527201,-0.057926105359204,-0.0062396878479422865,-0.03347031322454204,0.015794639330881054,-0.008313881422924913,0.04219651383399209,-0.03388258498023722,-0.05051030039525692,0.005854078512396693,0.03447867355371903,-0.040332747933884305,-0.028624495867768593
2019,Italy,ITA,136,58948.48660113215,18601.359196772417,96.38889476581896,94.68241743169948,3478768.127926,0.1791449929465408,200.0849643024003,111175.9773588604,983684.022608,1099383.900188,2448878.3327897,3572831.9889871003,-0.05725,1.950333333,162.00134253285438,9.95,211.3465524350588,1.34563,959882.61726,1020389.11849,1723.5802029553136,2618377.3695908254,1690068.73088312,1428686.50085,1189690.8687408257,2777086.75,7.088300000000001,95.4397397341412,63.34024544972334,0.0,0.0,1.0,1.0,PEG,DEU,-0.03083333,0.2816999852657318,0.0407955832779407,0.2442525625228881,-0.0006,,,-0.0010139346122741,0.0418095178902149,0.0418519526720047,0.229200005531311,0.0427107065916061,,,,0.019514,0.0524999983608722,0.0968759432435035,0.0794531553983688,0.1218262836337089,0.220231,0.190136,0.589632,19.0,0.030095,0.194974,0.22943,0.145613,0.209295,0.659413,0.561275,0.049361,0.020135,0,2676745.8651873125,2740710.725655347,2813484.4662742447,1711458.27378491,1697797.08731913,1695698.14934016,3386464.7429116,3296054.333,3159256.8574,2.61,2.111666667,1.4875,0.12,-0.3358333333,-0.1675,162.16576916825946,163.0701156629874,164.87835283263746,1.344,1.34135,1.34784,198.82443387548915,196.38482268002105,193.8152798867021,86133.0777813702,86685.58328667581,85174.0287670706,18510.57390934161,18298.50837697321,17969.303621967574,2.007583333,2.4899999999999998,2.4475000003000003,1.655,-0.023338785764316528,0.008046418837572292,0.02742989064422074,-0.005545752457776718,0.011589225088710681,255801.70718212007,328740.8045404111,414122.9234484695,421943.93687971495,426489.7683220224,445350.39961866173,1124090.6315037129,1093246.4887548047,1012813.6273770146,-1.4727011594202906,-2.067960302712121,-2.766871111126984,-2.0907978260884055,-2.649724242392424,-2.5858619047634916,-3.7973337114227377,-3.0730672324596924,-1.454230716485256,0.18046364445155816,0.18609062829026524,0.2015682772564682,27.307220551305306,26.166143491210676,24.958779492495466,82578.94926133855,88023.35698659092,90677.08110895168,-36.56173044210664,-246.16255567465487,-576.9909784567753,0.6180966666681154,0.5817639396803029,-0.18100920636349271,-0.05983000510224929,-0.05111748817859929,-0.022110320641559825,-0.028048966978430456,0.009063468597286224,-0.0427698814229249,-0.021485486166007928,0.06425541501976284,-0.021284300395256917,-0.009109921487603312,0.043243673553719025,-0.03413374793388435,-0.05235349586776859
2020,Italy,ITA,136,58775.042034507285,17000.999643522366,88.09629338583096,84.78007109763315,3208323.294589,0.177654058123201,199.7940726654208,113430.7136825555,829997.432033,947498.427967,2766722.9976386,3964058.0919905,-0.2048333333,1.167916667,165.0843419466996,9.16,198.3716135494445,1.5581200000000002,896727.2986699999,1196063.02305,1577.9235596120932,2702113.9631512733,1883325.25659894,1443014.89885,1259099.064301273,2841008.75,6.6477,92.9012655091485,61.94604758817651,0.0,0.0,1.0,1.0,PEG,DEU,-0.06833334,-0.0417999997735023,0.0609653517603874,0.1256023347377777,-0.002,,,0.0190306901931762,0.0419346615672111,0.0411515198647975,-0.0632999986410141,0.0229529198259115,,,,0.0116829999999999,0.0215000007301569,0.0524773001670837,0.0454697757959365,0.0618011690676212,0.291726,0.207613,0.500661,17.0,0.084113,0.220231,0.194974,0.190136,0.145613,0.589632,0.659413,0.030095,0.049361,0,2618377.3695908254,2676745.8651873125,2740710.725655347,1690068.73088312,1711458.27378491,1697797.08731913,3572831.9889871003,3386464.7429116,3296054.333,1.950333333,2.61,2.111666667,-0.05725,0.12,-0.3358333333,162.00134253285438,162.16576916825946,163.0701156629874,1.34563,1.344,1.34135,200.0849643024003,198.82443387548915,196.38482268002105,111175.9773588604,86133.0777813702,86685.58328667581,18601.359196772417,18510.57390934161,18298.50837697321,1.3727500003000002,2.007583333,2.4899999999999998,2.4475000003000003,-0.021805766604743624,-0.012497846561275944,0.055032979884286716,-0.00101394169835234,0.004904509599510161,197433.211585633,264775.9440723765,341349.1828295719,400554.39397792495,440150.9547878024,447449.33759763185,1310457.8775792131,1183656.8986664047,1149611.1029770146,-2.1323678264202908,-1.5696269697121212,-2.142704444126984,-2.2680478260884054,-2.1938909090924237,-2.7541952380634918,-3.961760346827816,-3.9774137271876384,-3.262467886135312,0.18209364445155818,0.18874062829026528,0.1950782772564683,28.567750978216452,28.60575468667878,27.528322285814426,107621.84883882875,87470.85148128531,92188.63562855689,54.2235569887016,-34.097023306254414,-247.78622345114127,0.1356799996681155,0.6242639393803024,0.6114907939365075,-0.05829698594267639,-0.07166175357744753,0.0054927685985061495,-0.023517156219006078,0.0023787531080857035,-0.017512881422924897,0.02303751383399208,-0.0055255849802371415,-0.04055030039525692,-0.0435659214876033,-0.02043832644628099,0.06400425206611571,-0.02312749586776859
2000,Japan,JPN,158,126729.0,20480.951264994896,94.98765833390048,92.0045,535.4177,0.2534930139720558,108.60000054495512,14.070777156,40.915,51.649,234.833,629.286258333333,0.10838,1.7475,87.03220191470844,4.7,109.99048678731238,1.356473,62.6107,85.739,114.9,491.4424,150.125,115.3001,376.1423,893.1749267578125,4.555428981781006,95.41857147216795,32.89812469482422,0.0,0.0,0.0,0.0,FLOAT,USA,0.0,0.1205487176775932,-0.0003732442855834,0.0147685846313834,0.0010837999871,,,-0.0356799364089965,0.035306692123413,0.036613043397665,0.1103978753089904,0.009141624905169,,,,0.0174749996513128,0.0101508405059576,0.0229846369475126,0.0305859185755252,0.0079261921346187,0.253939,0.42264,0.323422,21.0,-0.168701,0.158103,0.073595,0.657089,0.714927,0.184807,0.211478,-0.498986,-0.641332,0,508.5996,517.2431,523.828,149.51,146.604,142.473,616.303425,606.4699,569.562116666667,1.77083,1.09667,1.6875,0.05856,0.37148,0.4840399999999999,90.25239338555264,92.68929503916448,93.99477806788512,1.290302,1.160459,1.048312,109.40000217982036,109.69999995458708,109.00000136238772,13.01692057,15.070209157000004,11.506854001,20070.399088282407,20154.49399706678,20617.43761502919,1.6391200000000001,1.71227,0.72519,1.2034600000000002,-0.016710711075701188,0.01982210580884544,0.01621436612105546,-0.026291079812206623,-0.004172514020774311,63.305938095238105,71.94943809523812,78.53433809523807,-35.83619913043481,-35.93675818181816,-37.30111333333332,-152.4039695652175,-150.5350462121213,-175.75798928571407,0.7469241897101448,0.021204075606060524,0.5639166506349207,-0.05194717952173912,0.2535899183636363,0.3576591208095237,18.852952903171797,21.251716233218445,22.462709183972137,-0.5738569130434783,-0.6816802272727274,-0.7708294761904764,1.5219147661522072,1.9914124349496944,1.4522953924278283,-2.143580788347826,0.09525170286364038,-3.2462684328571427,-1818.3887196323085,-1636.7055995764022,-1069.5314216682928,0.798871369231884,-0.2323858427575759,0.20625752982539702,-0.0117080893280487,-0.005585513193913264,-0.010969420509933117,-0.013814479296404697,-0.011358134115698856,-0.10226621739130437,0.3461426956521739,-0.24387726086956524,-0.44840891304347824,-0.18733077272727275,0.3975603181818182,-0.21022936363636363,-0.584891090909091
2001,Japan,JPN,158,126972.0,20499.90795272704,95.14431211592267,93.3432,531.6539,0.2474849094567404,107.79667639088316,10.47358183,42.402,49.01,274.8297,646.786141666667,0.05797,1.32958,83.5509138381201,5.0,107.44276730790176,1.444434,60.0499,87.66380000000001,131.8,470.7474,151.942,117.4239,353.3235,877.0120849609375,4.7071733474731445,91.51412963867188,32.30254364013672,0.0,0.0,0.0,0.0,FLOAT,USA,0.0,-0.2178949117660522,-0.0032406412065029,0.0554199777543544,0.0005796999903395,,,-0.0400001369416713,0.0367594957351684,0.0382911451160907,-0.2267762422561645,0.0114860972389578,,,,0.0132958004251122,0.0088813230395317,-0.0227559134364128,-0.0519726276397705,0.0279998388141393,0.064329,0.773671,0.162,14.0,-0.709342,0.253939,0.158103,0.42264,0.657089,0.323422,0.184807,-0.168701,-0.498986,0,491.4424,508.5996,517.2431,150.125,149.51,146.604,629.286258333333,616.303425,606.4699,1.7475,1.77083,1.09667,0.10838,0.05856,0.37148,87.03220191470844,90.25239338555264,92.68929503916448,1.356473,1.290302,1.160459,108.60000054495512,109.40000217982036,109.69999995458708,14.070777156,13.01692057,15.070209157000004,20480.951264994896,20070.399088282407,20154.49399706678,1.27161,1.6391200000000001,1.71227,0.72519,-0.0337341987685401,0.004113437228279106,0.021065651766145905,-0.03567984570877517,0.02045560603486847,46.148738095238116,63.305938095238105,71.94943809523812,-35.2211991304348,-33.030758181818186,-33.17011333333332,-139.42113623188447,-140.7015212121214,-138.85020595238097,0.723594189710145,0.6953640756060604,-0.026913349365079275,-0.002127179521739117,-0.059330081636363635,0.24509912080952378,15.632761432327598,18.814814579606605,21.157226155251493,-0.5076859130434783,-0.5518372272727272,-0.6586824761904764,0.7219131312869678,1.6914146601829714,2.1522939846271925,-1.089724202347826,-1.958036884136364,0.3170867231428609,-1407.8365429198202,-1720.800508360775,-1532.4750396307027,0.7257213692318841,0.7546941572424241,-0.27201247017460317,-0.028731577020887612,-0.0212941817744796,-0.006118134864842674,-0.023203245192973246,0.013269985939943926,-0.006430217391304338,0.11169369565217391,-0.10526226086956525,-0.11812391304347825,-0.10282277272727275,0.33972231818181825,-0.23690036363636363,-0.4425450909090909
2002,Japan,JPN,158,127187.0,20516.849232535595,95.04924162081062,93.6385,524.4787,0.2326530612244897,106.80046676461927,13.683649283,42.177,52.109,342.348,668.155358333333,0.01094,1.25,79.80852915578764,5.4,103.77342059975314,1.542849,54.1964,87.6808,119.9,446.5735,153.14,120.4335,326.14,877.4285888671875,4.044448375701904,85.5674819946289,28.15766716003418,0.0,0.0,0.0,0.0,FLOAT,USA,0.0,-0.1684201657772064,-0.0065007135272026,0.0677537843585014,0.0001094000035664,,,-0.0447918586432933,0.0382911451160907,0.0400867015123367,-0.1791095584630966,0.0130216963589191,,,,0.0125000001862645,0.0106893861666321,-0.0105136623606085,-0.039576344192028,0.033931590616703,0.120898,0.623919,0.255183,19.0,-0.503021,0.064329,0.253939,0.773671,0.42264,0.162,0.323422,-0.709342,-0.168701,0,470.7474,491.4424,508.5996,151.942,150.125,149.51,646.786141666667,629.286258333333,616.303425,1.32958,1.7475,1.77083,0.05797,0.10838,0.05856,83.5509138381201,87.03220191470844,90.25239338555264,1.444434,1.356473,1.290302,107.79667639088316,108.60000054495512,109.40000217982036,10.47358183,14.070777156,13.01692057,20499.90795272704,20480.951264994896,20070.399088282407,1.23906,1.27161,1.6391200000000001,1.71227,-0.04211073362819324,0.01210324729392178,0.027809098167315124,-0.04000000000000005,0.000925576526542731,25.453738095238123,46.148738095238116,63.305938095238105,-33.40419913043479,-32.41575818181818,-30.26411333333334,-121.92125289855039,-127.71868787878839,-129.01668095238108,0.30567418971014493,0.6720340756060605,0.6472466506349206,-0.05253717952173912,-0.009510081636363632,-0.06782087919047619,12.151473355739256,15.594623108762406,18.720324501639652,-0.41972491304347836,-0.48566622727272724,-0.5288394761904762,-0.0814110227849909,0.8914130253177319,1.8522962098604694,-4.6869195283478255,-0.9041802981363638,-1.7362018638571435,-1388.8798551876753,-1310.2483316482867,-1616.5699484150755,0.3582113692318839,0.6815441572424242,0.7150675298253968,-0.03710811188054075,-0.013304371708836926,0.0006253115363265456,-0.027523399484198123,-0.006260043568381814,-0.19604021739130437,0.4627246956521739,-0.2666842608695652,-0.6587649130434783,-0.0069867727272727165,0.10527331818181823,-0.09828536363636364,-0.11226009090909089
2003,Japan,JPN,158,127358.0,20832.997849900727,96.53346104068476,94.5506,523.9686,0.2281059063136456,106.52428983852634,16.164431309999998,44.3193,54.5485,444.8351,680.2588,0.00136,1.01167,75.97911227154046,5.3,102.78355816816652,1.6006970000000005,52.6957,88.61330000000001,107.1,425.3791,156.32,126.7231,298.656,821.4859619140625,3.6842353343963614,80.48783874511719,27.425485610961918,0.0,0.0,0.0,0.0,FLOAT,USA,0.0,-0.0455219261348247,-0.0078557282686233,-0.0270120408385992,1.359999987471383e-05,,,-0.047982357442379,0.0401266291737556,0.0421490408480167,-0.0576001852750778,0.0128164878115057,,,,0.0101167000830173,0.0120782554149627,-0.0158832408487796,-0.0174643285572528,-0.0134992208331823,0.303345,0.363405,0.33325,20.0,-0.060059,0.120898,0.064329,0.623919,0.773671,0.255183,0.162,-0.503021,-0.709342,0,446.5735,470.7474,491.4424,153.14,151.942,150.125,668.155358333333,646.786141666667,629.286258333333,1.25,1.32958,1.7475,0.01094,0.05797,0.10838,79.80852915578764,83.5509138381201,87.03220191470844,1.542849,1.444434,1.356473,106.80046676461927,107.79667639088316,108.60000054495512,13.683649283,10.47358183,14.070777156,20516.849232535595,20499.90795272704,20480.951264994896,1.01031,1.23906,1.27161,1.6391200000000001,-0.05135216891266951,0.007884587539982224,0.03303907627272406,-0.0447916666666666,0.0008264076037619697,1.2798380952381194,25.453738095238123,46.148738095238116,-32.20619913043481,-30.59875818181817,-29.649113333333332,-100.55203623188447,-110.2188045454543,-116.03384761904806,0.22609418971014494,0.2541140756060605,0.6239166506349207,-0.09956717952173912,-0.059920081636363635,-0.018000879190476188,8.4090886734068,12.113335032174064,15.500133030795453,-0.32130991304347845,-0.3977052272727273,-0.46266847619047624,-1.0776206490488818,0.08808887124577325,1.05229457499523,-1.4768520753478267,-4.501375624136363,-0.6823452778571433,-1371.9385753791212,-1291.2916439161418,-1206.0177717025872,0.32566136923188405,0.314034157242424,0.641917529825397,-0.046349547165017026,-0.017523031462776482,0.00585528964173548,-0.03231506615086467,-0.006359212491162575,-0.13947121739130436,0.3129726956521739,-0.17350126086956524,-0.4524439130434783,-0.19659677272727274,0.4563043181818182,-0.2597073636363636,-0.652901090909091
2004,Japan,JPN,158,127480.0,21301.17824873966,98.72329637084556,96.3481,529.4008,0.2219206908531441,106.51333043669726,19.699003768,49.146800000000006,61.17,464.4385,688.911808333333,0.000850833,1.49917,71.10530896431679,4.7,103.90432674662937,1.689246,55.4498,89.7851,104.12,412.3079,163.154,126.1615,286.1464,802.384521484375,3.6017003059387207,77.6001968383789,27.02773094177246,0.0,0.0,0.0,0.0,FLOAT,USA,0.0,0.2529008090496063,-0.0220814235508441,0.017643442377448,8.508330211043358e-06,,,-0.0641465857625007,0.0420651622116565,0.0449484512209892,0.2391607910394668,0.011088166385889,,,,0.0149916997179389,0.0137400208041071,0.0375214107334613,0.057828027755022,0.0088259754702448,0.379602,0.177167,0.443231,17.0,0.202435,0.303345,0.120898,0.363405,0.623919,0.33325,0.255183,-0.060059,-0.503021,0,425.3791,446.5735,470.7474,156.32,153.14,151.942,680.2588,668.155358333333,646.786141666667,1.01167,1.25,1.32958,0.00136,0.01094,0.05797,75.97911227154046,79.80852915578764,83.5509138381201,1.6006970000000005,1.542849,1.444434,106.52428983852634,106.80046676461927,107.79667639088316,16.164431309999998,13.683649283,10.47358183,20832.997849900727,20516.849232535595,20499.90795272704,1.4983191669999998,1.01031,1.23906,1.27161,-0.04746004856983235,0.020765312785686347,0.01811471166954071,-0.04798255179934581,0.015409218724665765,-19.91456190476191,1.2798380952381194,25.453738095238123,-29.026199130434804,-29.40075818181819,-27.832113333333325,-88.44859456521749,-88.84958787878838,-98.53396428571398,-0.012235810289854987,0.1745340756060605,0.20599665063492067,-0.10914717952173912,-0.10695008163636363,-0.0684108791904762,4.579671789159619,8.370950349841607,12.018844954207111,-0.2634619130434779,-0.29929022727272736,-0.3747074761904763,-1.3537975751418116,-0.9081207550181176,0.24897042092327126,1.0039299516521716,-1.2913081711363645,-4.279540603857143,-1055.7899580139892,-1274.3503641075877,-1187.0610839704423,0.09691136923188404,0.28148415724242415,0.27440752982539673,-0.042457426822179865,-0.004642306217072359,-0.009069074961447869,-0.035505951283543884,0.00822359862974122,0.04297578260869561,0.05245869565217387,-0.09543426086956525,-0.009481913043478264,-0.14002777272727274,0.3065523181818182,-0.16652436363636364,-0.44658009090909095
2005,Japan,JPN,158,127537.0,21575.023474075475,100.0,98.1704,532.5155,0.26052,106.21194688639744,18.749870755,56.8524,65.6565,487.1187,701.387216666667,0.00123833,1.35958,67.27589208006962,4.4,105.78676677839854,1.742932,61.142,92.4313,117.97,409.9646,171.268,129.7327,280.2319,784.5758056640625,3.646061182022095,77.35494995117188,26.71962547302246,0.0,0.0,0.0,0.0,FLOAT,USA,0.0,0.1539002060890197,-0.0089068859815597,0.0199963841587305,1.238329969055485e-05,,,-0.0538553372025489,0.0449484512209892,0.0475069545209407,0.141514703631401,0.0108500579372048,,,,0.0135957999154925,0.0123855005949735,0.0362653546035289,0.0539108514785766,0.0100043835118412,0.411817,0.173147,0.415036,16.0,0.23867,0.379602,0.303345,0.177167,0.363405,0.443231,0.33325,0.202435,-0.060059,0,412.3079,425.3791,446.5735,163.154,156.32,153.14,688.911808333333,680.2588,668.155358333333,1.49917,1.01167,1.25,0.000850833,0.00136,0.01094,71.10530896431679,75.97911227154046,79.80852915578764,1.689246,1.6006970000000005,1.542849,106.51333043669726,106.52428983852634,106.80046676461927,19.699003768,16.164431309999998,13.683649283,21301.17824873966,20832.997849900727,20516.849232535595,1.35834167,1.4983191669999998,1.01031,1.23906,-0.030728355013210515,0.04371801432958037,0.01272017110742721,-0.06414662084765171,0.022473021031928147,-32.98576190476189,-19.91456190476191,1.2798380952381194,-22.1921991304348,-26.220758181818184,-26.634113333333346,-79.79558623188439,-76.7461462121214,-77.16474761904806,0.47526418971014484,-0.06379592439393944,0.1264166506349207,-0.10965634652173913,-0.11653008163636364,-0.11544087919047619,-0.2941315180640487,4.541533465594426,8.276460271874654,-0.17491291304347834,-0.2414422272727268,-0.27629247619047637,-1.3647569769708952,-1.1842976811110475,-0.7472392053406196,4.538502409652175,1.1894738558636337,-1.069473150857144,-587.6095591750563,-958.2017467424557,-1170.1198041618882,0.5849205362318838,0.05273415724242414,0.24185752982539688,-0.025725733265558028,0.018310395326821664,-0.014463615523561369,-0.05167002033184979,0.015287400937003603,0.11923278260869563,-0.13377930434782612,0.01454673913043475,0.2530120869565217,0.042419227272727233,0.046038318181818194,-0.08845736363636364,-0.003618090909090911
2006,Japan,JPN,158,127515.0,21938.170592300477,101.30812716295917,100.0,535.1702,0.26078,106.4793562910271,20.293653984,67.4076,75.2462,480.3684,708.461483333333,0.124527,1.73125,64.66492602262836,4.1,105.69227020134024,1.740333,75.9308,91.9385,118.95,414.4401,176.549,127.6764,286.7637,811.0963745117188,3.932285785675049,78.39187622070312,26.26964569091797,0.0,0.0,0.0,0.0,FLOAT,USA,0.0,0.2716871201992035,0.0086966194212436,0.0044914968311786,0.0012452700175344,,,-0.0388103313744068,0.0475069507956504,0.049425158649683,0.2584415972232818,0.0105253439396619,,,,0.0173125006258487,0.0132455304265022,0.068016916513443,0.1119279861450195,0.0028683834243565,0.427855,0.146211,0.425934,11.0,0.281644,0.411817,0.379602,0.173147,0.177167,0.415036,0.443231,0.23867,0.202435,0,409.9646,412.3079,425.3791,171.268,163.154,156.32,701.387216666667,688.911808333333,680.2588,1.35958,1.49917,1.01167,0.00123833,0.000850833,0.00136,67.27589208006962,71.10530896431679,75.97911227154046,1.742932,1.689246,1.6006970000000005,106.21194688639744,106.51333043669726,106.52428983852634,18.749870755,19.699003768,16.164431309999998,21575.023474075475,21301.17824873966,20832.997849900727,1.606723,1.35834167,1.4983191669999998,1.01031,-0.005683374002778019,0.04973215489660079,0.018108861224944536,-0.05385556915544669,0.012855872202844848,-35.329061904761886,-32.98576190476189,-19.91456190476191,-14.078199130434797,-19.38675818181818,-23.45411333333334,-67.32017789855047,-68.0931378787883,-65.06130595238108,0.33567418971014495,0.4237040756060604,-0.11191334936507924,-0.10926884952173913,-0.11703924863636364,-0.1250208791904762,-4.123548402311215,-0.3322698416292411,4.447043387627474,-0.12122691304347843,-0.15289322727272725,-0.2184444761904758,-1.6661405272707128,-1.195257082940131,-1.0234161314335495,3.589369396652174,4.724046313863637,1.4113088761428543,-313.76433383924086,-490.02134790352284,-853.9711867967562,0.44494303923188394,0.5407433242424239,0.013107529825396869,-0.0006807522551255316,0.02432453589384208,-0.009074925406044043,-0.04137896863964476,0.005670252107920303,0.15144778260869562,-0.1377993043478261,-0.01364826086956522,0.28924708695652174,0.11867622727272725,-0.1401996818181818,0.021523636363636356,0.2588759090909091
2007,Japan,JPN,158,127433.0,22410.06561013449,102.69343710870707,100.6445,539.2816,0.25769,106.54620864218452,24.984916528,72.854,83.9314,492.6613,719.611483333333,0.472652,1.65292,63.70757180156657,3.9,105.04352724544472,1.72809,63.564,93.2556,114.0,415.5213,181.523,129.3764,286.1449,809.342529296875,4.061530113220215,76.5110092163086,25.799522399902344,0.0,0.0,0.0,0.0,FLOAT,USA,0.0,0.0268621258437633,0.0345223024487495,0.0388053283095359,0.0047265198081731,,,-0.0148040130734443,0.0493263155221939,0.050067514181137,0.0142544656991958,0.012430471368134,,,,0.0165292005985975,0.01260766107589,0.0276888534426689,0.0317559950053691,0.0217659249901771,0.376167,0.145696,0.478136,13.0,0.230471,0.427855,0.411817,0.146211,0.173147,0.425934,0.415036,0.281644,0.23867,0,414.4401,409.9646,412.3079,176.549,171.268,163.154,708.461483333333,701.387216666667,688.911808333333,1.73125,1.35958,1.49917,0.124527,0.00123833,0.000850833,64.66492602262836,67.27589208006962,71.10530896431679,1.740333,1.742932,1.689246,106.4793562910271,106.21194688639744,106.51333043669726,20.293653984,18.749870755,19.699003768,21938.170592300477,21575.023474075475,21301.17824873966,1.1802679999999999,1.606723,1.35834167,1.4983191669999998,0.010916796230698831,0.030834715183221652,0.010086107215193365,-0.038809831824062196,0.01683182957651748,-30.853561904761932,-35.329061904761886,-32.98576190476189,-8.797199130434791,-11.272758181818176,-16.620113333333336,-60.245911231884406,-55.61772954545438,-56.40829761904797,0.7073441897101449,0.2841140756060605,0.3755866506349206,0.014019820478260878,-0.11665175163636364,-0.1255300461904762,-6.734514459752475,-4.161686725876407,-0.4267599195961935,-0.12382591304347845,-0.09920722727272735,-0.12989547619047626,-1.3987311226410526,-1.4966406332399487,-1.034375533262633,5.133152625652173,3.774913300863636,4.945881334142857,49.382784385761624,-216.17612256770735,-385.79078795782334,0.6933243692318839,0.40076582724242404,0.5011166968253966,0.01591941797835132,0.005427096180462946,-0.017097679415795215,-0.02633323130826027,0.009646209481592935,0.16748578260869562,-0.1647353043478261,-0.0027502608695652575,0.33222108695652175,0.15089122727272725,-0.1442196818181818,-0.006671363636363614,0.2951109090909091
2008,Japan,JPN,158,127288.0,22175.1244681219,101.38706367829624,99.9909,527.8238,0.2587,108.0213441283794,14.736840496,78.959,81.0181,488.4148,734.602616666667,0.4614169999999999,1.44917,63.27241079199304,4.0,104.94878038789946,1.807147,66.2431,92.895,90.75,425.1676,184.777,132.5323,292.6353,768.7094116210938,4.083791732788086,78.48461151123047,28.376901626586918,0.0,0.0,0.0,0.0,FLOAT,USA,0.0,-0.2734674215316772,0.0433366373181343,0.0548052452504634,0.0046141701750457,,,-0.0068312101066112,0.0501678474247455,0.0505129098892211,-0.2872544825077057,0.0193435978144407,,,,0.0144916996359825,0.0137870628386735,-0.0046115536242723,-0.0325718037784099,0.0297097079455852,0.171322,0.293423,0.535254,16.0,-0.122101,0.376167,0.427855,0.145696,0.146211,0.478136,0.425934,0.230471,0.281644,0,415.5213,414.4401,409.9646,181.523,176.549,171.268,719.611483333333,708.461483333333,701.387216666667,1.65292,1.73125,1.35958,0.472652,0.124527,0.00123833,63.70757180156657,64.66492602262836,67.27589208006962,1.72809,1.740333,1.742932,106.54620864218452,106.4793562910271,106.21194688639744,24.984916528,20.293653984,18.749870755,22410.06561013449,21938.170592300477,21575.023474075475,0.9877530000000001,1.1802679999999999,1.606723,1.35834167,0.002608820912841262,0.028173481583016552,0.015738329129113535,-0.014804845222072661,0.021510226472558805,-29.772361904761908,-30.853561904761932,-35.329061904761886,-3.8231991304348014,-5.99175818181817,-8.506113333333332,-49.09591123188443,-48.54346287878832,-43.932889285714054,0.6290141897101449,0.6557840756060604,0.2359966506349207,0.3621448204782609,0.006636918363636363,-0.12514254919047618,-7.691868680814267,-6.7726527833176675,-4.25617680384336,-0.13606891304347846,-0.10180622727272737,-0.07620947619047636,-1.3318787714836304,-1.2292312286102884,-1.3357590835624507,9.824415169652173,5.318696529863635,3.9967483211428565,521.2778022197745,146.97099565729513,-111.94556262200786,0.26686936923188387,0.649147157242424,0.3611391998253968,0.0076114426604937495,0.002765862580257846,-0.011445457501875044,-0.0023282447062707348,0.01432460637763426,0.11579778260869561,-0.16525030434782612,0.04945173913043477,0.2810480869565217,0.16692922727272724,-0.17115568181818178,0.004226636363636349,0.3380849090909091
2009,Japan,JPN,158,127147.4461046894,20963.200296560124,95.6268059759663,99.0942,494.9384,0.22603,106.56374368511106,13.58605908,51.4994,54.1706,494.1012,754.464016666667,0.10525,1.3425,59.652179541849286,5.1,101.28451755747597,1.987026,55.58,94.2388,92.06,419.5679,187.905,131.2672,288.3007,773.559326171875,4.377389430999756,75.55962371826172,25.386211395263672,0.0,0.0,0.0,0.0,FLOAT,USA,0.0,-0.2499218434095382,0.0160240642726421,0.0096775079146027,0.001052499981597,,,-0.0343878231942653,0.0504118874669075,0.0522071793675422,-0.266397476196289,0.0224585048854351,,,,0.0134250000119209,0.0164756160229444,-0.0259717535227537,-0.0520945973694324,0.0053650038316845,0.151183,0.210604,0.638213,16.0,-0.059421,0.171322,0.376167,0.293423,0.145696,0.535254,0.478136,-0.122101,0.230471,0,425.1676,415.5213,414.4401,184.777,181.523,176.549,734.602616666667,719.611483333333,708.461483333333,1.44917,1.65292,1.73125,0.4614169999999999,0.472652,0.124527,63.27241079199304,63.70757180156657,64.66492602262836,1.807147,1.72809,1.740333,108.0213441283794,106.54620864218452,106.4793562910271,14.736840496,24.984916528,20.293653984,22175.1244681219,22410.06561013449,21938.170592300477,1.23725,0.9877530000000001,1.1802679999999999,1.606723,0.023214935070717185,0.01792610302826634,0.020832259740899556,-0.0068306010928960445,-0.010483732894844512,-20.12606190476191,-29.772361904761908,-30.853561904761932,-0.5691991304348107,-1.0177581818181807,-3.2251133333333257,-34.104777898550424,-37.39346287878834,-36.85862261904799,0.425264189710145,0.5774540756060604,0.6076666506349206,0.3509098204782608,0.35476191836363635,-0.001853879190476193,-8.1270296903878,-7.730007004379459,-6.86714286128462,-0.0570119130434783,-0.11404922727272737,-0.07880847619047637,0.14325671471124224,-1.1623788774528663,-1.0683496789327904,-0.42366086234782685,10.009959073863635,5.540531550142855,286.33666020718374,618.866013491308,251.20155560299463,0.0743543692318841,0.22269215724242397,0.6095205298253967,0.028217556818369672,-0.007481515974492366,-0.006351526890089023,0.005645999422905882,-0.017669352989769058,-0.08904721739130436,-0.01752330434782612,0.10656973913043477,-0.07152391304347827,0.11524122727272723,-0.1716706818181818,0.056428636363636375,0.2869119090909091
2010,Japan,JPN,158,127190.31005857849,21934.903391345688,99.5276367032671,101.8194763335,505.5306,0.2259,105.79439367670928,19.402264428,60.765,67.3996,510.4914,775.359741666667,0.0935,1.15083,61.05705437238938,5.1,100.14276594915668,2.056931,52.6391,90.0106,81.45,409.9066,190.393,132.7759,277.1307,769.1887817382812,4.525317192077637,73.01419830322266,25.48155975341797,0.0,0.0,0.0,0.0,FLOAT,USA,0.0,0.0377544052898883,0.012111909687519,0.0391831174492836,0.0009350000182166,,,-0.0398860163986682,0.0519979260861873,0.0541580766439437,0.0182591062039136,0.0191457159817218,,,,0.0115082999691367,0.0194952990859746,0.0194987580180168,0.0189961455762386,0.0200590584427118,0.238557,0.289696,0.471746,24.0,-0.051139,0.151183,0.171322,0.210604,0.293423,0.638213,0.535254,-0.059421,-0.122101,0,419.5679,425.1676,415.5213,187.905,184.777,181.523,754.464016666667,734.602616666667,719.611483333333,1.3425,1.44917,1.65292,0.10525,0.4614169999999999,0.472652,59.652179541849286,63.27241079199304,63.70757180156657,1.987026,1.807147,1.72809,106.56374368511106,108.0213441283794,106.54620864218452,13.58605908,14.736840496,24.984916528,20963.200296560124,22175.1244681219,22410.06561013449,1.05733,1.23725,0.9877530000000001,1.1802679999999999,-0.013170570852529649,0.016928513830184573,0.027036930647106997,-0.057216584682464544,-0.05465241799675085,-25.725761904761896,-20.12606190476191,-29.772361904761908,2.5588008695652036,2.23624181818181,1.7488866666666638,-14.24337789855042,-22.402329545454336,-25.708622619048015,0.31859418971014497,0.37370407560606056,0.5293366506349206,-0.005257179521739125,0.34352691836363625,0.3462711208095238,-11.747260940531554,-8.165168013952993,-7.8244970823464115,0.1228670869565216,-0.03499222727272722,-0.09105147619047638,-1.3143437285570911,0.3127566087420064,-1.0014973277753683,-1.574442278347826,-0.2381169581363647,10.231794094142856,-925.5875113545917,383.92487147871725,723.0965734370075,0.32385136923188396,0.030177157242424202,0.1830655298253967,-0.008167949104877162,-0.008479105172574133,-0.00014685598388158166,-0.04473998416666262,-0.061838038091675394,-0.10918621739130435,-0.1003423043478261,0.2095287391304348,-0.008843913043478265,-0.08960377272727274,-0.023943681818181795,0.11354663636363638,-0.06566009090909092
2011,Japan,JPN,158,127426.5602230367,21869.04677661825,99.73590007211276,101.47322690737758,497.4489,0.23541,105.50616140860431,10.366835076,68.1112,65.5465,534.4663,796.626141666667,0.07775,1.11833,61.49852136176933,4.521,101.28156267017216,2.190945,54.3072,95.3625,77.72,412.0341,192.981,134.3257,277.7084,771.4915771484375,4.553114891052246,71.49623107910156,26.16023063659668,0.0,0.0,0.0,0.0,FLOAT,USA,0.0,-0.0482422038912773,0.0214089564979076,0.0342955961823463,0.0007774999830871,,,-0.0326408073306083,0.054049763828516,0.0558735206723213,-0.0672087222337722,0.020333083346486,,,,0.0111833000555634,0.0189665220677852,0.0112712988629937,0.0050533013418316,0.017536548897624,0.223952,0.275999,0.500049,25.0,-0.052047,0.238557,0.151183,0.289696,0.210604,0.471746,0.638213,-0.051139,-0.059421,0,409.9066,419.5679,425.1676,190.393,187.905,184.777,775.359741666667,754.464016666667,734.602616666667,1.15083,1.3425,1.44917,0.0935,0.10525,0.4614169999999999,61.05705437238938,59.652179541849286,63.27241079199304,2.056931,1.987026,1.807147,105.79439367670928,106.56374368511106,108.0213441283794,19.402264428,13.58605908,14.736840496,21934.903391345688,20963.200296560124,22175.1244681219,1.04058,1.05733,1.23725,0.9877530000000001,-0.023026785414232077,0.013240733349298846,0.027696118752383123,0.02355110645294189,0.04635280305674566,-35.38706190476188,-25.725761904761896,-20.12606190476191,5.046800869565203,5.364241818181824,5.0028866666666545,6.65234710144955,-2.5409295454543326,-10.71748928571401,0.12692418971014496,0.2670340756060605,0.32558665063492076,-0.01700717952173912,-0.01264008163636364,0.3350361208095237,-10.342386109991459,-11.785399264096746,-8.259658091919945,0.1927720869565217,0.14488677272727268,-0.011994476190476222,-2.083693736958878,-1.144843834526327,0.4736381584195044,4.241763069652173,-1.3888983741363639,-0.016281937857144158,46.11558343097204,-827.9993000830582,488.15543142441675,0.1439313692318841,0.27967415724242406,-0.00944947017460307,-0.01802416366657959,-0.01216688565345986,0.0005123321213945445,0.036027706968743814,0.03916718296182112,-0.021812217391304373,-0.0212503043478261,0.04306173913043476,-0.0005619130434782599,-0.10974277272727273,-0.10676268181818177,0.2165056363636364,-0.0029800909090909114
2012,Japan,JPN,158,127148.44294082638,22218.1932287002,101.26862808822833,103.69716117974696,500.4748,0.2400499999999999,105.44698063872728,4.759515348,70.6886,63.7476,554.4393,816.649366666667,0.0825833,0.839167,61.06021120391524,4.3,99.002997970283,2.2609280000000003,56.5911,93.469,86.55,416.6685,197.5,137.7131,278.9554,765.5142822265625,4.71034574508667,71.056396484375,26.89238929748535,0.0,0.0,0.0,0.0,FLOAT,USA,0.0,-0.0436431020498275,0.0263586491346359,0.036147803068161,0.0008258330053649,,,-0.0291408933699131,0.055499542504549,0.0571653917431831,-0.0640606880187988,0.021815076470375,,,,0.0083916699513793,0.0204175878316164,0.0132122887298464,0.0080202836543321,0.0184868182986974,0.244187,0.19557,0.560243,28.0,0.048617,0.223952,0.238557,0.275999,0.289696,0.500049,0.471746,-0.052047,-0.051139,0,412.0341,409.9066,419.5679,192.981,190.393,187.905,796.626141666667,775.359741666667,754.464016666667,1.11833,1.15083,1.3425,0.07775,0.0935,0.10525,61.49852136176933,61.05705437238938,59.652179541849286,2.190945,2.056931,1.987026,105.50616140860431,105.79439367670928,106.56374368511106,10.366835076,19.402264428,13.58605908,21869.04677661825,21934.903391345688,20963.200296560124,0.7565837,1.04058,1.05733,1.23725,0.0051902067446584115,0.013592936715110292,0.02742778462328595,0.0072304010391235456,-0.0030023662996128356,-33.25956190476188,-35.38706190476188,-25.725761904761896,7.634800869565197,7.852241818181824,8.130886666666669,27.918747101449526,18.354795454545638,9.143910714285994,0.09442418971014499,0.07536407560606051,0.21891665063492072,-0.03275717952173912,-0.024390081636363636,-0.021130879190476196,-9.900919120611512,-10.380524433556651,-11.879889342063699,0.3267860869565218,0.2147917727272728,0.16788452380952368,-2.371926005063841,-1.914193842928114,-0.983962284848829,-4.793666282347827,4.427306973863635,-1.1670633538571433,-19.741031296467554,143.70379470250555,-723.7687401373587,0.12718136923188406,0.0997541572424242,0.2400475298253968,0.010192828492310898,-0.011814682287648414,0.000243997992297372,0.019707001554925472,-0.010187986394537382,-0.03641721739130435,-0.034947304347826114,0.07136473913043473,-0.001469913043478266,-0.02236877272727275,-0.027670681818181775,0.05003863636363637,0.005301909090909093
2013,Japan,JPN,158,126930.13582683331,22702.703762553305,103.44830473613531,106.5532621273354,508.7006,0.24418,105.80864089908712,4.486739291999999,81.2425,69.7742,586.6498,846.118683333333,0.075,0.7,62.50556935608159,4.0,98.97301424124043,2.2962610000000003,61.3776,95.8205,105.3,423.8272,202.048,141.4436,282.3836,767.65966796875,4.943072319030762,70.53662872314453,27.038759231567383,0.0,0.0,0.0,0.0,FLOAT,USA,0.0,0.7216812968254089,0.0731661468744278,0.0169438831508159,0.0007500000065192,,,0.0163879748433828,0.0567781701683998,0.0558626949787139,0.6936869621276855,0.0165286529809236,,,,0.0070000002160668,0.0279943645000457,0.1666831970214843,0.3045679330825805,0.0088469414040446,0.366063,0.145536,0.4884,27.0,0.220527,0.244187,0.223952,0.19557,0.275999,0.560243,0.500049,0.048617,-0.052047,0,416.6685,412.0341,409.9066,197.5,192.981,190.393,816.649366666667,796.626141666667,775.359741666667,0.839167,1.11833,1.15083,0.0825833,0.07775,0.0935,61.06021120391524,61.49852136176933,61.05705437238938,2.2609280000000003,2.190945,2.056931,105.44698063872728,105.50616140860431,105.79439367670928,4.759515348,10.366835076,19.402264428,22218.1932287002,21869.04677661825,21934.903391345688,0.625,0.7565837,1.04058,1.05733,0.011247612758264355,0.023416813054134893,0.025135033804073132,-0.007127165794372522,0.015965325587727366,-28.62516190476191,-33.25956190476188,-35.38706190476188,12.153800869565202,10.440241818181818,10.618886666666668,47.94197210144955,39.621195454545614,30.039635714285964,-0.18473881028985506,0.04286407560606054,0.02724665063492071,-0.027923879521739123,-0.040140081636363636,-0.03288087919047619,-10.339229278465602,-9.939057444176704,-10.475014511523604,0.3967690869565219,0.34880577272727287,0.23778952380952378,-2.431106774940872,-2.202426111033077,-1.753312293250616,-10.400986010347825,-4.608122378136365,4.649141994142855,329.4054207854824,77.84717997506596,247.93435464820504,-0.15681493076811603,0.08300415724242416,0.06012752982539693,0.016250234505916842,-0.001990805948623813,-0.0020487528269154467,0.005349434721429404,0.008779705492802822,-0.016182217391304377,-0.11537630434782611,0.1315587391304348,0.09919408695652174,-0.03697377272727273,-0.04136768181818179,0.07834163636363634,0.004393909090909087
2014,Japan,JPN,158,126717.809729662,22808.11785153788,103.89249223449384,105.7274658077594,518.8111,0.25036,108.73041742672126,3.896271361,85.9091,73.093,611.869,874.873075,0.0679166666666667,0.52625,63.48054793236498,3.6,99.21344222694192,2.335278,67.4667,94.4965,120.64,434.025,207.0205,145.0111,289.0139,770.7598876953125,5.0404157638549805,70.24408721923828,28.93943977355957,0.0,0.0,0.0,0.0,FLOAT,USA,0.0,0.1038540378212928,0.0712420418858528,0.053687285631895,0.0006791666382923,,,0.0155459363013505,0.0556961074471473,0.0548435151576995,0.0865538865327835,0.0159220360219478,,,,0.0052625001408159,0.0173001494258642,0.0573698095977306,0.0834233984351158,0.0271832253783941,0.325074,0.19507,0.479857,31.0,0.130004,0.366063,0.244187,0.145536,0.19557,0.4884,0.560243,0.220527,0.048617,0,423.8272,416.6685,412.0341,202.048,197.5,192.981,846.118683333333,816.649366666667,796.626141666667,0.7,0.839167,1.11833,0.075,0.0825833,0.07775,62.50556935608159,61.06021120391524,61.49852136176933,2.2962610000000003,2.2609280000000003,2.190945,105.80864089908712,105.44698063872728,105.50616140860431,4.486739291999999,4.759515348,10.366835076,22702.703762553305,22218.1932287002,21869.04677661825,0.4583333333333333,0.625,0.7565837,1.04058,0.017180804404460646,0.023027848101265833,0.0360856419774762,0.02367103099823002,0.02180692772206353,-21.4664619047619,-28.62516190476191,-33.25956190476188,16.701800869565204,14.959241818181823,13.206886666666662,77.41128876811558,59.64442045454564,51.30603571428594,-0.3239058102898551,-0.2362989243939395,-0.005253349365079263,-0.035507179521739124,-0.03530678163636364,-0.04863087919047619,-8.893871126299253,-10.377367602030795,-10.033547522143657,0.43210208695652197,0.418788772727273,0.37180352380952386,-2.0694465145810312,-2.261606880910108,-2.041544561355579,-10.673762066347827,-10.215442106136365,-4.386287357857144,813.915954638589,426.99363205701593,182.07773992076545,-0.288398630768116,-0.20099214275757593,0.04337752982539689,0.022183426152113134,-0.002379770901492873,0.00890185534648762,0.03614763151403194,0.014621307627138987,0.10569378260869566,-0.1654103043478261,0.059715739130434764,0.2711040869565217,-0.016738772727272755,-0.12179668181818179,0.13853563636363642,0.10505790909090909
2015,Japan,JPN,158,126576.25899821446,23189.97882270277,105.62590219914568,105.6102871151056,538.0323,0.25165,109.59182641048736,16.51759161,78.4055,75.6139,639.69,907.12,0.0728333333333333,0.346666666666667,65.00940665333478,3.4,99.32101771720696,2.283968,70.3734,94.2588,120.5,444.6486,214.1117,147.622,297.0266,773.3165283203125,5.091089998595409,70.00451853481802,29.093863651367787,0.0,0.0,0.0,0.0,FLOAT,USA,0.0,0.1116573363542556,0.0789313316345214,0.0178140681236982,0.0007283333106897,,,0.024251852184534,0.0546794757246971,0.0533847957849502,0.0954246297478675,0.0148186413571238,,,,0.003466666676104,0.0162327047437429,0.0540871657431125,0.0918160229921341,0.0092712007462978,0.290011,0.20759,0.502399,21.0,0.082421,0.325074,0.366063,0.19507,0.145536,0.479857,0.4884,0.130004,0.220527,0,434.025,423.8272,416.6685,207.0205,202.048,197.5,874.873075,846.118683333333,816.649366666667,0.52625,0.7,0.839167,0.0679166666666667,0.075,0.0825833,63.48054793236498,62.50556935608159,61.06021120391524,2.335278,2.2962610000000003,2.2609280000000003,108.73041742672126,105.80864089908712,105.44698063872728,3.896271361,4.486739291999999,4.759515348,22808.11785153788,22702.703762553305,22218.1932287002,0.2738333333333337,0.4583333333333333,0.625,0.7565837,0.02406122117693242,0.024610488596769068,0.03398387511476212,0.015598267263659902,0.004643239417079944,-11.268661904761927,-21.4664619047619,-28.62516190476191,21.6743008695652,19.507241818181825,17.725886666666668,106.16568043478253,89.11373712121167,71.32926071428597,-0.49765581028985506,-0.37546592439393955,-0.2844163493650793,-0.04259051285507243,-0.04289008163636364,-0.043797579190476194,-7.918892550015862,-8.932009449864445,-10.471857679997747,0.4711190869565218,0.45412177272727305,0.441786523809524,0.8523300130531055,-1.899946620550267,-2.10072533123261,-11.264229997347826,-10.488218162136365,-9.993607085857143,919.3300436231657,911.5041659101225,531.2241920027154,-0.4550652974347827,-0.3325758427575759,-0.2406187701746032,0.029063842924584908,-0.0007971304059896378,0.006800088483773541,0.02807486777946183,-0.002542380677844601,0.06470478260869561,-0.11587630434782611,0.05117273913043474,0.18058108695652175,0.10513722727272728,-0.17183068181818179,0.06669263636363637,0.27696790909090907
2016,Japan,JPN,158,126558.31594774927,23367.994774838386,106.54489714983256,105.28097746933705,544.3646,0.24836,109.4668892296358,21.518732638,66.042,70.0358,693.4,936.802016666667,-0.02625,-0.066,66.44725220498991,3.1,100.43518478037392,2.325199,69.0561,93.292,116.8,458.6494,223.55768,152.1556,306.4938,799.030517578125,4.814450589257712,66.88060730224458,28.44267709551813,0.0,0.0,0.0,0.0,FLOAT,USA,0.0,0.0052000000141561,0.0884861946105957,0.1626727283000946,-0.00058,,,0.0352615490555763,0.053224641829729,0.0514117814600467,-0.016499999910593,0.0220640562474727,,,,-0.000663,0.0217000003904104,0.0627029240131378,0.0395074300467968,0.0810463652014732,0.266275,0.21819,0.515535,25.0,0.048084,0.290011,0.325074,0.20759,0.19507,0.502399,0.479857,0.082421,0.130004,0,444.6486,434.025,423.8272,214.1117,207.0205,202.048,907.12,874.873075,846.118683333333,0.346666666666667,0.52625,0.7,0.0728333333333333,0.0679166666666667,0.075,65.00940665333478,63.48054793236498,62.50556935608159,2.283968,2.335278,2.2962610000000003,109.59182641048736,108.73041742672126,105.80864089908712,16.51759161,3.896271361,4.486739291999999,23189.97882270277,22808.11785153788,22702.703762553305,-0.03975000000000001,0.2738333333333337,0.4583333333333333,0.625,0.02447693105235876,0.03425361256493929,0.03685897522906398,0.024083892952510674,0.01674232716835694,-0.645061904761917,-11.268661904761927,-21.4664619047619,28.765500869565216,24.47974181818182,22.27388666666667,138.41260543478256,117.86812878787862,100.798577380952,-0.677239143623188,-0.5492159243939395,-0.42358334936507935,-0.037673846188405816,-0.04997341496969694,-0.051380879190476195,-6.390033829046061,-7.957030873581054,-9.026499527831398,0.41980908695652186,0.4931387727272729,0.47711952380952405,1.7137389968192025,1.0218299070838697,-1.739065070872769,1.3570902516521741,-11.078686093136364,-10.266383141857144,1301.1910147880553,1016.9182548946992,1015.734725855822,-0.6395652974347823,-0.4992425094242426,-0.3722024701746032,0.029479552800011247,0.008845993562180587,0.0096751885980754,0.036560493468312596,0.009556707073432397,0.029641782608695655,-0.10335630434782611,0.0737147391304348,0.13299808695652174,0.06414822727272723,-0.12229668181818179,0.05814963636363635,0.1864449090909091
2017,Japan,JPN,158,126344.993014441,23799.611471881875,108.50820962023325,106.56408809686616,553.073,0.25215,109.99914857360976,22.83085344,75.379231107,78.28645705,731.2477,973.912575,-0.048,0.05166667,68.12937060214495,2.8,101.2487264695292,2.314161,73.0623,92.6615,112.9,470.625,232.3545,156.2697,314.3553,810.1554565429688,4.9484991369934646,66.13535532536777,27.17579511700354,0.0,0.0,0.0,0.0,FLOAT,USA,0.0,0.2194000035524368,0.0815571099519729,-0.0008904983988031,-0.00062,,,0.0303000267595052,0.0512570850551128,0.049749668687582,0.1940000057220459,0.0212730318307876,,,,0.000517,0.025399999693036,0.0777446925640106,0.1676803678274154,-0.0007552491733804,0.292348,0.137686,0.569966,26.0,0.154662,0.266275,0.290011,0.21819,0.20759,0.515535,0.502399,0.048084,0.082421,0,458.6494,444.6486,434.025,223.55768,214.1117,207.0205,936.802016666667,907.12,874.873075,-0.066,0.346666666666667,0.52625,-0.02625,0.0728333333333333,0.0679166666666667,66.44725220498991,65.00940665333478,63.48054793236498,2.325199,2.283968,2.335278,109.4668892296358,109.59182641048736,108.73041742672126,21.518732638,16.51759161,3.896271361,23367.994774838386,23189.97882270277,22808.11785153788,0.09966667,-0.03975000000000001,0.2738333333333337,0.4583333333333333,0.03148733629207429,0.04411706599872866,0.03272115780345156,0.022117499999999967,0.007676417192815138,13.35573809523811,-0.645061904761917,-11.268661904761927,38.21148086956521,31.570941818181836,27.246386666666666,168.09462210144954,150.11505378787865,129.55296904761894,-1.0899058102898551,-0.7287992577272725,-0.5973333493650793,-0.13675717952173913,-0.04505674830303033,-0.0584642125238095,-4.952188277390931,-6.428172152611253,-8.051520951548007,0.46104008695652166,0.44182877272727294,0.5161365238095239,1.588801815967642,1.8832388908499667,1.1827114567613677,6.358231279652173,1.5426341558636363,-10.856851072857143,1479.2069669236698,1398.7792260595888,1121.1488148403987,-0.9531486307681161,-0.6837425094242422,-0.5388691368412699,0.03648995803972678,0.018709446995969953,0.005537371172462984,0.03459410051580189,0.0004907970978905926,0.00590578260869562,-0.09275630434782611,0.08685073913043473,0.09866108695652173,0.029085227272727276,-0.10977668181818179,0.08069163636363641,0.1388619090909091
2018,Japan,JPN,158,126094.7871440654,23980.04135550288,109.33597633793688,107.07067132568557,556.2937,0.25556,111.0871000628648,19.63349288,82.70330439499999,81.47875267,784.571,1002.38659166667,-0.060416667,0.065,69.45328716864012,2.4,103.2850513607348,2.325092,75.0665,92.6487,110.83,,240.6403,158.389,324.7427,834.1729736328125,4.718809304750898,66.10998786120606,26.73046130600002,0.0,0.0,0.0,0.0,FLOAT,USA,0.0,-0.1517000049352646,0.0772177949547767,0.0334888286888599,-0.00055,,,0.0275682248175144,0.0496495701372623,0.0483175404369831,-0.1699000000953674,0.0219250693917274,,,,0.00065,0.0182000007480382,-0.0151540441438555,-0.0557744689285755,0.0164694134145975,0.363816,0.157524,0.478659,18.0,0.206292,0.292348,0.266275,0.137686,0.21819,0.569966,0.515535,0.154662,0.048084,0,470.625,458.6494,444.6486,232.3545,223.55768,214.1117,973.912575,936.802016666667,907.12,0.05166667,-0.066,0.346666666666667,-0.048,-0.02625,0.0728333333333333,68.12937060214495,66.44725220498991,65.00940665333478,2.314161,2.325199,2.283968,109.99914857360976,109.4668892296358,109.59182641048736,22.83085344,21.518732638,16.51759161,23799.611471881875,23367.994774838386,23189.97882270277,0.125416667,0.09966667,-0.03975000000000001,0.2738333333333337,0.026110575964996326,0.039349218510408575,0.03961408886093127,0.025315093421255378,0.018470420812839075,25.331338095238095,13.35573809523811,-0.645061904761917,47.008300869565204,41.01692181818183,34.33758666666668,205.2051804347825,179.79707045454563,161.79989404761898,-0.972239140289855,-1.1414659243939396,-0.7769166826984123,-0.15850717952173912,-0.14414008163636363,-0.053547545857142886,-3.2700698802358943,-4.990326600956124,-6.522662230578206,0.45000208695652155,0.48305977272727274,0.46482652380952394,2.121061159941604,1.7583017099984062,2.0441204405274647,7.670352081652172,6.5437751838636355,1.7644691761428568,1910.8236639671595,1576.7951781952033,1503.0097860052883,-0.813731960768116,-0.997325842757576,-0.7233691368412695,0.031113197712648814,0.013941599507649869,0.01243030222994269,0.03779169393705731,0.011284800717914531,0.03197878260869563,-0.1732603043478261,0.14128173913043474,0.20523908695652174,0.005349227272727242,-0.09917668181818179,0.09382763636363634,0.10452490909090908
2000,Netherlands,NLD,138,15907.85,22148.200835821048,95.83951756780948,99.3883,996092.34597,0.2292277167617802,126.41182576272664,17764.18572068985,476125.6845,510938.2401,327387.56502,778030.8340500001,4.391767,5.40417,273.274,2.7254,130.7074321271583,0.520653,243366.71385,245623.31289,2.3683073616335304,1169235.625,650489.3125,592910.375,576325.25,1577250.375,5.077110290527344,131.43479919433594,62.985782623291016,0.0,0.0,1.0,1.0,PEG,DEU,1.38,-0.0212799999862909,0.2273190915584564,0.0930392444133758,0.0439176708459854,,,0.1816691905260086,0.0456498973071575,0.0386317074298858,-0.0386900007724761,0.0181106701493263,,,,0.0540416985750198,0.0174099691212177,0.1049834862351417,0.1108153834939003,0.0684784576296806,0.44456,0.087516,0.467924,2.0,0.357043,0.094896,0.150828,0.248109,0.168278,0.656995,0.680894,-0.153213,-0.017449,0,1020355.1875,891737.875,756267.0,533853.0,454049.25,327661.2813,705207.03339,653311.8666000001,553239.0,4.62917,4.63,5.57583,2.9635,3.455,3.334167,231.261,198.885,179.227,0.585654,0.62665,0.6576500000000001,123.51118807967228,121.04649418874943,118.92444872588332,31317.454344852,25849.99,48931.41,21456.94928037366,20630.887383207628,19972.661248209955,1.012403,1.6656700000000004,1.1749999999999998,2.241663,0.1442321965970101,0.175760118533397,0.0794339877217836,0.16278754053850217,0.04004005653379703,-704935.1134369564,-817475.220123182,-936707.3850852381,-418145.8360624347,-482677.7993884545,-593559.6463107618,-635546.4105347826,-659331.6923927271,-733079.5302195239,1.5422776811594208,1.3996125757575757,2.219074922222222,1.072911984347826,1.4622791972727274,1.2312170304761905,-112.28307631709876,-139.38977719487502,-154.76139309137127,0.02300930434782611,0.06048927272727278,0.08949133333333348,-27.77165475258147,-28.957345095984962,-29.900719922350632,-59426.075691685226,-61386.25890434231,-33652.95540808703,-2228.157687163308,-2923.629506438094,-3455.7866942631917,0.4693656968115949,-0.06266662151515145,0.9878578917460319,0.09560880034123748,0.1077570700712593,0.01916714041819067,0.11722243281340636,0.026837551378450248,-0.11470678260869567,0.14540734782608694,-0.030700652173913046,-0.2601141739130435,-0.05963109090909091,0.06416690909090911,-0.004535909090909063,-0.12379704545454545
2001,Netherlands,NLD,138,16017.45,22410.665063147902,96.93436444443364,100.4243,1061925.97851,0.2245162535452363,132.87465007409344,24156.21456450315,481135.0898,531841.2735,351588.70824,863063.18811,4.261783,4.9575,303.723,2.1193,136.91192816130112,0.494398,268548.50802,271338.40488,2.5005219562010668,1256220.5,727610.1875,650272.9375,605947.5,1627746.125,4.799258232116699,127.37136840820312,62.86370849609375,0.0,0.0,1.0,1.0,PEG,DEU,0.26100001,-0.1921799927949905,0.1510957181453704,0.0481513701379299,0.0426178313791751,,,0.1114229708909988,0.0396727547049522,0.0356954596936702,-0.2107000052928924,0.0234638974070549,,,,0.049575001001358,0.0185200534760952,0.0214404910802841,0.0174232628196477,0.0453846007585525,0.142836,0.08766,0.769504,3.0,0.055175,0.44456,0.094896,0.087516,0.248109,0.467924,0.656995,0.357043,-0.153213,0,1169235.625,1020355.1875,891737.875,650489.3125,533853.0,454049.25,778030.8340500001,705207.03339,653311.8666000001,5.40417,4.62917,4.63,4.391767,2.9635,3.455,273.274,231.261,198.885,0.520653,0.585654,0.62665,126.41182576272664,123.51118807967228,121.04649418874943,17764.18572068985,31317.454344852,25849.99,22148.200835821048,21456.94928037366,20630.887383207628,0.6957169999999993,1.012403,1.6656700000000004,1.1749999999999998,0.14591040387100496,0.21848020428844644,0.10326584564809124,0.18166919627606906,0.03221574262095422,-556054.6759369564,-688857.907623182,-801236.5100852381,-301509.5235624347,-402874.0493884545,-467171.67761076184,-562722.6098747825,-607436.5256027272,-633006.6636195239,2.3172776811594202,1.398782575757576,1.2732449222222222,2.501178984347826,0.9707791972727271,1.3520500304761907,-70.27007631709876,-107.01377719487502,-135.1033930913713,-0.041991695652173866,0.019493272727272748,0.05849133333333345,-24.871017069527113,-26.492651205062117,-27.77867445948452,-72979.34431584738,-55918.794559490314,-56734.37540808703,-1536.9061317159212,-2097.5676092720605,-2797.5605592655193,-0.18390130318840558,0.42800337848484915,-0.07880510825396825,0.09728700761523235,0.15047715582630877,0.04299899834449831,0.13610408855097325,0.019013237465607433,0.23495721739130435,-0.015185652173913045,-0.21977165217391303,0.2501418260869565,-0.11556309090909091,0.1439979090909091,-0.028434909090909066,-0.25956104545454545
2002,Netherlands,NLD,138,16122.83,22290.725277232385,96.41023236738296,100.6847,1104360.61827,0.2134879403681691,137.9923248634356,25581.73688580132,453027.3968,512811.4795,373509.01161,912254.40273,3.318592,4.88917,323.38,2.554,142.04302937470504,0.487843,273872.67138,285876.27975,2.1013731286354536,1349728.25,777613.5625,695839.0625,653889.25,1647412.0,4.698195934295654,132.7599334716797,64.31068420410156,0.0,0.0,1.0,1.0,PEG,DEU,-1.095,-0.328249990940094,0.1014087200164794,0.1222471073269844,0.0331859216094017,,,0.0647201538085937,0.0366885662078857,0.0344584137201309,-0.3473199903964996,0.0292178317904472,,,,0.0488917008042335,0.0190698951482772,-0.0036775884218513,-0.0189155079424381,0.077716514468193,0.16092,0.092557,0.746523,10.0,0.068363,0.142836,0.44456,0.08766,0.087516,0.769504,0.467924,0.055175,0.357043,0,1256220.5,1169235.625,1020355.1875,727610.1875,650489.3125,533853.0,863063.18811,778030.8340500001,705207.03339,4.9575,5.40417,4.62917,4.261783,4.391767,2.9635,303.723,273.274,231.261,0.494398,0.520653,0.585654,132.87465007409344,126.41182576272664,123.51118807967228,24156.21456450315,17764.18572068985,31317.454344852,22410.665063147902,22148.200835821048,21456.94928037366,1.5705779999999998,0.6957169999999993,1.012403,1.6656700000000004,0.07439464992353445,0.11855825071684017,0.10929175340952532,0.11142296742463613,0.011850363344293057,-469069.8009369564,-539977.470123182,-672619.1975852381,-224388.6485624347,-286237.7368884545,-387367.92761076184,-477690.2558147826,-534612.7249427271,-581111.4968295239,1.87060768115942,2.1737825757575755,1.2724149222222225,2.3711949843478264,2.3990461972727273,0.8605500304761904,-39.82107631709874,-65.00077719487501,-102.72739309137128,-0.0682466956521739,-0.04550772727272723,0.017495333333333418,-18.40819275816031,-23.59201352200776,-25.313980568561675,-66587.31547203407,-69472.06318365247,-51266.911063235035,-1274.4419043890666,-1406.3160538246739,-1971.498662099486,-0.5005873031884063,-0.22526362151515134,0.41186489174603236,0.025771253667761833,0.05055520225470249,0.04902490610593239,0.0658578596995403,-0.001352141811053727,-0.06676678260869567,-0.01504165217391304,0.08180834782608692,-0.051726173913043474,0.2341009090909091,-0.016595090909090907,-0.21750590909090906,0.25069495454545454
2003,Netherlands,NLD,138,16223.25,22267.40797664349,96.24347233664494,100.0071,1130084.5250999995,0.2087409778732155,141.06598303986522,54994.04776395738,455874.4072,516034.1564,393174.91965,997176.57129,2.333467,4.1225,334.943,3.5934,146.32655805842447,0.499782,272376.35229,302005.23324000003,1.7448218527315915,1454671.125,846856.5625,761333.3125,693337.875,1762251.75,4.3031086921691895,132.8155059814453,64.6816635131836,0.0,0.0,1.0,1.0,PEG,DEU,-0.95999998,0.0919210016727447,0.0712750405073165,0.0462646633386611,0.0233346708118915,,,0.0357566960155963,0.0355183444917202,0.0342921689152717,0.0512880012392997,0.0386506989598274,,,,0.0412250012159347,0.0406330153346061,0.0708252862095832,0.0772470384836196,0.0347996652126312,0.260934,0.033439,0.705627,1.0,0.227495,0.16092,0.142836,0.092557,0.08766,0.746523,0.769504,0.068363,0.055175,0,1349728.25,1256220.5,1169235.625,777613.5625,727610.1875,650489.3125,912254.40273,863063.18811,778030.8340500001,4.88917,4.9575,5.40417,3.318592,4.261783,4.391767,323.38,303.723,273.274,0.487843,0.494398,0.520653,137.9923248634356,132.87465007409344,126.41182576272664,25581.73688580132,24156.21456450315,17764.18572068985,22290.725277232385,22410.665063147902,22148.200835821048,1.7890329999999994,1.5705779999999998,0.6957169999999993,1.012403,0.07443577779537908,0.06872275273083639,0.05699607548750001,0.06472015619495389,-0.005351906584546071,-375562.0509369564,-452992.59512318205,-523738.76008523814,-174385.2735624347,-209116.86188845453,-270731.61511076184,-428499.0411947826,-449580.3708827272,-508287.6961695239,1.8022776811594206,1.7271125757575754,2.047414922222222,1.4280039843478265,2.269062197272728,2.2888170304761903,-20.16407631709876,-34.551777194875,-60.71439309137128,-0.07480169565217387,-0.07176272727272726,-0.04750566666666656,-13.290517968818136,-17.12918921064096,-22.41334288550732,-65161.7931507359,-63080.03433983916,-64820.17968739718,-1394.3816903045845,-1143.8518264978193,-1280.2471066520993,0.3742736968115943,-0.541949621515152,-0.24140210825396813,0.02581238153960646,0.0007197042686987037,-0.003270771816092921,0.01915504846985807,-0.018554411739892855,-0.04868278260869566,-0.01014465217391304,0.058827347826087006,-0.03853817391304348,-0.06762309090909091,-0.0164510909090909,0.0840740909090909,-0.05117304545454544
2004,Netherlands,NLD,138,16318.2,22695.82597212556,98.02594951116562,100.6592,1166392.8510599998,0.2051765568129114,143.01670428870295,78467.26934637241,502990.5137,563401.5564,411542.8425,1056877.2789,2.106333,4.09417,349.205,4.6462,150.76451307450424,0.5028320000000001,281786.19399,299973.41262,1.6178768078702004,1596017.125,931242.0,832391.9375,763625.1875,1762630.875,3.859898328781128,137.52891540527344,67.34870147705078,0.0,0.0,1.0,1.0,PEG,DEU,-0.26967001,0.0973505303263664,0.0779470652341842,0.1022718325257301,0.0210633296519517,,,0.0425803810358047,0.0353666841983795,0.0339222624897956,0.0564542673528194,0.0387108661234378,,,,0.0409417003393173,0.0408962592482566,0.0801740735769271,0.0833025127649307,0.0616675801575183,0.252815,0.169643,0.577542,3.0,0.083172,0.260934,0.16092,0.033439,0.092557,0.705627,0.746523,0.227495,0.068363,0,1454671.125,1349728.25,1256220.5,846856.5625,777613.5625,727610.1875,997176.57129,912254.40273,863063.18811,4.1225,4.88917,4.9575,2.333467,3.318592,4.261783,334.943,323.38,303.723,0.499782,0.487843,0.494398,141.06598303986522,137.9923248634356,132.87465007409344,54994.04776395738,25581.73688580132,24156.21456450315,22267.40797664349,22290.725277232385,22410.665063147902,1.9878370000000003,1.7890329999999994,1.5705779999999998,0.6957169999999993,0.0777511139742389,0.08904551481507886,0.0930904452813416,0.03575669491001295,-0.001046053921480479,-270619.1759369564,-359484.84512318205,-436753.88508523814,-105142.27356243471,-159113.48688845453,-193610.74011076184,-343576.8726347826,-400389.1562627272,-423255.34210952395,1.0356076811594201,1.6587825757575758,1.6007449222222219,0.44287898434782647,1.3258711972727275,2.158833030476191,-8.601076317098773,-14.894777194875019,-30.265393091371266,-0.0628626956521739,-0.07831772727272723,-0.07376066666666659,-10.216859792388533,-12.011514421298784,-15.950518574140517,-35749.482272579844,-61654.51201854099,-58428.150843583884,-1417.6989908934775,-1263.7916124133371,-1017.7828793252447,0.5927286968115939,0.33291137848484853,-0.5580881082539688,0.029127717718466277,0.021042466352941172,0.03282359797774866,-0.009808412815082865,-0.014248559076827262,0.051331217391304335,-0.06926265217391303,0.017931347826086963,0.12059382608695653,-0.049539090909090894,-0.011554090909090903,0.061093090909090986,-0.03798504545454545
2005,Netherlands,NLD,138,16407.49,23113.73626980998,100.0,101.1282,1213986.37593,0.206008331973996,145.14892742764997,73584.67737466801,550585.4247,619903.9359,443360.00748,1171943.99655,2.184683,3.37417,363.08,5.8725,153.56143066962045,0.497986,306628.61682,306813.72846,1.868025769263372,1744842.5,1032304.625,917060.6875,827781.8125,1871386.125,4.504563808441162,137.73497009277344,64.49234771728516,0.0,0.0,1.0,1.0,PEG,DEU,0.04167,0.3031788468360901,0.0743326321244239,0.0698508098721504,0.0218468308448791,,,0.0397331081330776,0.0345995239913463,0.0332773141562938,0.252751737833023,0.0402530618011951,,,,0.0337417013943195,0.0504270941019058,0.1388035416603088,0.1528513729572296,0.0458488203585147,0.180958,0.111388,0.707654,4.0,0.069571,0.252815,0.260934,0.169643,0.033439,0.577542,0.705627,0.083172,0.227495,0,1596017.125,1454671.125,1349728.25,931242.0,846856.5625,777613.5625,1056877.2789,997176.57129,912254.40273,4.09417,4.1225,4.88917,2.106333,2.333467,3.318592,349.205,334.943,323.38,0.5028320000000001,0.499782,0.487843,143.01670428870295,141.06598303986522,137.9923248634356,78467.26934637241,54994.04776395738,25581.73688580132,22695.82597212556,22267.40797664349,22290.725277232385,1.1894869999999997,1.9878370000000003,1.7890329999999994,1.5705779999999998,0.09716697992475791,0.09964549043687666,0.059869745568498535,0.042580379348127896,0.019239688603695605,-129273.17593695642,-254541.97012318205,-343246.13508523814,-20756.83606243471,-89870.48688845453,-143607.36511076184,-283876.16502478253,-315466.9877027272,-374064.12748952396,1.0072776811594206,0.8921125757575754,1.5324149222222223,0.21574498434782607,0.3407461972727275,1.2156420304761908,5.6609236829012275,-3.3317771948750305,-10.608393091371283,-0.05981269565217384,-0.06637872727272726,-0.08031566666666656,-8.266138543550795,-8.937856244869181,-10.832843784798342,-12276.26069016481,-32242.201140384932,-57002.62852228571,-989.2809954114091,-1287.10891300223,-1137.7226652407626,0.7915326968115948,0.5513663784848482,0.31677289174603174,0.04854358366898529,0.03164244197473898,-0.00039710173509439894,-0.002984728376967921,0.006037183448348821,0.04321221739130435,0.06694134782608695,-0.11015365217391304,-0.02372917391304348,0.0504749090909091,-0.0706720909090909,0.020197090909090942,0.12114695454545456
2006,Netherlands,NLD,138,16491.46,23867.010778434294,103.29494989223898,100.0,1288169.86566,0.2127027754949828,147.547466424047,100326.240734472,628872.2643,700987.8984,506703.44772,1341506.25879,3.079225,3.78083,379.654,5.0024,157.4376385030723,0.45194,333518.28624,326274.69147,1.6732801822323462,1821474.25,1043741.9375,925049.125,896425.125,1900111.5,4.209358215332031,124.29607391357422,62.463260650634766,0.0,0.0,1.0,1.0,PEG,DEU,0.74583,0.2013731151819229,0.0798241421580314,-0.0077344179153442,0.030792249366641,,,0.0456483401358127,0.0341758020222187,0.0326838381588459,0.1644040048122406,0.0317493714392185,,,,0.0378082990646362,0.0369690954685211,0.1097619459033012,0.1226433962583541,0.0115289157256484,0.15361,0.089368,0.757022,3.0,0.064242,0.180958,0.252815,0.111388,0.169643,0.707654,0.577542,0.069571,0.083172,1,1744842.5,1596017.125,1454671.125,1032304.625,931242.0,846856.5625,1171943.99655,1056877.2789,997176.57129,3.37417,4.09417,4.1225,2.184683,2.106333,2.333467,363.08,349.205,334.943,0.497986,0.5028320000000001,0.499782,145.14892742764997,143.01670428870295,141.06598303986522,73584.67737466801,78467.26934637241,54994.04776395738,23113.73626980998,22695.82597212556,22267.40797664349,0.7016049999999998,1.1894869999999997,1.9878370000000003,1.7890329999999994,0.09324798128340885,0.1085245564525655,0.10887424675243437,0.039733108059735685,0.018413531113504557,19552.199063043576,-113195.97012318205,-238303.26008523814,80305.78893756529,-5485.0493884545285,-74364.36511076184,-168809.44737478253,-255766.28009272716,-289141.95892952394,0.28727768115942043,0.8637825757575759,0.7657449222222219,0.29409498434782644,0.11361219727272709,0.23051703047619077,19.535923682901227,10.93022280512497,0.9546069086287048,-0.06465869565217391,-0.0633287272727272,-0.06837666666666659,-6.133915404603783,-6.987134996031443,-7.759185608368739,-17158.852661869212,-8768.979557969898,-27590.317644129653,-571.3706977269903,-858.6909175201617,-1161.0399658296556,-0.006817303188405788,0.750170378484849,0.5352278917460314,0.04462458502763623,0.04052150799042781,0.04860739944884144,-0.0058319996653601325,0.005211025958157773,-0.028644782608695657,0.00868634782608696,0.019958347826086964,-0.03733017391304348,0.04235590909090911,0.06553190909090909,-0.10788790909090906,-0.02317604545454545
2007,Netherlands,NLD,138,16570.61,24756.362436510317,106.95919309192332,101.6202,1364471.1207,0.2351715366553613,149.88833192265227,80481.30505704,676157.72817,758759.3901000001,530036.3292,1408554.13554,4.277608,4.28667,395.457,4.1527,162.96512181515493,0.429812,350422.94565,347168.06598,1.4969839005502334,1908512.0,1054944.0,936618.625,971893.4375,1967005.125,5.120937347412109,113.52696228027344,62.84124374389648,0.0,0.0,1.0,1.0,PEG,DEU,1.02334,0.0816476196050643,0.0747661590576171,0.0122211836278438,0.0427760817110538,,,0.0416247434914112,0.0331414118409156,0.0318170376121997,0.0480922050774097,0.0320157073438167,,,,0.0428666993975639,0.0335554145276546,0.0712307468056678,0.077098049223423,0.0274986326694488,0.232277,0.076609,0.691114,7.0,0.155668,0.15361,0.180958,0.089368,0.111388,0.757022,0.707654,0.064242,0.069571,1,1821474.25,1744842.5,1596017.125,1043741.9375,1032304.625,931242.0,1341506.25879,1171943.99655,1056877.2789,3.78083,3.37417,4.09417,3.079225,2.184683,2.106333,379.654,363.08,349.205,0.45194,0.497986,0.5028320000000001,147.547466424047,145.14892742764997,143.01670428870295,100326.240734472,73584.67737466801,78467.26934637241,23867.010778434294,23113.73626980998,22695.82597212556,0.009062000000000126,0.7016049999999998,1.1894869999999997,1.9878370000000003,0.0439190070163926,0.011079396742991441,0.14468461184080636,0.045648341963203734,0.03258990670444768,96183.94906304358,35629.40487681795,-96957.26008523814,91743.10143756529,95577.57561154547,10021.072389238165,752.8148652175441,-140699.56244272715,-229441.2513195239,0.6939376811594204,0.1437825757575757,0.7374149222222224,1.1886369843478264,0.19196219727272745,0.003383030476190374,36.10992368290124,24.80522280512497,15.216606908628705,-0.11070469565217389,-0.06817472727272728,-0.06532666666666653,-3.735376408206747,-4.854911857084431,-5.808464359531001,9582.710697934774,-13651.5715296743,-4117.096061714619,181.90381089732546,-440.780619835743,-732.6219703475872,-0.4946993031884057,-0.04817962151515154,0.7340318917460322,-0.004704389239380019,-0.05692365171914625,0.08441776453721342,8.32342381079168e-05,0.0193874015491009,-0.05599278260869567,-0.013333652173913038,0.06932634782608693,-0.04265917391304348,-0.029501090909090893,0.007276909090909098,0.022224090909090943,-0.03677704545454545
2008,Netherlands,NLD,138,16645.31,25112.311527597078,108.855961001226,102.4626,1426236.70458,0.2239506980222572,153.20625432502325,70826.9147494428,740290.09659,816448.11048,524394.8316,1469259.73491,4.634233,4.2275,407.02,3.6542,167.3550923345197,0.546867,371838.59943,368079.07017,1.5834662642810944,1961015.375,1052034.25,935076.0,1025939.375,2054056.0,4.263156890869141,106.2086181640625,60.76982498168945,1.0,1.0,1.0,1.0,PEG,DEU,-0.04084,-0.4946197867393493,0.0616611540317535,0.1228706836700439,0.0463423281908035,,,0.0292395893484354,0.0324215628206729,0.0315004996955394,-0.5150105953216553,0.0420437976717948,,,,0.0422750003635883,0.0203907955437898,-0.0181862376630306,-0.0399809479713439,0.0846065059304237,0.179217,0.10324,0.717543,11.0,0.075977,0.232277,0.15361,0.076609,0.089368,0.691114,0.757022,0.155668,0.064242,1,1908512.0,1821474.25,1744842.5,1054944.0,1043741.9375,1032304.625,1408554.13554,1341506.25879,1171943.99655,4.28667,3.78083,3.37417,4.277608,3.079225,2.184683,395.457,379.654,363.08,0.429812,0.45194,0.497986,149.88833192265227,147.547466424047,145.14892742764997,80481.30505704,100326.240734472,73584.67737466801,24756.362436510317,23867.010778434294,23113.73626980998,-0.406733,0.009062000000000126,0.7016049999999998,1.1894869999999997,0.04778423301894057,0.010732597874558433,0.049979548221023636,0.041624742528723516,0.037262800370443584,183221.69906304358,112261.15487681795,51868.114914761856,102945.16393756529,107014.88811154547,111083.69738923816,67800.69161521737,28862.699797272915,-114374.5336695239,1.1997776811594205,0.5504425757575757,0.017414922222222184,2.387019984347826,1.0865041972727274,0.08173303047619074,51.91292368290124,41.37922280512498,29.091606908628705,-0.13283269565217387,-0.11422072727272725,-0.0701726666666666,-1.394510909601479,-2.456372860687395,-3.6762412205839894,-10262.22497949723,13089.991830129686,-8999.688033419021,1071.255468973348,312.4938887885728,-314.71167266316843,-1.1872423031884054,-0.5360616215151515,-0.06431810825396833,-0.0008391632368320509,-0.05727045058757925,-0.010287299082569298,-0.003940365196372302,0.0240602952150968,0.022674217391304347,-0.026092652173913045,0.003418347826086965,0.048766826086956525,-0.056849090909090905,-0.0147430909090909,0.07159209090909091,-0.04210604545454545
2009,Netherlands,NLD,138,16727.49653520268,24073.41548408792,104.3264224839418,101.0779,1376970.56382,0.2155779382712051,154.6955875915272,74562.95603085302,603873.83646,681759.55899,600603.53082,1494794.12268,1.228358,3.68667,393.144,4.347,171.8913072384642,0.56767,354819.3471,396478.28094,1.529716784673052,2071416.875,1059769.375,936160.25,1135256.625,2044500.75,4.624703407287598,116.78826141357422,61.936309814453125,0.0,0.0,1.0,1.0,PEG,DEU,-3.192497,0.4453493356704712,-0.0017091743648052,0.0450680255889892,0.0122835803776979,,,-0.03409169241786,0.0323825180530548,0.0335254557430744,0.3689603507518768,0.0558007322251796,,,,0.0368666984140872,0.0763889923691749,0.0810923874378204,0.0906024575233459,0.028675802052021,0.170594,0.039718,0.789688,9.0,0.130876,0.179217,0.232277,0.10324,0.076609,0.717543,0.691114,0.075977,0.155668,0,1961015.375,1908512.0,1821474.25,1052034.25,1054944.0,1043741.9375,1469259.73491,1408554.13554,1341506.25879,4.2275,4.28667,3.78083,4.634233,4.277608,3.079225,407.02,395.457,379.654,0.546867,0.429812,0.45194,153.20625432502325,149.88833192265227,147.547466424047,70826.9147494428,80481.30505704,100326.240734472,25112.311527597078,24756.362436510317,23867.010778434294,2.458312,-0.406733,0.009062000000000126,0.7016049999999998,0.0275101099704901,-0.0027582032790366123,0.04309781061182102,0.029239588627840672,0.014378085310377113,235725.07406304358,199298.90487681795,128499.86491476186,100035.41393756529,118216.95061154547,122521.00988923816,128506.29098521755,95910.57654727274,55187.728570476174,1.1406076811594206,1.0562825757575758,0.4240749222222222,2.743644984347826,2.2848871972727274,0.9762750304761907,63.475923682901225,57.18222280512498,45.66560690862872,-0.015777695652173906,-0.13634872727272723,-0.11621866666666658,1.9234114927695032,-0.11550736208212697,-1.2777022241869531,-19916.61528709442,-6754.943847302318,17741.875326384965,1427.2045600601086,1201.8455468645952,438.56283596114736,-1.6030373031884055,-1.2286046215151512,-0.5522001082539683,-0.02111328628528252,-0.0707612517411743,-0.017169036691771916,-0.016325519097255145,0.0011755801550303296,-0.030385782608695677,0.0005383478260869573,0.029847347826087,-0.030924173913043473,0.02181790909090911,-0.027502090909090907,0.005684090909090944,0.049319954545454556
2010,Netherlands,NLD,138,16817.800259067353,24302.61795851416,105.18634341211836,100.58595349456876,1408582.78377,0.196965833159936,156.1340324776267,97671.1302266118,731442.20094,818792.85792,672265.97631,1546382.97378,0.8109583,2.99167,385.435,4.989,174.7819343414088,0.592468,362660.14728,416831.7465,1.649236641221374,2015938.5,1012177.25,910539.9375,1105398.625,2068922.25,4.483133792877197,110.5498046875,61.68037033081055,0.0,0.0,1.0,1.0,PEG,DEU,-0.24250001,0.0925563126802444,0.0144532732665538,0.0684256330132484,0.0081095825880765,,,-0.0196085907518863,0.0340618640184402,0.0347431264817714,0.0708198994398117,0.0202988497912883,,,,0.0299166999757289,0.0217364113777875,0.0335878878831863,0.0327170602977275,0.038267608731985,0.20838,0.198146,0.593474,5.0,0.010235,0.170594,0.179217,0.039718,0.10324,0.789688,0.717543,0.130876,0.075977,0,2071416.875,1961015.375,1908512.0,1059769.375,1052034.25,1054944.0,1494794.12268,1469259.73491,1408554.13554,3.68667,4.2275,4.28667,1.228358,4.634233,4.277608,393.144,407.02,395.457,0.56767,0.546867,0.429812,154.6955875915272,153.20625432502325,149.88833192265227,74562.95603085302,70826.9147494428,80481.30505704,24073.41548408792,25112.311527597078,24756.362436510317,2.1807117,2.458312,-0.406733,0.009062000000000126,0.05629813075789883,0.00735254104132066,0.01737908360468616,-0.03409169082600358,-0.0413699886753741,346126.5740630436,251802.27987681795,215537.61491476186,107770.53893756529,115307.20061154547,133723.07238923816,154040.67875521746,156616.17591727292,122235.605320476,0.5997776811594204,0.9971125757575758,0.9299149222222223,-0.6622300156521737,2.6415121972727276,2.1746580304761904,49.59992368290125,68.74522280512497,61.468606908628715,0.0050253043478261095,-0.019293727272727268,-0.13834666666666656,3.412744759273437,3.202415040288855,1.063163274418315,-16180.574005684204,-16409.33415489951,-2103.060351047039,388.308516550951,1557.794637951356,1327.9144940371698,1.2620076968115943,-1.6443996215151513,-1.244743108253968,0.007674734502126211,-0.060650507420817026,-0.042887763698906775,-0.07965679855109939,-0.05457249383072088,-0.03900878260869567,-0.06298365217391304,0.1019923478260869,0.023974826086956516,-0.031242090909090914,-0.0008710909090909047,0.03211309090909098,-0.030371045454545442
2011,Netherlands,NLD,138,16899.986794270033,24563.92656391644,106.32091298193218,100.1874992086704,1433202.63189,0.2013733953093598,159.98967543293818,122323.84463181152,804180.05691,902106.31818,699966.61101,1602681.15315,1.3906,2.98917,376.185,4.9773,177.38006565647348,0.616956,357964.04127,396222.65058,1.7031532575933226,2088733.625,1043289.1875,926917.875,1161815.75,2137045.5,4.553682804107666,109.25230407714844,62.54448318481445,0.0,0.0,1.0,1.0,PEG,DEU,0.425834,-0.0928457751870155,0.011369640007615,0.1289784610271453,0.0139060001820325,,,-0.0239988584071397,0.0353684984147548,0.0362381748855114,-0.1238663643598556,0.0354062281548976,,,,0.029891699552536,0.0310205873101949,0.0009375463123433,-0.0131420288234949,0.0714422315359115,0.137804,0.060709,0.801488,5.0,0.077095,0.20838,0.170594,0.198146,0.039718,0.593474,0.789688,0.010235,0.130876,0,2015938.5,2071416.875,1961015.375,1012177.25,1059769.375,1052034.25,1546382.97378,1494794.12268,1469259.73491,2.99167,3.68667,4.2275,0.8109583,1.228358,4.634233,385.435,393.144,407.02,0.592468,0.56767,0.546867,156.1340324776267,154.6955875915272,153.20625432502325,97671.1302266118,74562.95603085302,70826.9147494428,24302.61795851416,24073.41548408792,25112.311527597078,1.59857,2.1807117,2.458312,-0.406733,-0.026782815023653796,-0.04490800179991991,0.03451234542420248,-0.019608591254095198,0.009520978632123898,290648.1990630436,362203.77987681795,268040.98991476186,60178.41393756529,123042.32561154547,130813.32238923816,205629.52985521732,182150.56368727284,182941.20469047618,-0.09522231884057941,0.4562825757575757,0.8707449222222223,-1.0796297156521737,-0.7643628027272726,2.5312830304761906,41.890923682901246,54.86922280512499,73.0316069086287,0.029823304347826096,0.001509272727272748,-0.021291666666666598,4.851189645372955,4.691748306792789,4.381085676789297,6927.600190074576,-12673.292873489292,-11757.45065864423,617.5109909771927,518.8985944421984,1683.8635851239305,0.9844073968115943,1.2206453784848486,-1.660538108253968,-0.07540621127942641,-0.1129110502620576,-0.025754501879390455,-0.06517369897919101,-0.003681526523222886,-0.001222782608695655,0.09544434782608695,-0.0942216521739131,-0.09666617391304348,-0.039865090909090906,-0.0643930909090909,0.10425809090909088,0.024527954545454547
2012,Netherlands,NLD,138,16975.07078939347,24202.269173236706,104.83675879406016,98.67841926618256,1438947.70386,0.1876131375906249,164.50008221612043,146686.32893148842,858232.65579,946967.24265,749292.25194,1645029.84822,0.5731834,1.93275,352.673,5.8209,180.39490638350975,0.6621389999999999,351626.17131,395129.61042,1.670236471123238,2153439.0,1076003.25,958115.8125,1195323.125,2216498.25,4.852022647857666,108.60769653320312,61.49399185180664,0.0,0.0,1.0,1.0,PEG,DEU,-0.55416697,0.1257728934288025,-0.0252483151853084,0.1131673231720924,0.0057318340986967,,,-0.0625011622905731,0.0372528471052646,0.0397364199161529,0.0821758061647415,0.0402865074574947,,,,0.019327500835061,0.0435970835387706,0.0235542468726634,0.0159173347055912,0.0594495795667171,0.25996,0.153725,0.586316,5.0,0.106235,0.137804,0.20838,0.060709,0.198146,0.801488,0.593474,0.077095,0.010235,0,2088733.625,2015938.5,2071416.875,1043289.1875,1012177.25,1059769.375,1602681.15315,1546382.97378,1494794.12268,2.98917,2.99167,3.68667,1.3906,0.8109583,1.228358,376.185,385.435,393.144,0.616956,0.592468,0.56767,159.98967543293818,156.1340324776267,154.6955875915272,122323.84463181152,97671.1302266118,74562.95603085302,24563.92656391644,24302.61795851416,24073.41548408792,1.3595666,1.59857,2.1807117,2.458312,0.03610979452002132,0.0307376376025049,0.036406362669904456,-0.02399885843267996,0.0107522821552948,363443.3240630436,306725.40487681795,378442.48991476186,91290.35143756529,75450.20061154547,138548.44738923816,261927.70922521735,233739.4147872727,208475.5924604761,-0.09772231884057936,-0.23871742424242415,0.3299149222222222,-0.49998801565217366,-1.1817625027272727,-0.8745919695238094,32.640923682901246,47.16022280512499,59.15560690862873,0.05431130434782605,0.026307272727272735,-0.0004886666666665818,8.706832600684436,6.130193192892307,5.870418943293231,31580.314595274293,10434.881322269488,-8021.409377234013,878.8195963794715,748.10106886844,644.9675416147729,0.4022656968115945,0.9430450784848485,1.2045068917460318,-0.0125136017357513,-0.03726541085963279,-0.023860484633688478,-0.06956396615777577,-0.002450223000051984,-0.07179878260869565,-0.04199265217391304,0.11379234782608694,-0.02980617391304348,-0.0020790909090908916,0.09403490909090909,-0.09195590909090912,-0.09611304545454545
2013,Netherlands,NLD,138,17025.803218530928,24100.634782114583,104.39206365144452,97.43936093408946,1455468.91773,0.1835636515595877,168.70346243752908,141922.77416785227,851409.9696300001,954440.02326,718834.7760300001,1633768.89012,0.2206667,1.96133333333333,331.46248605795506,7.243,184.77369390371385,0.676557,365571.24819,385360.56399,1.5979334348488146,2096600.875,1073760.562323,948891.0625,1147709.75,2350199.5,5.201436519622803,106.7711410522461,57.22272109985352,0.0,0.0,1.0,1.0,PEG,DEU,-0.16583334,0.1854651272296905,-0.0185381285846233,-0.029589669778943,0.00220666709356,,,-0.0601421557366848,0.0416040271520614,0.0442662984132766,0.1493005603551864,0.0314665846526622,,,,0.0196133330464363,0.0361645631492137,0.0346026495099067,0.0448079146444797,-0.0136915016919374,0.11455,0.117133,0.768317,4.0,-0.002583,0.25996,0.137804,0.153725,0.060709,0.586316,0.801488,0.106235,0.077095,0,2153439.0,2088733.625,2015938.5,1076003.25,1043289.1875,1012177.25,1645029.84822,1602681.15315,1546382.97378,1.93275,2.98917,2.99167,0.5731834,1.3906,0.8109583,352.673,376.185,385.435,0.6621389999999999,0.616956,0.592468,164.50008221612043,159.98967543293818,156.1340324776267,146686.32893148842,122323.84463181152,97671.1302266118,24202.269173236706,24563.92656391644,24302.61795851416,1.74066663333333,1.3595666,1.59857,2.1807117,0.030978279961380906,0.03135665824198911,0.026423655751342444,-0.06250116299161317,-0.01472310991236218,428148.6990630436,379520.52987681795,322964.11491476186,124004.41393756529,106562.13811154547,90956.32238923816,304276.4042952175,290037.5941572727,260064.44356047595,-1.1541423188405795,-0.2412174242424241,-0.36508507777777766,-1.3174046156521737,-0.6021208027272726,-1.2919916695238094,9.128923682901245,37.91022280512499,51.44660690862872,0.09949430434782602,0.05079527272727269,0.024309333333333405,13.217239383866684,9.985836148203788,7.308863829392749,55942.79889495119,35087.595727469205,15086.764818524767,517.1622056997367,1009.4096742707188,874.1700160410146,0.16326229681159443,0.36090337848484877,0.9269065917460317,-0.01764511629439171,-0.036646390220148574,-0.03384319155225049,-0.10806627071670899,-0.027925615067708964,0.05035721739130436,0.05102334782608696,-0.10137965217391309,-0.0006661739130434802,-0.07265509090909089,-0.043402090909090904,0.11605809090909092,-0.029253045454545448
2014,Netherlands,NLD,138,17075.520999085635,24371.63199531745,105.49768131298072,97.45325059916372,1479923.4876,0.1759157781880993,169.24457554916322,120939.34740667198,842733.96336,955096.72884,737365.77342,1637451.28953,0.2099333,1.45425,334.23333233639147,7.4158,185.40775853273695,0.6784680000000001,375258.75735,391090.20999,1.8150976031628363,2068864.9851,1081315.761687,938247.16218,1130617.82292,2573389.0,5.139682769775391,105.00208282470705,59.23868560791016,0.0,0.0,1.0,1.0,PEG,DEU,0.0075,0.096252903342247,0.0543582886457443,0.1813245415687561,0.0020993330981582,,,0.0081442696973681,0.0462140180170536,0.0458406805992126,0.0659890100359916,0.0283904336392879,,,,0.0145424995571374,0.030263889580965,0.0723754689097404,0.0681626498699188,0.091711938381195,0.31727,0.101359,0.58137,4.0,0.215912,0.11455,0.25996,0.117133,0.153725,0.768317,0.586316,-0.002583,0.106235,0,2096600.875,2153439.0,2088733.625,1073760.562323,1076003.25,1043289.1875,1633768.89012,1645029.84822,1602681.15315,1.96133333333333,1.93275,2.98917,0.2206667,0.5731834,1.3906,331.46248605795506,352.673,376.185,0.676557,0.6621389999999999,0.616956,168.70346243752908,164.50008221612043,159.98967543293818,141922.77416785227,146686.32893148842,122323.84463181152,24100.634782114583,24202.269173236706,24563.92656391644,1.2443167000000002,1.74066663333333,1.3595666,1.59857,-0.02639411889540405,-0.002084275932252018,-0.006845443024748043,-0.060142154182613754,-0.00419937446338759,371310.5740630436,444225.90487681795,395759.23991476186,121761.72626056534,139276.20061154547,122068.25988923816,293015.44619521755,332386.28922727285,316362.622930476,-1.1255589855072494,-1.2976374242424242,-0.3675850777777776,-1.6699213156521737,-1.4195374027272727,-0.7123499695238094,-12.081590259143695,14.398222805124988,42.19660690862872,0.11391230434782607,0.09597827272727266,0.04879733333333336,17.420619605275334,14.496242931386035,11.16450678470423,51179.24413131505,59450.080027146105,39739.479223724484,415.52781457761375,647.752283590984,1135.4786214432934,0.5443623301449245,0.12189997848484868,0.344764891746032,-0.07501751515117666,-0.07008732439438971,-0.06711229032834097,-0.10570726190770957,-0.017401879618734375,-0.09505278260869567,0.01443134782608696,0.08062134782608699,-0.10948417391304348,0.04950090909090912,0.0496139090909091,-0.09911390909090911,-0.00011304545454544901
2015,Netherlands,NLD,138,17148.575697043572,24743.873982589957,107.08886714196632,98.94043503888608,1520577.5296800002,0.2210597558289179,169.6160607261158,95842.0016957304,820207.63974,923317.02693,943401.63987,1812291.437,-0.01936667,0.690166666666667,346.3557848045507,6.872,187.87803086770924,0.6463209999999999,380541.05022,409030.6131,2.024166437034996,2001953.73837,1113923.177073,988617.36165,1013336.37672,2602674.0,5.42558479309082,104.57917022705078,59.76648712158203,0.0,0.0,1.0,1.0,PEG,DEU,-0.20416667,0.0811321511864662,0.0822450816631317,-0.0014926785370334,-0.0001936666958499,,,0.0354875922203063,0.0467574931681156,0.0451550483703613,0.0498071275651454,0.0298388376832008,,,,0.006901666522026,0.0313250236213207,0.0678678974509239,0.0818260759115219,-0.0008431726018898,0.25454,0.024634,0.720826,2.0,0.229905,0.31727,0.11455,0.101359,0.117133,0.58137,0.768317,0.215912,-0.002583,0,2068864.9851,2096600.875,2153439.0,1081315.761687,1073760.562323,1076003.25,1637451.28953,1633768.89012,1645029.84822,1.45425,1.96133333333333,1.93275,0.2099333,0.2206667,0.5731834,334.23333233639147,331.46248605795506,352.673,0.6784680000000001,0.676557,0.6621389999999999,169.24457554916322,168.70346243752908,164.50008221612043,120939.34740667198,141922.77416785227,146686.32893148842,24371.63199531745,24100.634782114583,24202.269173236706,0.7095333366666671,1.2443167000000002,1.74066663333333,1.3595666,-0.013228979454661378,0.0070362049316235785,0.002253929201534353,0.008359456635318712,0.011244401471283147,343574.6841630435,387387.77987681795,460464.61491476186,129316.92562456534,137033.51293454552,154782.32238923816,296697.8456052174,321125.3311272729,358711.3180004761,-1.6326423188405794,-1.2690540909090942,-1.4240050777777777,-1.6806547156521736,-1.7720541027272727,-1.5297665695238094,-9.310743980707286,-6.812291136919953,18.684606908628723,0.11582330434782617,0.1103962727272727,0.09398033333333333,17.961732716909466,18.699623152794686,15.674913567886477,30195.817370134755,54686.52526350996,64101.963523401384,686.5250277804807,546.1178924688611,773.8212307635586,0.04801239681159464,0.5030000118181788,0.10576149174603189,-0.061852375710434,-0.060966843530514105,-0.05801291810205858,-0.03720565108977711,-0.0019581036840636366,0.10766721739130433,-0.0013426521739130365,-0.10632565217391299,0.10901082608695652,-0.0959090909090909,0.013021909090909098,0.08288709090909097,-0.10893104545454545
2016,Netherlands,NLD,138,17227.718286498006,25169.442484773517,108.8551004825971,99.51718409850372,1560969.33027,0.2000107293562245,169.8026514542655,125923.39587288092,812860.4706,932671.77588,984130.60809,1853985.63,-0.26369167,0.292083333333333,363.8519472739526,6.0063,189.60673259565823,0.6192770000000001,394669.03503,412276.67793,2.090608101698131,2011365.78378,1158354.378093,1014795.23274,996570.55104,2648625.75,5.557453155517578,101.95856475830078,59.16746520996094,0.0,0.0,1.0,1.0,PEG,DEU,-0.21250001,0.0775000005960464,0.096187949180603,0.0996966734528541,-0.002637,,,0.0501749515533447,0.046012993901968,0.0438145995140075,0.0436999984085559,0.0323847830295562,,,,0.002911,0.0338000021874904,0.078927643597126,0.0861517786979675,0.0485298372805118,0.305536,0.08938,0.605084,2.0,0.216156,0.25454,0.31727,0.024634,0.101359,0.720826,0.58137,0.229905,0.215912,0,2001953.73837,2068864.9851,2096600.875,1113923.177073,1081315.761687,1073760.562323,1812291.437,1637451.28953,1633768.89012,0.690166666666667,1.45425,1.96133333333333,-0.01936667,0.2099333,0.2206667,346.3557848045507,334.23333233639147,331.46248605795506,0.6463209999999999,0.6784680000000001,0.676557,169.6160607261158,169.24457554916322,168.70346243752908,95842.0016957304,120939.34740667198,141922.77416785227,24743.873982589957,24371.63199531745,24100.634782114583,0.555775003333333,0.7095333366666671,1.2443167000000002,1.74066663333333,-0.032342007434944246,0.03015531312992972,0.10677578538545998,0.036269430051813316,0.015273576564098251,276663.4374330435,359651.8899768179,403626.48991476186,161924.3410105653,144588.71229854552,152539.6347122382,471537.99307521735,324807.73053727276,347450.3599004762,-2.396725652173912,-1.7761374242424242,-1.3954217444444477,-1.9099546856521736,-1.7827875027272726,-1.8822832695238094,2.811708487451938,-4.041444858483544,-2.5259070334162175,0.08367630434782602,0.11230727272727281,0.10839833333333337,18.33321789386204,19.24073626442882,19.878293789295128,5098.471659193179,33703.09850232967,59338.40875976524,1058.7670150529884,817.1151056717281,672.1868396414357,-0.48677096652173846,0.006650078484848887,0.486861525079362,-0.08096540369071686,-0.03784773533220796,0.04650893808186705,-0.009295677673282501,0.0020710714087514674,0.044937217391304324,-0.07806765217391304,0.033130347826086926,0.12300382608695652,0.1068109090909091,-0.0027520909090908985,-0.10405990909090901,0.10956395454545455
2017,Netherlands,NLD,138,17332.227090521174,25746.85031827206,111.3634318929995,101.0388334035252,1626659.72166,0.2014100191561019,172.0078146051256,176118.44806412823,901063.96335,1030088.98014,902796.07941,1875879.48927,-0.32905,0.5220833,391.3067044459473,4.8386,190.7747646404826,0.569409,428374.77948,411575.89815,1.8374968731760204,2114071.89204,1294646.56935,1131759.3447,982084.9468106164,2613851.25,5.832339272543792,100.01200121423214,57.34863439403355,0.0,0.0,1.0,1.0,PEG,DEU,-0.035,0.1632000058889389,0.1198840364813804,0.0016875044675543,-0.003291,,,0.0753684043884277,0.0445156320929527,0.0413957051932811,0.1337999999523162,0.0259304996579885,,,,0.005221,0.0294000003486871,0.1189498901367187,0.1443041712045669,-0.0008017477812245,0.203167,0.084519,0.712315,13.0,0.118648,0.305536,0.25454,0.08938,0.024634,0.605084,0.720826,0.216156,0.229905,0,2011365.78378,2001953.73837,2068864.9851,1158354.378093,1113923.177073,1081315.761687,1853985.63,1812291.437,1637451.28953,0.292083333333333,0.690166666666667,1.45425,-0.26369167,-0.01936667,0.2099333,363.8519472739526,346.3557848045507,334.23333233639147,0.6192770000000001,0.6463209999999999,0.6784680000000001,169.8026514542655,169.6160607261158,169.24457554916322,125923.39587288092,95842.0016957304,120939.34740667198,25169.442484773517,24743.873982589957,24371.63199531745,0.8511333000000001,0.555775003333333,0.7095333366666671,1.2443167000000002,0.00470143002288522,0.0398871321959111,0.023006340011747225,0.050515000000000046,0.017198943968232062,286075.4828430435,292740.64324681787,375890.6000147618,206355.54203056532,177196.12768454547,160094.8340762382,513232.1860752173,499647.8780072727,351132.759310476,-2.7948089855072467,-2.5402207575757574,-1.9025050777777777,-2.1542796856521735,-2.0120874727272726,-1.8930166695238095,20.307870956853833,8.08100760967568,0.24493924502019127,0.05663230434782618,0.08016027272727266,0.11030933333333348,18.519808622011737,19.612221441381394,20.41940690092926,35179.8658363437,8605.752791388091,38354.981998584946,1484.3355172365482,1189.3570929442358,943.1840528443026,-0.6405292998550726,-0.5281332848484842,-0.009488408253967906,-0.0439219662328874,-0.028115916266226587,-0.03726050729184571,0.004949892274904229,0.003996438812885278,0.09593321739130431,-0.01332165217391304,-0.08261165217391309,0.10925482608695651,0.04408090909090909,-0.0794770909090909,0.035396090909090905,0.12355695454545455
2018,Netherlands,NLD,138,17432.67730021334,26201.964780269784,113.32892660350764,102.62463229690388,1705642.89177,0.2042579526529515,174.75592265124388,184925.80232570335,972442.13025,1097172.11625,898326.95553,1865469.16323,-0.3220917,0.5766667,428.2888433684532,3.8305,192.9671488258919,0.524204,447987.79848,434027.29563,1.9246375545851528,2050226.00592,1262355.60672,1112904.40194,937321.60398,2668443.75,6.166700405804106,97.0625490862772,56.0678678565364,0.0,0.0,1.0,1.0,PEG,DEU,-0.00666667,-0.0926000028848648,0.1368954330682754,0.0217642839998006,-0.003221,,,0.0945476293563842,0.0423478074371814,0.0386897809803485,-0.1174999997019767,0.0282152965664863,,,,0.005769,0.0249000005424022,0.0179567262530326,0.019827876240015,0.0092716421931982,0.205972,0.056805,0.737223,6.0,0.149167,0.203167,0.305536,0.084519,0.08938,0.712315,0.605084,0.118648,0.216156,0,2114071.89204,2011365.78378,2001953.73837,1294646.56935,1158354.378093,1113923.177073,1875879.48927,1853985.63,1812291.437,0.5220833,0.292083333333333,0.690166666666667,-0.32905,-0.26369167,-0.01936667,391.3067044459473,363.8519472739526,346.3557848045507,0.569409,0.6192770000000001,0.6463209999999999,172.0078146051256,169.8026514542655,169.6160607261158,176118.44806412823,125923.39587288092,95842.0016957304,25746.85031827206,25169.442484773517,24743.873982589957,0.8987584,0.8511333000000001,0.555775003333333,0.7095333366666671,0.051062869363812206,0.11766018572086544,0.011809077112426234,0.07545584784605636,0.02294082730866409,388781.5911030434,302152.6886568179,308979.3532847618,342647.7332875653,221627.3287045455,192702.24946223816,535126.0453452175,541342.0710072727,525972.906780476,-2.564809018840579,-2.9383040909090914,-2.6665884111111104,-2.2196380156521736,-2.2564124727272725,-2.1223166395238096,47.76262812884852,25.577170079077575,12.367391713179416,0.0067643043478261555,0.05311627272727282,0.07816233333333333,20.72497177287184,19.79881216953109,20.790892077881836,85374.918027591,38687.14696853861,13257.63628764337,2061.7433507350906,1614.9255951277955,1315.4260401168103,-0.34517100318840543,-0.6818916181818183,-0.544271771587301,0.0024394731080395887,0.04965713725872775,-0.0484577701911667,0.02989074012096054,0.009738322153317307,-0.006435782608695678,-0.018182652173913044,0.02461934782608699,0.011746826086956527,0.09507690909090907,-0.014731090909090902,-0.0803459090909091,0.10980795454545454
2019,Netherlands,NLD,138,17535.156807071005,26558.08868114445,114.79074410137102,102.85363688014236,1791737.43405,0.2125415869775107,179.4209208776793,167903.7149448255,1013473.00674,1135492.42944,975743.28783,1959170.91243,-0.3563333,-0.07,459.4686570060209,3.38,197.15602978295004,0.485292,482680.80501,461860.15293,1.9616432259213097,2078988.82884,1287978.14289,1148899.80108,930089.02776,2659320.75,5.962394202137196,95.0488681424996,56.13866793710336,0.0,0.0,1.0,1.0,PEG,DEU,-0.03083333,0.3337999880313873,0.1128549873828888,0.0654316172003746,-0.003563,,,0.0731979608535766,0.0396570228040218,0.0369521975517272,0.2883000075817108,0.0353178605437278,,,,-0.0007019999999999,0.0455000028014183,0.2059709429740905,0.236657440662384,0.0309343077242374,0.190764,0.071694,0.737542,12.0,0.11907,0.205972,0.203167,0.056805,0.084519,0.737223,0.712315,0.149167,0.118648,0,2050226.00592,2114071.89204,2011365.78378,1262355.60672,1294646.56935,1158354.378093,1865469.16323,1875879.48927,1853985.63,0.5766667,0.5220833,0.292083333333333,-0.3220917,-0.32905,-0.26369167,428.2888433684532,391.3067044459473,363.8519472739526,0.524204,0.569409,0.6192770000000001,174.75592265124388,172.0078146051256,169.8026514542655,184925.80232570335,176118.44806412823,125923.39587288092,26201.964780269784,25746.85031827206,25169.442484773517,0.2863333,0.8987584,0.8511333000000001,0.555775003333333,-0.030200432804766655,-0.024941913410555135,-0.005549570801081227,0.09450934139978269,0.017676510189471126,324935.7049830435,404858.7969168178,318391.3986947618,310356.7706575653,357919.5199615455,237133.4504822382,524715.7193052175,563235.9302772728,567667.099780476,-2.5102256188405794,-2.7083041242424244,-3.064671744444445,-2.2126797156521736,-2.3217708027272725,-2.3666416395238095,84.74476705135442,53.03192725107226,29.86355418258131,-0.038440695652173895,0.003248272727272794,0.05111833333333349,23.47307981899013,22.00397532039119,20.97748280603153,94182.27228916613,88882.19915978592,43339.03046479389,2516.8578127328146,2192.333428626338,1740.99454230037,-0.29754590318840557,-0.3865333215151512,-0.6980301049206351,-0.07882382906053928,-0.09294496187269283,-0.06581641810467416,0.04894423367468687,0.004474005034124342,-0.0036307826086956763,-0.04589665217391304,0.04952734782608692,0.04226582608695652,-0.007292090909090915,-0.019592090909090906,0.02688509090909097,0.012299954545454558
2020,Netherlands,NLD,138,17663.0025284974,25358.151648829917,109.82075040064358,95.50877398376016,1763177.35245,0.2130097050975196,181.42432557055932,123034.515653961,935113.48656,1063032.24093,1130060.28429,2147021.76396,-0.42515,-0.3766667,494.4592501661293,3.82,204.62027525404383,0.543429,475130.89455,554354.26905,1.7958683073914103,2090223.34242,1300778.833167,1155151.72635,935071.61607,2587132.5,5.864314437816978,88.51762692625631,55.536060823000135,0.0,0.0,1.0,1.0,PEG,DEU,-0.06833334,0.1632999926805496,0.1141782850027084,0.0380752310156822,-0.004252,,,0.0761544704437255,0.0380238145589828,0.0353330448269844,0.1466999948024749,0.0144763235002756,,,,-0.003768,0.0165999997407197,0.1209307238459587,0.1405671089887619,0.0169116146862506,0.23661,0.087718,0.675672,14.0,0.148893,0.190764,0.205972,0.071694,0.056805,0.737542,0.737223,0.11907,0.149167,0,2078988.82884,2050226.00592,2114071.89204,1287978.14289,1262355.60672,1294646.56935,1959170.91243,1865469.16323,1875879.48927,-0.07,0.5766667,0.5220833,-0.3563333,-0.3220917,-0.32905,459.4686570060209,428.2888433684532,391.3067044459473,0.485292,0.524204,0.569409,179.4209208776793,174.75592265124388,172.0078146051256,167903.7149448255,184925.80232570335,176118.44806412823,26558.08868114445,26201.964780269784,25746.85031827206,0.04848329999999995,0.2863333,0.8987584,0.8511333000000001,0.014029098663731665,0.020297399586615254,0.050229588913578385,0.07280090088815137,0.013591496052342998,353698.52790304366,341012.91079681786,421097.5069547617,335979.3068275653,325628.5573315455,373425.64173923817,618417.4685052175,552825.6042372729,589560.9590504761,-3.1568923188405793,-2.653720724242424,-2.8346717777777775,-2.2469213156521737,-2.3148125027272726,-2.4319999695238095,115.92458068892216,90.01406617357816,57.318311354576,-0.0773526956521739,-0.04195672727272726,0.0012503333333334643,28.138078045425544,24.75208336650948,23.182645956891633,77160.18490828828,97689.55342136104,93534.0826560412,2872.9817136074817,2647.447890624062,2318.4023757989125,-0.9099710031884055,-0.3389082215151513,-0.402671808253968,-0.034594297592040954,-0.047705648875522436,-0.010037258390014549,0.027235793163055556,0.00038899089699621393,-0.018838782608695676,-0.031007652173913047,0.04984634782608699,0.012168826086956519,-0.004487090909090913,-0.0473060909090909,0.0517930909090909,0.04281895454545455
2000,Norway,NOR,142,4492.4,25087.59905618378,92.333709834925,83.9,1507280.0,0.2174441569190243,126.29181999336257,228742.5735,302840.0,529812.0,59204.08,704463.9,6.365,6.37917,198.0969444172277,3.4579,151.44478316336347,0.2836046936318938,727467.0,495302.0,8.8485,1231402.094,696544.0,811291.094,420111.0,1269088.0,6.470924377441406,135.5897979736328,37.0686149597168,0.0,0.0,0.0,0.0,FLOAT,DEU,0.0,0.0427334010601043,0.2097046971321106,0.0742870643734932,0.0489000007510185,,,0.1514522731304168,0.0582524202764034,0.0505903922021389,0.015871999785304,0.0264417175203561,,,,0.063791699707508,0.0268614012748003,0.1583398878574371,0.1736780703067779,0.0615935325622558,0.170964,0.18724,0.641796,3.0,-0.016276,0.183066,0.2046645,0.293376,0.2383832272727273,0.523558,0.5569521363636364,-0.11031,-0.0337188636363636,0,1120959.344,1033856.094,936118.906,622742.5625,569964.1875,516099.5,639015.3,598614.8,568940.7,5.3825,5.35417,5.12583,6.573333333333332,5.940833333333334,3.541666666666667,172.04120767604942,152.12015172935068,132.97593886035023,0.2789999999999999,0.268,0.2789999999999999,122.5110459193116,119.7178619068202,116.81144793281187,67354.931,-10001.6,73420.3652,24455.05648185904,24135.280369615044,23649.020466807546,0.014170000000000016,-1.190833333333332,-0.586663333333334,1.5841633333333327,0.08425084545664051,0.09259945827736765,0.06748997853043393,0.13095606150946992,0.013249322458527361,-1507831.7213043477,-1492606.4742727275,-1489561.7369523812,-1138946.8496572692,-1120080.788846236,-1104115.379981771,-736782.3028985506,-733919.4666666666,-720880.0555555557,1.955687971014493,1.8300028787878784,1.502377143015873,3.4852426242236016,2.7637682629870137,0.24023313492063503,-200.66387960677778,-209.2789612648559,-216.75617676132762,-0.08983847121322008,-0.09902203808654819,-0.08661451609066961,-25.854667892687516,-26.9656482965802,-28.217556501968048,-166800.1456826087,-250182.140085,-164738.2164604762,-2842.8075151918965,-3064.1747120424407,-3445.9186888345757,-1.5295546532091087,-0.9337653841991351,1.2621440080952373,0.005346111337531309,0.0026265457037634166,0.0008092030368228031,0.05704505153762811,0.003137957144267005,-0.01870756521739131,0.05079445849802375,-0.03208675098814229,-0.06950192490118579,0.002949227272727256,-0.00913911157024791,0.006189942148760341,0.012088305785123994
2001,Norway,NOR,142,4515.195,25457.663004961025,93.71192586229618,85.32,1564310.0,0.2048057472109217,130.10252103897594,235842.5836,296111.0,532262.0,57977.58,766941.3,7.0216666666666665,6.31,213.3513430287082,3.7383,158.54706689240533,0.2742280987476633,740164.0,523018.0,9.0116,1347653.625,772235.3125,900726.625,446927.0,1341258.0,6.759852409362793,138.959228515625,37.83844375610352,0.0,0.0,0.0,0.0,FLOAT,DEU,0.0,-0.1461259573698043,0.1313596665859222,0.0383662097156047,0.0581000000238418,,,0.0770026817917823,0.0543569885194301,0.0504706166684627,-0.1623280644416809,0.0193418376147747,,,,0.0631000027060508,0.0162021145224571,0.0675495266914367,0.0704553872346878,0.0482331067323684,0.122068,0.380085,0.497847,5.0,-0.258018,0.170964,0.183066,0.18724,0.293376,0.641796,0.523558,-0.016276,-0.11031,0,1231402.094,1120959.344,1033856.094,696544.0,622742.5625,569964.1875,704463.9,639015.3,598614.8,6.37917,5.3825,5.35417,6.365,6.573333333333332,5.940833333333334,198.0969444172277,172.04120767604942,152.12015172935068,0.2836046936318938,0.2789999999999999,0.268,126.29181999336257,122.5110459193116,119.7178619068202,228742.5735,67354.931,-10001.6,25087.59905618378,24455.05648185904,24135.280369615044,-0.7116666666666669,0.014170000000000016,-1.190833333333332,-0.586663333333334,0.09852520574555289,0.11851034752422274,0.10242102184407786,0.15145055706793664,0.025865512712839774,-1397388.9713043477,-1405503.2242727275,-1391824.5489523811,-1065145.4121572692,-1067302.413846236,-1050250.692481771,-671333.7028985507,-693518.9666666666,-691205.9555555556,2.952357971014493,1.8583328787878788,1.7307171430158732,3.2769092908902695,3.3962682629870122,2.639399801587302,-174.60814286559952,-189.35790531815715,-197.61196389232717,-0.08523377758132622,-0.0880220380865483,-0.09761451609066951,-22.07389381863655,-24.172464284088804,-25.311142527959717,-5412.503182608692,-172825.609085,-248160.1816604762,-2210.264940867157,-2744.3985997984455,-2959.6587860270774,-0.32455131987577657,-1.5379353841991332,-0.9086826585714294,0.01962047162644369,0.0285374349506185,0.03574024635046674,0.07753954709609483,0.015754147398579416,-0.03080956521739131,-0.05534154150197629,0.08615124901185778,0.024532075098814228,-0.018649272727272737,0.04585366115702483,-0.027204194214876076,-0.06450283057851242
2002,Norway,NOR,142,4535.591,25723.89259170251,94.61092281292824,87.5,1561030.0,0.2046929170397537,131.77843144647073,170471.5761,276433.0,472954.0,84551.66,825827.5,6.806666666666667,6.3275,227.6248197864032,4.0219,167.4229236493342,0.3420633724181903,746478.0,606132.0,6.9657,1438142.251,843784.0,989314.251,448828.0,1357443.0,6.284566879272461,141.52224731445312,39.91622543334961,0.0,0.0,0.0,0.0,FLOAT,DEU,0.0,-0.3108625411987304,0.1219406798481941,0.1020512878894805,0.0555999986827373,,,0.0669038370251655,0.0550368428230285,0.0515855699777603,-0.3273171484470367,0.0244611501693725,,,,0.0632750019431114,0.0164545960724353,0.0549557544291019,0.0502339713275432,0.0788256451487541,0.155356,0.236202,0.608442,11.0,-0.080846,0.122068,0.170964,0.380085,0.18724,0.497847,0.641796,-0.258018,-0.016276,0,1347653.625,1231402.094,1120959.344,772235.3125,696544.0,622742.5625,766941.3,704463.9,639015.3,6.31,6.37917,5.3825,7.0216666666666665,6.365,6.573333333333332,213.3513430287082,198.0969444172277,172.04120767604942,0.2742280987476633,0.2836046936318938,0.2789999999999999,130.10252103897594,126.29181999336257,122.5110459193116,235842.5836,228742.5735,67354.931,25457.663004961025,25087.59905618378,24455.05648185904,-0.47916666666666696,-0.7116666666666669,0.014170000000000016,-1.190833333333332,0.09440582533230608,0.10866695068796803,0.08868786604963011,0.07700471431478517,0.014750871454398098,-1281137.4403043478,-1295060.4742727275,-1304721.2989523811,-989454.0996572692,-993500.976346236,-997472.3174817711,-608856.3028985506,-628070.3666666666,-650805.4555555556,2.8831879710144923,2.8550028787878787,1.7590471430158736,3.933575957556936,3.18793492965368,3.2718998015873004,-159.35374425411902,-163.3021685769789,-177.69090794562842,-0.0946103724655567,-0.08341734445465443,-0.08661451609066961,-18.263192773023178,-20.391690210037837,-22.517958515468322,1687.5069173913216,-11437.966584999987,-170803.65066047618,-1840.2009920899109,-2111.856025473706,-2639.8826737830823,-1.0503879865424435,-0.3329320508658011,-1.5128526585714275,0.015501091213196885,0.018694038114363792,0.022007090556018988,0.003093704342943357,0.0046395061401377415,-0.07970556521739132,0.13750345849802373,-0.05779775098814227,-0.2172099249011858,-0.030751272727272738,-0.06028233884297521,0.09103380578512399,0.029531169421487598
2003,Norway,NOR,142,4555.4,25863.90437722264,95.00046766123565,89.53,1620370.0,0.1958418461694244,135.0404713467732,189217.68,283268.0,482932.0,76354.5,861525.2,4.105833333333333,4.50167,231.6778410761026,4.2206,174.4894597918702,0.4204679180788869,753434.0,620435.0,6.68,1549559.188,946010.3125,1101656.188,447903.0,1400290.0,6.012313365936279,138.71530151367188,39.60508728027344,0.0,0.0,0.0,0.0,FLOAT,DEU,0.0,0.4839857518672943,0.0730911865830421,0.1557551026344299,0.0370999984443187,,,0.0178056005388498,0.0552855841815471,0.0543184131383895,0.4248537421226501,0.0415004156529903,,,,0.045016698539257,0.059132020920515,0.1487335413694381,0.1605687588453292,0.0964275524020195,0.126886,0.483103,0.39001,9.0,-0.356217,0.155356,0.122068,0.236202,0.380085,0.608442,0.497847,-0.080846,-0.258018,0,1438142.251,1347653.625,1231402.094,843784.0,772235.3125,696544.0,825827.5,766941.3,704463.9,6.3275,6.31,6.37917,6.806666666666667,7.0216666666666665,6.365,227.6248197864032,213.3513430287082,198.0969444172277,0.3420633724181903,0.2742280987476633,0.2836046936318938,131.77843144647073,130.10252103897594,126.29181999336257,170471.5761,235842.5836,228742.5735,25723.89259170251,25457.663004961025,25087.59905618378,0.39583666666666684,-0.47916666666666696,-0.7116666666666669,0.014170000000000016,0.06714531413811908,0.09265140604406122,0.07678058281644234,0.06690127446619545,0.010457738665548591,-1190648.8143043478,-1178808.9432727275,-1194278.5489523811,-917905.4121572692,-917809.663846236,-923670.8799817711,-549970.1028985507,-565592.9666666666,-585356.8555555557,2.9006879710144924,2.785832878787878,2.7557171430158736,3.718575957556936,3.8446015963203464,3.0635664682539683,-145.080267496424,-148.0477699654984,-151.63517120445016,-0.026775098795029706,-0.09279393933888491,-0.08200982245877575,-16.58728236552838,-16.580989164424466,-18.737184441417355,-63683.500582608685,-4337.956484999973,-9416.008160476194,-1573.971405348424,-1741.7920766964598,-2007.3400994583426,-0.8178879865424435,-1.058768717532468,-0.30784932523809544,-0.011759419980990116,0.002678493470456983,0.010099807322831222,-0.007009735505646361,0.0003463733512882351,-0.04641756521739132,-0.0063795415019762824,0.05279724901185778,-0.040037924901185774,-0.07964727272727275,0.1325626611570248,-0.05291519421487606,-0.21221083057851242
2004,Norway,NOR,142,4574.56,26775.762040502254,98.14255014065066,93.92,1783020.0,0.2165724550373994,135.6689377495839,216997.87800000003,326102.0,554896.0,64933.833333333336,936103.1666666666,1.9025,3.6,263.7908353380344,4.2563,182.39533987630648,0.4361025597725255,852194.0,647982.0,6.04,1648200.0,1033872.125,1198491.0,449709.0,1445478.0,6.126487255096436,146.72471618652344,41.33279800415039,0.0,0.0,0.0,0.0,FLOAT,DEU,0.0,0.3844534158706665,0.1962431073188781,0.0949071869254112,0.0137999998405575,,,0.1386104822158813,0.0576326176524162,0.0506166219711303,0.3195526003837585,0.0491839535534381,,,,0.0359999984502792,0.0649008154869079,0.2086479514837265,0.2428056746721267,0.0543535947799682,0.227644,0.344763,0.427593,13.0,-0.117119,0.126886,0.155356,0.483103,0.236202,0.39001,0.608442,-0.356217,-0.080846,0,1549559.188,1438142.251,1347653.625,946010.3125,843784.0,772235.3125,861525.2,825827.5,766941.3,4.50167,6.3275,6.31,4.105833333333333,6.806666666666667,7.0216666666666665,231.6778410761026,227.6248197864032,213.3513430287082,0.4204679180788869,0.3420633724181903,0.2742280987476633,135.0404713467732,131.77843144647073,130.10252103897594,189217.68,170471.5761,235842.5836,25863.90437722264,25723.89259170251,25457.663004961025,1.6975,0.39583666666666684,-0.47916666666666696,-0.7116666666666669,0.07747282087187643,0.12115222912498934,0.04322658182247498,0.01780570894466882,0.005442869309961667,-1079231.8773043477,-1088320.3172727276,-1078027.0179523812,-815679.0996572692,-846260.976346236,-847979.5674817711,-514272.40289855073,-506706.7666666666,-522879.45555555564,1.0748579710144925,2.803332878787878,2.686547143015873,1.0177426242236023,3.6296015963203465,3.7202331349206346,-141.0272462067246,-133.77429320780337,-136.38077259296966,0.051629446865666895,-0.024958665668357916,-0.09138641734300623,-13.325242465225926,-14.905078756929669,-14.926483395803984,-44937.3966826087,-69708.96398499998,-2315.9980604761804,-1433.9596198282961,-1475.562489954973,-1637.2761506810966,0.05711534679089025,-0.8262687175324681,-1.0336859919047623,-0.001431913247232769,0.031179316551385103,-0.023454193671136145,-0.056105301027172996,-0.004668496004298689,-0.07488756521739132,0.24052145849802373,-0.16563475098814223,-0.31540892490118577,-0.04635927272727275,-0.011320338842975203,0.057679805785123994,-0.035038830578512405
2005,Norway,NOR,142,4593.041,27358.44887046488,100.0,96.28,1989990.0,0.2259321790177893,137.73389878738996,317970.2712,357658.0,668759.0,75638.5,1029647.75,1.9475,3.28,293.72447805306933,4.3807,189.89833438257992,0.4233326543832862,976087.0,681769.0,6.77,1926771.0,1244561.5,1404520.0,522251.0,1655740.0,5.713165760040283,149.51480102539062,42.46588134765625,0.0,0.0,0.0,0.0,FLOAT,DEU,0.0,0.4047739803791046,0.1677639484405517,0.0724172368645668,0.0137999998405575,,,0.1134724095463752,0.0542915388941764,0.0487587638199329,0.3422746658325195,0.0465622246265411,,,,0.0328000001609325,0.0624992959201335,0.2078781574964523,0.2401281297206878,0.043108619749546,0.252432,0.294204,0.453364,15.0,-0.041772,0.227644,0.126886,0.344763,0.483103,0.427593,0.39001,-0.117119,-0.356217,0,1648200.0,1549559.188,1438142.251,1033872.125,946010.3125,843784.0,936103.1666666666,861525.2,825827.5,3.6,4.50167,6.3275,1.9025,4.105833333333333,6.806666666666667,263.7908353380344,231.6778410761026,227.6248197864032,0.4361025597725255,0.4204679180788869,0.3420633724181903,135.6689377495839,135.0404713467732,131.77843144647073,216997.87800000003,189217.68,170471.5761,26775.762040502254,25863.90437722264,25723.89259170251,1.3324999999999998,1.6975,0.39583666666666684,-0.47916666666666696,0.0636573373665801,0.09287616777433386,0.0865650437928765,0.13861055555754767,0.035255994221918496,-980591.0653043478,-976903.3802727275,-987538.3919523812,-727817.2871572692,-744034.663846236,-776430.8799817711,-439694.43623188406,-471009.06666666665,-463993.2555555557,0.1731879710144928,0.9775028787878783,2.704047143015873,-1.1855907091097306,0.9287682629870129,3.5052331349206347,-108.9142519447928,-129.72127191810398,-122.10729583527464,0.06726408855930549,0.053445879992338685,-0.023551143672479236,-12.69677606241521,-11.643038856627214,-13.250572988309187,-17157.198682608665,-50962.86008499999,-67687.00556047619,-522.1019565486822,-1335.550704434845,-1371.0465639396098,1.3587786801242234,0.048734615800865744,-0.8011859919047624,-0.015247396752529105,0.002903255200729621,0.019884268299265373,0.06469954558570586,0.02514462890765814,0.025870434782608698,0.10218145849802371,-0.12805175098814225,-0.07631092490118577,-0.07482927272727274,0.2355806611570248,-0.16075219421487602,-0.3104098305785124
2006,Norway,NOR,142,4610.82,27921.174541621665,101.57841986692956,100.0,2216320.0,0.2417144853636869,140.94606040175506,352177.39200000005,411756.0,782943.0,74162.08333333333,1148376.9166666667,2.8075,3.93417,341.7987112849156,3.3986,201.26055218439288,0.533117082614561,1137530.0,738307.0,6.26,2233829.0,1504576.25,1587001.0,646828.0,1876419.0,5.342803955078125,137.03265380859375,40.15177917480469,0.0,0.0,0.0,0.0,FLOAT,DEU,0.0,0.3243511617183685,0.215457484126091,-0.0053893248550593,0.0201999992132186,,,0.1636740565299987,0.0517834238708019,0.0444999374449253,0.2838529050350189,0.0315442904829978,,,,0.0393416993319988,0.0404982306063175,0.2073757648468017,0.2531575560569763,0.007405336946249,0.315583,0.196029,0.488387,12.0,0.119554,0.252432,0.227644,0.294204,0.344763,0.453364,0.427593,-0.041772,-0.117119,0,1926771.0,1648200.0,1549559.188,1244561.5,1033872.125,946010.3125,1029647.75,936103.1666666666,861525.2,3.28,3.6,4.50167,1.9475,1.9025,4.105833333333333,293.72447805306933,263.7908353380344,231.6778410761026,0.4233326543832862,0.4361025597725255,0.4204679180788869,137.73389878738996,135.6689377495839,135.0404713467732,317970.2712,216997.87800000003,189217.68,27358.44887046488,26775.762040502254,25863.90437722264,1.1266699999999998,1.3324999999999998,1.6975,0.39583666666666684,0.1690152894066254,0.20378668686903614,0.09992977981949644,0.11347491536874849,0.021761727232309087,-702020.0653043478,-878262.5682727275,-876121.4549523811,-517127.9121572692,-656172.851346236,-674204.5674817711,-346149.8528985507,-396431.1,-428295.55555555574,-0.1468120289855075,0.07583287878787859,0.8782171430158732,-1.1405907091097307,-1.27456507034632,0.8043998015873011,-78.98060922975787,-97.60827765617216,-118.05427454557525,0.05449418317006621,0.06908052168597728,0.054853401988217365,-10.631815024609153,-11.014572453816498,-9.988533088006733,83815.19451739133,-23182.66208499996,-48940.9016604762,60.58487341394357,-423.6930411552312,-1231.0347784194819,0.9937786801242232,1.3503979491341989,0.07381734142857138,0.09011055528751621,0.11381377429543191,0.03324900432588532,0.03956390539690667,0.01165036191804873,0.050658434782608674,0.05162245849802374,-0.10228075098814227,-0.0009639249011857698,0.02592872727272727,0.09724066115702479,-0.12316919421487604,-0.0713118305785124
2007,Norway,NOR,142,4627.926,28555.9548221343,103.5429764489013,104.22438983151186,2350170.0,0.2728999715302309,141.9735530920645,282124.964,468919.0,795365.0,77314.16666666667,1335364.75,4.579166666666667,4.78083,382.57423500218647,2.4934,212.9900692818288,0.5030857431736967,1195915.0,783352.0,5.41,2599722.0,1776665.2947485026,1798284.0,801438.0,2256382.0,4.672491550445557,138.65480041503906,41.86331558227539,0.0,0.0,0.0,0.0,FLOAT,DEU,0.0,0.1146107763051986,0.1647590100765228,0.0118213780224323,0.0346999987959861,,,0.1192952618002891,0.0454637445509433,0.0406181886792182,0.08053670078516,0.0315343923866748,,,,0.0478083007037639,0.034074068069458,0.1255175322294235,0.1471795886754989,0.0232606884092092,0.295036,0.32535,0.379613,10.0,-0.030314,0.315583,0.252432,0.196029,0.294204,0.488387,0.453364,0.119554,-0.041772,0,2233829.0,1926771.0,1648200.0,1504576.25,1244561.5,1033872.125,1148376.9166666667,1029647.75,936103.1666666666,3.93417,3.28,3.6,2.8075,1.9475,1.9025,341.7987112849156,293.72447805306933,263.7908353380344,0.533117082614561,0.4233326543832862,0.4361025597725255,140.94606040175506,137.73389878738996,135.6689377495839,352177.39200000005,317970.2712,216997.87800000003,27921.174541621665,27358.44887046488,26775.762040502254,0.2016633333333333,1.1266699999999998,1.3324999999999998,1.6975,0.1593640344389655,0.20892077249697985,0.11531047066015222,0.1636711844736357,0.020568624844966372,-394962.0653043478,-599691.5682727275,-777480.6429523812,-257113.1621572692,-445483.47634623596,-586342.7549817711,-227420.68623188394,-302886.5166666666,-353717.58888888906,0.5073579710144926,-0.2441671212121217,-0.02345285698412658,-0.2805907091097306,-1.2295650703463201,-1.3989335317460319,-30.906375997911596,-67.67463494113724,-85.94128028364344,0.16427861140134103,0.056310616296738,0.07048804368185596,-7.419653410244052,-8.949611416010441,-9.360066685196017,118022.31531739136,77789.73111500003,-21160.703660476167,623.3105445707297,158.9937888073946,-319.17711513986796,0.7879486801242233,0.9853979491341986,1.3754806747619046,0.08045930031985629,0.11894785992337562,0.0486296951665411,0.0897601745017939,0.010457259530706016,0.11380943478260869,-0.04655254150197627,-0.06725775098814224,0.16036207509881423,0.05071672727272725,0.04668166115702482,-0.09739819421487605,0.0040351694214876
2008,Norway,NOR,142,4644.457,28464.308014279377,102.7476432958378,104.6585770411239,2607090.0,0.2601793212506429,147.320505344548,401163.4961,504480.0,953153.0,96754.5,1459602.0833333333,5.264999999999999,4.34667,365.2513290406048,2.5499,225.2621980782501,0.4809168589257295,1350787.0,837837.0,7.0,2805667.0,1898127.771535464,1814552.0,991115.0,2697766.0,4.590869903564453,120.366943359375,40.8049201965332,0.0,0.0,0.0,0.0,FLOAT,DEU,0.0,-0.540614902973175,-0.0040023848414421,0.1244557201862335,0.0498000010848045,,,-0.0452801287174224,0.0412777438759803,0.0432354509830474,-0.5566855669021606,0.0362512655556201,,,,0.0434666983783245,0.0160707086324691,-0.0737233906984329,-0.1131657660007476,0.0871278643608093,0.228692,0.211486,0.559822,9.0,0.017206,0.295036,0.315583,0.32535,0.196029,0.379613,0.488387,-0.030314,0.119554,0,2599722.0,2233829.0,1926771.0,1776665.2947485026,1504576.25,1244561.5,1335364.75,1148376.9166666667,1029647.75,4.78083,3.93417,3.28,4.579166666666667,2.8075,1.9475,382.57423500218647,341.7987112849156,293.72447805306933,0.5030857431736967,0.533117082614561,0.4233326543832862,141.9735530920645,140.94606040175506,137.73389878738996,282124.964,352177.39200000005,317970.2712,28555.9548221343,27921.174541621665,27358.44887046488,-0.9183299999999992,0.2016633333333333,1.1266699999999998,1.3324999999999998,0.16379633355999945,0.18084098080672387,0.16282792750318684,0.11929689133111246,0.022734726992461464,-29069.06530434778,-292633.56827272754,-498909.64295238117,14975.882591233356,-185468.72634623596,-375653.3799817711,-40432.852898550685,-184157.34999999986,-260173.0055555557,1.3540179710144926,0.41000287878787844,-0.34345285698412686,1.491075957556936,-0.36956507034632,-1.353933531746032,9.869147719359262,-19.600401709290963,-56.007637568608516,0.1342472719604767,0.16609504452801283,0.05771813829261668,-6.392160719934623,-5.73744980164534,-7.29510564738996,47969.88731739129,111996.85191500006,79811.68953952382,1258.0908250833636,721.7194599641807,263.5097148227578,-0.13705798654244328,0.7795679491341987,1.0104806747619044,0.08489159944089025,0.09086806823311963,0.09614715200957571,0.045385881359270644,0.012623361678201108,0.0932624347826087,0.0827684584980237,-0.17603175098814228,0.010494075098814226,0.11386772727272726,-0.05149333884297519,-0.06237519421487603,0.1653611694214876
2009,Norway,NOR,142,4698.789482139127,27893.199071352246,99.70776636669714,103.37640496242132,2428480.0,0.2478147489934963,150.51271564453825,253170.2091,430362.0,731306.0,128742.16666666669,1511496.75,1.7599999999999998,3.31583,370.2082812009414,3.1029,233.25788088246944,0.4283958561576272,1172619.0,899775.0,5.78,2879838.0,2102840.154751931,1954497.0,925341.0,2562183.0,5.280205726623535,114.06813049316406,33.52866744995117,0.0,0.0,0.0,0.0,FLOAT,DEU,0.0,0.6478179693222046,0.0576768852770328,0.0188775304704904,0.0242999996989965,,,0.0135714896023273,0.0441053956747055,0.0435148328542709,0.6011568307876587,0.0291421599686145,,,,0.0331582985818386,0.0466611683368682,0.1786388158798217,0.2101736515760421,0.0215887650847435,0.183328,0.37434,0.442331,10.0,-0.191012,0.228692,0.295036,0.211486,0.32535,0.559822,0.379613,0.017206,-0.030314,0,2805667.0,2599722.0,2233829.0,1898127.771535464,1776665.2947485026,1504576.25,1459602.0833333333,1335364.75,1148376.9166666667,4.34667,4.78083,3.93417,5.264999999999999,4.579166666666667,2.8075,365.2513290406048,382.57423500218647,341.7987112849156,0.4809168589257295,0.5030857431736967,0.533117082614561,147.320505344548,141.9735530920645,140.94606040175506,401163.4961,282124.964,352177.39200000005,28464.308014279377,28555.9548221343,27921.174541621665,1.5558300000000003,-0.9183299999999992,0.2016633333333333,1.1266699999999998,0.07921808562607847,0.06836542434074803,0.09303625345309831,-0.04527985519328733,-0.0032093764129324464,176875.93469565222,73259.43172727246,-191851.64295238117,136438.3593781949,86620.3184022666,-115638.62998177111,83804.48043478257,2830.4833333333954,-141443.83888888895,0.9198579710144923,1.2566628787878784,0.3107171430158733,2.176909290890268,1.4021015963203465,-0.49393353174603183,-7.4537582422224204,21.175122007979894,-7.933404336762237,0.1120783877125095,0.1360637050871485,0.1675025665238915,-1.0452084674511184,-4.70995711133591,-4.082944033024859,167008.4194173913,41944.42391499999,114018.81033952386,1166.4440172284412,1356.4997404768146,826.2353859795439,-1.2570513198757758,-0.1454387175324678,0.8046506747619044,0.0003133515069692755,-0.0216074882328562,0.026355477959487186,-0.11919086516512914,-0.013320741727192803,0.02691843478260869,-0.03109554150197627,0.0041772490118577865,0.058014075098814226,0.09332072727272728,0.07782766115702477,-0.17114919421487607,0.015493169421487596
2010,Norway,NOR,142,4761.8539703363285,27987.20144729498,99.16456411253785,105.93732183694613,2591480.0,0.2535387780111031,154.1239035464022,277707.0705,467285.0,788120.0,99742.33333333331,1559178.75,2.016666666666667,2.77083,402.22122483327297,3.5214,241.27461887908876,0.42306,1239501.0,934610.0,5.86,2848298.0,2058951.6776683647,1854234.0,994064.0,2820301.0,5.989119052886963,111.43395233154295,31.45024871826172,0.0,0.0,0.0,0.0,FLOAT,DEU,0.0,0.1834746301174163,0.1314440220594406,0.0819033458828926,0.0208999998867511,,,0.0864730104804039,0.0449710115790367,0.0413917414844036,0.1422251015901565,0.0361133068799972,,,,0.0277082994580268,0.0412495248019695,0.1317197382450103,0.1467658728361129,0.051401674747467,0.196559,0.209512,0.593929,12.0,-0.012953,0.183328,0.228692,0.37434,0.211486,0.442331,0.559822,-0.191012,0.017206,0,2879838.0,2805667.0,2599722.0,2102840.154751931,1898127.771535464,1776665.2947485026,1511496.75,1459602.0833333333,1335364.75,3.31583,4.34667,4.78083,1.7599999999999998,5.264999999999999,4.579166666666667,370.2082812009414,365.2513290406048,382.57423500218647,0.4283958561576272,0.4809168589257295,0.5030857431736967,150.51271564453825,147.320505344548,141.9735530920645,253170.2091,401163.4961,282124.964,27893.199071352246,28464.308014279377,28555.9548221343,0.7541633333333331,1.5558300000000003,-0.9183299999999992,0.2016633333333333,0.026436138002122134,0.10784963282575415,0.03555398232109499,0.013571345991695433,-0.020064037483034144,251046.93469565222,279204.43172727246,174041.35704761883,341150.74259466166,208082.79518922814,156450.41476673144,135699.1471014493,127067.81666666665,45543.99444444431,-0.11098202898550724,0.8225028787878781,1.1573771430158732,-1.328090709109731,2.0879349296536787,1.2777331349206347,-2.4968060818857793,3.852216046398212,32.84211938050862,0.05955738494440721,0.11389482083918129,0.13747122708302717,2.1470018325391322,0.6369951411475938,-3.055451342715429,19015.132417391316,160982.956015,43966.382339523785,595.3350743013107,1264.8529326218923,1461.0156664921778,1.2171086801242237,-1.2654320508658004,-0.12035599190476215,-0.052468596116987065,0.01787672025214991,-0.031126793172516133,-0.06033966398014638,-0.030175402797294498,-0.018445565217391324,0.13175845849802373,-0.11331375098814228,-0.15020392490118575,0.026976727272727263,-0.03603633884297519,0.009059805785123998,0.0630131694214876
2011,Norway,NOR,142,4824.918458533529,27890.55417976372,98.84721120377228,108.14811582988506,2792680.0,0.2583574411357129,156.12901064108354,345594.52125,508628.0,898593.0,107457.58333333331,1664592.1666666667,2.188333333333333,2.55667,438.9022956434741,3.2149,252.44305883107504,0.28843,1384127.0,991707.0,5.99,2926591.0,2075530.7030792555,1866481.0,1060110.0,2916363.0,6.057773113250732,101.42913055419922,28.824926376342773,0.0,0.0,0.0,0.0,FLOAT,DEU,0.0,-0.1245565339922905,0.1335863620042801,0.1530110388994217,0.0236000008881092,,,0.09119613468647,0.0423902235925197,0.0388474836945533,-0.1335418075323104,0.0103701157495379,,,,0.0255667008459568,0.0089852716773748,0.0767486169934272,0.0752100497484207,0.0883055180311203,0.223433,0.197056,0.579511,6.0,0.026377,0.196559,0.183328,0.209512,0.37434,0.593929,0.442331,-0.012953,-0.191012,0,2848298.0,2879838.0,2805667.0,2058951.6776683647,2102840.154751931,1898127.771535464,1559178.75,1511496.75,1459602.0833333333,2.77083,3.31583,4.34667,2.016666666666667,1.7599999999999998,5.264999999999999,402.22122483327297,370.2082812009414,365.2513290406048,0.42306,0.4283958561576272,0.4809168589257295,154.1239035464022,150.51271564453825,147.320505344548,277707.0705,253170.2091,401163.4961,27987.20144729498,27893.199071352246,28464.308014279377,0.368336666666667,0.7541633333333331,1.5558300000000003,-0.9183299999999992,-0.010952004939166716,-0.020871047656374812,0.03154621404247148,0.08647279182540915,0.0033700822807119397,219506.93469565222,353375.43172727246,379986.35704761883,297262.2655110955,412795.1784056949,277912.891553693,183381.1471014493,178962.4833333334,169781.32777777757,-0.6559820289855072,-0.20833712121212145,0.7232171430158729,-1.0714240424430637,-1.4170650703463203,1.9635664682539669,29.516137550445762,8.809168206734853,15.519213418926938,0.05422152878677999,0.061373818071079,0.11530234283505997,5.758189734403089,3.8292054411378444,2.291500909768075,43551.99381739128,12989.669015000021,163004.9144395238,689.3374502440456,693.7439896947617,1369.3688586372555,0.4154420134575565,1.2087279491341991,-1.2403493252380946,-0.08985673905827592,-0.11084396022997905,-0.03513456145113964,0.012561781853567336,-0.0067412830335484165,-0.005214565217391304,-0.033069541501976274,0.038284249011857785,0.027855075098814228,-0.018387272727272752,0.1268176611570248,-0.10843119421487607,-0.14520483057851238
2012,Norway,NOR,142,4887.982946730729,28274.281190331203,100.19448374790532,110.46637262083252,2964050.0,0.26403,157.23630858889268,373529.95906,507601.0,935289.0,93386.08333333331,1734498.4166666667,1.525,1.57417,469.1508709699852,3.1228,262.03485343563744,0.29994,1462200.0,1037397.0,5.57,2975919.0,2177695.734176,1866192.0,1109727.0,3043287.0,6.518648147583008,100.71378326416016,28.78089714050293,0.0,0.0,0.0,0.0,FLOAT,DEU,0.0,0.1536303460597992,0.1084397286176681,0.061673354357481,0.0240000002086162,,,0.0689197108149528,0.039520014077425,0.0369719192385673,0.0638969764113426,0.0843440368771553,,,,0.0157417003065347,0.0897333621978759,0.1090112030506134,0.1183639466762542,0.0428366772830486,0.199927,0.213278,0.586795,8.0,-0.013351,0.223433,0.196559,0.197056,0.209512,0.579511,0.593929,0.026377,-0.012953,0,2926591.0,2848298.0,2879838.0,2075530.7030792555,2058951.6776683647,2102840.154751931,1664592.1666666667,1559178.75,1511496.75,2.55667,2.77083,3.31583,2.188333333333333,2.016666666666667,1.7599999999999998,438.9022956434741,402.22122483327297,370.2082812009414,0.28843,0.42306,0.4283958561576272,156.12901064108354,154.1239035464022,150.51271564453825,345594.52125,277707.0705,253170.2091,27890.55417976372,27987.20144729498,27893.199071352246,0.04917000000000016,0.368336666666667,0.7541633333333331,1.5558300000000003,0.027487643497976687,0.008052168290644651,0.06760829485821734,0.09119625854007576,-0.0034532665837728035,297799.9346956522,321835.43172727246,454157.35704761883,313841.29092198634,368906.70132212876,482625.27477015974,288794.56376811606,226644.4833333334,221675.9944444443,-0.8701420289855073,-0.7533371212121214,-0.3076228569841266,-0.8997573757763977,-1.160398403679653,-1.5414335317460321,66.19720836064687,40.822111839066395,20.47616557926358,-0.08040847121321998,0.056037961913451784,0.06278134006695768,7.763296829084425,7.440393343001801,5.483711209758326,111439.4445673913,37526.53041499999,15011.627439523814,592.690182712784,787.7463656374966,798.2599157101249,0.029615346790890396,0.407061282467532,1.2338106747619049,-0.05141709062113251,-0.08192074428295959,0.0009275193646062219,0.01728524856823395,-0.013564631898033159,0.021659434782608677,-0.04552554150197627,0.023866249011857743,0.06718507509881423,-0.0051562727272727316,-0.038010338842975194,0.043166805785123996,0.0328541694214876
2013,Norway,NOR,142,4944.255874660539,28240.638910650112,100.0139172010551,112.20686757414316,3071220.0,0.27841,160.58812940388233,316858.18008,527725.0,916532.0,95888.25,1812812.0833333333,1.4858333333333331,1.91916666666667,488.1645942563859,3.4231,272.736464530944,0.30351,1450146.0,1098394.0,6.08,3270985.0,2368008.172992694,2143683.0,1127302.0,3225972.0,6.771415710449219,103.806396484375,27.70210075378418,0.0,0.0,0.0,0.0,FLOAT,DEU,0.0,0.2359206527471542,0.0786109790205955,-0.0483992993831634,0.0226000007241964,,,0.0405276641249656,0.0380833148956298,0.0366000011563301,0.1875795125961303,0.0407056026160717,,,,0.0191916674375534,0.0483411401510238,0.1012696698307991,0.1171152368187904,-0.0128996493294835,0.237593,0.11486,0.647547,8.0,0.122733,0.199927,0.223433,0.213278,0.197056,0.586795,0.579511,-0.013351,0.026377,0,2975919.0,2926591.0,2848298.0,2177695.734176,2075530.7030792555,2058951.6776683647,1734498.4166666667,1664592.1666666667,1559178.75,1.57417,2.55667,2.77083,1.525,2.188333333333333,2.016666666666667,469.1508709699852,438.9022956434741,402.22122483327297,0.29994,0.28843,0.42306,157.23630858889268,156.12901064108354,154.1239035464022,373529.95906,345594.52125,277707.0705,28274.281190331203,27890.55417976372,27987.20144729498,0.4333333333333369,0.04917000000000016,0.368336666666667,0.7541633333333331,0.016855105479378567,0.04922357011880028,0.041996022449142446,0.06891869927944605,0.013758314305776701,347127.9346956522,400128.43172727246,422617.35704761883,416006.3220187309,385485.7267330196,438736.7976865936,358700.81376811606,332057.90000000014,269357.9944444443,-1.8526420289855072,-0.9674971212121215,-0.8526228569841265,-1.5630907091097308,-0.9887317370129871,-1.2847668650793649,96.44578368715798,77.5031826492675,52.48910921159512,-0.06889847121322001,-0.07859203808654819,0.057445483909330464,8.870594776893569,9.445500437683137,9.094899111622283,139374.88237739133,105413.981165,39548.48883952378,976.4171932802674,691.099098106235,892.2622916528599,-0.2895513198757764,0.021234615800865886,0.4321440080952376,-0.06204962863973063,-0.04074934245480395,-0.024684753044468676,-0.0049923106923957655,0.0036469489915163453,-0.0018465652173913216,-0.029303541501976282,0.0311502490118577,0.027457075098814225,0.02171772727272725,-0.05046633884297519,0.028748805785123954,0.0721841694214876
2014,Norway,NOR,142,5002.469248381032,28460.930608223927,100.84008839520448,113.2466868959611,3140810.0,0.27771,163.8401936469973,340621.27829999995,562457.0,909036.0,116132.16666666669,1921447.0833333333,1.4683333333333335,1.76,501.45883701935935,3.4838,280.2559867211792,0.29859,1471436.0,1176429.0,7.43,3682243.0,2405812.2206649818,2510638.0,1171605.0,3547141.0,6.8582844734191895,109.45115661621094,28.58380126953125,0.0,0.0,0.0,0.0,FLOAT,DEU,0.0,0.0495208241045475,0.0649078488349914,0.159510999917984,0.0212999992072582,,,0.0273093562573194,0.0375984907150268,0.0365989953279495,0.0,0.0495208241045475,,,,0.0175999999046325,0.0495208241045475,0.0645608231425285,0.0611608065664768,0.0904055014252662,0.143017,0.154602,0.702381,5.0,-0.011586,0.237593,0.199927,0.11486,0.213278,0.647547,0.586795,0.122733,-0.013351,0,3270985.0,2975919.0,2926591.0,2368008.172992694,2177695.734176,2075530.7030792555,1812812.0833333333,1734498.4166666667,1664592.1666666667,1.91916666666667,1.57417,2.55667,1.4858333333333331,1.525,2.188333333333333,488.1645942563859,469.1508709699852,438.9022956434741,0.30351,0.29994,0.28843,160.58812940388233,157.23630858889268,156.12901064108354,316858.18008,373529.95906,345594.52125,28240.638910650112,28274.281190331203,27890.55417976372,0.2916666666666665,0.4333333333333369,0.04917000000000016,0.368336666666667,0.09915122017769973,0.08739165707587006,0.045150612946172966,0.040527950522801316,-0.0011898544636599153,642193.9346956522,449456.43172727246,500910.35704761883,606318.760835425,487650.75782976416,455315.8230974844,437014.48043478257,401964.15000000014,374771.41111111105,-1.5076453623188373,-1.9499971212121214,-1.0667828569841267,-1.6022573757763976,-1.6520650703463202,-1.113100198412699,115.45950697355869,107.75175797577862,89.17018002179623,-0.06532847121322,-0.06708203808654822,-0.07718451609066951,12.22241559188322,10.55279838549228,11.100006206303618,82703.10339739133,133349.41897500004,107435.9395895238,942.7749135991762,1074.8261086737184,795.6150241215983,0.09461201345756032,-0.29793205086580093,0.046317341428571523,0.02024648605859053,-0.002581255497734178,-0.021530162547438156,-0.0333830594490405,-0.011301219777920271,0.03581943478260868,-0.1277215415019763,0.09190224901185773,0.16354107509881421,-0.0017882727272727494,-0.0342443388429752,0.03603280578512391,0.032456169421487595
2015,Norway,NOR,142,5050.010170252768,28747.705414729848,101.80563301908016,115.1638572782968,3111170.0,0.27476,167.40150326292397,249951.2371200001,615486.0,835266.0,105359.0,1919806.0,1.0058333333333334,0.9675,532.0518164661644,4.2959,288.285771580512,0.3454399999999999,1443582.0,1246159.0,8.81,3949682.0,2645105.0,2717805.0,1231877.0,3689861.0,7.805765628814697,109.52574920654295,26.810205459594727,0.0,0.0,0.0,0.0,FLOAT,DEU,0.0,0.0594055950641632,0.0984948575496673,0.0250120982527732,0.0141000002622604,,,0.0610110387206077,0.0374838151037693,0.0353283919394016,0.0224624276161193,0.0361315682530403,,,,0.0096749998629093,0.0369431711733341,0.0794929265975952,0.0886819884181022,0.0195560492575168,0.19505,0.175602,0.629348,6.0,0.019448,0.143017,0.237593,0.154602,0.11486,0.702381,0.647547,-0.011586,0.122733,0,3682243.0,3270985.0,2975919.0,2405812.2206649818,2368008.172992694,2177695.734176,1921447.0833333333,1812812.0833333333,1734498.4166666667,1.76,1.91916666666667,1.57417,1.4683333333333335,1.4858333333333331,1.525,501.45883701935935,488.1645942563859,469.1508709699852,0.29859,0.30351,0.29994,163.8401936469973,160.58812940388233,157.23630858889268,340621.27829999995,316858.18008,373529.95906,28460.930608223927,28240.638910650112,28274.281190331203,-0.03833333333333333,0.2916666666666665,0.4333333333333369,0.04917000000000016,0.12572909995001505,0.015964492058534882,0.05992623339107818,0.02723311546840955,0.007800521024711622,1053451.9346956522,744522.4317272725,550238.3570476188,644122.8085077126,677963.1966464582,557480.854194229,545649.4804347826,480277.81666666665,444677.66111111105,-1.6668120289855073,-1.6050004545454515,-2.0492828569841266,-1.6197573757763972,-1.691231737012987,-1.776433531746032,128.75374973653214,126.76548126217932,119.41875534830734,-0.07024847121321998,-0.0635120380865482,-0.06567451609066954,15.474479834998192,13.904619200481932,12.207304154112762,106466.20161739126,76677.63999500003,135371.37739952383,1163.0666111729915,1041.1838289926272,1179.3420346890816,-0.047054653209110064,0.08623128246753581,-0.2728493252380953,0.04682436583090585,-0.07400842051506935,-0.006754542102532943,-0.046677894503432266,-0.002310844289548734,-0.05875656521739131,-0.08797954150197629,0.14673624901185778,0.029222075098814228,0.035877727272727256,-0.13266233884297518,0.09678480578512394,0.16854016942148758
2016,Norway,NOR,142,5095.610646333821,28797.222936360176,101.99403419816036,115.43608624670853,3098150.0,0.28092,173.3370192894678,137960.53044,629040.0,751583.0,87571.1666666667,1980907.25,0.5458333333333333,0.84,569.4284565729125,4.6789,290.787217537015,0.38126,1432188.0,1293409.0,8.62,4130628.0,2785424.0,2896245.0,1234383.0,3604969.0,8.833988189697266,107.82674407958984,24.557029724121094,0.0,0.0,0.0,0.0,FLOAT,DEU,0.0,0.181999996304512,0.1062496677041053,-0.0010549057042226,0.0076,,,0.0702500343322753,0.0359996333718299,0.0336366556584835,0.1289000064134597,0.0470369383692741,,,,0.013317,0.0531000010669231,0.1104152500629425,0.1328641921281814,0.003272547153756,0.128587,0.262241,0.609172,8.0,-0.133654,0.19505,0.143017,0.175602,0.154602,0.629348,0.702381,0.019448,-0.011586,0,3949682.0,3682243.0,3270985.0,2645105.0,2405812.2206649818,2368008.172992694,1919806.0,1921447.0833333333,1812812.0833333333,0.9675,1.76,1.91916666666667,1.0058333333333334,1.4683333333333335,1.4858333333333331,532.0518164661644,501.45883701935935,488.1645942563859,0.3454399999999999,0.29859,0.30351,167.40150326292397,163.8401936469973,160.58812940388233,249951.2371200001,340621.27829999995,316858.18008,28747.705414729848,28460.930608223927,28240.638910650112,0.2941666666666667,-0.03833333333333333,0.2916666666666665,0.4333333333333369,0.07262937291210819,0.09946444584477013,-0.0008540871864586031,0.06100795755968293,0.010076086775007119,1320890.9346956522,1155780.4317272725,845304.3570476188,883415.5878427308,715767.2443187458,747793.2930109231,544008.3971014493,588912.8166666667,522991.32777777757,-2.459312028985507,-1.7641671212121215,-1.7042861903174567,-2.0822573757763974,-1.7087317370129866,-1.8156001984126988,159.34672918333717,140.05972402515278,138.43247863470805,-0.023398471213220084,-0.06843203808654819,-0.062104516090669526,19.035789450924852,17.156683443596904,15.559124969102413,15796.160437391402,100440.73821499996,78699.59841952383,1449.841417678912,1261.4755265664426,1145.6997550079905,-0.3770546532091099,-0.055435384199134574,0.11131400809524145,-0.006275361207001007,0.009491533271165892,-0.06753486268006972,-0.012903052412158889,-3.527853925323725e-05,-0.006723565217391314,-0.06697954150197627,0.07370324901185776,0.06025607509881423,-0.05869827272727274,-0.09292033884297521,0.151618805785124,0.0342211694214876
2017,Norway,NOR,142,5132.4791163568,29253.92387242427,103.52409706034696,117.07101012318418,3295380.0,0.27822,176.54375414632295,180455.11832,684334.0,863623.0,105530.08,2107074.0,0.4776041666666665,1.06583333,597.7602157997358,4.1621,295.9731202414908,0.38636,1526822.0,1349974.0,8.21,4403229.0,2979962.0,3093732.0,1309497.0,3633012.0,8.066405543279032,107.73369276923002,24.473107475493936,0.0,0.0,0.0,0.0,FLOAT,DEU,0.0,0.1860000044107437,0.0841176062822341,0.0224267095327377,0.0072,,,0.0497547388076782,0.0343628637492656,0.0327341817319393,0.1363999992609024,0.0436466038227081,,,,0.016375,0.049600001424551,0.1045555174350738,0.122832752764225,0.0148133551701903,0.24671,0.145236,0.608055,7.0,0.101474,0.128587,0.19505,0.262241,0.175602,0.609172,0.629348,-0.133654,0.019448,0,4130628.0,3949682.0,3682243.0,2785424.0,2645105.0,2405812.2206649818,1980907.25,1919806.0,1921447.0833333333,0.84,0.9675,1.76,0.5458333333333333,1.0058333333333334,1.4683333333333335,569.4284565729125,532.0518164661644,501.45883701935935,0.38126,0.3454399999999999,0.29859,173.3370192894678,167.40150326292397,163.8401936469973,137960.53044,249951.2371200001,340621.27829999995,28797.222936360176,28747.705414729848,28460.930608223927,0.5882291633333335,0.2941666666666667,-0.03833333333333333,0.2916666666666665,0.04581280214457772,0.05304855572841154,0.03182678353958681,0.07025000000000017,0.0017224860529201312,1501836.9346956522,1423219.4317272725,1256562.3570476188,1023734.5878427308,955060.023653764,785597.3406832106,605109.6471014493,587271.7333333334,631626.3277777776,-2.5868120289855074,-2.5566671212121213,-1.8634528569841267,-2.5422573757763973,-2.1712317370129868,-1.8331001984126984,196.72336929008532,170.6527034719578,151.7267213976815,0.01242152878677999,-0.021582038086548294,-0.0670245160906695,24.97130547746869,20.717993059523565,18.811189212217386,-96194.54624260869,9770.697035000107,102462.69663952375,1499.3589393092407,1548.250333072363,1365.9914525818058,-0.044554653209109896,-0.3854353841991344,-0.030352658571428937,-0.03309193197453148,-0.0369243568451927,-0.03485399195402431,-0.0036610099718416417,-0.008388879261340226,-0.07318656521739131,0.019659458498023724,0.05352724901185779,-0.09284592490118576,-0.006665272727272742,-0.07192033884297519,0.07858580578512397,0.0652551694214876
2018,Norway,NOR,142,5165.466694798413,29394.289527980112,103.99363147317764,118.12494147230498,3553900.0,0.28048,181.42813134443008,282641.667,710331.0,1000272.0,87321.17,2229518.0,0.5653273809523808,1.43916667,606.406057817311,3.7997,305.5408128342007,0.39658,1696413.0,1396964.0,8.69,4642883.0,3156477.0,3285507.0,1357376.0,3688842.0,8.150442419826765,112.59287874094964,23.22478248207872,0.0,0.0,0.0,0.0,FLOAT,DEU,0.0,-0.0001999999949475,0.0477639734745025,-0.0041463123634457,0.0073,,,0.0144637823104858,0.0333001911640167,0.0328254103660583,-0.0384000018239021,0.0397254601120948,,,,0.018792,0.0381999984383583,0.0257557779550552,0.0311757903546094,0.001576843787916,0.196476,0.17016,0.633363,7.0,0.026316,0.24671,0.128587,0.145236,0.262241,0.608055,0.609172,0.101474,-0.133654,0,4403229.0,4130628.0,3949682.0,2979962.0,2785424.0,2645105.0,2107074.0,1980907.25,1919806.0,1.06583333,0.84,0.9675,0.4776041666666665,0.5458333333333333,1.0058333333333334,597.7602157997358,569.4284565729125,532.0518164661644,0.38636,0.38126,0.3454399999999999,176.54375414632295,173.3370192894678,167.40150326292397,180455.11832,137960.53044,249951.2371200001,29253.92387242427,28797.222936360176,28747.705414729848,0.8738392890476193,0.5882291633333335,0.2941666666666667,-0.03833333333333333,0.06599504966315049,0.06984143168149624,0.06369139695965069,0.04975473020322351,0.015859200627552587,1774437.9346956522,1604165.4317272725,1524001.3570476188,1218272.5878427308,1095379.023653764,1024890.1200182289,731276.3971014493,648372.9833333334,629985.2444444443,-2.360978698985507,-2.6841671212121216,-2.6559528569841264,-2.610486542443064,-2.6312317370129867,-2.2956001984126986,225.05512851690855,208.02934357870595,182.31970084448653,0.017521528786779983,0.01423796191345178,-0.020174516090669614,28.17804033432384,26.6535090860674,22.372498828144046,-53699.95836260868,-102220.00964499998,11792.6554595239,1956.0598753733357,1597.7678547026917,1652.7662590877262,0.24950784345755694,-0.052935384199134405,-0.3603526585714288,-0.012909684455958706,-0.020131480892107992,-0.0029893785339604323,-0.024156279768618304,0.0057478353132922304,0.0449364347826087,-0.09734554150197627,0.05241024901185776,0.14228207509881421,-0.07312827272727274,0.014718661157024804,0.058409805785124,-0.08784683057851239
2019,Norway,NOR,142,5197.484050344685,29462.86013570684,104.17393375576982,118.95448382174726,3568490.0,0.29689,185.37419320117144,101594.88183,757902.0,914652.0,102588.75,2327591.0,1.1306547619047616,1.285,621.4365216324801,3.69,318.55380647364905,0.4088,1737449.0,1467501.0,8.78,4880018.0,3337867.0,3442133.0,1437885.0,3811224.0,8.258123339161523,111.00299932293932,23.766776799057784,0.0,0.0,0.0,0.0,FLOAT,DEU,0.0,0.1472000032663345,0.0582004599273204,0.0233332775533199,0.0093,,,0.0247861146926879,0.0334143452346324,0.0326061658561229,0.1011999994516372,0.0417726151645183,,,,0.014942,0.0460000000894069,0.0785218924283981,0.0915954858064651,0.0163166392594575,0.203056,0.133884,0.663061,8.0,0.069172,0.196476,0.24671,0.17016,0.145236,0.633363,0.608055,0.026316,0.101474,0,4642883.0,4403229.0,4130628.0,3156477.0,2979962.0,2785424.0,2229518.0,2107074.0,1980907.25,1.43916667,1.06583333,0.84,0.5653273809523808,0.4776041666666665,0.5458333333333333,606.406057817311,597.7602157997358,569.4284565729125,0.39658,0.38636,0.38126,181.42813134443008,176.54375414632295,173.3370192894678,282641.667,180455.11832,137960.53044,29394.289527980112,29253.92387242427,28797.222936360176,0.15434523809523837,0.8738392890476193,0.5882291633333335,0.2941666666666667,0.05442687627647801,0.05923397680910025,0.05811091589569232,0.0144637294170005,0.004798182157305547,2014091.9346956522,1876766.4317272725,1704947.3570476188,1394787.5878427308,1289917.023653764,1165209.120018229,853720.3971014493,774539.7333333334,691086.4944444443,-1.9876453589855072,-2.4583337912121213,-2.783452856984127,-2.52276332815735,-2.6994609036796535,-2.7556001984126985,233.70097053448376,236.36110280552919,219.69634095123467,0.02774152878677999,0.019337961913451773,0.01564548390933046,33.06241753243097,29.86024394292255,28.308014854687883,48486.590317391325,-59725.42176499998,-100198.05122047619,2096.4255309291766,2054.4687907667867,1702.283780718055,0.5351179691718427,0.24112711246753243,-0.027852658571428768,-0.024477857842631186,-0.030738935764503983,-0.008569859597918804,-0.05944728055484132,-0.005313183156954809,-0.0052975652173913035,-0.07242154150197627,0.07771824901185775,0.06712407509881423,0.04499472727272727,-0.1022863388429752,0.05729280578512397,0.14728116942148758
2020,Norway,NOR,142,5224.650291414248,29086.336859818988,102.76926066255238,110.06242122711495,3413450.0,0.30077,187.7377141644864,67176.696,762752.0,773155.0,156751.0,2553501.0,0.3411458333333332,0.55583333,645.9109051899237,4.42,323.6590509114568,0.414,1559318.0,1631648.0,8.53,5115159.0,3552044.0,3625918.0,1489241.0,3918378.75,8.216086326131219,103.19939449634316,22.22248461782405,0.0,0.0,0.0,0.0,FLOAT,DEU,0.0,0.0346000008285045,0.0724736452102661,0.0400049053132534,0.006,,,0.0393835306167602,0.0330901145935058,0.0318362899124622,-0.0024000001139938,0.0370890125632286,,,,0.008175,0.0370000004768371,,,0.023002453148365,0.271156,0.141822,0.587022,3.0,0.129333,0.203056,0.196476,0.133884,0.17016,0.663061,0.633363,0.069172,0.026316,0,4880018.0,4642883.0,4403229.0,3337867.0,3156477.0,2979962.0,2327591.0,2229518.0,2107074.0,1.285,1.43916667,1.06583333,1.1306547619047616,0.5653273809523808,0.4776041666666665,621.4365216324801,606.406057817311,597.7602157997358,0.4088,0.39658,0.38636,185.37419320117144,181.42813134443008,176.54375414632295,101594.88183,282641.667,180455.11832,29462.86013570684,29394.289527980112,29253.92387242427,0.2146874966666668,0.15434523809523837,0.8738392890476193,0.5882291633333335,0.05107494632106818,0.0574659660121078,0.043988431580278785,0.024786137310813743,0.002332786702038031,2251226.934695652,2116420.4317272725,1977548.3570476188,1576177.5878427308,1466432.023653764,1359747.120018229,951793.3971014493,896983.7333333334,817253.2444444443,-2.141812028985507,-2.0850004512121214,-2.5576195269841264,-1.9574359472049692,-2.6117376893939395,-2.8238293650793653,248.7314343496529,245.0069448231044,248.0281001780579,0.03996152878678,0.02955796191345178,0.020745483909330453,37.00847938917232,34.74462114102968,31.514749711543033,-132560.1948526087,42461.12691500003,-57703.463340476184,2164.9961386559044,2194.8344463226276,2158.98471678215,-0.18437608178053821,0.5267372381818183,0.26620983809523807,-0.027829787798041017,-0.032506946561496435,-0.022692343913332337,-0.04912487266102807,-0.007778578612222325,0.0012824347826086713,-0.10869754150197627,0.10741624901185776,0.10998007509881422,-0.005239272727272731,-0.07736233884297519,0.08260080578512397,0.0721231694214876
2000,Portugal,PRT,182,10335.597,13922.217384573703,99.2848832303503,94.8352,25744775.7408,0.2799105447027394,160.0626397666149,-2765818.090888799,10104493.282,7260656.112,8524494.64,22768139.294,4.39176666666667,5.595,182.39940819901483,3.8094,209.2847655582479,0.541931,5680056.024,6668031.32,215.45620634067703,26094336.0,10171454.0,13795768.0,12298568.0,29676852.0,6.449754238128662,125.35797119140624,54.55733108520508,0.0,0.0,1.0,1.0,PEG,DEU,1.2075,-0.0821487680077552,0.1162719130516052,0.0795029997825622,0.0439176671206951,,,0.0774107724428176,0.0388611368834972,0.0360690057277679,,,,,,0.0559500008821487,,0.0716197192668914,0.0735378116369247,0.0617103353142738,0.22954325,0.1174601666666666,0.65299675,,0.1120829166666666,0.22954325,0.22954325,0.1174601666666666,0.1174601666666666,0.65299675,0.65299675,0.1120829166666666,0.1120829166666666,0,21284974.0,16745459.5,13154025.0,8456331.0,6502232.5,4829010.0,21474829.912,19593907.788,18486244.738,4.7775,4.8775,6.35833,2.9635,4.30833333333333,5.74166666666667,169.28386979263362,155.3373193100936,148.7098689690327,0.554056,0.556157,0.587155,155.69476980564235,152.38988672550744,149.08719086117668,-2251796.4583642283,-1295600.0,-961800.0,13465.664985637017,13012.744466167163,12460.150328560654,1.2032333333333298,1.814,0.5691666666666704,0.6166633333333298,0.2710892764692423,0.30052731888624407,0.09599525241983352,0.08978235587224921,0.03480591820176261,-16187416.677678265,-20736645.41161818,-24347671.30933334,-8189114.092434783,-10054020.247299999,-11627640.812666666,-7388346.58444348,-8673703.368499998,-9268702.917523809,0.07829882608695637,-0.0008694090909084906,1.335236666666666,0.931164057971015,2.1674215166666637,3.483468968253972,-22.706392864467574,-33.682831362382984,-38.13402871893902,-0.3543741739130435,-0.3405619090909091,-0.2944165238095239,-39.30683560250159,-41.16519097510724,-42.91588205972971,-585391.8151651463,454765.6435173445,882966.671188076,-625.9507536603687,-1007.0574578026863,-1500.3190892295515,-0.8528652318840586,-2.168290925757572,-2.1482323015873055,0.21811222424762408,0.23235025467455556,0.05683225636464252,0.06336375590660331,0.024103175474953935,0.001389597826086969,-0.003474572463768144,0.002084967391304371,0.004864177536231848,0.00450179545454546,-0.003953469696969719,-0.0005482954545453778,0.008455280303030277
2001,Portugal,PRT,182,10386.753,14127.25924856187,100.63466196479196,95.6243,27220443.55,0.2736721208886271,167.12078516674424,-2886072.876360037,10249842.732,7467754.018,9417040.504,24372596.74,4.26178333333333,5.1575,192.2838064871925,3.8284,218.16573779564092,0.573802,5684065.664,6699106.03,227.48439804833768,29547037.0,11500650.0,15226608.0,14320429.0,32357522.0,6.5430755615234375,129.14625549316406,55.0252799987793,0.0,0.0,1.0,1.0,PEG,DEU,0.228375,-0.1903584599494934,0.1093736365437507,0.0622597709298133,0.0426178351044654,,,0.0721251890063285,0.0372484475374221,0.0347426272928714,,,,,,0.0515750013291835,,0.0570962280035018,0.0580971948802471,0.0524388030171394,0.22954325,0.1174601666666666,0.65299675,,0.1120829166666666,0.22954325,0.22954325,0.1174601666666666,0.1174601666666666,0.65299675,0.65299675,0.1120829166666666,0.1120829166666666,0,26094336.0,21284974.0,16745459.5,10171454.0,8456331.0,6502232.5,22768139.294,21474829.912,19593907.788,5.595,4.7775,4.8775,4.39176666666667,2.9635,4.30833333333333,182.39940819901483,169.28386979263362,155.3373193100936,0.541931,0.554056,0.556157,160.0626397666149,155.69476980564235,152.38988672550744,-2765818.090888799,-2251796.4583642283,-1295600.0,13922.217384573703,13465.664985637017,13012.744466167163,0.8957166666666696,1.2032333333333298,1.814,0.5691666666666704,0.22595103945158684,0.20282117622879237,0.06022442959035061,0.07747659846414928,0.03390492778660857,-11378054.677678265,-16197130.91161818,-20756236.80933334,-6473991.092434783,-8099921.747299999,-9954418.312666666,-6095037.2024434805,-6792781.244499996,-8161039.867523812,0.8957988260869563,-0.10086940909090902,-0.14559333333333324,2.359430724637685,0.8225881833333335,2.050135634920632,-9.590854458086369,-19.73628087984295,-31.506578377878128,-0.36649917391304343,-0.34266290909090913,-0.32541452380952385,-34.93896564152905,-37.86030789497232,-39.61318619539895,-1099413.4476897172,-501430.81484688376,549166.671188076,-169.39835472368213,-554.1369383328329,-947.7249516230422,-1.4636318985507288,-0.9234575924242425,-2.195728968253965,0.17297398722996862,0.13464411201710386,0.021061433535159615,0.051057998498503385,0.023202185059799894,0.001389597826086969,-0.003474572463768144,0.002084967391304371,0.004864177536231848,0.00450179545454546,-0.003953469696969719,-0.0005482954545453778,0.008455280303030277
2002,Portugal,PRT,182,10433.867,14170.93849166225,100.66504025763425,96.4542,28579571.1726,0.2584290696158069,173.30623146100078,-2143207.2462181244,10069809.896,7737448.819824001,9262468.882,24020149.384,3.31859166666667,5.00667,193.48128972688636,4.4966,225.66773717243345,0.600437,6407204.238,7508251.382,191.1719271478974,32312486.0,12998852.0,16688924.0,15623562.0,33317176.0,6.686561584472656,140.91004943847656,57.30117034912109,0.0,0.0,1.0,1.0,PEG,DEU,-0.958125,-0.2065254896879196,0.0977163314819336,0.1187969893217086,0.0331859178841114,,,0.0615937337279319,0.0361226014792919,0.0340267643332481,,,,,,0.0500666983425617,,0.0605516619980335,0.0568630173802375,0.0759914517402648,0.22954325,0.1174601666666666,0.65299675,,0.1120829166666666,0.22954325,0.22954325,0.1174601666666666,0.1174601666666666,0.65299675,0.65299675,0.1120829166666666,0.1120829166666666,0,29547037.0,26094336.0,21284974.0,11500650.0,10171454.0,8456331.0,24372596.74,22768139.294,21474829.912,5.1575,5.595,4.7775,4.26178333333333,4.39176666666667,2.9635,192.2838064871925,182.39940819901483,169.28386979263362,0.573802,0.541931,0.554056,167.12078516674424,160.0626397666149,155.69476980564235,-2886072.876360037,-2765818.090888799,-2251796.4583642283,14127.25924856187,13922.217384573703,13465.664985637017,1.6880783333333298,0.8957166666666696,1.2032333333333298,1.814,0.13231610875248942,0.1306790553248336,0.07046941453062944,0.054190955912493205,0.014727672921941286,-7925353.677678265,-11387768.91161818,-16216722.30933334,-5144795.092434783,-6384798.747299999,-8000319.812666666,-4490579.756443482,-5499471.862499997,-6280117.74352381,0.45829882608695627,0.7166305909090909,-0.24559333333333377,2.2294473913043453,2.2508548500000036,0.7053023015873019,0.2935438300912949,-6.620742473461746,-17.560027895338095,-0.33462817391304345,-0.35478790909090907,-0.32751552380952387,-27.880820241399704,-33.49243793399978,-36.30830311526404,-1219668.233160955,-1015452.4473714547,-407029.7871761522,35.64350926448424,-97.58453939614628,-494.8044321531888,-1.771148565217389,-1.5342242590909128,-0.9508956349206352,0.0793390565308712,0.06250199111314507,0.03130641847543844,0.027772355946847307,0.0040249301951326075,0.001389597826086969,-0.003474572463768144,0.002084967391304371,0.004864177536231848,0.00450179545454546,-0.003953469696969719,-0.0005482954545453778,0.008455280303030277
2003,Portugal,PRT,182,10479.955,13980.069580418249,98.83181555591356,96.1358,29283984.7278,0.2374507640004023,178.91643999875467,-1748003.5040520497,9870931.752,8014201.991422,9845671.02,24827690.88,2.33346666666667,4.17833,195.5717238297865,6.1316,233.2070142065781,0.638973,6317989.748,7319798.302,158.7347585114806,33418544.0,13305589.0,16950552.0,16467992.0,35050556.0,6.805510520935059,138.5753936767578,60.71904754638672,0.0,0.0,1.0,1.0,PEG,DEU,-0.83999997,0.1739689111709594,0.1621745079755783,0.04937244951725,0.0233346670866012,,,0.1271723508834839,0.0350021533668041,0.0310530625283718,,,,,,0.0417832992970943,,0.1388133019208908,0.1638404130935669,0.0363535583019256,0.22954325,0.1174601666666666,0.65299675,,0.1120829166666666,0.22954325,0.22954325,0.1174601666666666,0.1174601666666666,0.65299675,0.65299675,0.1120829166666666,0.1120829166666666,0,32312486.0,29547037.0,26094336.0,12998852.0,11500650.0,10171454.0,24020149.384,24372596.74,22768139.294,5.00667,5.1575,5.595,3.31859166666667,4.26178333333333,4.39176666666667,193.48128972688636,192.2838064871925,182.39940819901483,0.600437,0.573802,0.541931,173.30623146100078,167.12078516674424,160.0626397666149,-2143207.2462181244,-2886072.876360037,-2765818.090888799,14170.93849166225,14127.25924856187,13922.217384573703,1.84486333333333,1.6880783333333298,0.8957166666666696,1.2032333333333298,0.09359479937023804,0.1302710716350815,-0.014460804474788138,0.006227686364080939,0.0030918412645981616,-5159904.677678265,-7935067.911618181,-11407360.30933334,-3646593.0924347825,-5055602.747299999,-6285196.812666666,-4843027.112443481,-3895014.4164999984,-4986808.361523811,0.30746882608695625,0.27913059090909087,0.5719066666666661,1.2862557246376851,2.120871516666664,2.133568968253972,1.4910270697851615,3.263655814715918,-4.44448948895689,-0.3079931739130435,-0.3229169090909091,-0.3396405238095238,-21.695373947143167,-26.434292533870433,-31.940433154291497,-476802.6030190424,-1135707.2328426924,-921051.4197007231,79.32275236486385,107.45732459202009,-38.25203321650224,-0.9787868985507289,-1.841740925757573,-1.5616623015873055,0.04061774714861983,0.06209400742339298,-0.053623800529979136,-0.02019091360156496,-0.007610901462210517,0.001389597826086969,-0.003474572463768144,0.002084967391304371,0.004864177536231848,0.00450179545454546,-0.003953469696969719,-0.0005482954545453778,0.008455280303030277
2004,Portugal,PRT,182,10524.145,14138.59741641843,99.42334007000446,98.0506,30523063.7288,0.2339399205626245,183.406794044762,-2224611.036825544,10847078.61,8444831.11248,9992022.88,26092531.818,2.10633333333333,4.14333,196.82082272535325,6.3166,239.0515387420623,0.6709950000000001,6269673.586,8365712.896,147.18596285147933,34743731.0,14201142.0,18125778.0,16617953.0,34980892.0,6.574883460998535,137.11209106445312,57.94709777832031,0.0,0.0,1.0,1.0,PEG,DEU,-0.23596126,0.1799686998128891,0.2245179712772369,0.1071621254086494,0.021063333377242,,,0.1924868524074554,0.0320311151444911,0.0268607698380947,,,,,,0.0414333008229732,,0.18659208714962,0.2179783433675766,0.0641127303242683,0.352836,0.105756,0.541409,1.0,0.24708,0.22954325,0.22954325,0.1174601666666666,0.1174601666666666,0.65299675,0.65299675,0.1120829166666666,0.1120829166666666,0,33418544.0,32312486.0,29547037.0,13305589.0,12998852.0,11500650.0,24827690.88,24020149.384,24372596.74,4.17833,5.00667,5.1575,2.33346666666667,3.31859166666667,4.26178333333333,195.5717238297865,193.48128972688636,192.2838064871925,0.638973,0.600437,0.573802,178.91643999875467,173.30623146100078,167.12078516674424,-1748003.5040520497,-2143207.2462181244,-2886072.876360037,13980.069580418249,14170.93849166225,14127.25924856187,2.0369966666666697,1.84486333333333,1.6880783333333298,0.8957166666666696,0.03423004964706213,0.02359723766375677,0.03361933696123925,0.01080432172977005,-0.013469038155539388,-4053846.6776782647,-5169618.911618181,-7954659.309333339,-3339856.0924347825,-3557400.747299999,-4956000.812666666,-4035485.6164434813,-4247461.772499997,-3382350.915523812,-0.5208711739130436,0.12830059090909085,0.13440666666666612,0.3011307246376851,1.1776798500000036,2.0035856349206322,3.5814611726852945,4.461139054409784,5.439908799220774,-0.26945717391304347,-0.2962819090909091,-0.3077695238095238,-16.085165409389276,-20.248846239613897,-24.88228775416215,-81598.86085296771,-392841.6027007799,-1041306.2051719609,-111.54615887913678,151.1365676923997,166.78983077166413,-0.8220018985507287,-1.0493792590909128,-1.8691789682539657,-0.018747002574556082,-0.04457982654793176,-0.0055436590939517486,-0.015614278235875847,-0.024171780882348066,0.001389597826086969,-0.003474572463768144,0.002084967391304371,0.004864177536231848,0.00450179545454546,-0.003953469696969719,-0.0005482954545453778,0.008455280303030277
2005,Portugal,PRT,182,10566.212,14191.465057007195,100.0,99.6516,31786962.401400004,0.2327044025157232,187.3131614710499,-3218199.254278528,11398805.074,8609234.37176,11265284.062,27711624.45,2.18468333333333,3.4375,201.29073860990243,7.5817,246.780979394224,0.722491,6567990.802,8516475.36,169.94320589980504,37388088.0,15885592.0,20008304.0,17379784.0,36326400.0,6.438308238983154,133.0977783203125,55.45767211914063,0.0,0.0,1.0,1.0,PEG,DEU,0.03646125,0.1718716323375702,0.1678013354539871,0.0649326890707016,0.0218468327075243,,,0.1401687562465667,0.0276325829327106,0.0242355205118656,0.1391692012548446,0.0287072695791721,,,,0.034375000745058,0.0327024385333061,0.1415246427059173,0.168437197804451,0.0433897599577903,0.22954325,0.1174601666666666,0.65299675,,0.1120829166666666,0.352836,0.22954325,0.105756,0.1174601666666666,0.541409,0.65299675,0.24708,0.1120829166666666,0,34743731.0,33418544.0,32312486.0,14201142.0,13305589.0,12998852.0,26092531.818,24827690.88,24020149.384,4.14333,4.17833,5.00667,2.10633333333333,2.33346666666667,3.31859166666667,196.82082272535325,195.5717238297865,193.48128972688636,0.6709950000000001,0.638973,0.600437,183.406794044762,178.91643999875467,173.30623146100078,-2224611.036825544,-1748003.5040520497,-2143207.2462181244,14138.59741641843,13980.069580418249,14170.93849166225,1.25281666666667,2.0369966666666697,1.84486333333333,1.6880783333333298,0.03965424107046674,0.0673065281063469,0.05094476744186051,0.006386909472935355,0.011339559870447973,-2728659.6776782647,-4063560.9116181806,-5189210.309333339,-2444303.0924347825,-3250663.747299999,-3457798.8126666658,-2770644.6784434803,-3439920.276499998,-3734798.271523811,-0.5558711739130437,-0.700039409090909,-0.0164233333333339,0.07399739130434524,0.1925548500000036,1.060393968253972,4.830560068252055,6.551573157309917,6.637392038914641,-0.23743517391304336,-0.2577459090909091,-0.28113452380952386,-11.59481136338195,-14.638637701860006,-18.696841459905613,-558206.3936264622,2362.1394652947783,-298440.5750300484,46.98167712104441,-39.732343551600934,210.46907387204374,-0.629868565217389,-0.8925942590909126,-1.0768173015873055,-0.01332281115115147,-0.0008705361053416294,0.011781771386669512,-0.020031690492710544,0.0006368171436392945,0.12468234782608695,-0.015178739130434743,-0.10950278260869561,0.13986126086956524,0.00450179545454546,-0.003953469696969719,-0.0005482954545453778,0.008455280303030277
2006,Portugal,PRT,182,10605.87,14343.1627956971,101.44193641280488,100.0,33332237.561,0.2228915662650602,193.01742028838407,-3250985.8424919457,12717375.188,10118800.278966,11638581.546,28717242.162,3.079225,3.915,205.5335456027503,7.6474,249.96543608475727,0.7367940000000001,7166429.572,8633757.33,152.22627182991647,41466292.0,18362346.0,23050818.0,18415474.0,38683376.0,6.5072407722473145,137.6216278076172,56.65263366699219,0.0,0.0,1.0,1.0,PEG,DEU,0.65260124,0.3327177464962005,0.1101290136575698,-0.0046359319239854,0.030792249366641,,,0.0851548239588737,0.0249741896986961,0.0230144020169973,0.2924963533878326,0.0311191715300083,,,,0.0391499996185302,0.0402214154601097,0.1242555752396583,0.1542579531669616,0.0130781587213277,0.22954325,0.1174601666666666,0.65299675,0.0,0.1120829166666666,0.22954325,0.352836,0.1174601666666666,0.105756,0.65299675,0.541409,0.1120829166666666,0.24708,1,37388088.0,34743731.0,33418544.0,15885592.0,14201142.0,13305589.0,27711624.45,26092531.818,24827690.88,3.4375,4.14333,4.17833,2.18468333333333,2.10633333333333,2.33346666666667,201.29073860990243,196.82082272535325,195.5717238297865,0.722491,0.6709950000000001,0.638973,187.3131614710499,183.406794044762,178.91643999875467,-3218199.254278528,-2224611.036825544,-1748003.5040520497,14191.465057007195,14138.59741641843,13980.069580418249,0.8357749999999999,1.25281666666667,2.0369966666666697,1.84486333333333,0.07611033483997444,0.11861370022213706,0.06205195583523497,0.022710584290090936,0.003739242233983757,-84302.67767826468,-2738373.9116181806,-4083152.3093333393,-759853.0924347825,-2355110.747299999,-3151061.8126666658,-1151552.046443481,-2175079.338499997,-2927256.7755238116,-1.2617011739130435,-0.7350394090909091,-0.8447633333333338,0.15234739130434516,-0.03457848333333624,0.075268968253972,9.300475952801236,7.800672052876678,8.727826141814774,-0.1859391739130435,-0.225723909090909,-0.24259852380952385,-7.688443937094036,-10.14828365585268,-13.086632922151722,-1551794.611079446,-474245.3933081997,96763.16713602631,99.84931770980984,118.79549244858026,19.60016262804311,-1.4140485652173886,-0.7004609257575729,-0.9200323015873053,0.023133282618356225,0.05043663601044854,0.022888959780043974,-0.003708015675554961,-0.006963500492824922,0.001389597826086969,-0.003474572463768144,0.002084967391304371,0.004864177536231848,0.12779454545454544,-0.015657636363636318,-0.11213604545454536,0.14345236363636366
2007,Portugal,PRT,182,10642.836,14631.417929800691,103.78073311884611,101.1879,35181262.9988,0.2228571428571428,197.69368767774773,-3163979.3706630394,13633419.54722,10974508.176912,11323223.36,30987500.33,4.27760833333333,4.42417,206.4677889926085,7.9637,260.15000951836043,0.7272799999999999,7849271.264,9192901.628,136.1877589837646,45887924.0,20165482.0,25516948.0,20370976.0,43694980.0,6.216100215911865,141.38119506835938,57.41265869140625,0.0,0.0,1.0,1.0,PEG,DEU,0.89542246,0.1831146776676178,0.0474180653691291,0.0153948254883289,0.0427760817110538,,,0.0237857643514871,0.0236322991549968,0.023083247244358,0.1501441150903701,0.0286664627492427,,,,0.0442417003214359,0.0329705625772476,0.0670420005917549,0.0771799609065055,0.0290854535996913,0.22954325,0.1174601666666666,0.65299675,,0.1120829166666666,0.22954325,0.22954325,0.1174601666666666,0.1174601666666666,0.65299675,0.65299675,0.1120829166666666,0.1120829166666666,1,41466292.0,37388088.0,34743731.0,18362346.0,15885592.0,14201142.0,28717242.162,27711624.45,26092531.818,3.915,3.4375,4.14333,3.079225,2.18468333333333,2.10633333333333,205.5335456027503,201.29073860990243,196.82082272535325,0.7367940000000001,0.722491,0.6709950000000001,193.01742028838407,187.3131614710499,183.406794044762,-3250985.8424919457,-3218199.254278528,-2224611.036825544,14343.1627956971,14191.465057007195,14138.59741641843,0.14656166666667048,0.8357749999999999,1.25281666666667,2.0369966666666697,0.10907762921709181,0.15591197356699077,0.03628865979381448,0.021078003996350538,0.010689364211554942,3993901.3223217353,-94016.91161818057,-2757965.3093333393,1716900.9075652175,-670660.747299999,-2255508.8126666658,-145934.33444347978,-555986.7064999975,-1662415.8375238106,-0.7842011739130434,-1.4408694090909089,-0.8797633333333339,1.0468890579710153,0.04377151666666368,-0.15186436507936785,13.54328294564911,12.270587937425859,9.976925037381534,-0.17163617391304342,-0.17422790909090913,-0.21057652380952374,-1.9841851197598714,-6.241916229564765,-8.596278876144396,-1584581.1992928637,-1467833.6107611835,-379844.3656374682,251.54705639971507,171.6631330373457,178.1279986282243,-1.8310902318840587,-1.4846409257575726,-0.7278989682539656,0.0561005769954736,0.08773490935530225,-0.002874336261376516,-0.005340595969295359,-1.33785152537369e-05,0.001389597826086969,-0.003474572463768144,0.002084967391304371,0.004864177536231848,0.00450179545454546,-0.003953469696969719,-0.0005482954545453778,0.008455280303030277
2008,Portugal,PRT,182,10676.91,14583.489043178224,103.9620386293128,102.6532,35906887.5496,0.2290502793296089,202.9364439603973,-4498936.563099426,14655273.895436,11224879.320684,10898402.002,33525401.968,4.63423333333333,4.5225,193.439997202188,7.5517,266.53390059552345,0.756425,8127339.798,9247633.214,144.05547172522807,49796320.0,20943352.0,26578700.0,23217620.0,48021968.0,5.129000186920166,137.39796447753906,56.933353424072266,1.0,1.0,1.0,1.0,PEG,DEU,-0.035735,-0.4971774220466614,0.0526249893009662,0.0992255210876464,0.0463423319160938,,,0.0288421865552663,0.0237828027456998,0.0231160838156938,-0.5128112435340881,0.0320898368954658,,,,0.0452249981462955,0.0156338084489107,0.0086806835606694,-0.0110203847289085,0.072783924639225,0.22954325,0.1174601666666666,0.65299675,,0.1120829166666666,0.22954325,0.22954325,0.1174601666666666,0.1174601666666666,0.65299675,0.65299675,0.1120829166666666,0.1120829166666666,1,45887924.0,41466292.0,37388088.0,20165482.0,18362346.0,15885592.0,30987500.33,28717242.162,27711624.45,4.42417,3.915,3.4375,4.27760833333333,3.079225,2.18468333333333,206.4677889926085,205.5335456027503,201.29073860990243,0.7272799999999999,0.7367940000000001,0.722491,197.69368767774773,193.01742028838407,187.3131614710499,-3163979.3706630394,-3250985.8424919457,-3218199.254278528,14631.417929800691,14343.1627956971,14191.465057007195,-0.11173333333332991,0.14656166666667048,0.8357749999999999,1.25281666666667,0.10663196024375654,0.09819747433143891,0.07905557766281993,0.004545454549126799,0.020097041232082096,8415533.322321735,3984187.0883818194,-113608.30933333933,3520036.9075652175,1806093.252700001,-571058.8126666658,2124323.833556518,449631.0055000037,-43323.20552381128,-0.2750311739130433,-0.9633694090909088,-1.5855933333333336,2.245272391304345,0.9383131833333338,-0.07351436507936793,14.477526335507292,16.513394930273734,14.446840921930715,-0.18115017391304356,-0.15992490909090906,-0.15908052380952387,2.6920822696037874,-0.537657412230601,-4.689911449856481,-1497574.7274639574,-1500620.1989746012,-1373432.583090452,539.8021905033056,323.3608717272509,230.99563921698973,-2.520303565217388,-1.9016825924242426,-1.5120789682539653,0.05365490802213833,0.030020410119750388,0.03989258160762893,-0.0218731454165191,0.009394298505273417,0.001389597826086969,-0.003474572463768144,0.002084967391304371,0.004864177536231848,0.00450179545454546,-0.003953469696969719,-0.0005482954545453778,0.008455280303030277
2009,Portugal,PRT,182,10708.0,14118.34417888815,100.6202932851336,101.5833,35167830.7048,0.2114285714285714,201.10355711648396,-3496199.6672048406,12027031.660042,9598619.256702,10922058.878,31654904.908,1.22835833333333,4.21083,193.85716034199777,9.4319,273.5104231246791,0.877991,6894575.98,9778108.586,139.1656254338469,51278082.0,22019940.0,27659900.0,23618182.0,49838092.0,6.036499977111816,133.3400115966797,57.11309814453125,0.0,0.0,1.0,1.0,PEG,DEU,-2.7934349,0.399630606174469,-0.0547274090349674,0.0526253469288349,0.0122835831716656,,,-0.0784657970070838,0.0237383879721164,0.0257596392184495,0.3485449254512787,0.0378820672631263,,,,0.0421083010733127,0.0510856695473194,0.0200332347303628,0.0158143304288387,0.032454464584589,0.22954325,0.1174601666666666,0.65299675,,0.1120829166666666,0.22954325,0.22954325,0.1174601666666666,0.1174601666666666,0.65299675,0.65299675,0.1120829166666666,0.1120829166666666,0,49796320.0,45887924.0,41466292.0,20943352.0,20165482.0,18362346.0,33525401.968,30987500.33,28717242.162,4.5225,4.42417,3.915,4.63423333333333,4.27760833333333,3.079225,193.439997202188,206.4677889926085,205.5335456027503,0.756425,0.7272799999999999,0.7367940000000001,202.9364439603973,197.69368767774773,193.01742028838407,-4498936.563099426,-3163979.3706630394,-3250985.8424919457,14583.489043178224,14631.417929800691,14343.1627956971,2.9824716666666697,-0.11173333333332991,0.14656166666667048,0.8357749999999999,0.0851726480369868,0.03857433211861735,0.08190081842590498,-0.06309842253837897,-0.003275751321739454,12323929.322321735,8405819.08838182,3964595.6906666607,4297906.907565217,3609229.252700001,1905695.1873333342,4662225.471556518,2719889.1735000014,962294.5064761899,-0.17670117391304352,-0.4541994090909087,-1.1080933333333336,2.601897391304345,2.1366965166666634,0.8210273015873022,1.4497345450868124,17.447638320131915,18.68964791477859,-0.15200517391304347,-0.1694389090909092,-0.1447775238095238,7.934838552253353,4.138609977133058,1.0143473674776828,-2832531.919900344,-1413613.727145695,-1406219.1713038697,491.87330388083865,611.6160058308415,382.69337790689497,-2.7785985652173886,-2.590895925757572,-1.9291206349206353,0.03219559581536859,-0.029602732093071175,0.04273782237071398,-0.08951702250402487,-0.013978494048548132,0.001389597826086969,-0.003474572463768144,0.002084967391304371,0.004864177536231848,0.00450179545454546,-0.003953469696969719,-0.0005482954545453778,0.008455280303030277
2010,Portugal,PRT,182,10713.066237698717,14279.047520578404,102.32171043483542,103.9710737426447,36008732.4056,0.2055555555555555,203.90100613004623,-3661724.063449045,13580326.90157,10827575.72104,10728192.784,31852580.16,0.810958333333333,5.39583,195.34924406661003,10.7699,277.37589927739674,1.002145,7181265.24,10137372.33,150.03891632989072,51290514.0,22775558.0,28310064.0,22980450.0,51943052.0,6.209400177001953,123.86885833740234,56.83582305908203,0.0,0.0,1.0,1.0,PEG,DEU,-0.2121875,-0.0621136613190174,0.0454331897199153,-0.1244320198893547,0.0081095835193991,,,0.019134996458888,0.0262981932610273,0.0258044265210628,-0.1009183675050735,0.0431603789329528,,,,0.0539583005011081,0.0388047024607658,0.0052027301862835,0.0302053559571504,-0.0581612177193164,0.130155,0.122,0.747845,2.0,0.008155,0.22954325,0.22954325,0.1174601666666666,0.1174601666666666,0.65299675,0.65299675,0.1120829166666666,0.1120829166666666,0,51278082.0,49796320.0,45887924.0,22019940.0,20943352.0,20165482.0,31654904.908,33525401.968,30987500.33,4.21083,4.5225,4.42417,1.22835833333333,4.63423333333333,4.27760833333333,193.85716034199777,193.439997202188,206.4677889926085,0.877991,0.756425,0.7272799999999999,201.10355711648396,202.9364439603973,197.69368767774773,-3496199.6672048406,-4498936.563099426,-3163979.3706630394,14118.34417888815,14583.489043178224,14631.417929800691,4.584871666666667,2.9824716666666697,-0.11173333333332991,0.14656166666667048,0.029756455898749146,0.05140476080428768,-0.05579342678084482,0.002156550588520378,-0.031895307282975384,13805691.322321735,12314215.08838182,8386227.690666661,5374494.907565217,4387099.252700001,3708831.1873333342,2791728.4115565196,5257790.811500002,3232552.6744761877,-0.48837117391304385,-0.3558694090909089,-0.5989233333333335,-0.8039776086956547,2.4933215166666636,2.0194106349206318,1.8668976848965713,4.419846529711435,19.62389130463677,-0.030439173913043516,-0.1402939090909091,-0.15429152380952393,6.10195170834001,9.381366259782624,5.690614756841342,-1829795.0240057586,-2748570.919582082,-1319212.6994749634,26.728439590764538,563.6871192083745,670.9485120104855,0.3156064347826111,-2.8491909257575725,-2.618333968253965,-0.023220596322869068,-0.016772303407400845,-0.09495642283603581,-0.02426204937712552,-0.04259805000978406,0.001389597826086969,-0.003474572463768144,0.002084967391304371,0.004864177536231848,0.00450179545454546,-0.003953469696969719,-0.0005482954545453778,0.008455280303030277
2011,Portugal,PRT,182,10697.867524602574,14038.770273377344,100.7342214826734,96.8401281313364,35304118.3684,0.1818181818181818,211.14943930514036,-2280463.931126526,13643162.170492,12163983.119544,10042143.38,31243515.844,1.3906,10.2408,185.76897470403316,12.6772,275.29447253959125,1.144031,8312986.13,9768685.932,154.9439678491383,50804746.0,22659478.0,27988290.0,22816456.0,53310720.0,5.011300086975098,116.0670928955078,57.23625564575195,0.0,0.0,1.0,1.0,PEG,DEU,0.37260476,-0.2037296295166015,-0.1075711101293563,-0.3133552074432373,0.0139060001820325,,,-0.1336173117160797,0.026046197861433,0.0300631560385227,-0.233046293258667,0.0382248312234878,,,,0.1024079993367195,0.0293166767805814,-0.1280696988105774,-0.118300475180149,-0.1497246026992797,0.374351,0.027267,0.598382,2.0,0.347084,0.130155,0.22954325,0.122,0.1174601666666666,0.747845,0.65299675,0.008155,0.1120829166666666,0,51290514.0,51278082.0,49796320.0,22775558.0,22019940.0,20943352.0,31852580.16,31654904.908,33525401.968,5.39583,4.21083,4.5225,0.810958333333333,1.22835833333333,4.63423333333333,195.34924406661003,193.85716034199777,193.439997202188,1.002145,0.877991,0.756425,203.90100613004623,201.10355711648396,202.9364439603973,-3661724.063449045,-3496199.6672048406,-4498936.563099426,14279.047520578404,14118.34417888815,14583.489043178224,8.850200000000001,4.584871666666667,2.9824716666666697,-0.11173333333332991,0.00024244276531247796,0.03431517070437067,0.006244695808580451,0.007696820287576492,0.011382591304903988,13818123.322321735,13795977.08838182,12294623.69066666,6130112.907565217,5463687.252700001,4486701.187333334,2989403.66355652,3387293.751500003,5770454.312476188,0.6966288260869566,-0.6675394090909093,-0.5005933333333337,-1.2213776086956518,-0.9125534833333362,2.376035634920632,3.3589814095088286,4.837009669521194,6.5960995142162915,0.09371482608695658,-0.018727909090909156,-0.12514652380952385,8.899400721902282,7.548479415869281,10.933371039490908,-1995319.4202499632,-1745834.023687496,-2654169.89191135,187.43178128101863,98.54225491830039,623.0196253880185,1.9180064347826087,0.24501407424242716,-2.876628968253965,-0.05273460945630574,-0.03386189350731785,-0.03291830024661055,-0.018721779678069407,0.0006798485780953097,-0.09799865217391304,0.0010652608695652516,0.09693321739130434,-0.09906373913043476,0.00450179545454546,-0.003953469696969719,-0.0005482954545453778,0.008455280303030277
2012,Portugal,PRT,182,10654.29788039364,13524.00842097281,97.03976228558076,92.06216401798352,33740238.4792,0.1607142857142857,217.0111776603764,-541387.8914699872,12913339.727094,12746389.94545,9592061.29,28487489.79,0.573183333333333,10.5475,172.63135933064856,15.5268,268.24984274985894,1.290351,7957331.062,9774499.91,151.94937092617857,47991382.0,21987462.0,26868398.0,21122984.0,52263252.0,6.548200130462647,119.4756851196289,59.54528045654297,0.0,0.0,1.0,1.0,PEG,DEU,-0.48489609,0.0769294649362564,-0.0103695262223482,0.8112969994544983,0.0057318331673741,,,-0.0410352647304534,0.0306657385081052,0.0319779627025127,0.0282499361783266,0.0473421178758144,,,,0.1054750010371208,0.0486795306205749,0.1489151865243911,0.0009925276972353,0.4085144102573395,0.201111,0.200791,0.598099,3.0,0.00032,0.374351,0.130155,0.027267,0.122,0.598382,0.747845,0.347084,0.008155,0,50804746.0,51290514.0,51278082.0,22659478.0,22775558.0,22019940.0,31243515.844,31852580.16,31654904.908,10.2408,5.39583,4.21083,1.3906,0.810958333333333,1.22835833333333,185.76897470403316,195.34924406661003,193.85716034199777,1.144031,1.002145,0.877991,211.14943930514036,203.90100613004623,201.10355711648396,-2280463.931126526,-3661724.063449045,-3496199.6672048406,14038.770273377344,14279.047520578404,14118.34417888815,9.974316666666667,8.850200000000001,4.584871666666667,2.9824716666666697,-0.00947091308151055,-0.005096691813214851,-0.01912134944612285,-0.04904175292999956,-0.016827260141461256,13332355.322321735,13808409.08838182,13776385.69066666,6014032.907565217,6219305.252700001,5563289.187333334,2380339.3475565203,3584969.0035000034,3899957.2524761893,5.541598826086957,0.5174605909090912,-0.812263333333334,-0.6417359420289848,-1.3299534833333333,-1.0298393650793678,-6.2212879530680425,6.3290933941334515,7.01326265402605,0.23560082608695654,0.10542609090909094,-0.0035805238095238945,16.147833896996417,10.345928429431552,9.100484195577565,-614059.2879274441,-1911358.4199317007,-1651432.9960167645,-52.84546592004153,259.2455966085545,157.87476109794443,6.183334768115943,1.8474140742424248,0.21757603174603446,-0.062447965303128766,-0.07327375602490338,-0.058284345501313846,-0.07546035289564546,-0.027530002868269933,0.14619734782608695,-0.09366773913043475,-0.052529782608695674,0.23986526086956525,-0.09488645454545455,0.0005863636363636765,0.09429995454545459,-0.09547263636363633
2013,Portugal,PRT,182,10595.529523088568,13472.899062170522,96.6735358973982,91.6035754689965,34180637.2886,0.1470588235294117,217.96480375100435,540138.4434512188,13162253.366726002,13537753.345978,10119328.95,28859183.418,0.220666666666667,6.29417,169.37879874392524,16.1834,275.5221868243909,1.314298,8243017.912,9799760.642,145.37161917192373,45594418.0,21205984.0,25684752.0,19909666.0,52257364.0,6.342199802398682,111.3933334350586,55.8472785949707,0.0,0.0,1.0,1.0,PEG,DEU,-0.16583334,0.1560119539499282,0.0134796611964702,0.1223426908254623,0.0022066666278988,,,-0.018896747380495,0.0323764085769653,0.032999999821186,0.1181245446205139,0.0338847897946834,,,,0.062941700220108,0.0378874167799949,0.0455083660781383,0.0354667454957962,0.0622746795415878,0.383709,0.14389,0.4724,2.0,0.239818,0.201111,0.374351,0.200791,0.027267,0.598099,0.598382,0.00032,0.347084,0,47991382.0,50804746.0,51290514.0,21987462.0,22659478.0,22775558.0,28487489.79,31243515.844,31852580.16,10.5475,10.2408,5.39583,0.573183333333333,1.3906,0.810958333333333,172.63135933064856,185.76897470403316,195.34924406661003,1.290351,1.144031,1.002145,217.0111776603764,211.14943930514036,203.90100613004623,-541387.8914699872,-2280463.931126526,-3661724.063449045,13524.00842097281,14038.770273377344,14279.047520578404,6.073503333333333,9.974316666666667,8.850200000000001,4.584871666666667,-0.05537600758795251,-0.029657170390244646,-0.08821113692072745,-0.07072018023631459,-0.0366671611815396,10518991.322321735,13322641.08838182,13788817.69066666,5342016.907565217,6103225.252700001,6318907.187333334,-375686.70644348115,2975904.6875000037,4097632.5044761896,5.848298826086956,5.362430590909091,0.3727366666666665,-1.4591526086956517,-0.7503118166666662,-1.447239365079365,-19.358903326452634,-3.2511759684434196,8.505346378638308,0.38192082608695654,0.2473120909090909,0.1205734761904762,22.00957225223246,17.594361604525687,11.897933209139836,1125016.751729095,-530098.2876091816,-1816957.3922609692,-567.6073183245753,18.968349407494316,318.5781027881985,7.3074514347826085,6.112742407575759,1.819976031746032,-0.10835305980957072,-0.09783423460193316,-0.12737413297591843,-0.09713878020196048,-0.047369903908348276,-0.027042652173913023,0.07985626086956525,-0.052812782608695596,-0.10689873913043475,0.14930954545454544,-0.09414663636363632,-0.05516304545454542,0.2434563636363637
2014,Portugal,PRT,182,10538.78766086298,13653.006812250058,97.9661770638199,94.29145787843386,34694151.8834,0.1502890173410404,217.61703643813772,55859.5616715048,13900676.08696,13952588.294594,11024104.216,28959424.418,0.209933333333333,3.75416666666667,176.4741512154753,13.8941,271.39475810358675,1.329407,8269882.5,9714756.274,165.1280784119924,42134900.976,20381802.048,24796616.17,17338284.806,47273392.0,7.076300144195557,104.90010833740234,51.391849517822266,0.0,0.0,1.0,1.0,PEG,DEU,0.0075,-0.2112113386392593,0.0770260691642761,0.3433554768562317,0.0020993333309888,,,0.0425004325807094,0.0345256403088569,0.0331181064248085,-0.2312439531087875,0.0260584894567728,,,,0.0375416651368141,0.0200326219201087,0.092152252793312,0.041665218770504,0.1727274060249328,0.147722,0.124669,0.727609,3.0,0.023053,0.383709,0.201111,0.14389,0.200791,0.4724,0.598099,0.239818,0.00032,0,45594418.0,47991382.0,50804746.0,21205984.0,21987462.0,22659478.0,28859183.418,28487489.79,31243515.844,6.29417,10.5475,10.2408,0.220666666666667,0.573183333333333,1.3906,169.37879874392524,172.63135933064856,185.76897470403316,1.314298,1.290351,1.144031,217.96480375100435,217.0111776603764,211.14943930514036,540138.4434512188,-541387.8914699872,-2280463.931126526,13472.899062170522,13524.00842097281,14038.770273377344,3.544233333333337,6.073503333333333,9.974316666666667,8.850200000000001,-0.049945717337333606,-0.03554198297193191,0.013047608993982981,-0.01884107614824225,-0.003779157570105404,8122027.322321735,10509277.08838182,13303049.69066666,4560538.907565217,5431209.252700001,6202827.187333334,-3993.078443478793,219878.63350000232,3488568.18847619,1.5949688260869568,5.6691305909090906,5.2177066666666665,-1.8116692753623178,-1.5677284833333331,-0.8675976984126978,-22.611463913175953,-16.38879134182801,-1.0749229839385634,0.4058678260869565,0.3936320909090909,0.26245947619047616,22.96319834286041,23.45609995976173,19.14636638423397,2206543.086650301,1208977.7520473571,-435697.25993845006,-618.7166771268639,-495.79350299703947,78.30085558713836,3.4066381014492744,7.236859074242425,6.085304365079366,-0.10292276955895183,-0.10371904718362043,-0.026115387061208015,-0.04525967611388815,-0.014481900296914083,0.155555347826087,0.022955260869565244,-0.17851178260869566,0.13259926086956525,-0.023930454545454533,0.07937736363636368,-0.055446045454545345,-0.10330763636363632
2015,Portugal,PRT,182,10495.21801665405,13955.367646941671,100.13562128570018,96.6124988697473,36029261.7624,0.1551722208611335,218.72158041925496,86057.94689684898,14366945.494604,14633322.920774,13312004.8,30155099.066,-0.02,2.42333333333333,181.9321146551292,12.4444,272.9714276084999,1.311792,8598071.534,9721973.626,184.14806650133187,40248565.838,19588294.292,23765938.208,16482627.63,46951520.0,7.7991,99.2849349975586,44.350977836201096,0.0,0.0,1.0,1.0,PEG,DEU,-0.20416667,0.1860488057136535,0.0639559775590896,0.0533071979880332,-0.0001999999949475,,,0.0305066928267478,0.033449288457632,0.0324590690433979,0.1429462879896164,0.0377117656171321,,,,0.0242333337664604,0.0431025214493274,0.0596733726561069,0.0800267681479454,0.0265535991638898,0.191509,0.03618,0.772311,1.0,0.155329,0.147722,0.383709,0.124669,0.14389,0.727609,0.4724,0.023053,0.239818,0,42134900.976,45594418.0,47991382.0,20381802.048,21205984.0,21987462.0,28959424.418,28859183.418,28487489.79,3.75416666666667,6.29417,10.5475,0.209933333333333,0.220666666666667,0.573183333333333,176.4741512154753,169.37879874392524,172.63135933064856,1.329407,1.314298,1.290351,217.61703643813772,217.96480375100435,217.0111776603764,55859.5616715048,540138.4434512188,-541387.8914699872,13653.006812250058,13472.899062170522,13524.00842097281,2.44333333333333,3.544233333333337,6.073503333333333,9.974316666666667,-0.07587588954419808,-0.03886553682205926,0.0034734524032817176,0.04189044038668111,0.013368151074867511,4662510.298321739,8112313.088381819,10489685.69066666,3736356.955565218,4649731.252700001,5530811.187333334,96247.9215565212,591572.2615000047,732542.1344761886,-0.9450345072463735,1.4158005909090914,5.524406666666666,-1.8224026086956517,-1.9202451499999993,-1.6850143650793648,-15.516111441625895,-19.64135192855133,-14.212538357323155,0.4209768260869565,0.41757909090909084,0.40877947619047617,22.615431029993772,24.40972605038968,25.008104739470014,1722264.2048705867,2290504.0869685635,1303378.779718089,-438.6089270473276,-546.9028617993281,-436.4609968173954,0.8773681014492785,3.3360457409090905,7.209421031746031,-0.1288529417658163,-0.10704260103374778,-0.03568954365190928,0.015471840421035214,0.002665408348058833,-0.08043165217391304,0.0037342608695652563,0.0766972173913043,-0.08416573913043475,0.15866754545454548,0.02247636363636367,-0.1811450454545454,0.13619036363636366
2016,Portugal,PRT,182,10462.794095382284,14282.143266913396,102.48062053690116,99.39849949684948,37387848.0836,0.1549326466956417,220.1126496707214,458517.6891102433,14604967.749104,15033962.540898,15433304.842,33097372.898,-0.26369,3.1725,194.84929479564332,11.0662,274.0806280904409,1.315057,8867118.378,10096554.1948,190.1925813490181,38699267.942,18960986.114,23197371.256,15501896.686,46533176.0,7.1276,93.63054656982422,41.13760259435325,0.0,0.0,1.0,1.0,PEG,DEU,-0.21250001,-1.6875230357982218e-05,0.104162722826004,-0.035367265343666,-0.002637,,,0.0711499452590942,0.0330127738416194,0.0308199357241392,-0.0003357099194545,0.0003189417766407,,,,0.031717,0.0003188347036484,0.0410702638328075,0.0875090211629867,-0.0190021321177482,0.056752,0.342995,0.600253,1.0,-0.286243,0.191509,0.147722,0.03618,0.124669,0.772311,0.727609,0.155329,0.023053,0,40248565.838,42134900.976,45594418.0,19588294.292,20381802.048,21205984.0,30155099.066,28959424.418,28859183.418,2.42333333333333,3.75416666666667,6.29417,-0.02,0.209933333333333,0.220666666666667,181.9321146551292,176.4741512154753,169.37879874392524,1.311792,1.329407,1.314298,218.72158041925496,217.61703643813772,217.96480375100435,86057.94689684898,55859.5616715048,540138.4434512188,13955.367646941671,13653.006812250058,13472.899062170522,3.43619,2.44333333333333,3.544233333333337,6.073503333333333,-0.044768946747364105,-0.03893216871262202,0.041287928611482186,0.030927835051546504,0.022146098573709236,2776175.160321735,4652796.064381823,8092721.690666661,2942849.199565217,3825549.3007000014,4749333.187333334,1291922.5695565194,691813.2615000047,1104235.762476191,-2.2758678405797137,-1.124202742424239,1.2710766666666666,-2.052335942028985,-1.9309784833333332,-2.037531031746031,-10.058148001972,-12.545999457001273,-17.465098944046474,0.4033618260869566,0.4326880909090909,0.4327264761904761,23.719975011111018,24.061958737523042,25.961730830097963,1752462.590095931,1806225.2051888492,2384905.114639295,-136.2480923557141,-366.79511171979175,-487.57035561968405,-0.22353189855072886,0.8067757409090945,3.3086076984126978,-0.09774599896898231,-0.10710923292431054,0.0021249325562911897,0.004509235085900606,0.011443355846900557,-0.03664465217391302,-0.08475473913043474,0.12139921739130433,0.04811026086956524,-0.07731945454545455,0.003255363636363681,0.07406395454545456,-0.08057463636363632
2017,Portugal,PRT,182,10436.449659348977,14819.093863819422,106.33296378032576,101.73455892084542,39283886.5504,0.1678397462255267,223.5378296200869,508112.0604127101,16387224.661624,16783753.197856,17863948.61,35966470.8,-0.32905,3.0525,212.8605741465012,8.867,279.634888189517,1.261434,9145387.394,10104814.0532,167.16584674393405,37654529.24,18688130.112,22993681.544,14660847.696,46894908.0,9.4988,90.12272644042967,37.89855230871926,0.0,0.0,1.0,1.0,PEG,DEU,-0.035,0.0017832271987572,0.1235507950186729,0.122087262570858,-0.003291,,,0.0924240350723266,0.0311267580837011,0.0284932926297187,0.001363011659123,0.0004196435329504,,,,0.030525,0.0004202155105303,0.0845490843057632,0.102773405611515,0.059398129582405,0.198447,0.080033,0.72152,10.0,0.118413,0.056752,0.191509,0.342995,0.03618,0.600253,0.772311,-0.286243,0.155329,0,38699267.942,40248565.838,42134900.976,18960986.114,19588294.292,20381802.048,33097372.898,30155099.066,28959424.418,3.1725,2.42333333333333,3.75416666666667,-0.26369,-0.02,0.209933333333333,194.84929479564332,181.9321146551292,176.4741512154753,1.315057,1.311792,1.329407,220.1126496707214,218.72158041925496,217.61703643813772,458517.6891102433,86057.94689684898,55859.5616715048,14282.143266913396,13955.367646941671,13653.006812250058,3.3815500000000003,3.43619,2.44333333333333,3.544233333333337,-0.038493244758978584,-0.03202464536466539,0.09757135353992004,0.0709999999999997,0.023415765764031107,1226877.264321737,2766460.926381819,4633204.666666664,2315541.0215652175,3032041.5447000004,3925151.2353333347,4234196.401556518,1887487.9095000029,1204476.762476191,-1.5267011739130436,-2.455036075757579,-1.2689266666666636,-2.296025942028985,-2.1609118166666663,-2.048264365079365,2.859032138542119,-7.0880360173473775,-10.369746472496416,0.40662682608695644,0.41507309090909095,0.44783547619047614,25.11104426257745,25.166502718640288,25.613963517231326,2124922.332309325,1836423.5904141935,1900626.2328595808,190.52752761601005,-64.43427702817826,-307.4626055401477,0.7693247681159412,-0.2941242590909128,0.7793376984127018,-0.0914702969805968,-0.10020170957635391,0.05840835748472904,0.044581400034353805,0.012713023037222429,-0.17140165217391304,0.22206026086956526,-0.05065878260869561,-0.3934617391304348,-0.03353245454545453,-0.08523363636363632,0.11876595454545458,0.05170136363636367
2018,Portugal,PRT,182,10420.237698713096,15265.784553742387,109.537971443123,104.56245067544326,41135718.7362,0.175225252807571,226.14717807448864,232055.93756801408,17681385.290195998,17871710.872075997,20327511.5224,39033544.677,-0.3220917,1.839167,234.7214633470787,6.9934,288.68427233502166,1.214814,9604511.2222,10339518.3306,175.09344978165936,37070685.5596,18647893.3746,23119163.2278,13951522.3318,47113472.0,9.106299999999996,86.16610513461396,36.03523813276375,0.0,0.0,1.0,1.0,PEG,DEU,-0.00666667,-0.0006527925143018,0.1317319124937057,0.0174892731010913,-0.003221,,,0.1027004718780517,0.0290314387530088,0.026327583938837,-0.0009878238197416,0.000335362565238,,,,0.018392,0.0003350312763359,0.0693993419408798,0.1135280653834343,0.0071341367438435,0.159801,0.077997,0.762202,10.0,0.081804,0.198447,0.056752,0.080033,0.342995,0.72152,0.600253,0.118413,-0.286243,0,37654529.24,38699267.942,40248565.838,18688130.112,18960986.114,19588294.292,35966470.8,33097372.898,30155099.066,3.0525,3.1725,2.42333333333333,-0.32905,-0.26369,-0.02,212.8605741465012,194.84929479564332,181.9321146551292,1.261434,1.315057,1.311792,223.5378296200869,220.1126496707214,218.72158041925496,508112.0604127101,458517.6891102433,86057.94689684898,14819.093863819422,14282.143266913396,13955.367646941671,2.1612587,3.3815500000000003,3.43619,2.44333333333333,-0.026996342761981634,-0.01439039089842141,0.0866865751200867,0.09243697478991643,0.03759593968994475,182138.5623217374,1217163.030381821,2746869.52866666,2042685.0195652172,2404733.366700001,3131643.4793333337,7103294.303556517,4829761.741500001,2400151.410476189,-1.6467011739130433,-1.705869409090909,-2.599760000000004,-2.361385942028985,-2.4046018166666663,-2.278197698412698,20.870311489399995,5.829144123166742,-4.911783032842521,0.35300382608695646,0.4183380909090908,0.4302204761904762,28.536224211942965,26.55757197010672,26.718507498348572,2174516.703611792,2208883.332627588,1930824.618084925,727.4781245220365,262.3413429435459,-5.1017708485342155,0.7146847681159416,0.6987324075757573,-0.3215623015873055,-0.07997339498359984,-0.08256745511010993,0.04752357906489571,0.06601837482427053,0.026893196963136072,-0.029706652173913023,-0.04090173913043474,0.0706082173913044,0.01119426086956525,-0.16828945454545455,0.22158136363636366,-0.053292045454545356,-0.38987063636363634
2019,Portugal,PRT,182,10422.26419379258,15671.51967650313,112.23768508791684,107.26297231019336,42978248.5572,0.1810622917955493,226.82521497378832,180737.36380269623,18504843.45314,18699159.428748,23119163.2278,41965613.9752,-0.3563333,0.7575,257.3327263188431,6.46,299.08400702714295,1.166078,10011750.3088,10801569.196,178.46003204557587,37258677.531,18607676.6854,23823135.7226,13435541.8084,47583480.0,9.3108,85.98677462298946,34.96800146560066,0.0,0.0,1.0,1.0,PEG,DEU,-0.03083333,0.0021239686757326,0.1267482042312622,0.0584022626280784,-0.003563,,,0.0995873212814331,0.0271608773618936,0.0247009731829166,0.0016368621727451,0.0004863105714321,,,,0.0075749999999999,0.0004871065902989,0.0763184577226638,0.1086546406149864,0.0274196304380893,0.296622,0.110399,0.59298,11.0,0.186223,0.159801,0.198447,0.077997,0.080033,0.762202,0.72152,0.081804,0.118413,0,37070685.5596,37654529.24,38699267.942,18647893.3746,18688130.112,18960986.114,39033544.677,35966470.8,33097372.898,1.839167,3.0525,3.1725,-0.3220917,-0.32905,-0.26369,234.7214633470787,212.8605741465012,194.84929479564332,1.214814,1.261434,1.315057,226.14717807448864,223.5378296200869,220.1126496707214,232055.93756801408,508112.0604127101,458517.6891102433,15265.784553742387,14819.093863819422,14282.143266913396,1.1138333,2.1612587,3.3815500000000003,3.43619,-0.015505271004152886,-0.0021530638516992283,0.08527591973244159,0.10270050848181851,0.030142915216533808,-401705.1180782616,172424.3283818215,1197571.6326666623,2002448.2821652181,2131877.3647000007,2504335.3013333343,10170368.18055652,7698859.6435,5342425.242476188,-2.8600341739130437,-1.8258694090909087,-1.8505933333333338,-2.354427642028985,-2.4699618166666664,-2.521887698412698,42.7312006899775,23.840423474024618,8.005397107671598,0.3063838260869566,0.3647150909090908,0.43348547619047606,31.14557266634469,29.982751919472236,28.109576749815005,1898460.580767096,2258477.703930055,2303284.3602983193,1174.1688144450018,799.2919398495724,321.67384912318994,-0.5056065318840588,0.6440924075757577,0.6712943650793646,-0.0684823232257711,-0.07033012806338775,0.04611292367725059,0.07628190851617261,0.019440172489725127,-0.06835265217391304,-0.04293773913043475,0.1112902173913044,-0.025414739130434752,-0.026594454545454532,-0.041380636363636314,0.06797495454545466,0.01478536363636368
2020,Portugal,PRT,182,10446.582134746404,14315.341283515145,103.54388633777036,100.82308659303258,40113962.2232,0.1908319932575922,226.54962578246003,-396345.7167606528,15702389.176134,14855088.290376,27849415.7286,46879387.6988,-0.42515,0.4166667,279.0162544523322,6.79,306.53820604713184,1.3518610000000002,9372653.7892,11820218.238,163.37869774264522,39039418.7996,19054009.762,24208482.1748,14830936.624799998,47977132.0,8.6653,81.69478957188973,34.326502438136934,0.0,0.0,1.0,1.0,PEG,DEU,-0.06833334,0.0012909887591376,0.1130529344081878,-0.0019653358031064,-0.004252,,,0.0877134799957275,0.02533945068717,0.023296071216464,0.0009095861460082,0.0003810559865087,,,,0.004167,0.0003814025840256,,,-0.0031086679082363,0.261504,0.037545,0.700951,5.0,0.223959,0.296622,0.159801,0.110399,0.077997,0.59298,0.762202,0.186223,0.081804,0,37258677.531,37070685.5596,37654529.24,18607676.6854,18647893.3746,18688130.112,41965613.9752,39033544.677,35966470.8,0.7575,1.839167,3.0525,-0.3563333,-0.3220917,-0.32905,257.3327263188431,234.7214633470787,212.8605741465012,1.166078,1.214814,1.261434,226.82521497378832,226.14717807448864,223.5378296200869,180737.36380269623,232055.93756801408,508112.0604127101,15671.51967650313,15265.784553742387,14819.093863819422,0.8418167,1.1138333,2.1612587,3.3815500000000003,0.005071176013126546,-0.002156634446160953,0.07511665472512619,0.09633231937690112,0.026578072114955782,-213713.14667826146,-411419.3520181775,152832.93066666275,1962231.5929652192,2091640.6273000017,2231479.299333334,13102437.478756517,10765933.520500004,8211523.1444761865,-3.9417011739130436,-3.039202409090909,-1.9705933333333334,-2.388669242028985,-2.4630035166666664,-2.587247698412698,65.34246366174187,45.70131267460212,26.016676458529474,0.25764782608695647,0.31809509090909094,0.3798624761904761,31.823609565644375,32.59210037387396,31.53475669918052,1847142.007001778,1982421.5810853585,2352878.731600786,1579.903937205745,1245.9826297725376,858.6244460292164,-1.5530319318840586,-0.5761988924242427,0.616654365079365,-0.04790587620849167,-0.07033369865784947,0.03595365866993519,0.06991371941125522,0.015875329388147105,0.06846834782608696,-0.010535739130434749,-0.05793178260869569,0.07900426086956525,-0.06524045454545455,-0.043416636363636324,0.10865695454545465,-0.021823636363636323
2000,Sweden,SWE,144,8872.0,20871.246597494053,90.65664777069662,91.67,2408150.0,0.2225981676398199,125.46113306982876,63093.095,670404.0,804706.0,88918.0,1164008.174,3.95460833333333,5.342916666666667,127.52830925419758,5.4659,157.94543285942024,0.503479,848134.0,765239.0,9.535,1857178.0,1138934.0,878824.0,978354.0,2949019.0,5.158631324768066,101.28236389160156,58.31713104248047,0.0,0.0,1.0,1.0,PEG,DEU,1.2075,-0.1080340072512626,0.1819413602352142,0.1441618800163269,0.0395460836589336,,,0.1116360574960708,0.0703053027391433,0.0632448941469192,-0.122584544122219,0.0205999985337257,,,,0.0534291677176952,0.018074756488204,0.0196957774460315,0.0048951706849038,0.0918539837002754,0.204252,0.17811,0.617638,22.0,0.026142,0.158129,0.129663,0.209883,0.211206,0.631988,0.659132,-0.051755,-0.081543,0,1745614.0,1649275.0,1573988.0,1104204.0,1066838.0,1047964.0,1104883.101,863924.892,843265.338,5.021583333333334,4.957666666666667,6.617583333333333,3.1151,4.138333333333335,4.110833333333333,114.72081218274111,104.56852791878173,93.67434595860992,0.6050610000000001,0.6830899225237467,0.7092079726196862,124.24242424242426,123.6495388669302,123.84716732542822,50996.55,37394.979,58337.062,20012.530037183817,19136.770051265463,18374.993537597693,1.3883083333333373,1.906483333333334,0.8193333333333319,2.5067500000000003,0.05841293901865972,0.035024999109518035,0.27891106186578085,0.09708737864077667,0.045763207875324924,-1800413.7826086958,-1775296.3636363638,-1730158.9047619049,-1133937.0434782607,-1086166.772727273,-1021374.9047619049,-935877.7193913045,-1101280.854909091,-1052053.4491904764,1.832500002753625,1.6257462151515165,3.158031746031747,1.2698568999999993,2.190086760606062,2.0371543857142846,-134.35647404937117,-136.37049117500993,-138.8449611268672,0.14529183064593776,0.21828488183540884,0.2407973109461894,-17.129231826774415,-16.835848604623337,-15.802434280695195,-106994.92627826087,-115241.09872727274,-95511.32012380954,-4038.051418899122,-4742.261523028534,-5329.58467576258,0.5626431027536254,-0.5643405454545452,1.1208773603174624,-0.0064924085497418335,-0.02941638606917238,0.20753680765474888,0.024743693825834995,0.026441487010367686,0.020063521739130424,-0.027157347826086947,0.007093956521739164,0.04721991304347826,-0.010041227272727271,-0.02728036363636363,0.03732268181818188,0.017239181818181806
2001,Sweden,SWE,144,8940.0,21096.05343224548,91.38173915304009,91.83,2503730.0,0.2267991249858711,128.52437417654812,71429.58,663542.0,811376.0,96727.0,1164591.601,3.99564166666667,5.1075,137.40726278797345,4.7303,163.08210738563716,0.5189710000000001,938025.0,773514.0,10.6675,2028192.0,1206262.0,957877.0,1070315.0,3176037.0,5.319036483764648,109.31261444091795,59.12025451660156,0.0,0.0,1.0,1.0,PEG,DEU,0.228375,-0.1484220325946808,0.1432001888751983,0.0033637813758105,0.0399564169347286,,,0.0774653404951095,0.0657348483800888,0.0610087811946868,-0.1654698550701141,0.0214000009000301,,,,0.0510750003159046,0.0178589466959238,-0.0067618764005601,-0.0136231826618313,0.0216600988060235,0.139695,0.334212,0.526093,20.0,-0.194517,0.204252,0.158129,0.17811,0.209883,0.617638,0.631988,0.026142,-0.051755,0,1857178.0,1745614.0,1649275.0,1138934.0,1104204.0,1066838.0,1164008.174,1104883.101,863924.892,5.342916666666667,5.021583333333334,4.957666666666667,3.95460833333333,3.1151,4.138333333333335,127.52830925419758,114.72081218274111,104.56852791878173,0.503479,0.6050610000000001,0.6830899225237467,125.46113306982876,124.24242424242426,123.6495388669302,63093.095,50996.55,37394.979,20871.246597494053,20012.530037183817,19136.770051265463,1.11185833333333,1.3883083333333373,1.906483333333334,0.8193333333333319,0.06391103646052335,0.03145252145436894,0.053512514533426724,0.11164057181756301,0.042908945481391826,-1688849.7826086958,-1678957.3636363638,-1654871.9047619049,-1099207.0434782607,-1048800.772727273,-1002500.9047619049,-876752.6463913044,-860322.645909091,-1031393.8951904764,2.1538333360869584,1.6896628818181831,1.498115079365081,2.1093652333333295,1.1668534272727267,2.064654385714287,-121.54897697791469,-126.21820691105056,-127.9507791666954,0.0437098306459377,0.14025595931166224,0.2146792608502499,-15.910522999369917,-16.242963229129273,-16.00006273919321,-94898.38127826087,-101639.52772727273,-116453.40312380955,-3179.3348585888853,-3866.50153711018,-4567.8081620948105,0.04446810275362867,0.5228094545454569,-0.5665393063492059,-0.000994311107878204,-0.03298886372432147,-0.017861739677605244,0.039296887002621336,0.023587224616434588,0.06618652173913042,-0.05893034782608694,-0.00725604347826081,0.12511691304347827,0.01842477272727272,-0.02860336363636365,0.010178681818181823,0.04702718181818181
2002,Sweden,SWE,144,8954.0,21585.525419413058,92.90836196189622,92.89,2598340.0,0.2205257518658095,131.29117259552044,112818.8,656996.0,808294.0,95827.0,1262171.484,4.066575,5.30333333333333,146.66146036704413,4.9651,167.98955229447856,0.498057,781777.0,828019.0,8.825,2105135.0,1277542.0,1045613.0,1059522.0,3219749.0,4.84955644607544,108.1570816040039,59.12450408935547,0.0,0.0,1.0,1.0,PEG,DEU,-0.958125,-0.3590302169322967,0.1300642341375351,0.1189254224300384,0.0406657494604587,,,0.0673473700881004,0.0627168640494346,0.0587595589458942,-0.3722247183322906,0.0296000000089406,,,,0.0530333332717418,0.0185821484774351,-0.034705214202404,-0.0680630207061767,0.0797955840826034,0.170041,0.247419,0.58254,21.0,-0.077378,0.139695,0.204252,0.334212,0.17811,0.526093,0.617638,-0.194517,0.026142,0,2028192.0,1857178.0,1745614.0,1206262.0,1138934.0,1104204.0,1164591.601,1164008.174,1104883.101,5.1075,5.342916666666667,5.021583333333334,3.99564166666667,3.95460833333333,3.1151,137.40726278797345,127.52830925419758,114.72081218274111,0.5189710000000001,0.503479,0.6050610000000001,128.52437417654812,125.46113306982876,124.24242424242426,71429.58,63093.095,50996.55,21096.05343224548,20871.246597494053,20012.530037183817,1.2367583333333299,1.11185833333333,1.3883083333333373,1.906483333333334,0.09208271905008567,0.05911492676485205,0.0005012224252644369,0.07746478873239437,0.010771126377205427,-1517835.7826086958,-1567393.3636363638,-1558532.9047619049,-1031879.0434782607,-1014070.7727272729,-965134.9047619049,-876169.2193913045,-801197.5729090909,-790435.6861904764,1.9184166694202909,2.0109962151515166,1.5620317460317477,2.150398566666669,2.006361760606057,1.0414210523809517,-111.67002344413882,-113.41070983959409,-117.79849490273601,0.05920183064593776,0.038673959311662176,0.1366503383265033,-12.847281892650557,-15.024254401724775,-15.407177363699148,-86561.89627826087,-89542.98272727273,-102851.83212380954,-2954.528023837458,-3007.7849767999433,-3692.0481761764568,-0.23198189724637852,0.004634454545460187,0.5206106936507962,0.027177371481684115,-0.0053264584138383655,-0.07087303178576754,0.005121103917452699,-0.008550594487751811,0.0016295217391304462,0.09717165217391308,-0.0988010434782608,-0.09554208695652174,0.06454777272727272,-0.060376363636363645,-0.004171318181818151,0.12492418181818181
2003,Sweden,SWE,144,8970.0,22049.978205881405,94.13492907498356,94.19,2703550.0,0.2164560609361539,133.8274044795784,164230.08479999998,680696.0,825540.0,98425.6597,1307592.692,3.03283333333333,4.63833333333333,161.1089418196017,5.5547,172.7422033731387,0.492731,818550.0,868048.0,7.1892,2172472.0,1304316.0,1149950.0,1022522.0,3208438.0,5.253012180328369,100.1846694946289,56.874267578125,0.0,0.0,1.0,1.0,PEG,DEU,-0.83999997,0.3549365699291229,0.1598141193389892,0.0393537208437919,0.0303283333778381,,,0.0985128954052925,0.061301227658987,0.0558038316667079,0.2981881499290466,0.0437135621905326,,,,0.0463833324611187,0.0567484274506568,0.2023099958896637,0.2424900233745575,0.034841027110815,0.165204,0.260082,0.574714,19.0,-0.094879,0.170041,0.139695,0.247419,0.334212,0.58254,0.526093,-0.077378,-0.194517,0,2105135.0,2028192.0,1857178.0,1277542.0,1206262.0,1138934.0,1262171.484,1164591.601,1164008.174,5.30333333333333,5.1075,5.342916666666667,4.066575,3.99564166666667,3.95460833333333,146.66146036704413,137.40726278797345,127.52830925419758,0.498057,0.5189710000000001,0.503479,131.29117259552044,128.52437417654812,125.46113306982876,112818.8,71429.58,63093.095,21585.525419413058,21096.05343224548,20871.246597494053,1.6055000000000001,1.2367583333333299,1.11185833333333,1.3883083333333373,0.037936743661349616,0.059091640124616374,0.0837889290256009,0.06734867860187554,0.023202064250530164,-1440892.7826086958,-1396379.3636363638,-1446968.9047619049,-960599.0434782607,-946742.7727272729,-930404.9047619049,-778589.3363913046,-800614.145909091,-731310.6131904763,2.114250002753621,1.7755795484848491,1.8833650793650811,2.2213318999999996,2.0473950939393966,1.880929385714282,-102.41582586506814,-103.53175630581822,-104.99099783127954,0.038287830645937715,0.05416595931166224,0.035068338326503246,-10.080483473678242,-11.961013295005415,-14.18846853629465,-45172.67627826087,-81206.49772727273,-90755.28712380954,-2465.056036669881,-2782.978142048516,-2833.33161586622,-0.10708189724637873,-0.271815545454547,0.002435693650799431,-0.026968603907051934,-0.00534974505407404,0.012414674814568927,-0.0049950062130661305,0.0038803433855729257,0.03197552173913043,0.010378652173913067,-0.04235404347826088,0.021596913043478258,-9.227272727257985e-06,0.09572563636363637,-0.09571631818181814,-0.09573481818181818
2004,Sweden,SWE,144,8986.0,22942.61216950058,97.64868187873572,95.94,2830190.0,0.2188203352844363,134.32147562582347,168391.05345,740295.0,899396.0,98198.0,1360278.618,2.10916666666667,4.425,180.0468566966029,6.6931,179.30699940758285,0.484527,863225.0,882535.0,6.6146,2313773.0,1442715.0,1282334.0,1031439.0,3290438.0,6.544054985046387,100.96507263183594,61.5709114074707,0.0,0.0,1.0,1.0,PEG,DEU,-0.23596126,0.2135151624679565,0.173445850610733,0.1224181428551673,0.021091666072607,,,0.1175477504730224,0.0558980926871299,0.0500185266137123,0.1763403266668319,0.0316021144390106,,,,0.0442500002682209,0.0371748432517051,0.1697038412094116,0.1907750368118286,0.071754902601242,0.17437,0.26786,0.557769,17.0,-0.09349,0.165204,0.170041,0.260082,0.247419,0.574714,0.58254,-0.094879,-0.077378,0,2172472.0,2105135.0,2028192.0,1304316.0,1277542.0,1206262.0,1307592.692,1262171.484,1164591.601,4.63833333333333,5.30333333333333,5.1075,3.03283333333333,4.066575,3.99564166666667,161.1089418196017,146.66146036704413,137.40726278797345,0.492731,0.498057,0.5189710000000001,133.8274044795784,131.29117259552044,128.52437417654812,164230.08479999998,112818.8,71429.58,22049.978205881405,21585.525419413058,21096.05343224548,2.31583333333333,1.6055000000000001,1.2367583333333299,1.11185833333333,0.03198702220997703,0.02095743231925056,0.03598655854278522,0.0985090521831735,0.0215168626866335,-1373555.7826086958,-1319436.3636363638,-1275954.9047619049,-933825.0434782607,-875462.7727272729,-863076.9047619049,-733168.1283913045,-703034.2629090911,-730727.1861904764,1.449250002753621,1.9714128818181793,1.6479484126984136,1.1875902333333292,2.118328427272727,1.9219627190476216,-87.96834441251056,-94.27755872674754,-95.11204429750367,0.03296183064593766,0.033251959311662194,0.05056033832650331,-7.5442515896202735,-9.1942148760331,-11.12522742957529,6238.608521739108,-39817.277727272725,-82418.80212380954,-2000.6032502015332,-2293.506154880939,-2608.524781114793,0.26165976942029157,-0.14691554545454721,-0.27401430634920776,-0.03291832535842452,-0.04348395285943985,-0.035387695668246746,0.02616536736823183,0.002195141821676263,0.027138521739130422,0.023041652173913046,-0.05018004347826088,0.004095913043478255,0.030336772727272726,0.008932636363636365,-0.039269318181818225,0.02140418181818181
2005,Sweden,SWE,144,9002.0,23627.367728791112,100.0,97.81,2931090.0,0.2241156431833263,134.9472990777339,175894.796,829472.0,978714.0,100374.39838596,1533038.147,1.71666666666667,3.38333333333333,201.2104646622413,7.4857,185.32605931292773,0.486885,944601.0,930881.0,7.9584,2601957.0,1600756.0,1458547.0,1143411.0,3569499.0,5.553910255432129,105.42645263671876,62.75723648071289,0.0,0.0,1.0,1.0,PEG,DEU,0.03646125,0.3700100779533386,0.1677394807338714,0.1045630425214767,0.0171666666865348,,,0.117541529238224,0.050197958946228,0.044918205589056,0.3261678516864776,0.0330593213438987,,,,0.0338333323597908,0.0438422076404094,0.2303218990564346,0.2618007063865661,0.0608648546040058,0.196367,0.312339,0.491293,19.0,-0.115972,0.17437,0.165204,0.26786,0.260082,0.557769,0.574714,-0.09349,-0.094879,0,2313773.0,2172472.0,2105135.0,1442715.0,1304316.0,1277542.0,1360278.618,1307592.692,1262171.484,4.425,4.63833333333333,5.30333333333333,2.10916666666667,3.03283333333333,4.066575,180.0468566966029,161.1089418196017,146.66146036704413,0.484527,0.492731,0.498057,134.32147562582347,133.8274044795784,131.29117259552044,168391.05345,164230.08479999998,112818.8,22942.61216950058,22049.978205881405,21585.525419413058,1.6666666666666603,2.31583333333333,1.6055000000000001,1.2367583333333299,0.06504157475907629,0.10610848904713276,0.0402923068646211,0.11754726126999528,0.04048230593629704,-1232254.7826086958,-1252099.3636363638,-1199011.9047619049,-795426.0434782607,-848688.7727272729,-791796.9047619049,-680482.2023913045,-657613.054909091,-633147.3031904765,1.2359166694202908,1.3064128818181793,1.8437817460317438,0.2639235666666693,1.0845867606060566,1.992896052380952,-69.03042953550937,-79.83007727418996,-85.857846718433,0.024757830645937673,0.02792595931166214,0.029646338326503263,-7.050180443375211,-6.657982991975132,-8.358429010602975,10399.577171739133,11594.007072727254,-41029.58212380954,-1107.96928658236,-1829.0533684125912,-2119.052793947216,0.9719931027536213,0.22182612121212308,-0.14911430634920797,0.00013622719067474254,0.04166710386844234,-0.03108194734641087,0.0452035764550536,0.021160585071339805,0.03630452173913043,0.030819652173913054,-0.06712504347826087,0.005484913043478257,0.025499772727272718,0.021595636363636345,-0.047095318181818224,0.0039031818181818057
2006,Sweden,SWE,144,9017.0,24602.147150810728,104.07571488014024,100.0,3121670.0,0.2322937608996216,136.79183135704878,254093.65119,942240.0,1081898.0,100762.9784176,1762550.215,2.33166666666667,3.705,223.037875829754,7.0658,191.874879199271,0.4359599999999999,996777.0,965070.0,6.8644,2875437.0,1760051.0,1648573.0,1226864.0,3805390.0,5.818007946014404,108.5402603149414,62.14469909667969,0.0,0.0,1.0,1.0,PEG,DEU,0.65260124,0.2579578757286072,0.1549717932939529,-0.0087977303192019,0.023316666483879,,,0.1084836721420288,0.0464881174266338,0.0419384762644767,0.2362417876720428,0.0175662208348512,,,,0.0370500013232231,0.0217160955071449,0.1788110584020614,0.2047365307807922,0.0072594680823385,0.152889,0.198596,0.648514,24.0,-0.045707,0.196367,0.17437,0.312339,0.26786,0.491293,0.557769,-0.115972,-0.09349,1,2601957.0,2313773.0,2172472.0,1600756.0,1442715.0,1304316.0,1533038.147,1360278.618,1307592.692,3.38333333333333,4.425,4.63833333333333,1.71666666666667,2.10916666666667,3.03283333333333,201.2104646622413,180.0468566966029,161.1089418196017,0.486885,0.484527,0.492731,134.9472990777339,134.32147562582347,133.8274044795784,175894.796,168391.05345,164230.08479999998,23627.367728791112,22942.61216950058,22049.978205881405,1.37333333333333,1.6666666666666603,2.31583333333333,1.6055000000000001,0.1245515441661736,0.10954415806309631,0.12700304681257593,0.1175450010843633,0.0298464514080412,-944070.7826086958,-1110798.3636363638,-1131674.9047619049,-637385.0434782607,-710289.7727272729,-765022.9047619049,-507722.67339130444,-604927.128909091,-587726.0951904764,0.19425000275362114,1.093079548484849,1.1787817460317438,-0.1285764333333308,0.16092009393939666,0.9591543857142817,-47.86682156987098,-60.89216239718877,-71.41036526587541,0.0271158306459377,0.01972195931166215,0.02432033832650321,-6.4243569914647765,-6.16391184573007,-5.8221971265450065,17903.319721739128,15754.975722727278,10381.702676190442,-423.2137272918262,-936.4194047934179,-1654.600007478868,0.3228264360869517,0.9321594545454528,0.21962736031746233,0.05964619659777205,0.045102772884405895,0.055628792601543964,0.04520131626942163,0.010524730543083963,0.058301521739130446,0.07529865217391304,-0.13360104347826085,-0.016997086956521745,0.034665772727272726,0.029373636363636352,-0.06404031818181821,0.005292181818181807
2007,Sweden,SWE,144,9031.0,25376.74189937206,106.859743035277,101.52,3320280.0,0.2416647039796065,139.7891963109355,269600.02381,1039106.0,1144032.0,100459.0,2089485.0,3.5525,4.1675,244.27957828973055,6.1609,201.22352862498823,0.388967,1067443.0,994467.0,6.4136,3316756.0,1919099.0,1837315.0,1479441.0,4528937.0,5.322679584829939,132.1282196044922,64.78170521516974,0.0,0.0,1.0,1.0,PEG,DEU,0.89542246,-0.0282238442450761,0.1388603001832962,-0.0108160637319087,0.0355250015854835,,,0.0952393785119056,0.0436209216713905,0.0398277528584003,-0.0604320764541626,0.0342798344790935,,,,0.0416750013828277,0.0322082340717315,0.0591130033135414,0.065633088350296,0.0123544689267873,0.116647,0.17067,0.712683,12.0,-0.054024,0.152889,0.196367,0.198596,0.312339,0.648514,0.491293,-0.045707,-0.115972,1,2875437.0,2601957.0,2313773.0,1760051.0,1600756.0,1442715.0,1762550.215,1533038.147,1360278.618,3.705,3.38333333333333,4.425,2.33166666666667,1.71666666666667,2.10916666666667,223.037875829754,201.2104646622413,180.0468566966029,0.4359599999999999,0.486885,0.484527,136.79183135704878,134.9472990777339,134.32147562582347,254093.65119,175894.796,168391.05345,24602.147150810728,23627.367728791112,22942.61216950058,0.6150000000000002,1.37333333333333,1.6666666666666603,2.31583333333333,0.1051055032807998,0.0995123554120678,0.14971060468986488,0.10848049679798186,0.04125636986771907,-670590.7826086958,-822614.3636363638,-990373.9047619049,-478090.04347826075,-552248.7727272729,-626623.9047619049,-278210.6053913045,-432167.5999090909,-535040.1691904764,0.515916669420291,0.05141288181817938,0.9654484126984135,0.4864235666666694,-0.2315799060606034,0.03548771904762171,-26.03941040235827,-39.72855443155038,-52.47245038887422,-0.02380916935406241,0.02207995931166218,0.01611633832650322,-4.5798247121499,-5.538088393819635,-5.328125980299944,96102.17491173913,23258.718272727274,14542.671326190466,551.5656947277894,-251.66384550288421,-761.9660438596948,0.02949310275362138,0.28299278787878324,0.929960693650792,0.04020015571239825,0.03507097023337738,0.07833635047883292,0.03613681198304018,0.021934649002761833,0.01482352173913043,-0.03844434782608694,0.023619956521739205,0.05326791304347826,0.05666277272727274,0.07385263636363634,-0.1305163181818182,-0.017189818181818195
2008,Sweden,SWE,144,9045.0,25181.203906078124,105.55277402544247,99.7,3412250.0,0.2454636276970083,144.59815546772074,261498.6051,1092659.0,1193144.0,99409.0,2164492.461,3.905,3.88833333333333,252.2061694650527,6.2348,211.17233456726248,0.374978,1066215.0,1028782.0,7.8106,3679231.0,2100849.0,2044693.0,1634538.0,5366457.0,4.608006652298373,135.64776611328125,68.91967782729834,1.0,1.0,1.0,1.0,PEG,DEU,-0.035735,-0.3926890194416046,0.0749971270561218,0.2494593858718872,0.0390500016510486,,,0.0324463732540607,0.0425507575273513,0.0412135273218154,-0.4195657074451446,0.0463044270873069,,,,0.0388833321630954,0.0268766768276691,-0.0349730961024761,-0.0647538304328918,0.1442546993494033,0.106978,0.256063,0.636958,19.0,-0.149085,0.116647,0.152889,0.17067,0.198596,0.712683,0.648514,-0.054024,-0.045707,1,3316756.0,2875437.0,2601957.0,1919099.0,1760051.0,1600756.0,2089485.0,1762550.215,1533038.147,4.1675,3.705,3.38333333333333,3.5525,2.33166666666667,1.71666666666667,244.27957828973055,223.037875829754,201.2104646622413,0.388967,0.4359599999999999,0.486885,139.7891963109355,136.79183135704878,134.9472990777339,269600.02381,254093.65119,175894.796,25376.74189937206,24602.147150810728,23627.367728791112,-0.016666666666669716,0.6150000000000002,1.37333333333333,1.6666666666666603,0.15347893207189028,0.09036556327060977,0.1854896287309465,0.09523809523809515,0.03148484332741692,-229271.7826086958,-549134.3636363638,-702189.9047619049,-319042.04347826075,-392953.77272727294,-468582.90476190485,48724.17960869544,-202655.53190909093,-362280.6401904763,0.9784166694202914,0.37307954848484925,-0.0762182539682561,1.7072568999999995,0.3834200939393968,-0.35701228095237836,-4.79770794238172,-17.90114326403767,-31.30884242323583,-0.0708021693540623,-0.02884504068833793,0.018474338326503248,-1.5824597582631839,-3.6935561145047586,-4.7023025283895095,111608.54753173911,101457.57346272728,22046.41387619046,1326.1604432891218,723.1155765167314,-77.21048456916105,-0.7288402305797084,-0.010340545454547101,0.2807940269841225,0.08857358450348873,0.025924178091919353,0.11411537451991452,0.022894410423153475,0.01216312246245968,-0.021418478260869567,-0.06637034782608695,0.08778895652173913,0.04495091304347826,0.013184772727272726,-0.03989036363636364,0.026704681818181863,0.05307518181818181
2009,Sweden,SWE,144,9128.062337942954,23877.51513579443,100.11547331539192,98.49,3341170.0,0.2249378735034794,144.2028985507247,194195.61091,908364.0,990546.0,100072.0,2135789.558,0.399166666666667,3.25,256.2280359234674,8.3509,216.39714021750265,0.407324,1037792.0,1063036.0,7.1165,3762425.0,2328667.0,2237113.0,1525311.0,5288998.0,6.095112465607982,123.31101989746094,64.97537064617852,0.0,0.0,0.0,0.0,FLOAT,DEU,0.0,0.5224274396896362,0.0549492686986923,-0.0510681755840778,0.0039916667155921,,,0.0159472804516553,0.0390019863843917,0.0383897721767425,0.4665556848049164,0.0380972698330879,,,,0.0324999988079071,0.0558717660605907,0.1976020187139511,0.2297172397375106,-0.0235382542014122,0.105263,0.311926,0.582811,13.0,-0.206662,0.106978,0.116647,0.256063,0.17067,0.636958,0.712683,-0.149085,-0.054024,0,3679231.0,3316756.0,2875437.0,2100849.0,1919099.0,1760051.0,2164492.461,2089485.0,1762550.215,3.88833333333333,4.1675,3.705,3.905,3.5525,2.33166666666667,252.2061694650527,244.27957828973055,223.037875829754,0.374978,0.388967,0.4359599999999999,144.59815546772074,139.7891963109355,136.79183135704878,261498.6051,269600.02381,254093.65119,25181.203906078124,25376.74189937206,24602.147150810728,2.850833333333333,-0.016666666666669716,0.6150000000000002,1.37333333333333,0.10928600114087379,0.09470590105044085,0.03589758289722115,0.032448849104859415,-0.007705401823028132,133203.2173913042,-107815.36363636376,-428709.90476190485,-137292.04347826075,-233905.77272727294,-309287.90476190485,123731.64060869557,124279.25309090898,-132768.57219047635,0.699250002753621,0.8355795484848496,0.24544841269841378,2.059756899999999,1.604253427272727,0.25798771904762186,3.1288832329404386,3.34055919593888,-9.481431255723123,-0.08479116935406233,-0.07583804068833783,-0.03245066167349686,3.2264993985220656,-0.6961911606180422,-2.8577702490746333,103507.12882173911,116963.94608272726,100245.26906619046,1130.622449995186,1497.7103250780638,897.5689374504545,-1.3605068972463783,-0.7686738787878769,-0.012539306349207857,0.04438065357247224,0.03026451587175044,-0.03547667131381082,-0.03989483571008226,-0.02702712268798537,-0.031087478260869564,0.01902265217391305,0.012063956521739194,-0.050110086956521735,-0.02305722727272727,-0.06781636363636365,0.09087368181818178,0.04475818181818181
2010,Sweden,SWE,144,9201.352636127916,25306.3711282491,105.17398639316536,101.45300556472486,3573580.0,0.2249040948001458,146.04743083003962,205685.60688,1074618.0,1131076.0,96394.0,2188006.0,0.504166666666667,2.89333333333333,277.5478328777821,8.6097,221.7754972591632,0.381025,1109500.0,1124587.0,6.7097,3959681.0,2500433.0,2413783.0,1545898.0,5225584.0,6.204500507298352,117.42555236816406,63.39340329377949,0.0,0.0,0.0,0.0,FLOAT,DEU,0.0,0.2648396790027618,0.1215387284755706,0.0312833823263645,0.0050416667945683,,,0.0832071453332901,0.0383315794169902,0.0353871174156665,0.2305175364017486,0.0278924591839313,,,,0.0289333332329988,0.0343221612274646,0.1619352400302887,0.1798828989267349,0.0181625243276357,0.10715,0.294184,0.598665,17.0,-0.187034,0.105263,0.106978,0.311926,0.256063,0.582811,0.636958,-0.206662,-0.149085,0,3762425.0,3679231.0,3316756.0,2328667.0,2100849.0,1919099.0,2135789.558,2164492.461,2089485.0,3.25,3.88833333333333,4.1675,0.399166666666667,3.905,3.5525,256.2280359234674,252.2061694650527,244.27957828973055,0.407324,0.374978,0.388967,144.2028985507247,144.59815546772074,139.7891963109355,194195.61091,261498.6051,269600.02381,23877.51513579443,25181.203906078124,25376.74189937206,2.389166666666663,2.850833333333333,-0.016666666666669716,0.6150000000000002,0.02261179034423226,0.10844092078964267,-0.013260800634407906,0.015946740981576193,-0.05177229711280863,216397.2173913042,254659.63636363624,12609.09523809515,90525.95652173925,-52155.77272727294,-150239.90476190485,95028.73760869564,199286.7140909091,194166.21280952357,0.06091666942029095,0.5564128818181793,0.7079484126984141,-1.4460764333333338,1.9567534272727265,1.478821052380952,7.150749691355145,11.267150371261039,11.760271204253428,-0.05244516935406229,-0.08982704068833786,-0.07944366167349676,2.831242481526033,4.112767996167207,0.13959470481208314,36204.134631739114,108862.52737272726,115751.64168619044,-173.066320288508,1302.172331784128,1672.163686011787,1.5069931027536245,-1.4003405454545468,-0.7708726396825376,-0.04229355722416929,0.04399953561095225,-0.08463505484543987,-0.05639694383336548,-0.07109401797776588,-0.03280247826086957,0.07488565217391305,-0.04208304347826086,-0.10768708695652175,-0.03272622727272727,0.01757663636363635,0.015148681818181853,-0.050302818181818185
2011,Sweden,SWE,144,9266.82530250648,25800.011929043547,107.71813304786382,102.69389788273097,3727910.0,0.2289398469113349,149.86824769433474,198867.85576,1146128.0,1221654.0,92246.0,2339371.0,1.65416666666667,2.60583333333333,282.2335025380711,7.8041,228.2407979603754,0.371731,1127172.0,1145633.0,6.8877,4180708.0,2616193.0,2538907.0,1641801.0,5365574.0,6.079333037355456,106.71373748779295,60.71911153332184,0.0,0.0,0.0,0.0,FLOAT,DEU,0.0,-0.1371071338653564,0.0535274073481559,0.2058551162481308,0.0165416672825813,,,0.0168799627572298,0.036647442728281,0.0360391028225421,-0.1668746918439865,0.035729993134737,,,,0.0260583329945802,0.0297675617039203,-0.0001635918451938,-0.0154036181047558,0.1111983954906463,0.136221,0.259679,0.6041,15.0,-0.123459,0.10715,0.105263,0.294184,0.311926,0.598665,0.582811,-0.187034,-0.206662,0,3959681.0,3762425.0,3679231.0,2500433.0,2328667.0,2100849.0,2188006.0,2135789.558,2164492.461,2.89333333333333,3.25,3.88833333333333,0.504166666666667,0.399166666666667,3.905,277.5478328777821,256.2280359234674,252.2061694650527,0.381025,0.407324,0.374978,146.04743083003962,144.2028985507247,144.59815546772074,205685.60688,194195.61091,261498.6051,25306.3711282491,23877.51513579443,25181.203906078124,0.95166666666666,2.389166666666663,2.850833333333333,-0.016666666666669716,0.0524278889280185,0.07376151248761631,0.024448308497629523,0.08320633953063086,0.059841067394516737,413653.2173913042,337853.63636363624,375084.09523809515,262291.95652173925,175662.22727272706,31510.09523809515,147245.17960869544,170583.81109090918,269173.6738095237,-0.29574999724637907,-0.08192045151515082,0.4287817460317438,-1.3410764333333338,-1.5490799060606064,1.8313210523809516,28.470546645669856,15.289016829675745,19.686862379575587,-0.07874416935406231,-0.057481040688337814,-0.09343266167349679,4.6757747608409375,3.7175110791711745,4.948553861597333,47694.13060173913,41559.53318272726,107650.22297619045,1255.78967216616,-1.516438499565993,1476.625692717851,1.0453264360869545,1.467159454545456,-1.4025393063492075,-0.012477458640383049,0.009320127308925896,-0.046925945713402445,0.010862654715689188,0.0405193465295595,-0.030915478260869572,0.05714365217391307,-0.026229043478260827,-0.08805908695652175,-0.034441227272727276,0.07343963636363635,-0.0389983181818182,-0.1078798181818182
2012,Sweden,SWE,144,9338.161192739844,25452.197907316782,106.29517400581682,102.68256279559073,3743090.0,0.2272352278307257,151.18577075098824,201744.35499,1114285.0,1172866.0,88002.0,2412372.0,1.253333,1.5925,279.8516204607575,7.9757,234.4816451038398,0.3751489999999999,1117224.0,1160612.0,6.5045,4369019.0,2728804.0,2696743.0,1672861.0,5378459.0,6.486883328752695,108.0802001953125,59.18737744876316,0.0,0.0,0.0,0.0,FLOAT,DEU,0.0,0.1656411290168762,0.0281945802271366,0.024127259850502,0.0125333331525325,,,-0.0084362924098968,0.0366308726370334,0.0369425304234027,0.1201797798275947,0.0405839718878269,,,,0.0159249994903802,0.0454613454639911,0.0720853954553604,0.0792819485068321,0.0183302965015172,0.149453,0.301698,0.548849,10.0,-0.152244,0.136221,0.10715,0.259679,0.294184,0.6041,0.598665,-0.123459,-0.187034,0,4180708.0,3959681.0,3762425.0,2616193.0,2500433.0,2328667.0,2339371.0,2188006.0,2135789.558,2.60583333333333,2.89333333333333,3.25,1.65416666666667,0.504166666666667,0.399166666666667,282.2335025380711,277.5478328777821,256.2280359234674,0.371731,0.381025,0.407324,149.86824769433474,146.04743083003962,144.2028985507247,198867.85576,205685.60688,194195.61091,25800.011929043547,25306.3711282491,23877.51513579443,0.339167,0.95166666666666,2.389166666666663,2.850833333333333,0.05581939555231848,0.04629598153599797,0.06917942638182893,0.01688238604389426,0.01950658189168043,634680.2173913042,535109.6363636362,458278.09523809515,378051.95652173925,347428.22727272706,259328.09523809515,298610.17960869544,222800.25309090898,240470.77080952376,-0.5832499972463792,-0.43858711818182083,-0.2095515873015863,-0.1910764333333308,-1.4440799060606064,-1.6745122809523814,33.15621630595882,36.608813783990456,23.708728837990293,-0.08803816935406233,-0.08378004068833783,-0.061086661673496745,8.496591625136062,5.562043358486079,4.5532969446013,40876.37948173913,53049.52915272728,40347.22878619045,1749.4304729606083,1427.339553955102,172.93692243415717,-0.3921735639130486,1.005492787878786,1.4649606936507953,-0.009085952016083067,-0.018145403642692445,-0.002194827829203036,-0.05546129877104741,0.00018486102672319107,-0.0018444782608695587,0.02263865217391306,-0.02079404347826086,-0.02448408695652174,-0.032554227272727276,0.055697636363636366,-0.02314431818181817,-0.0882518181818182
2013,Sweden,SWE,144,9425.132346585997,25516.931727101863,106.65018379292675,103.64220136236018,3822670.0,0.2244548379915509,151.11989459815558,197339.27031,1049338.0,1091889.0,82359.0,2487778.492,0.9258333,2.12083333333333,295.18530895047166,8.0521,238.70031207148168,0.402248,1147214.0,1194021.0,6.4238,4491131.0,2866107.0,2814542.0,1676589.0,5413659.0,6.813891594429592,104.16111755371094,58.04111072592711,0.0,0.0,0.0,0.0,FLOAT,DEU,0.0,0.2776500582695007,0.0927926748991012,-0.0732402354478836,0.0092500001192092,,,0.0547907799482345,0.038001898676157,0.0360279008746147,0.2317846119403839,0.0372349582612514,,,,0.0212083328515291,0.0458654500544071,0.1445531696081161,0.1675410866737365,-0.0319951176643371,0.142103,0.160373,0.697525,7.0,-0.01827,0.149453,0.136221,0.301698,0.259679,0.548849,0.6041,-0.152244,-0.123459,0,4369019.0,4180708.0,3959681.0,2728804.0,2616193.0,2500433.0,2412372.0,2339371.0,2188006.0,1.5925,2.60583333333333,2.89333333333333,1.253333,1.65416666666667,0.504166666666667,279.8516204607575,282.2335025380711,277.5478328777821,0.3751489999999999,0.371731,0.381025,151.18577075098824,149.86824769433474,146.04743083003962,201744.35499,198867.85576,205685.60688,25452.197907316782,25800.011929043547,25306.3711282491,1.1950000333333302,0.339167,0.95166666666666,2.389166666666663,0.04504284920161848,0.04304384271343895,0.031205396664317032,-0.008439402324294609,-0.013481157399591121,822991.2173913042,756136.6363636362,655534.0952380951,490662.95652173925,463188.22727272706,431094.09523809515,371611.17960869544,374165.253090909,292687.21280952357,-1.596583330579709,-0.7260871181818209,-0.5662182539682563,-0.5919101000000007,-0.2940799060606034,-1.5695122809523814,30.774334228645216,41.29448344427942,45.028525792305004,-0.08462016935406241,-0.09307404068833786,-0.08738566167349676,9.814114681789562,9.382860222781204,6.3978292239162045,43752.87871173912,46231.77803272728,51837.224756190466,1401.6164512338437,1920.9803547495503,1601.7929148888252,-1.0046732305797086,-0.43200721212121707,1.0032940269841253,-0.01986249836678307,-0.02139754246525146,-0.04016885754671494,-0.08078308713923628,-0.03280287826454836,0.011387521739130435,0.06465765217391309,-0.0760450434782608,-0.05326908695652173,-0.003483227272727263,0.021192636363636358,-0.0177093181818182,-0.02467681818181819
2014,Sweden,SWE,144,9524.807152117544,25919.684045336504,108.4037730423057,105.57312734294122,3992730.0,0.2322846774011766,150.8563899868249,166031.17025,1108611.0,1127341.0,81090.93,2589790.383,0.4208333,1.71583333333333,322.9502637527437,7.9535,243.9918096842956,0.449982,1180519.0,1230276.0,7.7366,4752333.0,3032980.0,2994441.0,1757892.0,5341788.0,6.631261891455472,101.0670928955078,57.65736234155347,0.0,0.0,0.0,0.0,FLOAT,DEU,0.0,0.1567372977733612,0.1307945251464843,0.1881549954414367,0.0042083333246409,,,0.0939506813883781,0.0368438474833965,0.0336796231567859,0.1185620576143264,0.034128863364458,,,,0.0171583332121372,0.0381752513349056,0.135690152645111,0.1415096372365951,0.0961816608905792,0.118035,0.257754,0.624211,6.0,-0.139719,0.142103,0.149453,0.160373,0.301698,0.697525,0.548849,-0.01827,-0.152244,0,4491131.0,4369019.0,4180708.0,2866107.0,2728804.0,2616193.0,2487778.492,2412372.0,2339371.0,2.12083333333333,1.5925,2.60583333333333,0.9258333,1.253333,1.65416666666667,295.18530895047166,279.8516204607575,282.2335025380711,0.402248,0.3751489999999999,0.371731,151.11989459815558,151.18577075098824,149.86824769433474,197339.27031,201744.35499,198867.85576,25516.931727101863,25452.197907316782,25800.011929043547,1.29500003333333,1.1950000333333302,0.339167,0.95166666666666,0.02794952368025866,0.05031618247408022,0.03125823546285568,0.05479220904445097,0.0025433489092300072,945103.2173913042,944447.6363636362,876561.0952380951,627965.9565217393,575799.2272727271,546854.0952380951,447017.6716086955,447166.253090909,444052.21280952357,-1.068249997246379,-1.7394204515151508,-0.8537182539682564,-0.9194098000000007,-0.6949135727272733,-0.41951228095237836,46.10802271835939,38.912601366965816,49.71419545259397,-0.05752116935406232,-0.08965604068833793,-0.09667966167349679,9.748238528956904,10.700383279434703,10.21864608821133,39347.79403173912,49108.277262727264,45019.473636190465,1466.350271018924,1573.1663330227857,2095.4337156832735,-0.14884019724637843,-1.044506878787877,-0.4342059730158778,-0.03695582388814289,-0.014125202704610193,-0.04011601874817629,-0.017551475770490703,-0.01677837195572723,0.00403752173913044,-0.07666734782608695,0.07263095652173912,0.08070491304347827,0.009748772727272731,0.06321163636363639,-0.07296031818181814,-0.05346181818181818
2015,Sweden,SWE,144,9626.436365600692,26798.29558983899,112.07885206617324,108.56304255854988,4260470.0,0.2375343565381284,150.7905138339922,139239.13502000002,1163524.0,1181273.0,71700.2174,2787814.461,-0.2891667,0.719166666666667,365.3283526614748,7.4316,250.0871615338326,0.437387,1279582.0,1273198.0,8.4408,5013001.0,3239325.0,3244120.0,1768881.0,5578539.0,6.863195953030268,105.82367706298828,57.28350194222739,0.0,0.0,0.0,0.0,FLOAT,DEU,0.0,0.1019126623868942,0.1648346036672592,0.0042898640967905,-0.0028916667215526,,,0.1311941146850586,0.0336404927074909,0.0297389198094606,0.0659224689006805,0.033764362335205,,,,0.0071916668675839,0.0359901934862136,0.1227442398667335,0.1393578350543975,0.0006990986876189,0.127305,0.172095,0.7006,9.0,-0.04479,0.118035,0.142103,0.257754,0.160373,0.624211,0.697525,-0.139719,-0.01827,0,4752333.0,4491131.0,4369019.0,3032980.0,2866107.0,2728804.0,2589790.383,2487778.492,2412372.0,1.71583333333333,2.12083333333333,1.5925,0.4208333,0.9258333,1.253333,322.9502637527437,295.18530895047166,279.8516204607575,0.449982,0.402248,0.3751489999999999,150.8563899868249,151.11989459815558,151.18577075098824,166031.17025,197339.27031,201744.35499,25919.684045336504,25516.931727101863,25452.197907316782,1.008333366666667,1.29500003333333,1.1950000333333302,0.339167,0.05815951483045139,0.05822287862944405,0.04100521462342469,0.09405940594059387,0.015783728331524784,1206305.2173913042,1066559.6363636362,1064872.0952380951,794838.9565217393,713102.2272727271,659465.0952380951,549029.5626086954,522572.74509090907,517053.21280952357,-1.473249997246379,-1.2110871181818208,-1.8670515873015863,-1.4244098000000007,-1.0224132727272734,-0.8203459476190482,73.87297752063142,54.246289856679994,47.332313375280364,-0.00978716935406232,-0.06255704068833784,-0.09326166167349687,9.484733917626215,10.634507126602045,11.536169144864829,8039.6939717391215,44703.192582727264,47895.97286619045,1869.1025892535654,1637.900152807866,1747.6196939565089,-0.04884019724637856,-0.1886738454545469,-1.0467056396825378,-0.0067458327379501595,-0.006218506549246362,-0.030369039587607276,0.02171572112565219,-0.0035379925334324547,-0.020030478260869566,0.02071365217391305,-0.0006830434782608696,-0.04074408695652175,0.0023987727272727355,-0.07811336363636365,0.07571568181818178,0.08051218181818182
2016,Sweden,SWE,144,9767.153738115818,26958.728545811493,112.9711636987235,109.67421757565802,4415030.0,0.2421052083213005,152.2727272727274,104813.3783,1198332.0,1188498.0,60718.1459,2997943.456,-0.655,0.54,395.4405421295969,6.99,256.25417545028546,0.422554,1371558.0,1306863.0,9.0622,5298554.0,3468660.0,3477360.0,1821194.0,5734612.0,7.061533660782985,103.95470428466795,55.25322483654963,0.0,0.0,0.0,0.0,FLOAT,DEU,0.0,0.0966999977827072,0.1029722392559051,0.0613641962409019,-0.00655,,,0.0729095935821533,0.0300626456737518,0.0280197374522686,0.0568999983370304,0.0376572981476783,,,,0.005192,0.0397999994456768,0.0892198681831359,0.099802017211914,0.0274070985615253,0.117402,0.278039,0.604559,3.0,-0.160637,0.127305,0.118035,0.172095,0.257754,0.7006,0.624211,-0.04479,-0.139719,0,5013001.0,4752333.0,4491131.0,3239325.0,3032980.0,2866107.0,2787814.461,2589790.383,2487778.492,0.719166666666667,1.71583333333333,2.12083333333333,-0.2891667,0.4208333,0.9258333,365.3283526614748,322.9502637527437,295.18530895047166,0.437387,0.449982,0.402248,150.7905138339922,150.8563899868249,151.11989459815558,139239.13502000002,166031.17025,197339.27031,26798.29558983899,25919.684045336504,25516.931727101863,1.195,1.008333366666667,1.29500003333333,1.1950000333333302,0.054850533411694845,0.06803374898614564,0.07646336139784801,0.13122171945701372,0.033897463524852074,1466973.2173913042,1327761.6363636362,1186984.0952380951,1001183.9565217393,879975.2272727271,796768.0952380951,747053.6406086956,624584.6360909089,592459.7048095237,-2.4699166639130423,-1.6160871181818208,-1.3387182539682563,-2.1344098000000007,-1.5274132727272733,-1.1478456476190484,116.25106642936254,82.01124465895202,62.66600186499454,-0.022382169354062287,-0.01482304068833784,-0.06616266167349677,9.418857764793529,10.371002515271357,11.47029299203217,-18752.341258260858,13395.092522727267,43490.88818619045,2747.7141337560497,2040.6524710425074,1812.3535137415893,-0.33550686391304163,-0.08867384545454704,-0.19087260634920766,-0.010054814156706705,0.003592363807455229,0.005089107186816044,0.058878034642072044,0.014575742659894836,-0.010760478260869566,-0.06494534782608694,0.07570595652173917,0.05418491304347826,-0.02166922727272727,0.019267636363636348,0.002401681818181789,-0.0409368181818182
2017,Sweden,SWE,144,9889.304235090753,27309.236336439488,114.32133581418496,111.02687613957028,4625090.0,0.2513648371254725,155.00658761528337,135121.36183,1312871.0,1304775.0,56247.6674,3242547.458,-0.695,0.655,421.6893842683238,6.7183,262.3491310247762,0.40731,1433177.0,1356837.0,8.208,5641225.0,3705418.0,3717762.0,1923463.0,6207874.0,6.677123581007047,96.76046103130489,52.10591279690904,0.0,0.0,0.0,0.0,FLOAT,DEU,0.0,0.1084000021219253,0.0764427408576011,0.018196003511548,-0.00695,,,0.0476605705916881,0.0287821684032678,0.0274727996438741,0.0747999995946884,0.0312616303563118,,,,0.00655,0.0335999988019466,0.0814602598547935,0.0931631401181221,0.0056230016052722,0.074279,0.208765,0.716957,4.0,-0.134486,0.117402,0.127305,0.278039,0.172095,0.604559,0.7006,-0.160637,-0.04479,0,5298554.0,5013001.0,4752333.0,3468660.0,3239325.0,3032980.0,2997943.456,2787814.461,2589790.383,0.54,0.719166666666667,1.71583333333333,-0.655,-0.2891667,0.4208333,395.4405421295969,365.3283526614748,322.9502637527437,0.422554,0.437387,0.449982,152.2727272727274,150.7905138339922,150.8563899868249,104813.3783,139239.13502000002,166031.17025,26958.728545811493,26798.29558983899,25919.684045336504,1.35,1.195,1.008333366666667,1.29500003333333,0.0569624861435296,0.07079715681507721,0.07537409606686148,0.0824250000000001,0.005986685064901497,1752526.2173913042,1588429.6363636362,1448186.0952380951,1230518.9565217393,1086320.227272727,963641.0952380951,957182.6356086952,822608.7140909091,694471.5958095235,-2.649083330579709,-2.6127537848484836,-1.7437182539682563,-2.5002431000000005,-2.2374132727272733,-1.6528456476190483,146.36325589748463,124.38933356768314,90.43095666726657,-0.03721516935406233,-0.027418040688337808,-0.01842866167349677,10.901071203528716,10.30512636243867,11.206788380701482,-53178.09797826088,-13396.942707272712,12182.788126190455,2908.1470897285544,2919.2640155449917,2215.1058319762305,-0.14884023057970852,-0.3753405121212101,-0.0908726063492078,-0.007942861424871953,0.0063557716363868005,0.0039998418558295085,0.01008131518505842,-0.013335035800055742,-0.02066347826086956,0.04099865217391305,-0.020335043478260872,-0.06166208695652174,-0.01239922727272727,-0.06639136363636364,0.07879068181818183,0.05399218181818181
2018,Sweden,SWE,144,9996.796672428698,27542.55215390215,115.2045566748924,111.77431359006496,4828310.0,0.2517963857303162,158.0368906455864,127177.6854,1471028.0,1448575.0,60695.0713,3432831.901,-0.6858333,0.6516666,417.7529712683965,6.36,270.1978681028885,0.389087,1491100.0,1425450.0,8.9562,5953485.0,3909988.0,3924811.0,2028674.0,6663286.0,6.677123581007047,97.63332196820592,51.33740432149872,0.0,0.0,0.0,0.0,FLOAT,DEU,0.0,-0.0403999984264373,-0.0047031734138727,0.029907776042819,-0.0068579999999999,,,-0.0328575409948825,0.0281543675810098,0.0291108787059783,-0.0753000006079673,0.0377419702708721,,,,0.0065169999999999,0.0348999984562397,-0.0173457339406013,-0.0220785252749919,0.0115248877555131,0.118598,0.158762,0.72264,6.0,-0.040163,0.074279,0.117402,0.208765,0.278039,0.716957,0.604559,-0.134486,-0.160637,0,5641225.0,5298554.0,5013001.0,3705418.0,3468660.0,3239325.0,3242547.458,2997943.456,2787814.461,0.655,0.54,0.719166666666667,-0.695,-0.655,-0.2891667,421.6893842683238,395.4405421295969,365.3283526614748,0.40731,0.422554,0.437387,155.00658761528337,152.2727272727274,150.7905138339922,135121.36183,104813.3783,139239.13502000002,27309.236336439488,26958.728545811493,26798.29558983899,1.3374999,1.35,1.195,1.008333366666667,0.06467255028447384,0.0682563295335951,0.08159059888553159,0.06637873293761676,0.013001643977102633,2095197.2173913042,1873982.6363636362,1708854.0952380951,1467276.9565217393,1315655.227272727,1169986.0952380951,1201786.6376086955,1032737.7090909088,892495.6738095237,-2.5340833305797092,-2.791920451515151,-2.740384920634919,-2.5402431000000005,-2.603246572727273,-2.3628456476190483,172.61209803621153,154.50152303580523,132.8090455759977,-0.05245916935406231,-0.04225104068833785,-0.03102366167349674,13.634931546084687,11.787339801173857,11.140912227868796,-22870.114448260865,-47822.69942727273,-14609.247103809525,3258.6548803565493,3079.6969715174964,3093.717376478715,0.006159769420291505,-0.188673878787877,-0.37753927301587087,-0.0002327972839277076,0.0038149443549046896,0.010216344674499625,-0.005964951877324917,-0.006320076887854605,-0.06378647826086957,-0.028275347826086927,0.09206295652173913,-0.035511086956521734,-0.022302227272727265,0.039552636363636345,-0.017250318181818214,-0.06185481818181819
2019,Sweden,SWE,144,10092.562662057047,27824.67885543972,116.30771134016994,111.44383650264412,5049620.0,0.2440976239989591,160.86956521739145,275810.2444,1501423.0,1522611.0,62359.3801,3702972.437,-0.4208333,0.04666667,428.1191632751658,6.83,278.5076423019567,0.34898,1535968.0,1468425.0,9.2993,6218069.0,4111139.0,4122025.0,2096044.0,7036304.0,5.517504969714144,97.63688938388368,49.77961780836541,0.0,0.0,0.0,0.0,FLOAT,DEU,0.0,0.3384999930858612,0.0341897755861282,0.0576401352882385,-0.004208,,,0.0039164372719824,0.030273338779807,0.0301552377641201,0.2926999926567077,0.0354297198355197,,,,0.0004669999999999,0.0458000004291534,0.1816688925027847,0.2019997835159301,0.0267160683870315,0.102013,0.205228,0.692758,5.0,-0.103215,0.118598,0.074279,0.158762,0.208765,0.72264,0.716957,-0.040163,-0.134486,0,5953485.0,5641225.0,5298554.0,3909988.0,3705418.0,3468660.0,3432831.901,3242547.458,2997943.456,0.6516666,0.655,0.54,-0.6858333,-0.695,-0.655,417.7529712683965,421.6893842683238,395.4405421295969,0.389087,0.40731,0.422554,158.0368906455864,155.00658761528337,152.2727272727274,127177.6854,135121.36183,104813.3783,27542.55215390215,27309.236336439488,26958.728545811493,0.46749997000000004,1.3374999,1.35,1.195,0.055353225584868535,0.05520834626484785,0.05868362621201764,-0.00933486387559272,0.00854347644834515,2407457.217391304,2216653.6363636362,1994407.0952380951,1671846.9565217393,1552413.227272727,1399321.0952380951,1392071.0806086955,1277341.711090909,1102624.6688095233,-2.537416730579709,-2.6769204515151506,-2.9195515873015863,-2.531076400000001,-2.643246572727273,-2.7286789476190485,168.67568503628422,180.75036517453213,162.92123504411978,-0.0706821693540623,-0.05749504068833783,-0.04585666167349678,16.665234576387718,14.521200143729828,12.623125666603983,-30813.790878260872,-17514.71589727272,-49035.003823809544,3491.9706978192116,3430.2047621454913,3254.1503324512196,-0.0063403305797085086,-0.033673878787876976,-0.19087263968253776,-0.009552121983533016,-0.009233038913842563,-0.012690627999014326,-0.0816785486905344,-0.010778244416612088,-0.019467478260869572,-0.07827834782608695,0.09774595652173912,0.05881191304347826,-0.06542522727272727,-0.02972136363636363,0.09514768181818178,-0.035703818181818184
2020,Sweden,SWE,144,10142.40006482282,26912.147706397565,112.24240248535506,105.42353426379832,4983360.0,0.2477872750864427,161.66007905138352,284599.68960000004,1365882.0,1415459.0,62094.7027,4361252.734,-0.135,-0.03833333,446.1024514315403,8.29,285.2941308694544,0.396647,1513774.0,1648496.0,8.1772,6485853.0,4362321.0,4345467.0,2140386.0,7282037.5,5.628024542838209,81.09286133490359,46.047778408938086,0.0,0.0,0.0,0.0,FLOAT,DEU,0.0,0.1656000018119812,0.0636496022343635,0.0179424919188022,-0.00135,,,0.032592300325632,0.0310573000460863,0.0300770215690135,0.1499000042676925,0.0136533603072166,,,,-0.000383,0.0157000012695789,,,0.0082962457090616,0.107913,0.212966,0.679121,3.0,-0.105053,0.102013,0.118598,0.205228,0.158762,0.692758,0.72264,-0.103215,-0.040163,0,6218069.0,5953485.0,5641225.0,4111139.0,3909988.0,3705418.0,3702972.437,3432831.901,3242547.458,0.04666667,0.6516666,0.655,-0.4208333,-0.6858333,-0.695,428.1191632751658,417.7529712683965,421.6893842683238,0.34898,0.389087,0.40731,160.86956521739145,158.0368906455864,155.00658761528337,275810.2444,127177.6854,135121.36183,27824.67885543972,27542.55215390215,27309.236336439488,0.09666667000000001,0.46749997000000004,1.3374999,1.35,0.04444186892215232,0.05144542643097626,0.0786932025192689,0.024814167031044977,0.010243302797834575,2672041.217391304,2528913.6363636362,2337078.095238095,1872997.9565217393,1756983.227272727,1636079.0952380951,1662211.6166086954,1467626.154090909,1347228.6708095237,-3.142416660579709,-2.680253851515151,-2.804551587301586,-2.2660764000000007,-2.6340798727272734,-2.768678947619048,179.04187704305355,176.81395217460482,189.17007718284668,-0.1107891693540623,-0.07571804068833782,-0.06110066167349676,19.497909148192775,17.55150317403286,15.356986009159954,117818.76812173915,-25458.392327272726,-18727.02029380953,3774.0973993567823,3663.5205796081536,3604.6581230792144,-0.8763402605797086,-0.04617397878787699,-0.03587263968253773,-0.020463478646249228,-0.012995958747714156,0.007318948308236928,-0.0475295177838967,-0.009078418067122663,-0.03605247826086956,-0.03181234782608694,0.06786395652173915,-0.004240086956521741,-0.021106227272727277,-0.07972436363636365,0.10083068181818178,0.05861918181818181
2000,USA,USA,111,282158.0,28701.934318309348,93.15825236571314,88.6573,10251.0,0.230273963283672,127.79181404749878,-401.928,1477.184,1096.825,612.766,4790.466667,6.24,6.02917,142.184,3.992,145.54670592329018,0.556,2025.191,1788.95,1.0,5162.8,3128.31,3265.272,1969.175,11245.2236328125,7.456310272216797,89.75515747070312,27.687536239624023,0.0,0.0,0.0,0.0,BASE,,,-0.0570316649973392,0.1172520369291305,0.2033636271953582,0.0645583271980285,,,0.0639409124851226,0.0533111207187175,0.050107218325138,-0.068419799208641,0.0122245345264673,,,,0.0602917000651359,0.0113881342113018,0.0473467744886875,0.0311864111572504,0.1339609771966934,0.218199,0.158812,0.62299,33.0,0.059387,0.188731,0.140996,0.149645,0.163982,0.661624,0.695022,0.039086,-0.022986,0,4768.295,4435.31,4088.515,2893.772,2694.47,2493.539,4517.133333,4206.025,3925.308333,5.63667,5.26417,6.3525,4.97,5.35,5.46,133.639,127.372,121.156,0.591,0.613,0.635,123.59777665487624,121.02071753410816,119.40373926225368,-286.622,-215.037,-140.725,27869.81202767119,26893.450858320128,26074.239422588977,-0.21083000000000052,0.6666699999999999,-0.08582999999999963,0.8925000000000001,0.07507592479443367,0.0739670510341552,0.07396730475924422,0.04920233646327301,0.03630479310724085,-3713.2096956521746,-3820.1073181818183,-3949.786428571429,-2588.1451739130434,-2668.951636363636,-2760.385142857142,-3955.4039861304354,-3977.2401518181823,-3975.4206355714277,1.9023213042028981,1.4575403180303037,2.5031736665079367,2.732173913043478,3.108636363636363,3.199047619047619,-64.36127242461228,-66.76526795808614,-69.40297912587752,-0.2008260869565217,-0.16627272727272724,-0.1311904761904762,-31.36190873739477,-32.3349717488171,-32.35640896075458,170.9763043478261,241.9000909090909,317.10238095238094,-2851.086644181727,-3634.6779781022196,-4272.430274829523,-0.8298526088405795,-1.65109604560606,-0.6958739525396822,0.01884251194178714,0.01802600649588769,0.011559465804937712,0.008862266106257989,0.022752639304555004,-0.009237217391304342,-0.04106652173913042,0.05030365217391297,0.0318294347826087,-0.05843245454545451,-0.029892090909090924,0.08832445454545457,-0.028540227272727273
2001,USA,USA,111,284915.0,28726.09431927397,92.92834321500946,89.9346,10581.9,0.2240454387170244,131.43001515917135,-394.079,1403.559,1026.725,665.58,5203.566667,3.88,5.0175,152.805,4.7313,149.59871989833547,0.5479999999999999,1991.082,1862.846,1.0,5461.07,3459.282,3555.479,1990.793,11577.7822265625,7.649344444274902,87.08177947998047,27.65666389465332,0.0,0.0,0.0,0.0,BASE,,,-0.1279255896806717,0.1270404607057571,0.0350000001490116,0.0368666686117649,,,0.0746989846229553,0.0523414723575115,0.0487033799290657,-0.1397518962621688,0.0137475654482841,,,,0.0501749999821186,0.0118263168260455,0.0160944946110248,0.0123948408290743,0.0359333343803882,0.201825,0.196379,0.601796,43.0,0.005446,0.218199,0.188731,0.158812,0.149645,0.62299,0.661624,0.059387,0.039086,0,5162.8,4768.295,4435.31,3128.31,2893.772,2694.47,4790.466667,4517.133333,4206.025,6.02917,5.63667,5.26417,6.24,4.97,5.35,142.184,133.639,127.372,0.556,0.591,0.613,127.79181404749878,123.59777665487624,121.02071753410816,-401.928,-286.622,-215.037,28701.934318309348,27869.81202767119,26893.450858320128,1.1375000000000002,-0.21083000000000052,0.6666699999999999,-0.08582999999999963,0.08273502373489898,0.08104923262786426,0.06051035332589328,0.06394091545132773,0.0298574776827331,-3318.7046956521745,-3487.1223181818186,-3602.9914285714285,-2353.6071739130434,-2469.649636363636,-2559.4541428571424,-3682.0706521304355,-3666.131818818182,-3694.703968571428,2.294821304202898,1.8300403180303033,1.4148436665079367,4.002173913043478,2.728636363636363,3.089047619047619,-55.81627242461229,-60.49826795808613,-63.18697912587753,-0.23582608695652163,-0.18827272727272726,-0.1531904761904762,-27.167871344772237,-29.757912628049013,-30.7394306889001,55.67030434782612,170.31509090909088,242.79038095238096,-2018.964353543568,-2658.3168087511585,-3453.218839098372,-1.70735260884058,-0.8985960456060604,-1.674203952539682,0.026501610882252447,0.02510818808959675,-0.0018974856284132285,0.023600845094312706,0.016305323880047254,0.020230782608695652,-0.03189952173913041,0.011669652173913025,0.052130434782608696,-0.01069745454545451,-0.04422909090909091,0.05492645454545453,0.03353177272727273
2002,USA,USA,111,287501.0,28976.93019268436,93.5382481623428,91.4313,10929.1,0.2140261561720187,133.50176856998488,-456.109,1437.724,997.9793,714.044,5591.15,1.67,4.61083,162.483,5.7832,152.7657393820783,0.5720000000000001,1853.136,2010.894,1.0,5826.407,3847.093,3931.402,1989.817,11905.7001953125,7.611784934997559,86.98081970214844,28.27042007446289,0.0,0.0,0.0,0.0,BASE,,,-0.2006061524152755,0.1139658540487289,0.1590408086776733,0.0172583293169736,,,0.0633356273174285,0.05063022300601,0.0476145260035991,-0.2146419584751129,0.0178718380630016,,,,0.0461083017289638,0.0140357920899987,0.0130707714706659,-0.0026886684354394,0.088149569928646,0.211048,0.209385,0.579567,47.0,0.001662,0.201825,0.218199,0.196379,0.158812,0.601796,0.62299,0.005446,0.059387,0,5461.07,5162.8,4768.295,3459.282,3128.31,2893.772,5203.566667,4790.466667,4517.133333,5.0175,6.02917,5.63667,3.88,6.24,4.97,152.805,142.184,133.639,0.5479999999999999,0.556,0.591,131.43001515917135,127.79181404749878,123.59777665487624,-394.079,-401.928,-286.622,28726.09431927397,28701.934318309348,27869.81202767119,2.94083,1.1375000000000002,-0.21083000000000052,0.6666699999999999,0.05777291392267752,0.10579897772279609,0.08623376984244871,0.07469898160130542,0.0008417551478127682,-3020.434695652175,-3092.6173181818185,-3270.006428571429,-2022.6351739130432,-2235.111636363636,-2360.1521428571423,-3268.970652130435,-3392.7984848181823,-3383.595635571428,1.2831513042028986,2.2225403180303034,1.7873436665079363,1.6421739130434783,3.9986363636363635,2.709047619047619,-45.195272424612284,-51.953267958086144,-56.91997912587752,-0.24382608695652175,-0.22327272727272718,-0.17519047619047623,-23.529670233099665,-25.56387523542648,-28.162371568132016,63.51930434782611,55.0090909090909,171.20538095238095,-1994.8043525789471,-1826.1945181129995,-2476.857669747311,-0.35902260884057924,-1.7760960456060608,-0.9217039525396824,0.0015395010700309866,0.04985793318452858,0.0238259308881422,0.0343589112442904,-0.012710398654873079,0.0038567826086956525,0.0056674782608695795,-0.00952434782608702,-0.0018105652173913038,0.018770545454545484,-0.035062090909090904,0.016292454545454582,0.05383277272727273
2003,USA,USA,111,289986.0,29458.922506871186,95.07826323859548,93.1823,11456.5,0.2148918982305881,136.533602829712,-522.297,1557.1198,1035.1645,752.954,5980.5,1.13,4.015,172.586,5.9887,157.64384901848035,0.599,1782.314,2159.899,1.0,6318.384,4263.383,4369.996,2073.582,11871.396484375,7.596964836120605,86.43053436279297,28.317047119140625,0.0,0.0,0.0,0.0,BASE,,,0.2211459279060363,0.1111762300133705,0.0202222224324941,0.0115083297714591,,,0.0621788129210472,0.0489974170923233,0.0461291596293449,0.2018060833215713,0.0160923153162002,,,,0.0401500016450881,0.0193398427218198,0.132983773946762,0.1559556573629379,0.0158652756363153,0.198586,0.229068,0.572346,46.0,-0.030482,0.211048,0.201825,0.209385,0.196379,0.579567,0.601796,0.001662,0.005446,0,5826.407,5461.07,5162.8,3847.093,3459.282,3128.31,5591.15,5203.566667,4790.466667,4.61083,5.0175,6.02917,1.67,3.88,6.24,162.483,152.805,142.184,0.5720000000000001,0.5479999999999999,0.556,133.50176856998488,131.43001515917135,127.79181404749878,-456.109,-394.079,-401.928,28976.93019268436,28726.09431927397,28701.934318309348,2.885,2.94083,1.1375000000000002,-0.21083000000000052,0.06689842832997937,0.11210736794513997,0.07448416784164161,0.0633356238342986,0.008731986695528233,-2655.0976956521745,-2794.347318181819,-2875.5014285714287,-1634.8241739130435,-1904.1396363636359,-2125.6141428571423,-2881.3873191304356,-2979.698484818182,-3110.262301571428,0.8764813042028985,1.2108703180303038,2.1798436665079364,-0.5678260869565217,1.6386363636363632,3.9790476190476194,-35.51727242461229,-41.332267958086135,-48.37497912587753,-0.21982608695652162,-0.2312727272727273,-0.21019047619047615,-21.457916822286137,-21.925674123753907,-23.968334175509483,1.4893043478261347,62.85809090909089,55.899380952380966,-1743.9684791685577,-1802.0345171483787,-1644.7353791091518,1.4443073911594206,-0.42776604560606013,-1.7992039525396828,0.01066501547733284,0.056166323406872457,0.012076328887335099,0.022995553477283576,-0.004820167107157615,0.013079782608695661,0.01867347826086957,-0.031753347826086964,-0.005594565217391304,0.0023965454545454845,0.0025049090909090854,-0.004901545454545464,-0.00010822727272727199
2004,USA,USA,111,292806.0,30199.800860551808,97.65851299494484,95.6691,12217.2,0.2200669659223293,140.22233451238003,-635.887,1810.5035,1176.3625,787.963,6265.25,1.35,4.27417,188.666,5.5286,164.57495559281637,0.612,1880.114,2292.841,1.0,7081.548,4924.251,4981.097,2279.535,12606.177734375,7.793898105621338,86.40647888183594,27.920316696166992,0.0,0.0,0.0,0.0,BASE,,,0.1277113556861877,0.1405346989631652,0.0690476149320602,0.0156333297491073,,,0.093170940876007,0.0473637618124485,0.043326947838068,0.1097220107913017,0.0162106715142726,,,,0.0427417010068893,0.0179893393069505,0.1208030059933662,0.1353386789560318,0.0423404723405838,0.239452,0.212794,0.547754,88.0,0.026658,0.198586,0.211048,0.229068,0.209385,0.572346,0.579567,-0.030482,0.001662,0,6318.384,5826.407,5461.07,4263.383,3847.093,3459.282,5980.5,5591.15,5203.566667,4.015,4.61083,5.0175,1.13,1.67,3.88,172.586,162.483,152.805,0.599,0.5720000000000001,0.5479999999999999,136.533602829712,133.50176856998488,131.43001515917135,-522.297,-456.109,-394.079,29458.922506871186,28976.93019268436,28726.09431927397,2.9241699999999997,2.885,2.94083,1.1375000000000002,0.08443917494950144,0.10820897753186626,0.06963683678670764,0.062178812552697874,0.016633656877446373,-2163.1206956521746,-2429.0103181818185,-2577.231428571429,-1218.5341739130436,-1516.3286363636362,-1794.642142857142,-2492.037319130435,-2592.1151518181823,-2697.1623015714276,0.2806513042028982,0.8042003180303037,1.1681736665079367,-1.1078260869565217,-0.5713636363636367,1.619047619047619,-25.414272424612278,-31.654267958086137,-37.75397912587752,-0.1928260869565217,-0.20727272727272716,-0.21819047619047627,-18.426082562559003,-19.85392071294038,-20.33013306383691,-64.69869565217391,0.8280909090909176,63.748380952380955,-1261.97616498173,-1551.1986437379892,-1620.575378144531,1.3884773911594204,1.3755639543939397,-0.4508739525396821,0.02820576209685491,0.05226793299359875,0.007228997832401128,0.021838742195682853,0.0030815030747605252,0.0006177826086956606,0.038356478260869575,-0.038974347826087,-0.0377385652173913,0.011619545454545493,0.015510909090909075,-0.027130545454545407,-0.003892227272727272
2005,USA,USA,111,295583.0,30841.645496424466,100.0,97.8361,13039.2,0.2276820150148544,144.97220818595252,-749.23,2041.4825,1301.5798,815.432,6532.591667,3.22,4.29,209.984,5.0835,169.45724298248425,0.616,2153.611,2471.957,1.0,7767.335,5481.689,5441.481,2564.912,13809.50390625,7.973085403442383,87.48990631103516,27.00968742370605,0.0,0.0,0.0,0.0,BASE,,,0.0709467083215713,0.1576139330863952,0.0760373845696449,0.0351166687905788,,,0.1129933297634124,0.0446205958724021,0.040090624243021,0.0524178408086299,0.0176059957593679,,,,0.0428999997675418,0.018528863787651,0.1142452135682106,0.1247487515211105,0.0555770248174667,0.21351,0.19044,0.596051,78.0,0.02307,0.239452,0.198586,0.212794,0.229068,0.547754,0.572346,0.026658,-0.030482,1,7081.548,6318.384,5826.407,4924.251,4263.383,3847.093,6265.25,5980.5,5591.15,4.27417,4.015,4.61083,1.35,1.13,1.67,188.666,172.586,162.483,0.612,0.599,0.5720000000000001,140.22233451238003,136.533602829712,133.50176856998488,-635.887,-522.297,-456.109,30199.800860551808,29458.922506871186,28976.93019268436,1.0699999999999998,2.9241699999999997,2.885,2.94083,0.120784681652777,0.15501023482994616,0.04761307582978012,0.09317094086426467,0.025149540126860208,-1399.9566956521749,-1937.0333181818187,-2211.8944285714288,-557.6661739130432,-1100.0386363636362,-1406.8311428571424,-2207.287319130435,-2202.765151818182,-2309.578968571428,0.5398213042028983,0.20837031803030337,0.7615036665079367,-0.8878260869565215,-1.1113636363636368,-0.5909523809523809,-9.334272424612294,-21.55126795808613,-28.075979125877524,-0.1798260869565217,-0.18027272727272725,-0.19419047619047614,-14.737350879890982,-16.822086453213245,-18.258379653023383,-178.28869565217383,-65.35990909090913,1.7183809523809828,-521.0978113011079,-1069.2063295511616,-1369.7395047341415,1.4276473911594203,1.3197339543939395,1.3524560474603178,0.06455126880013047,0.09906919029167865,-0.014794763124526392,0.05283087050724965,0.01159738632417436,0.041483782608695646,0.022082478260869592,-0.06356634782608706,0.019401434782608695,-0.0008424545454545074,0.03519390909090908,-0.03435154545454544,-0.03603622727272727
2006,USA,USA,111,298442.0,31357.53958773589,101.86795551434392,100.0,13815.6,0.2285019378026689,149.67155128852957,-816.642,2256.6233,1470.1703,837.701,6874.225,4.97,4.79167,225.103,4.623,176.82879375739992,0.62,2406.869,2655.05,1.0,8366.093,5935.112,5782.643,2855.324,14858.83203125,7.89143705368042,87.8382339477539,27.584644317626957,0.0,0.0,0.0,0.0,BASE,,,0.1420127302408218,0.1135304123163223,0.000545454560779,0.0515333302319049,,,0.0720007270574569,0.041529681533575,0.0387403480708599,0.1222990825772285,0.0175654105842113,,,,0.0479166992008686,0.0197136439383029,0.110145092010498,0.1251189261674881,0.0260393917560577,0.245311,0.177932,0.576757,80.0,0.06738,0.21351,0.239452,0.19044,0.212794,0.596051,0.547754,0.02307,0.026658,1,7767.335,7081.548,6318.384,5481.689,4924.251,4263.383,6532.591667,6265.25,5980.5,4.29,4.27417,4.015,3.22,1.35,1.13,209.984,188.666,172.586,0.616,0.612,0.599,144.97220818595252,140.22233451238003,136.533602829712,-749.23,-635.887,-522.297,30841.645496424466,30199.800860551808,29458.922506871186,-0.17832999999999988,1.0699999999999998,2.9241699999999997,2.885,0.09684139682453614,0.11320259669947777,0.042670550576593066,0.11299333213191573,0.021253273782710965,-714.1696956521746,-1173.869318181819,-1719.917428571429,-0.2281739130430651,-439.1706363636358,-990.5411428571424,-1939.9456521304355,-1918.015151818182,-1920.2289685714277,0.5556513042028985,0.4675403180303035,0.16567366650793636,0.9821739130434786,-0.8913636363636366,-1.130952380952381,11.983727575387718,-5.471267958086145,-17.972979125877515,-0.1758260869565217,-0.16727272727272724,-0.16719047619047622,-9.987477206318488,-13.133354770545225,-15.226545393296249,-291.6316956521739,-178.94990909090905,-64.46961904761906,120.74682457154995,-328.3279758705394,-887.747190547314,-0.4265226088405796,1.3589039543939394,1.2966260474603175,0.04060798397188961,0.05726155216121026,-0.019737288377713443,0.07265326177490071,0.007701119980025118,0.015541782608695653,-0.0002715217391304203,-0.01526934782608702,0.015813434782608694,0.04002354545454548,0.0189199090909091,-0.0589435454545455,0.021103772727272728
2007,USA,USA,111,301280.0,31654.92675492241,102.79685435528638,100.7549,14474.2,0.2211278112394319,153.91611925214755,-736.554,2395.2275,1659.2948,847.359,7294.466667,5.02,4.62917,227.811,4.6221,184.92457219067757,0.626,2567.985,2728.686,1.0,8972.786,6262.08,6067.758,3291.572,16299.396484375,7.627151966094971,89.43016815185547,29.19282341003418,1.0,1.0,0.0,0.0,BASE,,,0.0639146566390991,0.0524189695715904,0.0860952362418174,0.0526833310723304,,,0.0120300482958555,0.0403889194130897,0.0399088151752948,0.0443371310830116,0.0187463667243719,,,,0.0462917014956474,0.0195775274187326,0.0593471676111221,0.05737916380167,0.0693892836570739,0.185515,0.176493,0.637992,71.0,0.009022,0.245311,0.21351,0.177932,0.19044,0.576757,0.596051,0.06738,0.02307,1,8366.093,7767.335,7081.548,5935.112,5481.689,4924.251,6874.225,6532.591667,6265.25,4.79167,4.29,4.27417,4.97,3.22,1.35,225.103,209.984,188.666,0.62,0.616,0.612,149.67155128852957,144.97220818595252,140.22233451238003,-816.642,-749.23,-635.887,31357.53958773589,30841.645496424466,30199.800860551808,-0.39082999999999934,-0.17832999999999988,1.0699999999999998,2.9241699999999997,0.07708667129716959,0.08271592934221546,0.05229675302159073,0.0720007238646754,0.01672719088127877,-115.41169565217388,-488.08231818181866,-956.7534285714291,453.1948260869567,118.26736363636428,-329.673142857142,-1598.3123191304348,-1650.6734848181823,-1635.4789685714277,1.0573213042028984,0.4833703180303037,0.4248436665079365,2.732173913043478,0.9786363636363635,-0.9109523809523807,27.102727575387718,15.846732041913867,-1.892979125877531,-0.17182608695652168,-0.16327272727272724,-0.1541904761904762,-5.2881341037414415,-8.38348109697273,-11.537813710628228,-359.04369565217394,-292.2929090909091,-178.05961904761898,636.6409158829738,313.51666000211844,-146.8688368666917,-1.6748526088405793,-0.49526604560606047,1.3357960474603174,0.020853258444523057,0.02677488480394795,-0.010111085932715778,0.03166065350766038,0.003175037078592924,0.04734278260869565,-0.012779521739130412,-0.034563347826087054,0.06012343478260869,0.014081545454545485,-0.0034340909090909144,-0.010646545454545464,0.017515772727272727
2008,USA,USA,111,304228.0,31251.266490333088,101.69004053509146,99.6245,14769.9,0.2100403570991806,159.82819605861545,-696.526,2576.1505,1835.2805,1669.26,7787.558333,1.92,3.66667,217.008,5.7842,189.8321162767709,0.677,2523.991,2982.544,1.0,9296.985,6373.05,6119.956,3492.101,16965.576171875,7.218917369842529,82.67257690429688,29.22944450378418,0.0,0.0,0.0,0.0,BASE,,,-0.3875488340854645,-0.0060509406030178,0.2468348741531372,0.0296500008553266,,,-0.0474208891391754,0.0413699485361576,0.0434294082224369,-0.4067414104938507,0.0323510654270648,,,,0.0366666987538337,0.0191925466060638,-0.0742685422301292,-0.1369633078575134,0.1382424384355545,0.228924,0.223474,0.547602,66.0,0.00545,0.185515,0.245311,0.176493,0.177932,0.637992,0.576757,0.009022,0.06738,0,8972.786,8366.093,7767.335,6262.08,5935.112,5481.689,7294.466667,6874.225,6532.591667,4.62917,4.79167,4.29,5.02,4.97,3.22,227.811,225.103,209.984,0.626,0.62,0.616,153.91611925214755,149.67155128852957,144.97220818595252,-736.554,-816.642,-749.23,31654.92675492241,31357.53958773589,30841.645496424466,1.74667,-0.39082999999999934,-0.17832999999999988,1.0699999999999998,0.07251807982531383,0.05509045153655059,0.0611329520054987,0.012030048466701903,0.009483753224785204,491.2813043478254,110.67568181818206,-270.9664285714289,780.1628260869566,571.690363636364,227.7648571428581,-1178.0706521304355,-1309.0401518181816,-1368.137301571428,0.8948213042028987,0.9850403180303036,0.4406736665079367,2.782173913043478,2.728636363636363,0.9590476190476194,29.810727575387716,30.965732041913867,19.42502087412248,-0.16582608695652168,-0.15927272727272723,-0.1501904761904762,-1.0435661401234597,-3.684137994395684,-6.7879400370557335,-278.95569565217386,-359.70490909090915,-291.40261904761905,934.0280830694937,829.4107513135423,494.9757990059661,-1.8873526088405788,-1.7435960456060602,-0.5183739525396824,0.016284666972667297,-0.0008505930017169219,-0.001274886948807806,-0.02831002189031312,-0.004068400577900644,-0.012453217391304339,-0.014218521739130408,0.026671652173912985,0.0017654347826086964,0.04588254545454548,-0.015942090909090906,-0.029940545454545497,0.06182577272727272
2009,USA,USA,111,306879.72903471405,29898.64421649179,98.24535583925984,98.1711,14478.1,0.1853634516287876,159.27235977766546,-379.736,2001.9268,1582.7735,2017.338,8413.283333,0.16,3.25667,205.521,9.2542,191.19187273737475,0.823,2104.989,3517.677,1.0,8756.681,6175.145,5856.534,3076.391,16643.35546875,8.451820373535156,75.36837768554688,23.002216339111328,0.0,0.0,0.0,0.0,BASE,,,0.2908405065536499,-0.0085149332880973,-0.1522061079740524,0.0055583328939974,,,-0.052933532744646,0.0444185994565486,0.0469012483954429,0.2653037905693054,0.020182279869914,,,,0.032566700130701,0.0255367159843444,0.0692559406161308,0.1159821078181266,-0.0733238905668258,0.19762,0.229073,0.573307,58.0,-0.031453,0.228924,0.185515,0.223474,0.176493,0.547602,0.637992,0.00545,0.009022,0,9296.985,8972.786,8366.093,6373.05,6262.08,5935.112,7787.558333,7294.466667,6874.225,3.66667,4.62917,4.79167,1.92,5.02,4.97,217.008,227.811,225.103,0.677,0.626,0.62,159.82819605861545,153.91611925214755,149.67155128852957,-696.526,-736.554,-816.642,31251.266490333088,31654.92675492241,31357.53958773589,3.09667,1.74667,-0.39082999999999934,-0.17832999999999988,0.036131364327645896,0.017720948949869732,0.06759804225725448,-0.04742088836798924,-0.012751893811491815,815.480304347826,717.3686818181814,327.79157142857184,891.1328260869568,898.6583636363639,681.1878571428579,-684.9789861304353,-888.7984848181823,-1026.5039685714273,-0.06767869579710162,0.8225403180303039,0.9423436665079366,-0.3178260869565217,2.778636363636363,2.709047619047619,19.00772757538772,33.673732041913865,34.54402087412248,-0.11482608695652163,-0.15327272727272723,-0.1461904761904762,4.868510666344434,0.560429969222298,-2.088596934478687,-238.92769565217384,-279.6169090909091,-358.8146190476191,530.367818480172,1126.7979185000622,1010.86989031739,0.25014739115942053,-1.9560960456060597,-1.7667039525396822,-0.020102048525000638,-0.03822009558839778,0.00519020330294797,-0.08776095872500425,-0.026304047614177664,0.030955782608695637,0.03276247826086959,-0.06371834782608699,-0.0018065652173913042,-0.013913454545454507,-0.0173810909090909,0.03129445454545454,0.003467772727272728
2010,USA,USA,111,309238.9292263667,30491.34438076369,99.93163936927324,99.2258870558973,15049.0,0.1798334714388816,161.89994946942898,-432.002,2389.5553,1857.2468,2009.34,8624.216667,0.18,3.21417,197.492,9.6334,196.31943771643373,0.912,2162.706,3457.079,1.0,8954.963,6080.148,6118.608,2933.069,16768.255859375,8.71555233001709,74.88633728027344,22.68913459777832,0.0,0.0,0.0,0.0,BASE,,,0.1385831832885742,0.0079426951706409,0.1010747626423835,0.0031166670378297,,,-0.0390665680170059,0.0470092631876468,0.048920415341854,0.118112713098526,0.0183080546557903,,,,0.032141700387001,0.020470468327403,0.0632834509015083,0.067306563258171,0.0520957149565219,0.201392,0.21467,0.583938,74.0,-0.013278,0.19762,0.228924,0.229073,0.223474,0.573307,0.547602,-0.031453,0.00545,0,8756.681,9296.985,8972.786,6175.145,6373.05,6262.08,8413.283333,7787.558333,7294.466667,3.25667,3.66667,4.62917,0.16,1.92,5.02,205.521,217.008,227.811,0.823,0.677,0.626,159.27235977766546,159.82819605861545,153.91611925214755,-379.736,-696.526,-736.554,29898.64421649179,31251.266490333088,31654.92675492241,3.03417,3.09667,1.74667,-0.39082999999999934,-0.058116045147970016,-0.031053420261883985,0.08034931787906768,-0.05293353240433543,-0.04328215863698525,275.17630434782586,1041.5676818181819,934.4845714285711,693.2278260869571,1009.6283636363642,1008.1558571428577,-59.253986130435806,-395.706818818182,-606.262301571428,-0.4776786957971013,-0.13995968196969644,0.7798436665079369,-2.0778260869565215,-0.32136363636363674,2.7590476190476187,7.520727575387696,22.870732041913868,37.25202087412248,0.031173913043478274,-0.10227272727272718,-0.1401904761904762,4.312674385394445,6.472506775690192,2.1559710291392946,77.86230434782613,-239.58890909090906,-278.726619047619,-822.254455361126,723.1376539107405,1308.25705750391,1.6001473911594206,0.18140395439393964,-1.9792039525396816,-0.11434945800061655,-0.0869944648001515,0.017941478924761174,-0.09327360276135045,-0.056834312439671096,-0.0003482173913043618,0.03836147826086958,-0.03801334782608701,-0.03870956521739131,0.02949554545454547,0.029599909090909093,-0.05909554545454543,-0.00010422727272727233
2011,USA,USA,111,311442.3802729081,30745.45820562164,100.74653502057392,100.18348112451568,15599.7,0.1827566874383776,167.0035371399697,-455.297,2695.4805,2115.8638,2603.702,9253.533333,0.1,2.78583,190.362,8.9492,201.57182890162483,0.958,2303.466,3603.056,1.0,9151.247,6102.623,6191.318,3031.657,17314.04296875,8.766556739807129,70.64887237548828,19.775728225708008,0.0,0.0,0.0,0.0,BASE,,,0.0227300189435482,0.0136519744992256,0.2533893883228302,0.003033332992345,,,-0.0361027270555496,0.0497547015547752,0.0516182631254196,0.0014417694183066,0.0212576016783714,,,,0.0278583001345396,0.0212882496416568,0.0498572178184986,0.0175784230232238,0.1282113641500473,0.191835,0.270628,0.537537,80.0,-0.078794,0.201392,0.19762,0.21467,0.229073,0.583938,0.573307,-0.013278,-0.031453,0,8954.963,8756.681,9296.985,6080.148,6175.145,6373.05,8624.216667,8413.283333,7787.558333,3.21417,3.25667,3.66667,0.18,0.16,1.92,197.492,205.521,217.008,0.912,0.823,0.677,161.89994946942898,159.27235977766546,159.82819605861545,-432.002,-379.736,-696.526,30491.34438076369,29898.64421649179,31251.266490333088,2.6858299999999997,3.03417,3.09667,1.74667,0.022643510709137313,-0.015383768316371565,0.02507146445105954,-0.03906656740673701,0.019823646851015845,473.4583043478251,501.2636818181818,1258.6835714285717,598.2308260869568,811.7233636363644,1119.125857142858,151.6793478695654,230.01818118181745,-113.17063557142774,-0.5201786957971013,-0.5499596819696961,-0.18265633349206345,-2.0578260869565215,-2.0813636363636365,-0.3409523809523809,-0.5082724246123007,11.383732041913845,26.449020874122482,0.12017391304347835,0.043727272727272726,-0.08919047619047615,6.940264077157963,5.9166704947402025,8.068047835607189,25.596304347826106,77.20109090909091,-238.698619047619,-229.55429108922544,-629.4846199305575,904.5967929145881,1.5376473911594206,1.5314039543939397,0.15829604746031767,-0.03358990214350922,-0.07132481285463907,-0.03733637450324697,-0.07940663776375204,0.0062714930483299975,0.0034237826086956358,0.02395847826086958,-0.02738234782608706,-0.020534565217391304,-0.0018084545454545298,0.035198909090909086,-0.03339054545454545,-0.037007227272727275
2012,USA,USA,111,313661.80559074285,31224.222253421813,102.2599372871511,100.81106593653944,16254.0,0.1896776909125798,170.5406771096513,-418.112,2769.3175,2217.6998,2657.124,10047.91667,0.14,1.8025,190.243,8.0694,207.1004843372882,1.0,2449.988,3536.951,1.0,9444.211,6141.26,6268.85,3273.617,18286.447265625,8.7390775680542,68.8572006225586,18.050573348999023,0.0,0.0,0.0,0.0,BASE,,,0.1690795570611953,0.0521034263074398,0.032299268990755,0.0028250000905245,,,-0.0006251247832551,0.0527285523712635,0.052761536091566,0.1439452469348907,0.0219716094434261,,,,0.0180249996483325,0.0251343175768852,0.0805169343948364,0.1053324937820434,0.0175621341913938,0.183295,0.245959,0.570745,61.0,-0.062664,0.191835,0.201392,0.270628,0.21467,0.537537,0.583938,-0.078794,-0.013278,0,9151.247,8954.963,8756.681,6102.623,6080.148,6175.145,9253.533333,8624.216667,8413.283333,2.78583,3.21417,3.25667,0.1,0.18,0.16,190.362,197.492,205.521,0.958,0.912,0.823,167.0035371399697,161.89994946942898,159.27235977766546,-455.297,-432.002,-379.736,30745.45820562164,30491.34438076369,29898.64421649179,1.6625,2.6858299999999997,3.03417,3.09667,0.02191901853754166,0.003696456073108657,0.07297087843444817,-0.036102728211775646,0.00833396591782496,669.7423043478248,699.545681818181,718.3795714285716,620.7058260869562,716.7263636363641,921.2208571428582,780.9960138695642,440.95151518181865,512.5543644285717,-0.9485186957971017,-0.5924596819696961,-0.5926563334920631,-2.1378260869565215,-2.0613636363636365,-2.1009523809523807,-7.638272424612296,3.3547320419138487,14.962020874122459,0.16617391304347828,0.1327272727272728,0.056809523809523754,12.043851747698682,8.54426018650372,7.512211554657199,2.3013043478260897,24.93509090909089,78.09138095238097,24.55953376872276,-36.78445565865695,-448.02548092670986,1.1893073911594203,1.4689039543939397,1.5082960474603178,-0.03431439431510487,-0.05224458846515885,0.010563039480141666,-0.07644279856879066,-0.005218187884860887,-0.006133217391304346,0.07991647826086956,-0.07378334782608698,-0.08605056521739131,0.001963545454545468,0.020795909090909087,-0.022759545454545504,-0.01883222727272727
2013,USA,USA,111,315822.3257831831,31581.707325592328,103.42457222904991,101.60437833590105,16843.2,0.1920857921696671,173.06720565942393,-339.455,2766.3755,2286.9813,3685.277,10724.85833,0.11,2.35083,204.3172025259476,7.3749,208.9105369442856,1.007,2775.103,3454.647,1.0,9730.2,6255.0,6246.184,3487.400000000001,19180.232421875,9.080316543579102,68.53228759765625,16.456039428710938,0.0,0.0,0.0,0.0,BASE,,,0.2956359088420868,0.1279627680778503,-0.1324202865362167,0.0020833329763263,,,0.0739801302552223,0.0539826340973377,0.0502640902996063,0.2710347473621368,0.0193552318960428,,,,0.0235082991421222,0.0246011726558208,0.1398430168628692,0.2124046981334686,-0.0651684775948524,0.227356,0.181401,0.591244,68.0,0.045955,0.183295,0.191835,0.245959,0.270628,0.570745,0.537537,-0.062664,-0.078794,0,9444.211,9151.247,8954.963,6141.26,6102.623,6080.148,10047.91667,9253.533333,8624.216667,1.8025,2.78583,3.21417,0.14,0.1,0.18,190.243,190.362,197.492,1.0,0.958,0.912,170.5406771096513,167.0035371399697,161.89994946942898,-418.112,-455.297,-432.002,31224.222253421813,30745.45820562164,30491.34438076369,2.2408300000000003,1.6625,2.6858299999999997,3.03417,0.032013560556282655,0.006331212005067432,0.08584648786718767,-0.0006251247622949947,0.015571862503992041,962.7063043478247,895.8296818181807,916.6615714285708,659.3428260869568,739.2013636363636,826.2238571428579,1575.3793508695653,1070.2681811818175,723.4876984285729,-1.9318486957971015,-1.0207996819696965,-0.6351563334920631,-2.0978260869565215,-2.1413636363636366,-2.0809523809523807,-7.757272424612296,-3.775267958086147,6.933020874122462,0.20817391304347832,0.17872727272727273,0.14580952380952383,15.5809917173803,13.64784785704444,10.139801246420717,39.48630434782609,1.6400909090908726,25.825380952380954,503.32358156889677,217.32936919929125,144.67468334519072,0.16597739115942067,1.1205639543939394,1.4457960474603178,-0.024219852296363878,-0.049609832533200074,0.02343864891288116,-0.040965195119310016,0.002019708701306194,-0.014673217391304338,0.05524747826086959,-0.04057534782608707,-0.0699205652173913,-0.007593454545454514,0.07675390909090907,-0.06916054545454542,-0.08434822727272727
2014,USA,USA,111,318106.64657814766,32072.18365577019,105.26225902234812,103.59320965754884,17550.7,0.1963767241032363,175.99797877716017,-369.978,2887.445,2377.4083,3898.497,11387.04167,0.09,2.54083333333333,214.71387433589624,6.1675,215.13480468231728,1.026,3021.487,3506.114,1.0,10273.2,6461.199999999998,6455.991999999999,3836.499999999999,20451.583984375,9.125490188598633,68.76428985595703,16.83882713317871,0.0,0.0,0.0,0.0,BASE,,,0.1581663638353347,0.1063278317451477,0.2438965588808059,0.00089999998454,,,0.0546499751508235,0.0516778528690338,0.0490000024437904,0.1363495588302612,0.0191990341991186,,,,0.0254083331674337,0.0218168143182992,0.130062997341156,0.1327294558286667,0.1223982796072959,0.167395,0.173683,0.658922,92.0,-0.006289,0.227356,0.183295,0.181401,0.245959,0.591244,0.570745,0.045955,-0.062664,0,9730.2,9444.211,9151.247,6255.0,6141.26,6102.623,10724.85833,10047.91667,9253.533333,2.35083,1.8025,2.78583,0.11,0.14,0.1,204.3172025259476,190.243,190.362,1.007,1.0,0.958,173.06720565942393,170.5406771096513,167.0035371399697,-339.455,-418.112,-455.297,31581.707325592328,31224.222253421813,30745.45820562164,2.45083333333333,2.2408300000000003,1.6625,2.6858299999999997,0.030281936733518703,0.018520629317110786,0.06737134494965896,0.07398013343958838,0.011448966423217763,1248.695304347826,1188.7936818181806,1112.9455714285705,773.0828260869566,777.8383636363642,848.6988571428574,2252.321010869564,1864.6515181818186,1352.8043644285717,-1.3835186957971013,-2.0041296819696965,-1.0634963334920635,-2.1278260869565218,-2.1013636363636365,-2.1609523809523807,6.316930101335316,-3.8942679580861466,-0.19697912587753308,0.21517391304347822,0.22072727272727277,0.19180952380952376,18.10752026715292,17.184987826726058,15.243388916961436,118.14330434782613,38.825090909090875,2.5303809523809377,860.808653739412,696.0934169994653,398.7885082031389,0.7443073911594209,0.09723395439393978,1.0974560474603174,-0.02595147611912783,-0.03742041522115672,0.004963505995352453,0.03364006308257336,-0.002103187379468085,0.02938778260869565,-0.009310521739130412,-0.020076347826087027,0.0386984347826087,-0.016133454545454506,0.0520849090909091,-0.035952545454545515,-0.06821822727272726
2015,USA,USA,111,320409.9368202732,32703.493039904108,107.70375551270318,106.20567221634752,18206.0,0.198301241357898,176.30116220313286,-408.884,2794.8495,2268.6505,3816.062,12043.525,0.13,2.135833,226.0146045641013,5.28,221.05653652569592,1.001,3249.886,3688.292,1.0,10986.9,6735.0,6805.001,4181.815999999999,21845.42578125,9.322636604309082,71.05863952636719,15.958414077758787,0.0,0.0,0.0,0.0,BASE,,,0.0210293680429458,0.106478676199913,-0.0188571438193321,0.001300000003539,,,0.0559779107570648,0.0505007617175579,0.0478236898779869,-9.24902778933756e-05,0.0211238116025924,,,,0.0213583298027515,0.0211218576878309,0.0461928844451904,0.0654333755373954,-0.0087785720825195,0.183019,0.196511,0.62047,75.0,-0.013493,0.167395,0.227356,0.173683,0.181401,0.658922,0.591244,-0.006289,0.045955,0,10273.2,9730.2,9444.211,6461.199999999998,6255.0,6141.26,11387.04167,10724.85833,10047.91667,2.54083333333333,2.35083,1.8025,0.09,0.11,0.14,214.71387433589624,204.3172025259476,190.243,1.026,1.007,1.0,175.99797877716017,173.06720565942393,170.5406771096513,-369.978,-339.455,-418.112,32072.18365577019,31581.707325592328,31224.222253421813,2.005833,2.45083333333333,2.2408300000000003,1.6625,0.055805636060923716,0.032965627498001276,0.0617428519449731,0.050884955752212226,0.015530393120336569,1791.695304347826,1474.782681818182,1405.9095714285704,979.2828260869546,891.578363636364,887.335857142858,2914.5043508695653,2541.593178181817,2147.187701428573,-1.1935153624637715,-1.4557996819696961,-2.0468263334920636,-2.1478260869565218,-2.131363636363637,-2.1209523809523807,16.713601911283945,10.179934567861466,-0.31597912587753285,0.23417391304347834,0.22772727272727267,0.2338095238095238,21.03829338488916,19.71151637649868,18.780528886643054,87.6203043478261,117.48209090909091,39.71538095238094,1351.284983917274,1053.5784891699805,877.5525560033129,0.9543107244927507,0.67556395439394,0.07412604746031781,-0.000427776791722817,-0.022975417040266233,-0.0006649870093334079,0.010544885395197205,0.0019782393176507214,-0.030573217391304364,-0.017028521739130414,0.04760165217391299,-0.013545565217391305,0.027927545454545483,-0.012473090909090906,-0.01545354545454547,0.04040077272727273
2016,USA,USA,111,322701.24635892856,33012.76787083851,108.75603486121952,108.05177380324952,18695.1,0.1958307080041574,178.57503789792818,-397.573,2738.3593,2232.1095,3509.753,12860.225,0.39,1.84166667,238.75575948983112,4.8692,223.7077351286493,1.052,3267.961,3852.612,1.0,11698.2,7146.099999999999,7202.766,4495.528,23020.064453125,9.278051376342772,70.90855407714844,15.484299659729004,0.0,0.0,0.0,0.0,BASE,,,0.0364933162927627,0.1079277470707893,0.0022782399319112,0.004,,,0.0583002567291259,0.0496274903416633,0.0468935817480087,0.0148675581440329,0.0213089492172002,,,,0.018417,0.0216257590800523,0.0485363453626632,0.067177303135395,0.0031391200609505,0.18536,0.222236,0.592405,60.0,-0.036876,0.183019,0.167395,0.196511,0.173683,0.62047,0.658922,-0.013493,-0.006289,0,10986.9,10273.2,9730.2,6735.0,6461.199999999998,6255.0,12043.525,11387.04167,10724.85833,2.135833,2.54083333333333,2.35083,0.13,0.09,0.11,226.0146045641013,214.71387433589624,204.3172025259476,1.001,1.026,1.007,176.30116220313286,175.99797877716017,173.06720565942393,-408.884,-369.978,-339.455,32703.493039904108,32072.18365577019,31581.707325592328,1.4516666699999998,2.005833,2.45083333333333,2.2408300000000003,0.06947202429622697,0.042376029220578544,0.05765178955387094,0.05263157894736837,0.019684016246281917,2505.395304347825,2017.782681818182,1691.8985714285718,1253.0828260869566,1097.778363636362,1001.0758571428578,3570.9876808695644,3203.7765181818186,2824.1293614285714,-1.5985156957971016,-1.2657963486363664,-1.4984963334920631,-2.1078260869565217,-2.151363636363637,-2.150952380952381,28.014332139489,20.576606377810094,13.75822340007008,0.2091739130434782,0.2467272727272728,0.2408095238095237,21.34147681086185,22.642289494234916,21.307057436415676,48.7143043478261,86.95909090909089,118.37238095238098,1982.5943680511919,1544.0548193478426,1235.0376281738281,0.5093103911594206,0.8855672877272698,0.652456047460318,0.013238611443580434,-0.013565015317688965,-0.004756049400435572,0.01229150859035335,0.00613186244359607,-0.014949217391304365,0.005799478260869573,0.009149652173912948,-0.020749565217391304,-0.03203345454545453,-0.02019109090909091,0.052224454545454546,-0.011843227272727273
2017,USA,USA,111,324756.93539600546,33543.679861697616,110.59109871405998,109.97804259715528,19479.6,0.2045465439,182.41536129358252,-361.702,2923.6905,2383.7583,3823.708,13592.46667,1.0,2.33,253.5221207276517,4.3552,230.12066380529,1.046,3316.182,3981.628,1.0,12263.2,7479.9,7539.187,4724.152,24702.212890625,9.349651336669922,71.36942291259766,15.20024299621582,0.0,0.0,0.0,0.0,BASE,,,0.193025454878807,0.1130705773830413,0.0251674745231866,0.01,,,0.0643882751464843,0.048682302236557,0.0457373522222042,0.1703632324934005,0.0193634070456028,,,,0.0233,0.0226622205227613,0.1213807165622711,0.1608807891607284,0.0175837371498346,0.197608,0.158729,0.643662,58.0,0.038879,0.18536,0.183019,0.222236,0.196511,0.592405,0.62047,-0.036876,-0.013493,0,11698.2,10986.9,10273.2,7146.099999999999,6735.0,6461.199999999998,12860.225,12043.525,11387.04167,1.84166667,2.135833,2.54083333333333,0.39,0.13,0.09,238.75575948983112,226.0146045641013,214.71387433589624,1.052,1.001,1.026,178.57503789792818,176.30116220313286,175.99797877716017,-397.573,-408.884,-369.978,33012.76787083851,32703.493039904108,32072.18365577019,1.33,1.4516666699999998,2.005833,2.45083333333333,0.06474073669551932,0.061039346696362205,0.06781237220830287,0.05637314876312004,0.009456935702771205,3216.695304347826,2731.482681818181,2234.898571428572,1664.182826086956,1371.578363636364,1207.2758571428558,4387.687680869565,3860.2598481818177,3486.312701428573,-1.8926820257971015,-1.6707966819696964,-1.3084930001587334,-1.8478260869565215,-2.1113636363636368,-2.170952380952381,40.75548706521883,31.87733660601515,24.154895210018708,0.26017391304347837,0.22172727272727266,0.2598095238095238,23.61535250565717,22.945472920207607,24.237830554151913,60.025304347826136,48.05309090909088,87.84938095238095,2291.8691989855906,2175.3642034817603,1725.5139583516902,-0.04485593884057959,0.44056695439393967,0.8624593807936478,0.008507323842872783,0.005098302158094696,0.005404533253996362,0.016033078406105017,-0.004095218099914642,-0.012608217391304355,0.03152447826086957,-0.01891534782608706,-0.044132565217391305,-0.016409454545454533,0.0026369090909090787,0.013772454545454504,-0.01904722727272727
2018,USA,USA,111,326497.1325750366,34338.77075550321,113.30686131104088,112.56730578873464,20527.2,0.2085860757310456,186.8620515411824,-438.241,3129.697,2533.5115,3372.911,14116.525,1.83,2.91,269.2813334344672,3.8956,237.5065624087644,1.054,3329.907,4109.044,1.0,12814.851,7662.869,7748.290000000001,5066.561,26289.54296875,9.391540485854245,72.05500594840818,14.785629281294757,0.0,0.0,0.0,0.0,BASE,,,0.1420751363039016,0.1129304617643356,-0.0171380322426557,0.0183,,,0.0655386447906494,0.0473918206989765,0.0444768667221069,0.1210932061076164,0.0187155995517969,,,,0.0291,0.0209819320589303,0.0922103226184845,0.1295852661132812,0.0005809838767163,0.21862,0.120791,0.660589,50.0,0.097829,0.197608,0.18536,0.158729,0.222236,0.643662,0.592405,0.038879,-0.036876,0,12263.2,11698.2,10986.9,7479.9,7146.099999999999,6735.0,13592.46667,12860.225,12043.525,2.33,1.84166667,2.135833,1.0,0.39,0.13,253.5221207276517,238.75575948983112,226.0146045641013,1.046,1.052,1.001,182.41536129358252,178.57503789792818,176.30116220313286,-361.702,-397.573,-408.884,33543.679861697616,33012.76787083851,32703.493039904108,1.08,1.33,1.4516666699999998,2.005833,0.048298028756560835,0.0467107932998419,0.05693848046982066,0.06184714148623289,0.016082019930479228,3781.695304347826,3442.782681818182,2948.5985714285707,1997.9828260869563,1782.6783636363634,1481.0758571428578,5119.929350869565,4676.959848181818,4142.796031428572,-1.4043486957971014,-1.9649630119696964,-1.7134933334920635,-1.2378260869565216,-1.8513636363636365,-2.130952380952381,55.521848303039405,44.61849153174498,35.45562543822376,0.25417391304347836,0.2727272727272728,0.2348095238095237,27.45567590131151,25.21934861500293,24.541013980124603,95.89630434782612,59.36409090909092,48.94338095238095,2822.7811898447,2484.639034416159,2356.823342485608,-0.16652260884057934,-0.11359937560606048,0.4174590474603177,-0.007935384096085699,-0.009230251238425607,-0.005469358484485848,0.021507071129217868,0.0025298661277933805,-0.00036021739130434605,-0.03198252173913041,0.03234165217391294,0.03162243478260869,-0.014068454545454523,0.028361909090909077,-0.014292545454545502,-0.04243022727272727
2019,USA,USA,111,328018.6819157385,34961.83505132533,115.22969154991102,114.50945545179096,21372.6,0.2102050859806491,190.24759979787768,-472.145,3115.9903,2519.727,3426.5,14836.525,2.16,2.144167,282.98637068818806,2.0,245.02978774596224,1.068,3463.364,4446.956,1.0,13455.427,8088.819,8138.447,5316.98,27560.982421875,9.315319346513276,71.25130722810971,14.10897557732,0.0,0.0,0.0,0.0,BASE,,,0.0816365256905555,0.0892851948738098,0.1186676025390625,0.0216,,,0.0431597232818603,0.0461254753172397,0.0442170798778533,0.0611440986394882,0.0193116329610347,,,,0.021442,0.0204924251884222,0.0806057900190353,0.0847758129239082,0.0701337978243827,0.165843,0.121135,0.713022,79.0,0.044708,0.21862,0.197608,0.120791,0.158729,0.660589,0.643662,0.097829,0.038879,0,12814.851,12263.2,11698.2,7662.869,7479.9,7146.099999999999,14116.525,13592.46667,12860.225,2.91,2.33,1.84166667,1.83,1.0,0.39,269.2813334344672,253.5221207276517,238.75575948983112,1.054,1.046,1.052,186.8620515411824,182.41536129358252,178.57503789792818,-438.241,-361.702,-397.573,34338.77075550321,33543.679861697616,33012.76787083851,-0.015833000000000208,1.08,1.33,1.4516666699999998,0.04498426185661163,0.024461423281059914,0.038555057203609085,0.06216109529844516,0.023703150551275136,4333.346304347826,4007.782681818182,3659.898571428572,2180.9518260869563,2116.4783636363636,1892.1758571428572,5643.987680869564,5409.201518181818,4959.496031428573,-0.8243486957971013,-1.4766296819696962,-2.0076596634920634,-0.40782608695652156,-1.2413636363636367,-1.8709523809523807,71.28106100985488,59.384852769565555,48.19678036395359,0.26217391304347837,0.2667272727272728,0.28580952380952385,31.902366148911398,29.059672010657266,26.814889674919925,19.35730434782613,95.2350909090909,60.254380952380984,3617.8720836502944,3015.5510252752683,2666.098173420007,-0.41652260884057934,-0.23526604560606024,-0.13670728253968245,-0.0112491509960349,-0.031479621257207595,-0.023852781750697424,0.021821024941430137,0.010150996748589288,0.020651782608695657,-0.06992052173913042,0.049268652173912963,0.0905724347826087,-0.001820454545454514,-0.035145090909090904,0.036964454545454495,0.033324772727272724
2020,USA,USA,111,329239.7152777321,33646.26175527241,110.82304924376308,109.79316590522237,20893.7,0.2143676106325694,192.622536634664,-616.087,2774.597,2123.4105,5206.5,17677.43333,0.37,0.8941666,305.2215031887959,8.05,259.1803096049441,1.281,3421.162,6550.396,1.0,14528.895,8896.753,8682.248,5846.647000000001,30068.0234375,8.533193782131667,59.40990723942182,10.972219200594214,0.0,0.0,0.0,0.0,BASE,,,0.1253541558980941,0.1241714805364608,0.1186563298106193,0.0038,,,0.0785731077194213,0.0455983765423297,0.0422765761613845,0.1050643324851989,0.0183607600629329,,,,0.008942,0.02028982155025,0.106476329267025,0.1249021142721176,0.0612281635403633,0.209843,0.15184,0.638317,67.0,0.058003,0.165843,0.21862,0.121135,0.120791,0.713022,0.660589,0.044708,0.097829,0,13455.427,12814.851,12263.2,8088.819,7662.869,7479.9,14836.525,14116.525,13592.46667,2.144167,2.91,2.33,2.16,1.83,1.0,282.98637068818806,269.2813334344672,253.5221207276517,1.068,1.054,1.046,190.24759979787768,186.8620515411824,182.41536129358252,-472.145,-438.241,-361.702,34961.83505132533,34338.77075550321,33543.679861697616,0.5241666,-0.015833000000000208,1.08,1.33,0.04998700336039796,0.055586230170449315,0.051004053759689444,0.05089486552567214,0.01814463016915851,4973.922304347825,4559.433681818182,4224.898571428572,2606.901826086957,2299.4473636363637,2225.9758571428574,6363.987680869564,5933.259848181818,5691.737701428572,-1.5901816957971016,-0.8966296819696962,-1.5193263334920633,-0.07782608695652149,-0.4113636363636366,-1.2609523809523808,84.98609826357577,75.14406547638103,62.96314160177417,0.2761739130434784,0.2747272727272728,0.27980952380952384,35.28791440560667,33.506362258257155,30.655213070574263,-14.546695652173867,18.696090909090913,96.12538095238097,4240.936379472416,3810.641919080863,3197.010164279116,-1.5123556088405796,-0.48526604560606024,-0.2583739525396822,-0.006246409492248577,-0.0003548143678181945,-0.011403785194617065,0.010554795168657122,0.004592476366472661,-0.03212521739130436,-0.06957652173913041,0.10170165217391303,0.03745143478260869,0.01919154545454549,-0.07308309090909092,0.05389145454545452,0.09227477272727273
