tloans_lag1_dm,tmort_lag1_dm,money_lag1_dm,ltrate_lag1_dm,stir_lag1_dm,hpnom_lag1_dm,debtgdp_lag1_dm,cpi_lag1_dm,ca_lag1_dm,rgdpmad_lag1_dm,term_spread_lag1_dm,tloans_gr_lag1_dm,tmort_gr_lag1_dm,money_gr_lag1_dm,hpnom_gr_lag1_dm,rgdpmad_gr_lag1_dm,tloans_lag2_dm,tmort_lag2_dm,money_lag2_dm,ltrate_lag2_dm,stir_lag2_dm,hpnom_lag2_dm,debtgdp_lag2_dm,cpi_lag2_dm,ca_lag2_dm,rgdpmad_lag2_dm,term_spread_lag2_dm,tloans_lag3_dm,tmort_lag3_dm,money_lag3_dm,ltrate_lag3_dm,stir_lag3_dm,hpnom_lag3_dm,debtgdp_lag3_dm,cpi_lag3_dm,ca_lag3_dm,rgdpmad_lag3_dm,term_spread_lag3_dm,P_pos_lag1_dm,P_neg_lag1_dm,P_neutral_lag1_dm,net_sentiment_lag1_dm,P_pos_lag2_dm,P_neg_lag2_dm,P_neutral_lag2_dm,net_sentiment_lag2_dm
-0.06812126,0.014828884,-0.0099022,-0.08111768,0.01919262,-0.6246743,-0.01388385,-0.3177784,-0.13019976,-0.40732086,-0.3121409,-0.26987064,-0.9952069,-0.5312391,-0.15335223,-0.023445923,-0.18640815,-0.0032577661,0.09954923,0.044134114,-0.05103404,-0.18285541,0.008420238,-0.009984933,0.040301245,-0.555439,-0.05251994,-0.14016694,0.00034671673,0.46574897,-0.1750942,-1.6981086,-0.096146785,-0.07274653,-0.006456841,-0.20894082,0.11756734,0.08002823,0.011720263,0.18521349,0.14589752,0.016176434,-0.011957606,-0.094489284,0.011455684,-0.012673835
-0.056092467,0.02568493,-0.012069795,-0.05603017,0.01625845,-0.6529805,-0.018587412,-0.3540469,-0.14225215,-0.95585865,-0.07759839,-0.26147762,1.1721836,-0.82167923,-0.17017931,-0.10694012,-0.35052076,-0.0063610906,0.05521183,0.06275796,0.040490296,-0.22416706,0.0063821063,-0.009984933,0.0445109,-0.5100377,0.007813423,-0.13259803,0.0005046589,0.42426467,0.07097477,-0.7596601,-0.14643018,-0.09851125,-0.27263108,-0.21623805,0.11756734,0.16504928,0.011720263,0.21823478,0.09133205,-0.02807251,0.009529125,0.089063294,0.013643883,-0.012673835
-0.07796594,0.010142264,0.053505648,-0.09808136,0.02710764,-0.63033545,0.011633629,-0.22390427,-0.3323909,-0.91862994,-0.27594787,-0.29996747,-0.97820944,0.7225528,-0.07334087,-0.3142636,-0.11568607,-0.0032577661,0.110858835,0.05874827,-1.0139357,-0.24520926,-0.0003491427,-0.033114504,0.016770998,-0.38832152,-0.037232444,-0.09426589,0.0012745624,0.65606767,-0.13936147,0.57959306,-0.16049166,-0.05122329,0.021006482,0.0040069725,0.116677955,0.13641472,0.009596646,-0.23372371,-0.060020424,0.0012410337,-0.01497912,0.098147765,0.024107654,0.0069103157
-0.07270579,0.02568493,0.07049922,-0.17130847,0.020207243,-0.4041441,-0.026534922,-0.18758163,-0.14347668,-0.38609183,-0.24721052,0.42278773,1.1557782,-0.6821561,0.19486836,-0.025491545,-0.18370973,-0.053553864,0.03743182,0.039284837,-0.058193732,-0.17664057,-0.0067345877,-0.009984933,0.05933693,-0.5792261,-0.013067847,-0.109121926,0.00034671673,0.31680334,-0.04609083,-2.5022264,-0.15158392,-0.057561837,-0.31338438,-0.17909975,0.09177296,-0.18663004,0.016163202,-0.17419161,0.04484636,0.0034723636,0.014946839,-0.064897954,-0.025258744,-0.010368705
-0.18366155,0.02568493,0.16958188,-0.09671689,0.022491094,-0.73121023,0.014899459,-0.22888608,-0.34798053,-1.0019913,-0.10402724,0.223277,-0.13735808,-0.309278,0.20992184,-0.11163915,-0.3529545,-0.0063610906,0.054788824,0.057463866,-0.02067364,-0.32954785,-0.003945431,-0.01046056,0.03678571,-0.5501932,0.016524535,-0.11028468,0.0005046589,0.40120846,0.036774747,0.33521384,-0.21319829,-0.0554787,-0.29734206,-0.21623805,0.09050064,0.14632821,0.009596646,-0.24733011,-0.06793393,-0.0004340317,-0.01779834,-0.07880017,-0.046392843,-0.011737941
-0.05133793,0.010272148,0.09981226,-0.088367656,0.022336122,-0.74714893,0.03545114,-0.37690502,0.3952287,-0.9664347,-0.09439407,-0.09748142,-1.0230225,-0.5459721,-0.14445782,-0.08358183,-0.35052076,-0.0032577661,0.10242725,0.060931776,-0.06239003,-0.376495,-0.011389915,-0.0033186087,0.01399652,-0.55481803,-0.03198775,-0.12874392,0.0005046589,0.7589358,-0.14449759,1.0579464,-0.15471365,-0.0538729,0.083932064,-0.21623805,0.115405634,0.12565021,0.009596646,-0.16583477,-0.056541782,0.011408515,-0.0156788,-0.07880017,-0.03392669,-0.011737941
-0.08775983,0.0071385144,0.09665365,-0.06452477,0.034066427,-0.82003075,0.01846699,-0.33714768,0.15738384,0.033828113,0.14210811,-0.14813602,-1.2985519,-0.5988404,-0.1500827,-0.2455121,-0.35052076,-0.0032577661,0.09954923,0.06275796,-0.030270774,-0.20310357,0.0011970934,-0.009984933,-0.06546363,0.08992946,-0.048880763,-0.16364306,0.0005046589,0.7896813,0.06961075,-1.1987842,-0.15825658,-0.09181343,0.20919786,-0.093283035,0.1401825,0.091459125,0.011720263,0.19318323,-0.035035565,0.021165596,-0.0156788,-0.094489284,0.010938144,-0.0021423232
-0.08844205,-0.008036328,0.03982141,-0.15439224,0.05370961,-0.323746,0.01153888,-0.18394174,0.16336119,0.014429847,0.13530001,-0.31905448,-1.2945269,0.7620888,-0.06742172,-0.18697523,-0.07858363,-0.0032577661,0.09081145,0.06829292,-0.40379795,-0.22670794,-0.00016940339,-0.01532387,-0.07593483,0.2286391,-0.05251994,-0.11121835,0.0012115805,0.5769408,0.0612844,-2.3013132,-0.09986713,-0.07965599,0.25839335,-0.021101527,0.1421543,-0.13224068,0.009596646,-0.19518925,-0.025176387,0.012413153,-0.022573637,-0.094489284,0.010938144,-0.0028156922
-0.0903337,-0.012190129,0.02721778,-0.20319784,-0.021358518,-0.16328323,0.005287609,0.0978602,0.14278111,0.02440901,0.110178836,0.32321736,-0.9787141,0.95908874,-0.048443165,0.006977043,-0.07588521,-0.013067709,0.0877301,0.0464217,-0.4527615,-0.16255529,-0.00016940339,-0.01532387,-0.111528054,0.15230946,-0.057559013,-0.10555811,0.0012115805,0.5114899,0.02686148,-3.566854,-0.06112727,-0.08420111,0.23137535,-0.014141227,-0.06703999,-0.23737708,0.01404325,0.17817631,-0.07904935,-0.01361481,0.01397744,-0.080690786,0.010938144,-0.011780981
0.1815058,-0.021046415,0.06656013,-0.23359832,-0.04299548,-0.1290396,0.003060302,0.052062836,0.2010278,0.046718393,0.11591051,0.5500047,0.09906128,0.62493116,-0.040833514,-0.07081112,0.057075415,-0.053553864,0.044329535,0.04209336,-1.1719118,0.08465792,-0.00039946148,0.02439731,-0.17239828,-0.082641594,-0.040806923,-0.0317556,0.0012115805,0.4517889,0.01812296,-3.5342355,0.038108196,-0.129264,0.41020775,0.004816734,-0.13224988,-0.26404044,0.009596646,-0.19371639,-0.0661008,-0.03337461,-0.025366986,0.089063294,0.01934024,-0.005031134
0.058700513,-0.021046415,-0.3303334,0.107909165,-0.1947904,0.29232484,-0.05519662,0.047172815,0.19982475,0.024309665,-0.4473946,-0.58408207,1.0086914,-0.7135362,-0.029040206,-0.08815675,0.0503655,-0.053553864,-0.07678856,0.062131945,-0.9819868,0.073550135,-0.00039946148,0.035531867,-0.07968642,-0.12628372,-0.044329427,0.017386533,0.00048814924,0.432575,-0.05052907,-3.3927214,0.06763203,-0.12683962,0.3194311,-0.006436718,-0.37453565,-0.1960325,0.010509208,-0.17637305,-0.06346825,0.010633752,-0.02099342,-0.00998861,-0.016817067,0.00016280764
0.051235422,-0.011069604,-0.35544562,-0.08725891,0.032260682,0.15748547,-0.04050633,-0.00016119471,0.1537644,-0.023595087,-0.41603002,-0.346518,-1.3961862,-0.34412438,-0.006881626,-0.17495437,0.04924481,0.046386015,-0.114870034,0.04262781,0.015593385,0.054639876,-0.008396367,0.005636961,-0.07046726,-0.23997973,0.06280736,0.042897608,-0.0016639752,-1.559873,0.02898559,-2.0506842,0.06751802,-0.07753655,-0.80437577,-0.004081324,-0.3728222,-0.1058006,-0.026404103,0.14264692,-0.041133385,-0.023622354,-0.01690428,0.008083706,-0.011000039,-0.0027818463
0.05237725,-0.026980279,-0.540835,0.09995148,0.034479305,0.2308843,-0.0018798201,0.040729288,-0.3469065,-0.04997701,0.21159862,-0.37043723,-1.3094686,-0.53553766,-0.027374955,-0.26150456,0.07579447,0.011556773,-0.2272292,0.084314406,0.1824643,0.055250846,0.0010173538,0.0033771768,-0.020338852,-0.30739856,0.0018067812,0.037857596,-0.0028612115,-2.4735608,0.012013237,0.8067152,0.06514686,-0.08265026,-1.2787437,0.013835809,-0.36643973,-0.0019814202,0.011954801,-0.20041971,-0.044749025,0.008494415,-0.011587426,0.009336265,-0.024536356,0.002635268
0.05203065,-0.011069604,-0.540835,-0.13900034,-0.23391356,0.27285182,-0.13160472,0.042429548,0.31357878,-0.051709887,0.22009867,-0.37560117,-1.4474585,-0.53478396,-0.021168394,-0.21625173,0.07579447,0.011556773,-0.2322006,-0.20378584,0.050662592,0.050222464,-0.009146975,0.0033771768,0.01143063,-0.3068864,-0.010497102,0.037857596,-0.0028612115,-2.229389,0.028218066,0.8552774,0.06514686,-0.092555076,-1.2792095,0.019684115,-0.3328565,0.080347106,0.003988809,0.15182021,-0.031056331,0.013849091,-0.028874313,-0.013836315,0.008486401,-0.0014861496
0.052795675,-0.011069604,-0.5404373,-0.13797928,-0.23391356,0.15523103,-0.13721907,0.032771435,0.31303594,-0.01859958,-0.40713406,-0.3854207,-1.3077677,-0.51853114,-0.023701949,-0.18388693,0.07579447,0.011556773,-0.17785117,-0.20378584,-0.021270718,0.053554185,-0.0194418,0.0033771768,-0.025991954,-0.20621893,-0.010954217,0.037857596,-0.0028612115,-2.1786892,0.013816588,0.5742334,0.071365155,-0.09290692,-1.2950934,0.014149514,-0.3328565,-0.09985535,0.009834848,0.15632461,-0.03631693,-0.023622354,-0.019327952,0.010405556,0.011567234,-0.0014861496
0.053142276,-0.011069604,-0.52379614,-0.13683157,-0.23391356,0.14747277,-0.51682216,0.029514305,0.39170036,-0.019110475,-0.4248472,-0.39208624,-1.1598766,-0.46207452,-0.044111997,-0.16077827,0.07579447,0.011556773,-0.17785117,-0.20378584,-0.19014582,0.048388913,-0.01611865,0.0033771768,-0.020338852,-0.2105518,0.0018067812,0.037857596,-0.0028612115,-2.138008,0.0036337033,0.8206779,0.07181524,-0.09157367,-0.9457373,-0.006007993,-0.32097927,-0.09985535,0.011954801,-0.09370909,-0.025223963,-0.019246042,-0.011587426,0.010405556,0.012350521,0.002635268
0.05237725,-0.011069604,-0.52379614,-0.13572727,-0.23391356,0.15736918,-0.5252956,0.029514305,0.3205901,-0.05222078,-0.24584511,-0.3648835,-1.1478325,-0.4079814,-0.044111997,-0.17712393,0.07579447,0.011556773,-0.2140811,-0.20378584,-0.22294359,0.049655795,-0.01611865,0.0033771768,-0.020338852,-0.29900044,0.0018067812,0.037857596,-0.0028612115,-2.1835406,-0.000104243634,0.7040497,0.061219066,-0.1476147,-0.9384841,0.011127723,-0.3328565,0.06887794,0.009834848,0.112951234,-0.044749025,-0.022915857,-0.011384934,-0.011353863,-0.020657906,0.00022272847
0.05203065,-0.011069604,-0.52379614,-0.13652618,-0.23391356,0.15011604,-0.5252956,0.029514305,0.31747934,-0.05222078,-0.24584511,-0.3648835,-1.1581272,-0.40686256,-0.021282624,-0.2018092,0.07579447,0.011556773,-0.2322006,-0.20378584,-0.2348787,0.05656379,-0.0194418,0.0033771768,-0.020338852,-0.3002067,-0.010863694,0.037857596,-0.0028612115,-2.177839,0.0036337033,0.70742136,0.061219066,-0.14065258,-0.9457373,0.011127723,-0.3328565,0.06887794,0.009834848,0.10613823,-0.044749025,-0.022915857,-0.011384934,0.010405556,0.012350521,0.002635268
0.052795675,-0.011069604,-0.52379614,-0.13687499,-0.23391356,0.16032147,-0.5252956,0.029514305,0.30964053,-0.019110475,-0.44498298,-0.37870002,-1.1242703,-0.39582524,-0.043612704,-0.16953501,0.07579447,0.011556773,-0.2322006,-0.20378584,-0.23050989,0.036397148,-0.01611865,0.0033771768,-0.020338852,-0.20743749,-0.010497102,0.037857596,-0.0028612115,-2.139709,0.0036337033,0.6815684,0.050649013,-0.14065258,-0.94240296,-0.006007993,-0.3328565,0.06887794,0.009834848,0.112951234,0.11668242,-0.023622354,-0.028671825,-0.011353863,0.012350521,0.00022272847
0.053142276,-0.026980279,-0.5042952,-0.13607608,-0.23391356,0.15306835,-0.5135933,0.029514305,-0.2759051,-0.019110475,-0.44498298,-0.37557173,-1.0567745,-0.4111281,-0.02543623,-0.2141338,0.07579447,0.011556773,-0.2322006,-0.20378584,-0.23776303,0.029489148,-0.009959185,0.0033771768,0.01143063,-0.20864376,0.0021733742,0.037857596,-0.0028612115,-2.1220882,-0.0017205086,0.57471025,0.050649013,-0.12918203,-0.9491159,-0.006007993,-0.3328565,0.06887794,0.009834848,0.1802333,-0.032178495,-0.023622354,-0.028671825,0.010405556,0.013706487,0.002635268
0.05237725,-0.026980279,-0.53797525,-0.13607608,-0.22930013,0.1663957,-0.5135933,0.036064457,-0.34201285,-0.05222078,-0.15919814,-0.37296882,-1.0325124,-0.40505454,-0.02543623,-0.20766568,0.07579447,0.011556773,-0.2322006,-0.20378584,-0.2204132,0.048397243,-0.009959185,0.0033771768,0.01143063,-0.28058183,0.0018067812,0.037857596,-0.0028612115,-2.161317,-0.0034842463,0.5821377,0.061219066,-0.12895754,-0.945197,0.021425929,-0.32097927,0.06887794,0.005388244,-0.18696411,-0.044749025,0.008494415,-0.028671825,0.010405556,0.013706487,0.002635268
-0.044163413,0.014828884,0.099228,-0.046402812,0.022771668,-0.38580978,-0.49493802,-0.2840771,-0.12590641,-0.35434824,-0.32614756,-0.08774921,-0.6998465,-0.28751534,-0.24052624,0.2824063,5.2802963e-05,-0.013067709,0.073414356,0.044134114,-0.6253611,-0.14611448,-0.010116758,-0.01532387,0.055127278,-0.3441036,-0.04356698,-0.054195285,0.00034671673,0.4322645,-0.17530222,-2.1095316,-0.096146785,-0.10014756,-0.04809581,0.21795417,0.11756734,0.12736732,0.011720263,0.18463634,0.09220007,0.016176434,-0.021485878,-0.094489284,0.011455684,-0.013969531
-0.04795897,0.014828884,0.10114036,-0.06618905,0.002405636,-0.44525835,-0.22841524,-0.32866102,-0.12671867,-0.37745625,0.11751748,-0.24770339,-0.5346686,-0.3539562,-0.11794657,0.38297114,5.2802963e-05,-0.013067709,0.06909593,0.044134114,-0.009630751,-0.23339508,-0.05094143,-0.009984933,0.040301245,-0.41708654,-0.019865874,-0.054195285,0.00034671673,0.47332898,-0.1660511,-2.7694101,-0.15035956,-0.08890349,-0.017480277,0.20317297,0.11756734,-0.21112567,0.01404325,0.19219512,-0.06877714,-0.019924015,-0.013236728,0.089063294,0.011455684,-0.013969531
-0.045974176,0.014828884,0.08976322,-0.08946618,-0.0062833265,-0.52487105,-0.10901072,-0.32344806,-0.14345509,-0.35030875,0.12171436,-0.25244004,-0.6741448,-0.34032816,-0.13294923,-0.19014496,-0.0050793476,-0.0032577661,0.120470114,0.044134114,-0.82542235,-0.19798395,-0.0018745868,-0.01532387,0.040301245,-0.2614392,-0.048606053,-0.054195285,0.00034671673,0.4701261,-0.14649218,-1.6836125,-0.1451704,-0.10836388,-0.014987021,0.17908958,0.116677955,0.11464505,0.009596646,-0.19037445,-0.08008362,-0.00028461404,0.01422379,0.089063294,0.011455684,0.03616274
-0.042790074,0.014828884,0.07238946,-0.035986964,0.022616874,-0.38978863,-0.0007631148,-0.2840771,-0.15375352,-0.33661267,-0.2999056,-0.27501905,-0.82046914,-0.19821694,-0.15716013,-0.17508626,5.2802963e-05,-0.013067709,0.0848123,0.044134114,-0.702538,-0.16276902,0.0014485654,-0.01532387,0.04340049,-0.36549297,-0.048606053,-0.054195285,0.00034671673,0.44128212,-0.1660511,-2.2801793,-0.101335935,-0.1158185,-0.056711186,0.21795417,0.116677955,-0.18993178,0.016163202,-0.14083515,-0.07085343,-0.016134458,0.010037154,-0.064897954,0.011455684,-0.010368705
-0.0414901,0.021459553,0.18111293,-0.121675186,0.023500098,-0.41604,-0.017798882,-0.2840771,-0.16031039,-0.3505353,-0.31611377,-0.3301253,-0.9742092,-0.21600236,-0.16286153,-0.16972508,5.2802963e-05,-0.013067709,0.082722194,0.044134114,-0.28878295,-0.1559201,0.0070537417,-0.01532387,0.04340049,-0.4601864,-0.04356698,-0.054195285,0.00034671673,0.46721786,-0.14580436,-2.401608,-0.101335935,-0.07947981,0.16313528,0.21293785,0.116677955,-0.18993178,0.009596646,-0.17003442,0.14702392,0.0046388004,0.013435889,-0.094489284,-0.017757822,0.034867045
-0.053866267,0.021459553,0.060018677,-0.0038596191,0.022292515,-0.4406736,-0.009679468,-0.22481,-0.14045918,0.006571833,-0.29570782,-0.3797083,-1.2230911,0.4113371,-0.091055475,-0.010569964,-0.032460656,-0.013067709,0.09622833,0.044912554,0.006629913,-0.14204203,0.0070537417,-0.009984933,0.04340049,-0.57014364,-0.010600066,-0.07990327,0.00067203585,0.5348549,-0.13639653,-2.8568447,-0.11499553,-0.048963245,0.17271142,0.029400658,0.116677955,0.13269141,-0.037707403,-0.17005147,0.03446226,-0.010101812,0.015279522,-0.080690786,0.011455684,-0.0015522256
-0.06297371,0.06294269,0.2814386,0.16967049,0.046841115,-0.32307553,0.02798866,-0.24650727,-0.30463812,0.044798285,0.14526406,-0.20832522,1.194762,-0.08416218,0.21201527,-0.12454281,-0.17047761,-0.0063610906,0.06911232,0.10271141,0.35776034,-0.12134163,-0.003945431,-0.0033186087,0.03478776,0.24908592,0.021545801,-0.011727226,0.0005046589,0.81408036,0.08198758,1.0526695,-0.15825658,-0.05434306,0.44535786,0.1539401,0.14721829,0.19991492,0.04381008,0.30425715,0.122107774,0.009472468,0.02350308,-0.020571185,-0.039390083,0.00063815224
-0.031776693,0.07746547,0.28023344,0.11513628,0.044368163,-0.08757521,0.06400761,0.20042722,-0.29689053,0.051602192,0.16351436,-0.28425398,1.3356259,-0.48027477,0.090085,0.02361499,-0.17047761,-0.0063610906,0.088166304,-0.25037166,0.29980776,-0.07966708,-0.003945431,-0.0033186087,0.013162229,0.23793271,-0.043375522,-0.011727226,0.0008393744,0.84963596,0.0616492,1.3653314,-0.08228169,-0.035329647,0.45733646,0.15208738,0.21188667,0.22472772,0.04381008,0.31200448,0.10337421,0.0062758345,0.017735956,0.027289363,0.035760045,-0.0012064283
-0.0626529,0.07746547,0.055928595,-0.110593066,0.002155086,0.416154,0.05703854,0.13277623,-0.33053988,0.053445514,0.21948065,0.36048257,1.5259328,0.7800373,-0.030782066,0.02556733,-0.11811979,-0.0063610906,0.060737114,0.051827814,0.19521905,0.08937067,0.0028810655,0.0062309634,0.017576495,0.17814693,-0.015235659,-0.017941747,0.003639581,0.79345727,0.011349623,1.3805068,0.07556858,-0.03676766,0.4710447,-0.16307311,-0.09484553,-0.28312114,-0.0218197,0.25911313,-0.017964236,-0.010594889,0.014786912,0.031334013,0.042647094,-0.00049484114
0.07087883,-0.012190129,-0.25203258,-0.2425833,-0.013437399,0.38365656,-0.007737389,0.05246439,0.1677724,-0.050726622,0.17049445,0.6181543,-1.0727623,-0.5356611,-0.026598487,-0.23319644,-0.07227083,-0.013067709,-0.1091284,0.038959865,-0.91783905,0.107761726,0.0011970934,0.02439731,0.055127278,-0.08709067,-0.040806923,-0.09740947,0.00048814924,0.5364367,0.010862363,-3.063077,0.04619468,-0.14407232,0.38844013,-0.012971336,-0.2894549,-0.14980029,-0.0218197,0.16120185,-0.07844381,-0.014764862,-0.015985696,-0.039579943,-0.012522478,0.0033118273
0.05444547,-0.03251245,-0.3469746,0.06966599,-0.12143107,0.2438246,-0.049983162,0.04204267,-0.1618718,0.01602163,-0.4059345,-0.39161277,-1.0048126,-0.50694036,-0.029868018,-0.20483182,0.053212017,0.046386015,-0.12954533,0.06678955,-0.68032473,0.061129387,-0.00089072774,0.011921053,-0.06546363,-0.27938998,-0.025290191,0.037163418,0.00048814924,-1.2942117,0.030324433,-2.0618677,0.06763203,0.10056381,0.22190504,-0.061079405,-0.32016233,-0.1383396,0.010509208,-0.14438044,-0.08633642,-0.019246042,-0.0131264925,-0.031675942,-0.014285225,0.0013395712
0.05331553,-0.026980279,-0.33582106,0.099259116,-0.16943054,0.13468236,-0.052331682,0.021491706,-0.14481556,0.002631424,-0.4303721,-0.3813818,-1.2572172,-0.5161447,-0.056866575,-0.11467631,0.0503655,0.046386015,-0.11661423,0.07047869,0.017373962,0.0524889,0.0070537417,0.005636961,0.03802391,-0.25039485,0.05800686,0.04754198,-0.0016639752,-1.4929842,0.03116297,-1.7641402,0.06751802,-0.08511944,-0.8359619,-0.00809232,-0.37831703,-0.13646896,0.0075118616,0.16693525,-0.042517427,0.013142595,-0.012688208,-0.02150763,-0.012762787,-0.0010729682
0.051989377,-0.011069604,-0.52379614,-0.072198875,-0.22282174,0.15279679,-0.009615507,0.027814042,0.3946707,-0.01859958,-0.4080891,-0.348327,-1.3730366,-0.46823886,-0.020496974,-0.26318473,0.07467379,0.011556773,-0.2249004,-0.14786781,-0.22018911,0.038192846,-0.008465262,0.0033771768,0.01143063,-0.1779917,0.0261113,0.037857596,-0.0028612115,-2.2045946,0.010671153,0.8351184,0.050649013,-0.07781492,-1.2987696,-0.006007993,-0.36094496,-0.017881945,0.011954801,-0.12080876,-0.02430012,0.0077879187,-0.01904741,0.009336265,0.010995891,-0.0014861496
0.053142276,-0.011069604,-0.1730659,-0.025232028,-0.23235862,0.1597694,-0.0045472044,0.0039326106,0.3728634,-0.01859958,-0.4205045,-0.4595648,-1.4111096,0.69694793,-0.012663369,-0.25517446,0.04226326,0.011556773,-0.2272292,0.08165544,-0.15747732,0.03515933,-0.009146975,0.0033771768,-0.0232335,-0.25562677,0.027302165,0.030967612,-0.012406396,-2.2333229,0.014791824,0.7622686,0.06079325,-0.07738452,-1.2852947,0.013300413,-0.32647404,0.01930358,0.005388244,-0.097731076,-0.038320318,0.004390152,-0.006003939,-0.007455007,-0.020657906,-0.0021595187
0.053142276,-0.011069604,-0.52379614,-0.098094195,-0.23367119,0.1597694,-0.0051629827,0.027814042,0.3870584,-0.01859958,-0.4248472,-0.3910228,-1.2290734,-0.4734452,-0.020496974,-0.25517446,0.07579447,0.011556773,-0.24534869,-0.20378584,-0.21293597,0.031231876,-0.009146975,0.0033771768,-0.020338852,-0.20868525,0.027302165,0.037857596,-0.0028612115,-2.2906647,0.028218066,0.8526247,0.050649013,-0.09624006,-1.2912472,-0.006007993,-0.32097927,0.01930358,0.005388244,-0.0999592,-0.042648047,0.0077879187,-0.024822146,-0.011353863,0.010995891,-0.0014861496
0.05237725,-0.011069604,-0.540835,-0.098094195,-0.23346885,0.1597694,-0.12941357,0.031107064,0.39303264,-0.051709887,-0.21568899,-0.38003647,-1.2552352,-0.34396255,-0.020496974,-0.21625173,0.07579447,0.011556773,-0.2322006,-0.20378584,-0.21257214,0.049655795,-0.009146975,0.0033771768,-0.0232335,-0.3068864,0.0018067812,0.037857596,-0.0028612115,-2.216948,0.004472241,0.7786873,0.061219066,-0.09663612,-1.2900088,0.0012684218,-0.32097927,0.015018067,0.005388244,-0.0999592,-0.044749025,0.008494415,-0.024822146,-0.011353863,0.012350521,-0.0014861496
0.05203065,-0.026980279,-0.17792705,-0.104072295,-0.23235862,0.24056016,-0.0028624278,0.007385992,-0.32106647,-0.051709887,0.20538904,-0.45631817,-1.1916964,0.66289794,-0.016063415,-0.24012029,0.04226326,0.011556773,-0.24534869,-0.20456326,-0.32644394,0.057191085,-0.009959185,0.0033771768,-0.0232335,-0.27119982,-0.010863694,0.031949412,-0.012406396,-2.1836576,-0.02073782,0.64750046,0.075291105,-0.075477526,-1.2969662,0.019273918,-0.32097927,0.07316347,0.005388244,-0.17888738,-0.040421296,0.007040021,-0.014742048,-0.011353863,0.013706487,-0.0021595187
0.05203065,-0.011069604,-0.49729285,-0.13886054,-0.23367119,0.23939909,-0.011846788,0.032807324,0.3946707,-0.051709887,0.20737796,-0.279463,-1.143272,-0.4793841,-0.021168394,-0.24870634,0.07579447,0.011556773,-0.18071596,-0.20378584,-0.20940219,0.07372083,-0.009146975,0.0033771768,0.012296526,-0.30288482,-0.010863694,0.037857596,-0.0028612115,-2.3113356,0.004472241,0.7743505,0.086313084,-0.09147784,-1.3147342,0.009824814,-0.32097927,-0.0176403,0.005388244,-0.11523314,-0.044749025,0.008494415,0.07626063,-0.007455007,0.012350521,-0.0005502546
0.05203065,-0.011069604,-0.540835,-0.13797928,-0.23367119,0.24088131,-0.017602503,0.032807324,0.32669142,-0.051709887,0.21819925,-0.3780174,-1.1060541,-0.46692637,-0.02095243,-0.22589256,0.07579447,0.011556773,-0.18071596,-0.20378584,-0.19174647,0.07372083,-0.009146975,0.0033771768,-0.020338852,-0.29346132,-0.010863694,0.037857596,-0.0028612115,-2.308383,0.0036337033,0.7807026,0.086313084,-0.09290692,-1.3079181,0.009824814,-0.3328565,-0.106274575,0.009834848,0.12838955,-0.044749025,-0.022915857,-0.024822146,-0.011353863,0.012350521,-0.0014861496
0.05203065,-0.011069604,-0.540835,-0.13763048,-0.23367119,0.22972326,-0.017602503,0.032807324,0.39875832,-0.051709887,0.20537905,-0.38357064,-1.0777397,-0.4650204,-0.02095243,-0.22589256,0.07579447,0.011556773,-0.18071596,-0.20378584,-0.1845341,0.07042067,-0.009146975,0.0033771768,-0.020338852,-0.2758972,-0.010863694,0.037857596,-0.0028612115,-2.2493472,0.0018699656,0.81508327,0.086313084,-0.09293981,-1.315171,0.009824814,-0.32097927,-0.106274575,0.005388244,-0.1212865,-0.044749025,0.0104377875,-0.011587426,0.010405556,0.012350521,0.002635268
0.05203065,-0.011069604,-0.49729285,-0.13916056,-0.23367119,0.26277295,-0.017602503,0.032807324,0.32669142,-0.051709887,0.21954209,-0.3780174,-1.250198,-0.4461322,-0.02162385,-0.22696106,0.07579447,0.011556773,-0.16778487,-0.20378584,-0.19929078,0.07372083,-0.010877544,0.0033771768,-0.020338852,-0.29346132,-0.010863694,0.037857596,-0.0028612115,-2.2466335,0.0036337033,0.7680384,0.086313084,-0.0926491,-1.2860264,0.009824814,-0.3328565,-0.106274575,-0.026404103,0.12838955,-0.044749025,-0.022915857,0.07626063,-0.007455007,0.012350521,-0.0005502546
0.036398027,-0.008479441,0.074796766,-0.08075251,-0.0076745213,-0.5850792,-0.18879895,-0.317513,-0.10865669,-0.38183334,0.1279738,-0.24193934,-0.7660631,-0.3926524,-0.099695556,0.4364044,0.13425876,-0.0032577661,0.003906714,0.044134114,-0.8708793,-0.23964015,-0.05094143,-0.01532387,-0.06546363,-0.2990792,-0.057559013,-0.024149612,0.00034671673,-0.06934082,-0.16494726,-1.6804106,-0.1451704,-0.10209608,-0.03090775,0.043787666,0.117620915,0.085216984,0.016163202,-0.15610908,-0.0678228,-0.0155477,-0.025538048,-0.064897954,-0.017757822,-0.011737941
0.02872646,-0.016004613,0.074796766,-0.050677568,-0.01587343,-0.4601154,0.0036005995,-0.29806218,-0.13101551,-0.36353362,0.12339816,-0.2318082,-0.61118823,-0.37095785,-0.10199226,0.49256465,0.12756234,-0.013067709,-0.01185619,0.044134114,-0.6346172,-0.25248775,-0.05094143,-0.01532387,-0.049740147,-0.3052284,-0.057559013,-0.024149612,0.00034671673,-0.1046218,-0.16515526,-2.5419257,-0.15035956,-0.096505225,-0.031590343,0.01430982,0.1185103,-0.21975881,-0.039827354,0.19219512,-0.06912955,-0.019924015,0.01422379,-0.094489284,-0.017757822,0.0062879883
0.026986083,-0.016004613,0.07288441,-0.051173788,0.023160793,-0.3388159,-0.0047470573,-0.2840771,-0.15079853,-0.33661267,-0.31057143,-0.28686392,-0.9428097,-0.38718757,-0.13280453,-0.20346835,0.12756234,-0.013067709,-0.04460017,0.044134114,-0.6266095,-0.18605858,0.008420238,-0.01532387,0.040301245,-0.3368748,-0.057559013,-0.024149612,0.00034671673,-0.07120226,-0.1467002,-2.3297195,-0.101335935,-0.11967988,-0.006544021,0.0044316947,0.117620915,-0.19083461,0.016163202,-0.16773336,-0.07390845,0.010821758,0.01422379,0.089063294,0.008346548,0.034867045
0.031429067,-0.03393681,0.07288441,-0.066408046,0.023006301,-0.44681245,-0.12298998,-0.2840771,-0.16096102,-0.38609183,-0.33799595,-0.2911045,0.055697717,-0.6022481,-0.15192828,-0.09236676,0.12756234,-0.053553864,-0.020430233,0.044134114,-0.3178765,-0.16866446,0.0063821063,-0.01532387,0.0445109,-0.51983345,0.006134496,-0.03175677,0.00034671673,-0.0049540936,-0.16107328,-2.7317786,-0.101335935,-0.089805186,-0.18182512,-0.0031023708,0.1185103,-0.25125456,0.01404325,0.18366648,-0.027243245,-0.02051077,-0.026325947,-0.064897954,-0.021786146,-0.013969531
0.031429067,-0.026947087,0.07288441,-0.11652993,0.020200018,-0.35966596,-0.112886146,-0.31467596,-0.16533267,-0.3505353,-0.31110638,-0.3341754,-1.2170125,-0.46820587,-0.17963138,-0.20233846,0.12756234,-0.013067709,-0.033184145,0.044134114,0.1694242,-0.17071147,0.0070537417,-0.009984933,0.040301245,-0.5471878,0.12041712,-0.03175677,0.00034671673,-0.07458168,-0.17530222,-2.3660173,-0.096146785,-0.08354239,0.20883812,-0.0031023708,0.117620915,0.12487218,0.04168646,-0.14746572,-0.06085718,0.010821758,-0.013535667,0.018204886,0.008346548,0.034867045
0.041408535,-0.026947087,-0.39980203,-0.15084717,-0.3165937,-0.83499014,0.002499233,-0.21392138,-0.31757158,0.0237454,-0.31808248,-0.23501249,-1.4717615,-0.56436205,-0.090840474,-0.23319998,0.084377624,-0.0032577661,-0.065136716,0.058733765,-0.022012725,-0.30936483,-0.0032737963,-0.0033186087,0.01199857,0.13149604,0.015138932,0.00808955,0.0005046589,-0.07256253,-0.15847775,0.854109,-0.10923297,-0.07324302,0.2841038,0.015290131,0.14112546,0.03023509,0.01404325,0.24203657,0.1556254,-0.02051077,-0.028099468,-0.08540481,0.013507146,-0.0021423232
0.031847592,-0.026947087,-0.5133184,0.11185842,0.045832284,-0.66130686,-0.012386592,0.14445388,-0.1625623,0.033828113,-0.10833482,-0.27503508,-1.4562382,-0.62716913,-0.058557387,-0.20466042,0.078641,-0.0032577661,-0.19036017,0.069837436,0.086789064,-0.16608153,-0.0060629533,-0.009984933,0.040301245,0.19890757,0.09148985,-0.02680959,0.0005046589,0.10130046,-0.17597558,-0.70804185,-0.13756558,-0.06847201,0.24745102,0.021028623,0.18986282,0.09798418,0.04381008,0.16140108,-0.048969176,0.016763192,-0.033593662,0.018204886,0.008346548,0.004607524
0.037048247,-0.026947087,-0.5773684,0.1055739,0.04781676,-0.44355175,0.010873731,0.109207414,-0.33615598,0.040125288,0.15792972,-0.29303652,-1.6491549,-0.4233995,-0.0084438175,-0.24740025,0.078641,-0.0032577661,-0.22403231,0.075326934,-0.0023200125,-0.20849851,0.0035527004,0.0030116,0.012855287,0.18905887,-0.051358357,0.05534972,0.0008393744,-0.0042708497,-0.1605713,1.1551201,-0.086440004,-0.08440183,0.36560953,0.013339292,-0.10041887,-0.006709912,0.01404325,0.19323704,-0.04962591,-0.019924015,-0.026165424,-0.08540481,0.013507146,-0.0021423232
0.047404233,-0.09664483,-0.55747616,0.124380596,-0.0032002837,-0.18027294,0.010724294,0.12447125,-0.47679138,0.048598684,0.11282047,-0.26821828,0.1850429,-0.7757468,-0.03851181,-0.1477459,0.078641,0.022574455,-0.14810658,0.079420805,-1.8391258,-0.13782799,0.0028810655,-0.014096217,0.019879362,-0.3005688,-0.05156398,0.036862258,0.0008393744,0.08539708,0.016286343,0.47968233,-0.036224853,-0.084032,0.32301804,0.011890762,-0.32615098,-0.09555833,0.009596646,-0.22883509,0.008043276,0.011435784,-0.029439,-0.08540481,0.013753525,-0.0021423232
0.056950573,-0.011069604,-0.13922812,0.10706868,0.040076204,-0.093923844,-0.12223123,0.028818056,-0.10921785,0.043830246,-0.11436325,-0.51063657,-1.2289878,1.0779246,-0.04198236,-0.12691346,0.03396904,0.046386015,-0.12110586,0.06480768,-0.88037676,0.050361603,-0.0021973522,0.006997437,0.04340049,-0.3447984,-0.025290191,0.02478764,0.0012115805,-0.3723999,0.02027727,-2.5646195,0.02602693,-0.13182344,0.22546431,0.009210251,-0.35916594,-0.17611167,0.009596646,-0.17793791,-0.07683368,0.007040021,-0.01684237,-0.094489284,0.008346548,-0.011124807
0.054022867,-0.011069604,-0.28941923,-0.02219602,-0.2218941,-0.042745534,-0.14033502,0.020190772,0.13932678,0.0007518488,-0.33294058,-0.47562277,-1.2997519,-0.3426785,-0.027550153,-0.20670463,0.0503655,0.046386015,-0.13403696,-0.16724557,0.14630549,0.05983166,0.005832169,0.005636961,-0.041173346,-0.18884061,-0.016811108,0.03735241,0.00048814924,-0.552651,0.014393109,-2.4099007,0.016138008,0.14526612,-0.7820365,0.004870571,-0.28453645,-0.15473028,0.019761313,-0.14840357,-0.067032106,0.0077879187,0.07804778,-0.011539336,0.008346548,0.0008189813
0.053142276,-0.01992589,-0.5404373,-0.13846602,-0.22180712,0.15860835,-0.06337962,0.032771435,0.40102157,0.025050715,-0.53499997,-0.43835738,1.3350333,-0.6781073,-0.03732404,-0.006653097,0.07579447,0.022574455,-0.1098397,-0.24979886,-0.5170243,0.010904532,-0.011185107,0.0033771768,-0.024270572,0.13191095,0.027302165,0.03473331,0.0008393744,-1.97167,-0.010204617,0.87098634,0.08326764,-0.092191905,-1.2919521,0.023903204,-0.32097927,-0.0844751,0.011954801,-0.17637233,-0.02884961,0.012163055,-0.019327952,-0.007455007,-0.061564587,-0.0005502546
0.053142276,-0.01992589,-0.5332706,-0.14288662,-0.23265657,0.17290686,-0.0651483,0.031071175,0.34787157,-0.00917245,-0.4248472,-0.45122075,1.323591,-0.6855862,-0.045827292,-0.10871455,0.07579447,0.022574455,-0.17447244,-0.20784163,-0.5253381,0.0340908,-0.011185107,0.0033771768,-0.024270572,-0.173776,0.027302165,0.033428326,0.0008393744,-1.9755397,-0.03089226,0.6343492,0.050918836,-0.10032751,-1.2652504,0.023903204,-0.16300772,0.06777042,0.011954801,-0.14926444,-0.02884961,0.0077879187,-0.019327952,-0.007455007,-0.061564587,-0.0005502546
0.24338165,-0.01992589,-0.5592996,-0.09937984,-0.2335275,0.24056016,-0.07331294,0.06383279,0.429337,-0.042282756,0.20476161,-0.40108678,0.28667802,-0.506487,-0.03564561,-0.09844968,0.07579447,0.022574455,-0.19259195,-0.20378584,-0.558817,0.049655795,-0.0107435305,0.0033771768,-0.024270572,-0.27241468,0.0018067812,0.033428326,0.0008393744,-1.9912952,-0.0182959,0.69629854,0.06541668,-0.09628427,-1.2623277,0.03973601,-0.32097927,0.037895855,0.005388244,-0.15848683,-0.03095059,0.008494415,-0.044882223,-0.007455007,0.031395636,-0.0014861496
0.052795675,-0.011069604,-0.5404373,-0.13900034,-0.23391356,0.1597694,-0.13605723,0.032771435,0.3906416,-0.01859958,-0.4248472,-0.39222798,-1.1467302,-0.47250673,-0.020496974,-0.22271985,0.07579447,0.011556773,-0.2322006,-0.20378584,-0.21419238,0.03813988,-0.009146975,0.0033771768,-0.020338852,-0.20589998,-0.010863694,0.037857596,0.0008393744,-2.2149227,0.0036337033,0.79344374,0.050918836,-0.09258796,-1.3079181,0.023903204,-0.32097927,0.06887794,0.011954801,-0.09370909,-0.04357189,-0.019246042,-0.019327952,-0.007455007,0.013706487,-0.0005502546
0.05203065,-0.011069604,-0.5404373,-0.13763048,-0.23391356,0.15766786,-0.02921692,0.032771435,0.26864326,-0.051709887,-0.24528855,-0.37398204,-1.1104953,-0.47899628,-0.027988475,-0.17899542,0.07579447,0.011556773,-0.18071596,-0.20378584,-0.19174647,0.067379504,-0.0194418,0.0033771768,-0.020338852,-0.30373928,-0.010863694,0.037857596,-0.0028612115,-2.3310087,0.004472241,0.74731964,0.082385294,-0.0973462,-1.3079181,0.03117962,-0.3328565,-0.106274575,0.0075118616,0.1140178,-0.03896427,-0.0014755502,-0.011587426,-0.011353863,0.013706487,0.00022272847
0.05203065,-0.01992589,-0.55747616,-0.13603528,-0.23273332,0.1597694,-0.20315501,0.036064457,0.42070577,-0.042282756,-0.21568899,-0.4843119,1.304142,-0.6176096,-0.024349343,-0.10283838,0.07579447,0.022574455,-0.17944384,-0.20378584,-0.5464463,0.05656379,-0.0107435305,0.0033771768,-0.024270572,-0.27852112,-0.010863694,0.033428326,-0.0028612115,-1.8975008,-0.0182959,0.68521196,0.061219066,-0.09157367,-1.2853643,0.03117962,-0.32097927,0.021712495,0.005388244,-0.1432129,-0.03095059,0.008494415,-0.019327952,-0.011353863,0.024240369,-0.0014861496
0.05203065,-0.011069604,-0.55747616,-0.14010464,-0.23346885,0.23939909,-0.14521782,0.036064457,0.3892289,-0.051709887,0.20672189,-0.38640082,-1.323656,-0.34407955,-0.044783417,-0.17819244,0.07579447,0.011556773,-0.16492008,-0.20378584,-0.21089219,0.07042067,-0.01611865,0.0033771768,-0.0232335,-0.27974612,-0.010863694,0.037857596,-0.0028612115,-2.130408,0.0018699656,0.7935743,0.086313084,-0.09258796,-1.312806,0.03973601,-0.32097927,-0.011221071,0.005388244,-0.14808436,-0.044749025,0.0104377875,-0.019327952,-0.007455007,0.013706487,-0.0014861496
0.05110344,-0.011069604,-0.57710075,-0.14010464,-0.23391356,0.16062015,-0.14224778,0.014411554,0.31716198,-0.051709887,-0.23413973,-0.37040213,-1.1237674,-0.40132472,0.0019320014,-0.15431015,0.07579447,0.011556773,-0.17785117,-0.20378584,-0.22551884,0.067379504,-0.01611865,0.0033771768,-0.020338852,-0.300054,-0.010497102,0.037857596,-0.0028612115,-2.239413,0.0036337033,0.74820936,0.082385294,-0.14773047,-1.3142763,0.03117962,-0.3328565,-0.05486976,0.0075118616,0.11527422,-0.031056331,-0.022915857,-0.017722609,-0.007455007,0.013706487,-0.0005502546
0.05203065,-0.011069604,-0.55747616,-0.13797928,-0.23391356,0.23415776,-0.14224778,0.036064457,0.30858174,-0.051709887,0.22009867,-0.36919695,-1.0736401,-0.3918834,-0.021954047,-0.16493838,0.07579447,0.011556773,-0.17785117,-0.20378584,-0.20090547,0.067379504,-0.0194418,0.0033771768,-0.020338852,-0.3094775,-0.010497102,0.037857596,-0.0028612115,-2.239413,0.004472241,0.75118935,0.086313084,-0.14065258,-1.3195009,0.03973601,-0.3328565,-0.09985535,0.0075118616,0.13595888,0.11780458,-0.0014755502,-0.019125462,0.010405556,0.013706487,-0.0014861496
0.05203065,-0.011069604,-0.55747616,-0.13604946,-0.23346885,0.23214598,-0.11304286,0.036064457,0.33287135,-0.051709887,0.22701688,-0.37878555,-1.3956155,-0.3484055,-0.028659897,-0.17899542,0.07579447,0.011556773,-0.17785117,-0.20378584,-0.017175296,0.07042067,-0.0194418,0.0033771768,-0.020338852,-0.28042918,-0.010863694,0.037857596,-0.0028612115,-2.1490397,0.0018699656,0.7883968,0.086313084,-0.15229711,-1.3267927,0.03973601,-0.32097927,-0.09985535,0.005388244,-0.12118424,-0.0038627165,0.0104377875,-0.017722609,0.010405556,0.013706487,-0.0014861496
-0.086695544,-0.011036412,-0.021020649,-0.108479254,0.019957652,-0.22844784,-0.14853442,-0.2618181,0.15204805,-0.40732086,-0.33359024,-0.33286986,-1.0252354,-0.5458079,-0.12864918,-0.17842841,-0.33930305,-0.0032577661,0.12412552,0.044134114,0.019925881,-0.063587174,-0.0042079994,-0.009984933,-0.06546363,-0.49829036,-0.008028774,-0.15341967,0.0008393744,0.49094328,-0.16695973,-1.9137515,-0.019850895,-0.13454822,0.28207657,-0.12763777,0.12092069,0.122434765,0.011720263,0.16785173,0.14589752,-0.006450253,0.009200426,0.089063294,0.010938144,-0.012673835
-0.088833906,-0.026947087,0.055225194,-0.05030795,0.006589582,-0.34261122,-0.231994,0.24228354,-0.1463676,-0.9518267,0.15150096,-0.25605792,-0.8163044,-0.46948242,-0.014858238,0.35577804,-0.35052076,-0.0032577661,0.0903702,0.039104294,0.033146746,-0.12974489,-0.05094143,-0.009984933,-0.06546363,-0.4773559,0.007813423,-0.16364306,0.0008393744,0.58204174,-0.17487201,-1.2984374,-0.06618134,-0.114483766,0.2732065,-0.13580579,0.16679682,0.13515702,0.011720263,0.19955146,0.09820619,0.016763192,0.009200426,0.089063294,0.011455684,-0.012673835
-0.091138534,-0.011036412,0.04306045,-0.07942097,0.023363128,-0.19139192,-0.10028025,0.21627076,0.16882885,-0.3549124,-0.31116593,-0.3372594,-1.0556952,-0.32445297,-0.065260634,-0.1660324,-0.33930305,-0.0032577661,0.1163433,0.039104294,-0.9349832,-0.07636463,-0.00088484725,0.02439731,-0.07593483,-0.3859686,-0.057559013,-0.14455643,0.00048814924,0.45401245,-0.14760883,-1.8935946,-0.021160685,-0.06755379,0.22353685,-0.12736534,0.16590743,0.12058568,0.009596646,-0.1588109,-0.07834926,0.0046388004,0.011316275,0.089063294,0.010938144,-0.012673835
-0.06744398,-0.011036412,0.048581786,-0.060011048,0.02174931,-0.18979134,-0.49558783,0.20122723,0.1657081,-0.3499511,-0.3356139,-0.3338123,-0.8980851,-0.45618162,-0.065260634,-0.14492288,-0.181276,-0.013067709,0.08420665,0.039104294,-0.3259809,-0.07474246,-0.00088484725,0.02439731,-0.06546363,-0.4455583,-0.013067847,-0.10669106,0.00048814924,0.45058388,-0.14704987,-2.6261659,-0.039970197,-0.048757467,0.2835436,-0.13744755,0.16590743,-0.19037257,0.009596646,-0.16373612,-0.08667238,0.0046388004,-0.016779585,-0.064897954,-0.015995074,-0.010368705
-0.06744398,-0.028100803,0.094196945,-0.17911781,-0.1394343,0.003084078,-0.50914294,0.21208218,-0.1447733,-0.3032725,-0.3768501,-0.31051287,-1.1262785,-0.31807008,-0.06902999,-0.1803006,-0.181276,-0.013067709,0.10280066,0.039104294,0.17605476,-0.048693966,0.0014485654,0.029736247,-0.07593483,-0.44342244,0.1939301,-0.10669106,0.00048814924,0.50544024,-0.17520888,-2.2068992,-0.021160685,-0.056889683,0.3470576,-0.14490652,0.17996688,0.11575783,0.04381008,0.16993855,-0.04061785,0.016176434,0.019523105,-0.006668959,0.011455684,-0.010368705
-0.07500816,-0.028100803,0.1585402,-0.094800346,0.0260383,-0.030484594,-1.0275031,0.30227143,-0.35380653,-0.9631815,-0.532978,-0.24887468,-1.1763185,-0.375558,-0.043301046,-0.31257463,-0.35052076,-0.0032577661,0.120145075,0.052940007,0.08920708,0.05114535,-0.00927747,0.0062309634,0.01199857,-0.4134794,0.046565358,-0.12412283,0.0008393744,0.79149073,-0.15825558,0.9947993,0.05278538,-0.07374503,0.28659803,-0.14098114,0.17989966,-0.016603976,0.04825302,-0.14383927,-0.037656203,-0.015230998,-0.005866626,-0.02717582,0.026049476,-0.012673835
-0.03457458,-0.09664483,0.33453375,0.14909974,0.03905441,-0.03542947,-0.16027707,0.35664824,-0.40306363,0.0670672,-0.069661014,-0.270722,1.3817251,-0.21969137,-0.046283796,0.013318132,0.24631935,-0.0063610906,0.08198864,0.094521135,0.38227955,0.087190144,-0.0053954655,0.0062309634,0.013162229,-0.042910703,0.002482541,0.01596037,0.0008393744,0.84597087,0.08075507,1.4884541,0.10056805,-0.0700906,0.46188915,0.049540654,0.19887018,0.1251788,0.04825302,-0.24531187,-0.020116983,0.018830841,0.0019179187,-0.02717582,0.03209527,0.03616274
-0.03377359,-0.028100803,0.3371445,-0.035037085,0.05380906,-0.1412298,0.08435841,0.30788395,-0.28675848,0.065997854,0.20762563,-0.14227524,-0.54083025,-0.2374473,-0.011459375,0.65651894,0.24760501,-0.0032577661,0.10598027,0.07447649,0.26306653,0.11418059,-0.058344316,0.0062309634,0.01199857,0.2660684,-0.017239591,0.053680785,0.0008393744,1.2820748,0.078454874,1.5606208,0.10449584,-0.064497635,0.41020718,0.045838777,0.21954966,0.17882898,-0.142013,0.27866328,-0.028670965,-0.02505259,0.0019179187,-0.020571185,-0.038545128,-0.0021423232
-0.03377359,-0.012190129,0.3371445,-0.059500538,0.06904395,-0.12627901,0.052983824,0.2910595,0.41001824,0.07075199,0.1954615,-0.16382474,-0.28500384,-0.22362016,0.009938162,0.66527873,0.27444068,-0.0032577661,0.09465957,0.08651183,-0.48252013,0.100974254,0.0117073925,0.028164787,0.01199857,0.23623271,-0.015235659,0.053680785,0.0008393744,1.2547708,0.048804443,1.4944631,0.085236244,-0.09007741,0.40300146,0.045838777,0.21764097,-0.06674211,0.016163202,-0.21249326,-0.036136366,0.018830841,0.0019179187,0.098147765,0.024693511,0.004607524
0.050278507,-0.032857783,0.212546,-0.092689246,-0.20196392,-0.0878763,-0.018653842,0.15106367,0.1746579,-0.019340627,-0.31942266,-0.38310665,-0.7989981,-0.36443964,-0.06764098,-0.1817349,0.15848695,-0.013067709,0.110404655,0.039216887,-0.34967223,0.034618463,0.0047203284,0.015529041,-0.05999608,-0.19143516,-0.032327842,0.03361612,0.00048814924,0.58933663,0.026383312,-3.029433,0.017097656,-0.0812172,-0.43790984,-0.10636738,-0.3222371,-0.22436519,-0.021230552,-0.15792231,-0.002224458,-0.015281473,0.0006146445,-0.012695534,-0.015995074,-0.0034380201
0.05619513,-0.012190129,0.20241623,0.1394811,-0.27183917,-0.07393328,-0.01834923,0.11281165,0.17437476,0.015680436,-0.40254074,-0.45874384,-1.1092002,-0.22360492,-0.06835905,-0.18861811,0.12583652,-0.013067709,0.0888163,0.062174167,0.048349205,0.005849893,0.0047203284,0.010828731,-0.07046726,-0.19455345,0.16212249,0.03361612,0.00048814924,0.6369943,0.026383312,-3.0928373,0.017097656,-0.087028846,-0.6231451,-0.028098999,-0.39753506,-0.20259053,-0.049128357,-0.1354758,-0.06868479,-0.015281473,0.0006146445,0.0032045543,-0.015995074,-0.0034380201
0.06085316,-0.028100803,-0.52379614,-0.044360664,-0.4590682,-0.059636127,-0.01108711,0.03708765,-0.38627425,0.03612336,-0.40490097,-0.37144268,-1.331245,-0.3483951,-0.056019954,-0.3294482,0.082651794,0.011556773,0.12737109,0.079420805,0.003167539,0.017174685,-0.002761425,0.0037851012,-0.0232335,-0.23001075,0.00369822,0.0846828,0.0008393744,0.9901023,0.040305506,1.0785575,0.0403602,-0.102639556,-1.2932171,0.004431707,-0.36457083,0.06698703,0.013194757,-0.1612146,-0.036250845,0.011752486,-0.0097098835,-0.012334159,-0.038545128,0.00063815224
0.059308417,-0.012190129,-0.540835,-0.12896182,-0.47658855,0.11723943,-0.0140762925,0.036255736,0.40644684,-0.03121011,-0.21525739,-0.38617998,-1.455177,-0.3222987,-0.04797216,-0.30542052,0.07579447,0.011556773,-0.2324176,-0.20378584,-0.016276173,0.068311006,-0.01224404,0.0037851012,0.012287347,-0.2554646,-0.017542481,0.08337781,-0.0028612115,0.9778124,0.010671153,1.174248,0.046502106,-0.0948558,-1.3915458,0.011708118,-0.36457083,0.09223428,0.005388244,-0.14216176,-0.08044634,-0.02559718,-0.02052976,-0.011353863,0.012151181,-0.0021423232
0.04295138,-0.03251245,-0.18150856,-0.10525357,-0.21760316,0.23794903,-0.009064691,0.008664735,-0.3294794,-0.051709887,0.19302122,-0.4496356,-1.5410913,0.671258,-0.042301346,-0.21990818,0.04226326,0.011556773,-0.21429808,-0.20456326,-0.1480735,0.05401873,-0.002761425,0.0033771768,-0.0232335,-0.27210003,-0.010863694,0.030967612,-0.012406396,-2.071023,-0.024475768,0.7017225,0.075291105,-0.075283274,-1.2933375,-0.106217645,-0.32097927,0.04465344,0.005388244,-0.20568524,-0.040421296,0.007040021,-0.009247856,-0.007455007,-0.029255848,0.00016133254
0.05203065,-0.026980279,-0.17792705,-0.106357865,-0.23235862,0.26129073,-0.011295973,0.007385992,-0.32553554,-0.051709887,0.20604514,-0.45801324,-1.5597155,0.6614698,-0.042301346,-0.21990818,0.04226326,0.011556773,-0.16778487,-0.20456326,-0.15194964,0.07764828,-0.002761425,0.0033771768,0.012287347,-0.29346132,-0.010863694,0.031949412,-0.012406396,-2.159352,-0.018974079,0.7004838,0.09645732,-0.075038,-1.2731087,0.02913322,-0.32097927,-0.0176403,-0.02428415,-0.1710919,0.00046501076,-0.012506899,-0.0044586947,-0.007455007,0.0148617765,0.00016133254
0.07310606,-0.026980279,-0.5404373,-0.100409225,-0.23367119,0.15494765,-0.02288106,0.029167432,-0.35692355,-0.01859958,-0.39053047,0.6058722,-1.4185572,-0.5199046,-0.029000226,-0.23928566,0.0843066,0.011556773,-0.14642662,-0.19174251,0.0014203796,0.05529692,-0.0013949283,0.0033771768,0.012296526,-0.05643227,-0.010863694,0.037857596,-0.0028612115,-2.2347906,-0.014067367,0.7016884,0.11213457,-0.09649013,-1.2984596,0.014149514,-0.23563486,-0.10127081,0.005388244,-0.17206018,-0.04357189,0.0066048815,-0.0157671,-0.011353863,-0.029255848,0.002635268
0.05237725,-0.026980279,-0.55747616,-0.13836165,-0.23367119,0.23939909,-0.02288106,0.036064457,-0.34678906,-0.051709887,0.20022984,-0.3832725,-1.1498276,-0.48463598,-0.02967165,-0.23174904,0.07579447,0.011556773,-0.18071596,-0.20378584,-0.17667016,0.06351267,-0.0013949283,0.0033771768,0.01143063,-0.2738365,0.027302165,0.037857596,-0.0028612115,-2.2172925,-0.0034842463,0.7023633,0.086313084,-0.09564732,-1.3093021,0.013736598,-0.32097927,-0.106274575,0.011954801,-0.17919494,-0.008020248,0.0104377875,-0.019327952,-0.007455007,0.013706487,-0.0014861496
0.05203065,-0.026980279,-0.55747616,-0.10007438,-0.23367119,0.24056016,-0.02064978,0.034364197,-0.35348943,-0.051709887,0.2008859,-0.38058406,-1.092418,-0.48510388,-0.02967165,-0.25456282,0.07579447,0.011556773,-0.2272292,-0.20378584,-0.20640017,0.05656379,-0.0013949283,0.0033771768,0.01143063,-0.27119982,-0.010863694,0.037857596,-0.0028612115,-2.2817905,-0.007222193,0.64147854,0.06514686,-0.100881144,-1.276793,0.013736598,-0.32097927,0.01930358,0.011954801,-0.20041971,-0.0264011,0.008494415,-0.028874313,-0.007455007,-0.025276342,-0.0005502546
0.04295138,-0.016601773,-0.55747616,-0.13881175,-0.21891573,0.2577391,-0.017602503,0.036064457,0.33853766,-0.051709887,0.20717427,-0.36490986,-1.1577854,-0.46776634,-0.02162385,-0.22643493,0.07579447,0.011556773,-0.15597875,-0.20378584,-0.19782412,0.070548475,-0.010877544,0.0033771768,0.01143063,-0.29436153,-0.010863694,0.037857596,-0.0028612115,-2.2419918,-0.000104243634,0.7468399,0.086313084,-0.09271267,-1.2870437,-0.11012613,-0.3328565,-0.106274575,-0.026404103,0.12157656,-0.044749025,-0.022915857,-0.011587426,-0.007455007,-0.020657906,-0.0014861496
0.05203065,-0.011069604,-0.55747616,-0.1366864,-0.23367119,0.2389882,-0.017602503,0.036064457,0.32906076,-0.051709887,0.21005076,-0.37518722,-1.1760235,-0.45392996,-0.02162385,-0.14980732,0.07579447,0.011556773,-0.14966537,-0.20378584,-0.18691215,0.067379504,-0.010877544,0.0033771768,-0.020338852,-0.29552203,-0.010497102,0.037857596,-0.0028612115,-2.3157465,-0.000104243634,0.74744314,0.086313084,-0.09306452,-1.311837,0.013736598,-0.3328565,-0.13519876,0.0075118616,0.13071252,0.11780458,-0.022915857,-0.011587426,-0.011353863,-0.020657906,0.002635268
0.05203065,-0.011069604,-0.540835,-0.1370352,-0.23367119,0.23415776,-0.017602503,0.032807324,0.32669142,-0.051709887,0.22009867,-0.3780174,-1.2058014,-0.4674095,-0.04864358,-0.19123791,0.07579447,0.011556773,-0.16778487,-0.20378584,-0.19899961,0.067379504,-0.01224404,0.0033771768,-0.020338852,-0.2943158,-0.010497102,0.037857596,-0.0028612115,-2.3199313,0.0036337033,0.7780792,0.086313084,-0.09306452,-1.3190899,0.019684115,-0.3328565,-0.106274575,0.0075118616,0.13071252,-0.031056331,-0.022915857,-0.019327952,0.010405556,0.012350521,0.00022272847
0.22246507,-0.013821862,0.07670951,-0.085051015,0.026792321,-0.053145714,-0.023379516,-0.26585725,0.19111833,-0.37979996,-0.4889601,-0.1426385,-0.051743817,-0.48305598,-0.14630891,-0.11416446,0.12756234,-0.053553864,0.059663706,0.044134114,-0.58089197,0.057735346,-0.008626425,-0.01532387,-0.11527966,-0.5496915,-0.03576785,-0.025370954,0.00048814924,0.34788287,-0.17419747,-3.024898,0.053346206,-0.100844845,-0.31415108,-0.0072348644,0.13778572,0.1037624,0.009596646,-0.16015898,-0.015515955,0.011725217,0.019590782,-0.094489284,0.01934024,-0.013969531
0.033573173,-0.012190129,0.0804453,-0.039231297,0.008554075,-0.06364372,-0.017769806,-0.31527877,0.1767182,-0.33891732,-0.073130034,-0.28115323,-0.9364607,-0.45233253,-0.1486707,-0.047011558,0.12756234,-0.013067709,0.08733048,0.044134114,-0.07229904,0.07649032,-0.0070298696,-0.009984933,-0.06546363,-0.55266464,-0.025758117,-0.0063580526,0.00048814924,0.5060105,-0.17664106,-3.6223028,0.0773055,-0.08290012,0.18607196,4.1549793e-05,0.13778572,-0.064237684,0.009596646,-0.13967542,-0.08510779,0.014428435,-0.0037507773,-0.094489284,0.010938144,-0.013969531
0.06486179,-0.012190129,0.0804453,-0.07745095,-0.0051226215,-0.11484337,-0.0070199785,-0.31006584,0.17752449,-0.3432944,0.17395473,-0.29754332,-1.0139633,-0.3198995,-0.13183169,-0.22538933,0.13425876,-0.0032577661,0.13194123,0.044134114,-1.0375714,0.09983543,-0.0070298696,-0.01532387,-0.07593483,-0.36136007,-0.040806923,-0.0063580526,0.00048814924,0.5249462,-0.16718192,-2.3841455,0.100042805,-0.14712425,0.21352938,0.018262293,0.13778572,0.12971778,0.016163202,-0.14869924,-0.08415344,-0.012527779,-0.008572755,-0.094489284,0.010938144,-0.012673835
0.057547614,-0.012190129,0.078532934,-0.02484528,0.026097937,-0.06492371,-0.13474043,-0.26607192,0.17616954,-0.34424344,-0.4455474,-0.34166536,-0.71153903,-0.41295454,-0.13116027,-0.22353327,0.12756234,-0.013067709,0.10958755,0.044134114,-0.77754056,0.05127311,-0.0070298696,-0.008903494,-0.06546363,-0.17437035,-0.040806923,0.17313614,0.00048814924,0.50422925,-0.14803904,-3.1702373,0.034536686,-0.13376173,0.19055669,-0.010064768,0.15675624,-0.07745132,0.009596646,-0.17201446,-0.08122803,-0.0061386595,-0.01811912,-0.094489284,0.010938144,0.0062879883
0.24902654,-0.021046415,0.12011429,-0.06465639,0.027729606,-0.07112181,-0.16212873,-0.2689647,0.21006745,-0.3937226,-0.48721737,-0.3602281,0.10355157,-0.54023993,-0.14630891,-0.08470752,0.12756234,-0.053553864,0.040902983,0.044134114,-0.31052715,0.043130618,-0.008626425,-0.008903494,-0.07968642,-0.3032495,-0.025758117,0.15412326,0.00048814924,0.3671233,-0.13381012,-3.5399294,0.034536686,-0.12808062,0.23595114,-0.0072348644,0.15675624,-0.23245068,0.016163202,-0.17647757,-0.06346825,-0.015230998,0.0147688035,-0.064897954,-0.027292423,-0.010368705
0.032240428,-0.012190129,0.16220367,-0.15713063,0.023137162,-0.06484474,-0.12928024,-0.31467596,0.17324097,-0.35816607,-0.48594385,-0.3335176,-0.9595396,-0.45090494,-0.1486707,-0.23554197,0.12756234,0.046386015,0.12416807,0.044134114,-0.07836024,0.04740584,-0.0070298696,-0.0035645578,-0.06546363,-0.59140915,-0.025758117,0.17313614,0.00048814924,0.53142613,-0.1471432,-3.3262863,0.053346206,-0.08313825,0.21230574,0.011295728,0.13778572,0.13020915,0.016163202,-0.17009388,-0.080875635,0.011725217,0.0006146445,-0.064897954,-0.017757822,0.0062879883
0.0511759,-0.012190129,0.35578445,0.15525222,0.050309204,-0.017413408,0.011604893,0.25788248,0.32435623,0.12154688,-0.103352845,-0.1947022,-0.8137789,-0.28755584,-0.03954124,-0.2954352,0.2446368,0.011556773,0.19535384,0.094521135,0.33448663,0.08084882,-0.008465262,-0.0040401844,-0.027355501,0.22605728,0.0022769235,0.12508866,0.0008393744,1.1842163,0.07251446,1.2680107,0.10011797,-0.03296989,0.4171667,0.0632818,0.22209759,0.15910532,0.04381008,0.20478748,0.17551768,0.024185518,-0.004228054,-0.020571185,-0.03188916,-0.0021423232
0.06098423,-0.012190129,0.36911854,-0.06879146,0.05380906,-0.07965247,0.0672367,0.29797888,-0.15623674,0.065997854,0.2133314,-0.1582715,-0.6305136,-0.30669543,0.003190179,0.655211,0.2435161,0.011556773,0.13800247,0.07447649,0.26617882,0.109843194,0.021190008,-0.002320221,-0.0217024,0.28355783,-0.014402965,0.09915937,0.0008393744,1.2652581,0.07941849,1.5636748,0.10449584,-0.039477598,0.42033118,0.07183819,0.22331186,0.17882898,0.04381008,0.2876165,-0.01902066,0.024185518,-0.0055379276,0.027289363,0.026049476,-0.0021423232
0.06098423,-0.028100803,-0.14233907,0.034491412,0.03412719,-0.105432525,0.014941182,0.150454,-0.28299382,0.06561473,0.20626631,-0.23193131,-0.72098184,1.0774603,-0.01697243,0.08597721,0.050846405,0.011556773,0.20904389,0.080369875,0.11533121,0.120111965,0.0010173538,0.0030116,-0.024597047,0.27098766,-0.015235659,0.06039439,0.003639581,1.2473185,0.05371845,1.4980472,0.11582666,-0.01754657,0.42836484,0.08326217,0.22495879,0.1445131,0.01404325,0.25582752,-0.027088417,-0.019019945,-0.009812541,0.098147765,0.026049476,-0.0028156922
0.06486179,-0.028100803,-0.13089304,-0.1476854,-0.016916692,-0.1571801,-0.12385424,0.042679712,-0.14875275,0.03690434,0.16059324,-0.38331953,-1.2098957,0.7355978,-0.015634049,-0.21304595,0.03463473,0.011556773,-0.15466715,0.066534154,-1.407393,0.088073604,-0.0046964567,0.003694418,0.04340049,0.20175521,-0.040806923,0.05430058,-0.0041299667,0.065873414,0.06506465,-1.7477968,0.064536124,-0.13197468,0.28711364,0.04256389,-0.18993968,-0.17436747,0.009596646,-0.21953629,-0.07297562,-0.027816439,-0.0082196575,-0.094489284,0.008346548,-3.52168e-05
0.054328043,-0.011069604,-0.3469746,0.111816384,-0.17904158,-0.052523967,-0.24577709,0.04698153,-0.087207,0.010128405,-0.3313397,-0.48061135,-1.0941174,-0.5092276,-0.026832089,-0.1771271,0.0503655,0.046386015,-0.13117218,0.062131945,-0.5252582,0.016698578,0.008420238,0.007592776,0.03802391,-0.1500572,-0.015570792,0.04199678,0.00048814924,-0.43407115,-0.06141003,-2.0428045,0.016138008,-0.090492845,-0.5581637,0.0020530063,-0.38815162,-0.1701909,0.0065468703,0.17194907,-0.043659545,0.0120238615,-0.020148197,-0.012695534,0.008346548,0.0008189813
0.055413302,-0.026980279,-0.35246226,-0.031981062,-0.17968048,-0.044049174,-0.46716693,0.02474884,-0.14862327,0.018056676,-0.4352609,-0.30749935,-0.89522135,-0.4876257,-0.13708353,0.3561421,0.0503655,0.046386015,-0.10377399,0.08417083,-0.07292769,0.009684576,-0.015061704,0.005636961,0.03802391,0.14965239,0.06332185,0.04754198,0.00048814924,-1.3695661,0.068416506,-1.5434376,0.027320584,-0.09776437,-0.72740537,0.004870571,-0.3308139,-0.17359978,0.019761313,-0.11802437,-0.04722049,-0.027344063,-0.020428738,-0.01865128,0.007904581,-0.0027818463
0.055240046,-0.026980279,-0.5332706,-0.15157746,-0.23262699,-0.03313545,-0.61504674,0.045089316,-0.33579016,-0.010752696,-0.31789488,-0.35260165,-0.96447355,-0.41246584,-0.1362369,0.39489186,0.07579447,0.011556773,-0.20480241,-0.20784163,-0.19319777,0.021864146,-0.018201357,0.0033771768,0.01143063,-0.18133807,0.027302165,0.039162587,0.0008393744,-2.1954172,0.005316941,0.568005,0.042458333,-0.09824687,-0.8615012,0.014149514,-0.050134238,0.05468393,0.019761313,-0.19311793,-0.030387223,-0.0075367233,-0.011587426,-0.016233014,0.012351857,0.00022272847
0.05145004,-0.026980279,-0.56006193,-0.098094195,-0.23346885,-0.048725568,-0.52378553,0.009418279,-0.32374585,-0.05222078,-0.13170555,-0.37296882,-1.35887,-0.29353586,0.043192234,-0.18298042,0.07579447,0.011556773,-0.2322006,-0.20378584,-0.022574425,0.03742914,-0.0066360324,0.0033771768,0.012287347,-0.2817461,0.0018067812,0.037857596,0.0008393744,-2.1078258,-0.0034842463,0.56042826,0.04677193,-0.14305389,-0.85232353,0.021425929,-0.3308139,0.04196168,0.013194757,-0.18696411,-0.044749025,0.008494415,-0.028671825,-0.016233014,0.013706487,-0.0014861496
0.052795675,-0.026980279,-0.5404373,-0.13900034,-0.23391356,0.03788165,-0.5135933,0.032771435,-0.33404458,-0.019110475,-0.41509354,-0.38027924,-1.1626018,-0.41691768,-0.047766313,-0.18944854,0.07579447,0.011556773,-0.2322006,-0.20378584,-0.19226773,0.025913224,-0.0066360324,0.0033771768,0.01143063,-0.21923158,-0.010863694,0.037857596,-0.0028612115,-2.0857654,-0.00088197086,0.6467328,0.035932053,-0.1286057,-0.87112325,0.014149514,-0.3308139,0.09582157,0.013194757,-0.16419394,-0.04357189,0.0077879187,-0.019125462,-0.012334159,0.013706487,-0.0014861496
0.05237725,-0.026980279,-0.55747616,-0.13607608,-0.23391356,0.1597694,-0.14298557,0.036064457,-0.3366789,-0.051709887,-0.2059353,-0.37296882,-1.1979237,-0.414935,-0.047766313,-0.18404892,0.07579447,0.011556773,-0.21926948,-0.20378584,-0.21130805,0.049655795,-0.0066360324,0.0033771768,0.01143063,-0.27852112,0.0018067812,0.037857596,-0.0028612115,-2.1588361,-0.0034842463,0.6181637,0.061219066,-0.12895754,-1.2990658,0.021425929,-0.32097927,0.040367927,0.011954801,-0.18504353,-0.044749025,0.008494415,-0.019125462,-0.011353863,0.013706487,-0.0014861496
0.05203065,-0.026980279,-0.18150856,-0.10619765,-0.23260099,0.24056016,-0.15358187,0.008664735,-0.3224423,-0.051709887,0.19955309,-0.40333432,-1.1795703,0.5500643,-0.03783591,-0.18298042,0.04226326,0.011556773,-0.2322006,-0.20456326,-0.3283498,0.060491245,-0.0066360324,0.0033771768,0.012287347,-0.27852112,-0.010863694,0.031949412,-0.012406396,-2.1682918,-0.02073782,0.59249705,0.075291105,-0.2725073,-1.299379,0.017645068,-0.32097927,0.06887794,0.005388244,-0.19972052,-0.040421296,0.005096649,-0.018012911,-0.007455007,0.013706487,-0.0021595187
0.05110344,-0.026980279,-0.55747616,-0.14010464,-0.23322648,0.23939909,0.0025325622,0.036064457,-0.34091318,-0.051709887,0.20082195,-0.37565726,-1.1169348,-0.3529777,-0.04265709,-0.19262122,0.07579447,0.011556773,-0.18071596,-0.20378584,-0.20898633,0.07042067,-0.0066360324,0.0033771768,0.01143063,-0.27451956,-0.010863694,0.037857596,-0.0028612115,-2.279287,-0.0034842463,0.64220077,0.086313084,-0.15147763,-1.3026073,0.013736598,-0.32097927,-0.061288986,0.005388244,-0.2078111,-0.044749025,-0.008533077,-0.019125462,-0.007455007,0.013706487,-0.0014861496
0.05203065,-0.026980279,-0.55747616,-0.14010464,-0.23367119,0.23939909,-0.02288106,0.036064457,-0.34988436,-0.051709887,0.19733007,-0.3832725,-1.1117852,-0.48510388,-0.056691375,-0.13399775,0.07579447,0.011556773,-0.16778487,-0.20378584,-0.17712864,0.07372083,-0.0010308569,0.0033771768,0.01143063,-0.27451956,-0.010863694,0.037857596,-0.0028612115,-2.3479607,-0.0034842463,0.65680784,0.086313084,-0.095661104,-1.2986547,0.013736598,-0.32097927,-0.13519876,0.005388244,-0.20234029,-0.044749025,0.008494415,-0.019327952,-0.007455007,0.013706487,-0.0005502546
0.05203065,-0.026980279,-0.55747616,-0.13897242,-0.23367119,0.23939909,-0.02288106,0.036064457,-0.3533185,-0.051709887,0.2008859,-0.37291405,-1.1760725,-0.48463598,-0.056691375,-0.1970944,0.07579447,0.011556773,-0.16778487,-0.20378584,-0.17728096,0.07372083,-0.0010308569,0.0033771768,0.01143063,-0.30288482,-0.010863694,0.037857596,-0.0028612115,-2.2409337,-0.00088197086,0.6436862,0.086313084,-0.09721388,-1.2984691,0.013736598,-0.32097927,-0.106274575,0.005388244,-0.17957015,-0.044749025,0.008494415,-0.019327952,-0.009532838,0.013706487,-0.0014861496
0.05203065,-0.09552431,-0.55747616,-0.1361955,-0.23265657,0.23992868,-0.074413896,0.036064457,-0.44033867,-0.042282756,0.2014425,-0.45039457,1.2383374,-0.6819988,-0.046498712,-0.08528913,0.07579447,0.022574455,-0.1279592,-0.20378584,-0.5124191,0.067379504,-0.0034330597,0.0033771768,0.012594291,-0.30288482,-0.010497102,0.033428326,-0.0028612115,-1.9603003,-0.021047834,0.5310333,0.086313084,-0.09753668,-1.2861058,0.013736598,-0.32097927,-0.16717102,0.005388244,-0.2000537,-0.017257895,0.008494415,-0.019327952,-0.011353863,0.024240369,-0.0014861496
0.04283426,-0.008479441,0.074796766,-0.15161239,-0.0039667515,-0.4728453,-0.6289416,-0.2805893,0.13241655,0.019021595,0.113311745,0.3121925,-0.864679,-0.382495,-0.24041031,0.3017165,0.12968367,-0.013067709,-0.03151776,0.039284837,-0.2803715,-0.23482215,-0.012450171,-0.01532387,-0.101056874,-0.40110996,0.006134496,-0.03175677,0.00034671673,-0.0070815026,-0.056896497,-2.9132025,-0.16642262,-0.11161812,-0.13001326,0.019323904,0.09360531,-0.2040546,0.01404325,0.16416827,0.099332586,-0.017765036,-0.01236112,-0.094489284,0.008346548,-0.013969531
0.023117414,-0.012668145,0.074796766,-0.084977135,-0.03773048,-0.4052975,-0.55054903,-0.284787,0.1586922,0.019293046,0.11231776,-0.06549421,1.3051575,-0.37836188,-0.14660376,-0.095754236,0.12756234,-0.053553864,0.0012427997,0.047294576,-0.87382936,-0.26879767,0.00074798893,-0.01532387,-0.11527966,0.15062459,-0.04339575,-0.03618604,0.00034671673,0.13548446,-0.14559546,-2.7239316,-0.1451704,-0.10476664,-0.28771093,0.0073808846,0.14727186,0.16590673,0.016163202,-0.1971925,0.043798007,0.011408515,-0.021485878,0.089063294,0.0105347475,0.0033118273
0.025487404,-0.019892698,-0.10515582,0.13907209,0.048360832,-0.3790317,-0.56111294,-0.17979568,0.17256825,0.014689385,-0.31289494,-0.3398528,0.074893996,-0.47254193,-0.05333056,-0.07927349,0.054038614,-0.053553864,-0.019483678,0.04805851,-0.96984524,-0.20820911,-0.0003259941,-0.01532387,-0.07968642,0.14367856,-0.038356673,-0.03175677,0.00034671673,0.061816577,-0.17166324,-2.831227,-0.101335935,-0.11165491,0.1435498,0.018927721,0.14727186,-0.25570154,0.009596646,-0.13592987,0.08532593,0.001442167,0.0018031248,-0.064897954,-0.021786146,-0.0034380201
0.029416472,-0.019892698,-0.101134814,0.024376243,0.05580786,-0.4219337,-0.7094816,-0.17979568,0.17644699,0.015487284,-0.32814884,-0.3434323,0.23094384,-0.22276379,-0.05333056,-0.08708226,0.054038614,-0.053553864,-0.037306305,0.04805851,-0.35508195,-0.13594814,-0.0003259941,-0.01532387,-0.13680504,0.15745823,0.006134496,-0.03175677,0.00034671673,0.027527407,-0.17419747,-3.0919302,-0.101335935,-0.11915575,0.17348373,0.015803603,0.14727186,-0.25570154,0.009596646,-0.15150012,-0.027243245,0.010821758,0.06799714,-0.094489284,0.0105347475,0.00016280764
0.029416472,-0.011036412,-0.08580795,-0.17247374,0.03823237,-0.2342034,-0.36235312,-0.18404987,0.13756247,0.014546487,-0.3345423,-0.31909195,-1.3041022,0.8435228,-0.06766162,-0.023044448,0.03284835,-0.013067709,-0.14446963,0.04837293,0.28247407,-0.12362471,-0.00088484725,-0.009984933,-0.07593483,0.16431697,0.006134496,-0.02899399,0.00067203585,0.009552836,-0.16633739,-3.1560478,-0.10613095,-0.19827868,0.22164896,0.020697458,0.14816123,0.12070306,0.04381008,0.16129468,0.065019764,-0.014478126,-0.011269813,-0.036260296,0.008346548,-0.011780981
0.06420457,-0.021046415,-0.16656777,0.19981828,0.054583587,-0.026072789,0.010667266,0.10369382,0.32658488,0.053037874,-0.1606173,0.4003534,1.6687938,0.9276145,0.029278804,0.0063922657,0.0536219,-0.0063610906,-0.1787099,0.08419734,0.3139915,-0.100589216,-0.013804098,-0.0033186087,-0.038594738,0.16917811,0.059628725,-0.0014941492,0.003639581,0.27770936,0.045338128,1.2855635,-0.02084855,-0.28085873,0.46459138,0.041042663,0.18171048,0.17891651,0.046133067,0.18192194,0.0032621166,-0.01361481,0.027706506,0.027289363,0.023217717,-3.52168e-05
0.06610472,-0.021046415,-0.18208735,-0.11124889,0.058143094,0.43685496,0.018768469,0.082554206,0.3326795,0.055002894,0.22271775,0.4879901,1.7100064,0.916979,-0.0024726707,0.20365436,0.04611042,-0.0063610906,-0.16733561,0.015607264,0.2788756,0.11378689,-0.008966632,-0.0033186087,-0.038594738,0.15676218,-0.01543677,-0.0014941492,0.003639581,0.31342834,0.041267928,1.4829385,0.04065493,-0.047170028,0.4711082,0.053904623,-0.08515918,0.13189226,-0.046576858,0.15458092,-0.020475082,-0.010594889,-0.0048048142,0.014158234,0.023217717,0.003934155
0.06555422,-0.01992589,-0.16675766,-0.11789621,0.0044135936,0.3389329,0.04429034,0.104498096,0.4123118,-0.013325203,0.20134257,0.79895043,1.7389745,1.0811465,-0.019056195,-0.10692681,0.04611042,0.022574455,-0.17119269,0.055707294,0.15480937,0.0656003,-0.01298647,0.003474949,-0.038594738,-0.063468635,-0.010507908,0.026982006,0.003639581,-0.27895838,0.011637322,1.4375936,0.1111387,-0.044938013,0.48956835,0.047655478,-0.26948175,0.04781064,0.003942651,-0.13721187,-0.0066574896,0.0058569843,-0.0061252825,0.031334013,0.023217717,0.001961899
0.054743744,-0.011069604,-0.3041888,-0.061295874,-0.01300111,0.32794604,-0.03830537,0.052619968,0.17129931,-0.057037406,0.29142812,-0.3497963,-1.3459482,-0.31209543,-0.026598487,-0.20747158,0.052091327,0.046386015,-0.114870034,0.04383228,-0.78826576,0.07334168,0.0011970934,0.006997437,-0.07593483,-0.34653723,-0.023718724,0.037163418,0.00048814924,-1.2892812,0.02722185,-2.2207422,0.08212987,-0.12706988,0.25050524,0.023611858,-0.36643973,-0.13364677,0.003942651,-0.1514764,-0.04662723,0.0104377875,-0.020148197,-0.00998861,-0.014285225,0.0008189813
0.05625404,-0.011069604,-0.3469746,0.08955697,-0.13674039,0.24715528,-0.04983374,0.04698153,0.12953168,0.004824976,-0.43061793,-0.4015194,-1.1711664,-0.5138335,-0.029128782,-0.20355634,0.0503655,0.046386015,-0.11661423,0.06678955,-0.6538148,0.059959378,-0.0070298696,0.011921053,-0.06546363,-0.25727606,-0.025290191,0.037163418,-0.0016639752,-1.2469485,0.02722185,-2.3318346,0.06751802,-0.10094011,0.1947804,0.011806695,-0.36643973,-0.13588944,0.003942651,-0.13620245,-0.053416688,0.016365923,-0.020148197,-0.00998861,-0.014285225,0.0008189813
0.05331553,-0.026980279,-0.35246226,-0.038020577,-0.18027999,0.13383107,-0.052331682,0.02474884,-0.1579261,0.0051569897,-0.5362347,-0.3111475,-1.1161909,-0.5096809,-0.029846847,-0.20994912,0.0503655,0.046386015,-0.12954533,0.08417083,0.035042256,0.05123424,-0.000979869,0.005636961,-0.05999608,0.15220615,-0.004140632,0.04754198,-0.0016639752,-1.4179887,0.06233386,-1.7428962,0.078700595,-0.094123766,-0.7818884,0.0146242585,-0.32097927,-0.11037412,0.005388244,-0.18944009,-0.062607005,0.02074106,-0.015606759,-0.0037548242,-0.014285225,0.0008189813
0.053142276,-0.026980279,-0.5332706,-0.18076418,-0.23367119,0.19967386,-0.013777029,0.046789575,-0.34678906,0.010869453,-0.56160164,-0.29580256,-1.1559663,-0.49545473,-0.029000226,-0.26103094,0.07579447,0.011556773,-0.24534869,-0.25385466,-0.21922003,0.03972033,-0.0013949283,0.0033771768,0.01143063,0.14040852,0.027302165,0.039162587,-0.0028612115,-2.243994,0.026004583,0.67765915,0.068088055,-0.09082961,-1.2896005,0.023903204,-0.040299624,0.07316347,-0.02428415,-0.2236899,-0.0068431124,0.012163055,-0.01739391,-0.007455007,0.012351857,-0.0005502546
0.053142276,-0.026980279,-0.5332706,-0.14337753,-0.23322648,-0.036551088,-0.007133366,0.031071175,-0.3503941,0.010869453,-0.45926207,-0.32162523,-1.1579776,-0.36273664,-0.029000226,-0.26103094,0.07579447,0.011556773,-0.2272292,-0.25385466,-0.18612243,0.03815608,0.0003356397,0.0033771768,0.012287347,0.13718353,0.0018067812,0.039162587,-0.0028612115,-2.1962354,0.013465448,0.59615463,0.061831594,-0.09596942,-1.2164968,0.014149514,-0.17284234,0.01930358,0.013194757,-0.22561048,-0.00268558,0.0017701965,-0.011587426,-0.012334159,-0.025276342,-0.0014861496
0.053142276,-0.026980279,-0.5332706,-0.18170826,-0.23367119,0.17290686,-0.013777029,0.032771435,-0.3503941,0.010869453,-0.55184793,-0.3244554,-1.0511293,-0.48708662,-0.029000226,-0.26103094,0.07579447,0.011556773,-0.2272292,-0.25385466,-0.20802422,0.03972033,0.0003356397,0.0033771768,0.01143063,0.14040852,0.0018067812,0.039162587,-0.0028612115,-2.236159,0.013465448,0.6112985,0.061831594,-0.09113164,-1.3063014,0.014149514,-0.16300772,0.07316347,0.011954801,-0.2236899,-0.0077669546,0.012163055,-0.019327952,-0.007455007,-0.025276342,-0.0005502546
0.053142276,-0.026980279,-0.5332706,-0.18041538,-0.23322648,0.17048416,-0.007133366,0.032771435,-0.35348943,0.015623584,-0.55184793,-0.30741593,-1.114656,-0.41165444,-0.029000226,-0.26103094,0.07579447,0.011556773,-0.2272292,-0.25385466,-0.20718868,0.03972033,-0.0013949283,0.0033771768,0.01143063,0.15003902,0.0018067812,0.039162587,-0.0028612115,-2.2882068,0.023743708,0.61812705,0.061831594,-0.09718484,-1.3051791,0.014149514,-0.16300772,0.07316347,0.011954801,-0.15666784,-0.04357189,0.012163055,-0.011587426,-0.007455007,-0.025276342,-0.0014861496
0.05203065,-0.026980279,-0.5503095,-0.18038182,-0.23322648,0.2536976,-0.007133366,0.036064457,-0.34678906,0.034872327,0.2127362,-0.37309834,-1.156052,-0.40967175,-0.056691375,-0.2188397,0.07579447,0.011556773,-0.24534869,-0.20784163,-0.20898633,0.076544546,-0.0010308569,0.0033771768,0.01143063,-0.2615002,-0.010863694,0.039162587,-0.0028612115,-2.2537887,-0.0034842463,0.64606327,0.06514686,-0.09737909,-1.3051791,0.013736598,-0.16300772,0.07316347,0.005388244,-0.2158855,-0.0264011,0.0104377875,-0.024822146,-0.011353863,0.013706487,-0.0014861496
0.05412842,-0.026980279,-0.55747616,-0.14907466,-0.23367119,0.24257194,-0.02064978,0.036064457,-0.28976595,-0.051709887,0.21005076,-0.37220064,-1.0491313,-0.487493,-0.056691375,-0.03791322,0.07579447,0.011556773,-0.2272292,-0.20378584,-0.21903338,0.050222464,-0.002761425,0.0033771768,0.01143063,-0.29082468,-0.010497102,0.037857596,-0.0028612115,-2.400595,-0.0054584555,0.6526586,0.06514686,-0.09608562,-1.3025737,0.013736598,-0.3328565,0.08588573,0.009834848,0.19567163,-0.031056331,-0.022915857,-0.019327952,-0.007455007,-0.025276342,-0.0005502546
0.05412842,-0.026980279,-0.55747616,-0.1480536,-0.23367119,0.15336701,0.009141486,0.036064457,-0.29174492,-0.051709887,-0.22732757,-0.3720589,-1.0092853,-0.4755046,-0.029000226,-0.14929272,0.07579447,0.011556773,-0.18071596,-0.20378584,-0.1988473,0.067379504,-0.0013949283,0.0033771768,0.01143063,-0.2939907,-0.010497102,0.037857596,-0.0028612115,-2.3493383,0.0023283176,0.613843,0.082385294,-0.09643747,-1.3098266,0.021425929,-0.3212429,-0.13519876,0.0075118616,0.1827114,0.11780458,-0.022915857,-0.016084034,0.010405556,0.013706487,0.002635268
0.05203065,-0.026980279,-0.55747616,-0.1370352,-0.23367119,0.15336701,0.021996453,0.036064457,-0.2995995,-0.051709887,-0.22377172,-0.37488908,-1.0579253,-0.46941355,-0.056019954,-0.18196882,0.07579447,0.011556773,-0.18071596,-0.20378584,-0.19899961,0.067379504,0.0040650717,0.0033771768,0.01143063,-0.29278442,-0.010497102,0.037857596,-0.0028612115,-2.3035376,0.0023283176,0.6087129,0.082385294,-0.09744023,-1.3092322,0.021425929,-0.3212429,-0.106274575,0.009834848,0.1803884,0.11780458,-0.022915857,-0.01739391,0.010405556,0.013706487,0.00022272847
0.05203065,-0.026980279,-0.55747616,-0.1370352,-0.23367119,0.23415776,0.021996453,0.036064457,-0.2995995,-0.051709887,0.21360663,-0.3736839,-1.0417135,-0.46487856,-0.02967165,-0.21769197,0.07579447,0.011556773,-0.18071596,-0.20378584,-0.23112084,0.067379504,0.0054315683,0.0033771768,0.01143063,-0.3034142,-0.010497102,0.037857596,-0.0028612115,-2.304744,0.0031668553,0.6312729,0.086313084,-0.097503796,-1.3092322,0.013736598,-0.3212429,-0.061288986,0.0075118616,0.2033961,0.11780458,0.013849091,-0.028874313,0.010405556,0.013706487,0.002635268
-0.19650109,0.02568493,0.19211829,-0.17293201,0.022522409,-0.38191915,-0.018285174,-0.28168672,-0.16977009,-0.37344313,-0.1195046,0.36140108,-0.48504406,-0.18839502,-0.19268402,0.14004427,-0.0023809273,-0.053553864,0.034656193,0.039284837,-0.8083453,-0.22742863,-0.005197828,-0.01532387,0.076243274,-0.38476884,-0.048606053,-0.023150254,0.00034671673,0.27797648,-0.055251215,-2.1932006,-0.16198541,-0.09654437,-0.35509828,0.21661998,0.09177296,-0.23742616,0.009596646,-0.16328077,-0.06526139,0.010242078,0.010192537,-0.094489284,0.020799153,-0.013969531
-0.19081624,0.012813764,0.110233374,-0.10071554,0.0028725963,-0.47994545,-0.01094408,-0.31312165,0.17526019,0.022160001,0.09197477,0.28360587,-0.42130768,-0.17664106,-0.21192695,0.14221855,-0.0023809273,-0.053553864,0.034656193,0.043628145,-0.07566241,-0.25539765,-0.0075312406,-0.009984933,0.076243274,-0.51597774,-0.048606053,-0.023150254,0.00034671673,0.34364358,0.027514864,-3.373164,-0.16642262,-0.08268362,-0.38980857,0.20317297,0.09177296,-0.23693478,0.016163202,-0.17869736,-0.061853956,0.011259098,0.010192537,-0.094489284,0.01934024,-0.013969531
-0.20120761,0.012813764,0.06460297,-0.18370183,-0.029278802,-0.57710946,0.0061273156,-0.19489063,0.16632792,0.023042332,0.10666094,0.2012142,-0.54127467,0.6462011,-0.10799703,0.14253308,-0.07461508,-0.0063610906,0.037103854,0.047567047,-1.526691,-0.27773467,-0.0075312406,-0.01532387,-0.17239828,0.12463781,-0.048606053,-0.046224263,0.00067203585,0.4015305,0.032110862,-1.9021,-0.18527137,-0.07231023,-0.46180382,-0.013937723,0.11319636,-0.07981165,0.009596646,-0.16012101,-0.05182918,0.007861331,-0.01254574,-0.064897954,-0.027292423,-0.0028156922
-0.1871228,0.008127145,0.14503747,-0.17767274,0.04663275,-0.46982852,-0.0022541978,-0.16670604,0.16721858,0.019804722,0.090085045,0.30190837,-0.29402846,-0.23286016,0.1822968,-0.056656513,-0.18370973,-0.053553864,0.040738802,0.042445295,-0.94572645,-0.27324846,-0.00084103784,-0.01532387,-0.17239828,0.12219634,-0.048606053,-0.023150254,0.00034671673,0.39589456,-0.050306212,-3.0271788,-0.16642262,-0.08759606,-0.3593234,-0.12040604,0.11319636,-0.2204978,-0.037707403,-0.17831634,-0.07226853,-0.013388722,0.010192537,-0.094489284,0.01934024,-0.0034380201
-0.19709231,0.008127145,0.066584244,0.20072144,0.052474692,-0.27354893,0.043702547,-0.09161063,0.14624213,0.02060262,-0.16469686,0.42178586,-0.33228773,0.43409654,0.069790535,-0.0545492,-0.08450259,-0.053553864,0.0393174,0.06618102,-0.30579722,-0.26950827,-0.00084103784,-0.01532387,-0.17239828,0.1401831,-0.064740404,-0.086821534,0.00067203585,0.37070972,-0.05548274,-3.5318258,-0.17975147,-0.0844135,-0.38560832,-0.027443858,-0.11161085,-0.22706781,0.011720263,0.18514623,0.062376343,0.012198988,-0.01254574,-0.064897954,-0.027292423,-0.009000506
-0.19709231,0.009142764,0.1072875,0.26517993,0.033652842,-0.053804528,0.043731574,-0.118708394,0.15043779,0.025861483,-0.17394333,0.3669194,-0.29684687,-0.2422431,0.19262321,-0.06126671,-0.19232713,-0.053553864,0.042145286,0.025193483,0.022141404,-0.13567944,-0.00084103784,-0.009984933,-0.17239828,0.15300414,-0.064740404,-0.061113548,0.00034671673,0.4341574,0.022584224,-3.4753342,-0.16090272,-0.10048385,-0.4155304,-0.12533373,-0.09487294,-0.23388726,0.011720263,0.18817975,0.106815875,-0.019647455,0.04649523,0.089063294,0.01934024,-0.0034380201
0.2547908,-0.021046415,0.05951,0.010377375,0.047667727,0.35315508,0.07169746,-0.08605383,0.37174183,0.07969953,0.21436173,0.4782303,0.04655676,0.83208376,0.062478453,-0.07834894,-0.12673718,-0.0063610906,0.057619374,0.038441755,0.23485333,0.12954211,0.011871049,-0.0033186087,-0.038594738,0.15081733,-0.017925467,-0.023575753,0.003639581,0.7978366,0.011073601,1.3321627,0.022959422,0.2582479,0.4681629,0.005268799,-0.049221165,-0.14195238,0.013851707,0.20012218,0.046616394,-0.010594889,0.019562708,0.015717087,0.042929888,0.003934155
0.27018517,-0.021046415,-0.17683758,0.014991179,0.047667727,0.3461131,0.088194825,0.07322663,0.3723876,-0.0068826787,0.21856365,0.61618876,0.022271272,0.88381743,0.03427666,-0.0025957958,0.060479216,0.022574455,0.084732585,-0.19251993,0.2644555,0.08910416,0.011871049,-0.0033186087,-0.038594738,-0.018588465,-0.017422281,-0.022132438,0.003639581,0.8018485,0.0041740965,1.4377444,0.11529702,0.29769686,0.48374894,0.03372461,-0.19771695,0.11339018,0.016174693,0.14396255,0.0011470569,-0.008732216,0.051679242,0.015717087,0.042929888,-3.52168e-05
0.12693702,-0.021046415,-0.17975047,0.09985125,0.031504773,0.3990728,0.0872111,0.09938349,0.44245666,-0.0068826787,0.23589762,0.686076,1.1111497,1.0063343,-0.010296258,-0.08466692,0.0536219,0.022574455,-0.12472045,-0.19251993,0.1763173,0.115229696,0.011657629,0.0030116,-0.038594738,-0.03624249,-0.018254973,0.063559875,-0.012406396,0.7913322,-0.021216843,1.4018406,0.13039844,0.22444572,0.48982662,0.03372461,-0.22580539,-0.1877461,-0.019699747,-0.13139795,-0.011947073,-0.0043559032,-0.0048048142,0.032446746,0.023232285,0.003934155
0.06611039,-0.011069604,-0.17039824,0.10291099,-0.006320196,0.24381219,0.04996176,0.028777996,0.16280505,-0.050167307,0.18564641,-0.46387246,-1.2470254,0.67532015,-0.01385088,-0.20223288,0.0415184,0.011556773,-0.15191972,0.06480768,-0.8046837,0.07621519,0.0050028223,0.007592776,-0.07046726,-0.33129865,-0.015945848,0.066733986,-0.0041299667,-1.6101524,-0.006021864,-1.116625,0.08602767,0.27295476,-0.8337583,0.012428712,-0.30305395,-0.13883807,0.0018651914,-0.15229696,0.0038042683,0.007040021,-0.009540126,-0.019984933,-0.014332223,0.001961899
0.064424545,-0.011069604,-0.31632018,0.088847436,-0.12589094,0.1607628,-0.011672126,0.03759942,0.1745399,0.01602163,-0.40580183,-0.3924822,-1.0403776,-0.47908235,-0.025187835,-0.20248784,0.0503655,0.046386015,-0.12954533,0.06558509,-0.52552515,0.059865806,0.0050028223,0.007592776,-0.05999608,-0.23997669,-0.015945848,0.042897608,-0.0016639752,-1.2870291,0.021190034,-1.9534322,0.06751802,0.22123666,-0.7302021,-0.010909885,-0.30305395,-0.13883807,0.0018651914,-0.13620245,-0.018951062,0.016365923,-0.020428738,-0.01039302,-0.012522478,0.0008189813
0.06446597,-0.011069604,-0.27277806,0.04090833,-0.16943054,0.13590337,-0.04884461,0.0142074255,0.1745399,0.016353643,-0.42085004,-0.39832148,-1.0311879,-0.4751853,-0.025905896,-0.2075498,0.0503655,0.046386015,-0.12954533,-0.16724557,-0.09469897,0.052118678,0.0050028223,0.005636961,-0.05999608,-0.17355053,0.052717764,0.04754198,-0.0016639752,-1.508942,0.0152889425,-1.9328742,0.06751802,0.20991737,-0.90879816,-0.00809232,-0.31466755,-0.11049341,0.005388244,-0.15032415,-0.03960115,0.016365923,0.07832832,-0.0040117116,-0.011000039,0.0008189813
0.051989377,-0.011069604,-0.33623168,0.17176685,-0.22282174,0.16004996,-0.009615507,0.027814042,0.39303264,0.010869453,-0.54484344,-0.27603608,-1.1014887,-0.37466052,-0.020496974,-0.26188698,0.07467379,0.011556773,-0.23783149,0.07504927,-0.21396647,0.043822378,-0.011389915,0.0033771768,-0.020338852,0.15324889,0.0261113,0.039162587,-0.0028612115,-2.2785826,0.046410915,0.80702484,0.061831594,-0.07255439,-1.293071,-0.006007993,-0.36094496,-0.017881945,0.005388244,-0.14772828,-0.042648047,0.012163055,0.07654117,-0.005818521,0.012350521,-0.0005502546
0.051989377,-0.026980279,-0.37428617,0.17170355,-0.21845068,0.123576015,-0.5135933,0.026654735,-0.34934247,0.010358557,-0.53886485,-0.27143037,-1.219455,-0.4037706,-0.027988475,-0.22084633,0.07467379,0.011556773,-0.22468339,0.07625374,-0.048875526,0.040999573,-0.00927747,0.0033771768,-0.020338852,0.1446714,0.0261113,0.039162587,-0.0028612115,-2.0484612,0.043450233,0.6280542,0.061831594,-0.07712524,-0.91817623,-0.006007993,-0.37627438,-0.022167468,0.005388244,-0.2120653,-0.042648047,0.0017701965,-0.01904741,-0.009341882,0.012351857,-0.0014861496
0.051989377,-0.026980279,-0.49880755,-0.08032634,-0.21845068,-0.046433214,-0.5022681,0.026654735,-0.2926445,0.010358557,-0.47837198,-0.31023487,-1.1597887,-0.466994,-0.027988475,-0.22107556,0.07467379,0.011556773,-0.22468339,0.057629887,-0.2084132,0.044959404,-0.00927747,0.0033771768,0.01143063,0.11841676,0.025216753,0.039162587,-0.0028612115,-2.0650485,-0.1675067,0.6494965,0.061831594,-0.07523772,-0.8582578,-0.006007993,-0.31285366,-0.022167468,0.015318374,0.16717702,-0.033192165,0.013115326,-0.017113367,-0.010697672,0.012351857,-0.0005502546
0.049140092,-0.03251245,-0.5399465,-0.09941623,-0.21454467,-0.027460158,-0.5022681,0.045089316,-0.2853149,0.010358557,-0.4678749,-0.3024199,-1.0856421,-0.41058925,-0.02543623,-0.2141338,0.04961764,0.011556773,-0.2322006,0.087362275,-0.21058421,0.0236485,-0.009959185,0.0033771768,0.01143063,0.11723163,0.025731243,0.039162587,-0.0028612115,-1.9983908,-0.15825558,0.5672249,0.068088055,-0.12772815,-0.8590058,-0.039448123,-0.04493169,0.02724472,0.01764136,0.16675822,-0.0341584,-0.02357188,-0.019125462,-0.016233014,0.012351857,-0.0014861496
0.04539575,-0.03251245,-0.5569854,-0.15192626,-0.21370281,-0.035593845,-0.6076241,0.067897625,-0.32856238,0.04271921,-0.08667215,-0.23764926,-0.8416207,-0.3890444,0.0070768576,0.48095882,0.04961764,0.011556773,-0.20480241,-0.25385466,-0.23202743,0.05627914,-0.059026033,0.0033771768,0.01143063,0.16308625,0.0018067812,0.039162587,-0.0028612115,-2.104989,0.048394788,0.56626016,0.096139915,-0.103375845,-0.78105086,-0.05554905,0.18869403,0.05468393,-0.049128357,-0.21925814,0.0033167335,-0.026637565,-0.019125462,0.01634376,0.012351857,-0.0014861496
0.04504915,-0.03251245,-0.5569854,-0.19317673,-0.21454467,-0.10330246,-0.5067206,0.036064457,-0.3400339,0.034361433,0.14709657,-0.358977,-0.9695794,-0.39020643,-0.026107652,-0.026739206,0.04961764,0.011556773,-0.2140811,-0.20784163,-0.188379,0.06318714,-0.009959185,0.0033771768,0.01143063,-0.30405575,-0.010863694,0.039162587,-0.0028612115,-2.1185055,-0.004619918,0.5878648,0.0504299,-0.12753937,-0.8785941,-0.06323838,-0.17284234,0.10854383,0.013194757,-0.18744002,-0.044749025,0.008494415,-0.011384934,-0.012334159,-0.025276342,0.002635268
-0.08597636,-0.030936724,0.07051588,-0.1422206,-0.011698138,-0.42936727,-0.013258187,-0.31506526,-0.17061217,-0.38736576,0.21480663,0.42522767,1.0991371,-0.5475231,-0.18434756,0.1798862,-0.18370973,-0.053553864,0.043724176,0.04224678,0.009737756,-0.1828217,0.007918866,-0.009984933,0.05933693,-0.572527,-0.069762036,-0.109121926,0.00034671673,0.31326193,-0.055251215,-2.7429552,-0.16123347,-0.068456575,-0.2699135,-0.11732849,0.09177296,0.17338431,0.016163202,-0.17663412,-0.064908974,0.010242078,-0.013149021,0.089063294,0.013643883,0.0062879883
-0.071284585,-0.016004613,-0.011369033,-0.078969404,-0.016382644,-0.28320068,0.00804642,-0.30193925,-0.16266719,-0.36353362,0.10492266,-0.19970064,-0.53226125,-0.46937162,-0.28786504,0.4133471,-0.181276,-0.013067709,0.06417809,0.0657199,-0.74788815,-0.17704596,-0.0013073639,-0.01532387,0.040301245,-0.2906698,-0.057559013,-0.14016694,0.00034671673,0.4375378,0.07162295,-2.5794265,-0.14303052,-0.09877831,-0.02988312,-0.11767415,0.116677955,-0.22702858,0.016163202,-0.14706782,-0.06912955,0.01581092,-0.022273779,-0.094489284,0.011455684,-0.013969531
-0.08591443,-0.03393681,0.07008375,-0.18248037,0.023666201,-0.3055123,-0.03214807,-0.2805893,-0.17415206,-0.36756554,0.10655715,0.25073445,0.060961805,-0.6155769,-0.1403656,-0.09840572,-0.18370973,-0.053553864,0.061728496,0.043628145,-0.8677163,-0.14980799,-0.0062930114,-0.01532387,0.05933693,-0.39762563,-0.05251994,-0.14016694,0.00048814924,0.38368472,0.02559923,-2.663152,-0.06546,-0.09756002,-0.17613196,-0.11767415,0.09266234,-0.25068504,0.011720263,0.19824941,0.09245844,0.0049206447,-0.018643215,-0.094489284,0.013643883,-0.013969531
-0.06272364,-0.100815,0.04133285,-0.115079045,0.024070023,-0.16523033,-0.05243364,-0.2840771,-0.22511019,-0.38609183,-0.3100022,-0.4316597,1.1204468,-0.8114863,-0.15266886,-0.08662376,-0.181276,-0.053553864,0.0413185,0.044134114,-0.27488983,-0.11033269,-0.0067345877,-0.01532387,0.0445109,-0.50409764,-0.057559013,-0.109121926,0.00048814924,0.3134501,-0.17285863,-2.9427013,-0.055176247,-0.097898856,0.20917448,-0.187515,0.116677955,-0.25915033,0.016163202,-0.1660287,-0.06011,0.010821758,0.011316275,0.089063294,0.013643883,-0.010368705
-0.053648893,-0.100815,0.07008375,0.22084817,0.020207243,-0.19459401,-0.05194874,-0.32866102,-0.22687407,-0.38148817,-0.11918354,-0.40752593,1.2056911,-0.8165364,-0.17017931,-0.086873144,-0.18256165,-0.053553864,0.0419872,0.08571525,-0.060787674,-0.103147835,-0.0067345877,-0.009984933,0.0445109,-0.5353684,0.0029781815,-0.109121926,0.00048814924,0.35905758,0.06378827,-2.7123337,-0.099762656,-0.072512984,0.22151148,-0.18959054,0.120031305,-0.26522896,0.016163202,-0.21424775,0.02460048,0.0041177915,-0.02801314,-0.094489284,0.013643883,-0.013969531
-0.19660418,-0.100815,0.08814534,-0.15286191,0.03203266,-0.25762224,-0.0116698295,-0.37524772,-0.46818882,0.048405446,0.12154805,-0.2603607,-0.42436475,-0.7579208,-0.2153461,0.18260218,-0.35180643,-0.0063610906,0.059761506,-0.2500137,0.23035729,-0.1262742,-0.0018962995,-0.01046056,0.01788141,-0.31077167,-0.05840587,-0.11028468,0.0008393744,0.74849856,0.050963882,0.72170955,-0.06618134,-0.09124684,0.36449823,-0.23234265,0.123560295,0.16469043,-0.13989304,-0.2856181,-0.10261382,-0.023696197,-0.046972424,-0.022207674,-0.046392843,-0.011737941
-0.21428235,-0.11731249,0.078714155,-0.15004693,0.04035342,-0.18105194,-0.0051937243,-0.36659554,-0.5052558,0.051602192,0.1737274,-0.12474811,-0.33887464,-0.44994593,-0.19167371,-0.072101295,-0.35180643,-0.0063610906,0.05075856,-0.2541674,-0.020041255,-0.14440215,-0.0034330597,-0.0033186087,0.017576495,0.1972583,-0.05316118,-0.0976989,0.0008393744,0.82478863,-0.018858617,0.9808611,-0.08454078,-0.090094805,0.40764868,-0.2991291,0.15161683,-0.29174602,0.016163202,-0.29389647,-0.044852555,-0.023696197,-0.013297124,-0.08043666,-0.10277692,0.00063815224
-0.09174987,-0.11731249,0.078714155,-0.15310808,-0.015912697,-0.20250109,-0.036015306,-0.24751253,-0.49645606,-0.013203498,0.1514286,-0.36967877,0.5607915,-0.7954495,-0.19208485,0.16190174,-0.35180643,-0.0063610906,0.04589282,-0.20815438,-0.6390591,0.03614609,-0.0018962995,-0.025972553,0.013162229,-0.22734252,-0.017925467,-0.0976989,0.0008393744,0.785127,-0.03624647,0.845491,0.02221959,-0.11430547,0.36826548,-0.3181964,-0.16059344,-0.31916976,0.009596646,-0.2751477,-0.01664784,-0.028793808,0.002710782,-0.08433551,-0.09577416,0.00063815224
0.060440887,-0.09664483,0.08021166,0.09815888,-0.047138836,-0.17778584,0.018580358,0.102549165,-0.22829409,-0.03911063,0.24283022,-0.45032114,1.0989196,0.6639778,-0.061901443,0.13681367,0.05822348,-0.053553864,0.041703273,-0.16728145,-1.1866182,0.05263704,-0.005197828,-0.01532387,0.061417248,-0.27713954,-0.044329427,-0.018294567,0.0012115805,0.41865897,0.0021969285,-2.9791756,0.03592823,-0.1279581,0.20173903,0.008847289,-0.39230385,-0.32040682,-0.039827354,0.22108981,-0.06496924,-0.0109219225,0.010346876,-0.094489284,0.015113354,0.008979287
0.055696968,-0.04876846,-0.13553531,0.06523642,-0.20088203,-0.07848603,0.009228049,0.084943496,-0.15798965,-0.011365972,-0.3179503,-0.49760416,-1.0134003,1.0196477,-0.0149626285,-0.18154477,0.03591633,0.046386015,0.0909064,0.02746433,-0.90689045,0.02544175,-0.00083085545,0.02439731,0.04340049,-0.18449675,-0.044329427,0.009581554,0.0012115805,0.48533916,0.0018572239,-2.845482,0.021430384,-0.13211869,0.19034125,-0.08726241,-0.39292285,-0.23043671,0.009596646,-0.17129134,-0.06917809,0.00835472,-0.0082196575,0.089063294,0.011975133,-0.005031134
0.054038167,-0.04876846,-0.22794074,0.14340389,-0.24667898,-0.10325314,-0.1421976,0.118012406,-0.15379085,0.015680436,-0.3694463,-0.42112985,-0.9641722,-0.4528992,-0.031537663,-0.23517437,0.052091327,0.046386015,-0.13229276,0.04262781,0.08911025,0.06491586,-0.00083085545,0.010128665,0.040301245,-0.24129166,0.20283324,0.060835607,-0.0016639752,0.64240736,0.017628953,-3.0052323,0.06751802,-0.12216012,0.28228468,-0.098851874,-0.41641375,-0.10303441,-0.142013,0.16214074,-0.068176776,-0.019657787,-0.02099342,-0.006668959,0.008865997,0.00016280764
0.053159937,-0.011069604,-0.4104282,0.15868965,-0.22237703,0.15109292,-0.00872756,0.02432785,0.3985792,-0.0121570565,-0.3823797,-0.35141233,-1.486369,-0.3327773,-0.04084571,-0.032404426,0.07467379,0.011556773,-0.21971199,0.057667997,-0.043198004,0.036628593,-0.012221102,0.0033771768,0.01143063,-0.22315525,0.0261113,0.039162587,-0.0028612115,-2.333892,0.017367449,0.87845296,0.050649013,0.16084255,-1.3241725,0.014149514,-0.32016233,0.060885202,0.005388244,-0.10601256,-0.042648047,0.016365923,-0.0120257065,0.010449,-0.015938414,0.002635268
0.051989377,-0.011069604,-0.36688608,0.17201686,-0.22282174,0.16004996,-0.0051629827,0.029911872,0.3870584,-0.01859958,-0.3983354,-0.3539703,-1.4754157,-0.38675725,-0.020496974,-0.26188698,0.07467379,0.011556773,-0.23783149,0.057667997,-0.03192798,0.038192846,-0.008465262,0.0033771768,-0.020338852,-0.21550967,0.0261113,0.037857596,-0.0028612115,-2.271764,0.029137375,0.8913657,0.050649013,-0.07695159,-1.287056,0.014149514,-0.36643973,-0.017881945,0.011954801,-0.116479225,-0.0017617379,-0.019246042,0.07654117,-0.005818521,0.012151181,-0.0005502546
0.051989377,-0.011069604,-0.39378706,0.17164686,-0.22306411,0.15834606,-0.14626873,0.026654735,0.38801512,-0.01859958,-0.4038533,-0.3623095,-1.2213628,-0.39843675,-0.020496974,-0.22943237,0.07467379,0.011556773,-0.20656389,0.053010378,-0.21015988,0.03488586,-0.008465262,0.0033771768,-0.020338852,-0.13880448,0.0261113,0.037857596,-0.0028612115,-2.1705792,-0.049520813,0.8793922,0.050649013,-0.07701516,-1.2909102,0.0038513085,-0.36643973,-0.022167468,0.005388244,-0.12644808,-0.03916259,0.01524719,-0.0120257065,-0.005818521,-0.015938414,0.00022272847
0.053142276,-0.011069604,-0.46514547,-0.058034725,-0.22306411,0.16029899,-0.14626873,0.026654735,0.3870584,0.015623584,-0.44445395,-0.39967588,-1.1032033,-0.42985323,-0.021781916,-0.19422027,0.07579447,0.011556773,-0.2322006,0.07596767,-0.21587233,0.03355443,-0.0194418,0.0033771768,-0.020338852,-0.14683722,0.025731243,0.037857596,-0.0028612115,-2.1949978,-0.059098974,0.7717618,0.050649013,-0.095824644,-1.2936397,-0.006007993,-0.32647404,0.015018067,0.005388244,-0.10344111,0.11566874,-0.003723673,0.07626063,-0.007455007,0.010995891,-0.0005502546
0.05237725,-0.011069604,-0.477792,-0.098094195,-0.23391356,0.15883926,-0.5208431,0.031107064,0.38572612,0.034361433,-0.20328215,-0.38353926,-1.0824792,-0.36947626,-0.021781916,-0.18775216,0.07579447,0.011556773,-0.2322006,-0.1922673,-0.21484001,0.060436297,-0.0194418,0.0033771768,-0.020338852,-0.22786836,0.025731243,0.037857596,-0.0028612115,-2.147766,-0.04728292,0.70268023,0.061219066,-0.15115808,-0.9237947,0.0012684218,-0.32097927,0.015018067,0.005388244,-0.10333886,0.1167909,-0.009651812,0.07593193,-0.011353863,0.010995891,-0.0005502546
0.05203065,-0.011069604,-0.16726863,-0.06609041,-0.23260099,0.23963,-0.529841,0.005685736,0.36714888,0.034361433,0.21910806,-0.4064626,-1.2421272,0.49410966,-0.014424379,-0.2018092,0.04226326,0.011556773,-0.2322006,-0.20456326,-0.33188173,0.07457191,-0.0194418,0.0033771768,-0.0232335,-0.27852112,-0.010497102,0.031949412,-0.012406396,-2.1086206,-0.015383607,0.6900158,0.075291105,-0.2810507,-0.92085433,0.019273918,-0.32097927,0.015018067,0.005388244,-0.13538352,-0.02769484,0.005096649,0.024640629,-0.011353863,0.012350521,0.00016133254
0.05203065,-0.011069604,-0.540835,-0.14010464,-0.23391356,0.23846896,-0.51682216,0.032807324,0.38312015,-0.05222078,0.20727848,-0.37878555,-1.0902692,-0.404182,-0.021954047,-0.2018092,0.07579447,0.011556773,-0.17785117,-0.20378584,-0.21316005,0.064079344,-0.0194418,0.0033771768,-0.020338852,-0.28042918,-0.010497102,0.037857596,-0.0028612115,-2.1416779,0.0018699656,0.75781894,0.086313084,-0.14054386,-0.94240296,0.009824814,-0.32097927,-0.011221071,0.005388244,-0.13790102,-0.031056331,-0.008533077,-0.017722609,-0.007455007,0.012350521,-0.0014861496
0.05412842,-0.011069604,-0.487672,-0.15112303,-0.23391356,0.23995118,-0.51682216,0.032807324,0.31493086,-0.05222078,0.21588674,-0.36919695,-1.0207335,-0.3547367,-0.021954047,-0.033790804,0.07579447,0.011556773,-0.17785117,-0.20378584,-0.19493616,0.064079344,-0.0194418,0.0033771768,-0.020338852,-0.3094775,-0.010497102,0.037857596,-0.0028612115,-2.2217026,0.004472241,0.7040809,0.086313084,-0.13970202,-0.947302,0.009824814,-0.3328565,-0.12877953,0.0075118616,0.12914589,0.11780458,-0.0031784005,0.07593193,-0.007455007,0.012350521,-0.0005502546
0.05203065,-0.011069604,-0.477792,-0.13797928,-0.23391356,0.23121582,-0.51682216,0.032807324,0.38312015,-0.05222078,0.20727848,-0.37878555,-1.0495511,-0.37250856,-0.021954047,-0.17899542,0.07579447,0.011556773,-0.17785117,-0.20378584,-0.18829197,0.064079344,-0.0194418,0.0033771768,-0.020338852,-0.28042918,-0.010497102,0.037857596,-0.0028612115,-2.1416779,0.0018699656,0.75947636,0.086313084,-0.14089571,-0.9496562,0.009824814,-0.32097927,-0.09985535,0.005388244,-0.13790102,-0.031056331,-0.008533077,0.07593193,0.010405556,0.012350521,-0.0005502546
0.05203065,-0.011069604,-0.49729285,-0.14010464,-0.23391356,0.23793937,-0.51682216,0.032807324,0.38312015,-0.05222078,0.20737796,-0.37631482,-1.0902692,-0.38544208,-0.021954047,-0.17899542,0.07579447,0.011556773,-0.17785117,-0.20378584,-0.18103883,0.07372083,-0.0194418,0.0033771768,-0.020338852,-0.300054,-0.010863694,0.037857596,-0.0028612115,-2.1626616,0.0036337033,0.7617531,0.086313084,-0.14054386,-0.9384841,0.009824814,-0.32097927,-0.09985535,0.011954801,-0.10888077,-0.044749025,-0.018539544,0.07593193,-0.007455007,0.012350521,-0.0005502546
0.000100348145,-0.026947087,0.058575485,-0.086864464,0.024572011,-0.39299294,-0.0038883076,-0.2840771,-0.16190965,-0.33661267,-0.29758978,-0.33000478,-0.9487512,-0.4406228,-0.16212094,-0.0033242912,0.12756234,-0.013067709,0.09716515,0.044134114,-0.51370597,-0.17232837,-0.0021973522,-0.01532387,0.040301245,-0.54235995,-0.057559013,-0.0063580526,0.00034671673,0.46809086,-0.14758156,-2.582997,-0.096146785,-0.09877831,0.14986382,-0.004230988,0.115405634,0.12552898,0.016163202,-0.16811384,-0.07390845,0.010821758,-0.022273779,-0.094489284,0.011455684,-0.013969531
0.0037783098,-0.026947087,0.06048784,-0.065401144,-0.001980109,-0.49964222,0.043337084,-0.32866102,-0.15099436,0.043557703,0.11788819,-0.29528037,-0.69264257,-0.43565843,-0.30463493,0.42010155,0.12756234,-0.013067709,0.06427132,0.044134114,-0.002718444,-0.25831592,0.0025582374,-0.009984933,0.040301245,-0.5442024,-0.013067847,-0.034555197,0.00034671673,0.53986055,-0.16693246,-3.5876133,-0.15035956,-0.08178326,0.16159967,-0.0066755093,0.11629502,-0.2183646,-0.039827354,0.19277225,-0.06572212,-0.019924015,-0.013535667,-0.064897954,0.011455684,-0.013969531
0.005316753,-0.026947087,0.06048784,-0.098617114,-0.022391751,-0.57088566,0.038396843,-0.2602856,-0.15772615,0.0012518852,0.13826719,-0.29949674,-0.895692,-0.44212404,-0.16279235,-0.19678384,0.13425876,-0.0032577661,0.12301514,0.044134114,-1.1355467,-0.2590394,0.001608377,-0.01532387,0.040301245,0.099069305,-0.05251994,-0.044321336,0.00034671673,0.5596901,-0.16582862,-2.3137093,-0.1451704,0.11290543,0.19407812,0.01898938,0.11765734,0.11652918,0.011720263,0.19509524,-0.035387978,-0.019924015,0.013435889,0.0969673,-0.017757822,0.004607524
-0.0023548163,-0.026947087,0.06048784,-0.047179062,0.04786767,-0.395676,-0.006960366,-0.23489967,-0.15291606,0.00020313589,-0.11709048,-0.3044423,-0.9683617,-0.26912653,-0.16212094,-0.18202709,0.12756234,-0.013067709,0.08758378,0.047294576,-0.86469173,-0.27188697,0.001608377,-0.01532387,0.04340049,0.1665004,-0.05251994,-0.0063580526,0.00034671673,0.5399308,-0.16693246,-3.1103575,-0.14592235,0.09979418,0.17238371,-0.0027991321,0.120518535,-0.21182479,0.01404325,0.17748903,-0.03390917,-0.019924015,-0.016779585,0.0969673,0.011455684,-0.0006575447
-0.0032298097,-0.026947087,0.21463472,-0.12109853,0.05239705,-0.4042159,0.004711693,-0.13079587,-0.15461664,-0.003602623,-0.31172073,-0.331372,-0.9019933,-0.37501514,0.173572,-0.18928958,0.12756234,-0.013067709,0.08758378,0.047294576,-0.34414217,-0.21865046,0.001608377,-0.01532387,0.040301245,0.17196776,-0.057559013,-0.0063580526,0.00034671673,0.551033,-0.14758156,-3.1519852,-0.101335935,0.103696816,0.18664998,0.00088508124,0.12057211,-0.21182479,0.016163202,-0.17356043,-0.07085343,0.010821758,-0.013535667,0.0969673,0.011455684,0.0033118273
0.001518352,-0.09549112,0.23535095,-0.1961544,0.038176797,-0.19084743,-0.032999735,0.1246142,-0.20989309,0.0063292356,-0.34013182,-0.39979455,1.0593178,-0.56758016,0.0925585,-0.10768295,0.12756234,-0.053553864,0.042228837,0.042264752,-0.015526652,-0.13063423,0.0009367422,-0.009984933,0.0445109,0.18915285,-0.008028774,-0.025370954,0.00034671673,0.4600299,-0.17280386,-3.8462675,-0.101335935,0.047838993,0.2338303,0.008286773,0.14004318,-0.14256486,0.009596646,-0.16794927,0.09968336,0.0046388004,0.013435889,-0.07699336,-0.025258744,-0.0034380201
0.121622235,-0.021046415,0.33522606,0.17015773,0.05085963,-0.029779688,0.02658773,0.17649116,0.34555134,0.046848066,-0.078621306,-0.18142138,0.7481344,-0.094203085,0.101974435,-0.105295844,0.2446368,-0.0063610906,0.09146527,0.0976816,0.3663214,-0.09389122,-0.013428047,0.02926062,0.03478776,0.2610826,0.028343828,0.02632424,0.0008393744,0.8318373,0.074284405,1.0385442,-0.0769502,-0.034477316,0.4494266,0.049222536,0.2214704,0.20656033,0.04381008,0.22343609,0.008572379,0.021165596,0.040440395,-0.02717582,0.033451125,-0.0012064283
0.13062443,-0.021046415,0.3794214,0.12916937,0.053796776,0.49537772,0.052144773,0.16328977,-0.14222288,0.07182133,0.24770756,0.33977905,0.48976755,-0.13800913,0.10270946,-0.116603956,0.2531489,-0.0063610906,0.084732585,-0.00035491865,0.12228527,0.1063207,-0.003945431,0.0062309634,-0.038594738,0.1850053,-0.017925467,0.034667887,0.0008393744,0.8948842,0.032415334,1.3934358,0.08564151,-0.06531865,0.5016151,0.07183819,-0.09108332,0.1934202,0.006066269,0.2909021,0.09508612,0.019633695,0.019500151,-0.03049547,0.042915314,-0.0021423232
0.06293189,-0.021046415,0.12666433,-0.156679,0.008048402,0.38974354,0.056427896,0.14268126,0.4361533,0.07325701,0.20003062,0.58663803,1.3815222,0.5910391,-0.03853224,-0.09188181,0.08893113,-0.0063610906,0.064036086,0.056448843,0.072019555,0.14577042,0.011122318,0.0062309634,-0.038594738,-0.020089693,-0.015235659,0.013166459,0.003639581,0.84984744,0.006766308,1.3488921,0.13022023,-0.03975395,0.51143223,0.07902341,-0.21806793,-0.12916106,0.003942651,-0.18479423,-0.022833986,0.009874903,0.014786912,0.031334013,0.042647094,-0.0028156922
0.057190217,-0.012190129,-0.36401343,-0.18717733,-0.012992699,0.37311563,-0.021102775,0.053722974,0.18152215,0.03585559,0.18231237,-0.06986187,-1.2608662,-0.3374554,-0.025859255,-0.23030996,0.04924481,0.046386015,-0.11936166,0.04383228,-0.9326641,0.116421044,0.0011970934,0.02439731,-0.111528054,-0.31162727,-0.040806923,0.03639943,0.00048814924,0.6154231,0.018753229,-3.1154182,0.08212987,-0.13090979,0.3614719,0.03517698,-0.37453565,-0.13324241,0.003942651,-0.16967599,-0.085460186,-0.028793808,-0.02099342,-0.00998861,0.008346548,-0.0034380201
0.053274106,-0.011069604,-0.3469746,0.0939436,-0.12613331,0.16431734,-0.14182259,0.04698153,0.14346203,0.004824976,-0.421722,-0.3828936,-1.0495064,-0.47798124,-0.024732377,-0.16307002,0.0503655,0.046386015,-0.13117218,0.06678955,-0.49144587,0.05812308,-0.0070298696,0.007592776,-0.05999608,-0.27303663,-0.015570792,0.042897608,-0.0016639752,-1.2920702,0.028928293,-1.9489523,0.06751802,-0.07673156,-0.6384312,0.011806695,-0.37831703,-0.12947021,0.003988809,0.16607758,0.14883114,0.0027497364,-0.015326217,0.0017023981,0.008346548,0.0008189813
0.05331553,-0.011069604,-0.30892012,-0.029493522,-0.18007764,0.1283697,-0.17262937,0.02474884,0.16159777,0.0051569897,-0.53797746,-0.31575322,-1.3445507,-0.3966441,-0.049065463,-0.14212587,0.0503655,0.046386015,-0.118241064,0.08417083,0.020802056,0.049491514,-0.005829793,0.005636961,-0.05999608,0.14629653,0.05800686,0.04754198,-0.0016639752,-1.39529,0.060099185,-1.9696852,0.078700595,-0.08882131,-0.86466134,0.0146242585,-0.32097927,-0.1039549,0.005388244,-0.16980217,-0.042517427,0.0017701965,0.07804778,0.00798729,0.007904581,0.0008189813
0.053142276,-0.011069604,-0.48972845,0.06946988,-0.23391356,0.17144714,-0.51842284,0.031071175,0.38930932,0.015112689,-0.56160164,-0.31996846,-1.2250407,-0.3904176,-0.044111997,-0.19053382,0.07579447,0.011556773,-0.2322006,-0.25385466,-0.21669386,0.049810074,-0.015436933,0.0033771768,-0.020338852,0.1394962,0.027302165,0.039162587,-0.0028612115,-2.1649778,0.031358793,0.7980849,0.061831594,-0.13193318,-0.9243851,0.023903204,-0.14799505,-0.02102516,0.011954801,-0.15367757,-0.042648047,0.012163055,0.07593193,-0.005818521,0.012351857,-0.0005502546
0.053142276,-0.011069604,-0.5404373,-0.12776197,-0.23391356,0.15830968,-0.51842284,0.031071175,0.37931642,0.015112689,-0.45872134,-0.38708344,-1.3120483,-0.4032548,-0.021282624,-0.20827731,0.07579447,0.011556773,-0.2322006,-0.20378584,-0.048875526,0.037116885,-0.0194418,0.0033771768,-0.020338852,-0.18467097,0.027302165,0.037857596,-0.0028612115,-2.1459882,0.0018699656,0.72711563,0.050649013,-0.1433765,-0.9187518,0.023903204,-0.28068784,0.015018067,0.005388244,-0.13270816,-0.042648047,-0.0026049404,-0.028671825,-0.007455007,0.013706487,-0.0014861496
0.053142276,-0.011069604,-0.5404373,-0.10021953,-0.23391356,0.15830968,-0.5252956,0.031071175,0.38072905,0.015112689,-0.46469992,-0.3846127,-1.2180077,-0.41462827,-0.021282624,-0.20827731,0.07579447,0.011556773,-0.2322006,-0.20378584,-0.21669386,0.03686141,-0.0194418,0.0033771768,-0.020338852,-0.20658305,0.027302165,0.037857596,-0.0028612115,-2.1527398,0.010041363,0.79641926,0.050649013,-0.1433765,-0.92181325,0.023903204,-0.32097927,0.015018067,0.011954801,-0.09360684,-0.02430012,-0.019246042,-0.019125462,-0.007455007,0.013706487,-0.0005502546
0.05237725,-0.011069604,-0.5404373,-0.11190935,-0.23391356,0.15588696,-0.5252956,0.032771435,0.37712404,0.034361433,-0.21494578,-0.3744721,-1.1049792,-0.406791,-0.021282624,-0.2018092,0.07579447,0.011556773,-0.2140811,-0.20378584,-0.20847808,0.070077784,-0.0194418,0.0033771768,-0.020338852,-0.27115834,0.0018067812,0.037857596,-0.0028612115,-2.1585796,-0.0027065184,0.734659,0.061219066,-0.14275485,-0.9384841,0.03117962,-0.32097927,0.044548046,0.011954801,-0.11637697,-0.0038627165,-0.018539544,-0.011384934,-0.011353863,-0.025276342,0.002635268
0.05203065,-0.011069604,-0.55747616,-0.13865153,-0.23391356,0.23868953,-0.5252956,0.036064457,0.30364442,0.034361433,0.23260501,-0.36367834,-1.0885715,-0.3883472,-0.021954047,-0.18775216,0.07579447,0.011556773,-0.2140811,-0.20378584,-0.22294359,0.07064445,-0.0194418,0.0033771768,-0.020338852,-0.30842394,-0.010497102,0.037857596,-0.0028612115,-2.185974,0.00073429407,0.6964209,0.06514686,-0.14030074,-0.94240296,0.03973601,-0.3328565,0.06887794,0.0075118616,0.13595888,0.11780458,0.013849091,-0.011384934,-0.007455007,-0.025276342,0.00022272847
0.05203065,-0.011069604,-0.513934,-0.13687499,-0.23391356,0.2318473,-0.5252956,0.036064457,0.38072905,0.015985612,0.21726193,-0.37362638,-1.1142168,-0.383015,-0.021954047,-0.2018092,0.07579447,0.011556773,-0.2322006,-0.20378584,-0.2204132,0.07266463,-0.0194418,0.0033771768,-0.020338852,-0.29814598,-0.010863694,0.037857596,-0.0028612115,-2.1826966,0.0036337033,0.7655743,0.06514686,-0.14089571,-0.9457373,0.03973601,-0.32097927,0.040367927,0.011954801,-0.10888077,-0.044749025,-0.018539544,0.07593193,0.010405556,0.013706487,-0.0014861496
0.05412842,-0.011069604,-0.55747616,-0.14864887,-0.23346885,0.15472591,-0.5197922,0.036064457,0.3781806,-0.05222078,-0.21924484,-0.37227947,-1.2069222,-0.2942914,-0.021282624,-0.10600768,0.07579447,0.011556773,-0.17785117,-0.20378584,-0.18047065,0.07372083,-0.0194418,0.0033771768,-0.0232335,-0.31033197,-0.010863694,0.037857596,-0.0028612115,-2.2331169,0.004472241,0.7401987,0.082385294,-0.13936177,-0.942961,0.03117962,-0.32097927,-0.12877953,0.011954801,-0.097936355,-0.044749025,-0.006830226,-0.011384934,-0.011353863,0.013706487,0.00022272847
0.05203065,-0.011069604,-0.55747616,-0.13797928,-0.23391356,0.15863085,-0.51682216,0.036064457,0.3072495,-0.05222078,-0.23408198,-0.37040213,-1.1513157,-0.40292072,-0.021282624,-0.17899542,0.07579447,0.011556773,-0.17785117,-0.20378584,-0.19550434,0.07372083,-0.0194418,0.0033771768,-0.020338852,-0.300054,-0.010863694,0.037857596,-0.0028612115,-2.1826966,0.0036337033,0.7088405,0.082385294,-0.14065258,-0.9384841,0.03117962,-0.3328565,-0.09985535,0.009834848,0.112951234,-0.044749025,-0.022915857,-0.028671825,-0.011353863,0.013706487,-0.0014861496
0.05203065,-0.011069604,-0.55747616,-0.13763048,-0.23346885,0.23027532,-0.5197922,0.036064457,0.3072495,-0.05222078,0.22009867,-0.36757195,-1.243195,-0.33757025,-0.021954047,-0.2028777,0.07579447,0.011556773,-0.16492008,-0.20378584,-0.23446284,0.067379504,-0.0194418,0.0033771768,-0.020338852,-0.3021147,-0.010497102,0.037857596,-0.0028612115,-2.1871803,0.0036337033,0.7210399,0.086313084,-0.14065258,-0.9541331,0.03973601,-0.3328565,-0.011221071,0.009834848,0.12823445,-0.03202257,-0.022915857,-0.011384934,0.010405556,0.013706487,0.002635268
0.02872646,-0.008479441,0.15668167,-0.11422605,-0.005979838,-0.4570869,0.029634759,-0.29806218,-0.1200514,-0.33200902,0.10419711,-0.26657596,-0.7271922,-0.4255799,-0.16279235,-0.021471435,0.12756234,-0.013067709,0.13752516,0.044134114,-0.7076,-0.23589067,-0.0021973522,-0.01532387,0.040301245,-0.33416316,-0.057559013,-0.044321336,0.00034671673,0.42599374,-0.14668573,-2.6103106,-0.15035956,-0.07033409,-0.030225378,-0.011689594,0.116348594,-0.21885598,0.016163202,-0.18390913,0.02999958,-0.003481248,-0.011957606,-0.064897954,-0.017757822,-0.010368705
0.041487858,-0.008479441,0.22051685,-0.28030157,-0.017953357,-0.4492174,0.060315624,-0.14058328,-0.1133402,-0.37370807,0.21343784,0.32630086,-0.73710775,-0.20367542,0.04977494,0.37022132,0.12968367,-0.013067709,0.08159469,0.039284837,-0.75403917,-0.25248775,0.0063639665,-0.01532387,-0.082234144,-0.37590644,-0.057559013,-0.044321336,0.00034671673,0.43096352,-0.04891703,-2.5988245,-0.16642262,0.08191511,-0.09796485,-0.011689594,0.06891842,-0.21333933,0.016163202,-0.16413112,-0.06607453,-0.013388722,-0.01771534,-0.07699336,-0.017757822,-0.010368705
0.02662869,-0.012668145,0.15668167,-0.15196037,-0.00055214576,-0.44162378,0.031367086,-0.24817485,-0.120859504,-0.37774,0.11123403,0.010872086,-0.051354997,-0.53225774,-0.15259969,-0.0356891,0.12756234,-0.053553864,0.0766566,0.06275796,-0.86000997,-0.25248775,0.0009367422,-0.01532387,-0.08112374,-0.28886837,-0.057559013,-0.0621129,0.00034671673,0.037302133,0.063843034,-2.591216,-0.15035956,0.09527602,-0.2997312,0.01430982,0.09204822,-0.28285047,0.016163202,-0.21887664,-0.06057556,0.01581092,0.013435889,-0.086585276,-0.025258744,0.0062879883
0.121131375,-0.012668145,0.2167811,-0.22050709,0.023825942,-0.37887385,0.032788776,-0.12659821,-0.12567884,-0.37774,-0.14344174,0.24089749,0.0490284,-0.34029153,0.19318059,-0.067233,0.12968367,-0.053553864,0.04119443,0.043628145,-0.74625075,-0.25248775,0.0009367422,-0.01532387,-0.08112374,-0.40182272,-0.05371409,-0.06654217,0.00034671673,0.11097626,0.02814617,-2.438175,-0.16198541,0.16277152,-0.32423317,0.0057534277,0.06891842,-0.21172744,-0.037707403,-0.1751626,-0.021965861,-0.015271142,-0.006751689,-0.07699336,-0.032261506,-0.013969531
0.12569326,-0.012668145,0.2167811,-0.15041162,0.022829207,-0.23994237,0.046042897,-0.1571006,-0.1173971,0.0073818862,-0.33512613,-0.056723673,-0.01740475,-0.4084391,0.18015942,0.17313229,0.12756234,-0.053553864,-0.005888976,0.06275796,0.0012171338,-0.12550522,0.0024735024,-0.009984933,-0.08112374,-0.46108967,-0.05371409,-0.06654217,0.00034671673,0.15580004,0.07082151,-3.6682713,-0.101335935,0.1921671,-0.23862267,0.0066513172,0.0947128,-0.24862552,-0.039827354,0.20938589,-0.050197873,-0.028659267,-0.0025720163,-0.07699336,-0.028788906,0.034867045
0.11280453,-0.021046415,0.32728097,0.028371304,0.04064975,-0.072934285,0.1520096,-0.17763887,-0.06237214,0.01418725,0.14880554,0.20062748,1.8491482,-0.12773961,0.1946261,-0.028457504,0.23494671,-0.0063610906,0.022329442,0.065918416,0.077716686,-0.1066127,0.0009367422,-0.0035645578,0.076243274,0.26106516,0.01924523,0.27800804,0.00034671673,0.669016,0.07432932,-0.7616396,-0.12422102,0.36468923,0.4801564,0.060130924,0.14889452,0.19609028,0.011720263,0.24745694,0.118313804,0.021165596,0.0006146445,0.0969673,-0.021786146,0.004607524
0.11491628,-0.021046415,-0.13532007,0.13560209,0.07121583,0.15997806,0.09998518,-0.13604444,-0.07583754,0.076720804,0.23231255,0.011805752,1.8407475,1.0468825,-0.032477453,-0.10840871,0.051222235,-0.0063610906,0.016851993,0.08995406,-0.34922862,0.10667756,0.0013783184,-0.008903494,0.076243274,0.27574345,-0.01780041,0.2572141,0.003639581,0.57395697,0.063468724,0.089310795,0.09975464,0.42758203,0.40360376,0.08262525,0.14882728,0.18717948,0.009596646,-0.23645024,0.00971708,0.015433075,-0.0050233793,0.0969673,0.0105347475,-0.0028156922
0.12554252,-0.021046415,-0.10092506,0.32469478,0.06254572,0.40794358,0.1391755,-0.07533279,-0.051197037,0.051725242,0.41512048,0.77104306,1.6976867,0.87806445,-0.032477453,-0.079977766,0.042481165,0.19023332,-0.075190574,0.06756571,-0.534283,0.13264559,0.0013783184,-0.008903494,0.076243274,-0.008171456,-0.021282159,0.25614944,0.0012115805,0.55213964,0.020129558,-1.8677117,0.10202144,0.42317888,0.42450356,0.041174673,-0.030548912,-0.19424862,0.006066269,0.21755818,0.01998159,0.015229579,0.01093719,-0.031675942,0.0105347475,0.008979287
0.07158406,-0.01992589,-0.108091794,-0.18623687,-0.03182709,0.24578656,-0.08349389,-0.051369615,-0.071382225,-0.03485697,0.27509564,0.5938855,0.2519846,0.73629427,-0.03970135,0.002344134,0.034969687,0.19023332,-0.09359373,0.03662887,-1.0264368,0.077034384,0.0009367422,-0.005600475,-0.17239828,-0.11138751,-0.024609506,0.09817639,0.0012115805,-0.464877,0.010991099,-2.7335365,0.10202144,0.117268994,0.3145748,0.00088399975,-0.20509946,-0.2209357,0.003942651,-0.16690768,-0.07472587,0.003913612,-0.012931265,0.030153543,0.0105347475,-0.011124807
0.054743744,-0.011069604,-0.36950108,-0.102764815,0.036128677,0.32794604,-0.031744357,0.09291875,0.13552688,-0.050594885,0.16871834,-0.35578254,-1.1460364,-0.4985415,-0.030539442,-0.20158504,0.052091327,0.046386015,-0.11936166,0.047521405,-0.76842755,0.07245089,0.0050028223,-0.005600475,-0.06546363,-0.3348515,-0.024609506,0.072018266,0.00048814924,-1.337057,0.018753229,-2.431292,0.08212987,0.10056381,0.19809948,0.023611858,-0.30854872,-0.13659538,0.003942651,-0.1514764,-0.08751355,0.0104377875,-0.020148197,-0.031675942,0.008346548,-0.0027818463
0.055948865,-0.011069604,-0.35246226,0.0052682287,-0.14704765,-0.100515686,-0.14290507,0.095526926,-0.077417985,-0.0050174664,-0.3455217,-0.4015194,-1.139092,-0.533421,-0.027571324,-0.18012984,0.053212017,0.046386015,-0.12668055,0.058518577,-0.32814872,0.060718734,-0.00089072774,0.006997437,-0.06546363,-0.25313526,-0.025290191,0.037163418,0.00048814924,-1.2349806,0.02856069,-2.2135677,0.06763203,0.07462996,0.22446698,0.0146242585,-0.32999697,-0.13192035,0.009596646,-0.1520182,-0.067988485,0.016365923,-0.015326217,-0.07699336,-0.014285225,0.0008189813
0.05331553,-0.011069604,-0.35246226,0.12152638,-0.16967289,0.13348225,-0.3809848,0.02474884,-0.07932043,0.009698896,-0.5202246,-0.31575322,-1.0897294,-0.49541405,-0.028835095,-0.17446403,0.0503655,0.046386015,-0.12668055,0.089064434,-0.11116952,0.053861406,-0.0018745868,0.005636961,-0.05999608,0.14854297,0.06332185,0.04754198,-0.0016639752,-1.4558735,0.06233386,-1.5219619,0.078700595,-0.083847314,-0.72807604,0.0146242585,-0.36643973,-0.10112557,0.005388244,-0.19113885,-0.05948131,0.0017701965,-0.015326217,0.008083706,-0.012762787,0.0008189813
0.053142276,-0.011069604,-0.5404373,-0.08557718,-0.22306411,0.15830968,-0.5022681,0.031071175,-0.27682534,0.015112689,-0.44271123,-0.38124415,-1.1405551,-0.42518446,-0.027988475,-0.20827731,0.07579447,0.011556773,-0.2140811,0.079420805,-0.21304236,0.037116885,-0.009959185,0.0033771768,-0.020338852,-0.22837502,0.027302165,0.039162587,-0.0028612115,-2.1459882,0.021745306,0.6024603,0.050649013,-0.1547779,-0.92058,0.023903204,-0.28068784,0.015018067,0.005388244,-0.19678147,-0.042648047,-0.0026049404,-0.019125462,-0.007455007,-0.02055685,-0.0005502546
0.053142276,-0.011069604,-0.5404373,-0.10021953,-0.22306411,0.16032147,-0.51739836,0.031071175,0.2746406,0.015112689,-0.46882558,-0.37749484,-1.1299424,-0.40679023,-0.02543623,-0.19422027,0.07579447,0.011556773,-0.2322006,-0.20378584,-0.23218985,0.03511868,-0.0194418,0.0033771768,-0.020338852,-0.21600658,0.025731243,0.037857596,-0.0028612115,-2.1649778,0.013273429,0.6514677,0.050649013,-0.13213044,-0.9237947,0.023903204,-0.3328565,0.015018067,0.0075118616,0.11386268,0.11566874,0.013142595,-0.019125462,-0.007455007,0.012351857,-0.0005502546
0.053142276,-0.011069604,-0.49689516,-0.098094195,-0.22306411,0.15306835,-0.5252956,0.031071175,0.3072495,-0.019110475,-0.42897287,-0.37870002,-1.1681231,-0.38359326,-0.021282624,-0.20827731,0.07579447,0.011556773,-0.2322006,-0.20378584,-0.23944299,0.029489148,-0.0194418,0.0033771768,-0.020338852,-0.20658305,0.025731243,0.037857596,-0.0028612115,-2.1649778,0.0036337033,0.6867442,0.050649013,-0.14442044,-0.93142956,0.023903204,-0.3328565,0.015018067,0.0075118616,0.11527422,-0.033192165,-0.023622354,0.07593193,0.010405556,0.013706487,-0.0014861496
0.053142276,-0.011069604,-0.5404373,-0.098094195,-0.22306411,0.15105653,-0.5252956,0.031071175,0.38072905,-0.019110475,-0.40883708,-0.38708344,-1.1495394,-0.4032548,-0.043612704,-0.18359205,0.07579447,0.011556773,-0.2322006,-0.20378584,-0.22497748,0.031231876,-0.01611865,0.0033771768,-0.020338852,-0.18695824,0.027302165,0.037857596,-0.0028612115,-2.1649778,0.0018699656,0.7253166,0.050649013,-0.14372835,-0.9294481,0.023903204,-0.32097927,0.015018067,0.005388244,-0.12262709,-0.042648047,0.0077879187,-0.019125462,0.010405556,0.013706487,-0.0014861496
0.053142276,-0.011069604,-0.5404373,-0.10021953,-0.23391356,0.16032147,-0.5252956,0.031071175,0.3072495,-0.019110475,-0.44498298,-0.37870002,-1.1230937,-0.3938661,-0.021282624,-0.19422027,0.07579447,0.011556773,-0.2322006,-0.20378584,-0.23218985,0.029489148,-0.0194418,0.0033771768,-0.020338852,-0.20658305,0.025731243,0.037857596,-0.0028612115,-2.1649778,0.0036337033,0.66344434,0.050649013,-0.14360099,-0.92417634,0.023903204,-0.3328565,0.015018067,0.0075118616,0.11527422,0.11566874,-0.023622354,-0.024619656,-0.007455007,0.013706487,-0.0014861496
0.053142276,-0.011069604,-0.5404373,-0.098094195,-0.23346885,0.15306835,-0.52826566,0.031071175,0.3072495,-0.019110475,-0.44498298,-0.37749484,-1.2176481,-0.29105294,-0.043612704,-0.16953501,0.07579447,0.011556773,-0.2322006,-0.20378584,-0.23902713,0.029489148,-0.01611865,0.0033771768,-0.0232335,-0.21686101,0.017843293,0.037857596,-0.0028612115,-2.1658323,0.004472241,0.6592549,0.050649013,-0.14434889,-0.9322713,0.023903204,-0.3328565,0.015018067,0.0075118616,0.12067568,0.11668242,-0.0021820469,-0.019125462,0.010405556,0.013706487,0.00022272847
0.053142276,-0.011069604,-0.5404373,-0.11225816,-0.23391356,0.15306835,-0.51739836,0.032771435,0.26680174,-0.019110475,-0.44498298,-0.37870002,-1.1285878,-0.40295678,-0.02543623,-0.19422027,0.07579447,0.011556773,-0.2322006,-0.20378584,-0.23776303,0.029489148,-0.0194418,0.0033771768,-0.020338852,-0.20658305,0.0021733742,0.037857596,-0.0028612115,-2.1571426,0.0036337033,0.66693974,0.050649013,-0.13197641,-0.9496562,0.023903204,-0.3328565,0.044548046,0.0075118616,0.11527422,0.11668242,-0.023622354,-0.017722609,0.010405556,0.013706487,-0.0014861496
0.053142276,-0.011069604,-0.5404373,-0.13607608,-0.23391356,0.15306835,-0.51739836,0.032771435,0.26680174,-0.019110475,-0.44498298,-0.37870002,-1.1663175,-0.4140096,-0.02543623,-0.20827731,0.07579447,0.011556773,-0.2322006,-0.20378584,-0.23776303,0.029489148,-0.0194418,0.0033771768,-0.020338852,-0.20864376,0.0021733742,0.037857596,-0.0028612115,-2.1678584,0.0036337033,0.69305986,0.050649013,-0.12918203,-0.9496562,0.023903204,-0.3328565,0.06887794,0.009834848,0.112951234,-0.032178495,-0.023622354,-0.019125462,0.010405556,0.013706487,0.002635268
0.052795675,-0.011069604,-0.5404373,-0.13687499,-0.23391356,0.15306835,-0.51739836,0.032771435,0.26680174,-0.019110475,-0.44498298,-0.37870002,-1.1567712,-0.4140096,-0.02543623,-0.20827731,0.07579447,0.011556773,-0.2322006,-0.20378584,-0.23776303,0.036397148,-0.0194418,0.0033771768,-0.020338852,-0.20864376,-0.010497102,0.037857596,-0.0028612115,-2.1609504,0.0036337033,0.69305986,0.050649013,-0.12918203,-0.9496562,0.023903204,-0.3328565,0.06887794,0.009834848,0.112951234,-0.032178495,-0.023622354,-0.028671825,0.010405556,0.013706487,0.002635268
-0.2105201,-0.03393681,0.06678255,-0.0813207,0.024378886,-0.3752548,0.0008578943,-0.15603581,-0.16598393,-0.37582666,-0.12552531,0.3888073,-0.56026256,0.5357844,0.051042777,0.11149761,0.057075415,-0.053553864,0.035593007,0.041659337,-0.86586034,-0.2514156,-0.005197828,-0.01532387,0.076243274,-0.39149433,-0.069762036,-0.027576158,0.00067203585,0.26654398,-0.05005197,-2.390821,-0.18083416,-0.08187046,-0.27445364,0.008925207,0.09050064,-0.23742616,0.009596646,-0.1764114,-0.060899425,0.0068443115,0.0043984847,-0.094489284,0.020799153,-0.022312492
-0.21123292,-0.03393681,0.046503786,-0.13980244,-0.00027747662,-0.4601603,0.042288497,-0.16796796,-0.1649479,-0.38736576,0.0962128,0.2883077,-0.47848356,0.4249769,0.065890014,0.13856216,0.057075415,-0.053553864,0.035593007,0.04600265,-0.054271284,-0.27709284,-0.0013322268,-0.009984933,0.076243274,-0.532225,-0.057559013,-0.071199685,0.00067203585,0.25840804,0.027426794,-2.8854795,-0.18527137,-0.072449,-0.3131257,0.0062499563,0.09050064,-0.23693478,0.016163202,-0.20103322,-0.07295724,0.007861331,0.0043984847,-0.094489284,0.020799153,-0.022312492
-0.1958093,-0.03393681,0.2330473,-0.21243696,-0.0018559415,-0.5912926,0.029952716,-0.3070726,-0.18903661,-0.38586527,0.12488862,0.24344666,-0.34660524,-0.20016013,-0.16203518,-0.07091736,0.23660189,-0.0063610906,0.04405169,0.043628145,-1.2116662,-0.17997299,-0.0024274103,-0.01532387,0.076243274,-0.35184905,-0.05251994,-0.051980272,0.0005046589,0.30691287,0.025862008,-1.1329389,-0.1721196,-0.10465865,-0.32886025,0.018778097,0.09139002,-0.124186784,0.011720263,0.21753359,0.090979636,0.016613774,-0.006751689,-0.064897954,-0.032261506,-0.012673835
-0.28514126,-0.035090525,0.16128296,-0.122229636,0.022443958,-0.030581541,0.03749633,-0.15915349,-0.16540189,-0.3909448,-0.12709253,-0.22158223,-0.26101065,-0.41844928,0.19959545,-0.0586189,0.13165125,-0.053553864,0.042149507,0.044134114,-0.67965627,-0.18973127,0.0009367422,-0.01532387,0.0445109,-0.3484086,-0.05371409,-0.06333424,0.00034671673,0.3111724,-0.16608697,-2.8504512,-0.14592235,0.23499066,-0.11736604,-0.00050119986,0.1069399,-0.22722669,-0.039827354,0.21069801,-0.06737914,-0.019924015,0.042864665,0.0969673,0.020799153,-0.013969531
-0.28265497,-0.035090525,0.18812148,0.1339862,0.022278894,0.18224303,0.036479823,-0.17108567,-0.16925097,-0.3846483,-0.18779054,-0.27464935,-0.29604405,-0.1745658,0.20992184,-0.058673237,0.1303656,-0.053553864,0.04366179,0.08571525,0.03751689,0.08538867,0.0009367422,-0.009984933,0.061417248,-0.50272065,-0.040484503,-0.06333424,0.00048814924,0.34869003,0.06130881,-3.2546122,-0.099762656,0.15097187,-0.18152842,0.008818454,0.1019771,-0.24147794,-0.019699747,-0.22252612,-0.032469258,0.018830841,-0.014397908,0.030153543,0.002976344,0.034867045
-0.03947892,-0.09664483,0.066972114,0.124045044,-0.013899278,0.12744531,0.04065822,0.092396036,-0.23329017,-0.40389705,-0.4857111,0.503058,-0.06474118,0.49788702,-0.050848346,-0.081462756,0.048458025,-0.053553864,0.04169125,-0.16586328,0.18642303,0.073289126,0.0017660889,-0.009984933,0.076243274,-0.55880827,-0.040484503,-0.071199685,0.0012115805,0.36258632,0.025890823,-2.8818738,0.049309492,0.21219309,0.32628724,0.016128954,0.08173599,-0.22124878,0.011728089,-0.17783551,-0.05374114,0.008178033,-0.024371633,-0.010622019,-0.032261506,-0.022312492
0.27783734,-0.021046415,0.09655659,-0.026386231,0.047667727,0.32924294,0.07380613,0.11778146,0.4510879,0.058328424,0.21863137,0.39313138,-0.016066387,0.5442054,-0.054421917,-0.103142865,0.09644261,0.022574455,0.06470479,-0.20655721,0.1265715,0.13588344,0.011871049,0.0062309634,0.017576495,0.15841298,-0.018254973,0.003470799,0.003639581,0.79653597,0.011014623,1.4314686,0.14499304,0.21701722,0.49298874,0.053024,0.088592775,-0.08504529,0.011728089,-0.15110394,-0.018963449,0.010881253,0.019562708,-0.014826135,0.042929888,-0.0028156922
0.27018517,-0.021046415,-0.18391077,-0.028515615,0.047667727,0.37260237,0.07920846,0.04007042,0.44586718,0.07969953,0.22222202,0.4431872,0.04444823,0.91994125,0.03427666,-0.103142865,0.060479216,0.022574455,0.084732585,-0.20729876,0.20717147,0.118726395,0.011871049,0.0062309634,-0.038594738,0.1492455,-0.018254973,0.0067136297,-0.012406396,0.7990861,0.011014623,1.4539598,0.12361175,0.29732564,0.52349776,0.057262752,-0.063374154,0.08590968,0.011728089,-0.15110394,-0.018963449,0.010881253,0.01652246,-0.014826135,0.042929888,-0.0028156922
0.08683293,-0.021046415,-0.17792705,0.10819311,0.030550448,0.47037193,0.087066635,0.018985197,0.44245666,-0.008318357,0.22966681,0.6637859,0.5988293,0.81084275,-0.019056195,-0.1520411,0.0536219,0.022574455,-0.14486781,-0.19251993,0.13543598,0.115229696,0.0120992055,0.0050012716,-0.038594738,-0.029944565,-0.018254973,0.075051345,-0.012406396,0.96049243,-0.021910056,1.4691805,0.13039844,0.22444572,0.5049156,0.05705726,-0.22580539,-0.1877461,0.003942651,-0.13446689,-0.02111007,0.009874903,-0.0061819768,-0.029382735,0.023232285,-0.0028156922
0.06611039,-0.011069604,-0.487191,0.08984638,-0.010921184,0.24551608,-0.010717375,0.051760826,0.17770088,0.015043795,0.21591213,-0.39533043,-1.0965345,-0.49593645,-0.025859255,-0.19934271,0.07389018,0.011556773,-0.15641135,0.028241739,-0.71803,0.09591632,0.0050028223,0.007592776,-0.05999608,-0.2816952,-0.015945848,0.045613516,-0.0016639752,-1.6070282,0.008304947,-1.2160589,0.08201586,0.26128832,-0.8413097,0.012838907,-0.30305395,-0.13883807,0.0018651914,-0.17275332,-0.059707757,0.008494415,-0.020148197,-0.019984933,0.0083484575,-0.0014861496
0.06327164,-0.011069604,-0.19179867,0.15116331,-0.1067186,0.16079815,-0.04468513,0.03759942,0.16706258,-0.16994303,-0.5044664,-0.27501634,-0.9981917,-0.40544215,-0.024732377,-0.193927,0.04924481,0.046386015,-0.13229276,0.06121355,-0.5193843,0.06300153,0.0050028223,0.007592776,-0.05999608,0.14385645,-0.014374383,0.04754198,-0.0016639752,-1.2295114,0.050968044,-1.8632754,0.078700595,0.22369213,-0.74565446,-0.010909885,-0.31466755,-0.13709387,0.0018651914,-0.18247832,-0.05983737,0.012163055,-0.020148197,-0.019984933,0.0083484575,-0.0027818463
0.052162632,-0.026472267,-0.18837488,0.14881895,-0.0995674,-0.11366591,-0.3386287,0.06435957,-0.1508042,-0.1645169,-0.42940176,-0.26604152,-1.0544465,-0.40709785,-0.027550153,-0.17368378,0.04924481,0.046386015,-0.12422063,0.06153998,0.04285844,0.05568864,0.0033566891,0.005636961,-0.05999608,-0.1293696,0.062130984,0.04754198,-0.0016639752,-1.1520206,0.051196724,-1.5182263,0.078700595,0.12584807,-0.69129634,-0.0101997685,-0.22221664,-0.09712264,0.013194757,-0.18713973,-0.05948131,0.0017701965,-0.022660965,-0.018482776,0.007904581,-0.005752595
0.051628716,-0.026472267,-0.37455377,0.16471471,-0.119684786,-0.32135263,-0.41237742,0.11149962,-0.3369991,-0.28934246,-0.40434253,-0.2198662,-1.1070039,-0.4020532,-0.027988475,-0.21228549,0.07467379,0.011556773,-0.20404093,0.07617926,-0.21992825,-0.045665707,-0.00927747,0.0033771768,-0.020338852,-0.20067635,0.030347548,0.039162587,-0.0028612115,-1.6467899,0.0761187,0.64333445,0.068088055,-0.050995387,-0.62242335,5.793525e-06,0.16595276,-0.013080552,-0.049128357,-0.12473612,-0.025760867,-0.027745664,-0.02156018,-0.010697672,0.008687077,-0.0035210038
0.051628716,-0.01056159,-0.4106958,0.15989076,-0.119684786,-0.30585906,-0.42407972,0.11475675,0.37770656,-0.28934246,-0.3689748,-0.26912722,-1.306452,-0.33694988,-0.021282624,-0.206429,0.07467379,0.011556773,-0.1859214,0.057555404,-0.029294923,-0.14036362,-0.018760085,0.0033771768,-0.020338852,-0.1917808,0.030347548,0.039162587,-0.0028612115,-1.6588911,-0.14195964,0.70419985,0.048357233,-0.09087297,-0.7096269,0.010303999,0.16259941,0.001636401,0.013194757,-0.13227184,-0.044108797,0.00073759165,-0.007897604,-0.017302306,-0.015938414,0.011517983
0.052781615,-0.026472267,-0.49907514,-0.047369253,-0.119684786,-0.31123188,-0.41237742,0.11149962,-0.3296695,-0.28934246,-0.32583046,-0.25596,-1.1170454,-0.39013126,-0.047766313,-0.18088773,0.07579447,0.011556773,-0.20219062,0.08051269,-0.2017952,-0.12474194,-0.0066360324,0.0033771768,-0.020338852,-0.18525234,0.03279845,0.039162587,-0.0017202527,-1.6366602,-0.1675067,0.61148965,-0.100056805,-0.09794333,-0.7118343,5.793525e-06,0.1565659,0.03738089,0.013194757,-0.16395907,-0.03193329,0.0073590474,-0.021295449,-0.012334159,0.012351857,-0.0035210038
0.015621322,-0.026472267,-0.52418745,-0.098667085,-0.17604421,-0.18515886,-0.581012,0.09100602,-0.31378677,0.01263502,-0.3296563,-0.25078267,-0.8878681,-0.36866486,-0.042726126,0.39489186,0.07579447,0.011556773,-0.17479244,-0.20360485,-0.2001516,-0.12253478,-0.018201357,0.0033771768,0.01143063,-0.18674201,0.03279845,0.039162587,-0.0017202527,-2.056637,-0.091630295,0.5612276,-0.100056805,-0.10542431,-0.8232454,5.793525e-06,0.15613706,0.05010314,0.013194757,-0.18652777,-0.019672465,0.00073759165,-0.021295449,-0.016233014,0.012351857,-0.0044568987
-0.040347625,-0.026980279,-0.5101447,-0.15086316,-0.22697738,-0.08846836,-0.61207664,0.067897625,-0.3257613,-0.009084542,0.12008386,-0.2657967,-0.8035176,-0.3598803,-0.13509667,0.3856339,0.07579447,0.011556773,-0.1954349,-0.20784163,-0.19354017,-0.0610824,-0.018201357,0.0033771768,0.01143063,-0.20947643,0.008873987,0.037857596,-0.0017202527,-2.2223155,-0.0034842463,0.5992019,-0.10384888,-0.10261516,-0.84762496,0.009431027,0.18520564,0.053242892,0.013194757,-0.21578325,-0.041182324,0.017547186,0.028177833,-0.01441199,0.013706487,-0.0005502546
-0.03896023,-0.011069604,-0.4952328,-0.14072226,-0.23391356,0.23910044,-0.5190142,0.036064457,0.38312015,-0.05222078,0.1924913,-0.3602767,-1.0430044,-0.3731158,-0.0450247,-0.17523167,0.10715924,0.011556773,-0.2322006,-0.20378584,-0.21316005,0.044337135,-0.01611865,0.0047900537,0.01143063,-0.24196216,-0.010863694,0.015665619,-0.0028612115,-2.1778386,0.004472241,0.7466899,-0.020433754,-0.13833928,-0.9113213,0.013736598,-0.31371704,0.09582157,0.011954801,-0.11321029,-0.044749025,0.008494415,0.07593193,-0.007455007,0.012350521,-0.0005502546
-0.039742917,-0.026980279,-0.55839944,-0.15002649,-0.2330717,0.2414109,-0.2335868,0.014411554,-0.27295542,-0.043352105,0.21064287,-0.3420805,-0.7597645,-0.37960535,-0.086328365,0.3137736,0.10715924,0.011556773,-0.15045302,-0.20378584,-0.19324529,0.067379504,-0.018201357,0.0047900537,-0.020338852,-0.3080251,-0.010497102,0.015665619,-0.0028612115,-2.309106,-0.00088197086,0.6658632,0.03481906,-0.12591112,-1.2748957,0.013736598,-0.3328565,-0.15083964,0.0075118616,0.20324098,0.062980704,-0.0014755502,-0.028671825,-0.011353863,0.013706487,-0.0014861496
-0.040333565,-0.026980279,-0.5221337,-0.15002649,-0.2330717,0.2336282,-0.21892276,0.032807324,-0.27295542,-0.043352105,0.21598625,-0.34476307,-0.7796982,-0.40485036,-0.13509667,0.36680123,0.10715924,0.011556773,-0.15045302,-0.20378584,-0.20075315,0.07372083,-0.018201357,0.0047900537,0.01143063,-0.2986016,-0.010863694,0.015665619,-0.0028612115,-2.289071,-0.0017205086,0.66667444,0.086313084,-0.12637873,-1.2772677,0.009824814,-0.3328565,-0.12877953,0.009834848,0.19551653,-0.0324882,-0.022915857,-0.017722609,0.010405556,0.013706487,-0.0014861496
-0.03896023,-0.011069604,-0.17756432,-0.1474499,-0.23235862,0.23415776,-0.0036567035,0.008664735,0.29868338,-0.04373523,0.21227378,-0.3769041,-1.0117215,0.92074347,-0.0155385295,-0.162184,0.07362801,0.011556773,-0.18071596,-0.20456326,-0.31604126,0.07130696,-0.0194418,0.0047900537,0.012287347,-0.29354644,-0.010497102,0.0100719705,-0.012406396,-2.2057335,-0.013619867,0.68235445,0.09645732,-0.27803567,-1.2917161,0.017645068,-0.3328565,-0.106274575,0.0075118616,0.12799205,0.04956876,-0.016883211,-0.005222632,0.010405556,0.012350521,-0.00045064057
-0.20026405,0.02568493,0.082988076,-0.061848767,0.04607255,-0.41221714,-0.03207383,-0.270207,-0.16377732,0.019804722,-0.124695554,0.3848383,-0.29327834,-0.58361316,-0.12897107,-0.01652485,-0.18370973,-0.053553864,0.040738802,0.042445295,-0.91555876,-0.21384948,-0.0067345877,-0.01532387,0.05933693,0.121938914,-0.069762036,-0.109121926,0.00034671673,0.3578072,-0.046487916,-2.6023033,-0.16198541,-0.06639596,-0.27399004,-0.17968604,0.117370956,-0.24942198,-0.037707403,-0.16934071,0.043798007,-0.013388722,-0.03870329,-0.064897954,0.020799153,-0.0034380201
-0.072919995,0.012813764,0.056277476,-0.0992789,0.009184204,-0.32540956,-0.004399515,-0.18854454,0.15104249,0.026914135,0.10704111,0.26077926,0.070718944,-0.576951,0.10012298,0.163581,-0.18370973,-0.053553864,0.055145953,0.04975055,-0.013671247,-0.20811833,-0.0075312406,-0.009984933,0.05933693,0.15924643,-0.05251994,-0.14016694,0.00034671673,0.47544956,0.029188644,-3.8025415,-0.16642262,-0.07677469,-0.29012766,-0.20303474,0.11408574,-0.28294104,0.011720263,0.17643143,0.08238636,-0.019647455,0.009256217,-0.064897954,-0.020289663,0.0033118273
-0.06730818,0.010272148,0.15904748,-0.14294946,0.046806976,-0.2801079,0.0028740051,-0.17513856,0.1653334,0.016180472,0.12122274,-0.17785046,-0.9051381,-0.44619814,0.10295149,-0.021103088,-0.33930305,-0.0032577661,0.09081145,0.065918416,-1.1902858,-0.20096256,-0.008396367,-0.01532387,-0.06546363,0.18804629,-0.057559013,-0.15341967,0.0008393744,0.51717395,0.059332497,-2.332232,-0.10289008,-0.114400774,0.0009232247,-0.22243816,-0.08204949,-0.076362625,0.009596646,-0.1986929,-0.09284757,0.0041177915,-0.013744757,0.089063294,0.010938144,0.00063815224
-0.06863838,0.009142764,0.10876642,-0.10027782,0.05091054,-0.10821342,-0.0008754437,-0.11917528,0.15994231,0.025063584,-0.12662195,-0.40923774,1.1490575,-0.21781045,0.16724333,-0.07556891,-0.181276,-0.053553864,0.04389094,0.039589092,-1.1103541,-0.15452832,-0.00084103784,-0.01532387,-0.13680504,-0.13558856,-0.057559013,-0.099840336,0.00048814924,0.3823215,-0.055636093,-3.3636174,-0.050037,-0.10027638,-0.27060562,-0.13006094,-0.2693815,-0.28540555,0.016163202,-0.16660269,-0.08035588,0.01031705,0.019523105,-0.064897954,0.01218497,0.00016280764
-0.19330445,0.009142764,0.14457145,0.14341933,0.025303792,-0.115048654,0.013114227,-0.13263421,0.168,0.021257823,-0.30183852,-0.39897197,-0.22866534,-0.2725412,0.19262321,-0.06368976,-0.18256165,-0.053553864,0.044559643,0.06254637,-0.05138624,-0.069454335,-0.00084103784,-0.009984933,-0.13680504,-0.0642922,-0.078732446,-0.099840336,0.00048814924,0.43754473,-0.055636093,-3.88164,-0.023822347,-0.09678334,-0.30090213,-0.10654284,-0.3288912,-0.25747374,0.016163202,-0.16660269,-0.07252154,0.009730294,-0.014959979,-0.094489284,0.01934024,-0.0034380201
-0.1538003,0.013527932,0.14321776,0.18297023,-0.26879632,-0.002245228,0.022121776,-0.12387411,0.15209803,0.028361924,-0.48589838,-0.4726513,0.506847,-0.34325823,0.13798901,-0.09322105,-0.1876938,-0.0063610906,0.047880534,-0.04212437,0.12757729,0.0065898444,-0.00084103784,-0.009984933,-0.13680504,-0.15674934,-0.023088723,-0.099840336,0.00048814924,0.49310958,0.023808435,-2.1730175,0.012083797,-0.11081089,0.32625338,-0.13135141,-0.34253588,-0.16953103,-0.142013,0.17118588,-0.06882546,-0.019657787,-0.014959979,-0.036260296,0.01934024,-0.0021423232
-0.17103009,-0.021046415,0.0624815,0.066097796,0.020474697,0.33285317,0.07306972,-0.07242242,0.4426512,0.07826385,0.21926685,0.55960494,0.38160384,0.79572654,-0.02895273,-0.09569324,-0.12673718,-0.0063610906,0.07764717,0.053220604,-0.03469836,0.068121016,0.011871049,-0.0033186087,-0.038594738,-0.010596569,0.002482541,-0.04919177,0.003639581,0.8232515,0.008351899,1.5674146,0.10058006,0.26575825,0.4709848,-0.0035289144,-0.1607334,0.15422021,0.018294645,-0.15876429,-0.041577492,-0.03337461,-0.016777119,0.015717087,0.018220028,0.003934155
0.082447514,-0.021046415,0.33690605,0.00671257,0.053796776,0.3488901,0.07204897,0.22907487,0.47209755,-0.008318357,0.20802008,0.6485513,1.4761664,-0.15874322,-0.05557516,0.02575821,0.23655388,-0.0063610906,0.076301,-0.18825951,0.12756346,0.08517671,0.011871049,-0.0033186087,-0.038594738,-0.009984166,-0.01875816,-0.09625558,0.0008393744,0.8290477,0.01929856,1.6298003,0.10351612,0.21198814,0.46828786,0.013321692,-0.17334345,0.15701655,0.011728089,-0.12720004,-0.021348597,0.013272669,-0.001468891,-0.012165876,-0.048372142,-0.0012064283
0.08034974,-0.021046415,0.33690605,0.13368891,0.053796776,0.47247437,0.06700977,0.25588644,0.39698508,-0.014760882,0.22551262,0.6397414,1.4021075,-0.2901171,-0.05557516,-0.09988298,0.2531489,-0.0063610906,0.06470479,-0.18825951,0.11979263,0.10496092,0.011122318,0.0062309634,-0.03043069,-0.025520146,-0.017925467,0.032868367,0.0008393744,0.88872266,-0.0036352067,1.609922,0.12148366,-0.07013838,0.47398698,-0.0100109605,-0.27146384,-0.22004627,0.006066269,0.16951965,0.06490649,0.018627346,-0.003841407,-0.03049547,0.035774615,-0.0021423232
0.06601469,-0.012190129,-0.5066919,0.09976148,0.050804816,0.31399864,-0.13045216,0.07066413,0.1660938,-0.049677875,0.20177676,-0.45803156,-1.0220885,-0.36379755,-0.026598487,-0.21714224,0.08359401,0.011556773,0.1215604,0.05362498,-1.186785,0.098415434,0.0011970934,0.003694418,-0.07593483,-0.34366685,-0.039290354,0.07218957,0.00048814924,0.6831192,0.019295493,-2.2249157,0.08308952,-0.15311739,0.3115287,0.013419304,-0.38091812,-0.18971601,0.008389255,0.17671369,-0.029671038,-0.016954567,-0.016171444,0.022249535,0.011457593,-0.0021423232
0.05296893,-0.011069604,-0.13195379,0.11986918,-0.14549273,0.14626232,-0.038228747,0.016611632,0.13673301,-0.0050174664,-0.44509462,-0.41335988,-1.4086648,0.59677607,-0.013001239,-0.2086183,0.031122528,0.046386015,-0.12110586,0.069701284,-0.14321437,0.061475996,-0.0032241405,0.007592776,-0.07046726,-0.2545508,-0.015570792,0.04000015,-0.0041299667,-1.3844787,0.021829704,-2.125294,0.07152983,0.14384294,-0.7578727,0.0013567826,-0.33203962,-0.13883807,0.0063117957,0.1608511,-0.017835809,-0.017589709,-0.026108192,0.015924482,0.007829009,-0.00700339
0.16394252,-0.01992589,-0.3376445,-0.03411187,-0.1793421,0.12985194,-0.090935096,0.021491706,0.18267906,0.0145841185,-0.55303115,-0.30537057,0.49251324,-0.6446861,-0.040599078,-0.010401273,0.0503655,0.19023332,-0.078415394,-0.017771315,-0.34478286,0.051055763,-0.00045467587,0.005636961,-0.074218854,0.13923329,0.05800686,0.043112703,-0.0016639752,-1.3873475,0.05207559,-1.9617513,0.078700595,-0.09503426,-0.8212363,-0.00809232,-0.3328565,-0.18784061,0.0075118616,0.18411145,-0.02871899,-0.031720378,-0.04598301,0.00798729,0.014983039,0.0013395712
0.051989377,-0.01992589,-0.392108,0.2190949,0.03541717,0.17179798,-0.16761453,0.027814042,0.35279068,0.02202946,-0.5767688,-0.37660393,1.3219981,-0.58807886,-0.024764668,-0.11088567,0.07467379,0.022574455,-0.17192663,-0.19793662,-0.56713307,0.05536903,-0.014878081,0.0033771768,-0.024270572,0.15791836,0.024540378,0.03473331,-0.0028612115,-2.0423806,0.020648884,0.64002997,0.061831594,-0.07302792,-1.2785769,-0.0019969963,-0.14443943,0.02629939,0.0075118616,0.16203158,0.05397073,-0.031720378,-0.01904741,0.009336265,0.010480845,-0.0014861496
0.051989377,-0.011069604,-0.36711946,0.182908,-0.2226194,0.1806044,-0.5213929,0.036276963,0.39028767,0.010358557,-0.53886485,-0.26855034,-1.3503103,-0.37489197,-0.021781916,-0.21498984,0.07467379,0.011556773,-0.22468339,0.07933971,0.036260277,0.052579615,-0.018760085,0.0033771768,-0.020338852,0.15871635,0.016285835,0.039162587,-0.0028612115,-2.057493,0.046410915,0.7818281,0.061831594,-0.072090715,-0.9102216,-0.006007993,-0.14634812,-0.010698312,0.0018651914,-0.15165977,-0.00268558,0.02074106,-0.01904741,0.017104952,0.013505812,-0.0014861496
0.053142276,-0.026980279,-0.49164087,0.11473226,-0.21845068,0.17232952,-0.48444515,0.028354999,-0.3403506,0.010358557,-0.51749617,-0.33954033,-1.2304976,-0.5249928,-0.028313287,-0.21949896,0.07579447,0.011556773,-0.2140811,0.08367315,-0.03369855,0.048551522,-0.00927747,0.0033771768,-0.025991954,0.12935492,0.033005062,0.039162587,-0.0028612115,-2.0831518,-0.15954626,0.38414654,0.061381515,-0.070100136,-0.9416888,-0.006007993,-0.14634812,0.026588019,0.011954801,-0.20084672,-0.053924877,-0.019195568,-0.01904741,-0.005818521,-0.01788039,-0.0005502546
0.053142276,-0.026980279,-0.4971285,-0.09941623,-0.22930013,-0.025787838,-0.4991592,0.061347477,-0.3341464,0.010358557,-0.46901578,-0.30690575,-1.1259804,-0.41636568,-0.02543623,-0.2141338,0.07579447,0.011556773,-0.2199434,0.042258468,-0.19394769,0.03689753,-0.009959185,0.0033771768,0.01143063,0.0853609,0.027302165,0.039162587,-0.0028612115,-2.0970666,-0.091630295,0.6527612,0.068088055,-0.100433476,-0.8570243,0.0038513085,0.18705092,0.013153321,0.013194757,-0.20037924,-0.042648047,0.016338654,-0.028671825,-0.016233014,0.012351857,0.00022272847
0.04329798,-0.03251245,-0.53080857,-0.14372633,-0.21454467,-0.033823937,-0.5036117,0.067897625,-0.2838734,0.029607302,-0.10150931,-0.21866243,-1.069481,-0.41500804,-0.02543623,-0.20766568,0.07579447,0.011556773,-0.2199434,-0.24970096,-0.22857095,0.05627914,-0.009959185,0.0033771768,0.01143063,0.1465894,0.0018067812,0.039162587,-0.0028612115,-2.0543277,0.032983053,0.5581814,0.110856876,-0.10116979,-0.7530066,-0.102436796,0.19060653,0.025379974,-0.05124831,0.20137393,-0.044749025,-0.03101388,-0.017722609,-0.012334159,0.012351857,-0.0005502546
0.04504915,-0.03251245,-0.5503095,-0.19105138,-0.21454467,-0.02725745,-0.5067206,0.069597885,-0.33642885,0.029607302,-0.08667215,-0.23018202,-1.0419883,-0.414935,-0.02543623,-0.04866076,0.07579447,0.011556773,-0.2322006,-0.25385466,-0.21154736,0.06318714,-0.009959185,0.0033771768,0.01143063,0.1640752,-0.010863694,0.039162587,-0.0028612115,-2.1255884,0.017203398,0.57487017,0.096139915,-0.09606689,-0.8917655,-0.102436796,0.18869403,0.10854383,0.019761313,-0.21801458,-0.044749025,0.012869552,-0.011384934,0.01634376,0.010041707,0.002635268
0.05089126,-0.03251245,-0.5137697,-0.19462983,-0.21454467,-0.029560015,-0.49824712,0.06630486,-0.33333352,0.010358557,-0.4311691,-0.2800562,-0.9448175,-0.40703723,-0.02543623,-0.01906002,0.07579447,0.011556773,-0.17785117,-0.25385466,-0.19307424,0.017004754,-0.009959185,0.0033771768,0.01143063,0.12930787,-0.010863694,0.039162587,-0.0028612115,-2.121106,0.017203398,0.5763964,0.03776025,-0.095715046,-0.8736951,-0.08633587,0.18869403,-0.039219536,0.013194757,-0.22550823,-0.04357189,0.0017701965,-0.024619656,-0.012334159,0.010041707,-0.0014861496
0.049140092,-0.03251245,-0.5594474,-0.18281256,-0.21454467,-0.029030435,-0.49824712,0.06630486,-0.34201285,0.010358557,-0.44948184,-0.2658469,-1.0289634,-0.4124028,-0.02543623,-0.14356317,0.04961764,0.011556773,-0.17785117,-0.25385466,-0.19443874,0.009918276,-0.009959185,0.0033771768,0.01143063,0.13893837,0.0021733742,0.039162587,-0.0028612115,-2.0391755,0.027481653,0.5605843,0.03776025,-0.09678137,-0.8776141,-0.039448123,0.18869403,-0.039219536,0.013194757,-0.15848617,-0.032178495,0.012163055,-0.019125462,-0.012334159,0.013706487,-0.0005502546
0.049140092,-0.03251245,-0.5399465,-0.17958291,-0.21454467,-0.038199227,-0.5067206,0.032771435,-0.34201285,0.010358557,-0.44773906,-0.31684017,-1.0420587,-0.40203893,-0.02543623,-0.2141338,0.04961764,0.011556773,-0.2322006,-0.25385466,-0.19443874,0.025391228,-0.009959185,0.0033771768,0.01143063,0.12896201,0.0018067812,0.039162587,-0.0028612115,-1.9992107,0.017203398,0.56711197,0.047114633,-0.12467101,-0.8736951,-0.039448123,-0.17284234,0.09582157,0.013194757,-0.21993516,-0.04357189,0.012163055,-0.017722609,-0.016233014,0.013706487,-0.0014861496
0.054978676,-0.012190129,-0.48972845,-0.056338724,-0.16244017,0.17678273,0.04122328,0.18356392,-0.22745728,-0.83909994,-0.5324706,-0.25113377,-1.382103,-0.5469729,-0.029325038,-0.24298882,0.07467379,0.011556773,-0.19199911,-0.19378294,0.15472424,0.058825575,0.0054545077,0.0037851012,-0.025991954,-0.5201041,-0.015339807,0.058990356,0.0008393744,-0.2217405,0.04952252,0.323589,0.067907795,0.08869666,-1.2846141,0.030175893,0.12826994,0.08614653,0.005388244,-0.28663936,-0.08069168,0.0014603799,0.07569595,-0.007521236,-0.01788039,-0.011737941
0.0580431,-0.011069604,-0.48424086,-0.090361245,0.008056115,0.16001314,0.038660094,0.13008374,-0.24520043,-1.0292648,-0.51196766,-0.23791143,-1.279405,-0.54484224,-0.029325038,-0.07201735,0.07467379,0.011556773,-0.15611772,0.07617926,0.012501417,0.05778536,0.0054545077,0.0033771768,-0.020338852,-0.34152588,0.0015044126,0.047928978,0.0008393744,-0.9307747,0.04136758,0.4290781,0.089074016,0.08656316,-1.305966,0.023926748,0.12695387,-0.08403639,0.005388244,-0.23781405,-0.011240558,0.02074106,0.07654117,-0.007521236,-0.029255848,-0.0035210038
0.05709823,-0.011069604,-0.5277829,0.0919204,-0.14361869,0.14758758,0.039509244,0.13970597,-0.24297157,-0.83909994,-0.5506544,-0.27424097,-1.4482869,-0.54378676,-0.029000226,-0.24649501,0.07579447,0.011556773,-0.20613404,0.09913653,0.09211911,0.03875246,0.0054545077,0.0033771768,-0.020338852,-0.3332855,0.0020189038,0.047928978,0.0008393744,-0.88397646,0.06916064,0.6981407,0.06835788,0.09238981,-1.3295407,0.023926748,0.12907328,0.06424426,0.005388244,-0.20305692,-0.0101931095,0.02074106,-0.01904741,-0.007521236,-0.024536356,-0.0035210038
0.05709823,-0.011069604,-0.48972845,0.09416438,-0.14361869,-0.019402843,0.039509244,0.13124305,-0.24297157,-0.83909994,-0.4647951,-0.27424097,-1.3981234,-0.51250315,-0.029000226,-0.24649501,0.07579447,0.011556773,-0.20613404,0.09810445,0.03346739,0.03875246,0.0054545077,0.0033771768,-0.020338852,-0.32378933,0.0020189038,0.047928978,0.0008393744,-0.8926312,0.06916064,0.67630976,0.06835788,0.092453375,-1.2786418,0.023926748,0.12864444,0.07001383,0.013194757,-0.20305692,-0.0101931095,0.02074106,0.07654117,-0.012400387,-0.024536356,-0.0035210038
0.05709823,-0.011069604,-0.48972845,-0.010294829,-0.14361869,-0.019683387,0.041421298,0.13124305,-0.24774271,-0.83909994,-0.4707737,-0.27424097,-1.4824561,-0.52188534,-0.029000226,-0.2457526,0.07579447,0.011556773,-0.19320293,0.09810445,0.03409212,0.037400547,0.005667928,0.0022587785,-0.020338852,-0.2779915,0.0020189038,0.047928978,0.0008393744,-0.9503187,0.04983523,0.6792531,0.06835788,0.17078169,-1.2715889,0.023926748,0.124227636,0.0670273,0.019761313,-0.2279342,-0.002215478,0.012163055,0.07626063,-0.013083193,-0.024536356,-0.0035210038
0.062364493,-0.011069604,-0.5332706,0.059698064,-0.31877893,-0.07637036,0.018869765,0.12502758,-0.24203296,0.021194775,-0.47934848,-0.28150636,-1.5290478,-0.5514478,-0.029000226,-0.06942529,0.07579447,0.011556773,-0.19320293,-0.24970096,0.066654526,0.04573411,0.0054545077,0.003474949,-0.0217024,0.14411493,-0.011576188,0.04127479,0.0008393744,-1.0117853,0.039368052,1.0060862,0.06835788,0.099737994,0.3247047,0.027914202,0.15251437,0.094962746,-0.142013,0.20179275,-0.045956377,-0.031720378,-0.0120257065,-0.0222739,-0.024536356,-0.0014861496
0.05938809,-0.011069604,-0.5332706,0.09538294,-0.114512525,-0.07108257,0.03282305,0.12502758,-0.2358794,0.00069499714,-0.48993993,-0.24872921,-1.5892092,-0.5514478,-0.029000226,-0.25612435,0.07579447,0.011556773,-0.2324176,0.10598612,-0.0019692392,0.037815366,0.0054545077,0.003474949,-0.0217024,0.19132923,0.0010942882,0.040925454,0.0008393744,-2.347133,0.052083995,0.89115995,0.053640913,0.10821972,0.3245945,0.027914202,0.1558044,0.09980512,-0.142013,0.20179275,-0.045712326,-0.031720378,-0.0120257065,0.028402098,0.0148617765,0.002635268
0.052720316,-0.011069604,-0.5332706,-0.06783021,0.019901417,-0.07600746,0.030910995,0.12718786,-0.22802483,0.012602329,-0.47934848,-0.22479816,-1.5833563,-0.54344237,-0.029000226,-0.1442943,0.07467379,0.011556773,-0.2249004,0.0709935,0.0015394627,0.039691225,-0.0019072999,0.003474949,-0.0217024,0.18691127,7.661036e-05,0.040925454,0.0008393744,-2.4985673,0.05784502,0.9735258,0.053640913,-0.06834844,0.32241136,0.027914202,-0.035740554,0.12390272,-0.142013,0.20179275,-0.0470757,-0.031720378,-0.0120257065,0.027289363,0.013507146,0.002635268
0.054818094,-0.011069604,-0.5277829,-0.064671256,0.034479305,-0.07967991,0.03282305,0.12163265,-0.22986628,0.01735646,-0.4810912,-0.25345105,-1.5562952,-0.54456466,-0.029000226,-0.0620661,0.07467379,0.011556773,-0.2249004,0.07933971,0.08356685,0.040916383,-0.0019072999,0.003474949,-0.0217024,0.18907535,0.000909304,0.040925454,0.0008393744,-2.5522506,0.054477524,0.9739221,0.047384456,-0.06920078,0.32347512,0.027914202,-0.15680175,0.12390272,-0.142013,0.20179275,-0.030699616,-0.031720378,-0.0120257065,0.027289363,0.013507146,0.002635268
0.053873215,-0.011069604,-0.5404373,0.10558616,0.034479305,-0.08138768,0.0019403668,0.12279195,-0.2300982,0.01735646,-0.37040943,-0.37247065,-1.441362,-0.5484197,-0.056019954,-0.21287838,0.07579447,0.011556773,-0.23873097,0.084314406,0.02315779,0.027154777,0.0035527004,0.003474949,-0.0217024,-0.24099185,0.0014237952,0.037951928,0.0008393744,-2.5298731,0.037969336,0.97646075,0.036201876,-0.07313545,0.33510554,0.027914202,-0.37627438,0.12379192,0.009596646,-0.17670865,0.1181613,-0.0026049404,-0.0120257065,0.098147765,0.013507146,0.002635268
0.05352662,-0.011069604,-0.49689516,0.10540726,0.019659052,-0.11659283,-0.94274133,0.12279195,-0.16014585,0.012091432,-0.36668575,-0.3775599,-1.3669945,-0.56146854,-0.027028345,-0.21457028,0.07579447,0.011556773,-0.22558287,0.084314406,-0.03469911,0.03265914,0.0010173538,0.004593347,-0.027355501,-0.23685329,-0.012284991,0.040925454,0.0008393744,-2.2894163,0.035782814,0.59644103,0.035751797,-0.06792795,0.1888727,0.027914202,-0.38815162,0.119506404,0.011720263,0.24730109,0.16707447,0.013142595,0.07654117,-0.08540481,0.011565325,-0.0005502546
0.055240046,-0.011069604,-0.49689516,0.11373175,0.020500911,-0.042767756,-0.58071846,0.12279195,-0.26370966,0.020449212,-0.43382972,-0.29433814,-1.1848311,-0.5464302,-0.13656172,0.39394,0.07579447,0.011556773,-0.20480241,0.09800655,0.1139691,0.025519196,-0.017519642,0.0022587785,-0.025991954,0.17132074,0.0017162585,0.039162587,0.0008393744,-2.3382645,0.056668542,0.4461846,0.046934377,-0.05985555,-0.89404476,0.027914202,-0.3707796,0.09224947,0.013194757,-0.18510972,-0.024056109,0.012163055,0.07626063,0.015274469,0.011565325,-0.0014861496
0.053873215,-0.011069604,-0.5332706,0.10049757,0.019659052,-0.040707834,-0.98914605,0.15632538,-0.1693967,0.012091432,-0.49345517,-0.2622461,-1.4792699,-0.48552614,-0.047766313,-0.19053382,0.07579447,0.011556773,-0.2322006,-0.07804474,0.20805211,0.036072634,-0.005954318,0.003474949,-0.0217024,0.16971931,0.0014237952,0.040925454,0.0008393744,-2.3738358,0.03628284,0.81110483,0.053640913,-0.07275715,0.21686672,0.027914202,0.2072623,0.10803724,0.04381008,0.18849766,-0.030699616,0.01751773,-0.019125462,-0.02717582,0.013507146,-0.0014861496
0.052761596,-0.011069604,-0.55747616,-0.13643835,0.019659052,-0.05961244,-0.9960188,0.1258796,0.26847544,0.036094308,-0.10315571,-0.26948577,-1.4776212,-0.47602686,-0.04945713,-0.16413537,0.078641,0.011556773,-0.21926948,-0.24979886,0.072281234,0.05864975,-0.01611865,0.003474949,-0.0217024,0.18706587,-0.01124668,0.040925454,0.0008393744,-2.3507702,0.038337264,0.8234274,0.09015328,-0.13461636,0.29280412,0.035190612,-0.34269115,0.09768491,0.04381008,0.12895413,0.11928346,-0.03101388,-0.017722609,0.028358653,0.013507146,-0.0014861496
0.054859366,-0.011069604,-0.55747616,-0.17499919,0.019659052,-0.11268258,-0.98914605,0.1258796,0.26756504,0.017718486,-0.11924633,-0.357831,-1.4967408,-0.4715635,-0.04945713,-0.005398436,0.078641,0.011556773,-0.21926948,-0.20378584,0.0045425235,0.056148328,-0.01611865,0.003474949,-0.0217024,-0.275742,-0.01124668,0.040925454,0.0008393744,-2.4328554,0.012434891,0.8377864,0.04677193,-0.13308242,0.27368775,0.035190612,-0.30239972,0.11040717,-0.142013,0.112951234,-0.029577455,-0.022915857,-0.019125462,0.028358653,0.013507146,0.002635268
0.052761596,-0.011069604,-0.55747616,-0.13719384,0.019659052,-0.12587671,-0.9875454,0.1258796,0.2701135,-0.050487906,0.16490954,-0.35768926,-1.5187,-0.4715635,-0.05012855,-0.15537865,0.078641,0.011556773,-0.16492008,-0.20378584,0.0732178,0.024497531,-0.01611865,0.003474949,-0.0217024,-0.2870643,-0.01124668,0.037951928,0.0008393744,-2.293504,0.010041363,0.84989554,0.03508888,-0.13414875,0.2937826,0.043747008,-0.34269115,-0.09372713,0.046133067,0.12823445,-0.029577455,-0.022915857,-0.011384934,0.028358653,0.0148617765,0.002635268
0.052761596,-0.011069604,-0.55747616,-0.13719384,0.019659052,-0.12587671,-0.9875454,0.045481306,-0.16154602,-0.050487906,0.16135369,-0.35768926,-1.5167837,-0.46419418,-0.05012855,-0.09228198,0.078641,0.011556773,-0.16492008,-0.20378584,0.09763673,0.024497531,-0.0066360324,0.004593347,-0.0217024,-0.29262158,-0.01124668,0.037951928,0.0008393744,-2.3387191,-0.0017205086,0.7708298,0.03508888,-0.13414875,0.29340088,0.043747008,-0.34269115,-0.16763689,0.046133067,0.19578023,-0.029577455,-0.022915857,-0.011384934,0.028358653,0.0148617765,0.002635268
0.05203065,-0.011069604,-0.55747616,-0.13797928,-0.23391356,-0.10699111,-0.50511986,0.036064457,-0.19965078,-0.05222078,0.16323462,-0.3558172,-1.4889383,-0.46373624,-0.048437733,-0.14132158,0.07579447,0.011556773,-0.16492008,-0.20378584,0.03753723,0.024265584,-0.0066360324,0.0033771768,-0.020338852,-0.3053397,-0.010497102,0.037857596,0.0008393744,-2.0756185,-0.0017205086,0.68049115,0.03508888,-0.12918203,-0.88594484,0.03973601,-0.34269115,-0.14057606,0.01764136,0.19578023,0.11780458,-0.022915857,-0.015881546,0.01634376,0.0148617765,0.002635268
0.05412842,-0.011069604,-0.55747616,-0.14899768,-0.23346885,-0.10699111,-0.5080899,0.036064457,-0.20219927,-0.05222078,0.15967876,-0.35864738,-1.5350944,-0.39838576,-0.048437733,-0.06833382,0.07579447,0.011556773,-0.16492008,-0.20378584,0.038105424,0.024265584,-0.0066360324,0.0033771768,-0.020338852,-0.3053397,-0.010497102,0.037857596,0.0008393744,-2.1227612,-0.0017205086,0.68071616,0.03508888,-0.1281157,-0.89042175,0.03973601,-0.34269115,-0.16950025,0.01764136,0.19578023,0.11780458,-0.022915857,-0.024619656,0.01634376,0.0148617765,0.002635268
-0.21964069,0.008127145,0.034401655,-0.14126304,0.024489751,-0.40681413,-0.04083226,-0.15826565,0.15811826,-0.3919694,-0.26507044,0.37554008,-0.3740679,-0.21094145,0.16109653,0.14859508,-0.18370973,-0.053553864,0.043724176,0.039284837,-0.29816344,-0.16991481,-0.0029897545,-0.01532387,-0.17239828,-0.5352165,-0.057559013,-0.109121926,0.00034671673,0.26892948,-0.049963895,-2.650705,-0.14639477,-0.114041224,-0.48059776,-0.12916066,0.09177296,0.10185745,0.009596646,-0.16398682,-0.057779454,0.0034723636,0.037009276,-0.064897954,0.01934024,-0.010368705
-0.21411896,0.008127145,0.039735753,-0.19775583,-0.00027747662,-0.4068751,-0.0091240825,-0.16408111,0.15695573,-0.38736576,-0.13391022,0.34150285,-0.45327586,0.5059912,0.056769364,0.16864102,-0.07588521,-0.053553864,0.034656193,0.040063273,0.019329524,-0.26007134,0.0055854535,-0.009984933,-0.17239828,-0.52678555,-0.013067847,-0.08017332,0.00067203585,0.28793383,-0.053400364,-2.8110797,-0.18083416,-0.1700085,-0.46449843,-0.031431314,0.09177296,-0.067324445,-0.037707403,-0.13875075,0.043109298,-0.0073560774,0.031882036,-0.064897954,0.01934024,-0.0015522256
-0.08788994,-0.012668145,0.037212476,-0.13087013,-0.029520713,-0.28883344,-0.010518415,-0.19391035,0.16680644,-0.38586527,0.13168699,-0.38062856,1.191271,0.6363916,0.034649495,-0.10024388,-0.07858363,-0.0063610906,0.053121727,0.044912554,-1.4267992,-0.21910016,-0.009068001,-0.01532387,-0.13680504,-0.31533483,-0.05251994,-0.08017332,0.00067203585,0.33291486,-0.16950333,-1.7425584,-0.16401914,-0.09423362,-0.30154303,-0.025434636,0.116677955,0.1645579,0.009596646,-0.16797508,0.052111838,-0.0068790144,0.007641838,-0.094489284,-0.020289663,0.035489373
-0.069590405,-0.009633157,-0.04795774,-0.027389497,0.023160793,-0.0632277,-0.01666181,-0.26607192,0.17150006,-0.34981748,-0.3221864,-0.24298881,-0.7430892,-0.4837586,-0.15892057,-0.17287381,-0.181276,-0.013067709,0.08555008,0.044134114,-0.7607537,-0.08144956,-0.008396367,-0.01532387,-0.06546363,-0.19987142,-0.05251994,-0.14016694,0.00034671673,0.42102435,-0.17664106,-2.8447452,-0.101335935,-0.09345958,-0.020832568,-0.12567224,0.14950562,-0.11292741,0.009596646,-0.13967542,-0.027036656,0.010821758,0.019523105,-0.094489284,0.010938144,-0.010368705
-0.064404525,-0.012190129,0.0569544,-0.11064458,0.027953854,-0.063893035,-0.011153707,-0.27069488,0.1610268,-0.35816607,-0.43354484,-0.32068294,-1.0683933,-0.3548446,-0.13190086,-0.2138881,-0.181276,-0.013067709,0.08639366,0.044134114,-0.28546914,0.033327002,-0.0070298696,-0.01532387,-0.07593483,-0.55478674,-0.025758117,-0.14016694,0.00048814924,0.44743076,-0.16738994,-3.0457687,-0.039970197,-0.09333724,0.18040167,-0.12292102,0.13409074,-0.2054152,0.01404325,0.16881987,-0.084283054,-0.019607313,-0.0037507773,-0.094489284,0.010938144,-0.013969531
-0.06663263,-0.021046415,0.0569544,-0.1745753,0.026448334,-0.02971214,-0.043989226,-0.2364322,0.20520276,0.022077743,-0.48594385,0.012630689,0.41320267,-0.69049096,-0.13167207,-0.13362113,-0.181276,-0.053553864,0.08008988,0.044134114,0.034617327,0.04740584,-0.008626425,-0.009984933,-0.11527966,-0.5782408,-0.025758117,-0.14016694,0.00048814924,0.5126975,-0.14559546,-3.7903426,0.053346206,-0.08835556,0.29561195,-0.12176915,0.13402352,0.17988198,0.016163202,-0.17500718,-0.063115835,0.011725217,0.0006146445,0.089063294,0.01218497,0.034867045
0.060819082,-0.021046415,0.093319245,0.17087126,0.057520725,0.25281885,0.02659442,0.1620387,0.43717593,0.0670672,-0.15114182,-0.022914523,1.5874214,0.6285476,-0.02488612,-0.13088404,0.089613035,-0.0063610906,0.08303369,0.10234451,0.3285217,0.103344254,-0.01298647,-0.0033186087,-0.038594738,0.28101772,0.002482541,-0.05063509,0.003639581,0.85441643,0.09053096,1.4009949,0.11189887,-0.01260917,0.46873367,0.015167404,0.20076513,0.19726206,0.011728089,-0.20482142,-0.02498061,0.015433075,0.002415108,-0.009780355,-0.048372142,-0.0028156922
0.06098423,-0.028100803,-0.16842127,-0.06266738,0.055121623,0.34596094,0.08704329,0.13972539,-0.33014953,0.07273988,0.2515228,-0.24473763,-0.639821,0.9219603,0.030045513,0.53933996,0.050846405,0.011556773,0.11763599,0.050004672,0.30412516,0.12399337,0.018265355,0.0062309634,-0.024597047,0.279536,-0.016406897,0.030736044,-0.012406396,1.227543,0.07700727,1.5645943,0.12908724,-0.021738498,0.4629819,0.05705726,0.19870582,0.12790725,0.011728089,-0.16855262,-0.0012950508,0.015433075,-0.0050233793,-0.009780355,0.026049476,-0.0028156922
0.06098423,-0.012190129,-0.3461038,0.18973352,0.021695688,0.49611792,0.071221046,0.14971125,0.35424677,-0.015830226,0.25195685,-0.18443216,-0.64637166,-0.38982922,0.023703277,0.70928824,0.07752031,0.011556773,-0.2104333,0.08302884,0.101729505,0.10798919,0.033333104,0.0030116,0.01199857,0.25888398,-0.015235659,0.08644567,-0.0028612115,1.2800642,0.059831735,1.6916258,0.114784665,-0.06721956,0.44337186,0.024275508,-0.03235489,0.08613544,0.008389255,0.16231494,-0.028670965,-0.02505259,0.07569595,-0.03049547,0.012151181,-0.0012064283
0.05178696,-0.016601773,-0.30914235,-0.11961627,-0.011981878,0.3335987,-0.044949032,0.050274547,0.1747933,-0.057037406,0.2845043,-0.3497963,-1.0638169,-0.45892948,-0.025859255,-0.20640308,0.04924481,0.046386015,-0.13229276,0.04383228,-0.70075864,0.06937967,0.0011970934,0.006997437,-0.06546363,-0.34835035,-0.01867965,0.037163418,-0.0016639752,-1.3515043,0.026326017,-2.240354,0.08201586,-0.12514724,0.22335379,-0.07758311,-0.36643973,-0.13414524,0.003942651,-0.17275332,-0.033997376,0.008494415,-0.029694559,-0.039579943,0.007829009,-0.0010729682
0.053274106,-0.011069604,-0.31083253,0.0178456,-0.12589094,0.16431734,-0.042917144,0.043724395,0.14501466,0.009579107,-0.42770055,-0.39738595,-1.0106196,-0.46379423,-0.024732377,-0.19048998,0.0503655,0.046386015,-0.13403696,0.050171833,-0.5188995,0.059687335,0.0060868245,0.007592776,-0.05999608,-0.1545274,-0.015570792,0.042897608,-0.0016639752,-1.3235518,-0.06274887,-1.9588612,0.06751802,-0.0846293,-0.63802016,-0.0048933965,-0.37831703,-0.13588944,0.003988809,0.16259567,0.14883114,0.0120238615,-0.015326217,-0.027888939,0.007829009,-0.0027818463
0.05331553,-0.026980279,-0.31632018,-0.029493522,-0.18052234,0.12657794,-0.14716277,0.021491706,-0.15067428,0.00991112,-0.43933308,-0.38787648,-1.0871929,-0.49147326,-0.027550153,-0.1825292,0.0503655,0.046386015,-0.13117218,0.07047869,0.019524744,0.05123424,0.0034752921,0.005636961,-0.05999608,-0.23846677,0.06332185,0.042897608,-0.0016639752,-1.3699372,0.027664859,-1.7219425,0.06751802,-0.09801471,-0.809273,-0.00809232,-0.32647404,-0.1039549,0.005388244,-0.16444118,-0.018595003,-0.0026049404,-0.015606759,0.00798729,0.007904581,-0.0027818463
0.053142276,-0.026980279,-0.52379614,-0.10021953,-0.22930013,0.1617812,-0.14298557,0.027814042,-0.29744238,0.008343888,-0.47636196,-0.3819818,-1.126176,-0.4717214,-0.026703533,-0.21451926,0.07579447,0.011556773,-0.2140811,-0.20378584,-0.2246254,0.032666095,0.0003356397,0.0033771768,0.01143063,-0.21532351,0.025731243,0.037857596,-0.0028612115,-2.1706276,0.010255392,0.6529582,0.050649013,-0.10029462,-1.2843765,-0.006007993,-0.3328565,0.015018067,0.0075118616,0.18811287,0.11566874,0.013142595,-0.019327952,-0.007455007,-0.02055685,-0.0005502546
0.053142276,-0.026980279,-0.49689516,-0.11225816,-0.22930013,0.041445866,-0.5135933,0.032771435,-0.34624714,0.015112689,-0.45494622,-0.3915704,-1.277771,-0.45333043,-0.027988475,-0.2141338,0.07579447,0.011556773,-0.2322006,-0.20378584,-0.030360721,0.035602856,-0.009959185,0.0033771768,0.01143063,-0.18950015,0.0018067812,0.037857596,-0.0028612115,-2.048773,-0.0034842463,0.5820063,0.050649013,-0.09964228,-0.88575053,0.014149514,-0.3308139,0.044548046,0.019761313,-0.19071884,-0.00268558,0.0077879187,0.07626063,0.01634376,0.0148617765,-0.0014861496
0.049140092,-0.03251245,-0.52093637,-0.13785262,-0.21454467,-0.05322982,-0.5135933,0.032771435,-0.3529475,0.015112689,-0.3466016,-0.3887402,-1.0773233,-0.46519524,-0.027988475,-0.2141338,0.07579447,0.011556773,-0.2140811,-0.20378584,-0.18872626,0.03145198,-0.009959185,0.0033771768,0.01143063,-0.19108343,0.0021733742,0.037857596,-0.0028612115,-1.9830772,-0.007222193,0.635238,0.050649013,-0.095661104,-0.87504226,-0.08633587,-0.3308139,0.06887794,0.013194757,-0.18706636,-0.032178495,0.016365923,-0.011587426,-0.012334159,-0.025276342,-0.0014861496
0.049140092,-0.03251245,-0.4773943,-0.13820143,-0.21454467,-0.062095795,-0.5135933,0.032771435,-0.34201285,0.015112689,-0.3508374,-0.38148442,-1.0420587,-0.3892481,-0.02543623,-0.2141338,0.07579447,0.011556773,-0.2322006,-0.20378584,-0.21323504,0.022532307,-0.009959185,0.0033771768,0.01143063,-0.21070823,0.0018067812,0.037857596,-0.0028612115,-1.9723572,-0.0017205086,0.5670905,0.050649013,-0.1290733,-0.7726782,-0.08633587,-0.3308139,0.08110461,-0.049128357,-0.15794386,-0.00268558,-0.019246042,0.07593193,-0.012334159,0.013706487,-0.0005502546
0.04295138,-0.03251245,-0.18150856,-0.10372349,-0.21784553,-0.112968385,-0.15358187,0.008664735,-0.2679079,-0.051709887,0.14953396,-0.39212072,-1.1688184,0.5537153,-0.015505829,-0.20766568,0.04226326,0.011556773,-0.2140811,-0.20456326,-0.31860232,0.038750906,-0.009959185,0.0033771768,0.012287347,-0.30433184,-0.010497102,0.031949412,-0.012406396,-2.0365367,-0.022712026,0.5674408,0.060574144,-0.27371892,-1.2364773,-0.106217645,-0.34269115,0.09582157,0.01764136,0.19295116,-0.025293488,-0.016883211,-0.00072602043,-0.016233014,-0.025276342,0.001961899
0.04295138,-0.03251245,-0.55747616,-0.13652618,-0.21454467,0.25016478,-0.14298557,0.036064457,-0.3446472,-0.051709887,0.19501014,-0.3676679,-1.0510702,-0.4184712,-0.048437733,-0.18298042,0.07579447,0.011556773,-0.2322006,-0.20378584,-0.22932084,0.052132882,-0.0066360324,0.0033771768,0.01143063,-0.3011069,-0.010863694,0.037857596,-0.0028612115,-2.097845,-0.0017205086,0.64415073,0.0504299,-0.12895754,-1.2844273,-0.11012613,-0.32097927,0.055084884,-0.02428415,-0.17321779,-0.0038627165,-0.018539544,-0.011384934,0.010405556,0.013706487,0.002635268
0.05203065,-0.09552431,-0.55747616,-0.13679077,-0.22804314,0.2369764,-0.055643935,0.036064457,-0.44462132,-0.042282756,0.19788663,-0.45278883,1.2389787,-0.62482154,-0.043101788,-0.037921183,0.07579447,0.022574455,-0.1098397,-0.20378584,-0.48850033,0.06612095,-0.0050031967,0.0033771768,0.012594291,-0.3056286,-0.010863694,0.033428326,-0.0028612115,-1.968563,-0.04005186,0.51198286,0.086313084,-0.1518295,-1.2827055,0.013736598,-0.32097927,-0.1960952,0.005388244,-0.19995143,-0.025165832,0.008494415,-0.011384934,-0.011353863,-0.061564587,0.002635268
0.04202417,-0.03251245,-0.53797525,-0.13797928,-0.2143023,0.23879977,-0.02288106,0.036064457,-0.29971322,-0.051709887,0.20577368,-0.37488908,-1.0231174,-0.4771446,-0.048893504,-0.19602592,0.07579447,0.011556773,-0.18071596,-0.20378584,-0.19496182,0.06294859,-0.0010308569,0.0033771768,0.01143063,-0.2950446,-0.010497102,0.037857596,-0.0028612115,-2.2099037,-0.0017205086,0.64296895,0.086313084,-0.09598008,-1.3025737,-0.11012613,-0.3328565,-0.106274575,0.0075118616,0.19799462,-0.031056331,-0.022915857,-0.019327952,-0.011353863,0.013706487,-0.0014861496
0.04295138,-0.03251245,-0.583653,-0.1370352,-0.2143023,0.23154666,-0.02288106,0.036064457,-0.30592585,-0.051709887,0.20773083,-0.3736839,-1.058922,-0.47802296,-0.056691375,-0.19602592,0.04961764,0.011556773,-0.18071596,-0.20378584,-0.20221496,0.06294859,-0.002761425,0.0033771768,0.01143063,-0.30463946,-0.010497102,0.037857596,-0.0028612115,-2.2100751,-0.00088197086,0.63920957,0.086313084,-0.097503796,-1.3098266,-0.06323838,-0.3328565,-0.106274575,0.0075118616,0.18253163,-0.031056331,0.013849091,-0.019327952,0.010405556,0.013706487,0.00022272847
-0.056462593,0.0055855284,0.07954464,-0.032555584,-0.0028363343,-0.7294834,0.01140227,-0.23299311,0.39052436,-0.91402626,0.15401168,-0.20012245,-0.9092594,-0.4199878,0.10598492,-0.28532884,-0.35052076,-0.0032577661,0.110858835,0.057969835,-1.0401518,-0.29671454,-0.012756412,-0.025972553,-0.0217024,-0.35343087,-0.023034789,-0.12874392,0.0005046589,0.6750069,-0.144518,0.7826222,-0.15825658,-0.08311769,0.04479411,-0.12283138,0.116677955,0.023528915,0.009596646,-0.20935784,-0.05803712,-0.003481248,-0.021172995,-0.08540481,0.024693511,-0.012673835
-0.049460392,0.008127145,0.054059546,-0.03739213,-0.021535566,-0.47758117,-0.018408373,-0.19456121,0.13476989,-0.36756554,0.12515923,-0.23707049,0.11264716,-0.2166738,0.16724333,0.018271554,-0.181276,-0.053553864,0.0618379,0.044134114,-0.8684858,-0.23256743,-0.009068001,-0.01532387,-0.13680504,-0.33048996,-0.04356698,-0.14016694,0.00034671673,0.38407576,-0.17419747,-2.7734642,-0.15035956,-0.08597803,-0.2649696,-0.12160718,0.11756734,-0.27990186,0.011720263,0.19025765,0.09245844,0.0014385497,-0.016779585,-0.064897954,0.01218497,-0.010368705
-0.04867771,0.010142264,-0.0097756535,-0.041999303,-0.008059764,-0.40727267,-0.019765366,-0.28467995,-0.14531197,-0.33200902,0.111953534,-0.23414262,-0.8316616,-0.34405717,-0.16353294,-0.17362949,-0.181276,-0.013067709,0.0848123,0.044134114,-0.6694947,-0.22661124,-0.0060629533,-0.01532387,-0.07593483,-0.33289084,-0.048606053,-0.14016694,0.00034671673,0.39571342,-0.1467002,-2.333226,-0.15035956,-0.097898856,-0.038340684,-0.12160718,0.116677955,-0.18993178,0.009596646,-0.18582971,-0.07833536,-0.00028461404,-0.011957606,0.089063294,0.011455684,-0.013969531
-0.04867771,0.0071385144,-0.036614202,-0.03780041,-0.005979838,-0.4668896,-0.021235812,-0.28467995,0.16763537,-0.33200902,0.116036005,-0.2872299,-0.8222041,-0.46145758,-0.13257228,-0.20373546,-0.181276,-0.013067709,0.082722194,0.044134114,-0.7470092,-0.23256743,-0.0070298696,-0.01532387,-0.06546363,-0.33048996,-0.04356698,-0.14016694,0.00034671673,0.41520408,-0.17574522,-2.6039975,-0.15035956,-0.08777845,0.1419261,-0.12160718,0.116677955,-0.18993178,0.009596646,-0.14667098,-0.03390917,0.011408515,0.011316275,-0.064897954,-0.015995074,-0.010368705
-0.049039092,0.012512312,0.07019689,-0.1132656,0.024098653,-0.3847195,-0.14840119,-0.27069488,0.15037061,-0.3721692,-0.30614424,-0.338563,0.20375232,-0.60470504,-0.13529776,-0.09171185,-0.181276,-0.053553864,0.06140622,0.044134114,-0.85108656,-0.17181386,0.0044902693,-0.01532387,-0.07968642,-0.35145646,-0.048606053,-0.14016694,0.00034671673,0.36402303,-0.14559546,-2.820458,-0.101335935,-0.07017641,0.1674521,-0.120959915,0.116677955,-0.24373879,0.009596646,-0.1637242,0.05127994,0.0046388004,-0.011957606,-0.094489284,0.01218497,-0.013969531
-0.07164522,0.0071385144,0.10719354,0.14946619,-0.17384933,-0.41829497,-0.24443747,-0.19167224,0.1561242,0.013205302,-0.31476712,-0.36427027,-0.91000074,-0.29329076,0.03068469,0.34451827,-0.18256165,-0.013067709,0.061481427,0.06709139,-0.07974443,-0.17763579,-0.012450171,-0.009984933,-0.07593483,-0.39976817,-0.078732446,-0.14016694,0.00034671673,0.46136284,-0.1471432,-3.1928322,-0.101335935,-0.0746815,0.17367873,-0.13031207,0.116677955,-0.21769568,0.016163202,-0.15689032,-0.072757795,0.001442167,0.005576914,-0.064897954,-0.015995074,-0.010368705
-0.2555375,0.05825607,0.0802793,0.06841856,-0.230988,-0.5690628,-0.31591225,-0.28472325,-0.1860479,0.017529009,-0.2540982,0.45205995,-0.26957542,-0.36062148,-0.18344995,-0.0028723017,-0.35035416,-0.0063610906,0.05333549,-0.04485988,-0.38120285,-0.13013598,-0.0018635441,-0.009984933,-0.17239828,0.1143486,0.23156953,-0.12237464,0.00034671673,0.49621746,0.027525749,-1.1259269,-0.14639477,-0.09746261,0.31947127,-0.13040839,0.10898421,0.13153854,0.04825302,-0.17226256,-0.03873562,0.01067234,-0.044442646,-0.01850749,-0.027962232,-0.0012064283
-0.22787316,-0.09249103,0.06435717,0.1036192,-0.43486947,-0.34547636,-1.2911658,0.07868292,-0.41521704,0.035852015,-0.3053226,0.3180548,-0.53304756,0.40676382,0.04944636,-0.012164284,-0.12673718,-0.0063610906,0.062090065,-0.20655721,-0.61312634,-0.2924168,-0.0043214825,-0.0033186087,0.017576495,0.10335219,0.075301655,-0.05063509,0.0012745624,0.59945416,-0.03376922,0.52887225,-0.26010436,-0.3233018,0.25304422,-0.038295187,-0.1044684,0.018806223,-0.142013,0.19742845,-0.018864352,-0.0142015675,-0.0041699177,-0.020571185,-0.08257612,-0.0028156922
-0.20766897,-0.11731249,0.066633664,-0.12583502,0.040635306,-0.038641445,-1.2964563,0.110074684,-0.44532377,0.019378614,-0.22528262,0.43407464,-0.6008228,0.35843635,-0.055025585,0.022584537,-0.07712898,-0.0063610906,0.06238863,0.056448843,-0.1392346,-0.07817077,-0.0043214825,0.0062309634,0.017576495,-0.056905854,0.04208084,-0.04705975,0.0012745624,0.6717395,-0.0650275,0.7164974,-0.25876573,-0.3184485,0.2872075,-0.100345194,-0.31044114,0.019295659,-0.13989304,-0.19481711,-0.04812499,0.0068549807,-0.016991163,0.027289363,-0.10277692,0.003934155
0.044029173,-0.04876846,-0.5781653,-0.1097248,-0.0050799903,-0.21119267,-1.1590418,0.123311944,-0.3438073,-0.026262652,0.1566996,-0.32271937,-1.0475988,-0.32285747,-0.026128827,-0.32396686,0.05134347,0.011556773,-0.20656389,0.057667997,-0.50001913,0.08349772,-0.00927747,-0.016422981,0.012855287,-0.3386683,-0.015235659,-0.12267952,0.0008393744,1.0143416,0.013776976,1.1573778,0.050699722,-0.12372042,0.26392296,-0.15403925,-0.4219086,0.037791383,0.01404325,0.19343989,-0.042427126,-0.016954567,-0.010502748,-0.07880017,-0.024536356,-0.0021423232
0.05444547,-0.03251245,-0.3469746,-0.022272032,-0.121673435,-0.056097545,-0.13011868,0.04932695,-0.1460515,0.009579107,-0.33283585,-0.4312059,-1.1893458,-0.47856033,-0.026304025,-0.18868661,0.053212017,0.046386015,-0.118241064,0.062131945,-0.64717615,0.013824057,-0.0068195327,0.011921053,0.040301245,-0.17362851,-0.025290191,0.037163418,-0.0016639752,-1.2025751,-0.054168038,-1.74766,0.06751802,-0.16625535,0.22513436,-0.061079405,-0.3363087,-0.022497794,0.009596646,-0.14357664,-0.053416688,0.01524719,-0.029187197,0.0967988,0.008346548,-0.0010729682
0.05052651,-0.03251245,-0.3591382,-0.08705346,-0.16115347,0.13547827,-0.16182679,0.02474884,-0.14110725,0.00991112,-0.43819216,-0.38667312,-1.0304039,-0.46397364,-0.04861293,-0.14340138,0.024188671,0.046386015,-0.12668055,-0.16724557,-0.1100667,0.048953313,-0.0034963803,0.005636961,0.03802391,-0.22215685,0.05800686,0.042897608,-0.0016639752,-1.372781,0.026802845,-1.6067274,0.06751802,-0.11369455,-0.8198088,-0.02187264,-0.3328565,-0.1039549,0.0075118616,0.15904209,-0.042517427,-0.0021820469,-0.019640835,-0.0037548242,-0.012762787,0.0008189813
0.05237725,-0.026980279,-0.52093637,-0.098094195,-0.22905776,0.1539985,-0.02064978,0.031071175,-0.29971322,0.034872327,-0.22302851,-0.3645854,-1.0743557,-0.42618126,-0.052615248,-0.215435,0.07579447,0.011556773,-0.24534869,-0.20378584,-0.2328008,0.06247791,-0.0066360324,0.0033771768,0.01143063,-0.29150775,0.0018067812,0.037857596,-0.0028612115,-2.297006,-0.0017205086,0.6215922,0.061219066,-0.15575027,-1.2840459,0.021425929,-0.3328565,0.01930358,0.009834848,0.1802333,-0.03896427,-0.022915857,-0.019125462,0.010405556,0.013706487,-0.0014861496
0.04295138,-0.03251245,-0.55747616,-0.13593091,-0.2143023,0.1672561,-0.02064978,0.036064457,-0.30592585,-0.051709887,-0.18291035,-0.36338022,-1.2729143,-0.43407902,-0.029000226,-0.25456282,0.07579447,0.011556773,-0.24534869,-0.20378584,-0.06548733,0.045791555,-0.0013949283,0.0033771768,0.01143063,-0.3026859,-0.010497102,0.037857596,-0.0028612115,-2.2107582,-0.00088197086,0.6195213,0.061219066,-0.15221158,-1.3063835,-0.102436796,-0.3328565,0.07316347,0.0075118616,0.16709328,-0.03202257,-0.0014755502,-0.028671825,0.010405556,0.013706487,0.00022272847
0.04879349,-0.03251245,-0.5666141,-0.13593091,-0.2143023,0.15191695,-0.02064978,0.032771435,-0.29971322,-0.01859958,-0.41772777,-0.38318697,-1.2255831,-0.4720214,-0.029000226,-0.24804237,0.04961764,0.011556773,-0.2324176,-0.20378584,-0.23411523,0.0342947,-0.0013949283,0.0033771768,0.01143063,-0.20016193,-0.010497102,0.037857596,-0.0028612115,-2.1854134,-0.0017205086,0.67382574,0.050649013,-0.097503796,-1.3098266,-0.039448123,-0.3328565,0.07316347,0.009834848,0.1803884,0.11668242,-0.023622354,-0.019327952,0.010405556,0.013706487,-0.0014861496
0.04295138,-0.03251245,-0.56415206,-0.1354423,-0.2143023,0.14833316,-0.02288106,0.036064457,-0.30314735,-0.051709887,-0.2296475,-0.27118662,-1.0032105,-0.4934443,-0.029000226,-0.21769197,0.04961764,0.011556773,-0.18071596,-0.20378584,-0.23433618,0.06294859,-0.0013949283,0.0033771768,0.012296526,-0.30584574,-0.010497102,0.037857596,-0.0028612115,-2.2166567,-0.00088197086,0.58526856,0.082385294,-0.09645724,-1.3154398,-0.05554905,-0.3328565,-0.061288986,0.0075118616,0.18811287,0.11780458,-0.0014755502,-0.011587426,0.010405556,0.013706487,0.002635268
0.04295138,-0.03251245,-0.513934,-0.13593091,-0.21891573,0.2327077,-0.02064978,0.036064457,-0.29174492,-0.051709887,0.20773083,-0.37220064,-1.2433769,-0.46576294,-0.02967165,-0.25563133,0.07579447,0.011556773,-0.2324176,-0.20378584,-0.23433618,0.047050107,-0.0013949283,0.0033771768,0.01143063,-0.29172486,-0.010497102,0.037857596,-0.0028612115,-2.1520844,-0.0017205086,0.632898,0.06514686,-0.09744023,-1.3098266,-0.11012613,-0.3328565,0.07316347,0.0075118616,0.19799462,-0.031056331,-0.022915857,0.07626063,0.010405556,0.013706487,-0.0014861496
0.04295138,-0.016601773,-0.583653,-0.13687499,-0.21891573,0.15043472,-0.009615507,0.036064457,0.39303264,-0.051709887,-0.21191059,-0.38518977,-1.1153886,-0.4599503,-0.020496974,-0.24870634,0.04961764,0.011556773,-0.24534869,-0.20378584,-0.21987067,0.043749947,-0.009146975,0.0033771768,0.01143063,-0.27295446,-0.010497102,0.037857596,-0.0028612115,-2.2194397,0.0018699656,0.76337874,0.061219066,-0.09293981,-1.3205673,-0.05554905,-0.32097927,0.04465344,0.005388244,-0.12272935,-0.031056331,-0.008533077,-0.019327952,0.010405556,0.012350521,0.00022272847
0.052795675,-0.011069604,-0.49689516,-0.14010464,-0.23367119,0.16062015,-0.011846788,0.032771435,0.31955302,-0.01859958,-0.4352293,-0.38900372,-1.1115483,-0.44571173,-0.020496974,-0.23236068,0.07579447,0.011556773,-0.18071596,-0.20378584,-0.1946308,0.053554185,-0.009146975,0.0033771768,-0.020338852,-0.2018984,-0.010497102,0.037857596,-0.0028612115,-2.304611,0.0036337033,0.75269604,0.07181524,-0.09249151,-1.311837,0.014149514,-0.3328565,-0.106274575,0.009834848,0.11310634,-0.032178495,-0.023622354,0.07626063,-0.007455007,0.012350521,-0.0005502546
0.053142276,-0.026980279,-0.52379614,-0.13572727,-0.22930013,0.15210536,-0.04669903,0.029514305,-0.29383737,-0.01859958,-0.44498298,-0.3788794,-1.0708584,-0.48367926,-0.026703533,-0.22857633,0.07579447,0.011556773,-0.2322006,-0.20378584,-0.23400517,0.028230596,0.0003356397,0.0033771768,-0.020338852,-0.202488,0.0021733742,0.037857596,-0.0028612115,-2.2649322,-0.0017205086,0.6480207,0.050649013,-0.0973462,-1.3083493,-0.006007993,-0.3328565,0.040367927,0.0075118616,0.1827114,-0.032178495,-0.023622354,-0.011587426,0.010405556,0.013706487,0.002635268
0.05237725,-0.011069604,-0.540835,-0.13607608,-0.23391356,0.15452807,-0.13605723,0.032807324,0.31955302,-0.051709887,-0.23352541,-0.37680635,-1.135612,-0.4577609,-0.020496974,-0.20219466,0.07579447,0.011556773,-0.2322006,-0.20378584,-0.2330267,0.043314468,-0.009146975,0.0033771768,0.01143063,-0.29831737,0.0021733742,0.037857596,-0.0028612115,-2.2264576,0.0036337033,0.70923537,0.061219066,-0.09290692,-1.3205673,0.0012684218,-0.3328565,0.06887794,0.0075118616,0.11542933,0.11780458,-0.022915857,-0.019327952,0.010405556,0.012350521,0.00022272847
-0.30485484,0.012813764,0.09063315,0.0756241,0.047062285,-0.25581488,0.044285268,-0.09466873,0.16245402,0.011692375,0.07543742,0.46923286,-0.48807055,0.41397965,0.030341208,0.1415543,-0.043511778,-0.053553864,0.03616848,-0.15597187,-1.0362945,-0.14542289,0.0045014513,-0.01532387,0.076243274,0.091240816,-0.065934554,-0.0811613,0.0012115805,0.36621842,-0.046988115,-3.214133,-0.06112727,0.24768785,-0.3150384,0.021125048,0.08381217,-0.2551174,0.009596646,-0.16330661,-0.06163426,0.0068443115,-0.030432539,-0.086585276,0.01934024,-0.011780981
-0.28847975,0.02733654,0.18311922,-0.13054885,0.008248392,-0.14844224,0.050680332,-0.25486845,0.1791724,0.012490274,0.09782896,0.32932872,-0.48930305,-0.21610403,-0.1613673,0.14035748,-0.0023809273,-0.053553864,0.03745443,-0.114375785,-0.05898922,-0.13222389,0.0045014513,-0.009984933,-0.17239828,0.15824275,-0.04476113,-0.061113548,0.00048814924,0.40651047,0.014368207,-3.7892108,-0.009695165,0.21163699,-0.36552912,0.18527061,0.10781333,-0.26736265,0.009596646,-0.1675788,-0.06469618,0.011259098,-0.010692296,-0.086585276,0.02080971,-0.0034380201
-0.28235722,0.009142764,0.09308831,0.23930109,-0.035010334,-0.13131873,0.043605287,-0.22943051,0.18836515,0.03140288,0.16647175,0.27510267,0.11954636,-0.3600141,-0.17106894,-0.05579971,-0.35035416,-0.0063610906,0.046309758,0.06974588,-1.5868864,0.08580982,0.002964691,-0.01532387,-0.17239828,0.13902919,-0.03901428,-0.07436626,0.00048814924,0.44035664,0.018646413,-1.9472574,0.04550393,0.2785377,-0.3881295,-0.11862617,0.11030067,-0.27405196,0.009596646,-0.1675788,-0.057378262,0.014279019,-0.010692296,-0.086585276,0.02080971,-0.0021423232
-0.23799297,0.009142764,0.0722032,0.13140598,0.05137474,-0.1617899,0.04098728,-0.19640622,0.18312828,0.030354131,0.15862313,-0.21145706,0.023006938,-0.56694674,-0.15809424,-0.061305452,-0.18256165,-0.053553864,0.044559643,0.079802305,-1.0424355,0.08529228,0.0034062671,-0.01532387,-0.07968642,0.22881742,-0.03901428,-0.061113548,0.00048814924,0.4059592,0.070248224,-3.3812938,0.07497684,0.27466187,-0.21430759,-0.12025478,-0.12458659,-0.28946579,0.009596646,-0.16168164,-0.058685012,0.018830841,-0.014322859,-0.086585276,0.01934024,-0.0034380201
-0.16315195,0.006601148,0.06311018,0.007732084,0.055334195,-0.16862512,0.04544333,-0.19640622,0.17394443,0.021724902,0.14399695,-0.27544382,-0.6492462,-0.49481553,-0.13257228,-0.20619322,-0.18256165,-0.013067709,0.111154094,-0.022139834,-0.17044573,0.07852604,0.005832169,-0.009984933,-0.06546363,0.23354284,-0.03901428,-0.09215858,0.00048814924,0.5814504,0.046806645,-3.716446,0.07497684,0.30230615,-0.003559648,-0.11247177,-0.13959926,-0.23505795,0.009596646,-0.14119808,-0.07213104,0.018830841,-0.014704069,-0.08485488,0.010938144,-0.0034380201
-0.16315195,0.008154133,0.07220189,0.040303536,0.003497988,-0.16225067,0.045244593,-0.223381,0.17095332,0.021724902,0.14399695,-0.36740384,-1.0832543,-0.40968275,-0.1500827,-0.21382703,-0.18256165,-0.013067709,0.08889703,-0.21357137,0.16677271,0.066974945,0.005832169,-0.009984933,0.040301245,0.23438627,-0.03901428,-0.09215858,0.00048814924,0.583966,0.04194851,-3.3372548,0.12647086,0.29593727,0.21710047,-0.11247177,-0.24102095,-0.22635493,-0.13989304,-0.12697583,-0.06511467,-0.020676278,-0.014704069,-0.026625888,0.011457593,-0.0034380201
-0.06155516,0.031721707,0.29494566,-0.0673887,0.05028747,0.091403365,0.06493175,0.25716114,0.4454455,0.07826385,0.24823307,-0.3115344,1.4763589,-0.1386917,-0.043341033,-0.0985,-0.17047761,-0.0063610906,0.054545004,-0.25037166,0.31663743,0.12878363,0.0123126265,-0.0033186087,-0.033798166,0.2236067,-0.018254973,-0.01546285,0.0008393744,0.85342836,0.015315898,1.5552973,0.1309239,0.2563847,0.46446988,0.11391155,-0.16825862,-0.22310384,0.04168646,-0.1261174,-0.025437796,0.018830841,0.002710782,-0.025616966,-0.07236641,0.004607524
0.27783734,-0.021046415,0.32599092,-0.029271573,0.050019473,0.362655,0.06970647,0.2420124,0.4790959,0.07826385,0.26701483,0.37444913,0.20032515,-0.33167875,-0.058898743,-0.09600357,0.23655388,-0.0063610906,0.06470479,-0.20303836,0.21763521,0.13195598,0.0123126265,0.0062309634,-0.03043069,0.15108448,-0.018254973,-0.010348969,0.0008393744,0.8823571,0.0036985304,1.5625193,0.13170487,0.27207956,0.4786643,-0.0100109605,-0.06713636,-0.17367955,0.011728089,-0.13201456,-0.025437796,0.014279019,-0.010228633,-0.014826135,0.042929888,-0.0021423232
0.08034974,-0.021046415,-0.17792705,-0.0014191926,0.008048402,0.46973476,0.06502579,0.018985197,0.44245666,0.07826385,0.24757122,0.62666905,0.63851094,0.81515735,-0.019056195,-0.011116197,0.0536219,0.022574455,-0.14486781,-0.19251993,0.14595208,0.13484424,0.0123126265,0.0062309634,-0.038594738,-0.031340595,-0.01875816,0.026246656,0.003639581,1.0362747,-0.02088878,1.5699098,0.1323049,0.2406873,0.51279396,0.03372461,-0.16133648,-0.21965683,0.003942651,-0.122077815,-0.02280563,0.009874903,-0.012313291,-0.028936617,0.023232285,-0.0028156922
0.054959957,-0.011069604,-0.17039824,0.011526143,-0.014862032,-0.11575131,-0.012099786,0.028777996,0.1641042,0.036414906,0.16149178,-0.45711124,-1.2675309,0.68872994,-0.01385088,-0.19753179,0.0415184,0.011556773,-0.15641135,-0.16802299,-0.83214897,0.097216606,0.005832169,0.007592776,-0.07046726,-0.31525695,-0.016811108,0.041064795,-0.0041299667,-1.4823787,-0.0063463477,-1.139489,0.08602767,0.23128723,-0.6375749,0.012428712,-0.27292284,-0.14001778,0.004423253,-0.15080376,-0.05144621,0.005096649,-0.022336565,-0.032652464,0.0083484575,-0.0021595187
0.053274106,-0.011069604,-0.33582106,-0.034815803,-0.13674039,-0.056752764,-0.05036748,0.03759942,0.17420097,-0.005349481,-0.3411833,-0.39464557,-1.0574473,-0.48731428,-0.025187835,-0.20164268,0.0503655,0.046386015,-0.13403696,-0.16724557,-0.550335,0.01568898,0.005832169,0.007592776,-0.05999608,-0.22752705,-0.016811108,0.042897608,-0.0016639752,-1.2734349,0.011133034,-1.9291012,0.06751802,0.1619289,-0.51546913,-0.010909885,-0.28453645,-0.15867837,0.004423253,-0.13470925,-0.06275365,0.0077879187,-0.025922932,-0.032652464,0.0083484575,-0.0027818463
0.052162632,-0.011069604,-0.33582106,-0.052953843,-0.16967289,-0.04197687,-0.36748776,0.021491706,0.16410051,0.00991112,-0.43114448,-0.3039416,-1.1149431,-0.45277882,-0.025450438,-0.16813196,0.04924481,0.046386015,-0.12942798,-0.15734059,0.04873753,0.010880625,0.0060868245,0.005636961,-0.05999608,0.12766069,-0.0034148076,0.04754198,-0.0016639752,-1.2755234,0.029218398,-1.8963234,0.078700595,-0.08241801,-0.7006923,-0.00809232,-0.3707796,-0.11804198,0.013194757,-0.16980217,0.14897779,0.02074106,-0.02564239,-0.026386783,0.00790649,-0.0027818463
0.051989377,-0.011069604,-0.32906497,0.19318505,-0.22306411,-0.040732548,-0.51842284,0.029514305,0.31822076,0.010358557,-0.47662926,-0.25306544,-1.2004037,-0.36165962,-0.021781916,-0.21498984,0.07467379,0.011556773,-0.22468339,0.08302884,-0.2255295,0.041917212,-0.018760085,0.0033771768,-0.020338852,0.16275528,0.0261113,0.039162587,-0.0028612115,-2.0934432,0.046981726,0.8128709,0.061831594,-0.058889143,-0.7806151,-0.006007993,-0.15262714,0.09217799,-0.05124831,0.13424699,-0.042648047,-0.031720378,0.07654117,-0.017302306,0.012350521,-0.0005502546
0.050946347,-0.026980279,0.232396,-0.009927169,-0.21845068,-0.04813473,-0.5091408,0.12897287,-0.3425226,0.010358557,-0.47350138,-0.26098493,-1.2356168,-0.21153829,-0.040869653,-0.22084633,0.23381226,0.011556773,-0.20656389,0.07163835,-0.039517857,0.02877292,-0.00927747,0.0033771768,-0.020338852,0.1412431,0.0261113,0.039162587,-0.0028612115,-2.037236,0.05551847,0.6760125,0.061831594,-0.10907853,-0.8694262,-0.040294465,-0.36377808,-0.009940804,0.013194757,-0.2175361,-0.042648047,0.02074106,0.00059744995,0.015274469,-0.02055685,0.002635268
0.051989377,-0.026472267,0.23064943,0.0019491776,-0.21845068,-0.1447452,-0.5022681,0.12897287,-0.34084678,0.010358557,-0.4794799,-0.3056787,-1.1433322,-0.21834148,-0.040869653,-0.22084633,0.23381226,0.011556773,-0.19817859,0.05610047,-0.20848165,0.04065866,-0.00927747,0.0033771768,0.01143063,0.12214,0.0261113,0.039162587,-0.0028612115,-1.9780138,-0.12731737,0.70464987,0.047114633,-0.10713728,-0.7629061,-0.041866753,-0.15779214,0.0035011454,-0.049128357,-0.18027766,-0.0068431124,-0.019195568,-0.008937024,-0.010697672,-0.02055685,-0.0005502546
0.048779424,-0.03251245,-0.5344588,-0.098223455,-0.21138634,-0.03521699,-0.5022681,0.043930013,-0.33830684,0.004784506,-0.39445752,-0.30794662,-1.0417403,-0.40626803,-0.047766313,-0.18944854,0.04961764,0.011556773,-0.2140811,0.08367315,-0.19143672,-0.025436394,-0.0066360324,0.0033771768,0.01143063,0.113530874,0.03279845,0.039162587,-0.0028612115,-2.0172575,-0.13656849,0.56599534,0.05337109,-0.12715182,-0.8590058,-0.039448123,-0.04848731,0.04196168,0.013194757,-0.19480614,-0.030914422,0.00073759165,-0.011384934,-0.012334159,-0.02055685,0.002635268
0.04539575,-0.03251245,-0.5134433,-0.15361248,-0.21454467,-0.02253526,-0.5022681,0.067897625,-0.27351823,0.029607302,-0.09949475,-0.25305814,-1.0405676,-0.37624392,-0.047766313,-0.04615665,0.04961764,0.011556773,-0.2322006,-0.20775852,-0.20962234,0.049937814,-0.0066360324,0.0033771768,0.01143063,0.14800249,0.017843293,0.039162587,-0.0028612115,-2.127193,-0.1109812,0.53820294,0.091126055,-0.100290105,-0.85537064,-0.05554905,0.19224964,0.05468393,0.015318374,0.18994568,0.11780458,-0.022865383,0.07593193,-0.01441199,0.012351857,-0.0005502546
0.05089126,-0.03251245,-0.17626058,-0.13477956,-0.2132321,-0.03463501,-0.5173169,0.0073667583,-0.31909692,0.015112689,-0.42682642,-0.34720567,-1.1429353,0.5294254,-0.037164487,0.0056252694,0.031907797,0.011556773,-0.2322006,-0.25463206,-0.32818645,0.03466243,-0.0066360324,0.0033771768,0.012287347,0.12810758,-0.010863694,0.0322726,-0.012406396,-1.9994112,-5.0176866e-05,0.5166066,0.057258874,-0.2759239,-0.89207864,-0.051361024,-0.17284234,0.08421392,0.013194757,-0.19619288,-0.03924416,0.017343294,-0.0057269908,0.01634376,0.013706487,-0.00045064057
0.050310645,-0.03251245,-0.17334773,-0.16033511,-0.21239024,0.17353867,-0.6141996,-0.0024070907,-0.26765785,0.023470469,-0.5401623,-0.3297721,-0.9511797,0.48844966,-0.088917896,0.3760592,0.031907797,0.011556773,-0.1323335,-0.25463206,-0.31026965,0.013845729,-0.018201357,0.0033771768,0.012287347,0.13990948,0.0021733742,0.0332544,-0.012406396,-2.1015003,0.006490133,0.5103157,0.041648034,-0.27410507,-0.946776,-0.051361024,-0.15945213,-0.16950025,0.0075118616,0.20653303,-0.014154825,0.014119964,0.024640629,-0.007455007,-0.025276342,0.00016133254
-0.040547006,-0.03251245,-0.19566533,-0.11451175,-0.21239024,0.23124798,-0.6415351,-0.0011091172,-0.26136965,-0.043863002,0.2063874,-0.3776452,-0.9512885,0.49425003,-0.0689106,0.34071702,0.031907797,0.011556773,-0.20480241,-0.20456326,-0.35333514,0.04281101,-0.018201357,0.0033771768,0.012287347,-0.30846968,0.0021733742,0.031949412,-0.012406396,-2.1195471,-0.01813554,0.5431115,0.075291105,-0.2727201,-0.9498208,-0.060377795,-0.3328565,0.08160021,0.0075118616,0.20067562,0.047019374,0.010451324,-0.008466549,0.010405556,0.013706487,-0.0021595187
-0.058571786,-0.03251245,-0.44290754,-0.14768545,-0.21409996,0.22923617,-0.52378553,0.014411554,-0.32613012,-0.05222078,0.21234138,-0.34798732,-1.0442309,-0.26883313,0.044504534,-0.0036327452,-0.041920632,0.011556773,-0.22338678,-0.20378584,-0.2228056,0.052132882,-0.0066360324,0.0033771768,0.012287347,-0.2990462,-0.010863694,0.037857596,-0.0028612115,-2.1434133,-0.0017205086,0.57222503,0.06514686,-0.1365543,-0.9387798,-0.0147955045,-0.32097927,0.08160021,0.011954801,-0.17321779,-0.0264011,-0.018539544,0.07593193,0.010405556,0.013706487,-0.0014861496
-0.050412428,0.0071385144,0.022430409,-0.081735164,0.025072845,-0.36125118,-0.50806177,-0.1852721,0.12793128,-0.36184826,-0.3225717,-0.31540492,-0.6976299,0.7678414,-0.1546412,0.124343105,-0.07345148,-0.013067709,0.07960747,0.044912554,-0.6700512,-0.16480435,-0.012450171,-0.01532387,-0.07593483,-0.34937528,-0.048606053,-0.10555811,0.00067203585,0.42021027,-0.16633739,-2.4818015,-0.11499553,-0.18153363,0.1101175,-0.03397516,0.11756734,0.082344025,0.01404325,0.1551136,-0.055295598,-0.014478126,-0.016186468,-0.094489284,0.010938144,-0.022312492
-0.061106674,0.0071385144,-0.011688009,-0.06618905,0.007876384,-0.4176361,-0.23332487,-0.30129373,0.13043235,-0.3820599,-0.31288883,-0.3005303,-0.6490994,-0.4586618,-0.2579899,0.28661042,-0.181276,-0.013067709,0.06909593,0.044134114,-0.08684084,-0.20169817,-0.012450171,-0.009984933,-0.06546363,-0.4343453,-0.019865874,-0.14016694,0.00034671673,0.46836278,-0.16738994,-3.038835,-0.101335935,-0.09855431,0.15774468,-0.12916066,0.11756734,-0.21112567,0.01404325,0.16049539,-0.061295204,-0.019924015,-0.025538048,-0.094489284,0.010938144,0.0062879883
-0.04867771,0.0071385144,-0.0097756535,-0.094182305,-0.001340573,-0.33686814,-0.12617375,-0.28467995,0.15129559,-0.33200902,-0.11235296,-0.26835105,-0.8829153,-0.4429494,-0.15456112,-0.16672572,-0.181276,-0.013067709,0.09489216,0.044134114,-0.6283781,-0.21288103,-0.00088484725,-0.01532387,-0.06546363,-0.26595014,-0.048606053,-0.14016694,0.00034671673,0.4391268,-0.14803904,-2.5771565,-0.1407332,-0.112812445,0.1585534,-0.13016357,0.116677955,0.11464505,0.009596646,-0.16335563,-0.074374005,-0.003481248,0.01422379,0.089063294,0.010938144,0.034867045
-0.04867771,0.0071385144,-0.0097756535,-0.042700145,-0.0073746354,-0.3924586,-0.104866065,-0.28467995,0.160497,-0.33200902,-0.11180807,-0.28631413,-0.87271065,-0.38552606,-0.13273033,-0.18133366,-0.181276,-0.013067709,0.10349046,0.044134114,-0.710462,-0.2294781,-0.0042079994,-0.01532387,-0.06546363,-0.30071926,-0.048606053,-0.14016694,0.00034671673,0.433254,-0.1471432,-2.663747,-0.1407332,-0.069359414,0.14097601,-0.13016357,0.116677955,0.11464505,0.016163202,-0.15204518,-0.08139038,0.011408515,-0.016779585,-0.064897954,-0.015995074,-0.010368705
-0.049039092,0.016772933,0.052393097,-0.035986964,0.022918426,-0.3847195,-0.094901636,0.20122723,-0.14170997,-0.33661267,-0.333409,-0.29324684,-0.65779275,-0.42775416,-0.06736034,-0.13859488,-0.181276,-0.013067709,0.10771024,0.039104294,-0.69788855,-0.17677915,0.0014485654,-0.01532387,-0.06546363,-0.3399135,-0.048606053,-0.14016694,0.00034671673,0.4309579,-0.1467002,-2.4608827,-0.101335935,-0.05319675,0.1381682,-0.15160713,0.16255409,-0.097884774,0.016163202,-0.16811384,-0.07390845,0.010821758,-0.013535667,-0.064897954,0.0077909045,-0.013969531
-0.061106674,0.05825607,0.052393097,-0.06306881,0.021404516,-0.4069445,-0.0667322,0.21208218,-0.11821557,-0.3919694,-0.33371997,-0.40501046,1.1162683,-0.73289824,-0.08558961,0.16789083,-0.181276,-0.053553864,0.036681738,0.039104294,-0.045418378,-0.18286651,0.007918866,-0.009984933,0.0445109,-0.56474376,-0.019865874,-0.109121926,0.00034671673,0.32557443,-0.14416328,-2.932203,-0.101335935,-0.058766138,0.1849997,-0.15000126,0.16255409,-0.1079496,0.016163202,-0.1885974,-0.054372024,0.010821758,-0.026325947,-0.064897954,0.009979105,-0.013969531
-0.11047864,0.05825607,0.06059519,0.3044861,-0.10212926,-0.15777913,-0.0052274875,0.14682102,-0.13205357,0.017529009,-0.24016805,0.5479334,1.7883432,0.9350185,-0.039789513,0.014423946,-0.08963474,-0.0063610906,0.06019275,0.06503567,0.41878238,-0.09553558,0.0063821063,0.029736247,0.076243274,0.15540345,0.23156953,-0.04103719,0.00067203585,0.6397728,-0.042370867,-0.9775419,-0.16524354,-0.0031483362,0.5925841,0.010271886,0.15560359,0.19198665,0.04825302,-0.16726126,0.07002978,0.006257555,0.012428568,-0.006668959,-0.025258744,-0.0028156922
-0.07577191,0.05825607,0.06960512,0.11303152,0.05469674,-0.1899857,0.035025023,0.15687887,-0.31076542,0.053791054,-0.13986108,-0.2154998,1.3558699,0.9105397,-0.06330898,0.18495665,-0.11697173,-0.0063610906,0.07168842,-0.031984434,0.22658038,-0.08790389,0.00051598286,0.0062309634,0.015578546,0.20719579,0.028549446,-0.045260232,0.003639581,0.8407041,-0.08419932,1.355599,-0.06606356,-0.01762723,0.4833524,0.01219972,0.2028912,0.14838004,0.046133067,0.20644724,-0.005454597,-0.01389137,0.0152363535,-0.020571185,-0.07177989,-0.0028156922
-0.063243546,0.07746547,-0.120312065,-0.1308468,0.051627412,-0.13045898,0.0047869002,0.11377171,-0.3164727,-0.013325203,0.1424752,0.54435724,0.6193487,1.087181,-0.034540076,0.07360439,-0.064171754,-0.0063610906,0.09991462,0.058793273,0.13444793,0.080658734,-0.0010207774,0.0062309634,0.017576495,-0.022179062,-0.014402965,-0.07486194,0.003639581,0.9005324,-0.018379278,1.3872422,0.055470657,-0.036656022,0.48332232,-0.14446472,-0.119007915,0.20663068,0.011720263,0.21664049,0.039343234,-0.008732216,-0.01572834,0.098147765,0.042647094,-3.52168e-05
0.044029173,-0.11731249,-0.5781653,-0.07032362,-0.0056905868,-0.16415614,-0.028990444,0.070987,-0.4994931,-0.01776439,0.12319622,-0.24316749,0.19423236,-0.82861775,-0.033870004,-0.20507678,0.055432383,-0.0063610906,-0.20522209,0.057667997,-1.2798328,0.057504453,-0.0035038549,-0.016422981,0.019879362,-0.29497272,-0.022484282,-0.12267952,0.0008393744,0.8525086,0.009349012,0.6054297,0.050249644,-0.084032,0.35970232,-0.15403925,-0.4100313,0.07621865,0.009596646,-0.25160527,-0.054727215,-0.028793808,-0.019892639,0.098147765,0.013753525,0.00063815224
0.051465537,-0.10105648,-0.3786391,-0.037979778,-0.11580302,-0.058379553,-0.08307025,0.04814083,-0.21294732,0.014252104,-0.30454284,-0.47743824,1.1516263,-0.7792077,-0.032981154,-0.08104125,0.024188671,-0.053553864,-0.08128019,0.07047869,-0.72329515,0.05558585,-0.0025764243,0.007592776,0.042233568,-0.24584863,-0.016811108,0.03846833,0.00048814924,-1.0333836,0.03010844,-1.8713998,0.06763203,-0.09670471,-0.50726026,-0.014191659,-0.3363087,-0.19913869,0.004423253,-0.19760086,-0.048955206,0.016365923,-0.015606759,-0.024534065,0.0105347475,0.0008189813
0.05262428,-0.03251245,-0.3786391,-0.08269291,-0.15741125,0.13220428,-0.022646058,0.02474884,-0.16228348,-0.015954264,-0.45853537,-0.3400106,-0.9451314,-0.50227284,-0.18119866,0.4626279,0.024188671,0.046386015,-0.10304075,-0.21325862,-0.094122015,0.04350226,0.0024092237,0.005636961,0.03802391,0.13424988,0.06332185,0.04754198,-0.0016639752,-1.4714004,0.043992378,-1.618319,0.078700595,-0.09676474,-0.8295267,-0.02187264,-0.32097927,-0.1392983,0.005388244,-0.18944009,-0.04722049,0.0017701965,-0.015606759,-0.0037548242,0.0042398022,0.0008189813
0.04329798,-0.03251245,-0.5503095,-0.14278226,-0.2143023,0.25108647,-0.013777029,0.034364197,-0.3578527,-0.051709887,0.19501014,-0.37309834,-1.082942,-0.49347198,-0.02967165,-0.25456282,0.07579447,0.011556773,-0.24534869,-0.20784163,-0.21429746,0.048083805,-0.0013949283,0.0033771768,0.01143063,-0.26623908,0.027302165,0.037857596,-0.0028612115,-2.215309,0.0029234122,0.6278728,0.06514686,-0.10042153,-1.281984,-0.11012613,-0.16300772,0.01930358,0.005388244,-0.21031244,-0.043825183,0.008494415,-0.01739391,-0.007455007,0.013706487,-0.0005502546
0.04295138,-0.03251245,-0.55747616,-0.10007438,-0.2143023,0.23794903,-0.02064978,0.034364197,-0.35475734,-0.051709887,0.19435407,-0.38058406,-1.2761306,-0.48463598,-0.02967165,-0.25456282,0.07579447,0.011556773,-0.24534869,-0.20378584,-0.033289462,0.048832722,-0.0013949283,0.0033771768,0.01143063,-0.27210003,-0.010863694,0.037857596,-0.0028612115,-2.1642487,-0.0034842463,0.6491318,0.06514686,-0.100881144,-1.2733499,-0.11012613,-0.32097927,0.01930358,0.011954801,-0.20599277,-0.0264011,-0.008533077,-0.019327952,-0.007455007,0.0148617765,-0.0014861496
0.04295138,-0.03251245,-0.55747616,-0.13916056,-0.2143023,0.15800902,-0.02288106,0.036064457,-0.30331826,-0.051709887,-0.2296475,-0.37488908,-1.3122697,-0.487493,-0.029000226,-0.23174904,0.07579447,0.011556773,-0.16259645,-0.20378584,-0.020400483,0.06294859,-0.0013949283,0.0033771768,0.01143063,-0.29436153,-0.010497102,0.037857596,-0.0028612115,-2.2092206,-0.0054584555,0.6925048,0.082385294,-0.097151965,-1.2991306,-0.102436796,-0.3328565,-0.106274575,0.009834848,0.1803884,-0.031056331,-0.022915857,-0.028874313,-0.007455007,-0.025276342,-0.0005502546
0.04295138,-0.03251245,-0.55747616,-0.1370352,-0.21891573,0.14874408,-0.02288106,0.036064457,-0.34988436,-0.051709887,-0.21181108,-0.3832725,-1.3348078,-0.48463598,-0.056019954,-0.1965683,0.07579447,0.011556773,-0.17409824,-0.20378584,-0.017870108,0.070548475,-0.002761425,0.0033771768,0.01143063,-0.27679735,-0.010863694,0.037857596,-0.0028612115,-2.2158947,-0.0034842463,0.7070454,0.082385294,-0.09753668,-1.3024645,-0.102436796,-0.32097927,-0.106274575,0.005388244,-0.18706636,-0.044749025,0.008494415,-0.024822146,0.010405556,0.013706487,0.002635268
0.04412194,-0.016601773,-0.57710075,-0.15112303,-0.21891573,0.23879977,-0.017602503,0.014411554,0.3241429,-0.051709887,0.20221782,-0.3794948,-1.3051255,-0.46458384,-0.001928159,-0.04125773,0.07579447,0.011556773,-0.16778487,-0.20378584,-0.22564547,0.064207144,-0.010513472,0.0033771768,0.01143063,-0.29436153,-0.010497102,0.037857596,-0.0028612115,-2.257844,0.0036337033,0.8194859,0.086313084,-0.09148875,-1.3153427,-0.11012613,-0.3328565,-0.004918047,0.0075118616,0.13071252,-0.031056331,-0.022915857,-0.019327952,-0.007455007,0.012350521,-0.0005502546
0.05203065,-0.011069604,-0.55747616,-0.13797928,-0.23367119,0.1513552,-0.017602503,0.036064457,0.39875832,-0.051709887,-0.20659137,-0.38640082,-1.2326015,-0.46306127,-0.04797216,-0.2140517,0.07579447,0.011556773,-0.16778487,-0.20378584,-0.21665533,0.07042067,-0.010513472,0.0033771768,-0.020338852,-0.27469093,-0.010863694,0.037857596,-0.0028612115,-2.2335284,0.0018699656,0.7850546,0.082385294,-0.09293981,-1.315171,0.021425929,-0.32097927,-0.0176403,0.005388244,-0.13281041,-0.044749025,-0.008533077,-0.019327952,0.010405556,0.012350521,0.00022272847
0.05203065,-0.011069604,-0.52379614,-0.13916056,-0.23367119,0.16062015,-0.017602503,0.029514305,0.3345302,-0.051709887,-0.24528855,-0.37681222,-1.2099912,-0.44542134,-0.02095243,-0.21290396,0.07579447,0.011556773,-0.16778487,-0.20378584,-0.19133061,0.067379504,-0.010877544,0.0033771768,-0.020338852,-0.30288482,-0.010497102,0.037857596,-0.0028612115,-2.2466335,0.004472241,0.7155069,0.082385294,-0.09271267,-1.316736,0.0012684218,-0.3328565,-0.106274575,0.0075118616,0.1140178,0.11780458,0.013849091,-0.019327952,-0.007455007,0.012350521,-0.0005502546
0.05203065,-0.011069604,-0.48025405,-0.1370352,-0.23367119,0.16062015,-0.017602503,0.029514305,0.32669142,-0.051709887,-0.24528855,-0.3780174,-1.120371,-0.43660966,-0.02095243,-0.23464924,0.07579447,0.011556773,-0.18071596,-0.20378584,-0.2238677,0.067379504,-0.010877544,0.0033771768,-0.020338852,-0.29346132,-0.010497102,0.037857596,-0.0028612115,-2.308383,0.0036337033,0.7330425,0.082385294,-0.09300095,-1.311837,0.0012684218,-0.3328565,-0.0176403,0.0075118616,0.11542933,0.11780458,-0.022915857,0.07626063,-0.011353863,0.012350521,-0.0014861496
0.05203065,-0.026980279,-0.540835,-0.13593091,-0.22905776,0.23531882,0.011372767,0.032807324,-0.30592585,-0.051709887,0.22009867,-0.36951807,-1.1411184,-0.47326672,-0.02967165,-0.25456282,0.07579447,0.011556773,-0.24534869,-0.20378584,-0.23070498,0.04896391,-0.0013949283,0.0033771768,-0.020338852,-0.29957128,-0.010497102,0.037857596,-0.0028612115,-2.2788892,0.0031668553,0.66395223,0.06514686,-0.097503796,-1.3132483,0.009824814,-0.3212429,0.04465344,0.0075118616,0.18253163,-0.031056331,0.013849091,-0.019327952,0.010405556,0.013706487,0.00022272847
-0.0002570455,-0.016004613,0.033649288,-0.043100614,-0.017953357,-0.4759859,0.05563602,-0.29806218,-0.13890195,-0.36353362,0.12044371,-0.25267908,-0.6251181,-0.32935816,-0.28712448,0.397621,0.12756234,-0.013067709,0.06427132,0.044134114,-0.718324,-0.24184684,0.0025582374,-0.01532387,0.040301245,-0.33252308,-0.05251994,-0.044321336,0.00034671673,0.42360717,-0.16693246,-2.771476,-0.15035956,-0.09663853,-0.0321767,-0.011689594,0.11629502,-0.21885598,0.011720263,0.19509524,-0.021648344,-0.019924015,0.011316275,-0.094489284,0.011455684,-0.013969531
-0.0002570455,-0.016004613,0.06048784,-0.11920439,-0.005979838,-0.41636905,0.029634759,-0.24817485,-0.14205503,-0.34218347,0.23961595,-0.24780641,-0.75017726,-0.40867427,-0.16279235,-0.030755363,0.12756234,-0.013067709,0.08574912,0.044134114,-0.64953125,-0.18973127,0.001608377,-0.01532387,0.040301245,-0.33252308,-0.057559013,-0.044321336,0.00034671673,0.44017816,-0.16693246,-2.7216294,-0.15035956,0.091866985,0.0095764315,-0.011689594,0.09376984,-0.22180459,0.01404325,0.18545622,-0.08139038,-0.019924015,-0.016779585,0.0969673,0.011455684,-0.013969531
-0.0023548163,-0.03393681,0.06048784,-0.053705823,0.026648363,-0.24307331,0.029487923,-0.24817485,-0.17336449,-0.37774,0.10582573,-0.34172702,1.0972477,-0.17350271,-0.15259969,-0.07891279,0.12756234,-0.053553864,0.041411728,0.044134114,-0.817457,-0.18973127,0.0009367422,-0.01532387,0.061417248,-0.35321665,-0.057559013,-0.06333424,0.00034671673,0.3026798,-0.14673609,-2.7958827,-0.15035956,0.09481222,-0.16142538,-0.011689594,0.09288046,-0.25392634,0.016163202,-0.20387132,-0.067591935,0.011408515,-0.026325947,0.0969673,0.013643883,0.0062879883
-0.104840726,-0.012668145,0.15079951,-0.1225911,-0.11274548,-0.22493841,0.030694172,-0.23418978,-0.07912975,-0.33566508,-0.29931694,-0.387913,0.9777263,-0.46511132,-0.15192828,-0.08032889,0.12756234,-0.053553864,0.042255312,0.044134114,-0.59160393,-0.08271867,0.0009367422,-0.01532387,0.0445109,-0.5096081,-0.05371409,-0.06333424,0.00048814924,0.30422753,-0.14673609,-2.801646,-0.055176247,0.23059604,-0.27821752,-0.004253789,0.09717677,-0.26209897,0.016163202,-0.18834446,-0.059897203,0.010821758,-0.022273779,-0.086585276,0.013643883,-0.013969531
-0.1016733,-0.012668145,0.15079951,0.14563659,-0.12777257,-0.14276813,0.04032456,-0.25967425,0.17749803,-0.36279252,-0.31880403,-0.40495,0.99153596,-0.5317822,-0.16549776,-0.08032889,0.12868303,-0.053553864,0.042924013,0.06709139,0.16505715,-0.04252046,0.002964691,-0.009984933,-0.07968642,-0.5353193,0.20806655,-0.06333424,0.00048814924,0.3822846,-0.14807492,-3.4449859,-0.055176247,0.17489369,-0.20603989,-0.004253789,0.09717677,-0.24031709,0.04168646,-0.1715435,-0.04684594,0.010821758,-0.026325947,-0.018764377,0.013643883,-0.013969531
0.24840955,-0.021046415,0.32981387,0.17092839,-0.39453843,-0.036324613,0.068606496,-0.13529427,0.4591771,0.025047848,-0.26844984,0.41612625,0.14960517,-0.2761166,0.13652764,0.00048498204,0.2531489,-0.0063610906,0.07623734,0.07866189,0.10520923,-0.016647264,0.011657629,-0.0033186087,-0.03043069,0.06460128,0.07222582,0.026311172,0.0008393744,0.82704514,0.028490875,1.5087204,0.04678835,0.17601404,0.4689127,0.042319465,0.10993243,0.09486866,0.04825302,-0.13613756,-0.02149652,0.01067234,0.019500151,-0.0222739,0.030178444,-0.0021423232
0.05024869,-0.021046415,0.33751944,0.12247004,0.051323824,0.2974935,0.07560279,-0.16016242,0.45872387,0.07826385,0.25277105,-0.16788432,1.3405107,-0.4355256,0.1551864,-0.11779806,0.2446368,-0.0063610906,0.07924724,0.10567336,0.0811815,0.087190144,0.011657629,-0.0033186087,-0.02563412,0.28126338,0.04923475,0.030046796,0.0008393744,0.8910536,0.073534004,1.6525856,0.09111698,0.16631314,0.4750105,0.064436495,0.14882728,0.1277124,0.018294645,-0.1241968,-0.025034903,0.018830841,0.0017154287,-0.0114830695,-0.028171342,-0.0021423232
0.05888646,-0.021046415,0.36911854,-0.102392145,0.027599877,0.4900787,0.06492738,0.25067154,0.4568198,0.07826385,0.2870997,-0.23459126,0.6539276,-0.3535388,-0.05557516,-0.16613066,0.2435161,0.022574455,0.10994627,0.08651183,0.11731344,0.12841119,0.011657629,-0.0033186087,-0.02563412,0.27906033,-0.015235659,0.049059696,0.0008393744,1.0129557,0.07040392,1.7786547,0.098239385,0.17749788,0.4657137,0.07183819,-0.11234115,0.09572968,0.010509208,-0.11697318,-0.027133355,-0.020676278,-0.017018333,-0.029382735,0.028887568,-0.0021423232
0.06486179,-0.012190129,0.22805558,-0.16277196,-0.019454608,0.3746508,-0.09958553,0.21379106,0.17995305,-0.04323535,0.22085744,-0.39762405,-1.0091478,-0.40590334,-0.04203191,-0.21118845,0.13425876,0.011556773,0.09863464,0.039216887,-1.2575207,0.101937935,0.0050028223,0.003694418,-0.06546363,-0.35798284,-0.040806923,0.13575411,-0.0016639752,0.6089112,0.028383797,-2.8078666,0.08297551,0.10620688,0.24979763,-0.0013771746,-0.31664464,-0.18609463,0.003942651,-0.14690585,-0.078368686,0.014455706,0.0006146445,-0.031675942,0.010938144,0.00063815224
0.058700513,-0.012190129,0.21733223,0.052960802,-0.20665446,0.2926551,-0.11611046,0.13126478,0.17726792,0.02132506,-0.5041355,-0.48178056,-0.79868364,-0.37568572,-0.04136049,-0.20660518,0.12868303,0.046386015,0.113163464,0.05751655,-0.83239174,0.07092297,0.005832169,0.014828975,-0.06546363,-0.14535224,-0.044329427,0.060835607,-0.0016639752,0.58251566,-0.05638825,-3.589737,0.06847767,0.12120371,0.24941425,-0.030916564,-0.27667895,-0.19384435,0.010509208,-0.14611913,-0.08122803,0.010633752,-0.009209877,-0.02994554,0.010938144,-0.0034380201
0.05619513,-0.028100803,-0.31632018,-0.06149614,-0.2612321,-0.0566963,-0.35809925,0.02659018,-0.15484703,0.010926304,-0.36950254,-0.45877224,-1.014399,-0.32328275,-0.027550153,-0.20575057,0.052312788,0.046386015,-0.048770465,-0.16724557,0.060189363,0.04633664,-0.000979869,0.0058003883,-0.07046726,-0.18552466,-0.014609642,0.0665698,-0.0016639752,0.5816061,0.02420057,-2.6190739,0.06847767,-0.106278524,-0.76008326,0.006187467,-0.36457083,-0.15020177,0.013194757,-0.1632412,-0.060347877,0.011752486,-0.018386625,-0.008633976,-0.014285225,-0.0034380201
0.05339918,-0.011069604,-0.5042952,-0.13196884,-0.4273305,-0.046128355,-0.5898596,0.029514305,-0.29856527,0.029294588,-0.4589842,-0.34524968,-1.1732332,-0.47404057,-0.027988475,-0.2141338,0.07579447,0.011556773,-0.2322006,-0.24979886,-0.19072376,0.03717167,-0.009959185,0.0033771768,0.01143063,0.12468437,0.027302163,0.039511915,-0.0028612115,-0.79862684,0.023611054,0.7566514,0.061831594,-0.09334022,-0.91907007,0.0038513085,-0.3308139,0.06887794,0.019761313,-0.21014471,-0.043224283,0.012163055,-0.019327952,-0.012334159,0.013706487,-0.0014861496
0.053142276,-0.011069604,-0.5332706,-0.14372633,-0.2226194,-0.030712746,-0.5134957,0.045089316,-0.23173948,0.010358557,-0.44325197,-0.29279298,-1.1944871,-0.35479575,-0.027988475,-0.20827731,0.07579447,0.011556773,-0.2322006,-0.25385466,-0.1945623,0.025929425,-0.009959185,0.0033771768,0.01143063,0.12986222,0.027302165,0.039162587,-0.0028612115,-2.0863614,0.017203398,0.55519027,0.068088055,-0.15002377,-0.86390066,0.014149514,-0.050134238,0.02724472,0.013194757,-0.22975253,-0.02430012,0.0017701965,-0.024619656,-0.012334159,0.013706487,-0.0014861496
0.053142276,-0.026980279,-0.5332706,-0.14372633,-0.23346885,-0.035588108,-0.50969064,0.031071175,-0.33455428,0.015112689,-0.46901578,-0.31536275,-1.1435335,-0.30406964,-0.02543623,-0.2141338,0.07579447,0.011556773,-0.2140811,-0.25385466,-0.18988033,0.025929425,-0.009959185,0.0033771768,-0.0232335,0.12986222,0.027302165,0.039162587,-0.0028612115,-2.08278,0.013465448,0.5582505,0.061831594,-0.13190596,-0.8604055,0.023903204,-0.17284234,0.02724472,0.013194757,-0.22550823,-0.042648047,0.0017701965,-0.019125462,-0.012334159,-0.025276342,-0.0005502546
0.052795675,-0.026980279,-0.5404373,-0.10101846,-0.23391356,-0.048725568,-0.5135933,0.031071175,-0.33404458,0.007832993,-0.36961895,-0.38148442,-1.0902607,-0.4209218,-0.047766313,-0.18944854,0.07579447,0.011556773,-0.2322006,-0.20378584,-0.19497816,0.030348722,-0.0066360324,0.0033771768,0.01143063,-0.20980805,-0.010863694,0.037857596,-0.0028612115,-2.0771105,-0.0017205086,0.5673922,0.035932053,-0.132302,-0.84926146,0.023903204,-0.3308139,0.04196168,0.019761313,-0.15794386,-0.04357189,-0.019246042,-0.019125462,-0.012334159,0.013706487,-0.0005502546
0.053142276,-0.026980279,-0.5404373,-0.13607608,-0.23391356,0.15883926,-0.5135933,0.032771435,-0.33404458,-0.019110475,-0.41683626,-0.37744907,-1.0789089,-0.4174008,-0.047766313,-0.18944854,0.07579447,0.011556773,-0.2322006,-0.20378584,-0.21604438,0.029489148,-0.0066360324,0.0033771768,0.01143063,-0.21686101,0.0021733742,0.037857596,-0.0028612115,-2.140917,-0.00088197086,0.57773566,0.035932053,-0.12895754,-0.94186264,0.014149514,-0.32097927,0.08359491,0.005388244,-0.16419394,-0.032178495,0.0077879187,-0.015881546,-0.011353863,0.013706487,0.00022272847
0.053142276,-0.026980279,-0.5404373,-0.13607608,-0.23391356,0.15830968,-0.5135933,0.032771435,-0.33404458,-0.019110475,-0.41509354,-0.38395515,-1.1368132,-0.4173853,-0.047766313,-0.18944854,0.07579447,0.011556773,-0.2322006,-0.20378584,-0.21604438,0.031231876,-0.0066360324,0.0033771768,0.01143063,-0.18695824,0.027302165,0.037857596,-0.0028612115,-2.1478975,-0.0034842463,0.56826246,0.050649013,-0.1290291,-0.9435163,0.014149514,-0.32097927,0.06887794,0.005388244,-0.18696411,-0.042648047,0.0077879187,-0.017722609,-0.011353863,0.013706487,-0.0014861496
0.05237725,-0.026980279,-0.55747616,-0.11225816,-0.23391356,0.15830968,-0.5135933,0.036064457,-0.33404458,-0.05222078,-0.2059353,-0.37296882,-1.2282392,-0.414935,-0.047766313,-0.18404892,0.07579447,0.011556773,-0.21926948,-0.20378584,-0.21316005,0.049655795,-0.0066360324,0.0033771768,0.01143063,-0.27852112,0.0018067812,0.037857596,-0.0028612115,-2.093465,-0.0034842463,0.56811106,0.061219066,-0.1312843,-0.93794376,0.021425929,-0.32097927,0.044548046,0.005388244,-0.18696411,-0.044749025,0.008494415,-0.019125462,-0.011353863,0.013706487,-0.0014861496
0.05203065,-0.026980279,-0.55747616,-0.13900034,-0.23391356,0.16032147,-0.5135933,0.036064457,-0.28211772,-0.05222078,-0.22377172,-0.3645854,-1.1610754,-0.41705155,-0.047766313,-0.18298042,0.07579447,0.011556773,-0.2322006,-0.20378584,-0.22762556,0.050222464,-0.0066360324,0.0033771768,0.01143063,-0.29814598,-0.010497102,0.037857596,-0.0028612115,-2.1569614,-0.0017205086,0.56944543,0.061219066,-0.12883018,-0.94186264,0.021425929,-0.3328565,0.06887794,0.0075118616,0.16169183,-0.03202257,-0.022915857,-0.019125462,-0.007455007,0.013706487,-0.0005502546
0.05203065,-0.011069604,-0.55747616,-0.13797928,-0.23391356,0.23269804,-0.50511986,0.036064457,-0.20633863,-0.05222078,0.21005076,-0.37187955,-1.1074835,-0.41482598,-0.048437733,-0.07238085,0.07579447,0.011556773,-0.17785117,-0.20378584,-0.23472638,0.067379504,-0.0066360324,0.0033771768,0.01143063,-0.300054,-0.010497102,0.037857596,-0.0028612115,-2.2272913,-0.0017205086,0.6064043,0.086313084,-0.12918203,-0.9473286,0.013736598,-0.3328565,0.001501183,0.009834848,0.19578023,-0.031056331,-0.022915857,-0.019125462,0.010405556,0.013706487,-0.0014861496
0.05203065,-0.011069604,-0.55747616,-0.13797928,-0.11475489,0.23269804,-0.5089249,0.036064457,0.26680174,-0.05222078,0.21782726,-0.37040213,-1.3983686,-0.40050647,-0.048437733,-0.14132158,0.07579447,0.011556773,-0.16492008,-0.20378584,-0.048274536,0.067379504,-0.01611865,0.0033771768,-0.020338852,-0.2909565,-0.010497102,0.037857596,-0.0028612115,-2.1402674,0.0036337033,0.6905448,0.086313084,-0.12918203,-0.94621307,0.017747592,-0.3328565,-0.05486976,0.0075118616,0.13055742,0.11780458,-0.022915857,-0.028671825,0.010405556,0.0148617765,0.002635268
