tloans_lag1_dm,tmort_lag1_dm,money_lag1_dm,ltrate_lag1_dm,stir_lag1_dm,hpnom_lag1_dm,debtgdp_lag1_dm,cpi_lag1_dm,ca_lag1_dm,rgdpmad_lag1_dm,term_spread_lag1_dm,tloans_gr_lag1_dm,tmort_gr_lag1_dm,money_gr_lag1_dm,hpnom_gr_lag1_dm,rgdpmad_gr_lag1_dm,tloans_gr_roll3_mean_lag1_dm,tloans_gr_roll3_std_lag1_dm,tloans_slope4_lag1_dm,tloans_lag2_dm,tmort_lag2_dm,money_lag2_dm,ltrate_lag2_dm,stir_lag2_dm,hpnom_lag2_dm,debtgdp_lag2_dm,cpi_lag2_dm,ca_lag2_dm,rgdpmad_lag2_dm,term_spread_lag2_dm,tloans_lag3_dm,tmort_lag3_dm,money_lag3_dm,ltrate_lag3_dm,stir_lag3_dm,hpnom_lag3_dm,debtgdp_lag3_dm,cpi_lag3_dm,ca_lag3_dm,rgdpmad_lag3_dm,term_spread_lag3_dm,P_pos_lag1_rdm,P_neg_lag1_rdm,P_neutral_lag1_rdm,net_sentiment_lag1_rdm,P_neg_change_lag1_rdm,P_pos_change_lag1_rdm,net_sent_change_lag1_rdm,P_neg_roll3_mean_lag1_rdm,P_neg_roll3_std_lag1_rdm,P_neg_slope4_lag1_rdm,P_pos_lag2_rdm,P_neg_lag2_rdm,P_neutral_lag2_rdm,net_sentiment_lag2_rdm,P_neg_change_lag2_rdm,P_pos_change_lag2_rdm,net_sent_change_lag2_rdm,P_neg_roll3_mean_lag2_rdm,P_neg_roll3_std_lag2_rdm,P_neg_slope4_lag2_rdm
-0.029127944,0.0,0.0024205514,-0.13244006,-0.11653726,-8.802046e-06,0.035223667,0.02872141,0.047445804,-0.009567574,0.162005,0.023749504,-0.29620945,-0.23304321,0.2021551,0.032748077,-0.013138183,-0.04079894,0.38252985,-0.0035250052,-0.007228623,0.0,-0.097623125,-0.025224265,0.0,0.049960256,-0.07542526,-0.0687392,-0.18518347,-0.663742,-0.022148054,0.002266534,0.0,-0.10131452,0.006053539,-0.032638393,-0.012296164,0.0031598455,0.0,-0.036508158,-4.351761,-0.026507137,-0.010079239,-0.21376042,0.011400802,0.012846032,-0.05205793,0.011134991,-0.045039292,0.012968956,-0.26793608,-0.011091425,-0.007161713,0.17776337,0.06979585,-0.019888308,0.27666146,0.10501852,-0.09117794,-0.045297235,-0.10333785
-0.015677735,0.0,0.0024205514,-0.24232414,-0.07834877,0.004677183,0.03811814,0.030701715,0.061630398,-0.010509871,0.39070585,0.05101582,0.5272519,-0.20519267,0.20671102,-0.29217377,-0.015884811,-0.17083459,0.37012124,-0.012514547,-0.007228623,0.0,-0.061962318,-0.013629619,0.0,0.046206772,-0.08390126,0.008158406,-0.10026796,-0.6608491,-0.05466567,0.002266534,0.0,-0.12002337,0.025455017,0.14278232,0.023357708,-0.007919675,0.0,-0.09142014,-4.53684,-0.0004543895,-0.048142567,-0.18126802,0.0063273953,0.012846032,0.047061402,0.011134991,-0.075182565,0.0076062656,-0.07954822,-0.00016077515,-0.007161713,0.11598457,0.08556851,-0.0056212805,-0.077799655,-0.047781825,0.041412946,-0.118319534,-0.10131985
-0.029127944,0.0,0.0028444985,-0.24864624,-0.082621545,-0.027756697,0.053608257,-0.14929049,0.05770617,-0.12912644,0.33352998,0.02003008,-0.32694715,-0.32877344,0.023514928,0.08045935,-0.019703887,-0.45682633,0.25148016,-0.0035250052,-0.007228623,0.0,-0.076618105,-0.04361951,0.0,0.083289325,-0.10854669,0.017988948,-0.17904189,-0.6566215,-0.05466567,0.0037286836,0.0,-0.16368109,-0.07591576,-0.11413565,-0.008524707,-0.007919675,0.0,-0.25857604,-1.7225642,-0.008265311,0.013085458,0.17373331,-0.014939409,0.004822929,-0.043692067,0.011134991,-0.047254648,-0.03603256,0.02789443,-0.03369856,-0.013291011,0.053999536,0.14142583,0.008565817,-0.25007817,-0.033531893,0.10531347,-0.14781952,-0.118341535
-0.018138437,0.0,0.0023711473,-0.20384477,-0.08912602,-0.017380295,0.02738736,-0.057008773,0.059875704,-0.12912644,-0.07418529,-0.014027747,-0.2595593,-0.22073573,-1.0262921,-0.2753994,-0.014415632,-0.013227442,0.1834096,-0.012514547,-0.007228623,0.0,-0.051639777,0.0043148217,0.0,0.029287206,-0.1069787,0.011718212,-0.20723346,-0.63381153,-0.05466567,0.002266534,0.0,-0.1624636,-0.0301743,-0.19144455,-0.011092735,-0.007919675,0.0,-0.25329483,-2.6700857,-0.01920555,0.012678012,0.21180765,-0.008312557,-0.011668945,0.034295574,-0.013129631,-0.00521679,-0.030822849,0.030206047,-0.03369856,0.02552419,0.117335506,-0.15553275,-0.0008177883,-0.18018527,-0.047781825,0.084323555,0.1566946,0.101902746
-0.033477478,0.0,0.001736338,-0.10375511,0.12659726,-0.017380295,0.037579928,-0.06227946,0.0973336,-0.012414642,-0.102442876,-0.012980799,-0.3055874,0.2568353,-0.088788584,-0.2302952,-0.014643988,-0.4382624,0.18707669,-0.012514547,-0.0023519145,0.0,-0.03678531,0.008968545,0.0,0.03794487,-0.07542526,0.07282817,-0.17171003,-0.8552145,-0.022148054,0.0051938975,0.0,-0.14475662,-0.025974398,-0.18608451,-0.024704399,-0.007919675,0.0,-0.2478521,-3.238644,-0.012850022,0.005924692,-0.1887669,-0.00072438316,-0.00033713412,-0.06716542,-0.045842,0.019744068,0.0158859,-0.2472917,-0.03369856,0.012265276,0.33067977,-0.22210534,-0.020371709,-0.24498573,-0.04648141,-0.0605519,-0.13546732,0.10316232
-0.028853007,0.0,0.0023711473,0.19757842,0.12659726,-0.011450626,0.03310191,-0.060326535,0.08009452,-0.009567574,-0.0025295261,0.041917298,-0.42406875,0.22028619,-0.0019209068,0.34259385,-0.016721254,-0.037076175,0.31887272,-0.0035250052,-0.0012389347,0.0,-0.04710785,0.010743169,0.0,0.041391924,-0.085504055,0.07051934,-0.15217908,-0.52074116,-0.022148054,0.002542798,0.0,-0.14107093,-0.021420352,-0.088656716,-0.03717608,-0.007919675,0.0,-0.24229378,-3.927199,-0.012996557,-0.0043851724,-0.17955989,-0.019153057,-0.019822808,-0.040005315,0.015315927,0.019744068,-0.029493812,-0.17280886,-0.03369856,-0.0070839026,-0.6125246,-0.11861331,-0.020371709,-0.23236035,-0.014745511,-0.06827209,-0.074169494,-0.051390782
-0.017863499,0.0,0.0023711473,0.18948837,0.12659726,-0.008425554,0.03310191,-0.049292073,0.080477305,-0.009567574,-0.014975376,0.0038407166,-0.31298894,0.19974995,-0.024574816,-0.22429574,-0.016721254,0.028378747,0.31182584,-0.012514547,-0.0012389347,0.0,0.077415645,0.0017480776,0.0,0.037518915,-0.09095049,0.015932046,-0.21846764,-0.95063543,-0.022148054,0.002542798,0.0,-0.13759997,-0.028842947,-0.14466667,-0.03717608,-0.0025057537,0.0,-0.24229378,-3.8422382,-0.01520128,-0.018098814,-0.19304876,0.008660195,-0.006489393,0.06787944,-0.045842,0.027022038,-0.063062884,-0.18821993,-0.0004154751,-0.0070839026,0.18172446,-0.22210534,-0.020371709,-0.15303825,-0.043348834,-0.09999655,0.15480241,-0.11436891
-0.036939327,0.0,0.001736338,-0.104844816,-0.14521137,-0.010118671,0.019089004,-0.048831172,0.05263987,-0.009341063,-1.200377,-0.11179481,-0.31147516,-0.26720634,-0.61192477,-0.17023632,-0.051356833,-0.049736947,0.28760993,-0.012514547,-0.007228623,0.0,0.091040865,0.0020516051,0.0,0.031450927,-0.08044573,0.01521702,-0.24579865,-0.354297,-0.022148054,0.002266534,0.0,-0.042646945,-0.019931454,-0.111527056,-0.018819997,-0.0025057537,0.0,-0.15508765,-2.7700813,-0.020290168,-0.01399111,-0.14136182,0.0020162226,0.012846032,-0.05137446,0.00578887,-0.007096588,-0.009764823,-0.16018465,-0.011091425,-0.013291011,-0.0022912985,0.17081866,-0.020625895,0.158702,0.1658895,-0.09741376,0.065721825,-0.103668705
-0.028713033,0.0,0.001736338,0.16573638,-0.08732031,-0.011637364,0.05751735,-0.05182044,0.08563788,-0.01025756,0.3209209,-0.108544044,-0.5112532,-0.20493793,0.015482369,0.0396296,-0.0207672,-0.04432103,0.4624417,-0.0032497542,0.0024950996,0.0,-0.05307567,-0.012818075,0.0,0.055793405,-0.07346776,0.07282817,-0.29330263,0.7920501,-0.05466567,-0.003233947,0.0,-0.04002955,-0.027716486,-0.18602705,-0.014617363,-0.0025057537,0.0,-0.18367325,-4.2196097,-0.014697175,0.004084321,-0.07958756,-0.014939409,0.007992057,-0.06300258,0.011134991,-0.057343204,0.016640905,0.21376413,-0.03369856,-0.013291011,0.050065897,-0.054436464,0.0077739456,-0.20412718,-0.017652463,-0.12237063,-0.1324474,-0.10538326
-0.020063315,0.0,0.002209689,-0.27125904,-0.0070088618,-0.028406827,0.020731866,-0.11380961,0.11436179,-0.007388357,0.27280444,-0.1244,-0.30351675,-0.23664019,-2.3792908,-0.29429308,-0.01917544,-0.0005925512,0.5096846,-0.012514547,0.007839667,0.0,0.0907563,-0.033729523,0.0,0.08181138,-0.16032822,0.018184744,-0.35997713,-0.80106777,-0.05466567,-0.008305209,0.0,-0.057005554,-0.05519674,-0.150627,-0.0085242335,-0.004819425,0.0,-0.15644656,1.4033743,-0.012736758,-0.0057202415,-0.18937112,-0.00072438316,-0.00033713412,0.07573295,-0.07250276,-0.07467758,-0.026939927,-0.3059484,0.04048668,-0.005267038,0.2692114,-0.16860056,-0.0050781146,-0.21807934,-0.043120526,0.061194256,-0.106566004,-0.04270731
-0.018138437,0.0,0.0028444985,-0.28940403,-0.08520201,-0.027756697,0.0327337,-0.14083803,0.028060008,-0.015081488,-0.2758225,-0.06917508,-0.15980673,-0.2939066,-1.3564168,-0.33181167,-0.01917544,-0.37163404,0.22924334,-0.012514547,0.007839667,0.0,-0.066295564,0.035505872,0.0,0.043198194,-0.10254371,0.013233958,-0.23926973,-0.7020868,-0.022148054,-0.008305209,0.0,-0.041003577,-0.052223213,-0.17619893,-0.06234869,-0.0025057537,0.0,-0.25857604,-1.2634721,0.013463368,0.0072592124,0.23684512,-0.008824277,0.034515638,0.040673275,0.011134991,-0.00521679,-0.037712645,-0.25095978,-0.011091425,-0.013291011,-0.51902777,-0.019741837,-0.019579839,0.3477072,-0.04567071,0.07376368,-0.04848532,-0.016815545
-0.029719165,0.0,0.0023711473,-0.15306006,-0.11623419,-0.011450626,0.034908634,-0.048012845,0.056850165,-0.013384664,0.21151905,-0.06341544,-0.39281386,-0.25711107,-0.021447785,-0.1812403,-0.016721254,0.014780993,0.33613184,-0.012514547,0.007839667,0.0,-0.05307567,-0.022517685,0.0,0.039638862,-0.093753114,0.07282817,-0.26019496,-0.77595115,-0.05466567,-0.0050484445,0.0,-0.11998718,-0.025847604,-0.16310628,-0.0988252,-0.0025057537,0.0,-0.1891781,-4.2048473,-0.013953291,0.01580044,0.2463498,-0.025779907,0.032830793,-0.055087008,0.011134991,0.019744068,-0.036000777,0.2121438,-0.03369856,-0.005267038,-0.44404072,-0.052232627,0.0075197597,-0.22570753,-0.048517577,-0.06827209,-0.1152843,-0.047172733
-0.029719165,0.0,0.0015284282,-0.16247536,-0.11797988,-0.012825325,0.03703039,-0.028628908,0.04985012,-0.013384664,0.19573869,-0.049590282,-0.38885733,-0.21652572,-0.0837233,-0.19794764,-0.016721254,0.011622329,0.29592517,-0.012514547,0.007839667,0.0,-0.05307567,-0.023050569,0.0,0.03921291,-0.07222492,0.07174982,-0.28559217,-0.86090213,-0.05466567,-0.0050484445,0.0,-0.1764584,-0.030047506,-0.14612117,-0.0988252,-0.0025057537,0.0,-0.18486878,-4.1686125,-0.016968718,-0.018098814,-0.20031655,-0.0115648825,-0.017812382,-0.06716542,-0.03626174,0.022824567,0.0158859,-0.102418624,-0.03369856,0.02552419,-0.60708874,-0.15260184,0.018038996,-0.20311268,-0.048517577,-0.06827209,-0.13764967,-0.05232308
-0.014655061,0.0,0.0023711473,-0.1451829,-0.11797988,-0.011450626,0.021975633,-0.048012845,0.09678382,-0.013384664,0.26608062,-0.09226187,-0.36663267,-0.21532983,-0.07252837,-0.1902586,-0.014643988,-0.433186,0.26968834,-0.012514547,0.007839667,0.0,-0.07102567,-0.023050569,0.0,0.0592997,-0.09499596,0.07174982,-0.29142138,-0.80488485,-0.022148054,-0.0050484445,0.0,-0.14507602,-0.030047506,-0.12233113,-0.0988252,-0.0025057537,0.0,-0.18486878,-3.7636843,-0.011907445,-0.0028233808,-0.2003005,0.0020162226,0.012846032,-0.009611171,0.011134991,0.04174534,-0.007477217,-0.10461032,-0.0004154751,-0.013291011,0.041669868,-0.08007751,-0.020625895,-0.21202677,-0.043179076,-0.1012394,-0.08871273,-0.06367882
-0.014655061,0.0,0.0028444985,-0.25541946,-0.12316373,-0.027756697,-0.018983822,-0.13077636,0.023109224,-0.013384664,0.4511204,-0.09222909,-0.37900123,-0.243972,0.01582632,-0.21776792,-0.019703887,-0.081666715,0.30986848,-0.012514547,0.007839667,0.0,-0.076618105,-0.039276835,0.0,0.062367477,-0.09095049,0.07665864,-0.22246672,-0.9666719,-0.05466567,-0.008305209,0.0,-0.1495724,-0.06946183,-0.15284453,-0.09273255,-0.0025057537,0.0,-0.19015002,-2.3011053,0.013119742,-0.023092303,-0.19257699,0.008660195,-0.013013298,0.040673275,-0.013129631,0.026489727,-0.01757181,-0.10610921,-0.03369856,-0.013291011,0.15634368,-0.10697448,0.008023201,-0.2263561,-0.044479497,-0.09999655,-0.12827568,-0.10010543
-0.029719165,0.0,0.0021632377,-0.1561069,-0.11797988,0.04050314,-0.03169974,-0.009640502,0.05042033,-0.015081488,0.19743413,-0.06320255,-0.19483823,-0.28787002,-0.055700786,-0.16332977,-0.016721254,0.011367706,0.28958657,-0.012514547,0.007839667,0.0,-0.05307567,-0.019615484,0.0,0.02399588,-0.093753114,0.07282817,-0.17952995,-0.7237525,-0.022148054,-0.0050484445,0.0,-0.17681335,-0.04705935,-0.14670868,-0.0988252,-0.0025057537,0.0,-0.1891781,-4.1931863,-0.012142624,0.012678012,0.26212552,-0.025779907,0.029661663,-0.055087008,0.011134991,-0.005410057,-0.026612822,-0.25317296,-0.011091425,-0.013291011,-0.47527358,0.14574665,-0.020625895,0.30967394,-0.04215459,-0.06827209,-0.044212494,-0.04689359
-0.029994102,0.0,0.0021632377,-0.16283973,-0.11719596,0.04050314,-0.04968274,-0.009640502,-0.07584532,-0.013384664,0.18062398,-0.063039556,-0.30378357,-0.22266231,-0.97121763,-0.1902586,-0.014415632,-0.02553002,0.32368138,-0.012514547,0.007839667,0.0,-0.05307567,-0.022517685,0.0,0.024685629,-0.12156694,0.011718212,-0.21124522,-0.8448197,-0.05466567,-0.0050484445,0.0,-0.1764584,-0.05030542,-0.18811218,-0.1909029,-0.008212237,0.0,-0.1891781,-3.0618203,-0.020308819,-0.0017127472,-0.19984478,-0.0115648825,-0.017812382,-0.05341468,0.011134991,0.02195321,-0.024276964,0.21039039,-0.03369856,0.02552419,-0.61302483,-0.15260184,0.0075197597,-0.14402127,-0.04521525,0.07376368,0.14251542,-0.04537402
-0.029994102,0.0,0.0021632377,-0.2006146,-0.11719596,-0.012825325,-0.2261073,-0.032434873,-0.14703259,-0.013384664,0.24673699,-0.068652764,-0.34066182,-0.22231096,-0.8240557,-0.2033116,-0.013829065,-0.3719995,0.25374687,-0.012514547,0.007839667,0.0,-0.061962318,-0.023050569,0.0,0.025897585,-0.111216545,0.07422955,-0.20204924,-0.7901708,-0.022148054,-0.0050484445,0.0,-0.2034799,-0.062335774,-0.14543314,-0.1909029,-0.008212237,0.0,-0.24898553,-2.4985342,-0.017404787,-0.018098814,-0.20172223,0.032356527,-0.017812382,-0.05341468,-0.03626174,0.02195321,-0.009963348,-0.10327045,-0.03369856,-0.013291011,-0.5655065,-0.09601978,-0.020625895,-0.2234134,-0.043179076,-0.065673284,-0.12635325,-0.04537402
-0.039945,0.0,0.0034028012,0.1717024,-0.08968075,-0.032156073,0.03655119,0.018868543,-0.08508592,-0.008369703,-0.034490645,-0.05170808,-0.25780964,-0.18503752,0.031375043,-0.198383,-0.01358667,0.009157018,-0.84827995,-0.012514547,0.0024950996,0.0,0.10523709,0.008273822,0.0,0.049491048,0.14163375,-0.009282868,-0.12802996,-0.67584765,-0.022148054,-0.003233947,0.0,0.1956912,-0.004844103,0.12108965,0.2075996,0.010809245,0.0,-0.06329719,-3.5375826,-0.018980356,-0.011010371,-0.23786032,-0.025779907,0.032830793,-0.047012925,0.0095861405,0.022674765,0.0053375,-0.16695312,-0.011091425,-0.021960668,-0.48592865,0.10402507,-0.019211546,0.28345636,0.1658895,-0.10536918,-0.074617855,-0.15080915
-0.027972583,0.0,0.0034028012,-0.026616974,-0.0882615,-0.033030234,0.0334405,0.018868543,-0.10238243,-0.008369703,0.09325357,-0.09795679,-0.32667372,-0.24835941,-0.027225116,-0.19882241,-0.013138183,-0.27740005,-0.7122079,-0.012514547,0.007839667,0.0,0.10523709,0.0087291375,0.0,0.0453971,0.13976403,-0.0978766,-0.15008987,-0.5356541,-0.05466567,-0.003233947,0.0,-0.06434497,-0.011820152,0.18002486,0.20727164,0.010809245,0.0,-0.043686006,-3.492395,0.018465042,-0.011010371,0.20572318,0.008660195,-0.013013298,0.06465341,-0.02503233,0.04467604,-0.034113195,-0.1551947,0.04048668,-0.021960668,0.060722385,-0.13951898,0.008934109,-0.20383035,-0.04771148,-0.14253679,-0.104073465,-0.20830877
-0.035583645,0.0,0.0055252155,0.21278293,0.034489464,-0.075995654,0.037305925,0.064040795,-0.08548864,-0.0120858345,-2.138811,-0.008408451,0.48277372,-0.14985764,-0.02487046,0.1497603,-0.16949295,-0.00015853508,-0.8661614,-0.001641511,0.0024950996,0.0,-0.09846642,-0.007983805,0.0,0.061589833,0.14210364,-0.05700447,-0.083331354,0.17362341,-0.022148054,-0.004447696,0.0,-0.040034536,0.01566564,0.16151652,0.0859181,0.010809245,0.0,-0.051321052,-1.4497873,-0.016161576,-0.05477803,-0.054851077,-0.019153057,-0.019822808,-0.034532994,0.005084941,-0.0092160925,-0.039643686,0.18735208,-0.006028881,-0.021960668,-0.5364526,0.14025164,-0.0043072705,0.08894573,0.03956791,-0.11264605,0.04378931,-0.14325926
-0.02205441,0.0,0.009050697,-0.018829148,-0.046131983,0.01409338,0.089492,0.1051626,0.2442744,-0.006307296,0.71917456,0.025124662,0.6947766,-0.17523058,0.42508048,0.055654388,-0.024990655,0.03345614,0.7651917,-0.0032497542,0.007839667,0.0,0.16403084,-0.0060675796,0.0,0.12993361,0.13147861,0.013145341,-0.08030613,0.74292415,-0.022148054,-0.008305209,0.0,0.015810769,0.0177265,0.24117392,0.12873054,0.004391231,0.0,0.046719708,0.889554,0.0171651,0.02538529,0.069835365,0.011400802,0.012846032,0.04949968,-0.03626174,0.021788584,-0.020835241,0.33519843,0.013477583,-0.007161713,0.23618649,-0.10538695,-0.0043072705,-0.062570296,-0.013114168,0.109618954,0.074584395,-0.04440786
-0.02859212,0.0,0.009050697,0.3075536,0.13807052,0.011749955,0.101292014,0.09998121,0.11218292,-0.0035726586,0.581639,0.0024900334,0.3946205,-0.17065966,0.33734274,0.12994032,-0.020944709,-0.04333995,0.7605497,-0.0035250052,0.0024950996,0.0,-0.05778945,-0.009710634,0.0,0.12153244,0.11305933,0.086295694,-0.06326868,-0.25632122,-0.05466567,-0.004447696,0.0,0.03888829,0.020029876,0.19793928,0.098113246,0.004391231,0.0,0.016336473,1.4973092,0.017893149,0.021417746,0.22515346,-0.00072438316,-0.013013298,-0.03624886,0.01817496,0.013411083,0.008165617,0.36956775,-0.006028881,-0.007161713,0.16441551,0.07742721,-0.0021039378,0.10703352,0.104804724,-0.039504662,0.08499337,-0.06978132
-0.026667245,0.0,0.0034801462,0.27186817,0.109810255,0.0025155083,0.038561314,0.034771904,0.06052959,-0.010509871,0.019039674,0.028854622,0.6781322,-0.13780406,-0.06254627,0.1076028,-0.012023376,0.038748577,0.39653236,-0.0035250052,0.0024950996,0.0,0.07605381,-0.00379691,0.0,0.037854254,0.08469888,0.018240882,-0.12094112,-0.6319938,-0.022148054,-0.003233947,0.0,-0.14546098,0.026983727,-0.20861866,0.110155456,0.004391231,0.0,-0.08571704,-4.3876057,-0.010932932,0.016221898,-0.17696449,-0.019153057,-0.019822808,-0.039961405,0.011134991,0.019744068,-0.032299716,0.2646927,-0.011215328,-0.013291011,-0.60068625,-0.13640219,-0.007824613,-0.08133797,-0.033531893,-0.06827209,-0.0552085,-0.05203484
-0.031016778,0.0,0.0030553606,0.24771333,0.123016335,0.0025155083,0.037746187,0.03152004,0.12158184,-0.010509871,0.35672465,0.06302244,0.5459258,-0.15663013,-0.058464743,-0.24054642,0.0043321876,0.027126094,0.3240511,-0.012514547,0.0024950996,0.0,0.0606499,-0.004506664,0.0,0.045604676,-0.085504055,0.017162532,-0.13393793,-0.9692714,-0.022148054,-0.003233947,0.0,-0.051135823,0.019561134,-0.189784,0.110155456,0.0031598455,0.0,-0.24169827,-4.523283,-0.018371081,-0.06123326,-0.20164035,-0.008312557,-0.008499816,-0.055087008,0.011134991,0.027022038,-0.021596275,-0.07670433,0.013477583,-0.013291011,0.12164399,-0.15553275,-0.007824613,-0.07655866,-0.04836404,-0.09095481,-0.06289909,-0.01476098
-0.025357911,0.0,0.0030553606,0.13891488,-0.15222977,0.00059159845,0.01696725,0.030737966,0.12877329,-0.009341063,-1.3184471,-0.123649135,-0.3052331,-0.19848289,-0.8741107,-0.2102679,-0.051356833,-0.050913334,0.26291275,-0.012514547,0.0024950996,0.0,0.05551768,-0.00085059507,0.0,0.026931023,-0.09415083,0.015800608,-0.1469909,-0.44026932,-0.022148054,-0.003233947,0.0,-0.03514774,-0.011820152,-0.14507692,0.22107205,-0.007919675,0.0,-0.14780042,-2.6126933,-0.019921599,-0.018984595,-0.1113812,-0.00072438316,-0.013013298,0.06787944,-0.019791726,0.017243458,-0.064159386,-0.10344777,0.04048668,-0.013291011,0.17798214,-0.15260184,-0.019888308,-0.112910286,-0.035973754,-0.057727203,0.14901659,-0.101737894
-0.016607257,0.0,0.0023711473,0.18222713,-0.14759293,-0.010118671,0.025014454,-0.06018191,0.08157291,-0.009629496,-2.0678277,-0.12576133,-0.25145593,-0.24118063,-0.0065128794,0.008836817,-0.0861346,-0.059923187,0.33505106,-0.001641511,0.0024950996,0.0,0.091040865,-0.0139254015,0.0,0.045065172,-0.09539367,0.018240882,-0.16123231,0.19661726,-0.022148054,-0.003233947,0.0,0.23201562,-0.021029916,-0.18602705,0.2227988,-0.007919675,0.0,-0.16030191,-3.2237365,0.013060547,0.0020006069,0.059758846,0.011400802,0.012846032,0.040784754,-0.005742992,-0.0017690561,-0.016408002,0.20820947,-0.011091425,-0.013291011,0.05915193,-0.040400065,-0.020625895,0.21244636,0.010029745,-0.10307312,0.055702962,-0.11436891
-0.03373313,0.0,0.002209689,0.17251077,0.115107164,-0.053109013,0.05164037,-0.16248591,0.22147012,-0.005944223,-2.617013,-0.038186632,-0.38309115,-0.20576978,0.051468853,-0.12480903,-0.17032939,-0.10542324,-1.373778,-0.0032497542,0.0024950996,0.0,0.08562407,-0.013642769,0.0,0.06309503,-0.180932,0.031042004,-0.1902789,0.2886248,-0.05466567,-0.004447696,0.0,-0.008980226,-0.079314746,-0.10146579,-0.032295533,-0.01355268,0.0,-0.019186383,0.17148007,-0.010918693,-0.01873461,-0.102155626,0.008660195,-0.006489393,-0.059297282,0.005928588,-0.020714737,-0.01236063,-0.048120756,-0.011091425,-0.021960668,0.061962973,0.12536575,0.008565817,0.28182206,-0.011164946,-0.05733856,-0.038492974,-0.4168842
-0.059447043,0.0,0.002209689,-0.040116023,-0.14424191,-0.029068252,0.03373896,-0.15614085,0.21903525,-0.0044301813,-2.969948,-0.15347159,-0.46656632,0.25486487,-1.3491597,-0.106811196,-0.16161236,-0.0097404225,0.42101696,-0.0032497542,0.0025507235,0.0,0.031343445,-0.029706461,0.0,0.049525287,-0.1727112,0.02628701,-0.15397142,0.31306005,-0.022148054,-0.031377196,0.0,-0.0009780023,-0.062303156,-0.057243444,-0.037940986,-0.01355268,0.0,-0.100006476,0.32815716,-0.011786784,-0.018809715,-0.05724086,0.0020162226,0.012846032,-0.07137569,0.008923065,-0.013963559,0.016356524,-0.06836078,-0.03369856,-0.0070839026,0.093440585,0.22082436,-0.020122454,-0.2048983,-0.013881919,-0.07207534,-0.12920497,-0.09196517
-0.062656164,0.0,0.002209689,-0.10945667,-0.1538182,-0.032093324,0.03373896,-0.15614085,0.32980436,-0.0044301813,-2.6520503,-0.15492122,-0.45264956,-0.23617727,-1.3550842,-0.106146485,-0.16161236,-0.0024757935,0.47146896,-0.0032497542,0.007839667,0.0,-0.05474046,-0.029706461,0.0,0.049525287,-0.17567678,0.07169369,-0.1967012,0.31893158,-0.05466567,-0.008305209,0.0,0.09526849,-0.06188365,-0.08994958,-0.015382262,-0.01355268,0.0,-0.111858994,0.30322048,-0.011786784,-0.018809715,-0.05724086,-0.00072438316,-0.003148276,-0.07137569,0.007759195,-0.013963559,0.016356524,-0.05597985,-0.03369856,-0.013291011,0.077515386,0.093490385,0.018542435,-0.20311268,-0.013881919,0.05144328,-0.11570304,-0.09813368
-0.025688482,0.0,0.0028444985,-0.10622587,-0.03899803,-0.05444097,0.053735495,-0.1553225,0.35619417,-0.011375383,0.4897822,-0.09872475,-0.45244583,-0.1574094,-2.0888336,0.009032319,-0.023221385,-0.016943546,-1.8007921,-0.0032497542,0.007839667,0.0,-0.048902806,-0.032075778,0.0,0.092575744,-0.1927327,0.07277204,-0.1981397,0.63468856,-0.05466567,-0.008305209,0.0,-0.02068757,-0.06821931,-0.1470448,-0.030736757,-0.004819425,0.0,-0.08599627,1.0959346,-0.011786784,-0.020696644,-0.0687287,0.0020162226,0.012846032,-0.059297282,0.01144241,-0.091766365,-0.0388701,0.16182227,-0.03369856,-0.021960668,0.10528155,-0.11053426,0.018542435,-0.23564905,-0.013881919,0.035730768,-0.0795,-0.4216909
-0.013739771,0.0,0.0028444985,-0.20759201,-0.11106877,-0.05462771,0.050838176,-0.13922884,0.05968967,-0.008694582,0.31617567,-0.00095889904,-0.42918548,0.3115058,-1.8191724,-0.37632096,-0.021252707,0.020659862,-1.451904,-0.012514547,0.0025507235,0.0,-0.061763633,-0.03747675,0.0,0.08127298,-0.104754806,0.013233958,-0.15056127,-0.57955706,-0.05466567,-0.031377196,0.0,-0.15029477,-0.07094722,-0.22883609,-0.05329547,-0.0025057537,0.0,-0.021766953,0.3104693,0.010655221,0.018299986,0.21180765,0.035097133,0.034515638,0.06787944,-0.024258742,-0.008062456,-0.061591204,-0.17795053,-0.03369856,-0.01575356,-0.4398711,-0.1682884,0.018542435,-0.18018527,-0.043348834,0.09994392,0.149214,-0.40925813
-0.029719165,0.0,0.001736338,-0.19056502,-0.11398822,-0.011637364,0.035223667,-0.04712113,0.1876941,-0.012414642,0.34228253,0.011948707,-0.18648316,-0.24103932,0.007869979,-0.16563906,-0.016721254,-0.062724166,0.29738775,-0.012514547,0.007839667,0.0,-0.061962318,-0.0154525265,0.0,0.04922073,-0.08131478,0.013080148,-0.12655073,-0.7309864,-0.05466567,-0.0050484445,0.0,-0.163812,-0.024258157,-0.15216945,0.019122597,-0.0025057537,0.0,-0.25329483,-4.036224,0.012449038,0.0072592124,0.23403527,0.0035867898,-0.016182426,-0.06716542,0.011134991,0.019744068,0.0040264702,-0.2540619,-0.011091425,0.02552419,0.5119933,0.17547448,0.0075197597,0.22733715,-0.04648141,0.07376368,0.0598183,-0.036583386
-0.029719165,0.0,0.0015284282,-0.17422202,-0.11797988,-0.013012063,0.035223667,-0.028628908,0.18989392,-0.009567574,0.31676233,-0.049753275,-0.492242,-0.24498539,-0.0025312218,-0.19630425,-0.016721254,-0.062469542,0.3679826,-0.012514547,0.007839667,0.0,-0.061962318,-0.015948469,0.0,0.045509547,-0.07222492,0.07282817,-0.18716185,-0.86248535,-0.022148054,-0.0050484445,0.0,-0.19480942,-0.022821743,-0.106722675,-0.00852119,-0.0025057537,0.0,-0.2440901,-4.14075,-0.012883141,-0.0017127472,-0.20302624,-0.008312557,-0.008499816,-0.06716542,0.011134991,0.019744068,0.0158859,0.20881183,-0.03369856,-0.013291011,0.36024556,0.115551636,-0.020625895,-0.22237858,-0.047781825,-0.06827209,-0.14711319,-0.036583386
-0.017863499,0.0,0.0021632377,-0.22182587,-0.107454814,-0.013012063,0.03310191,-0.02610054,0.18485186,-0.009567574,0.3406961,-0.0001387475,-0.45915443,-0.18126549,-0.035128586,-0.2920726,-0.016721254,-0.062469542,0.31270233,-0.012514547,0.007839667,0.0,-0.061962318,-0.019102043,0.0,0.045509547,-0.09095049,0.07051934,-0.20975417,-0.86759835,-0.022148054,-0.0050484445,0.0,-0.2025819,-0.033818692,-0.116956055,-0.014617363,-0.0025057537,0.0,-0.23978078,-4.213127,0.017840061,-0.018098814,-0.18648069,0.008660195,-0.006489393,0.06787944,-0.03626174,0.027022038,-0.045032796,-0.17614356,0.04048668,-0.013291011,0.029926743,-0.13156825,-0.020625895,-0.20388624,-0.043348834,-0.09999655,-0.08511307,-0.019093951
-0.03320254,0.0,0.0015284282,-0.22294405,-0.107454814,-0.013012063,0.035223667,-0.026918864,0.18932371,-0.009567574,-0.05198174,0.008243686,-0.34994683,-0.24498539,-0.011383689,-0.14568828,-0.016721254,-0.06415701,0.31874892,-0.012514547,0.007839667,0.0,-0.061962318,-0.01598541,0.0,0.042038817,-0.07222492,0.07174982,-0.20578434,-0.90016276,-0.022148054,-0.0050484445,0.0,-0.18876292,-0.024258157,-0.107398674,-0.014617363,-0.0025057537,0.0,-0.24898553,-3.8622537,-0.021764029,0.007936486,-0.22798602,-0.014939409,0.007992057,-0.06345287,0.011134991,-0.0015428816,0.017008886,-0.10939897,-0.011091425,-0.013291011,0.004128753,0.17547448,-0.020625895,0.18097603,0.15981483,-0.09999655,0.063554056,-0.10512368
0.0389127,0.0,-0.022214152,0.2120941,-0.10258408,-0.0188163,0.027661856,0.027178455,-0.081018366,-0.011143537,-1.7189306,-0.10909455,-0.29109114,-0.16474582,0.01614013,-0.04744062,-0.08300002,0.008522089,-0.7585222,0.0073731523,-0.0023006254,0.0,0.1437471,-0.015628489,0.0,0.04506114,0.13568002,-0.042773474,-0.21339038,0.18140519,0.019818375,0.0014518662,0.0,-0.038766224,-0.009920788,-0.05402287,-0.034221224,0.010809245,0.0,-0.06704244,-3.050012,-0.001644128,-0.007988018,-0.061937425,0.0020162226,0.012846032,-0.03295207,0.005084941,0.029726561,-0.0010023426,-0.11640877,-0.011091425,-0.021960668,0.17364119,0.08497893,-0.06185473,0.2946665,0.03956791,-0.13029698,-0.08599645,-0.21258987
0.039794013,0.0,-0.063305296,0.23884839,0.05330904,-0.03531794,0.06005776,0.07833064,-0.090623,-0.0062509775,-2.5298517,-0.08391324,-0.49881878,-0.13422832,0.2591412,-0.11332874,-0.16719481,0.008360237,-1.4413804,0.014596474,-0.0023006254,0.0,0.1562794,-0.02938255,0.0,0.07857701,0.15372425,-0.042209577,-0.18236722,0.3034332,0.048915617,0.0019967642,0.0,-0.03345127,-0.01270199,-0.042710174,-0.02734036,0.010809245,0.0,-0.012198742,0.1690277,0.016585492,-0.010369266,-0.061962385,0.032356527,-0.017812382,-0.031113338,-0.016168091,0.022056695,0.0074183457,-0.32889244,-0.03369856,-0.01583137,-0.4977525,-0.058930293,0.032099888,-0.2163255,-0.017652463,-0.098572515,-0.09402258,-0.48178902
0.035123646,0.0,-0.063305296,0.2429611,-0.059674878,-0.03429307,0.04951861,0.06880811,-0.10810683,-0.008964322,-2.3631318,-0.029923998,-0.5085629,-0.13212234,0.14581917,0.09364819,-0.16719481,-0.07008101,-1.4763889,0.0073731523,-0.0023006254,0.0,0.13833033,-0.009474845,0.0,0.07196611,0.35178405,-0.024384225,-0.14704806,0.08463644,0.019818375,0.0019967642,0.0,0.0026605297,-0.012853859,-0.020938199,-0.031713367,0.009511752,0.0,-0.016508058,0.28100663,-0.017015409,0.0143487565,0.048349533,-0.025779907,0.029661663,-0.020341316,0.005928588,-0.019817196,-0.048922192,-0.15439649,-0.03369856,-0.01583137,-0.54056513,0.027183242,-0.060064346,-0.23182678,-0.008619451,-0.05733856,-0.093579076,-0.48092106
0.00639635,0.0,-0.063305296,-0.1300958,-0.074542254,-0.078479275,0.09703351,0.0541737,-0.14460057,-0.011375383,0.37855196,-0.003728509,-0.50664854,-0.24063344,0.062859565,-0.16754909,-0.022692513,-0.08085016,-1.8331401,0.0073731523,-0.007228623,0.0,0.1319571,-0.01696197,0.0,0.12836322,0.1156302,-0.028893994,-0.21282199,0.3496519,0.048915617,0.0037286836,0.0,-0.03817575,-0.022654116,-0.020826586,-0.01999384,0.010809245,0.0,-0.0141780535,0.8686903,0.011086378,-0.04592778,-0.10099653,0.032356527,-0.017812382,0.013279473,-0.037844725,0.041440282,-0.018015217,-0.12913188,-0.03369856,0.036886834,-0.63862157,-0.23710681,-0.0063346755,-0.1614225,-0.0151069695,-0.052184027,0.16347995,-0.40238443
0.025955042,0.0,-0.063305296,-0.18300338,0.06319793,-0.07385705,0.09703351,0.06119545,-0.12541454,-0.0043682586,-0.3623773,0.007770947,-0.53398913,0.3310269,0.1855474,0.037954092,-0.01864657,0.005343332,-1.5195993,0.015833165,-0.0023519145,0.0,-0.08748243,-0.028896881,0.0,0.08701545,0.35212433,-0.07494677,-0.15438396,-0.48859018,0.019818375,0.014087384,0.0,0.010986144,0.00052409526,-0.07209437,-0.04255256,0.046265405,0.0,-0.086163476,1.4848018,-0.022217203,-0.032272022,-0.20900133,-0.0115648825,0.021690458,-0.035899095,0.015623344,-0.037707515,0.0020319638,-0.120106734,-0.03369856,-0.014235216,-0.5471868,0.006969742,-0.057660628,-0.22471741,-0.03229385,-0.056492362,-0.10587882,-0.39677012
0.03193476,0.0,-0.0037167692,-0.12862842,0.13333836,-8.802046e-06,0.03546605,0.02616356,-0.13587667,-0.009567574,-0.08054671,0.07428905,-0.40928024,-0.2195581,0.26796043,-0.19535762,0.010429209,-0.06216237,-0.03087637,0.056208916,-0.007228623,0.0,-0.10650977,-0.007444402,0.0,0.037822895,-0.10332468,-0.08882625,-0.19065848,-0.92103183,0.048915617,0.002266534,0.0,-0.10585293,0.00091892225,0.17110088,-0.032292448,0.009577858,0.0,-0.19292974,-3.8089902,-0.0065365583,-0.02705191,-0.2003005,0.0035867898,-0.013013298,0.021009764,0.011134991,0.016861849,-0.0059107137,-0.1395475,-0.03369856,-0.01583137,0.07021903,-0.030196596,0.03910178,-0.23236035,-0.047781825,-0.11698425,-0.10457806,-0.07201508
0.03529802,0.0,-0.0037167692,-0.031142334,-0.083209306,-8.802046e-06,0.03334429,0.02616356,-0.10730974,-0.009567574,0.21698588,0.020963592,-0.44518498,0.31969267,-0.067228206,-0.2065917,0.010429209,-0.041603073,0.25972313,0.056208916,-0.0023519145,0.0,-0.08276865,-0.0001842326,0.0,0.045813523,-0.11634204,-0.08882625,-0.12744233,-0.9145725,0.019818375,0.0051938975,0.0,-0.112631984,-0.009184354,0.13678047,-0.036337085,-0.013626157,0.0,-0.12410028,-4.33857,0.023185361,-0.010001613,-0.19759081,0.008660195,-0.006489393,-0.02289698,-0.045842,-0.034437206,-0.03521369,-0.15761691,-0.03369856,-0.01575356,0.17541604,0.14178543,-0.061177973,-0.22145596,-0.045456924,-0.09999655,-0.10594528,-0.11622844
0.050601028,0.0,-0.0016407155,-0.046118863,-0.13645269,-0.011933932,0.044030093,0.024967797,-0.09381564,-0.006836968,-1.1391162,-0.11088225,-0.3054479,0.039721243,-0.7687703,-0.18450463,-0.051356833,-0.047128707,-0.49989015,0.056208916,-0.0023519145,0.0,-0.088606305,-0.011684745,0.0,0.026801603,-0.11223346,-0.14609282,-0.16565202,-0.37389985,0.019818375,0.0051938975,0.0,-0.04697426,-0.0053160414,-0.081806704,0.2033619,-0.013626157,0.0,-0.11642473,-2.1541238,-0.024202408,-0.01399111,-0.1113812,0.0020162226,0.012846032,-0.05004379,0.005084941,-0.037901204,0.032999378,-0.084213965,-0.03369856,-0.021960668,0.04377178,0.1987603,-0.06185473,-0.12139073,-0.040406745,0.07649611,0.18507782,-0.19233957
0.017487312,0.0,0.0024205514,-0.12045236,-0.14308256,-0.019987436,0.042964112,0.024097119,-0.12349896,-0.0120858345,-1.7364352,-0.00030184863,0.5576036,-0.27085406,-0.07038753,0.025002414,-0.1054526,0.012609884,-0.74613017,0.0073731523,-0.007228623,0.0,-0.10346078,-0.01602006,0.0,0.040162127,-0.13195914,-0.14365254,-0.15998492,0.21923418,0.048915617,0.002266534,0.0,-0.11960395,0.01830151,-0.20053473,-0.00064082374,-0.013626157,0.0,-0.12617679,-2.7682393,-0.030432962,-0.054356497,-0.05455469,0.0020162226,0.012846032,-0.0224076,0.005084941,-0.051501825,-0.016912824,0.15470083,-0.011215328,-0.021960668,0.09933062,-0.07649406,0.01335039,-0.07502306,-0.011480079,0.123881705,-0.0120462235,-0.19184451
-0.006550519,0.0,0.0028444985,-0.22297059,-0.036893282,-0.054210175,0.10178712,-0.15623021,-0.24824443,-0.029750744,0.46271202,0.0035977792,0.6301429,-0.30530155,-0.007590514,-0.14708179,-0.045145106,0.036974646,-1.6943738,0.0073731523,-0.007228623,0.0,-0.093450256,-0.012160309,0.0,0.11047699,-0.281075,-0.079205655,-0.15131938,0.3759093,0.048915617,0.0037286836,0.0,-0.045177154,-0.15522721,-0.2801132,-0.023783054,-0.019259162,0.0,-0.024745045,0.33220455,-0.030432962,-0.01632535,-0.08416466,-0.014939409,0.004822929,-0.024058847,0.01144241,-0.117553346,-0.033103902,-0.35463223,-0.011215328,-0.021960668,0.12374612,-0.16732553,0.013116244,-0.0789022,-0.0107479235,0.078898706,-0.057941616,-0.37820944
-0.020487862,0.0,0.0028444985,-0.32932115,-0.028815305,-0.03051946,0.05410155,-0.15623021,-0.31106547,-0.02274362,0.3065553,-0.015811607,0.44905856,-0.29916495,0.05310704,-0.30288902,-0.041099157,-0.12086975,0.46488833,-0.012514547,-0.007228623,0.0,-0.100716755,-0.015578726,0.0,0.116569124,-0.27828246,-0.079205655,-0.13660885,-0.81620497,0.048915617,0.0037286836,0.0,-0.06819784,-0.16199452,-0.26228935,-0.048751555,-0.05193732,0.0,-0.10290318,1.7162601,-0.0018821238,0.00015523797,-0.19779369,-0.0115648825,-0.027505416,0.025695208,-0.07250276,-0.035524562,-0.028663494,-0.4972015,-0.0058410307,-0.021960668,-0.6273063,-0.19902106,0.013116244,-0.08278598,-0.047553517,0.040764775,-0.08340869,-0.0735886
0.014617138,0.0,0.0028444985,-0.21161933,-0.07921299,-0.027943434,0.057536736,-0.15391478,-0.15436815,-0.009567574,0.2959336,-0.02966348,-0.3912859,-0.2507758,-0.0010945373,-0.3598161,-0.021781154,-0.10025209,0.2762922,-0.012514547,-0.007228623,0.0,-0.107277475,-0.022680258,0.0,0.08632539,-0.12436281,-0.0789957,-0.24768388,-0.86726934,0.019818375,0.0037286836,0.0,-0.12537126,-0.085547626,-0.2082612,-0.0845311,-0.013626157,0.0,-0.14091596,-2.1893094,-0.02202274,0.00904712,-0.21355349,-0.025779907,0.032830793,-0.03796538,0.011134991,0.022674765,-0.0058927634,0.22786652,-0.011091425,-0.021960668,-0.55044794,-0.14889982,-0.061546262,0.32632637,-0.045456924,-0.06827209,-0.049792755,-0.047172733
-0.00063134404,0.0,0.0021632377,-0.24236584,-0.08748798,-0.022325786,0.04678881,-0.045883164,-0.13066046,-0.009567574,0.2727667,-0.016205527,-0.3715903,-0.23073633,-0.01140437,-0.0066840225,-0.016721254,0.008809502,-0.5961818,-0.0035250052,-0.007228623,0.0,-0.10650977,-0.030332385,0.0,0.039879072,-0.12235589,-0.08498286,-0.25078282,-0.6332766,0.048915617,0.002266534,0.0,-0.20422503,-0.040806912,-0.13771044,-0.068783276,-0.013626157,0.0,-0.1313254,-3.494323,-0.017379703,-0.0043851724,-0.2014927,-0.0115648825,-0.024336288,0.024146438,-0.014678484,0.022674765,-0.016509233,-0.07706907,-0.0004154751,-0.021960668,-0.5798865,-0.19035484,0.037941616,-0.22188623,-0.033531893,-0.085259795,-0.12635325,-0.1321982
-0.012050876,0.0,0.0023711473,-0.23555788,-0.09815061,-0.010538187,0.030038958,-0.06309616,-0.12824033,-0.010509871,0.30141845,-0.013616797,0.49810082,-0.24210574,-0.04293265,-0.20718573,-0.036039256,-0.13482484,0.029247705,-0.012514547,-0.007228623,0.0,-0.10650977,-0.018181758,0.0,0.0453007,-0.12436281,-0.08498286,-0.15423699,-0.88320297,0.019818375,0.002266534,0.0,-0.16210324,0.00070609525,-0.17072994,-0.036143735,-0.013626157,0.0,-0.18623737,-4.1462255,-0.015329473,-0.06123326,-0.20506531,-0.0115648825,-0.017812382,-0.03796538,0.011134991,0.022674765,-0.008268437,-0.057642013,-0.011215328,-0.021960668,-0.5268684,-0.10168457,-0.051205385,-0.08056108,-0.04648141,-0.085259795,-0.089047216,-0.043552883
0.0052665994,0.0,0.0023711473,-0.23377776,-0.08416843,-0.011450626,0.03703039,-0.06608543,-0.13380334,-0.009567574,0.2574272,-0.07948998,-0.41918364,-0.18072343,0.019179573,-0.19232424,-0.016721254,-0.042715535,0.013526973,-0.012514547,-0.007228623,0.0,-0.10650977,-0.020148369,0.0,0.039638862,-0.12136665,-0.08498286,-0.2334677,-0.9770431,0.019818375,0.002266534,0.0,-0.12623584,-0.026928237,-0.09187712,-0.068783276,-0.008212237,0.0,-0.19544211,-3.98825,0.017886236,-0.018098814,-0.19224308,0.008660195,-0.006489393,0.024146438,-0.03626174,0.018438233,-0.015608734,-0.08549025,-0.03369856,-0.021960668,0.15206032,0.16062196,-0.062338132,-0.23457688,-0.04648141,-0.11698425,-0.11971175,-0.09442348
0.024684532,0.0,0.0015284282,-0.24392766,-0.081794985,-0.012825325,0.03703039,-0.034532424,-0.13456757,-0.009567574,0.30275384,0.007846132,-0.47135484,-0.27518705,0.18063992,-0.009834674,-0.016721254,-0.061409608,-0.048356112,-0.0035250052,-0.007228623,0.0,-0.10650977,-0.025337916,0.0,0.039879072,-0.09963429,-0.08390451,-0.20985621,-0.6614821,0.019818375,0.002266534,0.0,-0.17006879,-0.026292896,-0.16496778,-0.068783276,-0.008212237,0.0,-0.18981671,-4.130819,-0.01254612,0.0074853287,-0.2014927,-0.025779907,0.032830793,-0.05004379,0.011134991,-0.007261125,0.014985402,0.11870208,-0.03369856,-0.01583137,-0.41409212,0.11767808,-0.062338132,-0.23300916,-0.032231476,-0.085259795,-0.12318849,-0.053842656
0.008629855,0.0,0.0015284282,-0.21037377,-0.08448142,-0.012825325,0.03703039,-0.03008006,-0.12145497,-0.012414642,0.0516395,-0.009191431,-0.3228109,-0.2387121,-0.019190602,-0.17191061,-0.016721254,0.015487982,0.2106615,-0.012514547,-0.007228623,0.0,-0.10650977,-0.022517685,0.0,0.03164823,-0.11122753,-0.14365254,-0.2497708,-0.78095496,0.048915617,0.002266534,0.0,-0.21461444,-0.0301743,-0.15583353,-0.095767885,-0.008212237,0.0,-0.19975144,-3.6169026,-0.0020248564,0.012678012,0.2160276,-0.008824277,0.034515638,-0.03497539,0.011134991,-0.009236677,0.0158859,-0.2575044,-0.03369856,-0.021960668,-0.5741114,-0.15724762,0.018830646,-0.24851045,-0.047781825,0.07376368,-0.06624556,-0.08344878
0.023698252,0.0,0.001736338,-0.23706114,0.12876977,-0.011450626,0.02683782,-0.05473469,-0.12575042,-0.009567574,-0.12455102,-0.019670902,-0.38006446,-0.20049894,-0.7941222,-0.20350987,-0.0164929,0.011039472,0.24135573,-0.012514547,-0.007228623,0.0,-0.09618723,0.0037819375,0.0,0.022564614,-0.09963429,-0.08634478,-0.24217622,-0.90998286,0.048915617,0.002266534,0.0,-0.15053146,-0.0301743,-0.10540972,-0.09833942,-0.008212237,0.0,-0.19544211,-2.8443463,0.01631656,-0.018098814,-0.20302624,0.032356527,-0.017812382,-0.05004379,-0.03626174,0.022335721,0.0158859,-0.10337197,-0.03369856,0.036886834,-0.5379354,-0.18334816,0.037941616,-0.22314969,-0.047781825,-0.0605519,-0.0684279,-0.018746356
0.011734392,0.0,0.0025759814,0.17941085,-0.04337,-0.0188163,0.08917907,0.031374454,-0.0977821,0.010315675,-2.1806614,-0.09940265,-0.33183926,-0.08703742,0.05114142,-0.07455507,-0.08300002,-0.059836946,-0.71856266,-0.0032497542,-0.0023006254,0.0,0.10822393,0.004658797,0.0,0.034534283,0.12676847,-0.022909956,0.3829637,0.32284564,0.019818375,0.0014518662,0.0,0.15971328,-0.0010150354,-0.057513144,-0.037013713,0.010809245,0.0,0.6520783,-2.5221572,-0.010108227,-0.010369266,-0.052160755,0.011400802,0.012846032,0.03525792,0.005084941,-0.053953838,0.018952524,-0.17261541,0.04048668,-0.014289898,0.20137131,0.032421514,-0.061177973,-0.17586777,-0.005156873,-0.104683936,-0.095108785,-0.21258987
0.021024907,0.0,0.0046983957,0.097086884,0.05299367,-0.03531794,0.11830263,0.07373157,-0.0875235,0.010120522,-2.697057,-0.13160402,-0.2334331,0.130745,0.098588765,-0.13065395,-0.16719481,-0.03787738,-1.3258107,-0.0032497542,-0.0012389347,0.0,0.084049694,0.042307094,0.0,0.03455051,0.13666904,-0.013431404,0.31756222,0.2752701,-0.05466567,0.0043160045,0.0,0.148125,-0.007967998,-0.060655866,-0.036438674,0.010809245,0.0,0.21056435,0.49873972,-0.009126872,-0.002682331,-0.060165036,-0.014939409,0.004822929,-0.03358677,0.0070924577,-0.080531485,0.015342717,-0.16582814,-0.011091425,-0.013599,0.0942975,-0.036363546,-0.025983106,0.2963521,-0.017092193,0.08386237,-0.17280553,-0.5384206
0.022076933,0.0,0.0055252155,0.21553755,0.18302715,-0.03429307,0.094435774,0.051305115,-0.11578724,0.020231279,-2.2041962,-0.075665176,-0.39428434,-0.10548238,-0.004581156,0.20478044,-0.16719481,0.015228195,-1.3457128,-0.001641511,-0.0023006254,0.0,0.10070403,-0.026301436,0.0,0.071099594,0.38694176,-0.010891732,0.41726425,0.07416607,0.048915617,0.0019967642,0.0,0.116982944,-0.01512533,0.0012649456,-0.036677454,0.009511752,0.0,0.21751513,-0.126858,-0.007685282,-0.0023874976,-0.06717085,-0.019153057,-0.022991937,-0.019714488,0.005928588,-0.0561537,-0.079093866,-0.04345959,-0.03369856,0.01217402,-0.610969,-0.121400684,-0.0063346755,-0.20702705,-0.008036471,0.06287246,-0.08458344,-0.47479063
0.01723963,0.0,0.0055252155,0.23685707,0.060824484,-0.012257573,0.15032768,0.061183825,-0.1286521,0.015078369,0.2528011,0.04204336,0.6397567,-0.095552996,0.07398687,0.040466797,-0.024990655,0.074189074,-0.96647066,-0.001641511,-0.0023006254,0.0,0.09433081,0.016128762,0.0,0.12454928,0.38527656,-0.010891732,0.33755147,0.28856832,0.048915617,0.0019967642,0.0,0.118373945,0.015755069,0.05026325,-0.019900847,0.046265405,0.0,0.22177066,1.6489007,-0.0181046,-0.073933035,-0.019242877,-0.00072438316,-0.006489393,0.013283385,-0.037844725,0.09129484,-0.046405308,0.23400658,0.013477583,0.01217402,0.27104294,0.12628551,0.054006055,-0.071548134,-0.008036471,0.08513757,-0.019976985,0.67232275
0.030780185,0.0,0.0055252155,0.39624408,0.06890248,-0.04130205,0.15439008,0.061183825,-0.11237296,-0.0018641647,0.58563524,0.026360964,-0.35489392,-0.10961297,0.1462005,0.42669517,-0.01864657,0.059817925,0.712741,-0.0035250052,-0.0023006254,0.0,0.107939355,0.015236212,0.0,0.1219694,0.38569185,-0.013297418,0.47881797,-0.27604705,-0.022148054,0.0019967642,0.0,0.14603566,-0.008488593,0.038209293,-0.069027394,0.046265405,0.0,0.32828388,1.690145,-0.015101818,0.018606095,-0.16097622,-0.014939409,0.007992057,-0.0208174,0.01817496,0.07499172,-0.100824796,0.30025825,0.04048668,-0.007212597,0.19744533,-0.031519216,-0.015694201,-0.14328662,-0.014005064,-0.07451473,0.19323802,-0.04594995
-0.024380147,0.0,0.0025759814,0.26570374,0.13097137,-0.021750014,0.05751735,0.022767391,-0.08162179,-0.0070634787,0.3944486,-0.010164546,-0.3101872,-0.13590471,-0.06542864,0.33326742,-0.01358667,-0.038411267,0.3430555,-0.0035250052,-0.0023006254,0.0,0.113356136,0.010209324,0.0,0.04938256,0.115946874,-0.008052383,-0.23834102,-0.48348063,-0.05466567,0.0014518662,0.0,0.2624544,0.003902021,-0.013489197,-0.10362248,0.010809245,0.0,-0.08103606,-4.4728374,0.010003399,-0.010079239,-0.19336414,0.032356527,-0.017812382,0.04066764,-0.03626174,0.019744068,0.013790597,-0.14109437,0.04048668,0.02552419,-0.5812948,-0.13613491,-0.0070595504,-0.13107114,-0.015545499,-0.08838148,0.17503713,-0.03631991
-0.051563136,0.0,0.0025759814,0.17853619,0.19656512,-0.021092966,0.04730814,0.025703683,0.06446817,-0.009341063,-1.4501234,0.0066235187,-0.27199104,-0.16230232,-0.021748442,-0.23849733,-0.050107397,-0.031478338,0.296154,-0.012514547,-0.0023006254,0.0,0.10822393,0.0041164337,0.0,0.037970006,0.10156657,-0.021455945,-0.22551708,-0.33996597,-0.022148054,0.0014518662,0.0,0.195602,-0.0060423287,-0.043045565,-0.103418335,0.004391231,0.0,-0.042767182,-3.592605,-0.026258266,-0.0058939075,-0.13861263,0.0035867898,-0.013013298,-0.050117232,0.00578887,-0.006189941,-0.004320885,-0.17607921,-0.011091425,-0.013291011,0.17531478,0.109724276,-0.019211546,0.27941144,0.1658895,-0.13431756,-0.033612605,-0.11578726
-0.046799373,0.0,0.0025759814,0.19217107,0.19656512,-0.020068102,0.025014454,0.031374454,-0.09066378,-0.007125402,-2.0211718,-0.11877973,-0.4635655,-0.11788575,0.02137558,-0.07349289,-0.08300002,-0.04166553,0.34166613,-0.0032497542,-0.0023006254,0.0,0.052131303,0.007858934,0.0,0.039356377,0.12631959,0.015930312,-0.1922744,0.36293527,-0.022148054,0.0014518662,0.0,0.18273175,-0.0067654224,-0.06720828,-0.061767947,0.010809245,0.0,-0.054786153,-3.5104885,-0.016067594,-0.022501182,-0.060042303,0.0020162226,0.012846032,-0.049036067,0.00578887,-0.0017690561,-0.00218978,-0.23650953,-0.01751239,-0.013291011,0.04141228,0.11144712,-0.019211546,-0.2003009,-0.017652463,-0.109467626,-0.14391313,-0.11578726
-0.020162916,0.0,0.0055252155,0.07081132,0.058510177,-0.035789482,0.08517825,0.06378813,-0.10638206,-0.0063797734,0.21010168,-0.10867618,-0.5311029,0.0076076854,0.01839374,-0.09038735,-0.022692513,-0.11068159,-1.7324204,-0.001641511,-0.0012389347,0.0,0.077676475,0.012884159,0.0,0.11094816,0.371922,-0.01583709,-0.18887888,0.19295378,-0.05466567,0.0043160045,0.0,0.108226754,-0.014169897,-0.051479414,-0.05550007,0.009511752,0.0,-0.018205423,0.3622087,0.018384483,-0.022029743,0.038684625,0.0020162226,0.0096769035,0.038142994,0.01144241,-0.117553346,-0.04359258,-0.16816883,-0.03369856,-0.021960668,0.06784502,-0.10702737,0.012451453,-0.23182678,-0.010578557,-0.08766304,-0.23202147,-0.5452625
-0.040769234,0.0,0.0055252155,0.07988965,0.13918322,-0.035789482,0.09491176,0.06850007,-0.07829704,-0.0031703892,0.041489698,-0.021040363,-0.46308175,0.019067086,0.009009995,-0.4461168,-0.01864657,-0.118027985,-1.8020642,-0.012514547,-0.0012389347,0.0,0.077676475,-0.017119257,0.0,0.11693977,0.14163217,-0.010891732,-0.17769513,-0.5374026,-0.05466567,0.0043160045,0.0,0.20195788,-0.016730934,-0.024089009,-0.03163269,0.010809245,0.0,-8.254405e-05,1.0339233,0.017794337,-0.02462044,-0.24933201,0.032356527,-0.017812382,-0.050725475,-0.047424987,-0.02323385,-0.050242368,0.16630095,-0.011091425,-0.021960668,-0.6109275,-0.13797057,0.012451453,0.17769691,-0.052144468,0.061291233,0.0721093,-0.47215495
-0.044068724,0.0,0.0025759814,0.21190305,0.1318047,-0.021564513,0.035223667,0.03017623,-0.10094718,-0.0070634787,0.45099738,0.023286615,-0.5124723,0.2115507,-0.013738193,-0.17645366,-0.01358667,-0.046281442,0.375836,-0.012514547,-0.0012389347,0.0,0.094598696,-0.002782905,0.0,0.0459355,0.1302329,-0.009759394,-0.15889303,-0.7345967,-0.022148054,0.002542798,0.0,0.22066356,-0.0020986425,-0.05868647,-0.03485488,0.010809245,0.0,-0.07732545,-4.345389,0.023185361,-0.00678299,0.24450935,0.011400802,0.012846032,-0.053198904,0.015315927,-0.0015428816,-0.0007578129,-0.17827258,-0.03369856,-0.0070839026,0.22037667,0.14486885,-0.019211546,-0.25181973,0.05157218,0.12820543,-0.11239242,-0.053417556
-0.044068724,0.0,0.0025759814,0.19283357,0.1318047,-0.021564513,0.035223667,0.03017623,-0.106218375,-0.0070634787,0.3947644,-0.021065705,-0.51102185,0.19218318,-0.023462396,-0.35591188,-0.01358667,-0.049770966,0.40791503,-0.012514547,-0.0012389347,0.0,0.13012187,-0.019820254,0.0,0.045509547,0.1302329,-0.0027099503,-0.15699013,-0.7510349,-0.05466567,0.002542798,0.0,0.2177043,-0.0020986425,-0.05338339,-0.023935014,0.010809245,0.0,-0.07281709,-4.2997594,-0.01974783,0.015378909,-0.22830218,-0.025779907,0.032830793,-0.053198904,0.015315927,-0.0048777447,-0.0016583117,0.22237945,-0.03369856,-0.0070839026,-0.5770901,0.13682954,0.008934109,-0.23435514,-0.04836404,0.10721551,-0.16229777,-0.04333505
-0.03187456,0.0,0.0025759814,0.23278268,-0.07844142,-0.020068102,0.025014454,0.028195925,-0.08769222,-0.004172423,-1.4446633,0.035432063,-0.39850736,-0.13620244,-0.07840749,0.026044184,-0.050107397,-0.043903716,0.26816937,-0.0035250052,-0.0023006254,0.0,0.1437471,-0.013727364,0.0,0.033876058,0.11328831,-0.015860511,-0.2150857,-0.29089993,-0.05466567,0.0014518662,0.0,-0.051510185,-0.00559579,-0.0113739325,-0.014772041,0.010809245,0.0,-0.031849027,-3.6214063,-0.01162293,-0.0024112337,-0.10014228,-0.00072438316,-0.00033713412,0.065961584,-0.019791726,-0.006189941,-0.0014670435,-0.23791471,0.04048668,0.02552419,0.084897555,-0.09858064,0.008257346,-0.19826025,-0.03346155,-0.11365554,-0.17774087,-0.013262933
-0.039579216,0.0,0.0034028012,-0.1783464,-0.0863612,-0.021564513,0.03310191,0.018868543,-0.13166207,-0.007753465,0.5162845,-0.061038744,-0.37839624,-0.20404187,-0.1038398,0.023565158,-0.017632617,-0.037207767,0.43908215,-0.0032497542,-0.007228623,0.0,0.13547964,-0.012704423,0.0,0.057277523,0.14210364,-0.009282868,-0.1957228,0.7196284,-0.022148054,0.002266534,0.0,-0.0530496,-0.008533419,-0.021305395,-0.012296164,0.010809245,0.0,-0.06230681,-4.2382455,-0.016302772,-0.00824727,-0.12417019,0.032356527,-0.017812382,-0.045927938,-0.03626174,0.02570293,-0.022631302,-0.24604191,-0.011091425,-0.013291011,-0.60256916,-0.07123678,-0.019211546,0.30943203,0.044275478,-0.11495588,-0.028005058,-0.039667062
-0.040769234,0.0,0.0046983957,-0.26134786,-0.00755182,-0.03276788,0.09703351,0.08075331,-0.1628718,-0.0031703892,-0.26766106,-0.10581112,-0.49929747,-0.28516284,0.07535156,-0.42567265,-0.01864657,-0.13490649,-1.753898,-0.012514547,-0.007228623,0.0,-0.09967661,0.013914825,0.0,0.086903,0.35955605,-0.051542062,-0.20707011,-0.7575216,-0.022148054,0.0037286836,0.0,-0.0052690757,-0.00080038235,-0.03339689,-0.01999384,0.046265405,0.0,0.0018436392,1.5189153,-0.024202408,-0.011895437,-0.19591425,0.0020162226,0.012846032,-0.053821824,0.01144241,-0.032547817,0.0121972365,-0.12240035,-0.03369856,-0.021960668,0.058157034,0.06377331,-0.015694201,-0.15411885,-0.04654378,-0.09150243,0.19243805,-0.549693
-0.039945,0.0,0.0034028012,-0.16542529,-0.090770744,-0.016266247,0.03655119,0.014720756,-0.11541059,-0.005705158,0.27207083,-0.0055388007,-0.45239812,-0.22724321,-0.041544616,-0.24158874,-0.01358667,-0.07672993,-0.77010256,-0.012514547,-0.007228623,0.0,-0.10384947,0.0044613243,0.0,0.0453971,0.14163375,-0.061913285,-0.22565758,-0.80334187,-0.05466567,0.002266534,0.0,-0.13970135,-0.008450721,-0.005543163,-0.032292448,0.010809245,0.0,-0.103789225,-3.495307,-0.01974783,0.017341595,-0.20222056,-0.025779907,0.029661663,-0.050725475,0.0095861405,-0.009236677,0.0019960706,-0.14569552,-0.03369856,-0.021960668,-0.55700684,-0.08484467,-0.0070595504,-0.24578235,-0.047781825,-0.097649,-0.08766436,-0.16943581
-0.024380147,0.0,0.0025759814,0.28518894,0.12755638,-0.028155481,0.035223667,0.026915181,-0.10834705,-0.12912644,0.38861835,-0.058120012,-0.4144785,-0.15409036,-0.09660191,0.24897702,-0.01358667,-0.04672482,0.33569258,-0.0035250052,-0.0023006254,0.0,-0.10384947,-0.007474216,0.0,0.049808513,0.1203301,-0.051302392,-0.20967974,-0.4269386,-0.05466567,0.0014518662,0.0,-0.17467397,-0.0026984469,0.19214731,-0.012296164,0.010809245,0.0,-0.08571704,-4.286947,0.012708729,0.012663927,0.15451615,-0.025779907,0.029661663,0.04066764,-0.03626174,-0.0048777447,0.00045810582,0.050676152,0.04048668,0.02552419,-0.5945297,-0.14371528,0.008934109,-0.23532222,-0.014963282,0.10721551,-0.107403375,-0.05029001
-0.044068724,0.0,0.0034028012,-0.19988213,0.1318047,-0.037106752,0.035458174,0.017670318,-0.11576263,-0.009567574,0.3037244,-0.010440705,-0.3635094,-0.20339683,-0.09430043,-0.23812364,-0.01358667,-0.04986208,0.3512376,-0.012514547,-0.007228623,0.0,0.13547964,0.008761989,0.0,0.04922073,0.14163375,-0.018400183,-0.16368358,-0.83546525,-0.05466567,0.002266534,0.0,-0.052114345,-0.008450721,0.1611606,0.00017551612,0.010809245,0.0,-0.0912219,-4.208724,0.019333132,-0.0021342798,-0.19743843,-0.00072438316,-0.006489393,-0.050725475,-0.03626174,0.019744068,-0.024565596,0.21675225,-0.011091425,0.02552419,0.32870796,-0.14641425,0.019453343,0.32468712,-0.04567071,-0.08838148,-0.06871184,0.08418623
0.014774543,0.0,0.0034028012,0.17287949,0.13668382,-0.019287847,0.08442845,0.018868543,-0.08072501,-0.0031824135,0.008397337,-0.088570446,-0.38166264,-0.10111294,-0.75212157,-0.23855852,-0.013358315,-0.06325329,-0.78999203,-0.012514547,-0.0023006254,0.0,0.10185071,-0.005685105,0.0,0.052868027,0.14964586,-0.044135395,0.4071618,-0.8234371,0.019818375,0.0014518662,0.0,0.21645738,-0.0062660323,-0.011007569,-0.03866091,0.010809245,0.0,-0.05717774,-2.7122262,-0.011058202,-0.014228994,-0.19294558,0.008660195,-0.006489393,0.022489106,-0.028288912,-0.025135806,0.019356774,-0.15954618,-0.0004154751,-0.021960668,0.05487387,-0.06404647,-0.061177973,-0.19403534,-0.04884214,-0.12302011,-0.10952134,-0.15022016
0.032028705,0.0,0.0025759814,0.19083378,0.120173745,-0.027364459,0.050996408,0.031374454,-0.074734665,0.012283869,0.012651518,-0.077783406,0.26027817,-0.114532545,0.00849475,-0.24755901,-0.015884811,-0.14297661,-0.8064459,-0.012514547,-0.0023006254,0.0,0.10185071,-0.0024000043,0.0,0.06164869,0.13620141,-0.021455945,0.27313185,-0.76199466,0.019818375,0.0014518662,0.0,0.20065874,0.026036296,-0.032755576,-0.028757323,0.010809245,0.0,-0.05717774,-3.669109,-0.015325472,-0.06942025,-0.20308785,0.0020162226,0.012846032,-0.03774961,0.0095861405,-0.052764554,-0.001936383,-0.16581583,-0.006028881,-0.015882254,0.033239387,0.046337422,-0.049791038,0.10408877,-0.037104413,-0.15388806,-0.047281537,-0.21309179
0.014774543,0.0,0.0025759814,0.19399542,0.13791987,-0.019473352,0.09462101,0.031374454,-0.0761325,0.009893021,0.024327848,-0.08122782,-0.28392637,-0.10128825,0.03663802,-0.22987323,-0.01358667,0.009157018,-0.8539595,-0.012514547,-0.0023006254,0.0,0.10185071,0.01717733,0.0,0.06152569,0.13068181,-0.09801173,0.47970763,-0.6821822,0.048915617,0.0014518662,0.0,0.2188208,-0.0062660323,-0.024764678,-0.03608936,0.010809245,0.0,-0.052669376,-3.513702,-0.011058202,-0.010222919,-0.20019732,-0.00072438316,-0.013013298,0.051003445,0.0095861405,-0.082907826,0.02038449,0.104254924,0.04048668,-0.015882254,0.10843734,-0.08808246,0.028582543,-0.18106562,-0.044409152,0.13087444,-0.228031,-0.1790767
0.019264052,0.0,0.009050697,0.32995892,0.14514452,-0.040091276,0.08163621,0.09806212,-0.06954188,0.0929397,1.022795,-0.08874833,-0.07977607,-0.11790945,0.09786763,0.02718673,-0.022692513,0.029043665,-0.8125332,-0.0032497542,-0.0023006254,0.0,0.13238081,0.044723608,0.0,0.09550066,0.16733614,0.010605669,0.4833591,0.61716115,0.048915617,0.0019967642,0.0,0.2707635,-0.009876193,-0.01382438,-0.029996708,0.010809245,0.0,1.1646764,-0.0044972757,0.012912539,0.03582421,0.090572976,0.0020162226,0.0096769035,0.033949755,0.0095861405,-0.08987185,0.028974105,0.32866576,-0.011091425,-0.015882254,0.27689955,-0.021531742,0.042619124,0.36247897,-0.00986057,0.20174657,-0.117127806,-0.08146051
0.034192476,0.0,0.009050697,0.41318226,0.14823475,-0.0050435984,0.20403872,0.09360284,-0.05463557,-0.00081259804,0.56977195,-0.019533876,-0.071514145,-0.10993663,0.12579845,0.32850373,-0.01864657,0.03610436,-0.7086951,-0.0035250052,-0.0023006254,0.0,0.15450431,0.05524549,0.0,0.08038515,0.16615558,0.010605669,0.44029605,-0.20724945,0.048915617,0.0019967642,0.0,0.27964753,0.0017525258,0.026756268,-0.023620922,0.010809245,0.0,0.015266026,1.0135666,0.011195486,1.35465525e-05,0.20902385,-0.00072438316,-0.00033713412,-0.020194484,0.0095861405,0.025286352,0.03036332,-0.101881035,-0.011091425,0.023902822,0.2415736,-0.04632691,0.032099888,0.35480565,-0.015825324,0.16140766,-0.02907276,0.6575555
0.034192476,0.0,0.0069282823,0.17621857,0.1318937,-0.019473352,0.04678881,0.0401688,-0.07487243,-0.008369703,0.06626508,-0.061889287,-0.44319078,0.20057061,-0.10351056,0.3599136,-0.01358667,-0.045124575,-0.8178763,-0.0035250052,-0.0012389347,0.0,0.094598696,-0.006828024,0.0,0.019611195,0.15649134,-0.018400183,-0.21646999,-0.38027197,0.019818375,0.002542798,0.0,-0.052376892,-0.0038966744,0.0021137828,-0.092545174,0.010809245,0.0,-0.09746095,-3.5248258,-0.022932021,-0.007923451,-0.19206011,-0.019153057,-0.019822808,-0.020194484,0.013767075,0.022142453,0.004314166,0.1292103,-0.03369856,-0.01575356,-0.613036,-0.10714312,-0.061177973,-0.23105633,-0.015825324,-0.09933333,-0.10566709,-0.14784712
0.0041002366,0.0,0.0069282823,0.18931615,0.1318937,-0.019473352,0.044667058,0.030349843,-0.0813714,-0.008369703,0.048030462,-0.10547935,-0.3858878,0.005899431,0.007861596,-0.3374405,-0.01358667,-0.03833519,-0.732729,-0.012514547,-0.0012389347,0.0,0.094598696,0.0012142332,0.0,0.05353506,0.12174503,-0.024140438,-0.23592491,-0.69618523,0.019818375,0.002542798,0.0,0.24699487,-0.0035205728,-0.015357485,-0.081625305,0.010809245,0.0,-0.10837908,-3.2231631,-0.017017568,-0.014228994,-0.2183247,0.008660195,-0.006489393,0.049695276,-0.03786917,0.029952735,-0.025874577,-0.24275358,-0.0004154751,-0.021960668,0.034650892,-0.16247423,-0.061177973,-0.22293116,-0.04062872,-0.13105778,-0.11437064,-0.16092035
0.024417596,0.0,0.0024205514,0.19760565,-0.045743443,-0.017791435,-0.24772573,0.02308942,-0.09855594,0.008346968,-1.1832607,-0.10773652,-0.34168875,-0.16362493,0.021090142,-0.22741334,-0.044519253,-0.09479326,-0.72425276,-0.012514547,-0.0023006254,0.0,0.10822393,-0.002782905,0.0,0.05460845,-0.11105545,-0.021455945,-0.14934956,-0.4095897,0.019818375,0.0014518662,0.0,0.1933278,-0.004844103,-0.044153392,-0.0709108,0.009577858,0.0,-0.06143326,-2.6118152,0.015043069,-0.004446334,-0.11314647,0.0020162226,0.012846032,-0.03796538,0.005084941,-0.010548873,-0.021323588,-0.186205,-0.011091425,-0.021960668,0.00606108,0.092397645,-0.061177973,0.192952,-0.037104413,-0.14526941,0.063918985,-0.1998354
0.029684873,0.0,0.0024205514,0.1729681,-0.045743443,-0.017791435,-0.38985485,0.027699988,-0.10373351,-0.008639444,-1.403691,-0.05375912,-0.45822287,-0.10102173,-0.033732455,0.123390354,-0.07059337,-0.054384843,-0.8340129,-0.001641511,-0.0023006254,0.0,0.10822393,-0.007834597,0.0,-0.30184498,-0.11229828,-0.016946172,0.34573844,0.152042,0.048915617,0.0014518662,0.0,0.21631113,-0.006414504,-0.0034413878,-0.037013713,-0.013626157,0.0,-0.056924894,-2.3897984,-0.011770859,-0.0033393083,-0.06866827,-0.0115648825,-0.024336288,-0.021780772,0.005084941,-0.014251575,-0.016568752,0.1345185,-0.03369856,-0.015882254,-0.5472822,-0.035361703,0.028582543,-0.2021605,-0.011807015,-0.1192043,-0.0974431,-0.13315855
0.025835354,0.0,0.0045429654,0.21019807,-0.0034184519,-0.035789482,-0.678264,0.06495443,-0.27514678,-0.008871289,0.13395765,-0.11387873,-0.61625457,-0.15615128,0.002836803,0.004694516,-0.01943071,-0.07639053,-1.9507306,-0.001641511,-0.0023006254,0.0,0.1319571,-0.013936428,0.0,-0.9388869,-0.26480204,-0.01583709,-0.17669109,0.2270759,0.019818375,0.0019967642,0.0,-0.015480353,-0.02370074,0.04405597,-0.4124784,-0.05193732,0.0,0.011366701,0.9917028,-0.012668954,-0.022494316,-0.08948523,-0.00072438316,-0.013013298,-0.023432015,0.01144241,-0.017518561,-0.021725103,0.19897312,-0.01751239,-0.021960668,0.17907874,-0.17549407,-0.057660628,-0.20489825,-0.008036471,-0.08611907,-0.09433279,-0.37593815
0.0054996773,0.0,0.0028444985,-0.31574425,-0.07243734,-0.03901559,-0.6704736,-0.13727051,-0.17857651,-0.0031703892,0.3007108,-0.08254076,-0.6197114,-0.22152604,0.30213085,-0.30391416,-0.015384764,-0.10319081,-1.7439048,-0.012514547,-0.007228623,0.0,0.14346252,-0.013287639,0.0,-0.866279,-0.12028688,-0.020346863,-0.13174605,-0.6257131,0.019818375,0.0037286836,0.0,-0.01883643,-0.04582709,-0.01063241,-0.4124784,-0.013626157,0.0,-0.0028021403,0.79430974,0.015600509,-0.032164358,-0.20638125,0.0035867898,-0.013013298,0.024146438,-0.0128222145,-0.0038507576,-0.038951024,-0.14996757,-0.03369856,-0.01583137,0.2697198,-0.12214841,-0.061546262,-0.22961757,-0.04506171,-0.08730242,-0.10467995,-0.33107466
0.019168634,0.0,0.0023711473,-0.13150601,-0.08485787,-0.016778128,-0.29548177,-0.061783314,-0.15046948,-0.008369703,0.18665925,-0.069407456,-0.57275313,-0.22790301,0.22280766,-0.21526298,-0.012226139,-0.024159394,-0.9038351,-0.012514547,-0.007228623,0.0,-0.10461718,-0.009478824,0.0,-0.35102955,-0.12436281,-0.06896272,-0.12862071,-0.755385,0.019818375,0.002266534,0.0,-0.031227907,-0.015459291,-0.04646499,-0.2084839,-0.013626157,0.0,-0.05516719,-2.3054807,-0.0039574383,-0.011010371,-0.20245129,-0.008824277,0.03768477,-0.03796538,0.0095861405,-0.008871449,-0.028574716,-0.017991476,-0.03369856,-0.01583137,-0.5134288,0.05015971,-0.062338132,-0.2263561,-0.037104413,-0.09933333,-0.1018477,-0.1125531
0.02351817,0.0,0.0023711473,-0.2415103,-0.08748798,-0.016778128,-0.04037771,-0.06007327,-0.15145089,-0.008369703,0.24448578,-0.05859256,-0.5450464,-0.23110728,-0.09845619,0.032570884,-0.012812708,-0.04410982,-0.87332976,-0.0035250052,-0.007228623,0.0,-0.10384947,-0.023244424,0.0,-0.35173887,-0.12436281,-0.06445295,-0.16949593,-0.510044,0.048915617,0.002266534,0.0,-0.15849689,-0.037162527,-0.00231638,-0.2084839,-0.013626157,0.0,-0.10557161,-2.7645824,-0.018482972,-0.01178471,-0.20824608,-0.0115648825,-0.024336288,-0.026570441,0.0095861405,-0.009768989,-0.024640016,0.13157512,-0.03369856,-0.021960668,-0.54896164,-0.0695729,0.037941616,-0.2234134,-0.030229565,-0.09933333,-0.09471322,-0.121587925
0.019168634,0.0,0.0023711473,-0.18018505,-0.08748798,-0.016778128,0.04678881,-0.06007327,-0.11917256,-0.008369703,-0.03808628,-0.087439,-0.54754937,0.28672627,-0.047459666,-0.20321225,-0.01358667,-0.04410982,-0.8394221,-0.012514547,-0.0023519145,0.0,-0.088995,-0.015962608,0.0,0.028790608,-0.12436281,-0.06445295,-0.2302733,-0.83036053,0.019818375,0.0051938975,0.0,-0.13983756,-0.0301743,0.029422443,-0.23104262,-0.013626157,0.0,-0.0976365,-2.8245301,-0.016188255,-0.010222919,-0.1989965,-0.00072438316,-0.013013298,-0.03796538,0.013767075,-0.0064341263,-0.007477217,0.14021978,-0.03369856,-0.01575356,0.18468533,-0.10714312,-0.062338132,-0.2234134,-0.044479497,-0.13105778,-0.09116521,-0.15578786
0.019168634,0.0,0.0023711473,-0.25218818,-0.08511454,-0.01696363,0.04678881,-0.06007327,-0.15812798,-0.010873798,-0.031555302,-0.0058162883,-0.46216527,-0.22804143,0.24610768,-0.28197998,-0.01358667,-0.06816529,-0.7464442,-0.012514547,-0.007228623,0.0,-0.10384947,-0.018692933,0.0,0.05353506,-0.12436281,-0.06896272,-0.21696427,-0.7243709,0.048915617,0.002266534,0.0,-0.11538371,-0.016604759,-0.028825438,-0.2084839,-0.013626157,0.0,-0.11901863,-2.8028517,-0.0114679355,-0.03031764,-0.20452045,0.0035867898,-0.013013298,-0.03796538,0.0095861405,-0.0027004876,-0.008377716,-0.17183414,-0.03369856,-0.01583137,0.18704008,-0.020721462,0.037941616,-0.22471741,-0.044479497,-0.13105778,-0.106223784,-0.16292521
0.02351817,0.0,0.0015284282,-0.27776894,-0.08748798,-0.03659505,0.04678881,-0.0438223,-0.15356,-0.010873798,0.26147833,0.007914575,-0.46152896,-0.25231236,0.009286953,0.074292354,-0.01358667,-0.049471214,-0.8542242,-0.0035250052,-0.007228623,0.0,-0.10384947,-0.024505183,0.0,0.062191855,-0.11105545,-0.06445295,-0.23598725,-0.61822665,0.019818375,0.002266534,0.0,-0.17992468,-0.015305742,0.0024490329,-0.06998645,-0.013626157,0.0,-0.124057926,-3.3005428,0.0017305417,-0.007923451,-0.18218203,0.0020162226,0.012846032,-0.026570441,0.0095861405,-0.0059018135,-0.011995351,0.14068717,-0.03369856,-0.021960668,0.18893376,0.10591667,-0.062338132,-0.23300916,-0.028929144,-0.13105778,-0.10786394,-0.1641599
0.023698252,0.0,0.0015284282,-0.23525953,-0.08416843,-0.024434295,0.05751735,-0.0438223,-0.15854432,-0.009567574,0.26951766,-0.013616797,-0.39289528,-0.24501379,-0.0142107755,-0.20165975,-0.01358667,-0.044223674,0.24896426,-0.012514547,-0.007228623,0.0,-0.10650977,-0.015256755,0.0,0.039638862,-0.11105545,-0.06445295,-0.24892402,-0.8992531,0.048915617,0.002266534,0.0,-0.1897759,-0.0301743,-0.0015830044,-0.100565165,-0.013626157,0.0,-0.124057926,-4.0528073,-0.016301518,-0.0021342798,-0.20222056,-0.0115648825,-0.024336288,-0.03796538,0.011134991,-0.0048777447,-0.011094851,0.23567866,-0.03369856,-0.021960668,-0.5996086,-0.049090583,0.02742238,-0.23300916,-0.047781825,-0.07462544,-0.11122955,-0.07164782
0.010815619,0.0,0.0015284282,-0.20300534,-0.07104824,-0.03397182,0.05052592,-0.0438223,-0.14994276,-0.010509871,-0.08421091,-0.010270122,0.67141783,-0.23992927,-0.0037210793,-0.19937123,-0.015884811,-0.13329805,0.31007397,-0.012514547,-0.007228623,0.0,-0.10650977,-0.015256755,0.0,0.0374737,-0.10948746,-0.06445295,-0.13885108,-0.8938312,0.048915617,0.002266534,0.0,-0.19811903,0.0049059987,0.20399633,-0.070991576,-0.013626157,0.0,-0.23068228,-3.7233229,0.01874502,0.020343505,-0.18721199,-0.0115648825,0.021690458,0.021009764,0.011134991,-0.0048777447,-0.028254203,0.28445217,-0.011215328,-0.021960668,-0.56335795,-0.06127497,0.04932855,-0.08383943,-0.047781825,-0.08234563,-0.063650206,-0.05219364
0.058230415,0.0,-0.025171094,0.20824382,-0.03705603,-0.02399877,0.033157248,0.03536103,-0.07353856,-0.0070634787,-0.1630145,0.02797413,-0.39096594,-0.13560152,0.00062134303,-0.1100606,0.026784772,-0.04544151,0.2245191,0.056208916,-0.0023006254,0.0,-0.097623125,0.00051994924,0.0,0.04989555,0.12667637,-0.08882625,-0.18774454,-0.67136353,0.019818375,0.0014518662,0.0,-0.039016403,-0.0071022296,0.12265452,-0.014106324,0.010809245,0.0,-0.06278692,-4.4157076,0.023185361,-0.01064425,0.20572318,0.011400802,0.012846032,0.0369611,0.00578887,-0.0015428816,-0.00039766112,-0.11564521,-0.0004154751,-0.021960668,0.17492633,0.15168777,-0.061177973,-0.21649623,0.15256761,-0.06376305,-0.16235414,-0.12692864
0.015325423,0.0,-0.025171094,-0.13613087,-0.15585092,-0.031173386,0.02790893,0.03150551,-0.101438455,-0.0047345515,-1.9730386,-0.0047940416,0.31051892,-0.19957517,-0.009437119,-0.06441917,-0.08529815,-0.086428784,0.22595501,0.014596474,-0.007228623,0.0,-0.08881207,-0.013953018,0.0,0.040059816,0.13704911,-0.08882625,-0.10426162,0.3342754,0.048915617,0.002266534,0.0,-0.12178527,0.023085207,0.13134716,0.019946724,0.010809245,0.0,-0.054060973,-3.60373,0.017786212,-0.060642134,-0.060092207,0.008729285,-0.024336288,-0.03358677,0.00578887,-0.0092160925,-0.00945054,-0.09605534,-0.006028881,-0.021960668,-0.47890088,0.15168777,0.0016745301,0.10634419,-0.010964916,-0.0711299,-0.09085228,-0.056329407
0.03940795,0.0,-0.063305296,-0.055323046,-0.28234333,-0.046932265,0.049892608,0.07166508,-0.07659448,-0.015946131,-2.9416628,-0.034715235,-0.4910302,0.34048632,0.16802125,-0.13555461,-0.16719481,-0.0143760415,0.40682986,-0.001641511,-0.0023519145,0.0,-0.098260656,-0.029643608,0.0,0.07884264,0.12706964,-0.1391557,-0.11144716,0.2060591,0.019818375,0.014087384,0.0,-0.011777271,-0.013393142,0.119603656,-0.030675948,0.010809245,0.0,0.0044085225,0.34692672,-0.0027387468,0.007942556,0.052001357,-0.025779907,0.029661663,-0.031113338,0.00695274,-0.03418815,-0.029445177,-0.14467245,-0.03369856,-0.014235216,-0.53760076,0.06418577,-0.060064346,-0.23004116,-0.0151069695,0.07671155,-0.21224841,-0.09210664
0.04509376,0.0,-0.01426019,-0.048233088,-0.048220634,-0.0032942314,0.10731837,0.09105481,-0.113359354,0.017260827,0.5352845,0.04260243,0.697048,0.37544557,0.37296468,-0.12302829,0.04637891,0.08137861,0.54285526,-0.001641511,-0.0023519145,0.0,-0.076975636,-0.0060570915,0.0,0.13105428,0.36906597,-0.07961761,-0.057149146,0.4936157,0.048915617,0.014087384,0.0,-0.02548977,0.013596837,0.22029051,0.034689985,0.046265405,0.0,0.03971769,1.9937363,-0.012518417,0.0062806997,-0.03388086,-0.008312557,0.0041763475,-0.020341316,0.022355894,0.04254721,-0.012937151,-0.42729348,-0.011215328,0.009021967,0.027133182,-0.10300945,-0.007957889,-0.05883379,-0.0107479235,0.042288426,0.06801728,0.12419252
0.033501707,0.0,-0.01426019,-0.13449799,0.01542178,0.011068309,0.10156664,0.09319984,-0.103400916,-0.0035726586,0.32258445,0.063437074,0.799835,0.36712196,0.39514172,0.44362348,0.035942294,0.07087988,0.6878903,-0.0035250052,-0.0023519145,0.0,-0.08748243,-0.0071369694,0.0,0.12132261,0.33996522,-0.061486837,-0.063380234,-0.50254285,0.019818375,0.014087384,0.0,-0.018497951,0.029904507,0.24330667,0.034689985,0.046265405,0.0,0.037253052,2.1688933,-0.02193314,0.03268373,-0.14345802,-0.008312557,-0.008499816,-0.0208174,0.022355894,0.045650966,-0.012556503,0.37211978,0.013477583,0.0024584138,0.15081461,-0.073185146,-0.046273697,-0.0589917,-0.015817622,-0.07597089,0.08639714,-0.044884004
0.010815619,0.0,-0.016382603,0.20178361,0.11321881,0.00017208129,0.037545394,0.030625388,-0.06316092,-0.010509871,-0.019566406,0.035545427,0.40007323,0.22816002,-0.056495145,-0.21382935,0.046575073,-0.13181682,0.35013473,-0.012514547,-0.0012389347,0.0,-0.0916553,-0.004287133,0.0,0.037614048,0.10106793,-0.08621334,-0.095657684,-0.9546929,0.019818375,0.002542798,0.0,-0.15617007,0.01536123,-0.16726281,0.1274285,0.010809245,0.0,-0.080220856,-4.201078,0.017903488,-0.05623977,-0.1878361,0.008660195,-0.006489393,0.049695276,-0.045842,0.027022038,-0.020194035,-0.17096975,0.013477583,-0.0070839026,0.087626465,-0.19642599,-0.049791038,-0.07685485,-0.043348834,-0.09999655,-0.082288496,-0.018406345
0.023698252,0.0,0.0034801462,0.31488776,0.12972888,0.0020979769,0.025273474,0.030147612,-0.07098759,-0.009567574,0.0051090224,0.023286615,-0.2615564,-0.17755868,-0.94084316,-0.18091697,0.023194034,-0.053951956,0.30515185,-0.012514547,-0.0023006254,0.0,0.15226571,-0.002249061,0.0,0.033375733,0.10122196,-0.040875595,-0.12860397,-0.81616086,0.019818375,0.0014518662,0.0,-0.13584642,-0.0054031163,-0.07779468,0.19998375,0.010809245,0.0,-0.24169827,-3.1334019,0.022049116,-0.018098814,-0.23523776,0.011400802,0.012846032,-0.03403706,0.011134991,-0.044334237,-0.013310601,-0.16039625,-0.011091425,-0.013291011,0.18923788,0.2245055,-0.061177973,0.22025892,0.15981483,-0.06030999,0.065721825,-0.103668705
0.035956338,0.0,-0.0016407155,-0.105185494,-0.072651304,0.00059159845,0.019089004,0.024967797,-0.12128133,-0.005584051,-1.0788653,-0.10893856,-0.38096005,-0.335291,-0.8135672,-0.22995971,-0.051356833,-0.047903545,0.24400002,-0.012514547,-0.007228623,0.0,0.14713348,0.0036550302,0.0,0.026801603,-0.11223346,-0.10062364,-0.13970408,-0.4279531,0.048915617,0.002266534,0.0,-0.043149352,-0.0053160414,-0.09145208,0.22013694,0.009577858,0.0,-0.13069269,-2.7344208,0.018465042,-0.01399111,-0.1113812,0.011400802,0.012846032,-0.05004379,0.00578887,-0.03354227,0.018287353,-0.1428662,-0.03369856,-0.021960668,0.02914163,0.14316252,0.02790578,-0.20028105,-0.052144468,0.104043685,-0.13252114,-0.103668705
0.025498245,0.0,-0.0044009825,-0.16868751,-0.13881545,-0.022644201,-0.0058412263,-0.06553839,-0.13816519,-0.1226867,-1.6698028,-0.08521402,-0.33645135,-0.24365045,0.013696609,-0.19476277,-0.0861346,-0.06371243,-0.68546945,-0.0032497542,-0.007228623,0.0,-0.10346078,-0.0088591855,0.0,0.038799316,-0.13724576,-0.14365254,0.25347185,0.24011305,0.048915617,0.002266534,0.0,-0.05291066,-0.021212377,-0.110807315,0.0871719,-0.013626157,0.0,-0.07863901,-2.2277539,-0.010108227,-0.0024234466,0.054154735,-0.014939409,0.004822929,-0.03380254,0.005084941,-0.069829166,-0.090955034,0.12557623,-0.03369856,-0.015882254,0.08373693,0.079144366,0.027168196,-0.22643408,-0.017652463,0.123881705,-0.13906936,-0.19014916
0.03530762,0.0,-0.0039276313,-0.17939639,-0.16769686,-0.18424827,0.0614885,-0.14053231,-0.1678324,-0.017460173,-2.0286765,-0.18995765,-0.25682834,-0.23661919,-1.549794,-0.12843601,-0.16161236,0.035122573,-0.7321473,-0.0032497542,-0.007228623,0.0,-0.09766777,-0.037123516,0.0,0.054097094,-0.117578894,-0.062347773,0.21946289,0.29154807,0.048915617,0.0037286836,0.0,-0.107902505,-0.06821931,-0.20420259,0.08875311,-0.013626157,0.0,0.0044228984,0.5892856,-0.0038570748,-0.0034468728,-0.06741328,-0.019153057,-0.022991937,-0.03380254,0.005928588,-0.059297282,-0.10855754,-0.102014095,-0.03369856,0.006095606,-0.53578943,-0.21737309,0.017489638,-0.13030642,-0.014025574,0.06455454,0.16624212,0.47987682
0.0065803276,0.0,-0.0039276313,-0.14658652,-0.050067637,-0.18358684,0.07418686,-0.16067898,-0.33522835,-0.0063797734,0.4565854,-0.058687758,-0.21790966,-0.20972665,-2.0704014,0.0031877263,-0.025298651,0.024014154,-1.0630106,-0.0032497542,-0.007228623,0.0,-0.09183011,-0.03288035,0.0,0.092575744,-0.2702617,-0.062347773,0.2222241,0.6209048,0.019818375,0.0037286836,0.0,-0.050017394,-0.10052734,-0.23876703,0.091238536,-0.05193732,0.0,0.008678418,1.1016934,-0.01704164,-0.023819074,-0.06790344,-0.00072438316,-0.016182426,0.037155855,-0.037844725,-0.03669174,-0.11867008,-0.1896458,0.04048668,-0.021960668,0.15492515,-0.26373866,-0.06208888,-0.124542326,-0.012535552,0.086819656,0.16208795,0.5671
0.021008737,0.0,-0.0039276313,-0.16917591,-0.15037185,-0.055102393,0.059644174,-0.1483019,-0.17450574,-0.0031703892,-0.020492025,-0.048752178,-0.26806778,-0.22144671,-0.010067673,-0.31332523,-0.021781154,0.03152714,-1.3178047,-0.012514547,-0.007228623,0.0,-0.107277475,-0.015791425,0.0,0.11693977,-0.11634204,-0.05875652,0.31554443,-0.76589715,0.019818375,0.0037286836,0.0,-0.10870005,-0.10087879,-0.15004593,0.012578285,-0.013626157,0.0,0.0041700522,0.71275645,-0.0143088065,-0.0079358285,-0.24250555,-0.019153057,-0.019822808,-0.03796538,0.005084941,0.026610734,-0.093638524,-0.05158735,-0.011091425,-0.021960668,-0.5894225,-0.123569064,-0.06208888,0.2820736,-0.045456924,-0.113544956,-0.057227995,-0.40925813
0.005180887,0.0,-0.004608892,-0.12504724,-0.119505,-0.022325786,0.0030481042,-0.045336127,-0.15367398,-0.014070603,0.3420405,-0.07033044,-0.26931027,-0.16809805,-0.060026135,-0.26655743,-0.0207672,0.0014256472,-1.0051167,-0.0032497542,-0.007228623,0.0,-0.097623125,-0.0212817,0.0,0.053619243,-0.11458872,-0.06258698,0.32449257,0.47500253,0.019818375,0.002266534,0.0,-0.16840279,-0.059491284,-0.2056523,0.0010224765,-0.008212237,0.0,-0.04096003,-3.264655,0.0045708637,0.038845655,0.043777738,0.0020162226,0.012846032,0.035607085,0.0095861405,0.060595464,-0.12076964,0.11078997,-0.0004154751,-0.021960668,0.11305339,-0.17586689,-0.06259232,-0.1433839,-0.013267708,-0.17022629,0.14718246,-0.17944896
0.019834373,0.0,0.0017559732,-0.3195156,-0.12648617,-0.057422142,0.094136186,-0.07892861,-0.17068839,-0.0031703892,0.34040162,-0.055164423,-0.2560679,-0.22795147,0.053137206,0.061401412,-0.019703887,-0.01650756,-1.4983135,-0.0035250052,-0.007228623,0.0,-0.12116555,-0.046558652,0.0,0.117498346,-0.10184538,-0.05875652,-0.20887461,-0.5689022,0.048915617,0.0037286836,0.0,-0.20805728,-0.11581995,-0.1459023,-0.020576002,-0.008212237,0.0,0.0017054132,0.536113,0.018403558,-0.022403821,-0.24448735,0.032356527,-0.017812382,-0.03864885,-0.028288912,0.023466833,0.013492011,-0.07309626,-0.011091425,0.036886834,-0.4959151,-0.16581678,0.027671635,0.3070214,-0.033531893,-0.11612774,-0.059638616,-0.40925813
0.02010931,0.0,0.0015284282,-0.23501244,-0.119505,-0.022325786,0.03655119,-0.040811695,-0.13538156,-0.005705158,0.31286323,-0.07911911,-0.33063605,-0.19907895,-0.05863107,0.2718106,-0.016721254,0.0019852938,-0.755923,-0.0035250052,-0.007228623,0.0,-0.10650977,-0.0268973,0.0,0.049270112,-0.10283464,-0.06258698,-0.21236643,-0.46553627,0.019818375,0.002266534,0.0,-0.20427704,-0.063407846,-0.099789046,-0.032874614,-0.013626157,0.0,-0.09063448,-3.2725115,-0.0130332485,0.018170575,0.14426598,-0.014939409,0.004822929,-0.034962095,0.0095861405,0.029952735,0.014985402,-0.17396583,-0.03369856,-0.021960668,0.14347805,0.16122396,-0.06259232,-0.24851045,-0.014745511,-0.1478522,-0.13470931,-0.18097192
0.005040913,0.0,0.0015284282,-0.20070788,-0.118196264,-0.022325786,0.03655119,-0.042591628,-0.1439068,-0.013720866,0.36220932,-0.046763003,-0.26284933,-0.26689777,-0.095106885,0.046141017,-0.016721254,0.0019852938,-0.7411031,-0.0035250052,-0.007228623,0.0,-0.10650977,-0.030295443,0.0,0.04563731,-0.09370598,-0.06258698,-0.15244348,-0.44718638,0.048915617,0.002266534,0.0,-0.22144586,-0.067350164,-0.11166359,0.20701742,-0.013626157,0.0,-0.095872015,-3.310283,0.017422203,0.018170575,0.18398349,-0.019153057,-0.022991937,0.046391577,-0.028288912,0.022674765,0.02532042,-0.16876735,-0.03369856,0.036886834,-0.48176298,-0.18220592,0.020198185,-0.24567883,-0.029098906,-0.11612774,-0.1086371,-0.13887149
0.02010931,0.0,0.0015284282,-0.2116502,-0.11551334,-0.022325786,0.03655119,-0.04371222,-0.14524125,-0.013720866,0.39176133,-0.04668978,-0.111460656,-0.28981674,-0.09134079,-0.0079978565,-0.016721254,0.0019852938,-0.74750084,-0.0035250052,-0.007228623,0.0,-0.10650977,-0.030295443,0.0,0.04868233,-0.10283464,-0.06258698,-0.14776187,-0.37205407,0.019818375,0.002266534,0.0,-0.2169548,-0.07145666,-0.11770637,0.14079952,-0.013626157,0.0,-0.11080915,-3.2546537,-0.017501619,0.018170575,0.24611594,-0.008312557,-0.011668945,-0.05004379,0.0095861405,0.022674765,0.012968956,-0.16279072,-0.011091425,0.036886834,0.38648057,-0.15938075,-0.06259232,0.34812823,-0.032231476,-0.11612774,-0.030948738,-0.1267592
0.005040913,0.0,0.0021632377,-0.21472847,-0.11551334,-0.022325786,0.03442943,-0.042893898,-0.13821189,-0.010873798,0.2476877,-0.049077574,-0.3055547,-0.2869812,-0.0023208284,0.01190397,-0.016721254,0.009029302,-0.7955774,-0.0035250052,-0.007228623,0.0,-0.09618723,-0.030546818,0.0,0.045211356,-0.12235589,-0.064895816,-0.122532465,-0.5337037,0.019818375,0.002266534,0.0,-0.2095137,-0.07343049,-0.09966252,0.20701742,-0.013626157,0.0,-0.11974861,-3.2076623,0.017422203,-0.022403821,-0.20955011,0.032356527,-0.017812382,0.0513526,-0.028288912,0.022674765,-0.041919287,-0.15623108,-0.03369856,0.036886834,-0.51127654,-0.15938075,-0.06259232,-0.22188579,-0.029098906,-0.11612774,-0.084145285,-0.09862148
-0.06366229,0.0,0.0023907826,-0.16504417,-0.19930889,-0.03537463,0.07738073,-0.082146496,0.34177965,-0.004141748,-2.4636192,-0.035881996,-0.511768,-0.16376346,0.24345228,-0.29117528,-0.1343022,-0.09401834,0.54004776,-0.012514547,0.007839667,0.0,-0.05474046,-0.0075642704,0.0,0.07220232,-0.19389908,0.08178592,-0.20806777,-0.3356083,-0.022148054,-0.008305209,0.0,-0.11652287,-0.1070679,0.16789614,-0.10187611,-0.021505622,0.0,-0.005295205,1.5846244,-0.02232473,-0.00742161,-0.1077545,-0.008312557,-0.008499816,-0.06346012,0.007759195,0.0446797,-0.0067471163,-0.14717558,0.04048668,-0.007161713,0.10046206,-0.08772053,-0.020122454,-0.18307811,-0.046476394,-0.07051666,-0.113789044,-0.04873708
-0.014925009,0.0,0.0021632377,-0.16001484,-0.124611095,-0.009822167,0.027093802,-0.02610054,0.19026981,-0.010571794,-2.117625,-0.00056229066,0.5153596,-0.15887573,0.23099107,-0.044759948,-0.08529815,-0.071945556,0.35138118,-0.0032497542,0.007839667,0.0,-0.068567686,0.011908539,0.0,0.039311163,-0.09219332,0.072416216,-0.1029583,0.30330434,-0.022148054,-0.0050484445,0.0,-0.15121526,-0.09267509,0.21459574,-0.073844746,-0.0025057537,0.0,-0.059242964,-3.4880316,0.018552415,0.033574738,0.04535576,0.0020162226,0.012846032,0.05213392,-0.005742992,0.02521948,-0.029238984,0.2937292,0.013477583,-0.007161713,0.06067342,-0.08459289,-0.009238962,-0.0767208,-0.0102070505,-0.10307312,-0.052434497,-0.07559345
-0.058758415,0.0,0.0017559732,-0.15385486,-0.21194737,-0.04415969,0.057981525,-0.045483835,0.34145567,-0.022805542,-3.6165705,-0.008552594,0.23181269,-0.24175532,0.24372578,-0.100177854,-0.1896474,0.0019678301,0.47874886,-0.0032497542,0.007839667,0.0,-0.05474046,0.0145470435,0.0,0.07947882,-0.15574057,0.08670765,-0.072043896,0.24699359,-0.05466567,-0.008305209,0.0,-0.11572234,-0.14535514,-0.22428705,-0.010195274,-0.004819425,0.0,-0.009604522,1.4532516,0.008420662,0.014434182,0.05926977,-0.008312557,-0.011668945,-0.07137569,0.007759195,0.036608934,-0.0021303857,-0.4986302,-0.006028881,0.0124314865,0.2333982,-0.002308526,-0.006532191,0.12671237,-0.01198439,-0.040350858,-0.028385833,-0.07214166
-0.009629731,0.0,0.0017559732,-0.038890272,-0.044937577,-0.013277657,0.10238177,0.050830614,0.2424391,-0.004262645,0.62703544,0.13165727,0.86337805,0.05533339,0.0779712,0.04367568,0.06846735,0.06948141,0.825396,-0.0032497542,0.0025507235,0.0,-0.034048337,0.038672194,0.0,0.13065934,-0.14705086,0.08670765,-0.0842778,0.6402482,-0.05466567,-0.031377196,0.0,-0.11091465,0.16318494,-0.14049442,0.037290387,-0.004819425,0.0,0.018119028,1.9668996,0.008043716,0.026724756,0.07115673,-0.00072438316,-0.006489393,0.03647343,-0.006089664,0.043185867,0.008405291,0.33574656,-0.011215328,0.02552419,0.08925208,-0.13640364,0.02992937,-0.08089932,-0.013293418,-0.042946912,-0.033061486,-0.07214166
-0.024968771,0.0,0.0023907826,-0.025422221,-0.051859826,-0.013277657,0.10156664,0.05164894,0.24713865,-0.004262645,0.6242059,0.1602651,0.85838276,0.2931864,0.068902396,0.011713474,0.06846735,0.06948141,0.7871449,-0.0032497542,0.0025507235,0.0,-0.034048337,0.03842082,0.0,0.13049571,-0.16832274,0.0856293,-0.049618375,0.7537583,-0.022148054,-0.031377196,0.0,-0.11427632,0.16318494,-0.06346919,0.032368787,-0.004819425,0.0,0.022428345,1.9878261,-0.009482658,0.0064736856,-0.06648611,-0.008312557,-0.0019759112,-0.059297282,0.022355894,0.043185867,-0.018545076,0.010178762,-0.011215328,0.0009400705,0.08687749,0.013334288,-0.008735523,-0.07532766,-0.01198439,-0.042946912,-0.039347444,-0.07214166
-0.03320254,0.0,0.0023907826,-0.25985646,-0.07528428,-0.03459981,0.08587529,-0.067662,0.1349067,-0.004675013,0.27769905,-0.006990687,-0.5136984,0.23886135,0.031454723,-0.2335823,0.043550853,-0.07211548,0.6257546,-0.012514547,0.0025507235,0.0,-0.061763633,-0.023213143,0.0,0.11734007,-0.093753114,0.072313726,-0.17051978,-1.0310743,-0.022148054,-0.031377196,0.0,-0.22351198,-0.124582216,-0.15560299,-0.026001364,-0.0025057537,0.0,0.008358488,0.4015414,-0.02232473,-0.018098814,-0.19304876,-0.00072438316,-0.006489393,-0.055087008,-0.02270989,0.027022038,-0.036942028,-0.2760365,0.04048668,-0.0070839026,0.015251333,-0.2392268,-0.019579839,-0.19791727,-0.047781825,-0.09999655,-0.10415406,-0.13850147
-0.017863499,0.0,0.0015284282,-0.2062462,-0.092804685,-0.013012063,0.025031092,-0.03161817,0.18485186,-0.009567574,0.28314105,-0.088973165,-0.3646148,-0.15681331,-0.98537636,-0.18507853,-0.0164929,-0.04642073,0.30985686,-0.012514547,0.007839667,0.0,-0.061962318,-0.018887611,0.0,0.036851883,-0.06230056,0.06980431,-0.227289,-0.96881145,-0.022148054,-0.0050484445,0.0,-0.2033795,-0.062335774,-0.15059048,-0.017188909,-0.0025057537,0.0,-0.23978078,-3.1321023,0.0059349015,-0.018098814,-0.19304876,0.008660195,-0.006489393,0.074267566,-0.03626174,-0.0024495288,0.040932942,-0.16194591,0.04048668,-0.013291011,0.14452788,-0.13794512,-0.020371709,-0.123428196,-0.042048417,-0.06030999,0.17119208,-0.09249266
-0.021874536,0.0,0.001736338,-0.13449018,-0.12305319,-0.013143742,0.028944165,-0.048831172,0.18332686,-0.006836968,-1.2931223,-0.09228188,-0.30900016,-0.23901562,-0.8097045,-0.12194069,-0.051356833,-0.048631072,0.25382826,-0.012514547,0.007839667,0.0,-0.058913324,-0.01598541,0.0,0.031321507,-0.06230056,0.06980431,-0.22521207,-0.34814107,-0.022148054,-0.0050484445,0.0,-0.123957135,-0.024131356,-0.107643045,-0.018819997,-0.0025057537,0.0,-0.15508765,-2.4701266,0.014101097,-0.01399111,-0.14371197,0.011400802,0.012846032,0.06022523,0.00578887,-0.03354227,0.024411514,-0.16487783,-0.011091425,-0.013291011,0.117800884,0.14316252,-0.020625895,0.27666146,0.14751741,-0.05385959,-0.026658988,-0.09249266
-0.024471875,0.0,0.001736338,-0.1288508,-0.106800355,-0.022644201,0.035421416,-0.048831172,0.18853663,-0.005974898,-1.7757775,-0.09798292,-0.23668914,-0.2408548,-0.7671794,-0.057825804,-0.08424945,-0.05705776,-0.56200016,-0.0032497542,0.007839667,0.0,-0.058913324,0.030580146,0.0,0.031726386,-0.09312865,0.011718212,-0.22502828,0.28477064,-0.05466567,-0.0050484445,0.0,-0.087836735,-0.022925396,-0.10974313,-0.036530145,-0.0025057537,0.0,-0.12795918,-2.0034583,0.013841404,-0.0031787301,0.06609338,0.0063273953,0.0096769035,-0.06300258,0.005084941,-0.048581414,0.013817022,-0.1585196,-0.011091425,-0.021960668,0.19313443,0.110480905,0.0075197597,0.31493664,-0.014025574,0.123881705,-0.06915879,-0.17041415
-0.030249756,0.0,0.0028444985,0.14392872,-0.08241319,-0.16334367,-0.5017986,-0.03384861,0.22514349,-0.017460173,-2.1994293,-0.21022984,-0.31879762,-0.22171362,-1.0609775,-0.12962823,-0.13402519,0.023978362,-0.6171466,-0.0032497542,0.0024950996,0.0,-0.05312031,-0.001122864,0.0,0.05047642,-0.1827377,0.07277204,-0.10822865,0.27164266,-0.05466567,-0.004447696,0.0,-0.032905653,0.16027682,-0.12320055,-0.059575718,0.0031335177,0.0,0.0037086448,0.2766732,-0.016596628,0.0144754555,-0.044882007,-0.014939409,0.004822929,-0.059297282,0.005928588,-0.04929988,-0.050348956,-0.093538985,-0.03369856,-0.021960668,0.19884634,0.045908514,-0.0021587964,-0.22065914,-0.0127331475,0.056633607,-0.1219893,0.3467864
-0.014910716,0.0,0.0028444985,0.19987452,-0.08520698,-0.16135028,-0.65171814,-0.046242464,-0.23500866,0.020231279,-1.8947197,-0.1984182,-0.30041474,-0.109356776,-0.9303561,-0.09937035,-0.10097577,-0.086566955,-0.5992806,-0.0032497542,0.0024950996,0.0,0.047997788,-0.011035791,0.0,-0.363475,-0.25262645,0.022088682,0.28444785,0.2890655,-0.05466567,-0.004447696,0.0,-0.033860337,0.17731981,-0.20343195,-0.038150314,-0.0025729649,0.0,0.0037086448,0.17547326,-0.018258173,-0.0054709706,-0.05866957,-0.0115648825,-0.011660123,0.044816192,-0.020511199,0.028913962,-0.026982319,-0.06224569,-0.0004154751,0.036886834,-0.59519804,-0.16843922,0.008023201,-0.1333762,-0.0127331475,0.054857828,0.148091,0.33304593
-0.030249756,0.0,0.0028444985,-0.13821,-0.088138394,-0.2081615,-0.59983355,-0.10210494,-0.27311507,0.0076290066,-1.8371121,-0.17026725,-0.45362014,-0.181195,-0.78198415,-0.098003976,-0.10097577,-0.097469226,-0.69502026,-0.0032497542,0.007839667,0.0,0.10070403,0.006811495,0.0,-0.363475,-0.25245345,-0.110415764,0.32634175,0.27425334,-0.022148054,-0.008305209,0.0,-0.02592636,-0.10052734,-0.14930648,-0.1294033,-0.0025729649,0.0,-8.546701e-05,0.2911309,-0.01132476,-0.0014350783,-0.059494834,-0.025779907,0.032830793,-0.050903082,0.005928588,0.040428467,-0.04426599,-0.04942847,-0.03369856,-0.015882254,-0.53516066,-0.16919048,-0.020122454,-0.20836468,-0.010604675,-0.059549127,-0.12118127,0.33304593
-0.029975504,0.0,0.0028444985,-0.16782548,-0.088138394,-0.07701889,-0.39630893,-0.10210494,-0.27369353,0.0076290066,-1.593266,-0.0823261,-0.3677444,-0.19642057,-0.7721756,-0.2187012,-0.10097577,-0.014640204,-1.1344575,-0.0032497542,0.007839667,0.0,-0.096627615,-0.009252198,0.0,-0.363475,-0.25245345,-0.15646853,0.31300056,0.25029382,-0.05466567,-0.008305209,0.0,0.10800072,-0.09332435,-0.14717807,-0.1294033,-0.0025729649,0.0,0.21383105,0.005511059,-0.018509602,-0.003459176,-0.06438808,-0.019153057,-0.019822808,-0.050903082,0.005928588,0.040428467,-0.06102234,-0.04942847,-0.03369856,-0.015882254,-0.50158745,-0.15298563,0.018542435,-0.13668615,-0.013321647,-0.059549127,0.15483494,-0.24199207
-0.0211524,0.0,0.0028444985,-0.1343589,-0.04259312,-0.07620899,-0.52264994,-0.09749437,-0.2656838,-0.008871289,0.27082747,-0.06949143,-0.42049834,-0.1949432,-0.76050323,0.025588267,-0.018902265,-0.030163126,-1.761307,-0.001641511,0.007839667,0.0,-0.093450256,-0.02591582,0.0,-0.65418446,-0.25245345,-0.14981417,0.34631416,0.26801017,-0.022148054,-0.008305209,0.0,-0.027214548,-0.10062356,0.18172863,-0.16295968,-0.0025729649,0.0,0.21172263,0.12605314,-0.007685282,-0.028877482,-0.033129036,-0.019153057,-0.013298903,-0.03888131,0.01144241,0.044411443,-0.009453627,-0.104769796,-0.03369856,-0.015882254,-0.541654,-0.13702568,-0.020122454,-0.19960377,-0.008036471,-0.06214518,-0.11364614,-0.26161054
-0.007006041,0.0,0.0017559732,-0.18909715,-0.041460928,-0.07327003,-0.82039315,-0.047580786,-0.32079968,-0.0031703892,0.2096769,-0.09741067,-0.29990566,-0.1947679,0.036904186,0.15838735,-0.014936278,-0.5071805,-1.2693983,-0.0035250052,0.007839667,0.0,-0.093450256,-0.028382173,0.0,-0.87074333,-0.22067069,-0.2577477,0.279371,-0.2958635,-0.022148054,-0.008305209,0.0,-0.13004915,-0.10168901,0.18732074,-0.37858132,-0.035251126,0.0,0.21172263,0.8333948,0.012767897,-0.017714646,-0.17060462,0.0063273953,0.012846032,0.06289849,-0.037844725,-0.036684174,0.028312886,-0.122691184,0.04048668,-0.021960668,0.12723921,-0.19003846,-0.020122454,-0.18418016,-0.025800172,-0.08407067,-0.11455171,-0.3198211
0.022140918,0.0,0.0034028012,-0.13995796,-0.14865142,-0.024221115,0.029372182,0.015690014,-0.11394086,-0.010571794,-2.0239298,-0.0059683537,0.4823636,-0.25572765,0.03871469,-0.06228605,0.0326197,-0.5057145,0.27366376,-0.0032497542,-0.007228623,0.0,-0.100800484,-0.013397036,0.0,0.03494541,0.15245539,-0.05410516,-0.11442103,0.2900951,0.019818375,0.002266534,0.0,-0.10215827,0.021372195,-0.03532214,-0.073844746,0.010809245,0.0,-0.053881228,-3.2069476,0.016922534,-0.060642134,0.0652425,0.032356527,-0.024336288,-0.031113338,0.00578887,0.015539782,-0.014736561,-0.13254702,-0.011215328,-0.013291011,-0.4901188,0.13953885,-0.0504678,-0.063776396,-0.010964916,-0.09565835,0.099206634,-0.057013676
-0.04290414,0.0,0.0055252155,-0.21863925,-0.26735198,-0.043958653,0.06627764,0.061834503,-0.13831925,-0.0036345816,-2.5878704,-0.032666404,0.5849453,-0.30279037,-0.018106075,-0.10852774,0.38457143,-1.3457685,0.33114013,-0.0032497542,-0.007228623,0.0,-0.110454835,-0.016837258,0.0,0.08450876,0.12994453,-0.053541254,-0.12090969,0.41873962,-0.05466567,0.0037286836,0.0,-0.100273006,0.014081278,-0.02908266,-0.07230252,0.010809245,0.0,-0.09919153,0.28912053,-0.019524157,-0.04359184,-0.054319043,0.032356527,-0.017812382,-0.046562634,0.00578887,-0.0040650917,0.003767206,-0.28002426,-0.011215328,-0.013291011,-0.4971665,0.13990128,0.031953905,-0.07532766,-0.014025574,-0.09565835,-0.06705889,-0.09494705
-0.06884934,0.0,0.0046983957,-0.2636136,-0.214086,-0.043958653,0.037504777,0.06702417,-0.15033163,-0.0036345816,-2.7438726,-0.027398027,0.47956142,-0.30279037,0.00047695357,0.19536157,-0.16785032,-1.3004633,0.33900842,-0.001641511,-0.007228623,0.0,-0.096627615,-0.012526104,0.0,0.06516555,0.3596847,-0.051542062,-0.13101673,0.109833114,-0.022148054,0.0037286836,0.0,-0.049998008,-0.09035477,-0.027438533,-0.077384576,0.009511752,0.0,-0.09919153,0.2562335,-0.023304867,-0.05531526,-0.030764572,-0.014939409,0.007992057,-0.037637215,0.007759195,-0.07075402,-0.0074322615,-0.11487616,0.013477583,-0.013291011,0.10502395,0.10889147,-0.006710988,-0.06994755,-0.007691478,-0.06559381,-0.06470696,-0.13928819
-0.02497542,0.0,0.0026291723,-0.3357802,-0.061000947,-0.029104229,0.055501062,0.032298557,-0.16104928,-0.023433605,-0.581378,0.028161421,0.4217403,-0.2745698,-0.011030374,-0.17322063,0.048021547,-1.3833985,0.41494754,-0.001641511,-0.007228623,0.0,-0.09967661,-0.019575689,0.0,0.07967366,0.11375595,-0.056944508,-0.14926565,0.42913654,-0.05466567,0.0037286836,0.0,-0.3043167,-0.100327395,-0.013065028,-0.07335089,0.010809245,0.0,-0.15018891,0.7683967,-0.023913171,0.00043577212,-0.093966946,-0.014939409,0.004822929,0.0388669,-0.07250276,-0.103165224,-0.011857046,-0.4444071,0.013477583,-0.013291011,0.1270263,-0.1694814,-0.040538497,-0.07617767,-0.009986457,0.058947578,-0.1956945,-0.112789825
-0.023968285,0.0,0.0055252155,-0.3865727,0.12437216,-0.060525216,0.10329929,0.064040795,-0.16497612,-0.048136257,-0.54059124,0.00960039,0.18622366,-0.2917178,0.043354128,0.24918471,0.03758493,-1.3833985,0.3281518,-0.0035250052,-0.007228623,0.0,-0.118505254,-0.028161477,0.0,0.0923266,0.13151824,-0.04639358,-0.15577598,-0.5794505,-0.05466567,0.0037286836,0.0,-0.15397309,-0.108582735,-0.004403198,-0.07335089,0.010809245,0.0,-0.15018891,0.37428665,0.019994574,0.009523785,0.14571892,0.008660195,-0.0063174046,0.03935947,-0.03626174,-0.058575068,0.0020058183,-0.3070981,0.0072468496,-0.013291011,0.09193449,-0.14811493,-0.0021039378,0.11345698,-0.0136628635,0.13876529,-0.17677858,-0.05442156
-0.03930733,0.0,0.0063650683,-0.08788168,0.109810255,-0.03742089,0.039901655,0.02819714,-0.10610237,-0.033159263,-0.0940141,0.030140128,0.2845914,0.35495606,-0.045667533,0.34887254,0.02612927,-0.67057717,0.16141431,-0.0035250052,-0.0023519145,0.0,-0.07867246,-0.01629556,0.0,0.042399343,0.14364469,-0.04876272,-0.100224935,-0.56139845,-0.05466567,0.0051938975,0.0,-0.23207541,0.017157704,-0.032259155,-0.07897049,0.010809245,0.0,-0.24606971,-3.5266845,-0.012739407,0.017946785,-0.17223883,-0.014939409,0.004822929,-0.03564378,0.015315927,0.019744068,-0.008141746,-0.3478882,-0.006028881,-0.0070839026,0.0075760987,0.17034814,0.030840278,0.1162186,-0.014745511,0.11777538,-0.044256955,0.10369824
-0.032873664,0.0,0.0069282823,0.09044108,-0.1494785,-0.027683934,0.021398129,0.028369538,-0.080981985,-0.013158154,-1.1526076,-0.0058979727,-0.29696313,0.19732922,-0.6535559,-0.21000452,0.108356915,-0.3625221,0.21385275,-0.012514547,-0.0012389347,0.0,-0.08594601,-0.0030864328,0.0,0.030035844,0.13692184,-0.05546708,-0.21071748,-0.46650344,-0.05466567,0.002542798,0.0,-0.12319397,-0.013018381,0.15373547,-0.12070018,0.010809245,0.0,-0.14661354,-2.9135542,0.010588133,-0.0058939075,-0.110694766,0.032356527,-0.017812382,0.06465341,-0.022458639,0.017352534,-0.0070858235,-0.13987595,-0.0004154751,0.012265276,-0.58457977,-0.14285448,0.008257346,-0.13700338,-0.04408459,-0.085798696,0.17148708,-0.049962744
-0.03272407,0.0,0.0034801462,0.19869612,-0.15347016,-0.02968067,0.028944165,0.025179304,-0.09558059,-0.009629496,-2.0396943,-0.062425096,-0.36620745,-0.16474582,-0.623852,-0.07049234,-0.08111487,-0.044041812,0.32625756,-0.0032497542,-0.0023006254,0.0,0.1437471,-0.014102889,0.0,0.034321416,0.119898304,-0.024271877,-0.26012802,0.29271582,-0.022148054,0.0014518662,0.0,-0.11366671,-0.007184929,0.14952305,-0.016498799,0.010809245,0.0,-0.15210973,-2.9301627,-0.01803038,0.0064482396,-0.09446898,-0.025779907,0.032830793,-0.045927938,0.00578887,0.019425608,-0.026531994,0.08719721,-0.011091425,-0.013291011,-0.48343095,0.13526502,-0.019888308,0.2782141,0.044489272,-0.08542219,-0.036653068,-0.055083483
-0.04333023,0.0,0.0045429654,0.2526927,-0.20148052,-0.045266822,0.044496212,0.054290064,-0.17346044,-0.0044301813,-3.091931,-0.14206396,-0.48579037,-0.12897936,0.03087898,0.16586949,-0.16719481,-0.08519623,0.4298211,-0.001641511,-0.0023006254,0.0,0.10619351,-0.016214894,0.0,0.06573309,-0.23547821,-0.024288746,-0.2450648,0.10607125,-0.05466567,0.0019967642,0.0,-0.0015788032,-0.054279126,0.17963871,-0.010385031,0.0039448533,0.0,-0.09368667,0.19046408,0.01245529,-0.0056109987,-0.057193354,0.008660195,-0.006489393,0.044782035,-0.02993512,0.045480654,0.025657741,-0.3373171,0.04048668,0.02552419,0.08568843,-0.0996041,-0.013050932,-0.18406713,-0.00794973,-0.076817095,-0.11949498,-0.101651505
-0.05880222,0.0,0.0045429654,0.20387132,-0.21385661,-0.046291694,0.044496212,0.058302578,0.15726222,-0.0044301813,-3.255099,-0.0532135,-0.25571638,-0.17094085,0.07166805,-0.13682838,-0.16674632,0.01843228,0.46049732,-0.001641511,-0.0023006254,0.0,0.050100893,-0.029376388,0.0,0.06041364,-0.1727112,0.027198618,-0.19617423,0.1138845,-0.022148054,0.0019967642,0.0,0.0914755,-0.04730308,0.1355123,-0.10045314,-0.01355268,0.0,-0.10009645,0.22804295,-0.026142843,-0.022661297,-0.10615996,-0.008824277,0.03768477,-0.07074099,0.007759195,-0.02676835,0.013306279,-0.109908946,-0.011091425,-0.013291011,-0.41548765,0.10271085,-0.01809792,0.32523084,0.03264932,-0.040350858,-0.07194978,-0.098293506
-0.044240948,0.0,0.002209689,0.20810305,-0.19756392,-0.051710427,0.022207933,-0.124293804,0.15966375,-0.0044301813,-3.2155826,-0.14625819,-0.35287872,-0.14671038,0.03677655,-0.10524589,-0.16674632,-0.8376371,0.33804917,-0.0032497542,-0.0023006254,0.0,0.050100893,-0.032518107,0.0,0.06158413,-0.16069397,0.018018004,-0.24623446,0.24351187,-0.05466567,0.0019967642,0.0,0.10997668,-0.07967678,0.14798558,-0.106958166,-0.01355268,0.0,-0.10635413,0.060862355,0.013035528,-0.0057190266,0.057622608,0.008660195,-0.013013298,0.06637555,-0.02993512,-0.037904497,0.02669154,-0.07265056,-0.0004154751,-0.013291011,0.070918985,-0.07351297,-0.0021587964,-0.21649623,-0.012563781,0.06200315,-0.16568226,-0.14354132
-0.05957999,0.0,0.0028444985,-0.15471807,-0.20108251,-0.051710427,-0.031467438,-0.13496165,0.13142422,-0.02396184,-3.163104,-0.104349345,-0.13564706,-0.25782913,0.059593976,-0.094070226,-0.16674632,-0.8269201,0.32454827,-0.0032497542,-0.007228623,0.0,0.050100893,-0.028964143,0.0,0.014441067,-0.19720495,0.022527779,-0.12029105,0.1790512,-0.022148054,0.0037286836,0.0,0.08374046,-0.09355129,0.14010365,-0.10045314,-0.01355268,0.0,-0.11616831,-0.009907439,0.012800351,0.002236051,0.07401197,-0.008824277,0.034515638,-0.058662582,0.007759195,-0.044763893,-0.027501116,-0.17008677,-0.011091425,-0.013291011,-0.48734075,0.10271085,-0.020122454,0.35549337,0.04262086,0.030453365,-0.14344585,-0.086041726
-0.02193017,0.0,0.0028444985,-0.112464435,-0.042988747,-0.20516935,-0.5762551,-0.12719207,0.112038784,-0.0063797734,0.3994326,-0.17028813,-0.4010511,-0.26356545,-1.3392287,0.004279147,-0.020749863,-0.084186316,-1.1864687,-0.0032497542,-0.007228623,0.0,-0.04728266,-0.013619967,0.0,-0.009955436,-0.19720495,0.07236007,-0.15224165,0.46153674,-0.05466567,0.0037286836,0.0,0.10137275,-0.09497322,0.19867128,-0.07304011,-0.01355268,0.0,-0.09240605,0.3169744,0.004634154,-0.020953164,0.083608754,-0.0115648825,-0.027505416,-0.059297282,0.01144241,-0.01810496,-0.04319883,-0.16162181,-0.03369856,0.006095606,-0.53004485,-0.11511718,-0.0021587964,-0.15518892,-0.013321647,0.057908796,0.17791194,0.33603826
-0.026419677,0.0,0.0028444985,-0.19645904,-0.04585914,-0.07602349,-0.3727303,-0.13124506,0.14678362,-0.0031703892,0.2175314,-0.05301276,-0.5223668,0.35406125,-0.88055634,-0.30485353,-0.014856318,-0.0818093,-1.6813966,-0.012514547,-0.0023519145,0.0,-0.042934984,-0.01477777,0.0,-0.58036464,-0.18942684,0.08154069,-0.12629384,-0.64934164,-0.022148054,0.014087384,0.0,-0.05461394,-0.123355836,0.20281911,-0.21941549,0.0031335177,0.0,-0.021766953,0.37725747,-0.024982873,-0.007246727,-0.20610201,-0.0115648825,-0.017812382,-0.06346012,0.015623344,0.04042928,-0.03753008,0.17298295,-0.03369856,-0.01575356,-0.593069,-0.13304704,-0.020122454,-0.15352048,-0.04425119,-0.056492362,0.17791194,-0.29379824
-0.005906862,0.0,0.0021632377,-0.22775295,-0.11202966,-0.03374925,-0.29548177,-0.037100464,0.07756117,-0.010873798,-0.006115378,-0.08721854,-0.45330167,-0.21128991,-0.03997353,0.06390426,-0.012226139,-0.068852976,-0.7438823,-0.0035250052,-0.007228623,0.0,-0.061962318,-0.02552289,0.0,-0.29085463,-0.09439622,0.06790644,-0.18341902,-0.6127626,-0.022148054,0.002266534,0.0,-0.20033878,-0.069323994,0.17947137,-0.2084839,-0.0025057537,0.0,-0.11974861,-2.4301019,-0.01298563,-0.031356916,-0.18893541,-0.00072438316,-0.006489393,0.022946408,-0.014678484,0.029420424,-0.037606735,-0.16454843,-0.0004154751,-0.021960668,0.06724066,-0.15230443,-0.020625895,-0.2139842,-0.030229565,-0.11698425,-0.099224165,-0.07724391
-0.010305528,0.0,0.0021632377,-0.24479315,-0.11398822,-0.024434295,-0.29459423,-0.035965864,0.035840943,-0.009567574,0.306269,-0.085437834,-0.3543589,-0.24499471,-0.008664343,0.20427728,-0.011777652,-0.444342,0.30844992,-0.0035250052,-0.007228623,0.0,-0.061962318,-0.026783649,0.0,-0.36459643,-0.09415083,0.06790644,-0.15453395,-0.5178092,-0.022148054,0.002266534,0.0,-0.22090475,-0.06607793,0.15929434,-0.24211994,-0.007919675,0.0,-0.08869498,-2.9523048,0.012709543,-0.008344781,0.14393209,0.0020162226,0.012846032,0.042585492,0.011134991,-0.002075194,-0.018995365,-0.17661986,-0.03369856,-0.013291011,0.015211301,0.09931014,-0.020625895,-0.24078521,-0.012860041,-0.09999655,-0.102679715,-0.10934706
-0.029994102,0.0,0.0015284282,-0.21769908,-0.11398822,-0.024434295,-0.03949017,-0.036208745,0.081149265,-0.009567574,0.26968482,-0.05399022,-0.19427684,-0.23919463,-0.008255861,-0.18926631,-0.012364221,-0.444342,0.3097801,-0.012514547,-0.007228623,0.0,-0.061962318,-0.017223367,0.0,-0.35450143,-0.083646074,0.072416216,-0.14895679,-0.8761295,-0.05466567,0.002266534,0.0,-0.1929373,-0.063196205,0.16637367,-0.24211994,-0.007919675,0.0,-0.25329483,-3.0926437,-0.012142624,-0.022403201,-0.2364983,-0.0115648825,-0.017812382,-0.055087008,0.011134991,-0.005410057,-0.0198557,0.21654685,-0.011091425,-0.013291011,-0.52121484,0.108223975,0.0075197597,0.30741438,-0.044479497,-0.06827209,-0.029976841,-0.05071775
-0.029994102,0.0,0.0015284282,-0.22878516,-0.11398822,-0.024434295,-0.03949017,-0.036208745,0.034215562,-0.009567574,-0.080406025,-0.08061715,-0.3602738,-0.23054424,-0.02353166,-0.19328566,-0.013138183,-0.444342,0.29671112,-0.012514547,-0.007228623,0.0,-0.061962318,-0.020125568,0.0,0.026564617,-0.083646074,0.072416216,-0.1790111,-0.9548189,-0.022148054,0.002266534,0.0,-0.19980313,-0.066442266,0.20823139,-0.24211994,-0.007919675,0.0,-0.25329483,-3.1347892,-0.014817836,-0.0021342798,-0.19174476,-0.014939409,0.007992057,-0.055087008,0.011134991,-0.002075194,-0.013580983,0.23557702,-0.03369856,-0.013291011,0.03978944,-0.064978965,-0.020625895,-0.22107455,-0.044479497,-0.09999655,-0.119149886,-0.061463006
0.046630643,0.0,0.0034028012,0.07889189,-0.075647905,-0.021564513,0.040648267,0.017670318,-0.06722653,-0.0070634787,0.012143476,-0.016454037,-0.27696374,0.19017893,0.006782883,-0.18985736,-0.01358667,-0.018447097,0.35516983,-0.012514547,-0.0012389347,0.0,0.11861644,-0.0051837843,0.0,0.053530924,0.1519855,-0.022686431,-0.116433315,-0.75297123,0.019818375,0.002542798,0.0,-0.033097263,-0.013018381,-0.054414403,-0.09063627,0.010809245,0.0,-0.021241197,-4.336737,-0.016149478,-0.00678299,-0.21194008,-0.00072438316,-0.006489393,-0.03156363,0.013838328,0.019744068,-0.029182572,-0.21649681,-0.011091425,0.012265276,0.50612104,-0.13264142,-0.061177973,0.29707712,0.1560558,-0.10517589,-0.062655725,-0.074515395
0.053305916,0.0,0.0034028012,-0.13155264,-0.025540475,-0.028665148,-0.01791256,0.017670318,-0.10224942,-0.0047345515,-1.9874461,-0.06095066,0.6455509,-0.19213301,0.29501507,-0.07874969,-0.08529815,0.027398827,0.2739425,-0.0032497542,-0.007228623,0.0,0.1437471,-0.006787315,0.0,0.037450183,0.15245539,-0.04400396,-0.09716949,0.3415457,0.019818375,0.002266534,0.0,-0.016676288,0.02673043,-0.008844423,-0.071915925,0.010809245,0.0,-0.042266283,-3.7242043,-0.017874874,-0.04359184,-0.056925565,0.032356527,-0.017812382,-0.031113338,-0.019791726,0.019125998,-0.015309932,-0.23042993,-0.011215328,-0.01583137,-0.48248035,-0.046799034,-0.049791038,-0.059581008,-0.0053544682,-0.08158481,0.064994074,-0.048047237
0.027476545,0.0,0.0055252155,0.0917789,-0.13300984,-0.07028545,-0.03128591,0.061834503,-0.053216003,-0.0013560331,-2.6195378,-0.0044229645,0.7135371,0.06403208,0.18492857,-0.13037433,-0.16949295,-0.029849017,-1.4360927,-0.001641511,-0.0012389347,0.0,-0.098260656,-0.008702886,0.0,0.04236761,0.15011576,-0.08826235,-0.083984725,0.14418791,0.019818375,0.0043160045,0.0,-0.017670313,0.02081085,-0.0607181,-0.033937868,0.010809245,0.0,-0.001706674,0.05861517,0.022514056,-0.059426736,0.03889297,0.011400802,0.012846032,0.033949755,-0.018835004,0.027533064,-0.041139655,-0.34221354,-0.011215328,-0.014235216,0.06596658,0.062660515,-0.04867741,-0.06333041,-0.0020511067,-0.13029698,0.072789475,-0.36072752
0.044315986,0.0,0.0046983957,-0.023536017,-0.041828826,0.01409338,-0.001100455,0.095183305,-0.055847824,0.0015745967,0.6034361,0.00500519,0.75868386,0.35471818,0.33633852,0.023587778,-0.024990655,0.0874266,0.8365923,-0.0032497542,-0.0023519145,0.0,0.107414596,-0.004932647,0.0,0.020940257,0.13554782,-0.024384225,-0.04436102,0.6946418,0.048915617,0.014087384,0.0,0.0037438823,0.019598357,0.16265701,-0.07556413,0.010809245,0.0,0.03971769,1.3666542,-0.014831865,0.021829706,-0.0906786,0.0020162226,0.012846032,-0.03358677,0.022355894,-0.0020632115,-0.00869841,0.35665113,-0.006028881,-0.0055655595,0.08623668,0.07603015,0.017544497,0.102038816,-0.0053544682,-0.044490896,-0.009526312,-0.0901234
0.01789755,0.0,0.009050697,0.2726611,0.016223202,0.011068309,0.056006435,0.106778175,-0.087281495,0.017950812,0.58496726,0.06334203,0.78789514,0.23030135,0.39458925,0.111914515,0.035942294,0.075113505,0.66545606,-0.0035250052,-0.0012389347,0.0,-0.06743571,-0.0063323965,0.0,0.09843394,0.38055345,-0.008757692,-0.071214974,-0.21503592,0.048915617,0.0043160045,0.0,0.025896095,0.018529885,0.2157805,-0.07827249,0.046265405,0.0,0.030408697,2.0205648,0.022032227,0.015647283,0.18301694,0.0020162226,0.0096769035,0.05027954,0.022355894,0.0038256748,0.009010867,-0.4236377,-0.011215328,-0.0055655595,0.32450515,-0.037162814,0.054006055,-0.08699609,-0.025751777,0.052404888,-0.008271973,-0.077603295
0.030541293,0.0,0.0069282823,0.17011294,0.11321881,0.0025155083,0.029667003,0.0488143,-0.045127172,-0.004672629,0.36478072,0.028854622,0.49347574,0.2071533,-0.094937086,-0.29454422,0.0043321876,0.03706111,0.3458646,-0.012514547,-0.0012389347,0.0,0.123711534,-0.006773471,0.0,0.059726674,0.15399644,-0.09867812,-0.10495252,-0.7827759,0.048915617,0.002542798,0.0,-0.1424199,0.01536123,-0.17274357,-0.21267068,0.010809245,0.0,-0.070915654,-4.4330792,-0.014514707,-0.05623977,-0.19934869,-0.0115648825,-0.017812382,-0.035276175,0.015315927,0.019744068,-0.017175773,-0.09779233,-0.006028881,0.0009400705,-0.59352946,-0.1425778,0.014027154,0.11336729,-0.044479497,0.08370429,-0.03971716,-0.018458115
0.013287133,0.0,0.0069282823,0.21848176,0.1339772,0.0022847145,-0.049440358,0.03453607,-0.052108318,-0.0070634787,0.34867558,0.04762626,-0.33840534,0.18863766,-1.023496,-0.22592074,0.023194034,0.008826888,0.34668714,-0.012514547,-0.0012389347,0.0,0.072578475,-0.002020326,0.0,0.050946016,0.1419926,-0.014885407,-0.15443708,-0.9276149,0.019818375,0.002542798,0.0,-0.050163418,-0.011319265,-0.14133431,-0.12395546,0.010809245,0.0,-0.070915654,-3.6052995,-0.0065365583,-0.018098814,-0.21410479,0.0035867898,-0.013013298,0.049695276,-0.02270989,0.021890517,0.0045346175,-0.107180834,0.04048668,-0.0070839026,0.056679584,-0.1425778,-0.061177973,-0.21152918,-0.04062872,-0.09999655,-0.12251903,-0.054437093
-0.008290444,0.0,0.0034801462,0.20508991,-0.15270549,0.00059159845,-0.19595307,0.04364376,-0.05390522,-0.005584051,-1.5647218,-0.10212895,-0.33743316,-0.20909162,-0.80635583,-0.19655122,-0.045768686,-0.050913334,0.27637142,-0.012514547,-0.0023006254,0.0,0.08620371,0.0020516051,0.0,0.015868202,0.09131913,-0.014885407,-0.14664027,-0.3529094,0.019818375,0.0014518662,0.0,-0.026100304,-0.008574088,-0.10007945,-0.10034782,0.010809245,0.0,-0.048376363,-2.7056754,0.019446395,0.0012843248,0.15834351,0.0020162226,0.012846032,0.023797277,0.00578887,-0.0073192506,-0.016612701,-0.108212985,-0.011091425,-0.013291011,-0.013576666,0.14225596,-0.06185473,0.3036559,-0.037104413,-0.09741376,-0.04718463,-0.098650455
0.011956092,0.0,0.0069282823,-0.07056677,-0.14919141,-0.0074619055,-0.24813995,0.032555766,-0.057317175,-0.0047345515,-1.966921,-0.050736614,0.3373902,0.14612226,-0.034326438,-0.20551132,-0.09304595,0.01390437,0.27977088,-0.0032497542,-0.0023519145,0.0,0.10296943,-0.0069133807,0.0,-0.28888357,0.12284181,-0.012445132,0.2884152,0.3140794,0.048915617,0.0051938975,0.0,-0.038668774,0.017169055,-0.15941152,-0.05949765,0.010809245,0.0,-0.045489907,-3.2075272,0.004300894,-0.055571895,-0.068046965,0.008729285,-0.017812382,-0.031113338,0.00578887,-0.0098926425,0.0050377487,0.23882593,-0.006028881,-0.015882254,-0.5225988,-0.020371843,0.01335039,0.1076626,-0.017092193,-0.060893733,-0.019282054,-0.0336297
0.011128371,0.0,0.009050697,0.24063025,-0.054602876,-0.01836977,-0.5262406,0.08583439,-0.08119514,-0.0019260875,-2.0125887,0.002724561,-0.47002682,-0.18792732,-0.023499217,-0.06399338,-0.10969281,-0.09462945,-1.2752744,-0.001641511,-0.0023006254,0.0,-0.079241194,-0.013426347,0.0,-0.5320276,0.35733646,-0.008345731,0.24412738,0.14647248,0.019818375,0.0019967642,0.0,-0.0050353603,-0.051033065,-0.15930972,-0.17767055,0.009511752,0.0,0.0035986258,0.26434803,-0.013673042,-0.017591054,-0.04952783,-0.0115648825,-0.024336288,-0.031736255,0.005928588,-0.02575022,0.011659216,0.16539335,-0.03369856,-0.021960668,-0.6370922,0.07256587,-0.060064346,-0.20138939,-0.010776152,0.013465665,-0.11302995,-0.29363945
-0.015181255,0.0,0.005177775,-0.1805982,-0.18975976,0.0076643694,-0.27729213,0.071278244,-0.24579151,-0.0019260875,-2.2479124,-0.11744049,-0.46073914,-0.22444029,-1.201926,-0.084206596,-0.10097577,-0.06982675,0.39917174,-0.0032497542,-0.007228623,0.0,0.11631009,-0.017349541,0.0,-0.3648443,-0.27810943,-0.0043990044,-0.17284663,0.3156984,0.019818375,0.0037286836,0.0,-0.036714848,-0.05204714,-0.14865506,-0.19028498,0.0039448533,0.0,0.011117477,0.32924858,-0.023063563,-0.018809715,-0.055111583,-0.00072438316,-0.013013298,-0.035453785,0.007759195,-0.01458067,-0.009492725,-0.074782506,0.04048668,-0.021960668,0.07665165,-0.19068496,-0.060064346,-0.18254521,-0.0127331475,-0.068195984,-0.11715244,-0.08447491
0.007215997,0.0,0.005177775,-0.21041104,-0.10758559,-0.01836977,-0.3193218,0.071278244,-0.30273196,-0.003440129,-1.7734622,-0.09711792,-0.53528976,-0.26411802,-1.1390029,-0.089536056,-0.10097577,-0.08517682,-1.3450857,-0.0032497542,-0.007228623,0.0,-0.079241194,-0.016012086,0.0,-0.4011756,-0.27810943,-0.003920109,-0.1731255,0.2864435,0.019818375,0.0037286836,0.0,-0.012356872,-0.019739103,-0.22456521,-0.1952963,-0.05193732,0.0,0.010680573,0.755684,-0.018977985,-0.0023485427,-0.055936843,-0.014939409,0.007992057,-0.035453785,0.005928588,-0.03680934,-0.030871943,0.16485763,-0.0004154751,-0.021960668,0.037679397,-0.20668888,-0.060064346,-0.19317608,-0.010604675,-0.08906303,-0.11951874,-0.33699942
0.00360179,0.0,0.005177775,-0.18867905,-0.06440064,-0.016676655,-0.5436979,0.06867394,-0.30121073,-0.008871289,0.39569077,0.010259133,-0.39626175,-0.22127987,-1.3287622,0.011702195,-0.022036847,-0.034447566,-1.7913742,-0.0032497542,-0.007228623,0.0,-0.073403545,-0.03288035,0.0,-0.6870426,-0.27828246,-0.013100725,0.30166432,0.6042052,0.048915617,0.0037286836,0.0,-0.040716313,-0.05465144,-0.24621691,-0.19375242,-0.05193732,0.0,0.014936092,0.7914011,-0.024359662,-0.020696644,-0.07465683,-0.008312557,-0.008499816,0.029858047,-0.0128222145,-0.039264146,-0.013240797,0.16383436,0.04048668,-0.021960668,0.16398431,-0.23895775,0.02969617,-0.18387735,-0.0127331475,0.035730768,-0.11877756,-0.2668202
-0.002720911,0.0,0.005177775,-0.3262697,-0.13922612,0.0063324138,-0.53394705,0.08105103,-0.15060139,0.0006273509,0.28310195,-0.06839337,-0.3606915,-0.22311907,-1.6301199,-0.26359475,-0.017990902,-0.016206786,0.36656633,-0.012514547,-0.007228623,0.0,-0.08229019,-0.03747675,0.0,-0.6227151,-0.12028688,-0.003920109,0.28454956,-0.73459256,0.019818375,0.0037286836,0.0,-0.1450609,-0.033612236,-0.24705815,-0.22073705,-0.013626157,0.0,0.012471454,0.85137504,0.012015399,0.0077960715,0.20544352,0.011400802,0.0096769035,0.0513526,-0.07250276,-0.042535007,-0.012616267,-0.30326778,-0.0004154751,-0.021960668,0.05895029,-0.16676599,-0.060064346,-0.23268816,-0.038746085,-0.068104155,-0.11877756,-0.041429117
0.014272366,0.0,0.0024205514,-0.2293435,-0.12148235,-0.00074035756,-0.29459423,0.024097119,-0.124152794,-0.0070634787,0.28693533,-0.018846292,-0.2130548,-0.19723976,0.0021951105,-0.19784601,-0.015360723,0.016193984,0.35217208,-0.012514547,-0.007228623,0.0,-0.08646306,-0.020148369,0.0,-0.35450143,-0.10283464,-0.014122937,-0.09479538,-0.8242475,0.048915617,0.002266534,0.0,-0.14175874,-0.00940456,-0.066760905,-0.21152516,-0.013626157,0.0,-0.06230681,-3.219691,-0.015320163,-0.00668464,-0.2364983,-0.00072438316,-0.006489393,-0.05004379,0.011134991,0.019211756,0.011383322,-0.11610736,-0.011091425,-0.005267038,0.42553383,0.17827536,0.02790578,0.35082322,-0.043179076,-0.06827209,-0.048805457,-0.031565137
0.0186219,0.0,0.0018573368,-0.15010023,-0.12148235,-0.004446898,-0.29459423,0.009944012,-0.09117476,-0.0070634787,0.2324113,0.00015303539,-0.43137768,0.30974904,-0.025505006,0.061921798,-0.015360723,0.015379718,0.35958827,-0.0035250052,-0.0023519145,0.0,-0.06272194,-0.030332385,0.0,-0.3551768,-0.11105545,-0.014122937,-0.15558855,-0.7286872,0.019818375,0.0051938975,0.0,-0.21805827,-0.023618542,-0.10570273,-0.2598814,-0.013626157,0.0,-0.019634368,-3.5158756,-0.01254612,-0.0043851724,-0.17980622,-0.00072438316,-0.013013298,-0.026570441,0.015315927,0.026489727,-0.022718092,-0.11182298,-0.03369856,-0.0070839026,0.18955922,-0.11861331,-0.06185473,-0.2263561,-0.030965317,-0.09999655,-0.05664672,-0.07470629
0.022030758,0.0,0.0024921463,-0.18125333,-0.12314551,-0.004446898,-0.29459423,0.010762336,-0.12345308,-0.0070634787,0.22896773,-0.012649786,-0.3890319,-0.20728056,-0.031307876,-0.019316189,-0.015360723,0.015379718,0.3600502,-0.0035250052,-0.007228623,0.0,-0.077576414,-0.030332385,0.0,-0.3520436,-0.12436281,-0.014122937,-0.17249015,-0.6344831,0.048915617,0.002266534,0.0,-0.21805827,-0.054268286,-0.1354622,-0.23732267,-0.013626157,0.0,-0.0126323495,-3.4628994,-0.0317693,-0.0043851724,-0.2055364,-0.025779907,0.032830793,-0.03796538,0.011134991,0.020289768,-0.010863847,-0.11087321,-0.03369856,-0.013291011,-0.4310782,-0.13424112,0.038425017,-0.22015193,-0.030965317,-0.06827209,-0.12859838,-0.048732914
0.00696236,0.0,0.0024921463,-0.2598798,-0.10805671,-0.004446898,-0.29459423,0.010762336,-0.12696803,-0.0070634787,0.24311343,-0.003838668,-0.37280378,-0.19786537,-0.017801046,0.002347949,-0.015360723,0.015742606,0.39399236,-0.0035250052,-0.007228623,0.0,-0.08646306,-0.0297995,0.0,-0.3551768,-0.12235589,-0.013044588,-0.18726373,-0.67009676,0.048915617,0.002266534,0.0,-0.24428217,-0.055906802,-0.20461425,-0.23732267,-0.013626157,0.0,-0.057798445,-3.360437,0.0017305417,-0.003274538,-0.1918491,-0.00072438316,-0.013013298,0.0513526,-0.03626174,0.022264853,-0.018995365,0.21553642,-0.0004154751,-0.013291011,0.055270802,-0.20656095,0.02790578,-0.22018838,-0.025796574,-0.09999655,-0.119503856,-0.07437903
0.05736877,0.0,-0.016382603,0.21027704,-0.10600877,-0.040673845,0.029741205,0.038737085,-0.05632339,-0.01028336,-1.2990972,0.010433176,0.5047337,-0.14987886,0.24320558,-0.18490449,-0.0507629,-0.1526113,-0.7111919,0.056208916,-0.0023006254,0.0,-0.09313824,-0.011545656,0.0,0.033241257,0.1576376,-0.1440645,-0.10351337,-0.31887928,0.019818375,0.0014518662,0.0,-0.097320296,0.027423393,0.036877852,-5.8660517e-05,0.010809245,0.0,-0.11994195,-3.1329668,-0.03211118,0.024451211,-0.103562,-0.008312557,-0.008499816,-0.035276175,0.005084941,0.015188995,-0.023932077,0.19890256,-0.011215328,-0.01583137,0.28020343,-0.09067476,-0.0504678,-0.059581008,-0.045456924,0.08643671,0.10988913,-0.0661242
0.020859303,0.0,-0.016382603,0.21563318,-0.0826314,0.005287874,0.027093802,0.042923313,-0.06695885,-0.010571794,-1.79888,0.009030201,0.6036414,-0.13465331,0.263975,0.025611904,-0.08529815,-0.022864457,-0.100393504,0.0073731523,-0.0023006254,0.0,0.14713348,-0.009394796,0.0,0.041308776,0.15372425,-0.042773474,-0.10644883,0.23576543,0.019818375,0.0014518662,0.0,-0.017938571,0.027274922,0.0008296566,-5.8660517e-05,0.010809245,0.0,-0.11994195,-4.001196,-0.031995755,0.01971203,-0.052761547,-0.014939409,0.007992057,-0.0197184,0.00578887,0.028150175,-0.022625923,0.005450799,-0.00016077515,-0.01583137,0.12957948,-0.08092144,-0.0504678,-0.05970202,-0.0151069695,-0.13029698,0.10183017,-0.05198594
0.0039696684,0.0,0.009050697,0.208558,0.0070329756,0.014775027,0.113699794,0.106778175,-0.085666,-0.004262645,0.46384495,0.007757471,0.58597255,-0.14337653,0.35726732,0.032302067,-0.024990655,-0.0468277,0.6901151,0.014596474,-0.0023006254,0.0,0.13534348,-0.008317705,0.0,0.12993361,0.38916188,-0.024384225,-0.101984024,0.5467231,0.048915617,0.0019967642,0.0,0.028020255,0.016837258,0.2324039,0.034174114,0.046265405,0.0,-0.07350377,2.0347345,0.021931596,0.03696215,0.07157615,0.035097133,0.03768477,0.03453402,-0.07250276,0.059772365,0.0040927175,0.37449288,-0.00016077515,0.012224903,-0.41067183,-0.094803244,0.017544497,-0.06329664,-0.0131240515,-0.042946912,0.11297006,-0.070622675
0.063877024,0.0,0.009050697,0.40989703,0.004659535,0.009357486,0.120691225,0.106778175,-0.10678366,-0.0043682586,0.5739601,0.0040768264,-0.13550773,-0.13388376,0.12988241,-0.20219715,-0.019703887,0.030397328,0.5647926,0.056208916,-0.0023006254,0.0,0.1468489,0.039889462,0.0,0.12398161,0.39304897,-0.025050612,-0.123086855,-0.516861,0.048915617,0.0019967642,0.0,0.00837078,-0.0147793,-0.06596825,0.03644403,0.046265405,0.0,-0.07762658,2.023154,0.019333132,-0.02397737,0.26545662,0.008660195,-0.006489393,-0.032186545,0.01817496,0.050651774,0.0122379325,-0.053323288,-0.011091425,0.036886834,0.35682556,0.22585799,0.042619124,0.39893952,0.15975246,-0.039504662,-0.043342266,-0.064188264
0.014617138,0.0,0.0069282823,-0.048017226,0.13521326,-0.00074035756,0.05751735,0.03453607,-0.08606466,-0.013384664,0.30055282,-0.0013418356,-0.39806533,-0.19046365,0.010196643,-0.20974952,-0.016721254,-0.032057784,0.25051194,0.056208916,-0.007228623,0.0,-0.10407193,0.010984803,0.0,0.0459355,0.12408466,-0.08498286,-0.2560921,-0.8724078,0.019818375,0.0014518662,0.0,-0.036388926,-0.0054031163,-0.064632505,-0.09062375,0.010809245,0.0,-0.19365972,-4.490905,0.018351778,-0.0028233808,-0.21602482,-0.008824277,0.03768477,-0.035276175,0.011134991,0.019744068,0.0065941983,-0.098757915,-0.03369856,-0.021960668,-0.5558922,0.22248867,-0.061177973,-0.24221982,-0.04567071,-0.06827209,-0.11519741,-0.052491598
0.018966673,0.0,0.0030553606,0.29617068,0.13521326,-0.00074035756,0.03703039,0.026895747,-0.093289584,-0.013384664,-0.00037329458,-0.010524739,-0.39717075,-0.13821065,-0.07466881,0.024722248,-0.016721254,-0.039187424,0.23210539,-0.0035250052,-0.0023006254,0.0,-0.10650977,0.024633618,0.0,0.03775912,-0.12436281,-0.08498286,-0.25639713,-0.60505325,0.048915617,0.0014518662,0.0,-0.03779497,-0.000650608,-0.064086735,-0.09062375,0.009577858,0.0,-0.18815485,-3.971774,-0.022217203,-0.02316993,-0.22335437,-0.0115648825,-0.024336288,-0.03796538,0.011134991,0.019744068,-0.006998182,-0.10077121,-0.03369856,-0.021960668,-0.5722046,0.19392599,0.03910178,-0.23236035,-0.034114107,-0.06827209,-0.112467535,-0.056744017
-0.00045126025,0.0,0.0023711473,0.19810225,0.13904426,-0.008612292,0.024716068,-0.06779547,-0.09128241,-0.009567574,0.058284253,-0.1113806,-0.4743834,-0.15134144,-1.0179831,-0.2482282,-0.0164929,-0.04478232,0.2332081,-0.012514547,-0.0023006254,0.0,0.14076026,-0.00085059507,0.0,0.036851883,-0.12436281,-0.04029201,-0.26339158,-0.97616625,0.019818375,0.0014518662,0.0,-0.059033055,-0.026435567,-0.14931403,-0.09833942,-0.013626157,0.0,-0.12582053,-2.9684908,-0.017017568,-0.018098814,-0.19294558,0.008660195,-0.006489393,-0.02289698,-0.03626174,-0.0024495288,-0.029786047,-0.10501256,-0.03369856,-0.021960668,0.008476995,-0.11479635,-0.062338132,-0.20646603,-0.052144468,-0.09999655,-0.11766975,-0.103668705
0.014851749,0.0,0.001736338,0.2088583,-0.12582344,-0.01961913,-0.20791224,-0.06562453,-0.093811035,-0.009887101,-1.1567668,-0.1202451,-0.4366528,-0.20909162,-0.7298975,-0.22955629,-0.045768686,-0.053903416,-0.57368004,-0.012514547,-0.0023006254,0.0,0.1116103,0.008739187,0.0,0.044248767,-0.10283464,-0.04029201,-0.17861977,-0.387674,0.019818375,0.0014518662,0.0,-0.05813228,-0.020519417,-0.11024877,-0.07143438,-0.013626157,0.0,-0.118145,-1.9079888,-0.017017568,-0.01576216,-0.1113812,0.011400802,0.012846032,-0.05004379,0.005084941,-0.037901204,0.014986347,-0.08634526,-0.03369856,-0.021960668,-0.013917198,0.1528607,-0.06259232,-0.2048983,-0.037104413,-0.11053385,-0.11488581,-0.1562047
0.019341258,0.0,0.001736338,0.21815738,-0.13219665,-0.01961913,-0.24772573,-0.06562453,-0.08684413,-0.011143537,-1.7050194,-0.1202451,-0.4597605,-0.20909162,-0.008681444,-0.07284418,-0.07372796,-0.06406944,-0.7447698,-0.0032497542,-0.0023006254,0.0,0.1116103,0.01822073,0.0,-0.28142992,-0.12373835,-0.097599775,-0.15098634,0.33029214,0.048915617,0.0014518662,0.0,-0.07016444,-0.02180034,-0.1083616,-0.069707625,-0.013626157,0.0,-0.122454315,-2.0970094,-0.016067594,-0.0020804005,-0.058738284,0.0020162226,0.012846032,-0.04588095,0.005084941,-0.048889324,0.01472687,0.109478064,-0.03369856,-0.021960668,0.057428323,0.110480905,0.037687432,-0.20359428,-0.017092193,0.123881705,-0.15036577,-0.16690491
0.038444348,0.0,0.0028444985,0.20521878,-0.09162208,-0.053109013,-0.29827395,-0.12246581,-0.19802152,-0.008964322,-1.9213134,-0.15903495,-0.39592224,-0.16279061,-0.93171394,-0.09977208,-0.10097577,-0.0869682,-0.973042,-0.0032497542,-0.0023006254,0.0,0.1417167,-0.013348002,0.0,-0.36060408,-0.27108002,-0.037907876,-0.16997738,0.2642675,0.048915617,0.0019967642,0.0,-0.025186429,-0.099844314,-0.19890997,-0.16330035,-0.019259162,0.0,-0.07281588,0.17977685,-0.016067594,-0.0034468728,-0.04951734,0.0020162226,0.0096769035,-0.035453785,0.005928588,-0.061489932,-0.050348956,-0.1766346,-0.03369856,-0.021960668,0.24682835,-0.14706504,0.027671635,-0.21569982,-0.013321647,0.077623524,-0.048250567,-0.21701689
0.02337595,0.0,0.0028444985,-0.20040081,-0.09162208,-0.18225488,-0.5017986,-0.12246581,-0.26179984,-0.025475882,-1.8591652,-0.17503212,-0.30553877,-0.25587183,-0.9195583,-0.07606336,-0.10097577,-0.0869682,-0.6522311,0.014596474,-0.007228623,0.0,0.13961358,-0.013348002,0.0,-0.363475,-0.26381522,-0.037907876,-0.15956534,0.19906236,0.048915617,0.0037286836,0.0,-0.024502577,-0.10052734,-0.20336683,-0.16330035,-0.0025729649,0.0,-0.07832074,0.2137538,0.009400649,0.0144754555,0.05790235,-0.008824277,0.034515638,0.029858047,0.005928588,-0.022087935,-0.053317077,-0.09801236,-0.03369856,-0.021960668,-0.50851953,-0.20534435,0.027671635,-0.15518892,-0.013321647,0.056633607,0.148091,0.33178636
0.0398618,0.0,0.002209689,-0.17673954,-0.12072884,-0.18424827,-0.587636,-0.12328414,-0.2575595,-0.005944223,-1.9428325,-0.18383828,-0.3670151,-0.26347297,0.03786483,-0.09131701,-0.107615545,0.007094641,-0.98139024,0.014596474,-0.007228623,0.0,-0.09766777,-0.029411696,0.0,-0.45639384,-0.25033483,-0.070025034,-0.17005736,0.24606693,0.048915617,0.0037286836,0.0,-0.023614315,-0.10052734,-0.19993936,-0.21156766,-0.0025729649,0.0,-0.07832074,0.25993866,-0.017284127,0.0008616287,-0.059494834,-0.008312557,-0.011668945,-0.035453785,0.005928588,0.038040653,-0.021346973,0.023431864,-0.03369856,0.036886834,0.10248228,-0.20534435,0.027671635,-0.2139142,-0.013321647,-0.053459216,-0.123444624,0.3519368
0.038444348,0.0,0.002209689,-0.17673954,-0.12471968,-0.055102393,-0.3841114,-0.12328414,-0.26505017,-0.005944223,-1.7722794,-0.07308825,-0.38799536,-0.26754993,-0.06521745,-0.19466522,-0.10969281,0.028232927,-1.1871251,0.014596474,-0.007228623,0.0,-0.09928791,-0.027632369,0.0,-0.4551819,-0.25033483,-0.07110338,-0.17457119,0.2111302,0.019818375,0.0037286836,0.0,-0.048232652,-0.10052734,-0.13711767,-0.21156766,-0.0025729649,0.0,-0.07401142,0.18761076,-0.020877438,-0.022766445,-0.06998233,-0.0115648825,-0.017812382,-0.035453785,-0.020511199,0.038040653,-0.014144159,-0.0445819,-0.03369856,0.006095606,-0.5616936,-0.20534435,-0.06208888,-0.20180866,-0.0127331475,-0.05733856,-0.14005688,-0.29363945
0.035520222,0.0,0.0028444985,-0.22360076,-0.12471968,-0.055102393,-0.3841114,-0.12246581,-0.25878507,-0.005944223,-1.8873594,-0.108239934,-0.39697546,-0.26925823,0.022353297,-0.08298387,-0.10969281,0.036961608,-1.3515924,0.014596474,-0.007228623,0.0,-0.09928791,-0.027632369,0.0,-0.45639384,-0.2636422,-0.07110338,-0.19313242,0.25212628,0.019818375,0.0037286836,0.0,-0.045846343,-0.10052734,-0.14429739,-0.21156766,-0.0025729649,0.0,-0.07401142,0.20967126,-0.016067594,-0.0014350783,-0.048692077,-0.014939409,0.007992057,-0.035453785,0.005928588,0.047794245,-0.009492725,-0.04372107,-0.03369856,-0.021960668,0.04080318,-0.17102954,-0.06208888,-0.20958056,-0.011424119,-0.08906303,-0.13179429,-0.3476996
0.020451825,0.0,0.002209689,-0.20512666,-0.12399486,-0.055102393,-0.3841114,-0.12328414,-0.23561342,-0.005944223,-1.8111364,-0.06765411,-0.41166586,-0.26925823,-0.041796427,-0.07272033,-0.10969281,0.034254327,-1.4369605,0.014596474,-0.007228623,0.0,-0.079241194,-0.033413235,0.0,-0.45639384,-0.24876685,-0.00024346355,-0.17004132,0.24659495,0.048915617,0.0037286836,0.0,-0.046672836,-0.10052734,-0.13498926,-0.21156766,-0.0025729649,0.0,-0.07832074,0.21438919,0.016585492,-0.003459176,-0.03026047,-0.0115648825,-0.024336288,0.023521356,0.005928588,0.038040653,-0.029478492,0.09241349,-0.03369856,-0.021960668,-0.48575407,-0.20534435,0.027671635,-0.20958056,-0.0127331475,-0.05733856,-0.12603056,-0.2964186
0.035520222,0.0,0.002209689,-0.15867987,-0.07727752,-0.055102393,-0.6718743,-0.12328414,-0.29798958,-0.011375383,0.08115989,-0.06371756,-0.41414234,-0.26925823,0.04564227,0.010109381,-0.022565294,0.03890086,-1.6903036,0.014596474,-0.007228623,0.0,-0.073403545,-0.03288035,0.0,-0.9340444,-0.25033483,0.00083488505,-0.17349446,0.5397837,0.019818375,0.0037286836,0.0,-0.050823614,-0.10052734,-0.21333094,-0.40974307,-0.035251126,0.0,-0.08599627,1.0554372,-0.017032698,-0.017409202,-0.07821483,-0.0115648825,0.021690458,-0.035453785,0.005928588,0.054038227,-0.013682457,0.11950557,-0.03369856,-0.021960668,-0.51829195,-0.2157889,-0.06208888,-0.21234648,-0.011424119,-0.05733856,-0.13747092,-0.2963271
0.023870742,0.0,0.0023907826,-0.1500046,-0.12469509,-0.057422142,-0.66326994,-0.062224634,-0.1479824,-0.011375383,0.4190024,-0.046519145,-0.42329702,-0.275228,0.015131341,0.010109381,-0.022565294,0.025585031,-1.609675,0.014596474,-0.007228623,0.0,-0.107277475,-0.0376564,0.0,-0.9328325,-0.12240532,-0.08007405,-0.20459719,0.65616703,0.048915617,0.0037286836,0.0,-0.17977235,-0.11627782,-0.14921016,-0.41127524,-0.008212237,0.0,-0.08168695,0.417196,-0.020877438,-0.02180728,-0.08565452,-0.019153057,-0.019822808,-0.03380254,0.0095861405,0.026853286,-0.03144404,-0.04332452,-0.03369856,-0.021960668,-0.5933216,-0.1815145,0.03819087,-0.20337638,-0.013465303,-0.107633874,-0.12876046,-0.29368982
0.0066786613,0.0,0.0023907826,-0.20252137,-0.12468696,-0.057422142,-0.3865747,-0.06594123,-0.15689914,-0.0056744833,0.22532,-0.08552656,-0.38173023,-0.275228,-1.226289,-0.21573178,-0.017990902,0.015146728,-1.2643402,0.056208916,-0.007228623,0.0,-0.107277475,-0.039276835,0.0,-0.6192772,-0.121162474,-0.08482904,-0.22315843,-0.70028806,0.019818375,0.0037286836,0.0,-0.18194862,-0.10210517,-0.15638989,-0.22764952,-0.008212237,0.0,-0.08168695,0.02557594,-0.023373095,-0.007050762,-0.19628678,-0.00072438316,-0.013013298,-0.03796538,0.0095861405,0.044239935,-0.045133125,-0.06530005,-0.0004154751,-0.021960668,0.20825037,-0.1815145,-0.06208888,-0.12405427,-0.04521525,-0.11698425,0.14114054,-0.31521416
-0.01925639,0.0,0.002209689,-0.19781888,-0.26251927,-0.04117852,0.057981525,-0.1263082,-0.15251425,-0.03139819,-2.8268175,-0.10408577,0.35179743,-0.3070891,-0.018223459,-0.3121158,-0.1567548,0.033427,0.43375048,-0.012514547,-0.007228623,0.0,-0.079241194,-0.012635522,0.0,0.07232531,-0.1040715,-0.008345731,-0.22230792,-0.34232315,0.048915617,0.0037286836,0.0,-0.04326815,-0.030115303,-0.18306157,0.117148645,0.009577858,0.0,-0.07807802,1.0679536,-0.019350141,0.00842409,-0.11929256,-0.008312557,0.0041763475,-0.05004379,0.007759195,-0.0070717055,0.011111507,-0.47801536,-0.006028881,0.02552419,0.09979164,-0.112131484,0.0029342482,0.10443197,-0.052144468,0.040414665,-0.015529286,-0.07088209
-0.0031123064,0.0,0.002209689,-0.2557894,-0.18812913,-0.037503317,0.03547366,-0.13407777,-0.18071853,-0.019817537,-2.8880236,-0.084762186,0.5812026,-0.2995496,-0.04407136,-0.10472798,-0.1896474,0.014558878,0.28364226,-0.0032497542,-0.007228623,0.0,-0.10279259,-0.017218778,0.0,0.05195306,-0.09494883,-0.076232396,-0.17801519,0.3913853,0.019818375,0.0037286836,0.0,-0.11433537,-0.030135725,-0.14745873,0.109478384,-0.013626157,0.0,-0.1286884,-1.6868075,-0.019955713,-0.05168904,-0.04434155,0.008660195,-0.006489393,0.034697406,-0.019791726,-0.0017690561,0.0219598,-0.059925534,0.013477583,-0.013291011,0.052392736,-0.10481268,-0.05070195,-0.06933173,-0.014025574,-0.08877656,-0.024731439,0.008361088
-0.014766883,0.0,0.002209689,-0.26706132,-0.20407078,-0.04117852,0.06848293,-0.14273828,-0.30325636,-0.028945137,-3.4697852,0.17919172,0.37338552,-0.36608198,0.045278147,-0.115849,-0.1896474,0.028289357,0.5010918,-0.0032497542,-0.007228623,0.0,-0.09928791,-0.003908096,0.0,0.07951867,-0.2540779,-0.06649813,-0.19482258,0.25340873,0.019818375,0.0037286836,0.0,-0.03380865,-0.14142531,-0.13456924,0.117148645,-0.05193732,0.0,-0.0737687,1.341641,-0.023460774,-0.05195718,-0.05142457,0.011400802,0.012846032,-0.046897497,0.007759195,-0.012806848,-0.0021303857,-0.18754408,0.0072468496,-0.013291011,0.0982349,0.11861447,-0.05070195,0.09679186,0.0434698,-0.070460364,-0.043258235,-0.12436199
0.0039543603,0.0,0.002209689,-0.095122635,-0.05534351,0.11821278,0.10238177,-0.072228186,0.1775674,-0.0295732,0.60562384,0.11375408,0.6204941,0.4340039,0.083007865,0.03407016,0.06846735,0.063963,0.7509909,-0.0032497542,-0.0023519145,0.0,-0.034048337,-0.009688962,0.0,0.12900051,-0.16937937,0.07644868,-0.14862007,0.76042235,0.048915617,0.014087384,0.0,-0.0379797,-0.101568006,-0.061300978,0.14368239,-0.021505622,0.0,-0.098107114,1.9058375,-8.2300045e-05,-0.05475357,-0.070748165,0.011400802,0.012846032,0.0441196,0.022355894,-0.11545594,0.008405291,-0.000994667,0.013477583,-0.0070839026,0.113793805,0.1705611,0.049577802,-0.06962792,-0.013293418,0.04214885,-0.061250336,-0.12436199
0.020245854,0.0,0.0028444985,-0.016422894,0.00062977883,0.117982,0.09736556,-0.04399055,0.18891856,-0.028307416,0.58809435,0.14323017,-0.14645997,0.43984672,0.09905716,0.028162375,0.05398747,0.04817444,0.7112186,-0.0032497542,-0.0023519145,0.0,-0.034048337,-0.02997815,0.0,0.13292055,-0.18247707,0.07752703,-0.12501524,0.7556912,0.048915617,0.014087384,0.0,-0.034091372,-0.062929325,-0.12849934,0.3206958,-0.004819425,0.0,-0.10241643,1.8216848,-7.299101e-05,-0.0033489743,-0.07772612,0.0020162226,0.0096769035,-0.043847986,0.022355894,-0.11545594,-0.024134904,-0.21401532,-0.011091425,-0.0070839026,0.139419,0.19195223,0.028214253,0.329158,-0.013293418,0.06327834,-0.0255508,-0.123860076
0.017681222,0.0,0.0023907826,0.39486617,0.13212413,0.11255961,0.033867616,0.012534043,0.06397389,-0.015081488,0.37435493,-0.007896103,-0.3163717,-0.24601609,-1.4983666,-0.246042,0.042495243,-0.085121594,0.21973686,-0.012514547,-0.0023006254,0.0,-0.066295564,-0.022680258,0.0,0.069928184,-0.11653511,0.013233958,-0.1713126,-0.90801454,0.048915617,0.0019967642,0.0,-0.22351198,-0.07098928,-0.23221685,0.22453925,-0.0025057537,0.0,-0.22139068,-1.6185387,-0.014371967,-0.004835175,-0.20222056,-0.0115648825,-0.027505416,-0.039637715,0.011134991,-0.0326936,-0.07073266,-0.25917572,-0.03369856,-0.013291011,-0.5257678,-0.112639286,0.028214253,-0.17382893,-0.047781825,0.084323555,0.15346563,0.09257298
0.017681222,0.0,0.0023711473,0.2690378,0.13479593,-0.014541961,0.025265606,-0.04692609,0.06970273,-0.013384664,0.34174368,-0.08392464,-0.38087183,-0.21950817,-1.0231744,-0.2173733,-0.0164929,-0.056093134,0.28699693,-0.012514547,-0.0023006254,0.0,0.086376354,-0.009135933,0.0,0.037277836,-0.11653511,-0.042869076,-0.1713126,-0.8903654,-0.022148054,0.0014518662,0.0,-0.14952439,-0.026920376,-0.19965741,0.22270313,-0.0025057537,0.0,-0.23618762,-3.2409601,-0.019092286,-0.0017127472,-0.20222056,-0.0115648825,-0.024336288,-0.039637715,0.011134991,-0.00470638,-0.054931372,0.15912144,-0.03369856,-0.013291011,-0.5073396,-0.10538857,-0.020371709,-0.17382893,-0.047781825,0.084323555,0.15228924,0.08995594
0.008230116,0.0,0.0023711473,0.1691552,-0.13244224,-0.01961913,0.02173641,-0.043936826,0.071184106,-0.013704192,-1.1844687,-0.10062034,-0.3377953,-0.21353841,-0.80831677,-0.22394943,-0.051356833,-0.05746541,-0.6748438,-0.012514547,-0.0023006254,0.0,0.091040865,-0.0048352666,0.0,0.02713163,-0.11653511,-0.042869076,-0.18310478,-0.39140254,-0.022148054,0.0014518662,0.0,-0.06606488,-0.024419589,-0.19631957,0.2033619,-0.0025057537,0.0,-0.11085197,-2.0923638,-0.019921599,0.0006239081,-0.113301285,-0.0115648825,-0.024336288,-0.039637715,0.005084941,-0.011117801,-0.02158379,0.11250348,-0.03369856,-0.021960668,-0.49554446,-0.13624498,-0.020625895,-0.14360096,-0.052144468,0.055506192,0.15228924,-0.123408794
-0.0023487734,0.0,0.0023711473,0.17914952,-0.12582344,-0.01961913,-0.20791224,-0.06073018,-0.08650891,-0.016657451,-1.7591928,-0.09174015,-0.34052256,-0.21537758,-0.76031035,-0.064936616,-0.07866131,-0.046429425,-0.5965549,-0.0032497542,-0.0023006254,0.0,0.05551768,-0.012818075,0.0,0.03263893,-0.122609496,0.016878959,-0.1302037,0.27746382,-0.022148054,0.0014518662,0.0,-0.07388985,-0.025700515,-0.20578262,0.2033619,-0.008212237,0.0,-0.11085197,-1.807945,0.017802022,0.0143128075,0.059661612,-0.008824277,0.034515638,0.035607085,0.005084941,-0.009044727,-0.0181473,-0.17842063,-0.03369856,-0.021960668,-0.40549847,-0.13388354,-0.020625895,-0.22899516,-0.016894598,-0.088336356,-0.1209285,-0.086425215
0.0069417423,0.0,0.002209689,0.22156528,-0.09481149,-0.03632583,-0.3060644,-0.083988704,-0.15301564,-0.012681834,-2.0306902,-0.09578512,-0.23574415,-0.22182944,-0.9523779,-0.08920031,-0.10097577,-0.0880406,-0.8930537,-0.0032497542,-0.0023006254,0.0,0.077400535,-0.0104458025,0.0,-0.3728224,-0.24211402,-0.0033206537,-0.14213727,0.21195064,-0.05466567,0.0019967642,0.0,0.08591569,-0.08593361,-0.15881938,-0.015679065,-0.0025729649,0.0,-0.047545157,0.11081575,-0.012021962,0.0144754555,0.07401197,-0.014939409,0.004822929,-0.047532197,0.005928588,0.037284568,0.011853945,-0.17143314,-0.011091425,0.036886834,0.2636422,0.08569493,0.008023201,0.31001326,-0.010604675,-0.05733856,-0.041047525,-0.30861354
-0.008126656,0.0,0.002209689,0.21529919,-0.09481149,-0.03632583,-0.3060644,-0.083988704,-0.1679142,-0.012171479,-1.8847665,-0.09227545,-0.49883032,-0.15345791,-0.9035209,-0.07984218,-0.10097577,-0.08748322,-0.9895228,-0.0032497542,-0.0023006254,0.0,0.04461141,-0.016508028,0.0,-0.363475,-0.23219973,0.027365362,-0.19911909,0.2248571,0.048915617,0.0019967642,0.0,0.10137275,-0.08671515,-0.1189348,-0.16330035,-0.0025729649,0.0,-0.047545157,0.14841986,0.011818996,-0.0023485427,0.05790235,0.032356527,-0.017812382,0.043543987,-0.020511199,0.037284568,0.024205409,0.1488905,-0.03369856,0.036886834,-0.47688758,-0.16734347,0.027671635,-0.2209661,-0.012563781,-0.05733856,-0.10768867,-0.3149967
0.0069417423,0.0,0.0028444985,-0.15626092,-0.12072884,-0.038544044,-0.3841114,-0.10210494,-0.28440064,-0.012171479,-2.0615106,-0.0981729,-0.31044704,-0.2691077,-0.030263102,-0.075213924,-0.106558226,-0.022409754,-1.1222049,-0.0032497542,-0.007228623,0.0,0.046714522,-0.029615909,0.0,-0.46734962,-0.2636422,0.028262699,-0.18210468,0.13515428,0.019818375,0.0037286836,0.0,0.07511392,-0.09355129,-0.05943768,-0.21277082,-0.0025729649,0.0,-0.0804212,0.10076337,0.017566845,-0.0053946865,0.08364853,-0.008824277,0.03768477,-0.034819085,0.005928588,0.038040653,-0.00753083,-0.07434521,-0.011091425,-0.021960668,-0.48660576,0.055494893,-0.06208888,0.3060665,0.04262086,-0.056274477,-0.082023636,-0.31810212
0.007993767,0.0,0.0028444985,-0.2006308,-0.12899025,-0.07877627,-0.37632096,-0.09749437,-0.27256927,-0.012171479,-1.6978217,-0.08982827,-0.5308116,-0.26006228,0.19066042,0.1387606,-0.106558226,-0.06729744,-1.2738314,-0.001641511,-0.007228623,0.0,-0.09928791,-0.009839712,0.0,-0.53224844,-0.2636422,-0.070744544,-0.16824685,0.06063849,0.048915617,0.0037286836,0.0,0.07111274,-0.08973321,-0.039647605,-0.21277082,-0.0025729649,0.0,-0.074958265,0.09766471,0.012454476,-0.012656183,-0.04599365,0.032356527,-0.017812382,-0.023432015,0.005928588,0.037401997,-0.03190574,-0.3195174,-0.03369856,-0.01583137,-0.46879107,-0.064860746,0.03819087,-0.20958056,-0.008036471,-0.059549127,-0.1045425,-0.26161054
0.0160391,0.0,0.0028444985,-0.26884723,-0.051866855,-0.05389615,0.08531501,-0.15533623,-0.28007334,-0.01760264,0.37953666,-0.083198264,-0.52700484,-0.29030302,-0.01292265,-0.015569202,-0.020844914,-0.07818961,-1.6069462,-0.001641511,-0.007228623,0.0,-0.102336906,-0.014117267,0.0,-0.8274274,-0.27363724,-0.066399634,-0.2285587,0.23958977,0.019818375,0.0037286836,0.0,-0.045311436,-0.10431855,-0.04177058,-0.31855908,-0.0025729649,0.0,-0.089389116,0.31398028,0.009785924,-0.028877482,-0.09949538,0.032356527,-0.017812382,-0.023432015,0.01144241,0.042023636,-0.043214448,-0.12362199,-0.03369856,-0.021960668,-0.52331275,0.05892333,-0.06208888,-0.2234134,-0.006461854,-0.06214518,-0.10102954,-0.37202844
0.011596061,0.0,0.0017559732,-0.3237543,-0.10007964,-0.056690585,0.11642987,-0.05999406,0.018077565,-0.01190174,0.30872425,-0.105207816,-0.38307914,-0.29030302,0.026051132,-0.30206716,-0.01864657,-0.027399825,-1.412269,-0.012514547,-0.007228623,0.0,-0.12116555,-0.01224269,0.0,0.112543695,-0.0938456,-0.062599905,-0.27042112,-0.9512912,0.019818375,0.0037286836,0.0,-0.1707935,-0.09411415,0.15101996,-0.4124784,-0.0025057537,0.0,-0.06691335,0.553793,-0.007590988,-0.011895437,-0.2003005,-0.014939409,0.007992057,-0.039637715,0.0095861405,-0.0023873695,-0.033122025,-0.13394815,-0.03369856,-0.021960668,0.04189714,0.120415896,-0.06208888,-0.14961688,-0.047781825,-0.1478522,0.1744291,-0.41663805
0.00087719783,0.0,0.0015284282,-0.25967,-0.124577016,-0.022512523,0.03655119,-0.036735673,-0.13983265,-0.016387712,0.32991028,-0.08869653,-0.39267442,-0.23050603,0.28906858,0.24359478,-0.016721254,-0.034545682,-0.67211896,-0.0035250052,-0.007228623,0.0,-0.061962318,0.0002927673,0.0,0.049270112,-0.10805929,0.07666983,-0.21883932,-0.46347734,0.048915617,0.002266534,0.0,-0.17295752,-0.057938375,-0.21085933,-0.068783276,-0.008212237,0.0,-0.17821437,-3.1544294,-0.0130332485,0.018170575,0.17596813,-0.014939409,0.004822929,0.026058659,0.0095861405,-0.0036864562,-0.028363481,-0.16628093,0.04048668,-0.01583137,-0.0054865447,-0.1438626,0.027168196,-0.229247,-0.014963282,-0.10542241,-0.12444713,-0.1462107
0.015945595,0.0,0.0015284282,-0.21801135,-0.119505,-0.022325786,0.03655119,-0.036735673,-0.13952926,-0.016387712,0.30677095,-0.061083753,-0.1499236,-0.23292688,0.00028348516,0.33558762,-0.016721254,0.008522707,-0.6696685,-0.0035250052,-0.007228623,0.0,-0.10650977,-0.0297995,0.0,0.049707986,-0.10184538,-0.06404099,-0.24124596,-0.48394346,0.048915617,0.002266534,0.0,-0.20422503,-0.065334186,-0.18994516,-0.06363914,-0.008212237,0.0,-0.124032386,-3.3209944,-0.017113166,0.00043507898,-0.21449715,-0.019153057,-0.022991937,-0.034962095,0.0095861405,0.011160264,0.012968956,-0.15859273,-0.011091425,0.036886834,-0.55433285,-0.18334523,0.027168196,0.3086607,-0.016045928,-0.09161314,-0.060508844,-0.124686316
-0.0037472744,0.0,0.0021632377,-0.13712078,-0.118721075,-0.022325786,0.02423687,-0.03590362,0.12275291,-0.014690889,0.22757259,-0.09424035,-0.36030203,0.253484,-0.91889274,-0.1840725,-0.014415632,-0.26174453,-0.6210331,-0.012514547,-0.0023519145,0.0,-0.0916553,-0.023050569,0.0,0.036739435,-0.10435036,-0.06502725,-0.17044382,-0.82987607,0.019818375,0.0051938975,0.0,-0.194276,-0.060319796,-0.103491105,-0.05800487,-0.0025057537,0.0,-0.17839703,-2.477927,0.011663327,-0.007050762,-0.1883686,-0.00072438316,-0.013013298,0.0529213,-0.03786917,0.027406765,-0.044132296,-0.08007961,-0.0004154751,-0.01575356,0.1682029,-0.20027398,-0.06259232,-0.2251477,-0.043348834,-0.1478522,-0.07627333,-0.100234956
-0.036939327,0.0,0.0015284282,-0.13940288,-0.12942639,-0.01580011,0.04730814,-0.037918787,0.04960855,-0.006836968,-1.3441573,-0.06858095,-0.31624752,-0.1882878,-0.0028382572,-0.13104497,-0.050107397,-0.057330422,0.29405963,-0.012514547,-0.007228623,0.0,-0.06590739,0.0068793353,0.0,0.037970006,-0.0766681,0.06667596,-0.20632018,-0.28311846,-0.022148054,0.002266534,0.0,-0.14302962,-0.0547811,-0.059984103,-0.103418335,-0.007919675,0.0,-0.031057833,-3.1557505,0.014101097,-0.0058939075,-0.15368944,0.035097133,0.03768477,-0.06345287,0.00578887,-0.0045242365,0.014076499,-0.27551657,-0.011091425,-0.013291011,-0.39420575,0.13789031,-0.020625895,0.27666146,0.16083932,-0.06693214,-0.031965055,-0.059031673
-0.032037955,0.0,0.0017559732,-0.1876828,-0.16892293,-0.05386459,0.059080467,-0.06806038,0.055817053,-0.0027412556,-2.6646996,-0.06628791,0.27278244,-0.20570458,0.059213575,-0.09752248,-0.16785032,-0.7296982,0.2764461,-0.0032497542,-0.007228623,0.0,-0.06590739,0.004824969,0.0,0.05195306,-0.09632899,0.008722296,0.19748278,0.3755473,-0.05466567,0.0037286836,0.0,-0.15830027,-0.13362174,-0.066821925,-0.06345636,-0.007919675,0.0,-0.036339067,-1.5673529,-0.004603944,-0.04359184,-0.0622006,0.035097133,0.03768477,-0.06300258,0.00578887,-0.022410454,0.01595071,-0.3070543,-0.011215328,-0.013291011,-0.3871642,0.102470346,0.02992937,-0.07434198,-0.014025574,0.07671155,-0.119195245,-0.053809494
-0.059447728,0.0,0.0023907826,-0.18680912,-0.19496168,-0.048729748,0.021583963,-0.079619154,0.14546451,-0.015946131,-3.1062524,-0.11281496,-0.2481769,-0.18673016,0.054936796,-0.105306715,-0.16674632,-1.0482361,0.36774707,-0.0032497542,-0.007228623,0.0,-0.05474046,-0.011214279,0.0,0.07841669,-0.19720495,0.077115074,0.32811412,0.31458145,-0.05466567,0.0037286836,0.0,-0.10357956,-0.09461119,-0.05577512,-0.053048555,-0.021505622,0.0,0.023088971,1.2213137,-0.008486381,0.00813717,-0.0564156,-0.014939409,0.004822929,-0.059297282,0.007759195,-0.091342896,-0.09372747,-0.20065969,-0.03369856,-0.007212597,0.086140126,0.08046714,0.018542435,-0.20524143,-0.013293418,0.06200315,-0.24478799,-0.13277446
-0.011815494,0.0,0.0017559732,-0.07592595,-0.042715814,-0.04371888,0.17427516,0.064844124,0.19584058,0.0035428344,0.67834777,0.030441627,-0.19833644,0.1610045,0.14231472,0.020266978,-0.022692513,0.0615967,0.48118508,-0.0032497542,0.0025507235,0.0,-0.032428186,-0.0040149856,0.0,0.12997882,-0.14622672,0.077115074,0.44676661,0.7623735,-0.05466567,0.014087384,0.0,-0.10567833,0.2018236,0.21810469,0.035342768,-0.004819425,0.0,0.03909774,1.9073637,-0.008766426,-0.012746731,-0.061721303,-0.00072438316,-0.00033713412,0.06637555,-0.07250276,-0.013306355,0.059857357,-0.26205942,0.04048668,0.012540177,0.35174966,-0.044401154,-0.0021587964,-0.09951569,-0.012535552,0.06327834,0.2144824,0.15164667
-0.011955468,0.0,0.0017559732,-0.25109956,-0.052431848,-0.024779204,0.16852343,0.057074554,0.3472641,-0.0018641647,0.6604313,0.036989655,-0.19727734,-0.11282575,0.1441769,0.07794805,-0.01864657,0.0029420508,0.7518833,-0.0035250052,0.007839667,0.0,-0.05778945,-0.02240502,0.0,0.12398161,-0.14326115,0.086295694,0.50905293,-0.25412625,-0.022148054,-0.008305209,0.0,-0.12786192,0.19868699,0.21100104,0.037854806,-0.004819425,0.0,0.04609976,2.1204417,0.010415977,0.013187295,0.2344033,0.0020162226,0.012846032,0.06807873,0.01817496,0.0669848,0.042852916,0.3152207,0.013331125,-0.007212597,0.15633854,-0.033444513,-0.020122454,0.31464848,0.09035423,-0.07156943,-0.022843326,-0.04358673
-0.018138437,0.0,0.0017559732,-0.30827126,-0.0832897,-0.030006316,0.036360264,-0.05356842,0.044012062,-0.0070634787,0.35459393,0.0039909277,-0.15263237,-0.18778677,0.034988128,-0.19328046,-0.018198082,-0.084117144,0.345226,-0.012514547,0.007839667,0.0,-0.076618105,-0.0386303,0.0,0.08632539,-0.06230056,0.072815254,0.35150596,-0.803281,-0.05466567,-0.008305209,0.0,-0.23735784,-0.124582216,0.15643781,-0.05394909,-0.0025057537,0.0,-0.06937043,-2.3649724,0.008116994,0.010730198,0.23403527,-0.0115648825,-0.024336288,0.047061402,0.011134991,0.022887968,0.043753415,-0.18460512,-0.011091425,-0.005267038,-0.601568,-0.12448432,-0.0050781146,0.34194073,-0.047781825,-0.06827209,-0.027630629,-0.04607196
-0.03320254,0.0,0.0015284282,-0.11705683,-0.092804685,-0.02091806,0.02683782,-0.028738987,0.19041811,0.010510846,0.23048328,-0.06341544,-0.44317293,-0.15715761,-1.0053207,-0.19396223,-0.013358315,-0.054030903,0.3006938,-0.012514547,0.007839667,0.0,-0.061371315,-0.015962608,0.0,0.037277836,-0.08044573,0.071054295,-0.24232326,-0.89663476,-0.05466567,-0.0050484445,0.0,-0.19230841,-0.06069725,0.15711835,-0.096510366,-0.0025057537,0.0,-0.009906372,-3.2593777,-0.013123978,0.00683768,-0.20222056,-0.008312557,-0.011668945,-0.055087008,0.011134991,0.019405024,-0.019331465,-0.26114088,-0.03369856,0.02552419,0.10421319,-0.08390198,0.01829318,-0.23564905,-0.04648141,-0.06827209,-0.13751441,-0.061263517
-0.03721358,0.0,0.0023711473,-0.10224845,-0.12305319,-0.0275665,0.04758828,-0.04200069,0.18779868,0.007491383,-1.2889667,-0.058782574,-0.383656,-0.1034175,-0.8425576,-0.18102261,-0.051356833,-0.048631072,0.274585,-0.012514547,0.007839667,0.0,-0.058913324,-0.015188925,0.0,0.023359701,-0.093753114,0.0703879,0.42790872,-0.4010404,-0.022148054,-0.0050484445,0.0,-0.117684394,-0.030047506,-0.13347165,0.01507709,-0.0025057537,0.0,-0.031057833,-2.547454,-0.0071646115,0.0012843248,-0.11875218,-0.019153057,-0.013298903,-0.055087008,0.00578887,0.020496435,-0.091744736,-0.1291671,-0.03369856,0.00081137614,-0.547236,-0.14619738,-0.020625895,-0.2016789,-0.048517577,-0.0656893,-0.12423385,-0.04537402
-0.008355063,0.0,0.0023711473,-0.11623186,-0.1028087,-0.03401111,-0.14978005,-0.040290646,0.1891152,0.010315675,-1.570697,-0.07701371,-0.35468623,-0.1283888,-0.76488584,-0.08433698,-0.08111487,-0.05423546,-0.62772405,-0.001641511,0.007839667,0.0,-0.058913324,0.024798177,0.0,0.006286679,-0.09342797,0.06654452,0.3581838,0.23539104,-0.022148054,-0.0050484445,0.0,-0.111618355,-0.034014218,0.17342213,-0.038740467,-0.0025057537,0.0,-0.049723912,-2.1183307,-0.01308771,-0.026772773,-0.060136095,-0.00072438316,-0.006489393,0.038458414,-0.016168091,0.041243862,-0.06342225,-0.19174547,-0.03369856,-0.015882254,0.22187026,-0.10275452,-0.020625895,-0.13048197,-0.00785915,-0.12006082,0.16816974,-0.16490868
-0.03373313,0.0,0.0028444985,0.14443085,0.029589923,-0.07452708,-0.16988924,-0.10754231,0.21127357,0.0076290066,-2.2488625,-0.17231785,-0.4506034,-0.108746246,-1.1919434,-0.12168495,-0.15847777,-0.08887403,-1.1711594,-0.0032497542,0.0024950996,0.0,-0.05474046,-0.006467307,0.0,0.011776907,-0.17977212,0.07703091,0.31296796,0.2800899,-0.022148054,-0.004447696,0.0,-0.04612726,-0.096383765,0.15707508,-0.039353482,0.0031335177,0.0,0.20038514,0.14113782,-0.00019563152,-0.0074187843,-0.048692077,0.0020162226,0.012846032,-0.059297282,0.005928588,0.057417065,-0.07946556,-0.14783512,-0.03369856,-0.015882254,0.23310676,0.0017727294,-0.019579839,-0.13847177,-0.011424119,-0.08906303,0.17038167,-0.31516954
-0.030249756,0.0,0.0028444985,0.2441237,-0.09212924,-0.08020897,-0.44819355,-0.10210494,-0.23090413,0.0076290066,-2.1870444,-0.09256599,-0.46485177,-0.093282364,-0.9290647,-0.13670884,-0.13089061,-0.08520576,-1.0009061,-0.0032497542,0.0024950996,0.0,0.08223769,-0.012248173,0.0,0.0129888635,-0.25245345,0.022204151,0.29365292,0.27320614,-0.05466567,-0.004447696,0.0,-0.0468309,-0.096383765,0.13880861,-0.039353482,-0.0025729649,0.0,0.20038514,0.059765764,-0.011073332,-0.010637409,-0.057207525,0.032356527,-0.017812382,-0.050903082,-0.020511199,-0.026506308,1.1331867e-06,-0.20816895,-0.03369856,-0.015882254,-0.47379258,0.005326465,0.008023201,-0.2021605,-0.0127331475,-0.056274477,-0.10181262,-0.2570978
-0.030249756,0.0,0.002209689,-0.14028116,-0.088138394,-0.037519176,-0.46924144,-0.10292325,-0.3152428,0.0076290066,-1.9475352,-0.13011673,-0.49647737,-0.18489419,-1.1875796,-0.09020077,-0.09784119,-0.08845184,-1.1097622,-0.0032497542,0.007839667,0.0,0.102807134,-0.0114436,0.0,-0.39830467,-0.23092526,-0.025101854,0.32025993,0.26736116,-0.022148054,-0.008305209,0.0,-0.016023876,-0.062088676,0.1529002,-0.0376041,-0.035251126,0.0,0.2074671,0.5770652,-0.017104195,-0.0074187843,-0.055936843,-0.014939409,0.007992057,-0.06298149,0.005928588,-0.097687006,0.018825933,-0.13335289,-0.03369856,-0.015882254,0.0785876,0.0035899065,-0.020122454,-0.19880717,-0.010604675,-0.089871004,-0.117318146,-0.3843678
-0.014636461,0.0,0.002209689,-0.19161066,-0.085344605,-0.034497574,-0.44819355,-0.0951537,-0.2845269,0.0076290066,-1.748894,-0.08197701,-0.4450283,-0.18726514,-0.8928553,-0.079313055,-0.09784119,-0.08344792,-1.1646129,-0.0032497542,0.007839667,0.0,-0.096627615,-0.009439882,0.0,-0.36060408,-0.22397655,-0.0616995,0.3524919,0.26183555,-0.05466567,-0.008305209,0.0,-0.02969204,-0.10031286,0.15588674,-0.13060646,-0.0025729649,0.0,0.21197546,0.03864664,0.011931185,-0.020143786,-0.04951734,0.008660195,-0.006489393,0.058502126,-0.020511199,-0.07981728,0.02916095,0.14813684,-0.0004154751,-0.015882254,0.2512547,-0.13326864,-0.0021587964,-0.19558215,-0.012563781,0.08131953,-0.2362105,-0.38995782
-0.02193017,0.0,0.0028444985,-0.13285448,-0.039661705,-0.03599399,-0.52264994,-0.10210494,-0.28687486,0.028741345,0.236326,-0.078907326,-0.31180412,-0.2079287,-1.0735006,-0.30352223,-0.018902265,-0.0807393,-1.410144,-0.0032497542,0.007839667,0.0,-0.09078996,-0.006371524,0.0,-0.6467221,-0.255419,-0.0616995,0.29806337,0.47919276,-0.022148054,-0.008305209,0.0,-0.034709804,-0.09439671,-0.03177412,-0.16295968,-0.0025729649,0.0,0.21623099,-0.046075203,-0.014005709,0.035763904,-0.11031339,-0.025779907,0.029661663,-0.050903082,0.01144241,-0.06459364,-0.007491732,-0.05201197,-0.011091425,-0.015882254,-0.4462768,0.032148875,-0.020122454,0.29481542,-0.011424119,0.061604813,-0.16322435,-0.30640498
-0.007006041,0.0,0.0023907826,-0.1647857,-0.038667142,-0.0014349838,-0.972033,-0.0389929,-0.3282216,0.007206352,0.18714662,-0.16374381,-0.30790088,-0.1872911,0.07352367,0.14417121,-0.014936278,-0.014392434,-1.294407,-0.0035250052,0.007839667,0.0,-0.089169815,-0.024683487,0.0,-0.8695314,-0.25138545,-0.049136374,0.3208742,-0.3219286,-0.05466567,-0.008305209,0.0,-0.12476048,-0.10168901,-0.0059939306,-0.37858132,-0.035251126,0.0,0.21623099,1.0864336,-0.011307074,-0.036499403,-0.19518301,0.008729285,-0.017812382,0.056510355,-0.037844725,0.060144246,-0.05465451,0.0022476043,0.04048668,0.023902822,-0.5355382,-0.180026,-0.0021587964,-0.17954372,-0.025800172,0.05952073,-0.10679936,0.43149543
-0.024612531,0.0,0.0021632377,-0.16977674,-0.106800355,-0.014548309,-0.29815677,-0.029555691,-0.14564495,0.008346968,-1.3109447,-0.092576936,-0.18541227,-0.17276858,-0.5874219,0.07039567,-0.035367113,-0.042984627,-0.6230128,-0.0035250052,0.007839667,0.0,-0.100800484,-0.0030128083,0.0,-0.24561302,-0.1099737,-0.05546708,0.30258536,-0.2272958,-0.022148054,-0.0050484445,0.0,-0.15645792,-0.06422492,-0.03765532,-0.11411875,-0.008212237,0.0,0.6564377,-1.5416576,-0.011864513,-0.02479288,-0.1224803,0.0035867898,-0.013013298,-0.038307186,0.005084941,-0.030005528,-0.039802164,-0.19218326,-0.011091425,-0.015882254,0.1813797,0.040488932,-0.020625895,0.17593083,0.0951848,-0.128475,0.056030225,-0.14665173
-0.008355746,0.0,0.0021632377,-0.16184658,-0.106800355,-0.014548309,-0.35004136,-0.029555691,-0.14721262,0.010315675,-1.7747281,-0.091787815,-0.33225158,-0.17276858,-0.49943006,-0.08543473,-0.06825974,-0.04195918,-0.70308053,-0.001641511,0.007839667,0.0,-0.100800484,0.004397668,0.0,-0.24000567,-0.10920963,-0.05546708,0.29654017,0.18570387,-0.05466567,-0.0050484445,0.0,-0.1443578,-0.05709692,-0.03822515,-0.11411875,-0.008212237,0.0,0.6564377,-1.4609047,0.011983845,-0.007988018,0.04009155,0.0020162226,0.012846032,0.043267418,0.005084941,0.01819288,-0.014225556,-0.18537629,-0.03369856,-0.015882254,0.14250776,0.04268418,0.018038996,-0.2177467,-0.0109198075,-0.13413435,-0.10544068,-0.14512877
-0.022205107,0.0,0.0023907826,-0.12780021,-0.09685441,-0.03236637,-0.76850855,-0.059697293,-0.18140727,0.016139071,0.3172684,-0.07423549,-0.33578944,-0.20608954,0.041950934,0.003557195,-0.018982224,-0.508276,-1.5159212,-0.0032497542,0.007839667,0.0,-0.09078996,-0.00805836,0.0,-0.9340444,-0.108244985,-0.05935019,0.2855202,0.59469956,-0.05466567,-0.008305209,0.0,-0.14989573,-0.09706679,-0.005267499,-0.37858132,-0.008212237,0.0,0.21623099,0.47239128,-0.011073332,-0.024979435,-0.07923501,-0.0115648825,-0.017812382,-0.049251836,0.01144241,-0.027346265,-0.03864398,0.17364971,-0.03369856,-0.015882254,-0.5650241,-0.027737867,0.008023201,-0.20657906,-0.013465303,-0.06214518,-0.09569848,-0.33523926
0.060841948,0.0,-0.04907172,0.23868898,-0.07841124,-0.035974987,-0.5436979,0.07325193,-0.0739238,0.007206352,-0.114656106,-0.11538449,-0.2886706,-0.120759286,-1.1957488,-0.24471985,-0.014407831,-0.37710837,-1.2352195,0.056208916,-0.0023006254,0.0,0.09643392,0.041341554,0.0,-0.6393165,0.1345565,-0.03364899,0.28532547,-0.47976738,0.019818375,0.0019967642,0.0,0.19488023,-0.011055825,-0.043807518,-0.19356443,0.010809245,0.0,0.2172623,0.22981644,0.013575556,-0.015756696,-0.20419456,0.0063273953,0.012846032,-0.03403706,0.01144241,-0.0278117,0.006235138,-0.16177528,-0.011091425,-0.015882254,0.12011778,-0.020664629,-0.057660628,0.30483654,0.1560558,-0.09010111,-0.03468649,-0.34015444
0.059442505,0.0,-0.04907172,0.21477559,0.13934758,-0.040091276,-0.4306144,0.06337322,-0.06719162,0.012557564,-0.37253723,-0.049558215,-0.29786864,-0.12259847,-0.8919795,-0.32383412,-0.014407831,-0.27177116,-0.6109291,0.056208916,-0.0023006254,0.0,0.11438302,0.042352818,0.0,-0.5346324,0.13959336,-0.09785792,0.29109356,-0.42470488,0.048915617,0.0019967642,0.0,-0.057530325,-0.014917585,-0.010042812,-0.16064145,0.010809245,0.0,0.6590962,-0.5358736,-0.0120338965,0.017341595,0.2431217,-0.025779907,0.029661663,-0.03774961,0.0095861405,-0.011445906,0.007351087,-0.15179177,-0.03369856,-0.015882254,-0.56816155,0.04399654,-0.0063346755,-0.22152711,-0.04884214,0.06671658,-0.10664464,-0.12260079
0.04341027,0.0,-0.04907172,0.18171774,0.14076683,-0.040091276,-0.42815593,0.06337322,-0.081776656,-0.11722966,-0.38822764,-0.031881355,-0.31088609,-0.10993663,-1.0065899,0.052376073,-0.014407831,-0.014224304,-0.6311025,0.015833165,-0.0023006254,0.0,0.11438302,0.05524549,0.0,-0.53909665,0.13521011,-0.038109884,0.33606654,-0.34243152,0.048915617,0.0019967642,0.0,-0.05889352,-0.01074106,0.0053280974,-0.15996498,0.010809245,0.0,0.6590962,-0.69996566,-0.017120268,0.017749041,0.19601797,-0.025779907,0.029661663,-0.026354672,0.008953466,0.024947308,0.0028127707,0.15269963,0.04048668,0.023902822,-0.5776817,-0.022173006,-0.0063346755,-0.20069595,-0.034592208,-0.09129565,-0.10072913,-0.12286951
0.019476652,0.0,-0.022214152,0.12944727,0.12982433,-0.012831042,-0.42012486,0.027407419,-0.07151057,-0.12811786,-0.1699154,-0.03981251,-0.3178982,-0.0954753,-0.70894104,0.027267879,-0.01604373,-0.05061225,-0.65143555,0.014596474,-0.0023006254,0.0,0.088451035,0.015650542,0.0,-0.33225733,0.12577718,-0.039625622,0.28121945,0.5309537,0.048915617,0.0014518662,0.0,-0.07240885,-0.012886595,-0.028857818,-0.12405085,0.010809245,0.0,0.65990216,-2.2650871,-0.011083922,0.03582421,-0.04395173,-0.008312557,0.0041763475,0.03525792,-0.028288912,0.028866071,0.0046821022,0.14779812,0.04048668,0.023902822,0.13122666,-0.020472333,0.012588885,-0.20069595,-0.016334327,-0.11787004,-0.20667239,0.18445317
0.046691664,0.0,-0.05177572,0.17580837,0.18294945,-0.0043865503,-0.96237105,0.06642796,-0.08757087,-0.0034771434,-0.26260582,-0.01893532,-0.3033608,-0.102110974,0.06554265,-0.30891576,-0.015384764,-0.01018995,-0.89033836,0.056208916,-0.0023006254,0.0,0.100983344,0.032262012,0.0,-0.8851064,0.1478999,-0.042209577,0.27247974,-0.4217843,0.019818375,0.0019967642,0.0,0.22708675,-0.015428319,-0.04607535,-0.3755866,0.010809245,0.0,-0.0030640077,0.174869,-0.015138119,0.015815314,-0.21839195,-0.019153057,-0.013298903,0.035652928,-0.016168091,0.02915892,-0.03431215,-0.29068315,0.013331125,0.036886834,-0.6672264,-0.018149067,-0.057660628,0.26347375,0.1427339,-0.09415601,-0.071899354,0.49352866
0.018602623,0.0,-0.05177572,0.14043137,0.13911834,-0.040091276,-0.4328295,0.06642796,-0.09029847,-0.014070603,0.04403363,-0.053302504,-0.31308836,-0.14422943,0.017268447,-0.18602142,-0.018982224,0.0015316131,-0.9258445,0.0073731523,-0.0023006254,0.0,0.11438302,0.027945688,0.0,-0.7121766,0.1478999,-0.042209577,-0.15537687,0.38591266,0.019818375,0.0019967642,0.0,0.2269405,-0.01557679,-0.020520212,-0.31624085,0.010809245,0.0,-0.057983685,-1.0043565,0.013941959,-0.026336122,-0.0995975,-0.0115648825,-0.017812382,0.031549066,-0.028288912,0.026061218,-0.018454736,-0.36476356,-0.00017548911,0.036886834,-0.5617336,-0.13321187,-0.057660628,0.17234075,0.035622004,-0.11787004,0.067089826,-0.14233579
0.041442707,0.0,-0.05177572,0.18936066,0.14220855,-0.035974987,-0.66326994,0.06642796,-0.07985396,-0.0031703892,0.067634486,-0.003027196,-0.33309942,-0.15647195,-0.055736765,-0.17832065,-0.015384764,0.03367106,-1.5170994,0.056208916,-0.0023006254,0.0,0.11438302,0.02810462,0.0,-0.87562644,0.14742997,-0.042209577,-0.15802602,-0.475188,0.019818375,0.0019967642,0.0,0.21473187,-0.015428319,-0.036530666,-0.4124784,0.010809245,0.0,-0.0030640077,0.18403894,0.017794337,-0.014228994,0.26345125,0.032356527,-0.017812382,0.049695276,-0.028288912,0.02293452,-0.023473093,-0.3262689,-0.011091425,-0.021960668,-0.555183,-0.050245333,-0.057660628,0.23660359,0.06457147,-0.09129565,0.068483576,-0.37137103
0.056511104,0.0,-0.022214152,0.16060308,0.13668382,-0.019473352,-0.23478526,0.03035698,-0.06330979,0.009893021,-0.03885057,-0.04322405,-0.28494176,-0.1695947,-0.62773514,-0.13085714,-0.0119977845,-0.042555906,-0.77186626,0.056208916,-0.0023006254,0.0,0.10185071,0.0041164337,0.0,-0.3094556,0.13521011,-0.044718985,-0.12707175,-0.44711992,0.019818375,0.0014518662,0.0,0.19730149,-0.004844103,-0.049060114,-0.15555911,0.010809245,0.0,-0.05717774,-2.2379966,0.016691066,-0.031279292,0.23174907,0.035097133,0.03768477,-0.03403706,0.0095861405,-0.010108033,-0.00064234564,-0.22205016,-0.011091425,-0.021960668,-0.4549351,0.092397645,-0.061177973,0.23151588,0.1560558,-0.09129565,0.072231784,-0.13163559
0.035229906,0.0,-0.022214152,0.17573494,0.13708654,-0.019287847,-0.44540137,0.022948146,-0.065211415,-0.0031824135,0.06248968,-0.037617132,-0.4330592,-0.11168053,-0.01569644,0.32419428,-0.012226139,1.8899329e-05,-0.8172435,0.015833165,-0.0023006254,0.0,0.10185071,0.018821545,0.0,-0.35868207,0.13521011,-0.042773474,0.27488714,-0.3094394,0.048915617,0.0014518662,0.0,0.16242284,0.0025784897,-0.054707747,-0.17329308,0.010809245,0.0,-0.05717774,-2.7238743,-0.013127916,-0.01430662,-0.17815268,0.008660195,-0.006489393,-0.022667916,0.0095861405,-0.044971902,0.0022897148,-0.10278706,-0.03369856,-0.015882254,0.12844114,0.05490056,0.012588885,-0.22322565,-0.019605752,-0.083575465,-0.14867023,-0.14938627
0.056511104,0.0,-0.024918148,0.17103168,0.1318937,-0.019473352,-0.44540137,0.024939073,-0.06752617,0.012557564,-0.29263592,-0.08790883,-0.33281153,-0.11351971,-0.030302485,-0.20477012,-0.012226139,0.0018932102,-0.7456959,0.056208916,-0.0023006254,0.0,0.10185071,0.0049528405,0.0,-0.34734118,0.15415284,-0.09801173,0.310143,-0.71832854,0.019818375,0.0014518662,0.0,0.20007797,-0.0043934565,-0.03516507,-0.17458682,0.010809245,0.0,0.6662661,-2.2260292,-0.01805417,-0.021355523,-0.19889332,0.0020162226,0.0096769035,-0.035276175,0.0095861405,-0.06768741,0.0037928154,-0.16520803,-0.03369856,-0.015882254,0.06853533,0.05490056,-0.061177973,-0.229127,-0.04884214,0.13087444,-0.20612724,-0.18913521
0.035229906,0.0,-0.024918148,0.30368727,0.1318937,-0.019473352,-0.39351675,0.024939073,-0.07153617,-0.005705158,0.3741737,0.0076709753,-0.33341762,-0.10312743,-0.040810406,-0.008491315,-0.012226139,-0.04559899,-0.7324453,0.015833165,-0.0023006254,0.0,0.113356136,-0.003129338,0.0,-0.35102955,0.15415284,-0.09801173,0.3630769,-0.48537773,0.048915617,0.0014518662,0.0,0.25192618,0.003902021,0.023004737,-0.17458682,0.010809245,0.0,-0.10758134,-2.7497594,-0.030647434,0.0030177445,-0.20565335,-0.014939409,0.004822929,-0.035276175,0.0095861405,-0.05329686,-0.03547758,-0.1378924,-0.01751239,-0.015882254,0.14498845,-0.04462624,0.028582543,-0.23399524,-0.03081178,0.13087444,-0.09445138,-0.08661086
0.035229906,0.0,-0.024918148,0.28595456,0.1318937,-0.019473352,-0.44540137,0.024939073,-0.07153617,-0.12241696,0.3298264,-9.19085e-05,-0.24247894,-0.10908874,-0.05447489,0.07403492,-0.012226139,0.0060697617,-0.7146327,0.015833165,-0.0023006254,0.0,0.113356136,-0.006828024,0.0,-0.35173887,0.15415284,-0.09801173,0.26965657,-0.5012984,0.048915617,0.0014518662,0.0,0.23776601,0.003902021,0.0064637037,-0.17458682,0.010809245,0.0,-0.10234381,-2.5700183,-0.011647988,0.017749041,-0.21271715,-0.025779907,0.029661663,-0.023881236,0.0095861405,-0.014187358,-0.010041767,0.14669083,-0.0004154751,0.006095606,-0.6457468,-0.13046223,0.028582543,-0.14785874,-0.03081178,0.10988453,0.17257033,-0.124392465
0.041442707,0.0,-0.022214152,0.29549465,0.1318937,-0.012831042,-0.34648266,0.029158756,-0.075935856,-0.008369703,0.33018115,0.012101329,-0.4040539,-0.13590471,-0.072631665,-0.19082092,-0.012226139,0.0063243816,-0.68899316,0.056208916,-0.0023006254,0.0,0.09995647,-0.015823117,0.0,-0.3498176,0.12530729,-0.038263697,-0.18979447,-0.748829,0.048915617,0.0014518662,0.0,0.2393025,-0.0035205728,0.023004737,-0.2084839,0.010809245,0.0,-0.10234381,-3.2656868,-0.03152043,-0.0063616605,-0.21280076,-0.008312557,-0.0019759112,0.051003445,-0.028288912,0.029420424,0.0017306224,0.13312706,0.04048668,0.036886834,0.23175216,-0.07244632,0.028582543,-0.20865744,-0.04062872,-0.12302011,-0.109291874,0.21012248
0.02016151,0.0,-0.024918148,0.32415605,0.1318937,-0.019473352,-0.29548177,0.024939073,-0.07738158,-0.008369703,0.3513326,0.010726682,-0.2657871,-0.14168996,-0.057154782,-0.021065274,-0.012226139,0.0063243816,-0.7963107,0.015833165,-0.0023006254,0.0,0.113356136,0.010209324,0.0,-0.3617554,0.14742997,-0.042773474,-0.18651785,-0.4924048,0.019818375,0.0014518662,0.0,0.23836131,0.003902021,-0.03601491,-0.2084839,0.010809245,0.0,-0.106852174,-2.8108244,-0.016402265,-0.031356916,-0.23959719,0.0035867898,-0.006489393,0.035652928,-0.028288912,0.029420424,-0.026298402,-0.17464016,-0.00017548911,-0.021960668,0.121081464,-0.1503358,-0.061177973,0.30624673,0.08164912,-0.12302011,-0.0288051,-0.08661086
0.041442707,0.0,-0.0048530246,0.29766136,0.1318937,-0.019473352,-0.29548177,0.028814696,-0.07645101,-0.008369703,0.13699256,0.024070378,-0.26426655,-0.1695947,-0.04822252,-0.19546077,-0.012226139,0.0063243816,-0.7691862,0.056208916,-0.0023006254,0.0,0.113356136,0.0041164337,0.0,-0.29949272,0.14810443,-0.04400396,-0.13767368,-0.7587248,0.019818375,0.0014518662,0.0,0.21858661,-0.0027390358,-0.044153392,-0.2084839,0.010809245,0.0,-0.106852174,-2.539318,0.024166714,-0.031279292,-0.218102,0.008660195,-0.013013298,0.020465799,0.0095861405,0.027781103,-0.013262652,-0.25447738,-0.011091425,-0.021960668,0.1674035,0.098512545,-0.061177973,0.32878405,-0.042368382,-0.12302011,-0.037142713,-0.18913521
0.035229906,0.0,-0.0048530246,0.28274655,0.1318937,-0.019473352,-0.29548177,0.028814696,-0.078127526,-0.008369703,0.1095902,-0.0027304338,-0.4362048,-0.1695947,-0.04002429,0.0018758588,-0.012226139,0.0063243816,-0.85252196,0.015833165,-0.0023006254,0.0,0.14887933,-0.003925824,0.0,-0.29206657,0.1497696,-0.038263697,-0.13951798,-0.46435407,0.019818375,0.0014518662,0.0,0.2120947,0.005323952,-0.01885298,-0.2084839,0.010809245,0.0,-0.10234381,-2.6859243,-0.022217203,0.0058406135,-0.17774107,-0.025779907,0.032830793,-0.035276175,0.0095861405,-0.009768989,-0.026595114,0.13382193,-0.03369856,-0.021960668,-0.5596118,0.10900009,-0.061177973,-0.25276178,-0.02811845,-0.09129565,-0.10076038,-0.13163559
-0.044068724,0.0,0.0034801462,0.16065483,0.1318047,0.0020979769,0.035223667,0.030147612,-0.089668006,-0.012414642,0.030957019,-0.06069365,-0.21690452,-0.25028017,0.0007213475,-0.16663888,-0.016721254,-0.077732705,0.3075248,-0.012514547,-0.0023006254,0.0,0.09183741,-0.0048352666,0.0,0.052876804,0.12327692,-0.01798822,-0.1432797,-0.62428266,-0.022148054,0.0014518662,0.0,0.23006348,-0.007464261,-0.14897145,0.18212858,0.010809245,0.0,-0.18830062,-4.1667886,0.018229863,0.005924692,0.23398103,-0.00072438316,-0.016182426,-0.049486358,0.011134991,0.015519196,-0.017829567,-0.25513837,-0.011091425,0.02552419,0.29725626,-0.054022085,-0.019211546,0.33711326,0.1658895,-0.043217357,-0.03558692,-0.021823939
-0.040697638,0.0,0.0030553606,0.17509484,-0.08029251,0.0022847145,0.02060054,0.026895747,-0.114091955,-0.0070634787,-0.0396398,-0.06636335,-0.35000625,-0.17683385,-0.87191767,-0.24426971,-0.014415632,-0.3828036,0.28142884,-0.012514547,-0.0023006254,0.0,0.10523709,0.006048743,0.0,0.037277836,-0.11441688,-0.020428492,-0.12884392,-0.81134045,-0.022148054,0.0014518662,0.0,0.2265369,-0.007464261,-0.052186422,0.22182807,0.009577858,0.0,-0.18399131,-2.997571,-0.0182341,0.007936486,-0.20211738,-0.019153057,-0.019822808,-0.05341468,0.009657394,0.022485523,-0.040617757,-0.09056731,-0.03369856,-0.013291011,-0.54797107,-0.031055886,-0.019211546,-0.21349387,-0.052144468,-0.083588466,-0.09705102,-0.047418147
-0.036208127,0.0,0.005177775,0.2456538,0.048920482,0.0123712635,0.030457431,0.087716594,-0.12853555,-0.009629496,-2.3697863,-0.025644682,-0.2972849,-0.21795268,0.03009312,-0.25288707,-0.16825213,0.018928336,0.3414979,-0.0032497542,-0.0023006254,0.0,0.12414261,0.036208972,0.0,0.052161906,-0.11441688,-0.014142843,-0.12842967,0.3315916,-0.05466567,-0.004447696,0.0,0.23379552,-0.016709246,-0.16740741,0.2245976,-0.013626157,0.0,-0.055592097,-1.8443819,-0.030068275,-0.013548086,-0.054522213,-0.0115648825,-0.017812382,-0.049251836,-0.019791726,0.019764654,-0.07312244,-0.28930175,-0.03369856,-0.013291011,-0.5543549,-0.15597619,0.022970688,-0.13374148,-0.017652463,-0.08542219,0.15483494,-0.048846237
-0.013648928,0.0,0.0045429654,0.24770838,0.14636663,0.009357486,0.087412655,0.086898275,-0.12621745,-0.005364999,0.81693757,0.021441909,-0.20529465,0.21734254,0.1169078,0.039173685,-0.023749832,0.027347809,0.70852697,-0.0032497542,0.0013436632,0.0,0.11700974,0.03911117,0.0,0.13040477,-0.08376005,-0.009797929,-0.07632131,0.79983246,-0.022148054,-0.009613615,0.0,0.24814223,-0.013347826,-0.06549353,0.2779688,-0.013626157,0.0,0.017157543,1.1721458,0.015337502,-0.02133796,-0.085437566,0.0063273953,0.012846032,0.05695336,0.015315927,0.019573227,0.045369785,-0.07885631,0.04048668,-0.0070839026,0.26721245,0.21362449,-0.015694201,-0.13483751,-0.010420841,-0.096757606,0.17629957,-0.1477467
-0.0154388435,0.0,0.0045429654,0.29829252,0.15328741,0.009170748,0.09839754,0.09411315,-0.096475355,-0.0043682586,0.6110243,-0.04843291,-0.24906377,0.28527775,0.12148268,0.3720644,-0.021781154,0.060823917,0.7481044,-0.0035250052,0.0013436632,0.0,0.12809145,0.042252094,0.0,0.124516904,-0.089576855,-0.012143647,-0.046909053,-0.2519575,-0.05466567,-0.009613615,0.0,0.24902825,-0.006751624,-0.044598993,0.3206958,-0.013626157,0.0,0.010383593,1.8523751,0.017066326,-0.009527657,0.21125577,0.035097133,0.03768477,-0.0049355514,0.022355894,-0.006347202,0.018030329,0.21411836,-0.011091425,-0.0070839026,-0.4185119,0.17541012,0.012451453,0.3535411,-0.016628144,-0.041715227,-0.04220167,-0.09708063
-0.028853007,0.0,0.0030553606,0.27036497,0.13783088,0.0020979769,0.03310191,0.03270454,-0.13846114,-0.012414642,0.025395287,-0.053616975,-0.40378577,-0.21441679,0.0002567377,0.36832845,-0.016721254,0.017333454,0.2928322,-0.0035250052,0.0024950996,0.0,0.116742514,0.017669803,0.0,0.041817877,-0.12476727,-0.003423213,-0.16305931,-0.4934168,-0.05466567,-0.003233947,0.0,-0.040158376,0.0005476186,-0.10128567,-0.014617363,-0.013626157,0.0,-0.24600758,-3.8451705,-0.022932021,0.0046624597,-0.18530673,-0.025779907,0.029661663,-0.03833298,0.011134991,-0.019515648,-0.032066077,-0.26281983,-0.03369856,-0.013291011,-0.5197753,0.12749827,0.019453343,-0.24655347,-0.016628144,0.0972749,-0.12647203,-0.049173504
-0.013739771,0.0,0.0023711473,0.2503947,0.13231614,-0.017926015,0.02423687,-0.06779547,-0.14824656,-0.010873798,0.031606752,-0.0559733,-0.32153982,-0.2108878,-0.7639052,-0.23823714,-0.0164929,0.0065233195,-0.78328073,-0.012514547,0.0024950996,0.0,0.103342846,0.0020640711,0.0,0.028748805,-0.12276037,-0.0047851363,-0.15941533,-0.7605611,-0.05466567,-0.003233947,0.0,0.24497463,-0.016937759,-0.17821069,0.20444587,-0.013626157,0.0,-0.20065635,-2.1034718,-0.0182341,-0.026209049,-0.21602482,-0.0115648825,-0.017812382,0.03910458,-0.028288912,0.022335721,-0.042828754,0.103068724,-0.03369856,-0.021960668,-0.57363504,-0.17867763,0.0077739456,-0.2393882,-0.04836404,0.12345514,-0.124621026,-0.12258914
-0.040696952,0.0,0.0023711473,0.17473474,-0.02861899,-0.009086979,0.01696725,-0.06779547,-0.12067299,-0.009341063,-1.2821183,-0.09220993,-0.31280398,-0.24577269,-0.8635409,-0.23100738,-0.051356833,0.022427294,0.30089292,-0.012514547,0.0024950996,0.0,0.1116103,0.0020640711,0.0,0.027356977,-0.113174036,-0.017935699,-0.17046212,-0.4147677,-0.022148054,-0.003233947,0.0,0.22754076,-0.020881444,-0.17325296,0.22107205,-0.013626157,0.0,-0.16030191,-2.5461826,-0.024202408,0.0065561063,-0.07541148,-0.008824277,0.03768477,-0.05341468,0.00578887,0.017862944,-0.05602787,0.21094267,-0.03369856,-0.013291011,-0.42826438,-0.038196225,-0.020371709,-0.1547686,-0.040406745,-0.079762846,0.1662541,-0.067843646
-0.027680995,0.0,0.001736338,0.19094409,-0.06016185,-0.01961913,0.02173641,-0.06861379,-0.12137068,-0.011143537,-1.5899581,-0.08968241,-0.37042132,-0.14731622,-0.7484828,-0.085256666,-0.08424945,-0.043358803,-0.7029336,-0.0032497542,0.0024950996,0.0,0.1116103,-0.013350959,0.0,0.032212976,-0.101109505,-0.01665225,-0.22058225,0.3348208,-0.05466567,-0.003233947,0.0,0.21807884,-0.02216237,-0.15060125,-0.036530145,-0.013626157,0.0,-0.124554776,-1.9624813,-0.024468968,-0.018466467,-0.06213825,0.032356527,-0.017812382,-0.049251836,-0.016168091,0.022356307,-0.03231798,-0.13641691,-0.03369856,-0.021960668,-0.5163581,-0.11984712,0.0077739456,-0.13657312,-0.017652463,-0.10240989,0.14518236,-0.1438343
-0.010074504,0.0,0.002209689,0.20476997,-0.013617279,-0.05160264,0.07815094,-0.1708268,-0.28768894,-0.011375383,0.22589491,-0.10808732,-0.5830875,-0.22842468,-2.0478857,0.002085683,-0.025298651,-0.079690166,-1.7855197,-0.0032497542,-0.0023006254,0.0,0.13534348,-0.013109885,0.0,0.092575744,-0.23547821,-0.018765675,-0.22075506,0.46634173,-0.022148054,-0.004447696,0.0,0.07568687,-0.061558202,-0.18266195,-0.030736757,-0.05193732,0.0,-0.08690119,0.90740734,0.017802022,-0.017409202,0.07369246,0.0020162226,0.012846032,0.05120432,0.01144241,-0.018364392,0.03065776,0.15740822,-0.03369856,-0.021960668,0.08491216,0.06052312,-0.019579839,-0.22592542,-0.011164946,-0.09246707,-0.12113152,-0.45973575
-0.029903052,0.0,0.002209689,-0.16524702,-0.08571626,-0.05160264,0.055994026,-0.14353779,-0.17479554,-0.0056744833,0.17830148,-0.062048193,-0.41723225,-0.24517186,-2.0757134,-0.32564825,-0.021252707,-0.12286137,-1.5126964,-0.012514547,-0.007228623,0.0,0.13534348,0.009404581,0.0,0.08171086,-0.091641694,-0.014492957,-0.24515584,-0.7046986,-0.05466567,-0.008305209,0.0,-0.061104357,-0.068570755,-0.12262132,-0.030736757,-0.013626157,0.0,-0.08168695,0.7148379,-0.018980356,-0.023211263,-0.23786032,-0.0115648825,-0.017812382,-0.065493084,0.01144241,-0.02398994,0.014392511,-0.029304098,-0.011091425,-0.021960668,-0.5802919,-0.18833372,-0.0050781146,0.27546415,-0.052144468,0.016352788,-0.015834522,-0.4073886
-0.013739771,0.0,0.0023711473,-0.112481095,-0.09187592,-0.021137824,0.036596254,-0.055626407,-0.14817116,-0.005705158,0.12278954,-0.1248577,-0.42919847,-0.22838442,-0.9477046,-0.19852595,-0.0164929,-0.05578956,-0.6648756,-0.012514547,-0.007228623,0.0,-0.107277475,-0.014550002,0.0,0.032897785,-0.108956024,-0.06398847,-0.25367442,-0.6299413,-0.022148054,-0.0050484445,0.0,-0.068728626,-0.025847604,-0.12612031,-0.05423148,-0.013626157,0.0,-0.13563472,-2.3052151,0.018465042,-0.009062556,0.20572318,0.011400802,0.0096769035,0.06631075,-0.028288912,-0.048693165,-0.015608734,-0.16846156,0.04048668,-0.021960668,0.013121115,-0.112280466,-0.020371709,-0.20921,-0.04771148,-0.12201604,-0.101334475,-0.18330474
-0.029078813,0.0,0.0023711473,-0.17021267,-0.09612425,-0.021137824,0.034474496,-0.055626407,-0.17717661,-0.010873798,0.21697088,-0.06698122,-0.36278474,-0.2902651,-0.77108574,-0.21109839,-0.0164929,-0.048719637,-0.7717097,-0.012514547,-0.007228623,0.0,-0.105918765,-0.01598541,0.0,0.033645064,-0.13087744,-0.048970874,-0.19243312,-0.7206488,-0.05466567,-0.0050484445,0.0,-0.12912868,-0.024131356,-0.10434531,-0.07135482,-0.008212237,0.0,-0.07007417,-2.444651,-0.018151043,-0.007050762,-0.2379635,-0.019153057,-0.019822808,-0.05341468,0.0095861405,-0.006495223,-0.034038883,-0.08484041,-0.011091425,-0.021960668,-0.60119087,0.16575918,0.0077739456,0.3035166,-0.04648141,0.12550199,-0.042742874,-0.12831372
-0.013739771,0.0,0.0028444985,-0.25663957,-0.08993276,-0.037257157,0.07722948,-0.15763137,-0.1240779,-0.013720866,0.33202714,-0.10090092,-0.29060718,0.34736815,0.022804832,-0.3190644,-0.021781154,0.019314935,-0.7295517,-0.012514547,-0.0023519145,0.0,-0.106311075,-0.03874395,0.0,0.078969516,-0.110177875,-0.057717737,-0.19513,-0.6395373,-0.022148054,-0.031377196,0.0,-0.15279509,-0.05642312,-0.22941987,-0.08524934,-0.008212237,0.0,-0.12389641,-1.2470849,-0.024202408,0.017763129,0.23325963,-0.014939409,0.004822929,0.06631075,0.013767075,-0.0059018135,-0.058477696,-0.1607123,0.04048668,-0.01575356,0.025559302,-0.25072873,-0.019579839,-0.15935408,-0.043348834,-0.12201604,0.14790876,-0.15538795
-0.029078813,0.0,0.0023711473,-0.21387187,-0.094888195,-0.020951087,0.058844876,-0.06779547,-0.15565404,-0.010873798,0.2599583,-0.053921778,-0.28820494,-0.2268966,-0.09887915,-0.2718254,-0.016721254,0.010041635,-0.85354364,-0.012514547,-0.007228623,0.0,-0.09618723,-0.022517685,0.0,0.045834973,-0.11218479,-0.06262654,-0.24248132,-0.69082886,-0.05466567,-0.0050484445,0.0,-0.15009874,-0.026067806,-0.19065239,-0.068783276,-0.008212237,0.0,-0.124057926,-3.2359061,-0.01660325,-0.010323901,-0.23139542,-0.019153057,-0.013298903,-0.05341468,0.0095861405,0.022674765,-0.009470284,0.101433896,-0.011091425,0.036886834,-0.5613461,-0.18334523,0.0077739456,0.19722101,-0.04648141,-0.09933333,0.053368445,-0.10377183
-0.007204474,0.0,0.0021632377,-0.27224684,-0.07777634,-0.022094993,0.039445665,-0.045883164,-0.14697123,-0.011816096,0.30141824,-0.07792401,0.7122137,-0.23593026,-0.07108059,0.04909387,-0.036039256,0.037728548,-0.73435825,-0.0035250052,-0.007228623,0.0,-0.10650977,-0.023963418,0.0,0.045166142,-0.110177875,-0.06075951,-0.16392696,-0.4909727,-0.022148054,-0.0050484445,0.0,-0.21404144,-0.006282132,-0.19789723,-0.0309996,-0.008212237,0.0,-0.19544211,-3.3968542,0.019610781,-0.06005127,0.20270552,0.008660195,-0.013013298,0.05496158,-0.028288912,0.029952735,-0.017300455,-0.057220995,0.013477583,-0.021960668,0.0035710922,-0.19271404,-0.008984776,-0.08066132,-0.027798485,-0.13105778,-0.061488472,-0.14373237
-0.029078813,0.0,0.0021632377,-0.23365557,-0.094888195,-0.022512523,0.03655119,-0.035424143,-0.14645289,-0.010873798,0.26474437,-0.06555691,-0.36666712,-0.28603086,0.021278497,-0.24206431,-0.016721254,-0.044439696,-0.770122,-0.012514547,0.007839667,0.0,-0.10650977,-0.01598541,0.0,0.04868233,-0.1099737,-0.06075951,-0.19806017,-0.62105733,-0.022148054,-0.0050484445,0.0,-0.16694255,-0.02015166,-0.103052676,-0.032874614,-0.008212237,0.0,-0.19544211,-3.1847262,0.017651059,-0.007573275,-0.20280954,-0.008824277,0.03768477,-0.05341468,0.0095861405,0.022674765,-0.0064158193,-0.08315133,-0.011091425,-0.021960668,-0.47980452,0.16575918,-0.020371709,0.32468712,0.050761484,-0.09933333,-0.04154555,-0.1298333
-0.029078813,0.0,0.0021632377,-0.21950087,-0.094888195,-0.022512523,0.03442943,-0.035424143,-0.14730045,-0.010873798,-0.048251025,-0.052660465,-0.51514685,-0.28603086,-0.06634594,-0.20431715,-0.016721254,-0.044439696,-0.81985945,-0.012514547,0.007839667,0.0,-0.10650977,-0.0154525265,0.0,0.037406467,-0.1099737,-0.06262654,-0.1654636,-0.7840755,-0.05466567,-0.0050484445,0.0,-0.18730977,-0.022821743,-0.14769465,-0.032874614,-0.008212237,0.0,-0.19975144,-2.8737369,0.016669706,-0.005940128,-0.1887669,0.008729285,-0.024336288,-0.05341468,0.0095861405,-0.009236677,-0.036000777,0.111596525,-0.03369856,-0.021960668,-0.49896985,0.13719647,0.01829318,-0.23457688,-0.047781825,-0.09933333,-0.105435885,-0.13886812
-0.033477478,0.0,0.0034801462,0.29051584,0.1318047,0.00301627,0.05751735,0.030147612,-0.088271454,-0.009567574,0.37093726,-0.105871014,-0.39114952,-0.15642226,-0.0011058659,-0.18976001,-0.013138183,-0.044518508,0.37681952,-0.012514547,-0.0023006254,0.0,0.15226571,-0.012920916,0.0,0.04928217,0.11241073,-0.10568473,-0.22905312,-0.81681424,-0.022148054,0.0014518662,0.0,-0.03689038,-0.0054031163,0.156096,-0.012296164,0.010809245,0.0,-0.24600758,-4.428679,-0.017017568,0.008625587,-0.20217286,0.0020162226,0.012846032,-0.049486358,0.011134991,-0.047254648,-0.014433586,0.23027709,-0.03369856,-0.013291011,0.008554444,0.14980493,-0.019211546,-0.24498573,0.16062553,-0.1063499,-0.108399265,-0.12328328
-0.029307304,0.0,0.0034801462,-0.16842858,-0.10773626,0.0031971533,0.019846385,0.026292093,-0.14771491,-0.010509871,0.15549782,-0.011506303,0.48469365,-0.22074357,-0.8593317,-0.23471166,-0.01952901,-0.5514082,0.2743039,-0.012514547,-0.007228623,0.0,0.10523709,-0.00041690096,0.0,0.036643036,0.1008175,-0.00350169,-0.1488193,-0.92658925,-0.05466567,0.002266534,0.0,-0.04489787,0.01844998,-0.1289771,0.01846496,0.010809245,0.0,-0.1830864,-3.1655962,-0.016158786,-0.05623977,-0.1977104,0.032356527,-0.017812382,-0.053198904,-0.03626174,-0.00521679,-0.02054486,-0.11534541,-0.011215328,-0.013291011,-0.536522,-0.13509338,-0.0179739,-0.07502306,-0.052144468,0.10783477,-0.044934567,-0.049649045
-0.03299699,0.0,0.0024205514,-0.18292537,-0.15005657,-0.0014017819,0.034869615,0.028707687,-0.13639224,-0.009341063,-1.4100924,-0.07469924,-0.41253698,-0.1895158,0.1192719,0.24909954,-0.051164716,-0.40662253,0.26540124,-0.0035250052,-0.007228623,0.0,-0.10346078,-0.021533193,0.0,0.04010949,-0.0928887,-0.06262654,-0.21042627,-0.1381603,-0.022148054,0.002266534,0.0,-0.022846762,0.006053539,-0.07622762,-0.09161742,0.009577858,0.0,-0.15688463,-2.8994894,-0.020781139,0.00083316746,-0.088369645,-0.014939409,0.007992057,-0.049504694,0.00578887,-0.041773252,0.015718808,0.15612344,-0.03369856,-0.007161713,0.14655574,0.09821167,-0.019888308,-0.2066752,0.055724733,-0.06917596,-0.16080554,-0.09475074
-0.030264052,0.0,0.00560256,-0.15150158,-0.15537012,0.0002609949,0.037444558,0.07915578,-0.13187578,-0.02818782,-2.4661047,0.051566094,0.61187476,0.13986439,0.041306052,-0.24318205,-0.1896474,0.015867699,0.25672707,-0.0032497542,0.0025507235,0.0,-0.098260656,0.050481923,0.0,0.04989702,0.08884846,-0.25077283,-0.17755085,0.34739295,-0.05466567,-0.031377196,0.0,-0.07097262,0.0081651285,-0.16653968,-0.069796145,-0.012394771,0.0,-0.15297781,-1.891097,-0.021450488,0.008370415,-0.057116345,-0.014939409,0.004822929,-0.049036067,0.00578887,-0.047142897,-0.02376659,-0.4365221,0.013477583,-0.013291011,0.09119149,-0.16500242,-0.027606323,-0.07094425,-0.013465303,0.13177255,-0.04312056,-0.025215631
-0.056987025,0.0,0.0031085515,-0.16198866,-0.23236851,-0.013445903,0.0063814735,-0.04671902,-0.21877506,-0.048198182,-2.44719,0.14309071,0.6018341,0.35575873,0.21983427,-0.25607863,0.36277434,0.049928546,0.45738873,-0.0032497542,0.0025507235,0.0,-0.08443344,-0.0023518805,0.0,0.06839384,-0.25843683,-0.2638634,-0.1479359,0.3424783,-0.05466567,-0.031377196,0.0,-0.22281694,0.010960219,-0.25470293,-0.07750891,0.0039448533,0.0,-0.09611633,0.21487391,-0.021450488,0.014434182,-0.043515082,-0.014939409,0.004822929,-0.050903082,0.008923065,-0.068538666,-0.008550831,-0.35345834,0.013477583,0.0024584138,0.26409164,-0.13857591,-0.0045076553,-0.073826686,-0.013293418,0.06569917,-0.012234726,-0.04240045
-0.014887009,0.0,0.0031085515,0.059443552,0.0004979824,-0.020605728,0.010324051,0.016802445,-0.29161263,-0.0295732,0.19322395,0.055637766,0.48654544,0.21311677,0.010775428,-0.36336476,0.05221537,-1.3873353,0.29620573,-0.0032497542,0.0013436632,0.0,-0.076975636,-0.015758378,0.0,-0.94815797,-0.2556443,-0.2619964,-0.16181748,0.513361,-0.05466567,-0.009613615,0.0,-0.2511771,-0.092607096,-0.17523511,-0.07347523,-0.05193732,0.0,-0.12228094,1.3139743,-0.009196693,-0.05475357,-0.10060253,-0.0115648825,-0.017812382,0.052114,-0.08208302,0.040613458,-0.039207175,-0.026203103,0.013477583,0.012265276,-0.6642396,-0.19881879,-0.040538497,-0.07622153,-0.01197528,0.045984443,-0.085994646,0.09768305
-0.019788377,0.0,0.0028444985,-0.27228543,0.13694745,-0.028593564,0.019194486,-0.15391478,-0.17032835,-0.010595515,-0.55021906,-0.11413474,-0.36344758,-0.21296053,-2.049338,-0.22251739,0.034050237,-0.10110101,0.4816573,-0.012514547,0.007839667,0.0,0.1468489,0.0053183497,0.0,0.013438167,-0.10909811,-0.110415764,-0.3354395,-0.64882267,-0.022148054,-0.008305209,0.0,-0.1533549,-0.123355836,-0.101572976,-0.26584995,-0.013626157,0.0,-0.15213725,0.94951606,0.017328797,0.009807865,0.22155313,0.0020162226,0.012846032,0.052268405,0.01817496,0.028106453,-0.047469653,-0.052995343,-0.011091425,-0.013291011,0.05031521,-0.02303771,-0.019579839,0.2295514,0.13665923,-0.0734397,0.057456724,-0.09196517
-0.021874536,0.0,0.0023711473,-0.15809573,-0.13859256,-0.013143742,0.028944165,-0.0648062,-0.14428493,-0.009341063,-1.2767075,-0.0693828,-0.28131098,-0.2207695,-0.8132263,-0.21184944,-0.051356833,-0.050485834,0.22776537,-0.012514547,0.007839667,0.0,-0.10346078,-0.00085059507,0.0,0.04431032,-0.113174036,-0.10648171,-0.28557613,-0.39684328,-0.05466567,-0.0050484445,0.0,-0.0669851,-0.025847604,-0.14885165,-0.10034782,-0.013626157,0.0,-0.15508765,-2.2235665,0.016691066,-0.01399111,-0.15629596,0.032356527,-0.017812382,-0.007938838,-0.019791726,0.017352534,-0.00836274,-0.14240944,-0.011091425,-0.005267038,-0.41029945,-0.11828701,0.0075197597,0.17494696,-0.04884214,-0.079762846,0.039772328,-0.053842656
-0.02110593,0.0,0.001736338,-0.14506769,-0.11602132,-0.021137824,0.04678881,-0.06562453,-0.15706761,-0.016574698,0.3554989,-0.09440335,-0.5059953,-0.28603086,-0.057848692,0.03176397,-0.0207672,-0.04294364,-0.95398635,-0.0032497542,0.007839667,0.0,-0.097623125,0.008001668,0.0,0.04730317,-0.101109505,-0.06262654,-0.22792134,0.5174669,-0.022148054,-0.0050484445,0.0,-0.10701672,-0.021212377,-0.16912147,-0.068783276,-0.013626157,0.0,-0.13563472,-3.2038958,0.017802022,0.03936817,0.06415555,0.0020162226,0.012846032,-0.04861714,0.0095861405,-0.061702136,-0.011719381,0.06641684,-0.03369856,-0.021960668,0.04297449,0.15065688,-0.020625895,-0.22847344,0.044489272,-0.15343189,-0.11206524,-0.17041415
-0.026419677,0.0,0.002209689,-0.18704419,-0.04558939,-0.05444097,0.09703351,-0.15299556,-0.33368412,-0.0056744833,0.34630355,-0.054301504,-0.42306802,-0.25037792,-0.018569138,-0.31756046,-0.021781154,0.020418724,-1.7311007,-0.012514547,0.007839667,0.0,-0.093450256,-0.033233583,0.0,0.112969644,-0.24835809,-0.2638634,-0.21735185,-0.69264984,-0.05466567,-0.008305209,0.0,-0.05219367,-0.10087879,-0.20678562,-0.0599268,-0.05193732,0.0,-0.08599627,1.3834016,-0.017404787,0.006691118,-0.19849068,-0.019153057,-0.022991937,-0.06714433,0.01144241,0.012333439,0.016408958,0.023058783,-0.03369856,0.036886834,-0.5410236,-0.2485537,-0.0021587964,-0.2173058,-0.047785424,0.06008116,-0.11683679,-0.40531695
-0.025595438,0.0,0.0017559732,-0.2950692,-0.121205166,-0.040238332,0.05705754,-0.07892861,-0.17640612,-0.013720866,0.31633556,-0.05342357,-0.3084751,-0.25800234,0.023496574,-0.24172531,-0.021781154,0.019314935,-0.67934424,-0.012514547,0.007839667,0.0,-0.12116555,-0.03874395,0.0,0.08250176,-0.09164587,-0.26392338,-0.22101943,-0.8193453,-0.022148054,-0.008305209,0.0,-0.21611273,-0.10883173,-0.18011218,-0.062690616,-0.013626157,0.0,-0.1958279,-1.3005325,-0.017404787,0.001697311,-0.20222056,-0.0115648825,-0.027505416,-0.065493084,0.0095861405,0.011160264,0.016408958,-0.16925451,-0.03369856,0.006095606,-0.5562552,-0.17033544,-0.020122454,-0.23734279,-0.047781825,-0.09933333,-0.065519266,-0.1321982
-0.029719165,0.0,0.0021632377,-0.13057815,-0.11398822,-0.013012063,0.03310191,-0.042893898,-0.1505201,-0.009567574,0.21126601,-0.017608501,-0.5071879,-0.22844756,-0.02855272,-0.20412298,-0.016721254,-0.05943104,0.36813113,-0.012514547,0.007839667,0.0,-0.08730058,-0.018887611,0.0,0.0459355,-0.11218479,-0.15058373,-0.18486308,-0.9233425,-0.022148054,-0.0050484445,0.0,-0.18588434,-0.036686532,-0.12917379,-0.014617363,-0.008212237,0.0,-0.1891781,-3.9506507,-0.016301518,0.014689807,-0.18605721,-0.025779907,0.032830793,-0.05341468,0.011134991,0.019744068,-0.034697235,0.15188478,-0.03369856,-0.013291011,-0.5451553,-0.13977543,-0.020625895,-0.21453989,-0.045456924,-0.08234563,-0.08082958,-0.013596003
-0.0143801235,0.0,0.0021632377,-0.13504994,-0.1132043,0.040316403,0.022909336,-0.01255475,-0.14918566,-0.009567574,0.25622138,0.032776847,-0.41017994,-0.21652572,-0.7468653,-0.16089265,-0.0164929,-0.04094863,0.31929627,-0.012514547,0.007839667,0.0,-0.097623125,-0.018887611,0.0,0.037277836,-0.0965174,-0.11970887,-0.17347082,-0.7330031,-0.05466567,-0.0050484445,0.0,-0.18407439,-0.05441191,-0.14805564,-0.017188909,-0.008212237,0.0,-0.18486878,-3.4006164,0.004913017,-0.0028233808,0.2463498,0.008729285,-0.017812382,0.06631075,-0.03626174,0.019405024,-0.043396235,-0.10082845,-0.03369856,0.02552419,-0.5065386,-0.17184332,0.0075197597,-0.17259017,-0.04408459,-0.08234563,0.149434,-0.043050967
-0.029719165,0.0,0.0021632377,-0.23380041,-0.11398822,0.04050314,0.05751735,-0.01255475,-0.15040344,-0.009567574,0.29467273,-0.024227519,-0.21936963,-0.28603086,0.0065990295,-0.16769476,-0.016721254,0.015742606,0.327508,-0.012514547,0.007839667,0.0,-0.10650977,-0.020148369,0.0,0.046373375,-0.1099737,-0.15058373,-0.22433856,-0.82368356,-0.022148054,-0.0050484445,0.0,-0.1966141,-0.052804366,-0.10639052,-0.014617363,-0.008212237,0.0,-0.24898553,-4.0578713,-0.015320163,-0.023092303,-0.24521524,-0.0115648825,-0.017812382,-0.05341468,0.011134991,0.019744068,-0.0055153207,-0.108362414,-0.011091425,-0.013291011,-0.54432565,0.14320779,-0.020625895,0.30943203,0.050761484,-0.08234563,-0.04366495,-0.053751163
-0.0143801235,0.0,0.0021632377,-0.13921668,-0.087581694,0.040316403,0.05751735,-0.009640502,0.034502983,-0.009567574,0.2570792,-0.09199825,-0.458042,-0.25702903,-0.078677714,-0.18205148,-0.016721254,-0.054177493,0.3280917,-0.012514547,0.007839667,0.0,-0.097623125,-0.018887611,0.0,0.045509547,-0.09095049,-0.060535986,-0.2547812,-1.0005816,-0.022148054,-0.0050484445,0.0,-0.16399157,-0.05030542,-0.13583533,-0.014617363,-0.0025057537,0.0,-0.18486878,-4.2037554,0.013119742,-0.018098814,-0.19759081,0.008660195,-0.006489393,0.06787944,-0.03626174,0.027022038,-0.015608734,-0.18847308,-0.03369856,-0.013291011,0.14933042,-0.029965382,-0.020625895,-0.22145596,-0.04408459,-0.13086449,-0.11213259,-0.09442348
-0.029994102,0.0,0.0015284282,-0.16460542,-0.11398822,0.04050314,0.05751735,-0.013373073,-0.14857528,-0.009567574,0.13899954,-0.07461183,-0.24444105,-0.28603086,0.011432281,-0.3203621,-0.014643988,-0.01634843,0.36996827,-0.012514547,0.007839667,0.0,-0.05307567,0.0026027246,0.0,0.046373375,-0.09666632,0.07666983,-0.22822401,-0.7900231,-0.022148054,-0.0050484445,0.0,-0.1592094,-0.048495755,-0.17126204,-0.014617363,-0.008212237,0.0,-0.1891781,-4.23947,-0.020085737,0.00904712,-0.236748,-0.014939409,0.007992057,-0.05341468,0.011134991,-0.030078271,-0.0140117975,0.20763732,-0.011091425,-0.013291011,-0.013632463,0.15887201,-0.020625895,0.27546415,-0.045456924,-0.0961549,-0.04042349,-0.10512368
-0.014655061,0.0,0.0015284282,-0.18515311,-0.11189557,0.04050314,0.02683782,-0.010542437,-0.18225248,-0.012414642,0.19524425,-0.076939195,-0.27477068,-0.22415015,-0.9599071,-0.19027424,-0.014415632,-0.36371282,0.22954343,-0.012514547,0.007839667,0.0,-0.097623125,-0.022517685,0.0,0.037277836,-0.09091011,-0.050837908,-0.2571457,-0.83830404,-0.05466567,-0.0050484445,0.0,-0.1764584,-0.05441191,-0.20986938,-0.091713086,-0.008212237,0.0,-0.1891781,-2.7424443,-0.016188255,-0.004835175,-0.1895334,-0.00072438316,-0.016182426,0.072698876,-0.03626174,0.012273775,0.026220918,-0.25835627,0.04048668,-0.013291011,0.10897271,-0.14502321,0.00054975087,-0.19647463,-0.04408459,0.1288247,-0.11995872,-0.060724877
-0.033477478,0.0,0.0015284282,-0.18672642,-0.10667089,0.04050314,0.02683782,-0.008748781,0.20952184,-0.012414642,0.3712885,-0.05999554,-0.1540606,-0.18924126,-0.7976757,-0.18032007,-0.014415632,-0.4169689,0.24826744,-0.012514547,0.007839667,0.0,-0.10650977,-0.022517685,0.0,0.035481904,-0.10134946,-0.039891433,-0.2505747,-0.7707526,-0.022148054,-0.0050484445,0.0,-0.2034799,-0.054076597,-0.16780913,-0.10139674,-0.0025057537,0.0,-0.2440901,-3.1381643,-0.012142624,0.0072592124,-0.21204326,-0.025779907,0.029661663,-0.055087008,0.011134991,-0.0021362915,-0.013111298,-0.25338235,-0.011091425,-0.013291011,-0.5813128,-0.0894463,-0.020625895,0.32863387,-0.04648141,0.12733367,-0.017104577,-0.05232308
-0.059447043,0.0,0.0017559732,-0.13718115,-0.16585493,-0.029460559,0.059165742,0.033266865,0.34104505,-0.0019260875,-3.020369,-0.15240987,-0.36198726,-0.18935151,-1.7690505,-0.09569569,-0.15847777,-0.073954,0.46428388,-0.0032497542,0.007839667,0.0,-0.052080162,0.015054481,0.0,0.056564227,-0.15824395,0.07703091,-0.2141571,0.2484235,-0.022148054,-0.008305209,0.0,-0.10193555,0.14518602,0.13185073,-0.011311678,-0.004819425,0.0,0.0249483,1.1999873,-0.010554001,-0.022769324,-0.09135286,0.0020162226,0.012846032,-0.07074099,0.007759195,-0.016225085,0.0143400775,-0.16710205,-0.011091425,-0.013291011,0.06358737,0.077673584,-0.020122454,0.27666146,0.0434698,-0.07207534,-0.030959165,-0.13277446
-0.03272407,0.0,0.0017559732,-0.10779247,-0.21301544,-0.029460559,0.043654528,0.020332035,0.24205714,-0.0022328417,-2.9498482,-0.16621277,-0.47134876,-0.17328663,-1.7394035,-0.09292219,-0.15847777,-0.076660775,0.41230708,-0.0032497542,0.007839667,0.0,-0.06590739,0.046118706,0.0,0.05508011,-0.07346776,0.068060264,-0.23421443,0.37591475,-0.05466567,-0.008305209,0.0,-0.14776543,0.17626493,0.15105855,-0.058307584,-0.0025057537,0.0,0.0249483,0.09646314,-0.011535356,-0.022501182,-0.05743578,-0.00072438316,-0.013013298,-0.06300258,0.00578887,-0.0016728477,0.016356524,-0.18294722,-0.03369856,-0.013291011,0.19467692,-0.033096295,0.008023201,-0.20311268,-0.014025574,-0.10307312,-0.10280218,-0.13191056
-0.030249756,0.0,0.0023907826,-0.11909754,-0.08520698,-0.010804701,0.0859543,0.034085188,0.34673756,-0.0009486135,-2.2505472,-0.16997196,-0.27094242,-0.13245448,-1.5235783,-0.11054198,-0.15847777,0.0252708,-0.9858389,-0.0032497542,0.007839667,0.0,-0.052080162,0.02052375,0.0,0.050616708,-0.17977212,0.08154069,0.36487618,0.2883425,-0.022148054,-0.008305209,0.0,-0.097272016,0.17663679,0.1878348,-0.031292796,-0.004819425,0.0,0.010790592,0.9823247,-0.008486381,0.014053924,-0.0564156,-0.014939409,0.004822929,-0.059297282,0.005928588,-0.08187875,-0.0951364,-0.1502187,-0.03369856,-0.021960668,0.09024071,-0.10446985,-0.020122454,-0.20524143,-0.013293418,-0.08906303,-0.09841453,-0.48246738
-0.014911398,0.0,0.0017559732,-0.07732656,-0.0640778,0.020126684,0.20322484,0.041036427,0.36311105,-0.0063797734,0.2360646,-0.07287942,-0.08500312,-0.11850366,0.15073235,0.011125399,-0.022244029,-0.00089161936,-0.5423429,-0.0032497542,0.007839667,0.0,-0.04462236,0.02052375,0.0,0.120442346,-0.14622672,0.077115074,0.43557197,0.65422505,-0.05466567,-0.008305209,0.0,-0.097272016,0.17663679,0.21022782,-0.025700722,-0.004819425,0.0,0.015046111,1.834988,-0.0012595323,0.03598686,-0.07596085,-0.008312557,0.0041763475,0.059077743,-0.020511199,0.09129484,0.059857357,-0.13284399,0.04048668,0.036886834,0.34445184,0.13314867,-0.0021587964,-0.09951569,-0.013293418,0.077623524,0.20030321,0.66750115
-0.011815494,0.0,0.0017559732,-0.079346694,-0.0455096,-0.031142475,0.10974032,0.057074554,0.36559448,-0.0025541508,0.6496319,-0.045859203,-0.20626804,-0.118205935,0.14573543,0.040105667,-0.022692513,0.05406096,0.7894789,-0.0032497542,0.007839667,0.0,-0.04624251,0.02052375,0.0,0.11875076,-0.14326115,0.086295694,0.44651365,0.74665356,-0.022148054,-0.008305209,0.0,-0.106484555,0.2018236,0.19844106,-0.069027394,-0.004819425,0.0,0.04609976,1.9709058,-0.011590604,-0.00064807886,-0.07772612,-0.008312557,-0.0019759112,0.059077743,-0.006089664,0.07787007,0.043128885,0.3142497,0.013331125,0.02552419,0.32371193,-0.08367711,-0.020122454,0.27234393,-0.011424119,-0.07467139,-0.012508537,-0.04358673
-0.014655061,0.0,0.0023907826,-0.2242398,-0.12164022,-0.016974317,0.081742,0.021150358,0.24178733,-0.0018641647,0.293228,-0.09016964,-0.3374467,-0.12399118,-1.8963245,-0.21774825,-0.017669637,-0.7965873,0.4052884,-0.012514547,0.007839667,0.0,-0.07395781,-0.016412092,0.0,0.09560154,-0.09218514,0.066756696,0.3412439,-0.88023263,-0.022148054,-0.008305209,0.0,-0.18584411,0.16623661,0.14023244,-0.07918815,-0.0025057537,0.0,0.039126758,0.033963677,-0.005948079,-0.00678299,-0.20222056,-0.0115648825,-0.017812382,0.034295574,-0.013129631,0.027142687,-0.10191194,-0.2829082,-0.0004154751,-0.013291011,-0.5571179,-0.10258535,-0.020122454,-0.2221462,-0.043179076,-0.06827209,-0.09276628,-0.09235986
-0.033477478,0.0,0.0021632377,-0.14838456,-0.11066255,-0.017482024,0.024716068,-0.0249314,0.18968804,-0.0070634787,0.2624911,-0.07435337,-0.32071304,-0.1759332,-0.94749564,-0.19005029,-0.012909828,-0.37806103,0.29221272,-0.012514547,0.007839667,0.0,-0.05930202,-0.022404034,0.0,0.05106799,-0.093753114,0.06654452,-0.21602552,-0.884956,-0.022148054,-0.0050484445,0.0,-0.20060073,-0.062335774,0.15434223,-0.10619402,-0.0025057537,0.0,-0.06408921,-2.9339452,-0.019092286,-0.00678299,-0.20222056,-0.0115648825,-0.024336288,-0.055087008,0.011134991,0.019915434,-0.04901085,-0.19689536,-0.03369856,-0.013291011,-0.44012123,-0.064978965,-0.020625895,-0.16468398,-0.043179076,-0.06827209,0.173248,-0.059031673
-0.03721358,0.0,0.0021632377,-0.089485675,-0.12305319,-0.01580011,-0.28619757,-0.0249314,0.18816301,0.007491383,-1.266757,-0.070355296,-0.34212437,-0.12729208,-0.6106699,-0.17770824,-0.042634103,0.0029868996,0.28260517,-0.012514547,0.007839667,0.0,-0.056253027,-0.022404034,0.0,0.025215615,-0.093753114,0.06654452,0.26264483,-0.39961267,-0.022148054,-0.0050484445,0.0,-0.16020572,-0.06069725,0.1552504,-0.07124801,-0.0025057537,0.0,-0.031057833,-2.7252202,-0.01313292,-0.0026752842,-0.11102866,-0.0115648825,-0.024336288,-0.055087008,0.00578887,0.016559308,-0.057484277,-0.21427977,-0.03369856,-0.013291011,-0.4496672,-0.061447166,-0.020625895,-0.13668615,-0.04521525,-0.0656893,0.16816974,-0.052082613
-0.009132833,0.0,0.0021632377,-0.09009945,-0.11317358,-0.013523443,-0.38985485,-0.0249314,0.18464334,0.010315675,-1.6882478,-0.080726676,-0.40256414,-0.1196225,-0.0105049675,-0.042755064,-0.07059337,-0.07569021,-0.67702484,-0.0032497542,0.007839667,0.0,-0.056253027,0.025905501,0.0,-0.28551278,-0.09219332,0.06790644,0.3242681,0.25865814,-0.022148054,-0.0050484445,0.0,-0.14261018,-0.028841538,-0.020849748,-0.037013713,-0.0025057537,0.0,-0.049723912,-2.2738347,0.00698921,-0.027419563,0.058001995,0.032356527,-0.024336288,0.05213392,-0.016168091,-0.013173562,-0.013191757,-0.19850856,-0.03369856,-0.015882254,-0.41580606,-0.068439685,-0.020625895,-0.2177467,-0.012707436,-0.088336356,-0.102768235,-0.12325329
-0.0303827,0.0,0.0017559732,0.11053681,-0.08520698,-0.010804701,-0.44819355,0.033266865,0.22373378,0.0076290066,-2.014732,-0.11879457,-0.25176975,-0.11000936,-0.89816064,-0.0833663,-0.0973927,-0.0136966165,-1.0503713,-0.0032497542,0.0024950996,0.0,-0.052080162,-0.009031596,0.0,-0.36632922,-0.16646476,0.08154069,0.21103857,0.20239106,-0.022148054,-0.004447696,0.0,-0.09566491,0.14471169,-0.0065677855,-0.12509908,0.0031335177,0.0,0.20988935,0.13237238,-0.007538777,0.01717635,-0.092613414,-0.014939409,0.007992057,-0.058662582,0.005928588,-0.026506308,-0.014429535,0.1438489,-0.011091425,-0.015882254,0.14527513,0.011894898,-0.020122454,0.3028078,0.041801415,-0.05733856,-0.030823128,-0.3287155
-0.014910716,0.0,0.002209689,0.21153602,-0.08520698,-0.01763942,-0.44819355,-0.026699916,-0.22248662,0.0076290066,-1.9093925,-0.16092296,-0.36009103,-0.096176974,-0.89639527,-0.09002553,-0.09784119,0.022831611,-0.9629587,-0.0032497542,0.0024950996,0.0,0.046714522,-0.0062934514,0.0,-0.36226305,-0.22101097,0.023507705,0.3429921,0.27051857,-0.05466567,-0.004447696,0.0,-0.03682124,0.17616245,-0.0058917087,-0.13060646,-0.0025729649,0.0,0.0013409951,0.24152754,0.011755705,-0.010637409,-0.055111583,0.008660195,-0.006489393,0.058502126,-0.020511199,0.057417065,0.02916095,-0.14472452,0.04048668,0.023902822,0.27134565,-0.12340881,0.008023201,-0.1797616,-0.01197528,-0.08799894,-0.120825656,-0.28184348
-0.030249756,0.0,0.002209689,0.26050887,-0.088138394,-0.01763942,-0.44819355,-0.026699916,-0.21756913,0.0076290066,-2.0492644,-0.15826768,-0.2804803,-0.110547096,-0.78287,-0.098757386,-0.09784119,0.0256033,-0.9940451,-0.0032497542,0.0024950996,0.0,0.102807134,-0.014178256,0.0,-0.36632922,-0.23092526,-0.103761405,0.30304727,0.21663642,-0.022148054,-0.004447696,0.0,0.07099164,0.13133436,-0.050086185,-0.13060646,-0.0025729649,0.0,0.20717424,0.017962635,-0.014005709,-0.027687706,-0.075579606,-0.014939409,0.007992057,-0.06234679,0.005928588,-0.03726695,0.021347802,-0.077964514,-0.011091425,-0.015882254,0.10248619,0.0003831247,-0.020122454,0.27919796,0.04262086,-0.09127359,-0.095106736,-0.3843678
-0.015043659,0.0,0.002209689,-0.19166073,-0.11724516,-0.01763942,-0.5262406,-0.026699916,-0.27946067,0.0076290066,-2.1000905,-0.13647392,-0.3309412,-0.17203958,-0.0013097946,-0.074410446,-0.10610974,-0.037403286,-1.1776543,-0.0032497542,0.007839667,0.0,0.13833033,-0.009161646,0.0,-0.45639384,-0.22101097,-0.21169494,0.33114636,0.21251738,-0.05466567,-0.008305209,0.0,0.078632675,0.13821027,-0.041670006,-0.17887373,-0.0025729649,0.0,0.2142562,-0.071385674,0.011931185,-0.0074187843,0.047652166,0.011400802,0.012846032,0.058502126,-0.020511199,-0.033848714,0.02916095,-0.06907438,0.04048668,-0.015882254,0.09474472,-0.1135302,0.008023201,-0.19534782,-0.012563781,-0.08103752,-0.16568226,-0.37147722
-0.029472671,0.0,0.0028444985,-0.17250364,-0.11724516,-0.014617821,-0.47435597,-0.025881592,-0.2761319,0.020231279,-1.8286335,-0.11446834,-0.14099096,-0.20195894,0.063861884,-0.030760743,-0.10610974,-0.00051056314,-1.2517482,-0.001641511,0.007839667,0.0,-0.096627615,-0.0138429515,0.0,-0.53874326,-0.255419,-0.26315016,0.21612142,0.02269809,-0.05466567,-0.008305209,0.0,-0.0078455135,0.14371794,-0.037183285,-0.17483027,-0.0025729649,0.0,0.21697131,-0.13698645,0.012278466,0.0143487565,0.066351704,-0.014939409,0.004822929,-0.05026838,0.005928588,-0.0535412,-0.044746827,-0.056662392,-0.011091425,-0.015882254,0.18403932,0.00479451,0.018542435,0.32751727,0.03264932,0.017161686,-0.14344585,-0.35146695
-0.014132946,0.0,0.0023907826,-0.18575959,-0.11151997,0.020126684,-0.6778805,0.037230454,-0.28376037,0.0076290066,-1.813146,-0.1921696,-0.2984167,-0.17209043,-0.004750829,0.014689276,-0.106558226,0.027086461,-0.7039552,-0.001641511,0.007839667,0.0,-0.09500747,-0.006609913,0.0,-0.5294464,-0.25262645,-0.15671466,0.25399297,0.109811895,-0.05466567,-0.008305209,0.0,-0.09991255,0.17516872,-0.00799106,-0.17622145,-0.0025729649,0.0,0.21246295,0.06899853,0.003582471,-0.010529381,-0.069093406,0.008660195,-0.006489393,0.04076483,-0.020511199,0.041184552,-0.061550815,-0.20178872,-0.03369856,0.023902822,0.10637531,-0.12958588,-0.0021587964,-0.13048197,-0.009429785,0.060329624,0.15863067,0.4369344
-0.02382705,0.0,0.0017559732,-0.21231742,-0.1729958,-0.010804701,-0.58835727,0.02031831,-0.16620867,0.0024395552,-1.9716878,-0.12693596,-0.27306047,-0.17171927,0.059106175,0.11606895,-0.10610974,-0.4405637,-0.7870984,-0.001641511,0.007839667,0.0,-0.110454835,-0.004034478,0.0,-0.6537543,-0.08968836,-0.255402,0.2674536,0.17413616,-0.022148054,-0.008305209,0.0,-0.12835726,0.11593154,-0.060726423,-0.27279305,-0.008212237,0.0,0.21213129,0.08157217,-0.009847971,0.012033468,-0.061385486,-0.014939409,0.007992057,-0.0490319,0.005084941,-0.0577191,0.01577569,-0.14314993,-0.011091425,-0.014289898,0.03959789,0.033148315,-0.020122454,0.2860474,0.024712471,-0.13413435,-0.03588382,-0.3828325
-0.006088297,0.0,0.0017559732,-0.13995364,-0.04373914,-0.054151542,-0.7550041,0.041022703,-0.29283226,-0.008871289,0.3199747,-0.091786325,-0.3744386,-0.17337067,0.1015865,-0.023614915,-0.018982224,-0.07209696,-1.7720048,-0.001641511,0.007839667,0.0,-0.09078996,-0.012814071,0.0,-0.8286393,-0.22397655,-0.26315016,0.27209848,0.26909813,-0.05466567,-0.008305209,0.0,-0.09487999,0.12503237,-0.03280074,-0.284662,-0.0025729649,0.0,0.22089519,0.07775713,-0.0071670203,0.039104562,-0.063808866,-0.019153057,-0.019822808,0.040481985,-0.0128222145,-0.018342294,0.024244506,0.16110039,0.04048668,0.020501416,-0.5582218,-0.11376935,-0.0021587964,-0.18851379,-0.0074479706,0.061604813,-0.21762933,-0.25081882
-0.022070143,0.0,0.0017559732,-0.31779963,-0.046532925,-0.047788277,-0.612875,0.028642572,-0.27965158,-0.017190434,0.25858268,-0.09658843,-0.25861043,-0.22856152,0.13002628,0.16566952,-0.015384764,-0.0001564091,-1.5434129,-0.0035250052,0.007839667,0.0,-0.102336906,-0.007676366,0.0,-0.76052976,-0.23058498,-0.2655558,-0.13786171,-0.3457947,-0.022148054,-0.008305209,0.0,-0.109507926,0.11664293,-0.022266341,-0.31855908,-0.0025729649,0.0,0.012915509,0.27420357,-0.019229228,-0.005128939,-0.20552552,-0.019153057,-0.022991937,-0.055749387,0.01144241,-0.017289594,0.011005879,-0.08431853,-0.011091425,0.02379413,-0.59198415,-0.14141536,-0.020122454,0.31016383,-0.029247046,-0.05557795,-0.14113829,-0.2501634
-0.03971919,0.0,0.0035333368,-0.22454487,-0.13012923,-0.031706076,0.055730015,0.04817939,-0.14262947,-0.0070634787,0.25601003,-0.078213096,-0.33434117,-0.23641904,-0.013188408,0.06850328,-0.01864657,-0.03283537,0.37597132,-0.0035250052,-0.007228623,0.0,-0.10461718,-0.04300992,0.0,0.08769269,0.1285579,-0.049196344,-0.19649926,-0.5638427,-0.022148054,0.0037286836,0.0,-0.2811009,-0.054697044,-0.05421607,-0.006203508,0.010809245,0.0,-0.013438294,-2.5299332,-0.016285086,-0.01220604,-0.22246699,0.0020162226,0.012846032,-0.038091417,0.011134991,-0.060221564,-0.018207008,-0.19884968,-0.011091425,-0.013291011,0.017973572,0.15450558,-0.01809792,0.27666146,0.10501852,-0.12010594,-0.044479065,-0.10333785
-0.043455973,0.0,0.0034801462,-0.17547952,-0.1563589,-0.026659068,0.025014454,0.037582316,-0.14369656,-0.009341063,-1.3216722,-0.09256544,-0.48142886,-0.21943428,-0.02656689,0.01580213,-0.050107397,-0.051423974,0.34253967,-0.0035250052,-0.007228623,0.0,-0.100800484,-0.025427107,0.0,0.03587367,0.13294113,-0.04876272,-0.21941225,-0.25905082,-0.05466567,0.002266534,0.0,-0.11918334,-0.022420317,-0.018897394,-0.014772041,0.010809245,0.0,-0.03970421,-3.592063,-0.01726644,-0.0034496244,-0.09753576,-0.00072438316,-0.013013298,-0.053198904,0.00578887,-0.027569532,-0.015980212,0.21760243,-0.03369856,-0.013291011,0.189977,-0.08348916,-0.0034185145,-0.21297216,-0.03426765,0.1374955,-0.21966308,-0.10333785
-0.03125767,0.0,0.0069282823,-0.1738811,-0.13704371,-0.037632592,0.02790893,0.038188495,-0.1402449,-0.02818782,-1.9942104,-0.020405848,0.54235595,-0.24307314,0.2711127,0.113563284,-0.08529815,-0.07735236,0.29051155,-0.001641511,-0.007228623,0.0,-0.11311513,-0.013599679,0.0,0.04139968,0.11436973,-0.04876272,-0.11068045,0.20947629,-0.022148054,0.002266534,0.0,-0.08625236,0.023951232,0.15899038,0.020881826,0.010809245,0.0,-0.05746057,-3.3247116,-0.0062174886,0.004039063,-0.062153086,-0.008824277,0.034515638,-0.03454086,0.00578887,-0.03510921,0.003337212,-0.39251605,-0.011215328,-0.007161713,-0.4287959,-0.01925385,-0.008501377,-0.07662056,-0.008423634,0.11078264,-0.17676882,-0.053434968
-0.040352467,0.0,0.009050697,-0.08208137,-0.120364726,0.011068309,0.0871832,0.0985103,-0.119260736,-0.004262645,0.60165066,0.048621986,0.8994707,0.3744265,0.39448756,-0.07653561,-0.024990655,0.086242765,0.6987508,-0.001641511,-0.0023519145,0.0,-0.082100466,0.0084641725,0.0,0.13032855,0.14716487,-0.036045786,-0.058771726,0.6802998,-0.05466567,0.014087384,0.0,-0.053278666,-0.0851668,0.21255362,0.031323962,0.010809245,0.0,0.023048293,1.0205448,-0.0004567979,-0.040254444,-0.023250801,-0.00072438316,-0.006489393,-0.035167694,0.013838328,0.022774553,-0.0070295054,-0.09038981,-0.011215328,-0.0055655595,0.31778005,-0.043285336,0.031953905,-0.075623855,-0.011480079,0.1581143,-0.03617084,-0.020844826
-0.019718144,0.0,0.009050697,-0.11174824,-0.06593076,0.011068309,0.10047688,0.09565334,-0.13010214,-0.004262645,0.6411865,0.017322827,0.70854473,0.38829213,0.10141185,-0.07671113,-0.024990655,0.091757886,0.77621484,-0.001641511,0.0025507235,0.0,-0.07859579,-0.004466772,0.0,0.13110541,0.38170886,-0.05935019,-0.06199125,0.29430732,-0.022148054,0.014087384,0.0,-0.029775169,-0.09035477,0.19851613,0.034689985,0.046265405,0.0,-0.12783925,2.068507,0.01589113,0.033976078,0.030110447,0.0020162226,0.012846032,0.03147202,0.022355894,0.00502099,-0.01757654,0.36090022,-0.011215328,-0.0070839026,0.12364151,0.1129114,-0.006710988,-0.0647731,-0.006382449,-0.078425944,0.08587217,-0.105802014
-0.03971919,0.0,0.0035333368,-0.2678097,-0.075015746,-0.0071556303,0.08850242,0.042250358,-0.08770714,-0.010188928,0.27088478,0.019982804,-0.38290176,0.327756,-0.031275254,0.104047105,0.03510585,-0.007919011,0.5371418,-0.0035250052,0.0025507235,0.0,-0.106311075,-0.046025768,0.0,0.1183246,0.120618366,-0.26392338,-0.26545373,-0.5009274,-0.05466567,-0.031377196,0.0,-0.36050558,-0.069944054,-0.2123951,-0.026001364,0.010809245,0.0,-0.14474617,0.35778728,0.008136883,0.013085458,0.18398349,-0.0115648825,-0.027505416,-0.041803963,0.015315927,0.019391762,-0.018849118,-0.2397323,-0.03369856,0.012265276,-0.6380902,-0.2392268,-0.025983106,-0.24851045,-0.033531893,-0.07462544,-0.13474102,-0.08647282
-0.03320254,0.0,0.0029169316,-0.2340256,-0.08785391,-0.004446898,0.025273474,0.015994497,-0.11685887,-0.013384664,-0.12810744,-0.0041679246,-0.33578295,-0.22529201,-0.7849223,-0.20046923,0.023194034,-0.044591278,0.338904,-0.012514547,0.007839667,0.0,-0.10650977,-0.018144816,0.0,0.029591186,0.11241073,-0.12157591,-0.2586226,-0.89464253,-0.05466567,-0.0050484445,0.0,-0.23523982,-0.04891859,-0.12203567,-0.017188909,0.010809245,0.0,-0.25151244,-3.1923327,0.017772973,-0.02198167,-0.20222056,0.008660195,-0.006489393,-0.053198904,-0.03626174,0.019405024,-0.01581312,0.20177189,-0.03369856,0.02552419,0.0698923,-0.07772008,0.019453343,-0.23300916,-0.047781825,-0.08234563,-0.1086371,-0.041733734
-0.03652495,0.0,0.0030553606,-0.16584049,-0.12116799,-0.010486977,0.021983478,0.026113674,-0.13828495,-0.01028336,-1.3781884,-0.06472423,0.50660545,-0.29883647,-0.77934015,-0.20430127,-0.07067484,0.011532852,0.25314006,-0.012514547,0.007839667,0.0,-0.10346078,-0.004085702,0.0,0.026722176,-0.113174036,-0.10648171,-0.14484064,-0.41175565,-0.022148054,-0.0050484445,0.0,-0.10821727,0.025564358,-0.1321267,0.10595282,0.009577858,0.0,-0.15330526,-2.548297,-0.016432742,-0.05213207,-0.10858283,0.032356527,-0.017812382,-0.05341468,0.00578887,0.017352534,-0.008061393,-0.102505006,-0.011215328,-0.013291011,-0.481212,0.14316252,-0.008501377,-0.07500803,-0.045456924,-0.079762846,-0.05125167,-0.053294405
-0.031672046,0.0,0.0024205514,-0.1791145,-0.12944518,-0.0024334737,0.025014454,0.028707687,-0.14344175,-0.009629496,-1.7997414,-0.09305904,-0.39298248,-0.34209117,-0.0493244,0.12128309,-0.0861346,-0.040078983,0.30546507,-0.001641511,0.007839667,0.0,-0.10346078,0.0063614585,0.0,0.04196722,-0.101109505,-0.061989997,-0.14423396,0.20844328,-0.022148054,-0.0050484445,0.0,-0.097212665,-0.0066627366,-0.122203946,0.2227988,-0.013626157,0.0,-0.15330526,-3.2317955,-0.011909854,-0.012901296,-0.057388272,0.0063273953,0.012846032,-0.037230067,0.00578887,-0.0017690561,-0.012181084,-0.18317625,-0.03369856,-0.013291011,0.033578575,0.1686148,-0.019888308,-0.20028105,-0.005362976,-0.11714664,-0.11488581,-0.09475074
-0.030637912,0.0,0.0031085515,-0.28299668,-0.071188994,-0.0071556303,0.051966432,0.020015597,-0.29202455,-0.0112855015,0.48916587,-0.08831296,-0.4246312,-0.3209872,-1.9357545,-0.33358043,-0.025298651,0.03281977,0.63512903,-0.0032497542,0.007839667,0.0,-0.102336906,-0.024197284,0.0,0.08812584,-0.26692066,-0.06481844,-0.26038283,0.5670876,-0.05466567,-0.008305209,0.0,-0.23742117,-0.058131933,-0.18455298,-0.010273622,-0.019259162,0.0,-0.14098416,0.5618483,-0.015816165,-0.00074905937,-0.08913915,-0.014939409,0.007992057,-0.050903082,0.01817496,-0.10218389,-0.043214448,0.20436968,-0.03369856,-0.013291011,0.04323324,0.13374281,0.010047736,-0.23891051,-0.013061511,-0.06913136,-0.10915295,-0.123860076
-0.031918984,0.0,0.0031085515,-0.28013358,-0.06413154,-0.0071556303,0.05509953,0.022619903,-0.32858595,-0.007388357,-0.5397118,-0.0715682,-0.23262319,-0.25800234,-1.9866054,-0.30622163,-0.01917544,-0.74605787,0.37132546,-0.012514547,0.007839667,0.0,-0.102336906,-0.033233583,0.0,0.051786542,-0.2686452,-0.062412765,-0.24722652,-0.8764699,-0.05466567,-0.008305209,0.0,-0.248248,-0.059125148,-0.2366239,-0.0085242335,-0.05193732,0.0,-0.15018891,1.0205257,-0.023373095,-0.017591676,-0.20740601,-0.0115648825,-0.011660123,-0.055065922,0.01817496,-0.043142162,-0.052559186,-0.2976147,-0.03369856,-0.013291011,-0.4660496,-0.18319623,0.010047736,-0.15915814,-0.047553517,0.043900356,0.1443647,-0.08175967
-0.029719165,0.0,0.0024921463,-0.15517436,-0.12199034,-0.004446898,0.03310191,0.01196056,-0.18046468,-0.012414642,0.29383036,-0.09026195,-0.2832019,-0.29231682,-0.0063476255,-0.17565118,-0.016721254,0.014673715,0.29778877,-0.012514547,0.007839667,0.0,-0.097623125,-0.022517685,0.0,0.0459355,-0.12476727,-0.049475987,-0.13275233,-0.87485224,-0.022148054,-0.0050484445,0.0,-0.21533002,-0.015432092,-0.22558357,0.22527468,-0.013626157,0.0,-0.1873957,-4.0045733,-0.016188255,0.012678012,0.20439745,-0.014939409,0.004822929,-0.05341468,0.011134991,-0.0015428816,-0.031165577,-0.25688732,-0.03369856,-0.013291011,0.058179375,-0.09601978,-0.019888308,-0.24398507,-0.045456924,0.1288247,-0.119503856,-0.019093951
-0.0143801235,0.0,0.0018573368,-0.12866238,-0.114514194,-0.004446898,0.035223667,0.008068796,-0.155089,-0.009567574,0.19031112,-0.049001098,-0.37375256,-0.21652572,-0.060008194,-0.3182649,-0.016721254,0.008138952,0.3574398,-0.012514547,0.007839667,0.0,-0.08730058,-0.022517685,0.0,0.0459355,-0.09164587,-0.06262654,-0.21026027,-0.7704776,-0.05466567,-0.0050484445,0.0,-0.2001691,-0.047280066,-0.19482599,-0.014617363,-0.013626157,0.0,-0.1873957,-4.104909,-0.0031281253,-0.02198167,-0.20373082,0.008729285,-0.017812382,-0.020017248,-0.03626174,0.019744068,0.014985402,0.20517695,-0.03369856,0.02552419,-0.5281333,-0.14926168,-0.0034185145,-0.21297216,-0.048517577,-0.07462544,-0.13546732,-0.018746356
-0.025369631,0.0,0.0018573368,-0.22407123,-0.096664146,-0.004446898,0.035223667,0.014554581,-0.14765644,-0.013384664,0.38581392,-0.04476359,-0.4261282,-0.19451667,0.1696469,0.22912355,-0.016721254,-0.010339582,0.35974655,-0.0035250052,0.007839667,0.0,-0.10650977,-0.025833858,0.0,0.049808513,-0.09164587,-0.06262654,-0.22383195,-0.40406692,-0.022148054,-0.0050484445,0.0,-0.21756999,-0.0437364,-0.07758845,-0.014617363,-0.013626157,0.0,-0.18666573,-4.2451143,-0.014249781,0.010489527,0.1862183,-0.025779907,0.032830793,-0.05041139,0.011134991,0.019105414,0.014985402,0.20803355,-0.03369856,-0.007161713,-0.48006245,0.09822065,-0.019888308,-0.24091534,0.012426645,-0.08234563,-0.146372,-0.039121434
-0.029994102,0.0,0.0024921463,-0.12977913,-0.09159214,-0.004446898,0.035223667,0.010762336,-0.15736368,-0.013384664,0.23002225,-0.054735567,-0.33382824,-0.1978588,-0.104287155,-0.20330317,-0.014643988,-0.43808237,0.27743635,-0.012514547,0.007839667,0.0,-0.097623125,-0.0010467912,0.0,0.045509547,-0.113174036,-0.061989997,-0.245648,-0.8948194,-0.05466567,-0.0050484445,0.0,-0.18723507,-0.047280066,-0.10286755,-0.014617363,-0.013626157,0.0,-0.1830864,-3.5419955,-0.017404787,-0.018098814,-0.20756829,0.032356527,-0.017812382,-0.05341468,-0.03626174,0.019744068,-0.007477217,-0.17150542,-0.03369856,-0.005267038,-0.52901983,-0.17397936,0.008257346,-0.22145596,-0.048517577,-0.08234563,-0.084145285,-0.05232308
-0.014655061,0.0,0.0024921463,-0.18249013,-0.09159214,-0.004446898,0.035223667,0.010762336,-0.14797631,-0.013384664,0.19874473,-0.0076661073,-0.35839224,-0.18649809,0.015720254,-0.20066634,-0.014643988,-0.047228977,0.36839595,-0.012514547,0.007839667,0.0,-0.097623125,0.0020698404,0.0,0.0459355,-0.113174036,-0.06511934,-0.23248395,-0.9660312,-0.022148054,-0.0050484445,0.0,-0.1817893,-0.041363917,-0.07352403,-0.014617363,-0.013626157,0.0,-0.1873957,-4.100343,0.022606555,-0.0028233808,-0.16965348,0.0020162226,0.012846032,-0.007938838,0.011134991,-0.0015428816,-0.007477217,0.14521234,-0.03369856,-0.013291011,0.0008298876,0.19944707,-0.019888308,-0.22570753,-0.045456924,-0.11407009,-0.108438686,-0.10512368
-0.029994102,0.0,0.0024921463,-0.12866238,-0.09080822,-0.004446898,0.025031092,0.010762336,-0.15194611,-0.013384664,0.17908737,-0.06090388,-0.3730424,-0.26316562,-1.0027081,-0.20341103,-0.014415632,-0.025981398,0.34856012,-0.012514547,0.007839667,0.0,-0.097623125,-0.00029947562,0.0,0.037277836,-0.113174036,-0.06398847,-0.254121,-0.9000397,-0.05466567,-0.0050484445,0.0,-0.18723507,-0.047280066,-0.16291165,-0.017188909,-0.013626157,0.0,-0.1873957,-3.1278574,-0.017404787,0.010381641,-0.19951087,-0.025779907,0.032830793,-0.05341468,0.011134991,-0.00521679,-0.007477217,0.2096663,-0.03369856,-0.013291011,-0.480373,-0.039373163,0.008257346,-0.21453989,-0.048517577,-0.07462544,-0.1152843,-0.043050967
-0.029719165,0.0,0.0015284282,-0.2006146,-0.1132043,-0.012825325,0.025031092,-0.04371222,-0.151251,-0.015081488,0.24642655,-0.053827226,-0.31747493,-0.20583458,-0.7935544,-0.20151381,-0.0164929,0.0082886135,0.29393277,-0.012514547,0.007839667,0.0,-0.10650977,-0.00029947562,0.0,0.037277836,-0.09986667,-0.06398847,-0.2564206,-0.86618453,-0.05466567,-0.0050484445,0.0,-0.19314234,-0.066442266,-0.18878323,-0.017188909,-0.013626157,0.0,-0.25329483,-3.150547,-0.017404787,-0.004835175,-0.20222056,-0.0115648825,-0.011660123,-0.05341468,0.011134991,-0.00521679,-0.019331465,-0.2548572,-0.03369856,-0.005267038,-0.54223055,-0.19794385,0.0075197597,-0.23891051,-0.047781825,-0.08234563,-0.12417091,-0.05232308
0.03637071,0.0,0.0034801462,0.22407126,-0.0010803795,-0.027242716,0.04031671,0.040239614,-0.05406599,-0.01028336,-1.4201671,0.009308104,0.6037743,-0.12384296,-0.04190553,-0.23345616,-0.052405536,-0.0867266,0.2994103,-0.012514547,-0.0023006254,0.0,0.08281733,-0.006854836,0.0,0.033241257,0.10122196,-0.017366868,-0.15181434,-0.45429662,0.019818375,0.0014518662,0.0,0.22740749,0.02341614,-0.039065935,0.020881826,0.010809245,0.0,-0.15421021,-3.8381224,-0.011325203,-0.061085165,-0.10616852,-0.00072438316,-0.013013298,-0.03774961,0.00578887,-0.006189941,-0.018958282,-0.14918089,-0.011215328,-0.013291011,0.056263715,-0.05242918,-0.049791038,-0.075707234,-0.040406745,-0.09741376,-0.0753894,-0.11376926
0.04086022,0.0,0.0034801462,0.19006976,-0.06434889,-0.036855284,0.04031671,0.023981078,-0.054013975,-0.010571794,-2.2006552,0.015313422,0.61049795,-0.11650434,-0.016762955,-0.08016969,-0.08529815,-0.08741038,0.32351562,-0.0032497542,-0.0023006254,0.0,0.08281733,-0.009096369,0.0,0.03914753,0.09997912,-0.017366868,-0.12003077,0.351675,0.019818375,0.0014518662,0.0,0.21504177,0.022916753,-0.048150767,0.020881826,0.010809245,0.0,-0.15421021,-3.71308,-0.010375228,-0.060642134,-0.054829624,0.0035867898,-0.013013298,-0.03358677,0.00578887,-0.0017690561,-0.01921776,-0.16416577,-0.011215328,-0.013291011,0.085541055,0.1093471,-0.0504678,-0.075707234,-0.017652463,-0.10307312,-0.06310437,-0.11056508
0.08877777,0.0,0.009050697,0.3442629,0.26977184,-0.044251308,0.06913926,0.08294692,-0.051511213,-0.0036345816,-1.9567028,0.14472748,0.88517463,-0.15592743,0.2818889,0.10169508,0.3829288,0.060289454,0.6779021,-0.001641511,-0.0023006254,0.0,0.08562407,-0.0045020343,0.0,0.10086235,0.3451773,0.022527779,-0.09184621,0.22936414,0.048915617,0.0019967642,0.0,0.014435364,0.017353486,0.19910482,-0.016645009,0.046265405,0.0,-0.097266026,1.885138,-0.0011682794,0.020268606,-0.056032516,0.0020162226,0.012846032,-0.020341316,0.007759195,-0.037950665,0.010490319,0.37704903,-0.011215328,-0.007161713,0.29458055,0.04994925,0.054006055,-0.07630803,-0.011336423,0.05144328,-0.017893825,-0.09886154
0.0073632183,0.0,0.005177775,0.40830758,0.07488569,0.01409338,0.055501062,0.0799638,-0.14526758,-0.004262645,0.5725622,0.08066207,0.88210315,-0.15043813,0.41692036,-0.31960848,0.04637891,0.074554786,0.74055415,-0.0032497542,-0.0023006254,0.0,0.0907563,-0.004936057,0.0,0.13065934,-0.26805764,0.022527779,-0.0998618,0.57026374,0.048915617,0.0019967642,0.0,0.014522824,0.019906033,0.23481753,-0.048111357,0.040698506,0.0,-0.14395405,1.7274342,-0.0003337278,0.018325847,-0.08990742,0.0020162226,0.012846032,0.023521356,0.01817496,0.0072363475,-0.0060929847,0.3187714,-0.011215328,-0.007161713,0.24356923,-0.031401332,0.017544497,-0.08552834,-0.013245023,0.06327834,-0.018760987,-0.043539897
0.015756344,0.0,0.0028444985,0.3502548,0.06567415,-0.027862007,0.062492494,-0.1616676,-0.2010454,-0.010595515,-0.46275958,-0.009988474,-0.55535895,-0.1612527,0.0028735502,-0.3097851,0.038240436,-0.10111739,0.5526405,-0.012514547,-0.0023006254,0.0,0.055233113,-0.016372181,0.0,0.081870496,-0.27983397,0.022527779,-0.3456452,-0.9008928,0.048915617,0.0019967642,0.0,-0.017481185,-0.082321845,0.19859818,-0.10292448,-0.05193732,0.0,-0.15094171,1.4934264,-0.012850022,-0.0030193464,-0.20167181,-0.019153057,-0.022991937,-0.039616626,0.01817496,-0.018637914,-0.006954161,-0.20543404,-0.03369856,-0.013291011,-0.6667821,-0.07919868,0.038733486,-0.24655347,-0.04773703,0.029644467,-0.095006995,-0.07882719
0.0026128255,0.0,0.0023711473,0.25656536,0.13425413,-0.008425554,0.03703039,-0.061461136,-0.05498136,-0.013384664,-0.004946731,-0.016266748,-0.40525985,-0.12688927,-0.02210446,-0.22249484,-0.016721254,-0.03172686,0.3369145,-0.012514547,-0.0023006254,0.0,0.0606499,0.0020640711,0.0,0.03164823,-0.12235589,0.018240882,-0.28365088,-0.8627841,0.048915617,0.0014518662,0.0,-0.052366473,-0.028842947,-0.17118195,-0.0988252,-0.013626157,0.0,-0.24778996,-3.6571841,0.0135852825,-0.0017127472,-0.18761574,-0.0115648825,-0.024336288,0.0513526,-0.03626174,0.019744068,-0.015608734,0.21106733,-0.03369856,-0.013291011,-0.61019963,-0.21376868,0.037941616,-0.24221982,-0.043931052,-0.06827209,-0.12735091,-0.0422678
0.017681222,0.0,0.0023711473,0.19048901,-0.08115615,-0.02303505,0.02683782,-0.04790421,-0.08855638,-0.009567574,0.00564155,-0.059449688,-0.36201027,-0.107465126,-0.9459102,-0.24428092,-0.0164929,-0.061444633,0.29649314,-0.012514547,-0.0023006254,0.0,0.04914447,0.0020516051,0.0,0.031419072,-0.12215172,0.015800608,-0.25286108,-0.88853383,0.019818375,0.0014518662,0.0,0.21034884,-0.024206406,-0.072656184,-0.10139674,-0.013626157,0.0,-0.1857737,-3.0512333,-0.017252747,-0.023092303,-0.24511206,-0.0115648825,-0.017812382,-0.03796538,0.011134991,0.019405024,-0.004135787,-0.10832753,-0.011091425,-0.013291011,-0.54824626,0.14381003,-0.062338132,0.28182206,-0.040406745,-0.06827209,-0.046739284,-0.067843646
-0.0068382816,0.0,0.001736338,0.10728817,-0.13244224,-0.038499665,-0.20791224,-0.05961237,-0.0853638,-0.009887101,-1.1934326,-0.12597957,-0.43570605,0.02461616,-0.7071961,-0.22606301,-0.045768686,-0.05361469,-0.5872941,-0.012514547,-0.0012389347,0.0,0.06889704,0.0040854644,0.0,0.024291394,-0.11006619,0.015800608,-0.14502966,-0.380786,0.019818375,0.002542798,0.0,0.20445399,-0.020099908,-0.08154233,-0.083073236,-0.008212237,0.0,-0.1233679,-1.8556763,-0.017017568,-0.020755645,-0.1113812,0.0035867898,-0.013013298,-0.02289698,0.005084941,-0.011455519,-0.011994406,-0.08987103,-0.03369856,-0.021960668,0.004491416,0.11618579,-0.06259232,-0.2048983,-0.052144468,-0.11440146,-0.11988494,-0.1562047
0.016906252,0.0,0.001736338,0.1774918,-0.09220041,-0.03969301,-0.20791224,-0.047443308,-0.08946459,-0.011143537,-1.5027806,-0.116166174,-0.4820406,-0.16474582,-0.6858857,-0.07562118,-0.068708226,-0.045227118,-0.6473843,-0.001641511,-0.0023006254,0.0,0.099579416,-0.010909549,0.0,-0.25595978,-0.10909794,-0.018728789,-0.15387942,0.2028946,0.048915617,0.0014518662,0.0,-0.0595991,-0.023337971,0.14968787,-0.07263755,-0.008212237,0.0,-0.118145,-1.8283156,-0.016902145,-0.011849278,-0.056323107,0.0020162226,0.012846032,-0.03380254,0.005084941,-0.0076517467,-0.013287682,-0.16047752,-0.03369856,-0.021960668,0.18105294,0.0887444,0.037687432,-0.20979846,-0.014546698,-0.12006082,-0.11461768,-0.17779927
0.010624856,0.0,0.0028444985,-0.1765933,-0.011997214,-0.037519176,-0.32711226,-0.10210494,-0.30207676,-0.005944223,-1.6602716,-0.0935665,-0.5224812,-0.2264394,-1.1348872,-0.09092392,-0.09784119,-0.084373005,-1.4774591,-0.0032497542,-0.007228623,0.0,0.11292371,-0.013619967,0.0,-0.4011756,-0.26660776,-0.0129132345,-0.16957247,0.26681733,0.048915617,0.0037286836,0.0,-0.022810036,-0.06821931,0.16872317,-0.19649947,-0.035251126,0.0,-0.029000556,0.73907197,-0.016067594,-0.020143786,-0.06591434,0.032356527,-0.017812382,-0.035453785,0.005928588,-0.038819432,-0.009492725,0.18053731,-0.03369856,-0.021960668,-0.4320437,-0.15575498,0.027671635,-0.20337638,-0.013321647,0.013465665,-0.089420415,-0.35555047
0.018670188,0.0,0.002209689,-0.08779682,-0.036663886,-0.03617949,-0.678264,-0.09920666,-0.23849843,-0.011375383,0.4014397,-0.08145027,-0.502899,0.3518152,0.06932113,-0.3026861,-0.01943071,0.031206587,-1.870541,-0.0032497542,-0.0023519145,0.0,-0.06418442,-0.02678146,0.0,-0.9340444,-0.25330043,-0.008757692,-0.117665365,0.4697504,0.019818375,0.014087384,0.0,-0.0054621017,-0.078053646,0.16367698,-0.43503714,-0.035251126,0.0,-0.08055353,0.97605705,-0.016067594,-0.025501948,-0.09179624,0.0020162226,0.012846032,-0.035453785,0.015623344,-0.09092054,-0.026263416,0.18834595,-0.03369856,-0.01575356,0.13185245,0.08105872,-0.06208888,-0.2263561,-0.0114915045,0.035730768,-0.08721265,-0.3788276
0.01418068,0.0,0.002209689,-0.15949035,-0.007448208,-0.07886928,-0.678264,-0.10926833,-0.31251618,-0.0056744833,0.1851927,-0.05930499,-0.4954589,-0.25227502,-0.021853242,-0.3225369,-0.015384764,0.020484451,-1.7996464,-0.012514547,-0.007228623,0.0,-0.07074324,-0.030841466,0.0,-0.866279,-0.2520594,-0.008757692,-0.16957247,-0.69533795,0.048915617,0.0037286836,0.0,-0.042362183,-0.084321246,-0.011941566,-0.4124784,-0.035251126,0.0,-0.08599627,1.035165,-0.0182341,0.0062695853,-0.19882458,-0.025779907,0.032830793,-0.039616626,0.01144241,-0.039137367,-0.02129454,0.14948823,-0.03369856,-0.021960668,-0.5779813,-0.15565106,0.028214253,-0.2139142,-0.044483095,0.012656767,-0.09921146,-0.3129642
-0.004607332,0.0,0.001736338,-0.027584814,-0.019408021,-0.028195817,-0.23576656,-0.04872253,-0.12279254,-0.012188131,-1.1162097,-0.009625267,-0.3777972,-0.19795951,-0.109997086,-0.21422,-0.03770075,-0.03322827,0.24673861,-0.012514547,-0.007228623,0.0,-0.100800484,-0.020125568,0.0,-0.2653719,-0.111409366,-0.1440645,-0.16527474,-0.22092105,0.048915617,0.0014518662,0.0,-0.1277201,-0.03474196,0.011942398,-0.21007268,-0.008212237,0.0,-0.1367844,-3.0089667,0.017772973,0.004123713,0.149392,-0.0115648825,-0.027505416,0.057740744,-0.005742992,-0.0058249105,0.024947226,-0.23829168,-0.03369856,0.006095606,-0.66829777,-0.14132832,0.02742238,-0.22529973,-0.04078226,0.07454076,-0.11498255,-0.044944495
0.022948502,0.0,0.002209689,-0.122203015,-0.07921299,-0.049339216,-0.431942,-0.122203164,-0.13636896,-0.01025756,0.3305433,-0.0088742785,-0.4655773,-0.2606211,-0.07557603,-0.21401864,-0.01943071,-0.09849401,0.42275438,-0.001641511,-0.007228623,0.0,-0.10483964,-0.020159481,0.0,-0.72131824,-0.10909794,-0.07940766,-0.17372659,0.5731347,0.019818375,0.0037286836,0.0,-0.11949541,-0.085407846,0.16499037,-0.34987685,-0.008212237,0.0,-0.19445933,-1.8524336,-0.016034054,-0.0012173125,-0.11044466,-0.0115648825,-0.017812382,-0.03380254,0.011134991,0.02313052,-0.024301521,0.22094,-0.011091425,-0.005267038,-0.669826,-0.085065715,-0.061546262,0.28665385,-0.00785915,-0.09064617,-0.08525925,-0.044944495
0.017681222,0.0,0.0028444985,-0.29118308,-0.06762741,-0.04949695,-0.63341135,-0.121384844,-0.16740844,-0.0043682586,0.24722548,-0.00903995,-0.49986556,-0.25227502,-0.06810364,-0.24101223,-0.015384764,0.047531933,0.5801343,-0.012514547,-0.007228623,0.0,-0.10111884,-0.034329634,0.0,-0.86729306,-0.121162474,-0.013057511,-0.25274527,-0.84050167,0.019818375,0.0037286836,0.0,-0.043017097,-0.0721736,0.13861297,-0.4542729,-0.008212237,0.0,-0.15213725,0.44367924,-0.017130831,-0.02705191,-0.22277823,0.008729285,-0.017812382,-0.03796538,0.011134991,0.023084322,-0.03081951,-0.13490596,-0.03369856,-0.013291011,-0.6523768,-0.05250145,-0.061546262,-0.2234134,-0.042368382,-0.06827209,-0.1093918,-0.07625171
0.017681222,0.0,0.0023711473,0.30133724,0.1300058,-0.01071907,-0.29459423,-0.053916365,-0.10318704,-0.013384664,0.3154211,0.01439284,-0.38300097,-0.18594117,-0.052192926,-0.30482507,-0.012226139,-0.043065242,0.31583717,-0.012514547,-0.0023006254,0.0,-0.08646306,-0.019501833,0.0,-0.35325554,-0.121162474,-0.017966323,-0.20787837,-0.77583057,0.019818375,0.0014518662,0.0,-0.12995066,-0.029796787,0.15181229,-0.24211994,-0.008212237,0.0,-0.24348065,-3.3269067,-0.01948209,-0.007305503,-0.19679691,-0.014939409,0.007992057,-0.03796538,0.011134991,0.022264853,-0.023797931,-0.17611045,-0.03369856,-0.013291011,0.06838657,0.12387462,-0.062338132,-0.16736759,-0.043179076,-0.09999655,0.1647897,-0.11121019
0.022030758,0.0,0.001736338,0.29427657,0.1300058,-0.0076939985,-0.29459423,-0.05473469,-0.07542679,-0.015081488,0.30419397,-0.019058324,-0.36184412,-0.15078664,-0.08219462,0.09406629,-0.012226139,-0.037680507,0.29264215,-0.0035250052,-0.0023006254,0.0,0.13214645,0.020355754,0.0,-0.3551768,-0.1078551,-0.038263697,-0.21238467,-0.56396,0.048915617,0.0014518662,0.0,-0.15665334,-0.021420352,0.19168493,-0.24211994,-0.008212237,0.0,-0.24778996,-3.3421552,-0.017379703,0.0072451257,-0.19249338,-0.025779907,0.029661663,-0.026570441,0.011134991,-0.005410057,-0.02133856,-0.24129644,-0.03369856,-0.013291011,-0.5886556,-0.1501713,0.02742238,-0.24159414,-0.030229565,-0.06827209,-0.10095625,-0.039085247
0.00696236,0.0,0.001736338,0.28783208,0.13425413,-0.008425554,-0.29459423,-0.05473469,-0.07391682,-0.015081488,0.09022431,-0.009977179,-0.335651,-0.15318063,-0.106727816,0.04228507,-0.015360723,0.01686886,0.26956654,-0.0035250052,-0.0023006254,0.0,0.09133592,0.011059161,0.0,-0.2923713,-0.090505645,-0.012445132,-0.21054037,-0.4209308,0.048915617,0.0014518662,0.0,-0.035538346,-0.021420352,-0.17722473,-0.23732267,-0.008212237,0.0,-0.24778996,-3.0255485,0.021901716,0.0046624597,0.23480417,-0.0115648825,-0.027505416,0.030534567,-0.03626174,0.019211756,0.02421382,-0.25934273,-0.03369856,-0.005267038,-0.614483,-0.18121211,0.02742238,-0.25119406,-0.03081178,-0.06827209,-0.13864732,-0.0423999
