year,iso,crisisjst,tloans,tmort,money,ltrate,stir,hpnom,debtgdp,cpi,ca,rgdpmad,target_h1,target_h2,target_h3,tloans_lag1,tloans_lag2,tloans_lag3,tmort_lag1,tmort_lag2,tmort_lag3,money_lag1,money_lag2,money_lag3,ltrate_lag1,ltrate_lag2,ltrate_lag3,stir_lag1,stir_lag2,stir_lag3,hpnom_lag1,hpnom_lag2,hpnom_lag3,debtgdp_lag1,debtgdp_lag2,debtgdp_lag3,cpi_lag1,cpi_lag2,cpi_lag3,ca_lag1,ca_lag2,ca_lag3,rgdpmad_lag1,rgdpmad_lag2,rgdpmad_lag3,term_spread,term_spread_lag1,term_spread_lag2,term_spread_lag3,tloans_gr_lag1,tmort_gr_lag1,money_gr_lag1,hpnom_gr_lag1,rgdpmad_gr_lag1,tloans_gr_raw,tloans_gr_roll3_mean_lag1,tloans_gr_roll3_std_lag1,tloans_slope4,tloans_slope4_lag1,tloans_lag1_dm,tloans_lag2_dm,tloans_lag3_dm,tmort_lag1_dm,tmort_lag2_dm,tmort_lag3_dm,money_lag1_dm,money_lag2_dm,money_lag3_dm,ltrate_lag1_dm,ltrate_lag2_dm,ltrate_lag3_dm,stir_lag1_dm,stir_lag2_dm,stir_lag3_dm,hpnom_lag1_dm,hpnom_lag2_dm,hpnom_lag3_dm,debtgdp_lag1_dm,debtgdp_lag2_dm,debtgdp_lag3_dm,cpi_lag1_dm,cpi_lag2_dm,cpi_lag3_dm,ca_lag1_dm,ca_lag2_dm,ca_lag3_dm,rgdpmad_lag1_dm,rgdpmad_lag2_dm,rgdpmad_lag3_dm,term_spread_lag1_dm,term_spread_lag2_dm,term_spread_lag3_dm,tloans_gr_lag1_dm,tmort_gr_lag1_dm,money_gr_lag1_dm,hpnom_gr_lag1_dm,rgdpmad_gr_lag1_dm,tloans_gr_roll3_mean_lag1_dm,tloans_gr_roll3_std_lag1_dm,tloans_slope4_lag1_dm,credit_sent_neg,credit_sent_pos,credit_n_speeches,monetary_policy_sent_neg,monetary_policy_sent_pos,monetary_policy_n_speeches,corporate_sent_neg,corporate_sent_pos,corporate_n_speeches,credit_sent_neg_lag1,credit_sent_neg_lag2,credit_sent_neg_lag3,monetary_policy_sent_neg_lag1,monetary_policy_sent_neg_lag2,monetary_policy_sent_neg_lag3,corporate_sent_neg_lag1,corporate_sent_neg_lag2,corporate_sent_neg_lag3
1989,AUS,1.0,174395.1965,52916.0,207473.9605,13.4083333333333,16.8,98.43244588206024,0.2276999999999999,93.22074,-23336.1689,17194.41280498771,0,0,0,120127.0,94828.0,81353.0,44388.6,35430.5,28079.2,173005.0,148219.0,131643.0,12.1041666666667,13.1916666666667,13.4166666666667,12.1416666666667,12.7983333333333,15.3866666666667,78.97486937049013,64.44389151530228,61.3751347764784,0.248187,0.220637,0.234131,86.66906,80.82405,74.49994,-13182.465449999998,-10324.09472,-13704.61092,16752.256097560978,16293.301109252032,15757.169811320751,-3.391666666666701,-0.0374999999999996,0.3933333333334001,-1.9700000000000009,0.2667882903783692,0.2528358335332552,0.167225524392959,0.2254826254826253,0.0281683242230349,0.4517568614882581,0.2026026871434504,0.0557996126391917,30442.55895,16621.4,38328.66666666667,19544.5,12139.0,15285.399999999998,9490.949999999995,4279.299999999999,39495.33333333334,22064.0,10976.0,-1.416666666666666,-0.4937500000000003,-0.5374999999999996,-2.3933333333333024,-2.60500000000005,-0.0333333333332994,17.95752057663558,5.139814082171611,4.142114686695472,0.0232786666666666,-0.0064069999999999,0.014174,12.129196666666672,9.426280000000006,6.204340000000002,-1135.822603333334,2583.822190000001,-1593.3880200000003,855.9804025755311,595.5381213998753,118.81364693719296,0.976666666666634,2.1112500000000507,-0.5041666666667002,0.0962784048523782,0.0320312493382016,0.0587868350747569,0.1642962187527551,0.007357237943114,0.0320928016174593,0.0489071495510015,-215911.1239601265,,,,,,,,,,,,,,,,,,
1990,AUS,0.0,200876.8009,66528.0,229475.8015,13.18,14.1508333333333,100.0,0.215777,100.0,-20036.65332,17172.682236376502,0,0,0,174395.1965,120127.0,94828.0,52916.0,44388.6,35430.5,207473.9605,173005.0,148219.0,13.4083333333333,12.1041666666667,13.1916666666667,16.8,12.1416666666667,12.7983333333333,98.43244588206024,78.97486937049013,64.44389151530228,0.2276999999999999,0.248187,0.220637,93.22074,86.66906,80.82405,-23336.1689,-13182.465449999998,-10324.09472,17194.41280498771,16752.256097560978,16293.301109252032,-0.9708333333332996,-3.391666666666701,-0.0374999999999996,0.3933333333334001,0.4517568614882581,0.1921078835556877,0.1992367879541053,0.246376811594204,0.0263938603165879,0.1518482442834943,0.2947271100012936,0.1450920211167835,37241.45992,30442.55895,83014.69649999999,38328.66666666667,19544.5,19991.45,15285.399999999998,9490.949999999995,64090.46049999999,39495.33333333334,22064.0,0.2416666666665996,-1.416666666666666,-0.4937500000000003,2.863333333333326,-2.3933333333333024,-2.60500000000005,32.92571694404681,17.95752057663558,5.139814082171611,-0.003028,0.0232786666666666,-0.0064069999999999,15.648577500000016,12.129196666666672,9.426280000000006,-11005.5704025,-1135.822603333334,2583.822190000001,1084.1420093583802,855.9804025755311,595.5381213998753,-2.621666666666726,0.976666666666634,2.1112500000000507,0.2491541743448077,-0.0393737837520996,0.0712024869443175,0.1304249986134155,0.0031303613889624,0.1081708236665729,0.1137459832530926,13821.158949999995,,,,,,,,,,,,,,,,,,
1991,AUS,0.0,216745.8512,74377.0,234016.7225,10.6908333333333,9.95583333333333,100.62851713805452,0.229141,103.2227,-13649.31288,16743.32398551786,0,0,0,200876.8009,174395.1965,120127.0,66528.0,52916.0,44388.6,229475.8015,207473.9605,173005.0,13.18,13.4083333333333,12.1041666666667,14.1508333333333,16.8,12.1416666666667,100.0,98.43244588206024,78.97486937049013,0.215777,0.2276999999999999,0.248187,100.0,93.22074,86.66906,-20036.65332,-23336.1689,-13182.465449999998,17172.682236376502,17194.41280498771,16752.256097560978,0.7349999999999692,-0.9708333333332996,-3.391666666666701,-0.0374999999999996,0.1518482442834942,0.2572378864615617,0.1060462765880444,0.0159251769464101,-0.0012638156858084,0.078998919879752,0.2901311320500405,0.1513108088055838,31633.815800000004,37241.45992,92893.36159999996,83014.69649999999,38328.66666666667,29605.16,19991.45,15285.399999999998,73274.20939999999,64090.46049999999,39495.33333333334,-0.0350000000000214,0.2416666666665996,-1.416666666666666,-0.358500000000042,2.863333333333326,-2.3933333333333024,27.908127673177205,32.92571694404681,17.95752057663558,-0.0143454,-0.003028,0.0232786666666666,19.298122000000006,15.648577500000016,12.129196666666672,-5504.940742000001,-11005.5704025,-1135.822603333334,845.5830388754948,1084.1420093583802,855.9804025755311,0.323500000000021,-2.621666666666726,0.976666666666634,-0.1130429864461581,0.0355996650917991,-0.0397886461578226,-0.1326328856877323,-0.0253099049606745,0.0675179044931288,0.0820494431908619,13709.480444999994,,,,,,,,,,,,,,,,,,
1992,AUS,0.0,224286.1866,91246.0,243383.9018,9.22,6.265,103.17181904553092,0.271514,104.2404,-14103.482879999998,16988.874013415483,0,0,0,216745.8512,200876.8009,174395.1965,74377.0,66528.0,52916.0,234016.7225,229475.8015,207473.9605,10.6908333333333,13.18,13.4083333333333,9.95583333333333,14.1508333333333,16.8,100.62851713805452,100.0,98.43244588206024,0.229141,0.215777,0.2276999999999999,103.2227,100.0,93.22074,-13649.31288,-20036.65332,-23336.1689,16743.32398551786,17172.682236376502,17194.41280498771,2.954999999999999,0.7349999999999692,-0.9708333333332996,-3.391666666666701,0.078998919879752,0.1179803992303992,0.019788234621331,0.0062851713805451,-0.0250023988651662,0.0347888338265918,0.2275346752171681,0.1975688427578117,16554.202060000003,31633.815800000004,93280.18496666664,92893.36159999996,83014.69649999999,32519.966666666667,29605.16,19991.45,65602.76216666668,73274.20939999999,64090.46049999999,-2.5183333333333824,-0.0350000000000214,0.2416666666665996,-4.493750000000004,-0.358500000000042,2.863333333333326,23.885290199035524,27.908127673177205,32.92571694404681,0.0014095,-0.0143454,-0.003028,19.30446833333333,19.298122000000006,15.648577500000016,1799.8898216666655,-5504.940742000001,-11005.5704025,275.29428153760455,845.5830388754948,1084.1420093583802,1.9754166666666195,0.323500000000021,-2.621666666666726,-0.1632837135606686,-0.1107777551577231,-0.1180889588929715,-0.1157463141160508,-0.0439865071478974,-0.0119580284630257,0.1077951163453744,3532.009510000007,,,,,,,,,,,,,,,,,,
1993,AUS,0.0,240741.1654,109835.0,258217.3071,7.280833333333333,5.00166666666667,106.06592121610755,0.303218,106.1304,-13630.436980000002,17478.185210321713,0,0,0,224286.1866,216745.8512,200876.8009,91246.0,74377.0,66528.0,243383.9018,234016.7225,229475.8015,9.22,10.6908333333333,13.18,6.265,9.95583333333333,14.1508333333333,103.17181904553092,100.62851713805452,100.0,0.271514,0.229141,0.215777,104.2404,103.2227,100.0,-14103.482879999998,-13649.31288,-20036.65332,16988.874013415483,16743.32398551786,17172.682236376502,2.2791666666666632,2.954999999999999,0.7349999999999692,-0.9708333333332996,0.0347888338265918,0.2268039851029216,0.040027820234086,0.0252741666061439,0.0146655483767745,0.0733659930174228,0.0885453326632794,0.0591107172338867,12713.342890000007,16554.202060000003,87494.77965714285,93280.18496666664,92893.36159999996,44743.25714285714,32519.966666666667,29605.16,65598.1183,65602.76216666668,73274.20939999999,-3.6294047619047713,-2.5183333333333824,-0.0350000000000214,-7.542619047619048,-4.493750000000004,-0.358500000000042,23.016407792363992,23.885290199035524,27.908127673177205,0.0435811428571428,0.0014095,-0.0143454,17.564387142857143,19.30446833333333,19.298122000000006,1088.5927042857163,1799.8898216666655,-5504.940742000001,481.51655492985446,275.29428153760455,845.5830388754948,3.9132142857142753,1.9754166666666195,0.323500000000021,-0.1802798473537173,0.016508789907753,-0.078167880131388,-0.0774662665377768,0.0030125246186928,-0.1485557653243093,-0.0522220324476254,-12430.606607499998,,,,,,,,,,,,,,,,,,
1994,AUS,0.0,270676.8052,135757.0,283445.1861,9.041666666666668,5.69416666666667,109.8370240444347,0.314529,108.1415,-21557.09712,18145.568488327885,0,0,0,240741.1654,224286.1866,216745.8512,109835.0,91246.0,74377.0,258217.3071,243383.9018,234016.7225,7.280833333333333,9.22,10.6908333333333,5.00166666666667,6.265,9.95583333333333,106.06592121610755,103.17181904553092,100.62851713805452,0.303218,0.271514,0.229141,106.1304,104.2404,103.2227,-13630.436980000002,-14103.482879999998,-13649.31288,17478.185210321713,16988.874013415483,16743.32398551786,3.347499999999997,2.2791666666666632,2.954999999999999,0.7349999999999692,0.0733659930174229,0.203723998860224,0.0609465342214347,0.0280512856839273,0.0288018615312491,0.1243478229004204,0.0623845822412555,0.0240640076500808,17824.78408000001,12713.342890000007,93012.91100000002,87494.77965714285,93280.18496666664,57739.35,44743.25714285714,32519.966666666667,72231.75881250002,65598.1183,65602.76216666668,-5.114895833333342,-3.6294047619047713,-2.5183333333333824,-7.863124999999997,-7.542619047619048,-4.493750000000004,23.03345898889513,23.016407792363992,23.885290199035524,0.0698375,0.0435811428571428,0.0014095,17.258838749999995,17.564387142857143,19.30446833333333,1425.5645162499968,1088.5927042857163,1799.8898216666655,910.6381824698548,481.51655492985446,275.29428153760455,2.748229166666655,3.9132142857142753,1.9754166666666195,-0.1159484242552124,-0.0089295948931949,-0.0460823261252695,-0.0636225379545968,0.0167184771133542,-0.1499572215256149,-0.0785650699568271,-13785.344455999992,,,,,,,,,,,,,,,,,,
1995,AUS,0.0,302816.52700000006,152596.0,308981.7428,9.21089527658369,7.6438077969278,111.71526711978368,0.31123,113.1573,-25196.94025,18529.55820683624,0,0,0,270676.8052,240741.1654,224286.1866,135757.0,109835.0,91246.0,283445.1861,258217.3071,243383.9018,9.041666666666668,7.280833333333333,9.22,5.69416666666667,5.00166666666667,6.265,109.8370240444347,106.06592121610755,103.17181904553092,0.314529,0.303218,0.271514,108.1415,106.1304,104.2404,-21557.09712,-13630.436980000002,-14103.482879999998,18145.568488327885,17478.185210321713,16988.874013415483,1.56708747965589,3.347499999999997,2.2791666666666632,2.954999999999999,0.1243478229004203,0.2360085582919834,0.0977001862629989,0.0355543306001516,0.0381837856719843,0.1187383668735575,0.077500883248145,0.0449224456023559,26552.666100000017,17824.78408000001,112613.78291111114,93012.91100000002,87494.77965714285,77245.86666666667,57739.35,44743.25714285714,89433.88683333332,72231.75881250002,65598.1183,-2.7857407407407457,-5.114895833333342,-3.6294047619047713,-6.296944444444441,-7.863124999999997,-7.542619047619048,24.24528859623392,23.03345898889513,23.016407792363992,0.0733887777777777,0.0698375,0.0435811428571428,17.352289999999996,17.258838749999995,17.564387142857143,-6659.491681111114,1425.5645162499968,1088.5927042857163,1476.8394402015983,910.6381824698548,481.51655492985446,3.511203703703694,2.748229166666655,3.9132142857142753,-0.0504730413403134,0.0244711639002138,-0.0035683833180467,-0.0481666757940478,0.0240105916149201,-0.1134184603007805,-0.0464830505821481,-6376.34585666666,,,,,,,,,,,,,,,,,,
1996,AUS,0.0,332779.9595,168921.0,335354.3076,8.20920705749882,7.01642466962862,113.17693488270116,0.29317,116.1134,-18418.25472,19075.08247877645,0,0,0,302816.52700000006,270676.8052,240741.1654,152596.0,135757.0,109835.0,308981.7428,283445.1861,258217.3071,9.21089527658369,9.041666666666668,7.280833333333333,7.6438077969278,5.69416666666667,5.00166666666667,111.71526711978368,109.8370240444347,106.06592121610755,0.31123,0.314529,0.303218,113.1573,108.1415,106.1304,-25196.94025,-21557.09712,-13630.436980000002,18529.55820683624,18145.568488327885,17478.185210321713,1.1927823878701993,1.56708747965589,3.347499999999997,2.2791666666666632,0.1187383668735575,0.1240378028388959,0.0900934570502484,0.0171002728059086,0.0211616251513615,0.0989491319937103,0.1054840609304669,0.0279561122847851,30825.610410000056,26552.666100000017,133492.12642000007,112613.78291111114,93012.91100000002,86360.28,77245.86666666667,57739.35,106027.05485,89433.88683333332,72231.75881250002,-2.3379380567496497,-2.7857407407407457,-5.114895833333342,-3.717608869738867,-6.296944444444441,-7.863124999999997,23.699002811959502,24.24528859623392,23.03345898889513,0.0627509,0.0733887777777777,0.0698375,20.632861000000005,17.352289999999996,17.258838749999995,-9633.385642999998,-6659.491681111114,1425.5645162499968,1713.14521468979,1476.8394402015983,910.6381824698548,1.3796708129892172,3.511203703703694,2.748229166666655,-0.050474381662697,-0.0902186097640084,-0.0107786254954586,-0.0612688807222856,0.0043205875815284,-0.071257975080861,-0.0576390025769504,3262.442714285728,,,,,,,,,,,,,,,,,,
1997,AUS,0.0,366159.4058,183868.0,356961.8623,6.95491854388937,5.29024091685076,116.6922458525177,0.25908,116.37432898876403,-16281.49141,19612.09177301113,0,0,0,332779.9595,302816.52700000006,270676.8052,168921.0,152596.0,135757.0,335354.3076,308981.7428,283445.1861,8.20920705749882,9.21089527658369,9.041666666666668,7.01642466962862,7.6438077969278,5.69416666666667,113.17693488270116,111.71526711978368,109.8370240444347,0.29317,0.31123,0.314529,116.1134,113.1573,108.1415,-18418.25472,-25196.94025,-21557.09712,19075.08247877645,18529.55820683624,18145.568488327885,1.6646776270386106,1.1927823878701993,1.56708747965589,3.347499999999997,0.0989491319937102,0.1069818343862224,0.0853531492217345,0.0130838675912598,0.0294407597769356,0.100304857149909,0.1140117739225627,0.0133427465552241,31641.123429999992,30825.610410000056,151319.91106363636,133492.12642000007,112613.78291111114,94834.34545454546,86360.28,77245.86666666667,122760.7964818182,106027.05485,89433.88683333332,-3.127086452493643,-2.3379380567496497,-2.7857407407407457,-4.007027554334515,-3.717608869738867,-6.296944444444441,23.006215773789748,23.699002811959502,24.24528859623392,0.0389862727272727,0.0627509,0.0733887777777777,21.71324636363637,20.632861000000005,17.352289999999996,-1978.937781818182,-9633.385642999998,-6659.491681111114,2102.929012567296,1713.14521468979,1476.8394402015983,0.8799411018408705,1.3796708129892172,3.511203703703694,-0.0652161783762745,-0.0982527172402811,-0.0144410707744267,-0.0591583978647058,0.0121676634489496,-0.0548127093020028,-0.0658480346868502,7127.581685000052,,,,,,,,,,,,,,,,,,
1998,AUS,0.0,401898.5166,202729.0,384572.7590125,5.49297052826401,4.83681458215697,128.2686545348242,0.23754,117.3745567790262,-28407.06774,20377.949762010507,0,0,0,366159.4058,332779.9595,302816.52700000006,183868.0,168921.0,152596.0,356961.8623,335354.3076,308981.7428,6.95491854388937,8.20920705749882,9.21089527658369,5.29024091685076,7.01642466962862,7.6438077969278,116.6922458525177,113.17693488270116,111.71526711978368,0.25908,0.29317,0.31123,116.37432898876403,116.1134,113.1573,-16281.49141,-18418.25472,-25196.94025,19612.09177301113,19075.08247877645,18529.55820683624,0.6561559461070399,1.6646776270386106,1.1927823878701993,1.56708747965589,0.100304857149909,0.0884851498629537,0.0644320177505302,0.0310603125403589,0.0281523969729709,0.0976053331797273,0.1059974520057256,0.0110547583160734,33062.54150999997,31641.123429999992,172089.364775,151319.91106363636,133492.12642000007,101878.48333333334,94834.34545454546,86360.28,134138.28480833332,122760.7964818182,106027.05485,-4.1207844283952895,-3.127086452493643,-2.3379380567496497,-5.399292344251164,-4.007027554334515,-3.717608869738867,24.60434209579049,23.006215773789748,23.699002811959502,0.0016474166666666,0.0389862727272727,0.0627509,20.16473815543073,21.71324636363637,20.632861000000005,322.7370099999989,-1978.937781818182,-9633.385642999998,2464.6942224213635,2102.929012567296,1713.14521468979,1.278507915855876,0.8799411018408705,1.3796708129892172,-0.0579317097313235,-0.1078173365598879,-0.034049377629774,-0.0358039167460879,0.0097731494223532,-0.0573457602886397,-0.0615512194573159,7151.1411844444265,0.249468,0.157739,1.0,,,,0.312827,0.086073,1.0,,,,,,,,,
1999,AUS,0.0,453447.4476,228489.0,420189.243571,6.00931194298328,4.7584499580638,136.58554410582474,0.22588,119.02710704119848,-33767.15669,20970.89428666414,0,0,0,401898.5166,366159.4058,332779.9595,202729.0,183868.0,168921.0,384572.7590125,356961.8623,335354.3076,5.49297052826401,6.95491854388937,8.20920705749882,4.83681458215697,5.29024091685076,7.01642466962862,128.2686545348242,116.6922458525177,113.17693488270116,0.23754,0.25908,0.29317,117.3745567790262,116.37432898876403,116.1134,-28407.06774,-16281.49141,-18418.25472,20377.949762010507,19612.09177301113,19075.08247877645,1.2508619849194806,0.6561559461070399,1.6646776270386106,1.1927823878701993,0.0976053331797272,0.1025790240824939,0.0773497105113574,0.0992046095071084,0.0390502960042896,0.1282635512967207,0.0989531074411155,0.0013497663759091,39774.15751000001,33062.54150999997,194590.8321307692,172089.364775,151319.91106363636,112902.67692307691,101878.48333333334,94834.34545454546,151430.8519201923,134138.28480833332,122760.7964818182,-5.265749026451781,-4.1207844283952895,-3.127086452493643,-5.437388498617942,-5.399292344251164,-4.007027554334515,34.2881090784208,24.60434209579049,23.006215773789748,-0.0200193076923076,0.0016474166666666,0.0389862727272727,19.61383224142897,20.16473815543073,21.71324636363637,-11827.665243846155,322.7370099999989,-1978.937781818182,3040.9603481575614,2464.6942224213635,2102.929012567296,0.1716394721661608,1.278507915855876,0.8799411018408705,-0.055803591223895,-0.0847386842936903,-0.0182942367331323,0.0353240399495021,0.0198566193351424,-0.0591768539179188,-0.0656606459922697,7857.445145999958,,,,,,,0.259073,0.094072,1.0,0.249468,,,,,,0.312827,,
2000,AUS,0.0,501168.72,267210.0,441076.96608717,6.31456933440806,5.97608417817581,150.19367097858657,0.19559,124.3326631460674,-27114.13059,21377.823125181403,0,0,0,453447.4476,401898.5166,366159.4058,228489.0,202729.0,183868.0,420189.243571,384572.7590125,356961.8623,6.00931194298328,5.49297052826401,6.95491854388937,4.7584499580638,4.83681458215697,5.29024091685076,136.58554410582474,128.2686545348242,116.6922458525177,0.22588,0.23754,0.25908,119.02710704119848,117.3745567790262,116.37432898876403,-33767.15669,-28407.06774,-16281.49141,20970.89428666414,20377.949762010507,19612.09177301113,0.3384851562322497,1.2508619849194806,0.6561559461070399,1.6646776270386106,0.1282635512967206,0.1270661819473287,0.0926131238467213,0.0648396102786167,0.0290973592328227,0.1052410210986485,0.108724580542119,0.0169749931083427,45657.68736,39774.15751000001,232240.41797857144,194590.8321307692,172089.364775,130598.2,112902.67692307691,101878.48333333334,176230.84705582145,151430.8519201923,134138.28480833332,-4.373282681271669,-5.265749026451781,-4.1207844283952895,-5.127368229952687,-5.437388498617942,-5.399292344251164,40.15584800096271,34.2881090784208,24.60434209579049,-0.0302493571428571,-0.0200193076923076,0.0016474166666666,19.86539448635631,19.61383224142897,20.16473815543073,-16342.920962142856,-11827.665243846155,322.7370099999989,3416.6934193713714,3040.9603481575614,2464.6942224213635,0.7540855486810187,0.1716394721661608,1.278507915855876,-0.020852789166602,-0.0537331660985717,-0.0016235744182966,-0.0017581931212589,0.0083762503071261,-0.0444739763237555,-0.0445636987604802,13854.7479509091,,,,,,,0.28152299999999997,0.211809,2.0,,0.249468,,,,,0.259073,0.312827,
2001,AUS,0.0,552921.38,302902.0,502184.66369387,5.61526432840721,4.80019007719122,162.67631367390192,0.17177,129.81217191011234,-15885.13698,21662.025668109956,0,0,0,501168.72,453447.4476,401898.5166,267210.0,228489.0,202729.0,441076.96608717,420189.243571,384572.7590125,6.31456933440806,6.00931194298328,5.49297052826401,5.97608417817581,4.7584499580638,4.83681458215697,150.19367097858657,136.58554410582474,128.2686545348242,0.19559,0.22588,0.23754,124.3326631460674,119.02710704119848,117.3745567790262,-27114.13059,-33767.15669,-28407.06774,21377.823125181403,20970.89428666414,20377.949762010507,0.8150742512159894,0.3384851562322497,1.2508619849194806,0.6561559461070399,0.1052410210986486,0.1694654884917873,0.0497102742056284,0.0996307988656429,0.0194044580528946,0.1032639467203779,0.1103699685250321,0.0159596729541756,50078.98626000001,45657.68736,264478.9958466666,232240.41797857144,194590.8321307692,160612.65333333332,130598.2,112902.67692307691,185369.84643493663,176230.84705582145,151430.8519201923,-3.776473111095446,-4.373282681271669,-5.265749026451781,-3.567909461177164,-5.127368229952687,-5.437388498617942,51.08691834032702,40.15584800096271,34.2881090784208,-0.0585227333333333,-0.0302493571428571,-0.0200193076923076,23.84659095880147,19.86539448635631,19.61383224142897,-8600.366797999995,-16342.920962142856,-11827.665243846155,3595.8426965972067,3416.6934193713714,3040.9603481575614,-0.2085636499182801,0.7540855486810187,0.1716394721661608,-0.0423858344242024,-0.007495776261358,-0.0444104544580826,0.0331585806887143,-0.0019149544661681,-0.039407513239015,-0.0421510420869181,18583.715471666656,,,,,,,0.538966,0.099212,1.0,,,0.249468,,,,0.28152299999999997,0.259073,0.312827
2002,AUS,0.0,638061.02,350989.0,537277.23965247,5.84395771110088,4.55083333333333,195.9657969743477,0.15062,133.76959490636705,-28767.20942,22236.935272996816,0,0,0,552921.38,501168.72,453447.4476,302902.0,267210.0,228489.0,502184.66369387,441076.96608717,420189.243571,5.61526432840721,6.31456933440806,6.00931194298328,4.80019007719122,5.97608417817581,4.7584499580638,162.67631367390192,150.19367097858657,136.58554410582474,0.17177,0.19559,0.22588,129.81217191011234,124.3326631460674,119.02710704119848,-15885.13698,-27114.13059,-33767.15669,21662.025668109956,21377.823125181403,20970.89428666414,1.2931243777675503,0.8150742512159894,0.3384851562322497,1.2508619849194806,0.1032639467203779,0.1335728453276449,0.1385420285008111,0.0831103109337744,0.0132942695457977,0.1539814575446512,0.1122561730385824,0.0138979971506201,60559.337719999945,50078.98626000001,299701.71860625,264478.9958466666,232240.41797857144,186266.3625,160612.65333333332,130598.2,234891.92863945317,185369.84643493663,176230.84705582145,-4.239748547652829,-3.776473111095446,-4.373282681271669,-4.520809220838182,-3.567909461177164,-5.127368229952687,60.37662863937193,51.08691834032702,40.15584800096271,-0.0786850624999999,-0.0585227333333333,-0.0302493571428571,27.83568778792133,23.84659095880147,19.86539448635631,3166.149736874997,-8600.366797999995,-16342.920962142856,3655.30507098843,3595.8426965972067,3416.6934193713714,0.281060673185352,-0.2085636499182801,0.7540855486810187,-0.0415371865075262,-0.0428887010080765,0.0473819968009721,0.0144275207109315,-0.0078974793421871,-0.0347064863512494,-0.0412019291699794,21575.49779692308,,,,,,,0.525044,0.194436,2.0,,,,,,,0.538966,0.28152299999999997,0.259073
2003,AUS,0.0,755126.42,419409.0,601112.9571911701,5.36677549770342,4.80916666666667,231.631572023679,0.13208,137.42260074906366,-42875.38879999999,22666.27778851437,0,0,0,638061.02,552921.38,501168.72,350989.0,302902.0,267210.0,537277.23965247,502184.66369387,441076.96608717,5.84395771110088,5.61526432840721,6.31456933440806,4.55083333333333,4.80019007719122,5.97608417817581,195.9657969743477,162.67631367390192,150.19367097858657,0.15062,0.17177,0.19559,133.76959490636705,129.81217191011234,124.3326631460674,-28767.20942,-15885.13698,-27114.13059,22236.935272996816,21662.025668109956,21377.823125181403,0.5576088310367506,1.2931243777675503,0.8150742512159894,0.3384851562322497,0.1539814575446513,0.1587543165776389,0.0698798240879619,0.2046363268790151,0.0265399743170475,0.1834705401687131,0.1208288084545592,0.0287280492209684,84701.274,60559.337719999945,367211.84574705886,299701.71860625,264478.9958466666,223396.5176470588,186266.3625,160612.65333333332,256167.3323251441,234891.92863945317,185369.84643493663,-3.761658191567817,-4.239748547652829,-3.776473111095446,-4.504236010529121,-4.520809220838182,-3.567909461177164,90.11454554926644,60.37662863937193,51.08691834032702,-0.0952065294117647,-0.0786850624999999,-0.0585227333333333,30.155717384886543,27.83568778792133,23.84659095880147,-9902.166805294117,3166.149736874997,-8600.366797999995,4015.196730523032,3655.30507098843,3595.8426965972067,0.7425778189613039,0.281060673185352,-0.2085636499182801,0.0117763984734674,-0.0150266859450777,-0.0242415824119377,0.135051816611739,0.0058418178879493,-0.0238200851785226,-0.0236250818216325,30514.742271428517,0.384898,0.067461,1.0,,,,0.37933150000000004,0.20135000000000003,2.0,,,,,,,0.525044,0.538966,0.28152299999999997
2004,AUS,0.0,865325.92,474827.0,655708.160473812,5.59077450749734,5.25,246.72093839070376,0.11942,140.6407249438202,-54443.49597000001,23322.00788305354,0,0,0,755126.42,638061.02,552921.38,419409.0,350989.0,302902.0,601112.9571911701,537277.23965247,502184.66369387,5.36677549770342,5.84395771110088,5.61526432840721,4.80916666666667,4.55083333333333,4.80019007719122,231.631572023679,195.9657969743477,162.67631367390192,0.13208,0.15062,0.17177,137.42260074906366,133.76959490636705,129.81217191011234,-42875.38879999999,-28767.20942,-15885.13698,22666.27778851437,22236.935272996816,21662.025668109956,0.3407745074973398,0.5576088310367506,1.2931243777675503,0.8150742512159894,0.183470540168713,0.1949348839992136,0.1188133664102192,0.1820000000000001,0.0193076298620573,0.1459351667234738,0.1469053148112474,0.0405688088946947,105427.90200000012,84701.274,463876.58765,367211.84574705886,299701.71860625,279405.6,223396.5176470588,186266.3625,305771.5314013362,256167.3323251441,234891.92863945317,-4.029859394322619,-3.761658191567817,-4.239748547652829,-3.995667343277496,-4.504236010529121,-4.520809220838182,120.77395695697184,90.11454554926644,60.37662863937193,-0.1084572777777777,-0.0952065294117647,-0.0786850624999999,32.13340559508947,30.155717384886543,27.83568778792133,-23460.22580722221,-9902.166805294117,3166.149736874997,4221.472761011526,4015.196730523032,3655.30507098843,-0.0341920510451236,0.7425778189613039,0.281060673185352,0.0405727517755604,0.0220378041791486,0.0261179353463158,0.104471265226151,-0.0017341629133907,0.0037451765018232,-0.0103077545340542,52622.362400000005,,,,,,,0.257818,0.194251,2.0,0.384898,,,,,,0.37933150000000004,0.525044,0.538966
2005,AUS,0.0,985477.6,531848.0,710108.9448927271,5.33997311398556,5.4575,250.24832273624205,0.10891,144.38070711610487,-54844.17966,23764.613687385267,0,0,0,865325.92,755126.42,638061.02,474827.0,419409.0,350989.0,655708.160473812,601112.9571911701,537277.23965247,5.59077450749734,5.36677549770342,5.84395771110088,5.25,4.80916666666667,4.55083333333333,246.72093839070376,231.631572023679,195.9657969743477,0.11942,0.13208,0.15062,140.6407249438202,137.42260074906366,133.76959490636705,-54443.49597000001,-42875.38879999999,-28767.20942,23322.00788305354,22666.27778851437,22236.935272996816,-0.1175268860144393,0.3407745074973398,0.5576088310367506,1.2931243777675503,0.1459351667234739,0.132133549828449,0.0908235342950346,0.0651438240270726,0.0289297652070358,0.1388513590347553,0.1611290548122793,0.0197621399383658,115244.924,105427.90200000012,549661.5304052632,463876.58765,367211.84574705886,320118.0421052632,279405.6,223396.5176470588,344273.4961891709,305771.5314013362,256167.3323251441,-3.593762521669616,-4.029859394322619,-3.761658191567817,-3.344535728719034,-3.995667343277496,-4.504236010529121,129.50679927362964,120.77395695697184,90.11454554926644,-0.1154089999999999,-0.1084572777777777,-0.0952065294117647,33.66029791642025,32.13340559508947,30.155717384886543,-33793.58425052633,-23460.22580722221,-9902.166805294117,4655.020078655354,4221.472761011526,4015.196730523032,-0.2492267929505806,-0.0341920510451236,0.7425778189613039,0.0007833365650124,-0.0419878524460131,-0.0033228931769973,-0.0181888699260069,0.0079843148156649,0.0177486120027479,-0.0305080849883799,70060.09275000011,,,,,,,0.209563,0.27410049999999997,2.0,,0.384898,,,,,0.257818,0.37933150000000004,0.525044
2006,AUS,0.0,1124441.89,588836.0,802491.625485827,5.5878722441858,5.805,269.84490243367674,0.09959,149.51231056179776,-58500.405300000006,24097.573450962896,0,0,0,985477.6,865325.92,755126.42,531848.0,474827.0,419409.0,710108.9448927271,655708.160473812,601112.9571911701,5.33997311398556,5.59077450749734,5.36677549770342,5.4575,5.25,4.80916666666667,250.24832273624205,246.72093839070376,231.631572023679,0.10891,0.11942,0.13208,144.38070711610487,140.6407249438202,137.42260074906366,-54844.17966,-54443.49597000001,-42875.38879999999,23764.613687385267,23322.00788305354,22666.27778851437,-0.2171277558141993,-0.1175268860144393,0.3407745074973398,0.5576088310367506,0.1388513590347553,0.1200879478209958,0.0829649342469754,0.0142970611596506,0.0189780316751088,0.1410121244764977,0.1560856886423141,0.0239790044139635,122809.80900000004,115244.924,642330.1338849999,549661.5304052632,463876.58765,361133.14,320118.0421052632,279405.6,381460.6057986275,344273.4961891709,305771.5314013362,-3.6648757890979136,-3.593762521669616,-4.029859394322619,-2.9698089422830822,-3.344535728719034,-3.995667343277496,126.55884365548644,129.50679927362964,120.77395695697184,-0.12014855,-0.1154089999999999,-0.1084572777777777,35.7172651928839,33.66029791642025,32.13340559508947,-32504.588728,-33793.58425052633,-23460.22580722221,4864.874879054314,4655.020078655354,4221.472761011526,-0.6950668468148308,-0.2492267929505806,-0.0341920510451236,-0.0063416993639699,-0.0518235674826235,-0.0110066041104777,-0.0680783238499549,-0.0023876458118233,0.0117192118326299,-0.0245963269023167,75755.93282352942,,,,,,,0.26072,0.1630125,2.0,,,0.384898,,,,0.209563,0.257818,0.37933150000000004
2007,AUS,0.0,1352075.7899999998,660823.0,984506.232993645,5.99452083739212,6.38752653589776,300.41556676167505,0.09688,153.03485191011234,-72997.1162,24911.57786781549,0,0,0,1124441.89,985477.6,865325.92,588836.0,531848.0,474827.0,802491.625485827,710108.9448927271,655708.160473812,5.5878722441858,5.33997311398556,5.59077450749734,5.805,5.4575,5.25,269.84490243367674,250.24832273624205,246.72093839070376,0.09959,0.10891,0.11942,149.51231056179776,144.38070711610487,140.6407249438202,-58500.405300000006,-54844.17966,-54443.49597000001,24097.573450962896,23764.613687385267,23322.00788305354,-0.3930056985056405,-0.2171277558141993,-0.1175268860144393,0.3407745074973398,0.1410121244764976,0.107150915299108,0.1300964890775397,0.0783085356303833,0.0140107374753738,0.2024416753096949,0.1419328834115756,0.0036305551373153,159921.38999999998,122809.80900000004,750707.2746523811,642330.1338849999,549661.5304052632,400924.32380952383,361133.14,320118.0421052632,455678.4956394118,381460.6057986275,344273.4961891709,-3.242458764178724,-3.6648757890979136,-3.593762521669616,-2.4808894688410312,-2.9698089422830822,-3.344535728719034,140.12881175027894,126.55884365548644,129.50679927362964,-0.1237471904761905,-0.12014855,-0.1154089999999999,39.148046486534696,35.7172651928839,33.66029791642025,-34612.97680952382,-32504.588728,-33793.58425052633,4966.173934105551,4864.874879054314,4655.020078655354,-0.761569295337694,-0.6950668468148308,-0.2492267929505806,-0.0038638489540291,-0.0621694216303802,0.0366752809256103,-0.0006629331867244,-0.0072355577209672,-0.0030503940208785,-0.0436502326577903,79112.15488888891,,,,,,,0.271166,0.2923635,2.0,,,,,,,0.26072,0.209563,0.257818
2008,AUS,0.0,1561969.96,775210.0,1145669.75846472,5.81794393964159,6.67166666666667,313.5452751589564,0.11753,159.68854112359548,-55780.94780000001,25218.3018906546,0,0,0,1352075.7899999998,1124441.89,985477.6,660823.0,588836.0,531848.0,984506.232993645,802491.625485827,710108.9448927271,5.99452083739212,5.5878722441858,5.33997311398556,6.38752653589776,5.805,5.4575,300.41556676167505,269.84490243367674,250.24832273624205,0.09688,0.09959,0.10891,153.03485191011234,149.51231056179776,144.38070711610487,-72997.1162,-58500.405300000006,-54844.17966,24911.57786781549,24097.573450962896,23764.613687385267,-0.8537227270250805,-0.3930056985056405,-0.2171277558141993,-0.1175268860144393,0.2024416753096948,0.1222530551800501,0.2268118466627321,0.1132897603485841,0.0337795180294415,0.1552384648496665,0.1607683862736493,0.0361062943423291,195711.0979999999,159921.38999999998,944218.116713636,750707.2746523811,642330.1338849999,454687.4909090909,400924.32380952383,361133.14,616980.4442545293,455678.4956394118,381460.6057986275,-2.688425681691553,-3.242458764178724,-3.6648757890979136,-1.7855952298141338,-2.4808894688410312,-2.9698089422830822,164.32998463508275,140.12881175027894,126.55884365548644,-0.1208323181818181,-0.1237471904761905,-0.12014855,40.89113117637042,39.148046486534696,35.7172651928839,-47536.37058181819,-34612.97680952382,-32504.588728,5554.443172135165,4966.173934105551,4864.874879054314,-0.9028304518774218,-0.761569295337694,-0.6950668468148308,0.0577496946865027,-0.0441068331003724,0.1316441965619642,0.0343498597784632,0.0128777732007656,0.015937628542239,-0.0089919818198869,112059.93826315788,,,,,,,0.35679380000000005,0.219989,5.0,,,,,,,0.271166,0.26072,0.209563
2009,AUS,0.0,1686967.5,901540.0,1191375.4291331498,5.03951184202271,3.2781746031746,324.32339399254545,0.16654,162.515271835206,-58747.7268,25255.63884313768,0,0,0,1561969.96,1352075.7899999998,1124441.89,775210.0,660823.0,588836.0,1145669.75846472,984506.232993645,802491.625485827,5.81794393964159,5.99452083739212,5.5878722441858,6.67166666666667,6.38752653589776,5.805,313.5452751589564,300.41556676167505,269.84490243367674,0.11753,0.09688,0.09959,159.68854112359548,153.03485191011234,149.51231056179776,-55780.94780000001,-72997.1162,-58500.405300000006,25218.3018906546,24911.57786781549,24097.573450962896,1.7613372388481103,-0.8537227270250805,-0.3930056985056405,-0.2171277558141993,0.1552384648496665,0.1730977886665567,0.163699852850109,0.0437051532941944,0.0123125088449488,0.0800255723227865,0.1662307548786197,0.0321561853918116,189747.0999999999,195711.0979999999,1113059.3251173913,944218.116713636,750707.2746523811,549305.4695652174,454687.4909090909,400924.32380952383,751318.7330188855,616980.4442545293,455678.4956394118,-2.7481145063250603,-2.688425681691553,-3.242458764178724,-1.4238205238359125,-1.7855952298141338,-2.4808894688410312,170.3149110917083,164.32998463508275,140.12881175027894,-0.0949287391304347,-0.1208323181818181,-0.1237471904761905,45.76694512131574,40.89113117637042,39.148046486534696,-28253.403460869573,-47536.37058181819,-34612.97680952382,5619.669665751004,5554.443172135165,4966.173934105551,-1.3242939824891478,-0.9028304518774218,-0.761569295337694,0.0079214981043607,0.0087427564361511,0.0625483756328882,-0.0367961045385839,-0.0091745893110346,0.0206410624547219,-0.0125139011599336,142246.6493499999,,,,0.265641,0.079782,1.0,0.40276449999999997,0.26793449999999996,2.0,,,,,,,0.35679380000000005,0.271166,0.26072
2010,AUS,0.0,1748002.81,995049.0,1313270.69386156,5.36604166666667,4.34604166666667,363.5165533874149,0.20395,167.16850546816477,-47533.2013,25584.48835604182,0,0,0,1686967.5,1561969.96,1352075.7899999998,901540.0,775210.0,660823.0,1191375.4291331498,1145669.75846472,984506.232993645,5.03951184202271,5.81794393964159,5.99452083739212,3.2781746031746,6.67166666666667,6.38752653589776,324.32339399254545,313.5452751589564,300.41556676167505,0.16654,0.11753,0.09688,162.515271835206,159.68854112359548,153.03485191011234,-58747.7268,-55780.94780000001,-72997.1162,25255.63884313768,25218.3018906546,24911.57786781549,1.0200000000000005,1.7613372388481103,-0.8537227270250805,-0.3930056985056405,0.0800255723227865,0.1629622940880535,0.0398942804684648,0.0343749999999998,0.0014805498262719,0.0361804895470718,0.145901904160716,0.0617398096186665,131277.86,189747.0999999999,1191679.3932375,1113059.3251173913,944218.116713636,652747.7416666667,549305.4695652174,454687.4909090909,765719.4564781953,751318.7330188855,616980.4442545293,-3.4120418328470628,-2.7481145063250603,-2.688425681691553,-4.757986732168153,-1.4238205238359125,-1.7855952298141338,173.99657529647618,170.3149110917083,164.32998463508275,-0.041963375,-0.0949287391304347,-0.1208323181818181,46.68671978620475,45.76694512131574,40.89113117637042,-30042.95731666667,-28253.403460869573,-47536.37058181819,5422.853715494461,5619.669665751004,5554.443172135165,1.3459448993210907,-1.3242939824891478,-0.9028304518774218,-0.0676358073835784,-0.001772857987402,-0.0639766913414902,-0.0445264272006661,-0.0196076531422752,-0.00062601837476,0.0176385367560091,129509.00138095228,,,,,,,0.227916,0.21911360000000002,5.0,,,,0.265641,,,0.40276449999999997,0.35679380000000005,0.271166
2011,AUS,0.0,1845646.69,1065010.0,1416981.40874794,4.87958333333334,4.69270833333333,354.11019513264625,0.24069,172.77847872659174,-43589.3974,25883.527952005992,0,0,0,1748002.81,1686967.5,1561969.96,995049.0,901540.0,775210.0,1313270.69386156,1191375.4291331498,1145669.75846472,5.36604166666667,5.03951184202271,5.81794393964159,4.34604166666667,3.2781746031746,6.67166666666667,363.5165533874149,324.32339399254545,313.5452751589564,0.20395,0.16654,0.11753,167.16850546816477,162.515271835206,159.68854112359548,-47533.2013,-58747.7268,-55780.94780000001,25584.48835604182,25255.63884313768,25218.3018906546,0.1868750000000094,1.0200000000000005,1.7613372388481103,-0.8537227270250805,0.0361804895470719,0.1037214100317235,0.1023147378631954,0.1208459214501509,0.0130208352656061,0.0558602534511942,0.0904815089065083,0.0602137470032419,91206.55000000012,131277.86,1205047.527508,1191679.3932375,1113059.3251173913,720146.8319999999,652747.7416666667,549305.4695652174,856985.9429474776,765719.4564781953,751318.7330188855,-2.94903033488922,-3.4120418328470628,-2.7481145063250603,-3.499800199389358,-4.757986732168153,-1.4238205238359125,206.22987167948665,173.99657529647618,170.3149110917083,-0.0028748399999999,-0.041963375,-0.0949287391304347,49.47248462771533,46.68671978620475,45.76694512131574,-17626.713524,-30042.95731666667,-28253.403460869573,5534.78907977882,5422.853715494461,5619.669665751004,0.5507698645001373,1.3459448993210907,-1.3242939824891478,-0.1086627315183106,-0.0609398729609237,0.0011094615258024,0.0437997620495126,-0.0072503821553461,-0.0560191954387607,0.0153455812381493,65152.988590909066,0.132142,0.14098,1.0,,,,0.2555253333333333,0.19835499999999998,6.0,,,,,0.265641,,0.227916,0.40276449999999997,0.35679380000000005
2012,AUS,0.0,1932023.94,1136656.0,1516300.58263611,3.37916666666667,3.69666666666667,351.3666739750055,0.27536,175.69218576779022,-64416.801600000006,26390.436830679035,0,0,0,1845646.69,1748002.81,1686967.5,1065010.0,995049.0,901540.0,1416981.40874794,1313270.69386156,1191375.4291331498,4.87958333333334,5.36604166666667,5.03951184202271,4.69270833333333,4.34604166666667,3.2781746031746,354.11019513264625,363.5165533874149,324.32339399254545,0.24069,0.20395,0.16654,172.77847872659174,167.16850546816477,162.515271835206,-43589.3974,-47533.2013,-58747.7268,25883.527952005992,25584.48835604182,25255.63884313768,-0.3174999999999999,0.1868750000000094,1.0200000000000005,1.7613372388481103,0.0558602534511943,0.0703091003558618,0.0789713159450984,-0.0258760107816711,0.011688316444036,0.0468005336384287,0.0573554384403508,0.0219607491793011,83281.32000000011,91206.55000000012,1256343.4256807691,1205047.527508,1191679.3932375,762409.8769230769,720146.8319999999,652747.7416666667,927735.6600281852,856985.9429474776,765719.4564781953,-3.3220644245729645,-2.94903033488922,-3.4120418328470628,-3.0185258327461826,-3.499800199389358,-4.757986732168153,188.89159528319925,206.22987167948665,173.99657529647618,0.0339757307692307,-0.0028748399999999,-0.041963375,53.17967001584556,49.47248462771533,46.68671978620475,-13004.959103846157,-17626.713524,-30042.95731666667,5620.952172674577,5534.78907977882,5422.853715494461,-0.3035385918267821,0.5507698645001373,1.3459448993210907,-0.0846364583534558,-0.0919145877183484,-0.0222783388533266,-0.1046741606642899,-0.0082928856907024,-0.0868111327616365,-0.0235468158040477,22248.939956521863,0.156187,0.16343649999999998,2.0,,,,0.315879,0.263218,2.0,0.132142,,,,,0.265641,0.2555253333333333,0.227916,0.40276449999999997
2013,AUS,0.0,2110197.0,1213806.0000000002,1620778.0,3.69666666666667,2.7375,374.6458060405584,0.30497,180.04100224719096,-51973.3673,26525.71368012829,0,0,0,1932023.94,1845646.69,1748002.81,1136656.0,1065010.0,995049.0,1516300.58263611,1416981.40874794,1313270.69386156,3.37916666666667,4.87958333333334,5.36604166666667,3.69666666666667,4.69270833333333,4.34604166666667,351.3666739750055,354.11019513264625,363.5165533874149,0.27536,0.24069,0.20395,175.69218576779022,172.77847872659174,167.16850546816477,-64416.801600000006,-43589.3974,-47533.2013,26390.436830679035,25883.527952005992,25584.48835604182,0.95916666666667,-0.3174999999999999,0.1868750000000094,1.0200000000000005,0.0468005336384288,0.0672726077689411,0.0700920797372561,-0.0077476480354175,0.019584226679337,0.0922209380076317,0.0462804255455649,0.009850185843511,117295.98200000008,83281.32000000011,1296189.4376925924,1256343.4256807691,1205047.527508,805818.4740740741,762409.8769230769,720146.8319999999,992694.2539153117,927735.6600281852,856985.9429474776,-4.699441668107303,-3.3220644245729645,-2.94903033488922,-3.9027702463481706,-3.0185258327461826,-3.499800199389358,179.1520891150696,188.89159528319925,206.22987167948665,0.0673873703703703,0.0339757307692307,-0.0028748399999999,54.123759649049774,53.17967001584556,49.47248462771533,-33350.69815185186,-13004.959103846157,-17626.713524,5919.677637544861,5620.952172674577,5534.78907977882,-0.7966714217591329,-0.3035385918267821,0.5507698645001373,-0.0904409297680115,-0.0914159038545634,-0.0303007158745025,-0.0825198686617174,-7.801831345134388e-05,-0.0944137003459569,-0.0347155065076758,13396.67079166678,0.098919,0.099871,1.0,,,,0.115624,0.11123,2.0,0.156187,0.132142,,,,,0.315879,0.2555253333333333,0.227916
2014,AUS,0.0,2298228.4000000004,1309261.3,1736405.0,3.65541666666667,2.5,408.502026324842,0.34027,184.5202832209737,-49074.871,26813.654579488142,0,0,0,2110197.0,1932023.94,1845646.69,1213806.0000000002,1136656.0,1065010.0,1620778.0,1516300.58263611,1416981.40874794,3.69666666666667,3.37916666666667,4.87958333333334,2.7375,3.69666666666667,4.69270833333333,374.6458060405584,351.3666739750055,354.11019513264625,0.30497,0.27536,0.24069,180.04100224719096,175.69218576779022,172.77847872659174,-51973.3673,-64416.801600000006,-43589.3974,26525.71368012829,26390.436830679035,25883.527952005992,1.15541666666667,0.95916666666667,-0.3174999999999999,0.1868750000000094,0.0922209380076316,0.0678745372390593,0.0689028406110973,0.0662531019296634,0.0051259799266374,0.0891060881993484,0.0649605750324182,0.0240388263633388,153591.8190000002,117295.98200000008,1428070.017775,1296189.4376925924,1256343.4256807691,854189.242857143,805818.4740740741,762409.8769230769,1061718.3050679404,992694.2539153117,927735.6600281852,-4.2141044656748985,-4.699441668107303,-3.3220644245729645,-4.7225522613595485,-3.9027702463481706,-3.0185258327461826,196.03293228365567,179.1520891150696,188.89159528319925,0.0945906785714285,0.0673873703703703,0.0339757307692307,56.53958471241302,54.123759649049774,53.17967001584556,-19716.16748928571,-33350.69815185186,-13004.959103846157,5843.537428510368,5919.677637544861,5620.952172674577,0.508447795684649,-0.7966714217591329,-0.3035385918267821,-0.0416708613333266,-0.0874282001676095,-0.0303677062645686,-0.005462827264721,-0.014533375498986,-0.0721022546919514,-0.0191916541990912,46875.46596000008,0.18999649999999998,0.36421899999999996,2.0,,,,0.41759749999999995,0.214919,2.0,0.098919,0.156187,0.132142,,,,0.115624,0.315879,0.2555253333333333
2015,AUS,0.0,2504150.4000000004,1409386.1,1838907.0,2.71020833333333,2.10916666666667,445.47658268794106,0.37699,187.26003760299625,-75024.028,27043.29298405261,0,0,0,2298228.4000000004,2110197.0,1932023.94,1309261.3,1213806.0000000002,1136656.0,1736405.0,1620778.0,1516300.58263611,3.65541666666667,3.69666666666667,3.37916666666667,2.5,2.7375,3.69666666666667,408.502026324842,374.6458060405584,351.3666739750055,0.34027,0.30497,0.27536,184.5202832209737,180.04100224719096,175.69218576779022,-49074.871,-51973.3673,-64416.801600000006,26813.654579488142,26525.71368012829,26390.436830679035,0.60104166666666,1.15541666666667,0.95916666666667,-0.3174999999999999,0.0891060881993483,0.0786413150042097,0.071340430336542,0.090368608799049,0.0108551612534203,0.089600319968198,0.0760425199484696,0.0253721480141022,190441.07800000036,153591.8190000002,1566857.624058621,1428070.017775,1296189.4376925924,920189.7413793104,854189.242857143,805818.4740740741,1140734.329031115,1061718.3050679404,992694.2539153117,-4.110040518582661,-4.2141044656748985,-4.699441668107303,-4.797205631657495,-4.7225522613595485,-3.9027702463481706,223.129396282296,196.03293228365567,179.1520891150696,0.1266289310344827,0.0945906785714285,0.0673873703703703,59.06922483404362,56.53958471241302,54.123759649049774,-16137.803344827582,-19716.16748928571,-33350.69815185186,5929.977037231929,5843.537428510368,5919.677637544861,0.6871651130748335,0.508447795684649,-0.7966714217591329,-0.0432974660939911,-0.0735389866821873,-0.0268455556011036,0.0188477805784045,-0.0082851450472393,-0.0583498558984204,-0.0171475305409541,81368.4004230771,0.038491,0.074676,1.0,0.038491,0.074676,1.0,0.2489805,0.329802,4.0,0.18999649999999998,0.098919,0.156187,,,,0.41759749999999995,0.115624,0.315879
2016,AUS,0.0,2667510.0,1516309.5999999996,1961535.0,2.33354166666667,1.7325,469.97779473577776,0.40508,189.65188666666663,-54421.4667,27319.882367187696,0,0,0,2504150.4000000004,2298228.4000000004,2110197.0,1409386.1,1309261.3,1213806.0000000002,1838907.0,1736405.0,1620778.0,2.71020833333333,3.65541666666667,3.69666666666667,2.10916666666667,2.5,2.7375,445.47658268794106,408.502026324842,374.6458060405584,0.37699,0.34027,0.30497,187.26003760299625,184.5202832209737,180.04100224719096,-75024.028,-49074.871,-51973.3673,27043.29298405261,26813.654579488142,26525.71368012829,0.6010416666666702,0.60104166666666,1.15541666666667,0.95916666666667,0.0896003199681981,0.0764742683526963,0.0590311592053697,0.0905125408942203,0.0085642337147184,0.0652355385682903,0.090309115391726,0.0016740267460105,187786.1,190441.07800000036,1720551.0365900004,1566857.624058621,1428070.017775,989641.55,920189.7413793104,854189.242857143,1205211.8513967444,1140734.329031115,1061718.3050679404,-4.9182475012965785,-4.110040518582661,-4.2141044656748985,-5.028132110602241,-4.797205631657495,-4.7225522613595485,252.6663061026519,223.129396282296,196.03293228365567,0.1591279666666666,0.1266289310344827,0.0945906785714285,59.84000505493131,59.06922483404362,56.53958471241302,-41549.03356666667,-16137.803344827582,-19716.16748928571,5961.949540555335,5929.977037231929,5843.537428510368,0.1098846093056624,0.6871651130748335,0.508447795684649,-0.0413102182529348,-0.0731702062067288,-0.0382291179184448,0.018341789205355,-0.0102903779291399,-0.0419993370302203,-0.0402332400040118,115204.01496296328,0.383048,0.182456,1.0,,,,0.46062949999999997,0.2944595,2.0,0.038491,0.18999649999999998,0.098919,0.038491,,,0.2489805,0.41759749999999995,0.115624
2017,AUS,0.0,2764799.7,1600576.2000000002,2049361.0,2.63916666666667,1.74,509.1797340123165,0.41074,193.43535700374525,-45554.5629,27547.33906570701,0,0,0,2667510.0,2504150.4000000004,2298228.4000000004,1516309.5999999996,1409386.1,1309261.3,1961535.0,1838907.0,1736405.0,2.33354166666667,2.71020833333333,3.65541666666667,1.7325,2.10916666666667,2.5,469.97779473577776,445.47658268794106,408.502026324842,0.40508,0.37699,0.34027,189.65188666666663,187.26003760299625,184.5202832209737,-54421.4667,-75024.028,-49074.871,27319.882367187696,27043.29298405261,26813.654579488142,0.8991666666666702,0.6010416666666702,0.60104166666666,1.15541666666667,0.0652355385682903,0.0758653005021118,0.0666852646708071,0.0549999999999998,0.010227651761869,0.0364721031973638,0.0813139822452789,0.013926533293175,156307.34999999998,187786.1,1828408.9902483872,1720551.0365900004,1566857.624058621,1064641.1290322577,989641.55,920189.7413793104,1288962.0497387848,1205211.8513967444,1140734.329031115,-5.136261022760124,-4.9182475012965785,-4.110040518582661,-5.242600967249484,-5.028132110602241,-4.797205631657495,269.01699214717723,252.6663061026519,223.129396282296,0.1820848064516129,0.1591279666666666,0.1266289310344827,60.30153137489424,59.84000505493131,59.06922483404362,-19606.18086129032,-41549.03356666667,-16137.803344827582,6046.217970769285,5961.949540555335,5929.977037231929,0.1063399444893609,0.1098846093056624,0.6871651130748335,-0.0642979923777448,-0.0713401671837555,-0.0293007085223925,-0.0177821446623772,-0.0082839472843513,-0.0495462171756254,-0.0265933803532606,108434.6078571428,,,,,,,0.1131295,0.282205,2.0,0.383048,0.038491,0.18999649999999998,,0.038491,,0.46062949999999997,0.2489805,0.41759749999999995
2018,AUS,0.0,2886285.6999999997,1667654.7999999998,2098891.0,2.684167,1.5,501.8544003414463,0.4164,197.1753391760299,-38671.8752,27883.914290433742,0,0,0,2764799.7,2667510.0,2504150.4000000004,1600576.2000000002,1516309.5999999996,1409386.1,2049361.0,1961535.0,1838907.0,2.63916666666667,2.33354166666667,2.71020833333333,1.74,1.7325,2.10916666666667,509.1797340123165,469.97779473577776,445.47658268794106,0.41074,0.40508,0.37699,193.43535700374525,189.65188666666663,187.26003760299625,-45554.5629,-54421.4667,-75024.028,27547.33906570701,27319.882367187696,27043.29298405261,1.184167,0.8991666666666702,0.6010416666666702,0.60104166666666,0.0364721031973639,0.0555734791892108,0.0447741182288359,0.0834123222748814,0.0083256836710432,0.0439402536104149,0.0637693205779507,0.0265944392817106,124369.55999999998,156307.34999999998,1868560.9093031248,1828408.9902483872,1720551.0365900004,1115637.69375,1064641.1290322577,989641.55,1336507.9856844477,1288962.0497387848,1205211.8513967444,-4.67012786579887,-5.136261022760124,-4.9182475012965785,-5.071269687022938,-5.242600967249484,-5.028132110602241,299.81215041911673,269.01699214717723,252.6663061026519,0.18205465625,0.1820848064516129,0.1591279666666666,62.20057885650744,60.30153137489424,59.84000505493131,-10126.583909375004,-19606.18086129032,-41549.03356666667,6084.7303577020575,6046.217970769285,5961.949540555335,0.4011418212240684,0.1063399444893609,0.1098846093056624,-0.0909872989622923,-0.0893306927810516,-0.0502666708184801,0.0112037951822584,-0.0099186912692303,-0.0654393382704327,-0.0130390283529497,73216.73344827582,0.36115600000000003,0.2092765,2.0,0.077488,0.099665,1.0,0.145155,0.173136,4.0,,0.383048,0.038491,,,0.038491,0.1131295,0.46062949999999997,0.2489805
2019,AUS,0.0,2984482.2,1742405.1999999995,2149081.0,1.493333,1.1716666666666666,481.4530453930816,0.4660499999999999,200.2629988764044,13824.9744,27986.814400679978,0,0,0,2886285.6999999997,2764799.7,2667510.0,1667654.7999999998,1600576.2000000002,1516309.5999999996,2098891.0,2049361.0,1961535.0,2.684167,2.63916666666667,2.33354166666667,1.5,1.74,1.7325,501.8544003414463,509.1797340123165,469.97779473577776,0.4164,0.41074,0.40508,197.1753391760299,193.43535700374525,189.65188666666663,-38671.8752,-45554.5629,-54421.4667,27883.914290433742,27547.33906570701,27319.882367187696,0.3216663333333334,1.184167,0.8991666666666702,0.6010416666666702,0.0439402536104149,0.0419090325096672,0.0241685091108888,-0.0143865381545077,0.0122180666497013,0.0340217532865858,0.0485492984586897,0.0149253567593686,107240.2599999998,124369.55999999998,1933423.8514454537,1868560.9093031248,1828408.9902483872,1148909.0909090908,1115637.69375,1064641.1290322577,1345537.74369401,1336507.9856844477,1288962.0497387848,-4.48360850622921,-4.67012786579887,-5.136261022760124,-5.157594848022242,-5.071269687022938,-5.242600967249484,283.4016000688793,299.81215041911673,269.01699214717723,0.1821978484848484,0.18205465625,0.1820848064516129,64.05569500283727,62.20057885650744,60.30153137489424,-2937.030030303031,-10126.583909375004,-19606.18086129032,6236.919814013574,6084.7303577020575,6046.217970769285,0.6739863417930324,0.4011418212240684,0.1063399444893609,-0.0806757954566697,-0.1002035553111874,-0.0693014464733497,-0.0869451838465763,-0.0057163491884087,-0.0785484139938734,-0.0242874970574546,38838.38566666663,,,,,,,0.389473,0.21590874999999998,4.0,0.36115600000000003,,0.383048,0.077488,,,0.145155,0.1131295,0.46062949999999997
2020,AUS,0.0,3032807.500000001,1800721.0000000002,2422093.0,0.9208333,0.3241666666666666,507.4347054531415,0.57332,202.0460136329588,52900.646400000005,27183.90781478999,0,0,0,2984482.2,2886285.6999999997,2764799.7,1742405.1999999995,1667654.7999999998,1600576.2000000002,2149081.0,2098891.0,2049361.0,1.493333,2.684167,2.63916666666667,1.1716666666666666,1.5,1.74,481.4530453930816,501.8544003414463,509.1797340123165,0.4660499999999999,0.4164,0.41074,200.2629988764044,197.1753391760299,193.43535700374525,13824.9744,-38671.8752,-45554.5629,27986.814400679978,27883.914290433742,27547.33906570701,0.5966666333333333,0.3216663333333334,1.184167,0.8991666666666702,0.0340217532865859,0.044823664945527,0.0239126281450537,-0.0406519399540667,0.0036903036343623,0.0161921890504157,0.0381447033647882,0.005166464522138,90221.99000000038,107240.2599999998,1974754.9440500005,1933423.8514454537,1868560.9093031248,1189868.0470588233,1148909.0909090908,1115637.69375,1356153.104173598,1345537.74369401,1336507.9856844477,-5.542571667810705,-4.48360850622921,-4.67012786579887,-5.334234215237275,-5.157594848022242,-5.071269687022938,254.66490394201816,283.4016000688793,299.81215041911673,0.2264890882352941,0.1821978484848484,0.18205465625,65.25936367371662,64.05569500283727,62.20057885650744,49646.20280588235,-2937.030030303031,-10126.583909375004,6156.381106200588,6236.919814013574,6084.7303577020575,-0.2083374525734292,0.6739863417930324,0.4011418212240684,-0.0881495747060542,-0.0942524515022612,-0.067457283606659,-0.11057588310533,-0.0140708895010687,-0.0864983711504663,-0.0332874050116398,20456.234516128825,,,,,,,0.49672099999999997,0.202168,3.0,,0.36115600000000003,,,0.077488,,0.389473,0.145155,0.1131295
1989,BEL,0.0,5133292.5,1565600.0,5148097.5,8.53916666666667,8.68,90.5068420319186,1.228,96.66525662718556,139565.50108216002,16743.919642548975,0,0,0,4387972.5,3855163.25,3556325.25,1407000.0,1296700.0,1208000.0,4535495.5,4212817.0,3815912.5,8.0075,8.18416666666667,8.62583333333333,6.72,7.090000000000001,8.1,80.4010543874179,74.92458068518576,70.71508348804298,1.26,1.256,1.211,93.75352509870277,92.67484489565707,91.25775521714608,129971.96287992,102782.590724413,134377.9755057,16251.719951436666,15540.921156612834,15195.400433997853,-0.1408333333333296,1.2875000000000003,1.094166666666669,0.5258333333333312,0.1382066634921361,0.0850620806663067,0.0765944734841318,0.0730931511681447,0.0457372370441103,0.1698552121737317,0.0874460340094354,0.0491417401431943,526371.1000000001,320512.5500000002,777739.6666666665,367395.625,137115.25,190433.33333333328,120200.0,63000.0,731886.5833333335,613812.125,433815.25,-1.2524999999999995,-1.613749999999996,-2.34416666666667,-1.5366666666666662,-1.7499999999999991,-1.4800000000000004,9.369963110586966,5.840234112532244,3.261473830778911,0.0510000000000001,0.0705,0.0510000000000001,2.41351757849219,2.002256063169781,1.1703327693175396,37867.10352863565,16016.597059693013,95223.96368195998,1013.8196753700996,454.5313208194039,218.02119640884305,0.2841666666666669,0.1362500000000031,-0.8641666666666694,0.076140944224051,0.0208375874767986,-0.0395460847422643,0.0191536848605721,0.0270896340952803,0.0253803147413503,0.0180795607221936,87980.02603987372,,,,,,,,,,,,,,,,,,
1990,BEL,0.0,5592078.5,1682100.0,5440884.5,10.0066666666667,9.67,100.0,1.266,100.0,119263.78886679,17196.977524021222,0,0,0,5133292.5,4387972.5,3855163.25,1565600.0,1407000.0,1296700.0,5148097.5,4535495.5,4212817.0,8.53916666666667,8.0075,8.18416666666667,8.68,6.72,7.090000000000001,90.5068420319186,80.4010543874179,74.92458068518576,1.228,1.26,1.256,96.66525662718556,93.75352509870277,92.67484489565707,139565.50108216002,129971.96287992,102782.590724413,16743.919642548975,16251.719951436666,15540.921156612834,0.3366666666666997,-0.1408333333333296,1.2875000000000003,1.094166666666669,0.1698552121737317,0.1127221037668798,0.1350683734555574,0.1256922278133976,0.0302860061939966,0.0893746070382703,0.1306972908803253,0.0434025909219689,595606.5750000001,526371.1000000001,1328624.75,777739.6666666665,367395.625,301425.0,190433.33333333328,120200.0,1161516.9375,731886.5833333335,613812.125,-0.4077083333333302,-1.2524999999999995,-1.613749999999996,0.8074999999999992,-1.5366666666666662,-1.7499999999999991,17.13325997744093,9.369963110586966,5.840234112532244,0.0062499999999998,0.0510000000000001,0.0705,4.721869712351946,2.41351757849219,2.002256063169781,37993.86584871677,37867.10352863565,16016.597059693013,1252.5644476398847,1013.8196753700996,454.5313208194039,-1.21520833333333,0.2841666666666669,0.1362500000000031,0.0824091781642962,0.0415517480851055,0.0321098434765826,0.0653681998856343,0.0026085252134064,0.055941414241565,0.0033006311398714,205858.54999999987,,,,,,,,,,,,,,,,,,
1991,BEL,0.0,6068331.0,1532200.0,5638590.0,9.28583333333333,9.31,105.27542016775789,1.28,103.20783981951494,159458.46119280002,17450.630666830595,0,0,0,5592078.5,5133292.5,4387972.5,1682100.0,1565600.0,1407000.0,5440884.5,5148097.5,4535495.5,10.0066666666667,8.53916666666667,8.0075,9.67,8.68,6.72,100.0,90.5068420319186,80.4010543874179,1.266,1.228,1.26,100.0,96.66525662718556,93.75352509870277,119263.78886679,139565.50108216002,129971.96287992,17196.977524021222,16743.919642548975,16251.719951436666,-0.0241666666666713,0.3366666666666997,-0.1408333333333296,1.2875000000000003,0.0893746070382702,0.0744123658661216,0.056872854486536,0.1048888432626285,0.027058053976857,0.0851655605335297,0.1324788275680461,0.040544889061662,549986.1500000003,595606.5750000001,1521685.7999999998,1328624.75,777739.6666666665,357640.0,301425.0,190433.33333333328,1222000.5499999998,1161516.9375,731886.5833333335,1.1413333333333655,-0.4077083333333302,-1.2524999999999995,1.6359999999999992,0.8074999999999992,-1.5366666666666662,23.19976595003413,17.13325997744093,9.369963110586966,0.0429999999999999,0.0062499999999998,0.0510000000000001,7.112239142695998,4.721869712351946,2.41351757849219,10093.380463603404,37993.86584871677,37867.10352863565,1455.1094395841535,1252.5644476398847,1013.8196753700996,-0.4946666666666346,-1.21520833333333,0.2841666666666669,-0.0186737215122392,-0.007145926836929,-0.0541131363615843,0.0282227653634566,-0.0012715583070847,0.0390758128487641,-0.0006572811003925,172164.74999999988,,,,,,,,,,,,,,,,,,
1992,BEL,0.0,6028640.0,1624810.5,6065104.0,8.65333333333333,9.36,113.66086747299576,1.296,105.71771009588268,210355.425167722,17645.197608509978,0,0,0,6068331.0,5592078.5,5133292.5,1532200.0,1682100.0,1565600.0,5638590.0,5440884.5,5148097.5,9.28583333333333,10.0066666666667,8.53916666666667,9.31,9.67,8.68,105.27542016775789,100.0,90.5068420319186,1.28,1.266,1.228,103.20783981951494,100.0,96.66525662718556,159458.46119280002,119263.78886679,139565.50108216002,17450.630666830595,17196.977524021222,16743.919642548975,-0.7066666666666688,-0.0241666666666713,0.3366666666666997,-0.1408333333333296,0.0851655605335297,-0.0891147969799655,0.0363370146894314,0.0527542016775787,0.0147498676703544,-0.0065406781535153,0.1147984599151773,0.0477269682157231,316229.5000000004,549986.1500000003,1744324.0,1521685.7999999998,1328624.75,148133.33333333326,357640.0,301425.0,1216039.291666667,1222000.5499999998,1161516.9375,0.2302777777777667,1.1413333333333655,-0.4077083333333302,1.003333333333334,1.6359999999999992,0.8074999999999992,24.60855845945298,23.19976595003413,17.13325997744093,0.0498333333333333,0.0429999999999999,0.0062499999999998,9.134705771761617,7.112239142695998,4.721869712351946,48605.8227123462,10093.380463603404,37993.86584871677,1466.2443424628343,1455.1094395841535,1252.5644476398847,-0.7730555555555666,-0.4946666666666346,-1.21520833333333,-0.0191480237145319,-0.1692439043156304,-0.063826348886372,-0.0295564292942845,-0.0133254329521703,0.0116264919837042,0.0066891183287666,69156.07500000007,,,,,,,,,,,,,,,,,,
1993,BEL,0.0,6133003.0,1749259.125,6898486.0,7.22833333333333,8.16,120.58894888494169,1.352,108.62239142695996,382536.538163892,17406.492335973773,0,0,0,6028640.0,6068331.0,5592078.5,1624810.5,1532200.0,1682100.0,6065104.0,5638590.0,5440884.5,8.65333333333333,9.28583333333333,10.0066666666667,9.36,9.31,9.67,113.66086747299576,105.27542016775789,100.0,1.296,1.28,1.266,105.71771009588268,103.20783981951494,100.0,210355.425167722,159458.46119280002,119263.78886679,17645.197608509978,17450.630666830595,17196.977524021222,-0.9316666666666702,-0.7066666666666688,-0.0241666666666713,0.3366666666666997,-0.0065406781535153,0.06044282730714,0.0756419601354239,0.0796524705565225,0.011149565044042,0.0173112011996072,0.0559998298060949,0.0542025402541645,158308.25000000067,316229.5000000004,1455443.8571428573,1744324.0,1521685.7999999998,219581.92857142864,148133.33333333326,357640.0,1468833.3928571427,1216039.291666667,1222000.5499999998,-0.4351190476190556,0.2302777777777667,1.1413333333333655,0.91,1.003333333333334,1.6359999999999992,29.478497413340435,24.60855845945298,23.19976595003413,0.0587142857142857,0.0498333333333333,0.0429999999999999,10.339618080734825,9.134705771761617,7.112239142695998,92559.09772836156,48605.8227123462,10093.380463603404,1451.3478066475272,1466.2443424628343,1455.1094395841535,-1.3451190476190544,-0.7730555555555666,-0.4946666666666346,-0.1076629251158217,0.0085210373574135,-0.0138836786259842,0.0022679111337067,-0.0147048300864543,-0.0494974365221189,0.0118268667014546,-181889.59374999977,,,,,,,,,,,,,,,,,,
1994,BEL,0.0,6329452.0,1891658.875,6528286.5,7.75083333333333,5.68,129.66005436102157,1.332,111.2098138747885,413851.2294496,17901.66760348556,0,0,0,6133003.0,6028640.0,6068331.0,1749259.125,1624810.5,1532200.0,6898486.0,6065104.0,5638590.0,7.22833333333333,8.65333333333333,9.28583333333333,8.16,9.36,9.31,120.58894888494169,113.66086747299576,105.27542016775789,1.352,1.296,1.28,108.62239142695996,105.71771009588268,103.20783981951494,382536.538163892,210355.425167722,159458.46119280002,17406.492335973773,17645.197608509978,17450.630666830595,2.07083333333333,-0.9316666666666702,-0.7066666666666688,-0.0241666666666713,0.0173112011996072,0.0765927011180688,0.1374060527239104,0.0609539726906619,-0.0135280588992146,0.0320314534331713,0.0319786945265405,0.0475800386076245,88772.59999999948,158308.25000000067,1377876.375,1455443.8571428573,1744324.0,316582.8125,219581.92857142864,148133.33333333326,2118611.21875,1468833.3928571427,1216039.291666667,-1.8057291666666744,-0.4351190476190556,0.2302777777777667,-0.4037500000000005,0.91,1.003333333333334,32.72176664861881,29.478497413340435,24.60855845945298,0.1073749999999997,0.0587142857142857,0.0498333333333333,11.951847151720244,10.339618080734825,9.134705771761617,253170.32350848636,92559.09772836156,48605.8227123462,1031.2240582803825,1451.3478066475272,1466.2443424628343,-1.401979166666674,-1.3451190476190544,-0.7730555555555666,-0.0684306278890103,0.0234536201172832,0.0498637966233571,-0.0167545740369691,-0.0372817640173604,-0.0652689990479868,0.0032332206046722,-303432.92499999946,,,,,,,,,,,,,,,,,,
1995,BEL,0.0,6455514.0,1972701.75,6523002.0,7.48083333333333,4.78,136.15332460767308,1.3130000000000002,112.84545967287085,445384.915967433,18269.833173485003,0,0,0,6329452.0,6133003.0,6028640.0,1891658.875,1749259.125,1624810.5,6528286.5,6898486.0,6065104.0,7.75083333333333,7.22833333333333,8.65333333333333,5.68,8.16,9.36,129.66005436102157,120.58894888494169,113.66086747299576,1.332,1.352,1.296,111.2098138747885,108.62239142695996,105.71771009588268,413851.2294496,382536.538163892,210355.425167722,17901.66760348556,17406.492335973773,17645.197608509978,2.70083333333333,2.07083333333333,-0.9316666666666702,-0.7066666666666688,0.0320314534331713,0.0814057494197722,-0.0536638763925881,0.0752233563685422,0.0284477342105516,0.0199167321278366,0.0142673254930877,0.0194653851303467,147707.10000000062,88772.59999999948,1421228.0,1377876.375,1455443.8571428573,423806.6944444445,316582.8125,219581.92857142864,1513010.472222222,2118611.21875,1468833.3928571427,-1.0825925925926,-1.8057291666666744,-0.4351190476190556,-2.838888888888889,-0.4037500000000005,0.91,38.15712027485216,32.72176664861881,29.478497413340435,0.0754444444444444,0.1073749999999997,0.0587142857142857,13.211286582690988,11.951847151720244,10.339618080734825,256354.978848807,253170.32350848636,92559.09772836156,1411.818874872126,1031.2240582803825,1451.3478066475272,1.75629629629629,-1.401979166666674,-1.3451190476190544,-0.0451565471693199,0.0253349659043262,-0.1474391070710611,-0.0003908686044676,0.0093542495945758,-0.0736562253602986,-0.0253433215304158,-322396.4208333342,,,,,,,,,,,,,,,,,,
1996,BEL,0.0,6776861.0,2081821.25,7241012.0,6.4925,3.21,139.6349285071443,1.29,115.17202481669489,420072.19468623,18487.356726099893,0,0,0,6455514.0,6329452.0,6133003.0,1972701.75,1891658.875,1749259.125,6523002.0,6528286.5,6898486.0,7.48083333333333,7.75083333333333,7.22833333333333,4.78,5.68,8.16,136.15332460767308,129.66005436102157,120.58894888494169,1.3130000000000002,1.332,1.352,112.84545967287085,111.2098138747885,108.62239142695996,445384.915967433,413851.2294496,382536.538163892,18269.833173485003,17901.66760348556,17406.492335973773,3.2825,2.70083333333333,2.07083333333333,-0.9316666666666702,0.0199167321278366,0.0428422249228207,-0.0008094773414126,0.0500791880633633,0.0205659929652453,0.049778685322346,0.0230864622535384,0.0078553706632643,205763.5999999999,147707.10000000062,1405167.2000000002,1421228.0,1377876.375,462468.8999999999,423806.6944444445,316582.8125,1356424.9249999998,1513010.472222222,2118611.21875,-1.2443333333333395,-1.0825925925926,-1.8057291666666744,-3.454999999999999,-2.838888888888889,-0.4037500000000005,40.83467849401846,38.15712027485216,32.72176664861881,0.0489000000000001,0.0754444444444444,0.1073749999999997,13.525803722504236,13.211286582690988,11.951847151720244,262253.16748175933,256354.978848807,253170.32350848636,1638.8025573843552,1411.818874872126,1031.2240582803825,2.210666666666661,1.75629629629629,-1.401979166666674,-0.0522538743447301,-0.016043554804217,-0.0782025850119899,-0.0254916070647056,0.0004331472832056,-0.0556300604298106,-0.0337854208061963,-217405.28928571384,,,,,,,,,,,,,,,,,,
1997,BEL,0.0,7329074.0,2221034.25,7785600.5,5.75333333333333,3.43,143.06105632827274,1.243,116.9030603496898,494567.174,19138.659717503982,0,0,0,6776861.0,6455514.0,6329452.0,2081821.25,1972701.75,1891658.875,7241012.0,6523002.0,6528286.5,6.4925,7.48083333333333,7.75083333333333,3.21,4.78,5.68,139.6349285071443,136.15332460767308,129.66005436102157,1.29,1.3130000000000002,1.332,115.17202481669489,112.84545967287085,111.2098138747885,420072.19468623,445384.915967433,413851.2294496,18487.356726099893,18269.833173485003,17901.66760348556,2.32333333333333,3.2825,2.70083333333333,2.07083333333333,0.0497786853223461,0.0553147479085472,0.1100735520240527,0.0255712000386585,0.0119061597634389,0.0814850710380514,0.033908956961118,0.0150192485421494,332021.3000000001,205763.5999999999,1598771.7272727275,1405167.2000000002,1421228.0,529545.7727272727,462468.8999999999,423806.6944444445,1951123.5681818184,1356424.9249999998,1513010.472222222,-2.119545454545456,-1.2443333333333395,-1.0825925925926,-4.710909090909091,-3.454999999999999,-2.838888888888889,40.60403889403348,40.83467849401846,38.15712027485216,0.0214545454545453,0.0489000000000001,0.0754444444444444,14.622750346100602,13.525803722504236,13.211286582690988,213099.24915676,262253.16748175933,256354.978848807,1707.3440593279447,1638.8025573843552,1411.818874872126,2.591363636363634,2.210666666666661,1.75629629629629,-0.0171665337157476,-0.0019666763380688,0.0405007028546744,-0.0474504343829399,-0.0082700006469213,-0.0386264478966965,-0.0228676072821782,-132173.12812500037,,,,,,,,,,,,,,,,,,
1998,BEL,0.0,7279213.9353,2561785.3495,8878812.0,4.75166666666667,3.55,152.46959674173607,1.192,117.96337110706148,480488.5489,19474.911006427505,0,0,0,7329074.0,6776861.0,6455514.0,2221034.25,2081821.25,1972701.75,7785600.5,7241012.0,6523002.0,5.75333333333333,6.4925,7.48083333333333,3.43,3.21,4.78,143.06105632827274,139.6349285071443,136.15332460767308,1.243,1.29,1.3130000000000002,116.9030603496898,115.17202481669489,112.84545967287085,494567.174,420072.19468623,445384.915967433,19138.659717503982,18487.356726099893,18269.833173485003,1.2016666666666698,2.32333333333333,3.2825,2.70083333333333,0.0814850710380513,0.0668707748083559,0.0752088934530145,0.0245363238106512,0.0352296437534849,-0.00680305106757,0.0503934961627447,0.0307887736572581,302331.2805900004,332021.3000000001,2017753.75,1598771.7272727275,1405167.2000000002,624629.9583333333,529545.7727272727,462468.8999999999,2333118.4375,1951123.5681818184,1356424.9249999998,-2.6820833333333383,-2.119545454545456,-1.2443333333333395,-4.098333333333333,-4.710909090909091,-3.454999999999999,40.646496807325775,40.60403889403348,40.83467849401846,-0.0273333333333332,0.0214545454545453,0.0489000000000001,15.135223350253824,14.622750346100602,13.525803722504236,269835.9577074667,213099.24915676,262253.16748175933,2216.368379121373,1707.3440593279447,1638.8025573843552,1.416249999999995,2.591363636363634,2.210666666666661,0.0161004459741164,0.009768139319746,0.0019541622059386,-0.0441716347579526,0.0158053015837538,-0.0182792639054001,-0.0048113214388517,8770.474999999919,,,,,,,,,,,,,,,,,,
1999,BEL,0.0,7917512.172999999,2797330.0256,9423401.0,4.74916666666667,2.78,164.42970788178758,1.154,119.30225536912664,489282.6471,20127.576531459625,0,0,0,7279213.9353,7329074.0,6776861.0,2561785.3495,2221034.25,2081821.25,8878812.0,7785600.5,7241012.0,4.75166666666667,5.75333333333333,6.4925,3.55,3.43,3.21,152.46959674173607,143.06105632827274,139.6349285071443,1.192,1.243,1.29,117.96337110706148,116.9030603496898,115.17202481669489,480488.5489,494567.174,420072.19468623,19474.911006427505,19138.659717503982,18487.356726099893,1.9691666666666705,1.2016666666666698,2.32333333333333,3.2825,-0.00680305106757,0.1534200111952348,0.1404145383519228,0.0657659090107245,0.0175692182152121,0.0876877975250349,0.0414869017642758,0.044724304155176,337209.3454300004,302331.2805900004,1812681.858376923,2017753.75,1598771.7272727275,917332.5995,624629.9583333333,529545.7727272727,3246859.288461538,2333118.4375,1951123.5681818184,-3.477435897435895,-2.6820833333333383,-2.119545454545456,-3.6630769230769222,-4.098333333333333,-4.710909090909091,46.92838362022557,40.646496807325775,40.60403889403348,-0.0762307692307693,-0.0273333333333332,0.0214545454545453,15.03128615760599,15.135223350253824,14.622750346100602,235000.72047612307,269835.9577074667,213099.24915676,2382.129792727861,2216.368379121373,1707.3440593279447,0.1856410256410272,1.416249999999995,2.591363636363634,-0.0735293799626813,0.0955033640966462,0.066996960254352,0.0007389200052833,-0.0031722324198317,-0.0255241070397417,0.0095616019171436,-21796.591909999785,,,,,,,,,,,,,,,,,,
2000,BEL,0.0,8297675.3906,2967201.3445,9278177.0,5.5925,4.24,172.10536291036277,1.096,122.49836279046556,431959.6492,20809.35868631145,0,0,0,7917512.172999999,7279213.9353,7329074.0,2797330.0256,2561785.3495,2221034.25,9423401.0,8878812.0,7785600.5,4.74916666666667,4.75166666666667,5.75333333333333,2.78,3.55,3.43,164.42970788178758,152.46959674173607,143.06105632827274,1.154,1.192,1.243,119.30225536912664,117.96337110706148,116.9030603496898,489282.6471,480488.5489,494567.174,20127.576531459625,19474.911006427505,19138.659717503982,1.3525,1.9691666666666705,1.2016666666666698,2.32333333333333,0.0876877975250349,0.0919455161010943,0.0613357958249369,0.07844259705304,0.0335131454421904,0.0480154888673765,0.0541232724985054,0.0528548118095853,354410.2409500003,337209.3454300004,2321502.820478572,1812681.858376923,2017753.75,1087353.518492857,917332.5995,624629.9583333333,3559529.7678571427,3246859.288461538,2333118.4375,-3.2315476190476167,-3.477435897435895,-2.6820833333333383,-4.171428571428571,-3.6630769230769222,-4.098333333333333,55.53646735883241,46.92838362022557,40.646496807325775,-0.108785714285714,-0.0762307692307693,-0.0273333333333332,15.296507122699268,15.03128615760599,15.135223350253824,227009.05292782857,235000.72047612307,269835.9577074667,2864.643189707993,2382.129792727861,2216.368379121373,0.9398809523809544,0.1856410256410272,1.416249999999995,0.0266175747808991,0.0266824563796867,-0.0172353945998917,0.0133587680471923,0.0130157126855951,-0.0107607273855336,0.0168953094117908,15062.981285454764,,,,,,,,,,,,,,,,,,
2001,BEL,0.0,8285008.662,2950661.9855,9830834.0,5.13083333333333,4.15,180.3333167445372,1.082,125.4811979244134,376209.9074,20920.25111546414,0,0,0,8297675.3906,7917512.172999999,7279213.9353,2967201.3445,2797330.0256,2561785.3495,9278177.0,9423401.0,8878812.0,5.5925,4.74916666666667,4.75166666666667,4.24,2.78,3.55,172.10536291036277,164.42970788178758,152.46959674173607,1.096,1.154,1.192,122.49836279046556,119.30225536912664,117.96337110706148,431959.6492,489282.6471,480488.5489,20809.35868631145,20127.576531459625,19474.911006427505,0.9808333333333294,1.3525,1.9691666666666705,1.2016666666666698,0.0480154888673765,0.0607262344254731,-0.015410996518136,0.0466804638131048,0.0338730375108099,-0.0015265394226373,0.0429667451082804,0.0474473126435671,339754.7397699999,354410.2409500003,2546899.18338,2321502.820478572,1812681.858376923,1184734.6028266668,1087353.518492857,917332.5995,3177003.783333333,3559529.7678571427,3246859.288461538,-2.172777777777779,-3.2315476190476167,-3.477435897435895,-2.4333333333333327,-4.171428571428571,-3.6630769230769222,59.5096912301521,55.53646735883241,46.92838362022557,-0.1595333333333333,-0.108785714285714,-0.0762307692307693,17.472847402524906,15.296507122699268,15.03128615760599,154552.11816597334,227009.05292782857,235000.72047612307,3355.449131912621,2864.643189707993,2382.129792727861,0.2605555555555539,0.9398809523809544,0.1856410256410272,-0.014955989218252,-0.0064427150373406,-0.0927510873286867,-0.0193575629103993,0.0124459109909578,-0.021089506515333,0.0101881710602503,31008.62836500007,,,,,,,,,,,,,,,,,,
2002,BEL,0.0,8407036.8595,3152684.2047,10601325.72,4.98666666666667,3.21,190.88986854632407,1.054,127.4236468682833,505458.947,21162.974678941075,0,0,0,8285008.662,8297675.3906,7917512.172999999,2950661.9855,2967201.3445,2797330.0256,9830834.0,9278177.0,9423401.0,5.13083333333333,5.5925,4.74916666666667,4.15,4.24,2.78,180.3333167445372,172.10536291036277,164.42970788178758,1.082,1.096,1.154,125.4811979244134,122.49836279046556,119.30225536912664,376209.9074,431959.6492,489282.6471,20920.25111546414,20809.35868631145,20127.576531459625,1.77666666666667,0.9808333333333294,1.3525,1.9691666666666705,-0.0015265394226374,-0.005574060227041,0.0595652572698279,0.0478076551191479,0.0053289690866653,0.0147287954036419,0.044725582323258,0.0446980658759971,145590.73308999973,339754.7397699999,2375051.2558187507,2546899.18338,2321502.820478572,1094149.33115,1184734.6028266668,1087353.518492857,3531098.046875,3177003.783333333,3559529.7678571427,-2.498645833333338,-2.172777777777779,-3.2315476190476167,-2.37125,-2.4333333333333327,-4.171428571428571,64.01828936244203,59.5096912301521,55.53646735883241,-0.1635624999999998,-0.1595333333333333,-0.108785714285714,19.363629573814947,17.472847402524906,15.296507122699268,89142.86898060003,154552.11816597334,227009.05292782857,3256.6259903207683,3355.449131912621,2864.643189707993,-0.1273958333333387,0.2605555555555539,0.9398809523809544,-0.0635009515603825,-0.0723134953540321,-0.0115914277188103,-0.0169398674103296,-0.0169278848325839,-0.0178242759778316,0.0067111977883767,13967.848079999676,,,,,,,,,,,,,,,,,,
2003,BEL,0.0,8431321.4793,3366647.0343,11335511.9,4.18083333333333,2.22,202.40492084201924,1.017,129.35666359127515,402309.8227,21294.789764994453,0,0,0,8407036.8595,8285008.662,8297675.3906,3152684.2047,2950661.9855,2967201.3445,10601325.72,9830834.0,9278177.0,4.98666666666667,5.13083333333333,5.5925,3.21,4.15,4.24,190.88986854632407,180.3333167445372,172.10536291036277,1.054,1.082,1.096,127.4236468682833,125.4811979244134,122.49836279046556,505458.947,376209.9074,431959.6492,21162.974678941075,20920.25111546414,20809.35868631145,1.9608333333333292,1.77666666666667,0.9808333333333294,1.3525,0.014728795403642,0.0684667441383553,0.078375010706111,0.0585391096462862,0.0116023255235934,0.002888606319426,0.0204059149494603,0.0252542156188876,52296.64636000043,145590.73308999973,2357370.555917648,2375051.2558187507,2546899.18338,1231809.8249882355,1094149.33115,1184734.6028266668,4093878.117058824,3531098.046875,3177003.783333333,-2.495833333333331,-2.498645833333338,-2.172777777777779,-3.171764705882353,-2.37125,-2.4333333333333327,70.80905943702648,64.01828936244203,59.5096912301521,-0.181941176470588,-0.1635624999999998,-0.1595333333333333,20.16704148393103,19.363629573814947,17.472847402524906,213148.21040527057,89142.86898060003,154552.11816597334,3307.7833190729507,3256.6259903207683,3355.449131912621,0.6759313725490217,-0.1273958333333387,0.2605555555555539,-0.0432768072615792,0.0062469024709913,0.0079427899498984,-0.0051496711700458,-0.0095965355936193,-0.0409556582864405,-0.0131800656546245,-181193.86203428623,0.019761,0.13013,1.0,,,,,,,,,,,,,,,
2004,BEL,0.0,8999186.251600001,3683597.6286,12404519.25,4.1525,2.01,215.02661999997693,0.972,131.75881683416512,393919.1235,21954.94806866455,0,0,0,8431321.4793,8407036.8595,8285008.662,3366647.0343,3152684.2047,2950661.9855,11335511.9,10601325.72,9830834.0,4.18083333333333,4.98666666666667,5.13083333333333,2.22,3.21,4.15,202.40492084201924,190.88986854632407,180.3333167445372,1.017,1.054,1.082,129.35666359127515,127.4236468682833,125.4811979244134,402309.8227,505458.947,376209.9074,21294.789764994453,21162.974678941075,20920.25111546414,2.1425,1.9608333333333292,1.77666666666667,0.9808333333333294,0.002888606319426,0.0678668765114582,0.0692541856925418,0.0603230144343711,0.0062285707965499,0.0673518111833575,0.0053636207668101,0.0084055487604725,216681.73886000036,52296.64636000043,2250690.144833333,2357370.555917648,2375051.2558187507,1377338.7754222222,1231809.8249882355,1094149.33115,4600626.623888889,4093878.117058824,3531098.046875,-3.1630092592592645,-2.495833333333331,-2.498645833333338,-3.985555555555556,-3.171764705882353,-2.37125,78.39027509733124,70.80905943702648,64.01828936244203,-0.2088333333333332,-0.181941176470588,-0.1635624999999998,20.97966701337116,20.16704148393103,19.363629573814947,98157.51886053335,213148.21040527057,89142.86898060003,3255.8326651778334,3307.7833190729507,3256.6259903207683,0.8225462962962911,0.6759313725490217,-0.1273958333333387,-0.0525713018009963,0.0052795699928593,-0.0016452580019001,-0.0030628445484288,-0.0144057882269205,-0.0534382238261881,-0.0292049784096256,-262408.3579619997,,,,,,,,,,0.019761,,,,,,,,
2005,BEL,0.0,9434252.0731,4174897.2707,13291997.05,3.42833333333333,2.07,243.93380237180276,0.951,135.10153801724786,261846.2909,22304.690386988525,0,0,1,8999186.251600001,8431321.4793,8407036.8595,3683597.6286,3366647.0343,3152684.2047,12404519.25,11335511.9,10601325.72,4.1525,4.18083333333333,4.98666666666667,2.01,2.22,3.21,215.02661999997693,202.40492084201924,190.88986854632407,0.972,1.017,1.054,131.75881683416512,129.35666359127515,127.4236468682833,393919.1235,402309.8227,505458.947,21954.94806866455,21294.789764994453,21162.974678941075,1.3583333333333305,2.1425,1.9608333333333292,1.77666666666667,0.0673518111833576,0.0941442898738272,0.094306049822064,0.0623586576129202,0.0310009307889623,0.0483450180201179,0.0283230709688084,0.0343144203133109,364951.0413100014,216681.73886000036,2700097.541089475,2250690.144833333,2357370.555917648,1621797.8552263158,1377338.7754222222,1231809.8249882355,5427495.730526316,4600626.623888889,4093878.117058824,-3.0248684210526333,-3.1630092592592645,-2.495833333333331,-3.9857894736842105,-3.985555555555556,-3.171764705882353,86.88617030279781,78.39027509733124,70.80905943702648,-0.2428421052631578,-0.2088333333333332,-0.181941176470588,22.277627255557377,20.97966701337116,20.16704148393103,84600.63445734739,98157.51886053335,213148.21040527057,3744.631354891204,3255.8326651778334,3307.7833190729507,0.960921052631578,0.8225462962962911,0.6759313725490217,0.0148125309407683,0.0312636739111806,0.0234980093499498,-0.0008570433394114,0.0111668933336541,-0.0273353486932376,-0.0015781669503386,-81622.74308937485,,,,,,,,,,,0.019761,,,,,,,
2006,BEL,0.0,10173803.4598,4660186.2677,13953571.41,3.815,2.9,272.49979740080266,0.915,138.2467018222894,252971.5129,22867.0218044584,0,1,1,9434252.0731,8999186.251600001,8431321.4793,4174897.2707,3683597.6286,3366647.0343,13291997.05,12404519.25,11335511.9,3.42833333333333,4.1525,4.18083333333333,2.07,2.01,2.22,243.93380237180276,215.02661999997693,202.40492084201924,0.951,0.972,1.017,135.10153801724786,131.75881683416512,129.35666359127515,261846.2909,393919.1235,402309.8227,22304.690386988525,21954.94806866455,21294.789764994453,0.915,1.3583333333333305,2.1425,1.9608333333333292,0.0483450180201179,0.1333749479816896,0.0715447154471545,0.134435366057602,0.0159299997991408,0.078390038867913,0.0395284785076338,0.0331236278517872,566251.1763000004,364951.0413100014,3000158.4855350005,2700097.541089475,2250690.144833333,2032007.604565,1621797.8552263158,1377338.7754222222,6043598.744000001,5427495.730526316,4600626.623888889,-3.5977916666666703,-3.0248684210526333,-3.1630092592592645,-3.7265,-3.9857894736842105,-3.985555555555556,111.44904415948372,86.88617030279781,78.39027509733124,-0.2517,-0.2428421052631578,-0.2088333333333332,24.506467075862247,22.277627255557377,20.97966701337116,-51702.22986552,84600.63445734739,98157.51886053335,3907.142105470619,3744.631354891204,3255.8326651778334,0.1287083333333294,0.960921052631578,0.8225462962962911,-0.0049738691140907,0.0688488754974019,-0.0005000623591675,0.0712647726494499,-0.0044917688842544,-0.0146113106714546,-0.0026812834701768,71447.89718941296,,,,,,,,,,,,0.019761,,,,,,
2007,BEL,0.0,11566861.2265,5173350.1356,15204108.31,4.32833333333333,3.89,298.7050035662604,0.8730000000000001,140.75726192738216,271205.1477,23496.542128109177,1,1,1,10173803.4598,9434252.0731,8999186.251600001,4660186.2677,4174897.2707,3683597.6286,13953571.41,13291997.05,12404519.25,3.815,3.42833333333333,4.1525,2.9,2.07,2.01,272.49979740080266,243.93380237180276,215.02661999997693,0.915,0.951,0.972,138.2467018222894,135.10153801724786,131.75881683416512,252971.5129,261846.2909,393919.1235,22867.0218044584,22304.690386988525,21954.94806866455,0.4383333333333294,0.915,1.3583333333333305,2.1425,0.0783900388679131,0.1162397456832828,0.049772382397572,0.1171055210522229,0.0252113527564546,0.1369259561779845,0.0646956226904628,0.0151976091020414,844257.6311400002,566251.1763000004,3596845.182447618,3000158.4855350005,2700097.541089475,2420534.334680952,2032007.604565,1621797.8552263158,6417382.687619047,6043598.744000001,5427495.730526316,-3.039801587301588,-3.5977916666666703,-3.0248684210526333,-2.7190476190476187,-3.7265,-3.9857894736842105,134.70794184755587,111.44904415948372,86.88617030279781,-0.2757142857142856,-0.2517,-0.2428421052631578,26.48465625824369,24.506467075862247,22.277627255557377,-58114.99691954287,-51702.22986552,84600.63445734739,4283.419136965698,3907.142105470619,3744.631354891204,-0.320753968253969,0.1287083333333294,0.960921052631578,0.0253198451894089,0.048271229424125,-0.0222473922907916,0.0503716890115983,0.0050141725172721,0.0113248498625035,-0.0204661820372818,268778.7045577779,,,,0.050039,0.25027,1.0,0.133806,0.434225,1.0,,,,,,,,,
2008,BEL,1.0,13286026.7448,5656541.4578,15938294.49,4.4175,3.67,313.2815883220357,0.932,147.07509472600822,-142722.5662,23701.29614233056,0,0,0,11566861.2265,10173803.4598,9434252.0731,5173350.1356,4660186.2677,4174897.2707,15204108.31,13953571.41,13291997.05,4.32833333333333,3.815,3.42833333333333,3.89,2.9,2.07,298.7050035662604,272.49979740080266,243.93380237180276,0.8730000000000001,0.915,0.951,140.75726192738216,138.2467018222894,135.10153801724786,271205.1477,252971.5129,261846.2909,23496.542128109177,22867.0218044584,22304.690386988525,0.7475000000000005,0.4383333333333294,0.915,1.3583333333333305,0.1369259561779844,0.1101166001575443,0.0896212778259612,0.0961659656829547,0.0275296157511881,0.1486285245958811,0.0878870043553385,0.0450476405190545,1294838.178179999,844257.6311400002,4826409.986309092,3596845.182447618,3000158.4855350005,2823673.9146409086,2420534.334680952,2032007.604565,7376220.374545454,6417382.687619047,6043598.744000001,-2.3882954545454598,-3.039801587301588,-3.5977916666666703,-1.605454545454546,-2.7190476190476187,-3.7265,154.79005974721557,134.70794184755587,111.44904415948372,-0.3051818181818181,-0.2757142857142856,-0.2517,27.79136835159808,26.48465625824369,24.506467075862247,-37239.77135047276,-58114.99691954287,-51702.22986552,4718.238590754401,4283.419136965698,3907.142105470619,-0.7828409090909136,-0.320753968253969,0.1287083333333294,0.0826500555856989,0.0398494539258092,0.0186609027704924,0.0270334817846349,0.0070936653921354,0.033949989034254,0.0104071584815953,532638.9117894736,,,,0.055691,0.323507,1.0,,,,,,,0.050039,,,0.133806,,
2009,BEL,0.0,12968914.7909,5947109.7575,16793500.37,3.90166666666667,0.66,309.26766116243334,1.002,147.06692370583409,231631.7058,23020.27204796463,0,0,0,13286026.7448,11566861.2265,10173803.4598,5656541.4578,5173350.1356,4660186.2677,15938294.49,15204108.31,13953571.41,4.4175,4.32833333333333,3.815,3.67,3.89,2.9,313.2815883220357,298.7050035662604,272.49979740080266,0.932,0.8730000000000001,0.915,147.07509472600822,140.75726192738216,138.2467018222894,-142722.5662,271205.1477,252971.5129,23701.29614233056,23496.542128109177,22867.0218044584,3.24166666666667,0.7475000000000005,0.4383333333333294,0.915,0.1486285245958812,0.0934000810954119,0.0482886707349429,0.0487992654349423,0.0087142190159304,-0.023868080351721,0.1213148398805929,0.0376316546723302,1010449.9511600012,1294838.178179999,6335731.592160871,4826409.986309092,3596845.182447618,3184096.805769565,2823673.9146409086,2420534.334680952,7789701.320869565,7376220.374545454,6417382.687619047,-2.195289855072464,-2.3882954545454598,-3.039801587301588,-1.7556521739130435,-1.605454545454546,-2.7190476190476187,162.63664190528587,154.79005974721557,134.70794184755587,-0.2329130434782608,-0.3051818181818181,-0.2757142857142856,32.90088078711119,27.79136835159808,26.48465625824369,-449548.3647569739,-37239.77135047276,-58114.99691954287,4717.851796682109,4718.238590754401,4283.419136965698,-0.4396376811594205,-0.7828409090909136,-0.320753968253969,0.0905958032951548,0.0213215960488672,-0.02351992717373,-0.0215620130899517,-0.0120441706791283,0.0657611584150201,0.002495593659557,956587.5132399992,,,,,,,,,,,,,0.055691,0.050039,,,0.133806,
2010,BEL,0.0,13294740.1632,6405250.0018,16244877.73,3.4625,0.43,325.458592164428,1.003,150.49875217896258,237884.3903,23556.82309859749,0,0,0,12968914.7909,13286026.7448,11566861.2265,5947109.7575,5656541.4578,5173350.1356,16793500.37,15938294.49,15204108.31,3.90166666666667,4.4175,4.32833333333333,0.66,3.67,3.89,309.26766116243334,313.2815883220357,298.7050035662604,1.002,0.932,0.8730000000000001,147.06692370583409,147.07509472600822,140.75726192738216,231631.7058,-142722.5662,271205.1477,23020.27204796463,23701.29614233056,23496.542128109177,3.0325,3.24166666666667,0.7475000000000005,0.4383333333333294,-0.0238680803517211,0.0513685441656801,0.0536573019488737,-0.0128125217351626,-0.0287336224262274,0.0251235648898413,0.0872288001407148,0.0963904827680452,486652.4856200012,1010449.9511600012,5754630.821920834,6335731.592160871,4826409.986309092,3341994.405229167,3184096.805769565,2823673.9146409086,8320336.312500002,7789701.320869565,7376220.374545454,-2.619652777777775,-2.195289855072464,-2.3882954545454598,-4.6925,-1.7556521739130435,-1.605454545454546,151.84618799962993,162.63664190528587,154.79005974721557,-0.1532083333333334,-0.2329130434782608,-0.3051818181818181,31.521839734140755,32.90088078711119,27.79136835159808,-56462.910892100015,-449548.3647569739,-37239.77135047276,3840.250544121096,4717.851796682109,4718.238590754401,2.072847222222225,-0.4396376811594205,-0.7828409090909136,-0.085839749621802,-0.0216369667960326,-0.0171286904305066,-0.0822363214300588,-0.0489683525265415,0.028685975110823,0.0611409856798376,626647.4998752391,,,,,,,,,,,,,,0.055691,0.050039,,,0.133806
2011,BEL,0.0,14272296.9599,6910507.2493,15546997.46,4.23333333333333,1.01,337.8837078192568,1.035,155.54354003446144,-294198.8907,23630.01600715963,0,0,0,13294740.1632,12968914.7909,13286026.7448,6405250.0018,5947109.7575,5656541.4578,16244877.73,16793500.37,15938294.49,3.4625,3.90166666666667,4.4175,0.43,0.66,3.67,325.458592164428,309.26766116243334,313.2815883220357,1.003,1.002,0.932,150.49875217896258,147.06692370583409,147.07509472600822,237884.3903,231631.7058,-142722.5662,23556.82309859749,23020.27204796463,23701.29614233056,3.22333333333333,3.0325,3.24166666666667,0.7475000000000005,0.0251235648898414,0.0770357809055451,-0.0326687484986788,0.0523524863257229,0.0233077632408042,0.0735295902514805,0.0499613363780004,0.0888901335862749,328463.60175999894,486652.4856200012,5850270.961344,5754630.821920834,6335731.592160871,3666454.87332,3341994.405229167,3184096.805769565,7438900.220000001,8320336.312500002,7789701.320869565,-2.9540333333333346,-2.619652777777775,-2.195289855072464,-4.734800000000001,-4.6925,-1.7556521739130435,161.96327148163934,151.84618799962993,162.63664190528587,-0.1460800000000002,-0.1532083333333334,-0.2329130434782608,33.69279461790363,31.521839734140755,32.90088078711119,-47951.70995641596,-56462.910892100015,-449548.3647569739,4223.191572989119,3840.250544121096,4717.851796682109,1.7807666666666655,2.072847222222225,-0.4396376811594205,-0.0332714481459977,0.0049318102270003,-0.1027410454434548,-0.013644799976254,0.0051133811624294,-0.0098287049610575,0.0509823327728569,74366.05706818274,,,,,,,,,,,,,,,0.055691,,,
2012,BEL,0.0,14463830.8051,7203536.2829,17342123.01,3.0,0.13,343.1052282760788,1.048,159.6274159174843,-12666.7286,23642.929689311823,0,0,0,14272296.9599,13294740.1632,12968914.7909,6910507.2493,6405250.0018,5947109.7575,15546997.46,16244877.73,16793500.37,4.23333333333333,3.4625,3.90166666666667,1.01,0.43,0.66,337.8837078192568,325.458592164428,309.26766116243334,1.035,1.003,1.002,155.54354003446144,150.49875217896258,147.06692370583409,-294198.8907,237884.3903,231631.7058,23630.01600715963,23556.82309859749,23020.27204796463,2.87,3.22333333333333,3.0325,3.24166666666667,0.0735295902514806,0.0788817372246225,-0.0429600198659051,0.038177254968741,0.0031070789238338,0.0134199733748632,0.0249283582632002,0.0486991287288875,546230.4839299989,328463.60175999894,6602817.336453846,5850270.961344,5754630.821920834,4030694.625692308,3666454.87332,3341994.405229167,6454908.4030769225,7438900.220000001,8320336.312500002,-2.069583333333337,-2.9540333333333346,-2.619652777777775,-3.972692307692309,-4.734800000000001,-4.6925,168.15903054102054,161.96327148163934,151.84618799962993,-0.1084615384615386,-0.1460800000000002,-0.1532083333333334,37.44170575732928,33.69279461790363,31.521839734140755,-578190.6944196308,-47951.70995641596,-56462.910892100015,4133.954036436287,4223.191572989119,3840.250544121096,1.9031089743589704,1.7807666666666655,2.072847222222225,0.0164654351414813,0.0065804941369977,-0.1089226749929428,-0.0272742393341858,-0.0152918384010382,-0.0344521537024803,0.0086670640499338,-87056.13362087088,,,,,,,,,,,,,,,,,,
2013,BEL,0.0,14739876.7408,7520244.8378,17503482.61,2.41,0.05,347.1219283320624,1.055,161.61951063593366,151314.9649,23619.124656363343,0,0,0,14463830.8051,14272296.9599,13294740.1632,7203536.2829,6910507.2493,6405250.0018,17342123.01,15546997.46,16244877.73,3.0,4.23333333333333,3.4625,0.13,1.01,0.43,343.1052282760788,337.8837078192568,325.458592164428,1.048,1.035,1.003,159.6274159174843,155.54354003446144,150.49875217896258,-12666.7286,-294198.8907,237884.3903,23642.929689311823,23630.01600715963,23556.82309859749,2.3600000000000003,2.87,3.22333333333333,3.0325,0.0134199733748632,0.0424034044142971,0.1154644525168656,0.0154536023370949,0.0005464948541837,0.0190852575240763,0.037357709505395,0.0318676517980089,452694.3578000008,546230.4839299989,6549802.391414815,6602817.336453846,5850270.961344,4174438.673155556,4030694.625692308,3666454.87332,8010963.271481482,6454908.4030769225,7438900.220000001,-3.2262654320987663,-2.069583333333337,-2.9540333333333346,-4.705555555555556,-3.972692307692309,-4.734800000000001,167.1524387555825,168.15903054102054,161.96327148163934,-0.0914444444444444,-0.1084615384615386,-0.1460800000000002,40.13885179748809,37.44170575732928,33.69279461790363,-275244.06215594074,-578190.6944196308,-47951.70995641596,3993.758309831577,4133.954036436287,4223.191572989119,1.4792901234567897,1.9031089743589704,1.7807666666666655,-0.044277467702116,-0.0301509346016737,0.0536911310434025,-0.0489488827606709,-0.0172642748398791,-0.0206447163121864,-0.008511095442942,134338.08744999865,,,,,,,,,,,,,,,,,,
2014,BEL,0.0,14591183.8694,7888306.0854,18745951.53,1.71333333333333,0.05,345.2102708176528,1.07,162.41209959282284,125457.089,23899.98018736695,0,0,0,14739876.7408,14463830.8051,14272296.9599,7520244.8378,7203536.2829,6910507.2493,17503482.61,17342123.01,15546997.46,2.41,3.0,4.23333333333333,0.05,0.13,1.01,347.1219283320624,343.1052282760788,337.8837078192568,1.055,1.048,1.035,161.61951063593366,159.6274159174843,155.54354003446144,151314.9649,-12666.7286,-294198.8907,23619.124656363343,23642.929689311823,23630.01600715963,1.66333333333333,2.3600000000000003,2.87,3.22333333333333,0.0190852575240762,0.0439657055176932,0.0093044894161431,0.0117069042525682,-0.0010068563101653,-0.010087796120331,0.0353449403834733,0.0331899755239373,123270.6664200004,452694.3578000008,6591926.813135715,6549802.391414815,6602817.336453846,4342060.132585715,4174438.673155556,4030694.625692308,7886217.040357143,8010963.271481482,6454908.4030769225,-3.701041666666667,-3.2262654320987663,-2.069583333333337,-4.6175,-4.705555555555556,-3.972692307692309,165.19940885600957,167.1524387555825,168.15903054102054,-0.0811785714285715,-0.0914444444444444,-0.1084615384615386,40.69741609459858,40.13885179748809,37.44170575732928,-101432.22357894288,-275244.06215594074,-578190.6944196308,3827.319051531973,3993.758309831577,4133.954036436287,0.9164583333333332,1.4792901234567897,1.9031089743589704,-0.0369722773417135,-0.0274719322167341,-0.0544573924663348,-0.0508826592614691,-0.018178208417566,-0.0218634578836393,-0.0068614218922851,35428.43782200059,,,,,,,,,,,,,,,,,,
2015,BEL,0.0,15455708.2663,8255842.9143,20581416.98,0.84,-0.22,350.7628466806068,1.052,163.41876927827386,232478.8437,24265.37404213519,0,0,0,14591183.8694,14739876.7408,14463830.8051,7888306.0854,7520244.8378,7203536.2829,18745951.53,17503482.61,17342123.01,1.71333333333333,2.41,3.0,0.05,0.05,0.13,345.2102708176528,347.1219283320624,343.1052282760788,1.07,1.055,1.048,162.41209959282284,161.61951063593366,159.6274159174843,125457.089,151314.9649,-12666.7286,23899.98018736695,23619.124656363343,23642.929689311823,1.06,1.66333333333333,2.3600000000000003,2.87,-0.010087796120331,0.0489427213526301,0.0709840977183681,-0.0055071643661212,0.0118910220039818,0.0592497774435591,0.0074724782595361,0.0154692045155851,282693.9512199992,123270.6664200004,6215926.120593104,6591926.813135715,6549802.391414815,4560395.168717241,4342060.132585715,4174438.673155556,8856747.441724135,7886217.040357143,8010963.271481482,-4.270086206896555,-3.701041666666667,-3.2262654320987663,-4.458275862068966,-4.6175,-4.705555555555556,157.59122000173755,165.19940885600957,167.1524387555825,-0.0633793103448276,-0.0811785714285715,-0.0914444444444444,40.08664587581195,40.69741609459858,40.13885179748809,-123792.43659691035,-101432.22357894288,-275244.06215594074,3976.198063517233,3827.319051531973,3993.758309831577,0.1881896551724098,0.9164583333333332,1.4792901234567897,-0.0648248925096311,-0.0215137759454853,0.0091671227096878,-0.0662794900493918,-0.00463110837422,-0.0489261623081825,-0.024328066163886,-295357.8857819229,,,,,,,,,,,,,,,,,,
2016,BEL,0.0,16833840.27,8600547.3598,21206685.43,0.475833333333333,-0.58,360.0247396472082,1.05,166.31131041991074,95686.2428,24412.360983552782,0,0,0,15455708.2663,14591183.8694,14739876.7408,8255842.9143,7888306.0854,7520244.8378,20581416.98,18745951.53,17503482.61,0.84,1.71333333333333,2.41,-0.22,0.05,0.05,350.7628466806068,345.2102708176528,347.1219283320624,1.052,1.07,1.055,163.41876927827386,162.41209959282284,161.61951063593366,232478.8437,125457.089,151314.9649,24265.37404213519,23899.98018736695,23619.124656363343,1.055833333333333,1.06,1.66333333333333,2.3600000000000003,0.0592497774435591,0.0465926175938142,0.0979126318054658,0.0160846195271142,0.0152884584800359,0.0891665383400714,0.0227490796157681,0.0348136822409186,714641.498449999,282693.9512199992,6873252.980140001,6215926.120593104,6591926.813135715,4775918.825326666,4560395.168717241,4342060.132585715,10396987.976999996,8856747.441724135,7886217.040357143,-5.001083333333334,-4.270086206896555,-3.701041666666667,-4.579666666666666,-4.458275862068966,-4.6175,157.890755197967,157.59122000173755,165.19940885600957,-0.0792666666666666,-0.0633793103448276,-0.0811785714285715,39.75709403206923,40.08664587581195,40.69741609459858,-12644.267343679996,-123792.43659691035,-101432.22357894288,4209.051982834902,3976.198063517233,3827.319051531973,-0.421416666666667,0.1881896551724098,0.9164583333333332,0.0067480221752808,-0.0231220253613534,0.0357795491171411,-0.0424022064992807,-0.0010739785059515,-0.0319021980123725,-0.0041147289326994,-124995.42002703808,,,,,,,,,,,,,,,,,,
2017,BEL,0.0,16608219.2093,9093500.9378,21916667.67,0.7225,-0.68,373.1160859924452,1.02,170.0111483547502,125376.4092,24719.49220292041,0,0,0,16833840.27,15455708.2663,14591183.8694,8600547.3598,8255842.9143,7888306.0854,21206685.43,20581416.98,18745951.53,0.475833333333333,0.84,1.71333333333333,-0.58,-0.22,0.05,360.0247396472082,350.7628466806068,345.2102708176528,1.05,1.052,1.07,166.31131041991074,163.41876927827386,162.41209959282284,95686.2428,232478.8437,125457.089,24412.360983552782,24265.37404213519,23899.98018736695,1.4025,1.055833333333333,1.06,1.66333333333333,0.0891665383400715,0.0417527863693887,0.0303802430419444,0.0264049999999999,0.0060574768459106,-0.013402827701893,0.0461095065544332,0.050915182083285,742923.8023400006,714641.498449999,8029667.145770967,6873252.980140001,6215926.120593104,4966561.373235484,4775918.825326666,4560395.168717241,10686869.718064517,10396987.976999996,8856747.441724135,-5.203924731182797,-5.001083333333334,-4.270086206896555,-4.791935483870968,-4.579666666666666,-4.458275862068966,162.05939799689207,157.890755197967,157.59122000173755,-0.0787096774193547,-0.0792666666666666,-0.0633793103448276,41.36714826944582,39.75709403206923,40.08664587581195,-149028.98865194837,-12644.267343679996,-123792.43659691035,4220.263053838466,4209.051982834902,3976.198063517233,-0.4119892473118287,-0.421416666666667,0.1881896551724098,0.0364398489992838,-0.0271911224070671,-0.0329454912836182,-0.0306684191430856,-0.010269160856545,-0.0074416952801774,0.0121286581142428,311416.24934678455,,,,0.011044,0.336047,1.0,,,,,,,,,,,,
2018,BEL,0.0,17570204.8046,9397341.0646,22888859.26,0.795,-0.62,383.78804560270265,0.999,173.93977485446487,-152484.822,25057.95737558562,0,0,0,16608219.2093,16833840.27,15455708.2663,9093500.9378,8600547.3598,8255842.9143,21916667.67,21206685.43,20581416.98,0.7225,0.475833333333333,0.84,-0.68,-0.58,-0.22,373.1160859924452,360.0247396472082,350.7628466806068,1.02,1.05,1.052,170.0111483547502,166.31131041991074,163.41876927827386,125376.4092,95686.2428,232478.8437,24719.49220292041,24412.360983552782,24265.37404213519,1.415,1.4025,1.055833333333333,1.06,-0.013402827701893,0.0573165354921623,0.0334791706296365,0.0363623520929847,0.0125809715649603,0.0579222602481861,0.0450044960272458,0.052747651554691,611786.8554200017,742923.8023400006,7553118.986765625,8029667.145770967,6873252.980140001,5304309.908321874,4966561.373235484,4775918.825326666,11062887.279374998,10686869.718064517,10396987.976999996,-4.794635416666667,-5.203924731182797,-5.001083333333334,-4.7421875,-4.791935483870968,-4.579666666666666,170.08638815472614,162.05939799689207,157.890755197967,-0.1062499999999999,-0.0787096774193547,-0.0792666666666666,43.77426282086509,41.36714826944582,39.75709403206923,-114681.666356575,-149028.98865194837,-12644.267343679996,4395.51105277364,4220.263053838466,4209.051982834902,-0.0524479166666669,-0.4119892473118287,-0.421416666666667,-0.0673049960426576,-0.0107502403034204,-0.0287838059125836,-0.0197217632067755,-0.0034144028840584,-0.0082986492980255,0.0135568389818407,328960.06188000046,,,,,,,,,,,,,0.011044,,,,,
2019,BEL,0.0,18715091.5065,10071219.0941,23744065.14,0.1933333,-0.59,399.09358241761095,0.977,176.11163201674478,30940.7033,25378.411616464226,0,0,0,17570204.8046,16608219.2093,16833840.27,9397341.0646,9093500.9378,8600547.3598,22888859.26,21916667.67,21206685.43,0.795,0.7225,0.475833333333333,-0.62,-0.68,-0.58,383.78804560270265,373.1160859924452,360.0247396472082,0.999,1.02,1.05,173.93977485446487,170.0111483547502,166.31131041991074,-152484.822,125376.4092,95686.2428,25057.95737558562,24719.49220292041,24412.360983552782,0.7833333,1.415,1.4025,1.055833333333333,0.0579222602481862,0.0334128878281623,0.0443585496042702,0.0286022501063477,0.0136922380883384,0.0651606919004301,0.0445619902954548,0.0525736751851154,660573.930480001,611786.8554200017,8286222.188527273,7553118.986765625,8029667.145770967,5447413.371233333,5304309.908321874,4966561.373235484,11699839.860909088,11062887.279374998,10686869.718064517,-4.576843434343434,-4.794635416666667,-5.203924731182797,-4.538484848484848,-4.7421875,-4.791935483870968,175.604214790598,170.08638815472614,162.05939799689207,-0.1240303030303029,-0.1062499999999999,-0.0787096774193547,46.37639650782627,43.77426282086509,41.36714826944582,-389067.6955457697,-114681.666356575,-149028.98865194837,4600.778920809349,4395.51105277364,4220.263053838466,-0.0383585858585859,-0.0524479166666669,-0.4119892473118287,0.0061233730337546,-0.0343179429579385,-0.0170049330031817,-0.0268655600932007,-0.0021964362705535,-0.0084734566653641,0.012945545225754,186857.77956400148,,,,,,,,,,,,,,0.011044,,,,
2020,BEL,0.0,19197112.9716,10526333.8459,25825603.980000004,-0.1483333,-0.6,415.9880749178873,1.128,176.8650000767982,154905.216,23645.52704500508,0,0,0,18715091.5065,17570204.8046,16608219.2093,10071219.0941,9397341.0646,9093500.9378,23744065.14,22888859.26,21916667.67,0.1933333,0.795,0.7225,-0.59,-0.62,-0.68,399.09358241761095,383.78804560270265,373.1160859924452,0.977,0.999,1.02,176.11163201674478,173.93977485446487,170.0111483547502,30940.7033,-152484.822,125376.4092,25378.411616464226,25057.95737558562,24719.49220292041,0.4516667,0.7833333,1.415,1.4025,0.0651606919004301,0.0717094361977042,0.0373634120549877,0.0398801812361622,0.0127885220680767,0.0257557631995861,0.036560041482241,0.0434202135649887,891156.7988800001,660573.930480001,9187396.473117646,8286222.188527273,7553118.986765625,5961073.360402942,5447413.371233333,5304309.908321874,12210932.80382353,11699839.860909088,11062887.279374998,-5.043897092156863,-4.576843434343434,-4.794635416666667,-4.375,-4.538484848484848,-4.7421875,185.744921758724,175.604214790598,170.08638815472614,-0.1423823529411763,-0.1240303030303029,-0.1062499999999999,47.18424200811131,46.37639650782627,43.77426282086509,-194199.00272971764,-389067.6955457697,-114681.666356575,4785.916134605322,4600.778920809349,4395.51105277364,-0.6688970921568631,-0.0383585858585859,-0.0524479166666669,0.0131762479273999,0.0050185430769954,-0.0234847695523677,-0.0147735210817741,-0.0030335936159499,-0.0162106099577852,0.0033875353173225,229617.18431548472,,,,,,,,,,,,,,,0.011044,,,
1989,CAN,0.0,449.873,212.517,345.478,9.92,12.0541666666667,92.12891518236005,0.7224708709375305,95.45201,-25.72172446108575,19108.487068697887,0,0,0,398.905,350.691,314.982,182.112,154.846,129.832,302.38,267.704,246.197,10.2241666666667,9.95,9.52,9.4825,8.14583333333333,8.97083333333333,78.38190804839455,70.23617656625638,61.13101599700652,0.7108355166126499,0.7144908373457096,0.7099854407413845,90.911,87.39537,83.74023,-18.230509036776184,-17.82248520266972,-15.670591679292668,18993.076728586937,18348.15459308392,17862.103969653257,-2.134166666666699,0.7416666666667009,1.804166666666669,0.5491666666666699,0.1374828552771528,0.176084626015525,0.1295311239279203,0.1159762942741338,0.0351491553132059,0.127769769744676,0.1011268200394028,0.0437798110270337,45.28869999999997,33.46379999999997,77.25999999999999,43.56899999999996,15.720000000000027,50.36166666666668,34.64350000000002,19.259,57.47733333333335,34.202,25.39000000000001,0.052777777777802,-0.332083333333351,-1.5241666666666998,0.6336111111111133,-1.0545833333333352,-0.45916666666667,15.773555496316432,11.441736021267388,4.673150904035076,0.0131119453808042,0.0251508991707961,0.041291005132942,7.070783333333338,5.332729999999998,3.35517999999999,-4.346187506671745,-5.907245508847923,-7.510703970941741,1062.3008893801198,626.0681308156527,280.0350147699828,-0.580833333333312,0.7224999999999842,-1.0650000000000297,0.054534052856625,-0.0073348207311421,0.0283590392546037,0.0001176013890811,0.0135798641692936,0.0181780176188749,0.0007600276731766,-232499.0601601265,,,,,,,,,,,,,,,,,,
1990,CAN,0.0,482.0585,226.016,373.909,10.8516666666667,12.8083333333333,100.0,0.7518991176916141,100.0,-23.507023432985623,18872.38850546588,0,0,0,449.873,398.905,350.691,212.517,182.112,154.846,345.478,302.38,267.704,9.92,10.2241666666667,9.95,12.0541666666667,9.4825,8.14583333333333,92.12891518236005,78.38190804839455,70.23617656625638,0.7224708709375305,0.7108355166126499,0.7144908373457096,95.45201,90.911,87.39537,-25.72172446108575,-18.230509036776184,-17.82248520266972,19108.487068697887,18993.076728586937,18348.15459308392,-1.9566666666665995,-2.134166666666699,0.7416666666667009,1.804166666666669,0.1277697697446761,0.1669576963626779,0.1425292678087175,0.1753849514032984,0.006076442577481,0.0715435245058049,0.126207002659015,0.0121329561346103,44.507050000000014,45.28869999999997,108.913,77.25999999999999,43.56899999999996,68.17625000000001,50.36166666666668,34.64350000000002,86.20600000000002,57.47733333333335,34.202,-0.2645833333333502,0.052777777777802,-0.332083333333351,3.0468750000000338,0.6336111111111133,-1.0545833333333352,25.57717375620281,15.773555496316432,11.441736021267388,0.0214693133604838,0.0131119453808042,0.0251508991707961,9.844097500000004,7.070783333333338,5.332729999999998,-10.750856054313374,-4.346187506671745,-5.907245508847923,912.1360071460404,1062.3008893801198,626.0681308156527,-3.311458333333384,-0.580833333333312,0.7224999999999842,0.0266429497052732,-0.0140168101402752,0.031904170050533,0.0594870580552186,-0.0200194699561958,0.0341691914290497,-0.0312668410558351,11.8249,,,,,,,,,,,,,,,,,,
1991,CAN,0.0,507.98525,243.998,391.322,9.76416666666666,8.72666666666666,97.12562578107996,0.8233953487693455,105.6152,-26.434076762809998,18262.46376863137,0,0,0,482.0585,449.873,398.905,226.016,212.517,182.112,373.909,345.478,302.38,10.8516666666667,9.92,10.2241666666667,12.8083333333333,12.0541666666667,9.4825,100.0,92.12891518236005,78.38190804839455,0.7518991176916141,0.7224708709375305,0.7108355166126499,100.0,95.45201,90.911,-23.507023432985623,-25.72172446108575,-18.230509036776184,18872.38850546588,19108.487068697887,18993.076728586937,1.0375000000000014,-1.9566666666665995,-2.134166666666699,0.7416666666667009,0.0715435245058049,0.0635196243124079,0.0822946757825389,0.0854355530189402,-0.0123556910802617,0.05378341010479,0.1122653831758779,0.0355989934941895,35.94262499999997,44.507050000000014,119.3159,108.913,77.25999999999999,68.03999999999999,68.17625000000001,50.36166666666668,97.3958,86.20600000000002,57.47733333333335,0.7200000000000202,-0.2645833333333502,0.052777777777802,3.191666666666629,3.0468750000000338,0.6336111111111133,28.332823822602208,25.57717375620281,15.773555496316432,0.0466036974424707,0.0214693133604838,0.0131119453808042,12.423267999999991,9.844097500000004,7.070783333333338,-6.385983815350574,-10.750856054313374,-4.346187506671745,493.610242484825,912.1360071460404,1062.3008893801198,-2.471666666666608,-3.311458333333384,-0.580833333333312,-0.0362440329599161,-0.1139506796554764,-0.0363064644882788,-0.0453341048429442,-0.0334467361248897,0.0088378414695626,0.0026214766556891,5.130800000000043,,,,,,,,,,,,,,,,,,
1992,CAN,0.0,531.78025,261.65,404.448,8.765,6.585,101.06630405806956,0.902315555047967,107.2056,-27.60701119814379,18146.724685223868,0,0,0,507.98525,482.0585,449.873,243.998,226.016,212.517,391.322,373.909,345.478,9.76416666666666,10.8516666666667,9.92,8.72666666666666,12.8083333333333,12.0541666666667,97.12562578107996,100.0,92.12891518236005,0.8233953487693455,0.7518991176916141,0.7224708709375305,105.6152,100.0,95.45201,-26.434076762809998,-23.507023432985623,-25.72172446108575,18262.46376863137,18872.38850546588,19108.487068697887,2.1800000000000006,1.0375000000000014,-1.9566666666665995,-2.134166666666699,0.0537834101047901,0.0795607390627212,0.0465701547702783,-0.0287437421892005,-0.0323183648247735,0.0468419112562816,0.0843655681184236,0.0386238133150205,27.164849999999987,35.94262499999997,125.35666666666664,119.3159,108.913,74.68199999999999,68.03999999999999,68.17625000000001,98.57616666666668,97.3958,86.20600000000002,-0.487500000000022,0.7200000000000202,-0.2645833333333502,-1.421944444444451,3.191666666666629,3.0468750000000338,20.736312299915127,28.332823822602208,25.57717375620281,0.1103326456131236,0.0466036974424707,0.0214693133604838,15.967923333333346,12.423267999999991,9.844097500000004,-8.248706509283181,-6.385983815350574,-10.750856054313374,-198.5828680971572,493.610242484825,912.1360071460404,0.934444444444428,-2.471666666666608,-3.311458333333384,-0.0467553407689477,-0.0751194289740678,-0.0647696926028836,-0.1504465790824961,-0.0467200626444235,-0.0212714339552822,0.0049909273125978,-5.143891666666683,,,,,,,,,,,,,,,,,,
1993,CAN,0.0,551.0995,276.491,415.341,7.845,4.84333333333333,108.0826336731974,0.9632376399920792,109.1797,-29.595384648695116,18309.1076884394,0,0,0,531.78025,507.98525,482.0585,261.65,243.998,226.016,404.448,391.322,373.909,8.765,9.76416666666666,10.8516666666667,6.585,8.72666666666666,12.8083333333333,101.06630405806956,97.12562578107996,100.0,0.902315555047967,0.8233953487693455,0.7518991176916141,107.2056,105.6152,100.0,-27.60701119814379,-26.434076762809998,-23.507023432985623,18146.724685223868,18262.46376863137,18872.38850546588,3.0016666666666696,2.1800000000000006,1.0375000000000014,-1.9566666666665995,0.0468419112562817,0.072344855285699,0.0335427090733461,0.0405730026993273,-0.0063375393853649,0.0363293860574926,0.0573896152889588,0.0127395432082551,23.09180000000006,27.164849999999987,131.24357142857144,125.35666666666664,119.3159,81.66514285714283,74.68199999999999,68.03999999999999,97.61985714285714,98.57616666666668,97.3958,-1.4170238095238226,-0.487500000000022,0.7200000000000202,-3.360476190476187,-1.421944444444451,3.191666666666629,21.71466024834544,20.736312299915127,28.332823822602208,0.1734910453755846,0.1103326456131236,0.0466036974424707,15.277191428571427,15.967923333333346,12.423267999999991,-8.243254300433666,-8.248706509283181,-6.385983815350574,-285.9529703479202,-198.5828680971572,493.610242484825,1.943452380952366,0.934444444444428,-2.471666666666608,-0.0459042828226315,-0.0698154079220787,-0.0670021895326685,-0.0560554043468855,-0.012952560097611,-0.0439930999936905,-0.0218915282566871,-12.635693749999994,,,,,,,,,,,,,,,,,,
1994,CAN,0.0,571.88525,284.163,426.028,8.63166666666666,5.53833333333333,112.0316271653187,0.9796179137160076,109.382,-19.50875400214093,18941.76839984985,0,0,0,551.0995,531.78025,507.98525,276.491,261.65,243.998,415.341,404.448,391.322,7.845,8.765,9.76416666666666,4.84333333333333,6.585,8.72666666666666,108.0826336731974,101.06630405806956,97.12562578107996,0.9632376399920792,0.902315555047967,0.8233953487693455,109.1797,107.2056,105.6152,-29.595384648695116,-27.60701119814379,-26.434076762809998,18309.1076884394,18146.724685223868,18262.46376863137,3.09333333333333,3.0016666666666696,2.1800000000000006,1.0375000000000014,0.0363293860574927,0.0567208102426906,0.0269330049845716,0.069423035506438,0.0089483367402246,0.0377168732688018,0.0456515691395214,0.0087876859654352,21.101924999999977,23.09180000000006,134.15737500000006,131.24357142857144,125.35666666666664,86.298,81.66514285714283,74.68199999999999,96.31037500000002,97.61985714285714,98.57616666666668,-2.159895833333345,-1.4170238095238226,-0.487500000000022,-4.682083333333335,-3.360476190476187,-1.421944444444451,26.01665733243009,21.71466024834544,20.736312299915127,0.2127267496477486,0.1734910453755846,0.1103326456131236,15.341642499999992,15.277191428571427,15.967923333333346,-9.201220963430782,-8.243254300433666,-8.248706509283181,-87.82584583889911,-285.9529703479202,-198.5828680971572,2.522187499999989,1.943452380952366,0.934444444444428,-0.0498590533324731,-0.0754658232619329,-0.0640401522596333,-0.0191974566330768,0.0041836817562087,-0.0483989628108462,-0.0221947974567257,-14.181604999999925,,,,,,,,,,,,,,,,,,
1995,CAN,0.0,574.37975,295.983,445.04,8.28083333333333,6.8925,110.55127430671894,1.016010098392697,111.7536,-6.909471025977387,19237.79770856229,0,0,0,571.88525,551.0995,531.78025,284.163,276.491,261.65,426.028,415.341,404.448,8.63166666666666,7.845,8.765,5.53833333333333,4.84333333333333,6.585,112.0316271653187,108.0826336731974,101.06630405806956,0.9796179137160076,0.9632376399920792,0.902315555047967,109.382,109.1797,107.2056,-19.50875400214093,-29.595384648695116,-27.60701119814379,18941.76839984985,18309.1076884394,18146.724685223868,1.38833333333333,3.09333333333333,3.0016666666666696,2.1800000000000006,0.0377168732688017,0.0277477386244037,0.0257306646827546,0.0365367992795366,0.03455442625475,0.0043618890328083,0.0402960568608587,0.005711167789073,14.85842499999994,21.101924999999977,140.03675000000004,134.15737500000006,131.24357142857144,84.38133333333337,86.298,81.66514285714283,96.29622222222224,96.31037500000002,97.61985714285714,-1.1332407407407563,-2.159895833333345,-1.4170238095238226,-3.466851851851853,-4.682083333333335,-3.360476190476187,27.074911120948045,26.01665733243009,21.71466024834544,0.2054707178552606,0.2127267496477486,0.1734910453755846,13.839315555555558,15.341642499999992,15.277191428571427,1.907767567949048,-9.201220963430782,-8.243254300433666,554.5932928869879,-87.82584583889911,-285.9529703479202,2.3336111111110958,2.522187499999989,1.943452380952366,-0.042239184454605,-0.0950056669724782,-0.0572374735289961,-0.0496840107808437,0.0292668110512079,-0.0468403375451023,-0.0221006302821272,-13.807879166666684,,,,,,,,,,,,,,,,,,
1996,CAN,0.0,599.95375,309.782,452.033,7.50333333333333,4.20666666666667,108.21078581228647,1.0171927577240745,113.4975,3.3254808347932685,19330.596623229223,0,0,0,574.37975,571.88525,551.0995,295.983,284.163,276.491,445.04,426.028,415.341,8.28083333333333,8.63166666666666,7.845,6.8925,5.53833333333333,4.84333333333333,110.55127430671894,112.0316271653187,108.0826336731974,1.016010098392697,0.9796179137160076,0.9632376399920792,111.7536,109.382,109.1797,-6.909471025977387,-19.50875400214093,-29.595384648695116,19237.79770856229,18941.76839984985,18309.1076884394,3.2966666666666606,1.38833333333333,3.09333333333333,3.0016666666666696,0.0043618890328084,0.0415958446384645,0.0446261748054118,-0.0132137048800985,0.0156283881453638,0.0445245501778224,0.0261360494530342,0.0188697330848819,14.905724999999997,14.85842499999994,128.52757499999996,140.03675000000004,134.15737500000006,87.76320000000001,84.38133333333337,86.298,105.67860000000002,96.29622222222224,96.31037500000002,-1.3707500000000117,-1.1332407407407563,-2.159895833333345,-1.7659999999999982,-3.466851851851853,-4.682083333333335,22.88706715025349,27.074911120948045,26.01665733243009,0.2213158307464239,0.2054707178552606,0.2127267496477486,14.82698400000001,13.839315555555558,15.341642499999992,14.316273787317686,1.907767567949048,-9.201220963430782,795.1632723107323,554.5932928869879,-87.82584583889911,0.3952499999999859,2.3336111111110958,2.522187499999989,-0.07090092597342,-0.0706013757392532,-0.0319822441253393,-0.093914069298163,0.0070889050472431,-0.055145302759789,-0.0061794862010524,-18.07882500000005,,,,,,,,,,,,,,,,,,
1997,CAN,0.0,632.1107499999999,322.971,448.721,6.42416666666667,3.25833333333333,111.04627417220811,0.9631791266441836,115.32647854933931,-12.841153865047309,19961.8228974183,0,0,0,599.95375,574.37975,571.88525,309.782,295.983,284.163,452.033,445.04,426.028,7.50333333333333,8.28083333333333,8.63166666666666,4.20666666666667,6.8925,5.53833333333333,108.21078581228647,110.55127430671894,112.0316271653187,1.0171927577240745,1.016010098392697,0.9796179137160076,113.4975,111.7536,109.382,3.3254808347932685,-6.909471025977387,-19.50875400214093,19330.596623229223,19237.79770856229,18941.76839984985,3.16583333333334,3.2966666666666606,1.38833333333333,3.09333333333333,0.0445245501778223,0.0466209207961267,0.0157131943196117,-0.0211710675350415,0.0048237805632827,0.0535991315997272,0.0288677708264775,0.0214939479409523,20.62504999999998,14.905724999999997,142.41725000000002,128.52757499999996,140.03675000000004,93.58372727272726,87.76320000000001,84.38133333333337,103.06445454545457,105.67860000000002,96.29622222222224,-2.023636363636374,-1.3707500000000117,-1.1332407407407563,-4.291287878787874,-1.7659999999999982,-3.466851851851853,18.465936187616165,22.88706715025349,27.074911120948045,0.2023788691008538,0.2213158307464239,0.2054707178552606,15.222976363636349,14.82698400000001,13.839315555555558,23.24974621287764,14.316273787317686,1.907767567949048,815.6746167675919,795.1632723107323,554.5932928869879,2.2676515151514995,0.3952499999999859,2.3336111111110958,-0.023648172231064,-0.0585161620076657,-0.0576970001986055,-0.0924800250232896,-0.0044245930395622,-0.0462863255241469,-0.0028686617670873,-15.77167187499999,,,,,,,0.335376,0.266923,2.0,,,,,,,,,
1998,CAN,0.0,677.70025,333.294,451.738,5.465,4.730833333333333,111.77165440987652,0.951645567683418,116.46496345234748,-13.774060626959622,20612.3873465468,0,0,0,632.1107499999999,599.95375,574.37975,322.971,309.782,295.983,448.721,452.033,445.04,6.42416666666667,7.50333333333333,8.28083333333333,3.25833333333333,4.20666666666667,6.8925,111.04627417220811,108.21078581228647,110.55127430671894,0.9631791266441836,1.0171927577240745,1.016010098392697,115.32647854933931,113.4975,111.7536,-12.841153865047309,3.3254808347932685,-6.909471025977387,19961.8228974183,19330.596623229223,19237.79770856229,0.7341666666666669,3.16583333333334,3.2966666666666606,1.38833333333333,0.0535991315997273,0.0425751012001989,-0.0073268986998737,0.0262033801772806,0.0326542572116239,0.0721226462293198,0.034161856936786,0.0262033504022724,34.21184999999989,20.62504999999998,162.70614583333332,142.41725000000002,128.52757499999996,98.97408333333335,93.58372727272726,87.76320000000001,91.16375,103.06445454545457,105.67860000000002,-2.9341666666666697,-2.023636363636374,-1.3707500000000117,-4.882013888888889,-4.291287878787874,-1.7659999999999982,19.762596531903128,18.465936187616165,22.88706715025349,0.1315003322625585,0.2023788691008538,0.2213158307464239,15.783373549339316,15.222976363636349,14.82698400000001,5.14563266196393,23.24974621287764,14.316273787317686,1378.9280062260368,815.6746167675919,795.1632723107323,1.9478472222222205,2.2676515151514995,0.3952499999999859,-0.0124237569699714,-0.0572423305119875,-0.0754919113818541,-0.0366983023088502,0.0238081193396482,-0.0363636068614238,0.0021276068709415,-8.299938888888896,,,,,,,,,,,,,,,,0.335376,,
1999,CAN,0.0,683.58725,341.492,477.142,5.690833333333334,4.71975,112.29013252985528,0.9136915092102222,118.4968782119764,1.2200952687268516,21563.04067519223,0,0,0,677.70025,632.1107499999999,599.95375,333.294,322.971,309.782,451.738,448.721,452.033,5.465,6.42416666666667,7.50333333333333,4.730833333333333,3.25833333333333,4.20666666666667,111.77165440987652,111.04627417220811,108.21078581228647,0.951645567683418,0.9631791266441836,1.0171927577240745,116.46496345234748,115.32647854933931,113.4975,-13.774060626959622,-12.841153865047309,3.3254808347932685,20612.3873465468,19961.8228974183,19330.596623229223,0.9710833333333336,0.7341666666666669,3.16583333333334,3.2966666666666606,0.0721226462293198,0.0319626220310801,0.0067235542798308,0.0065322339094737,0.0325904328713705,0.0086867313388183,0.0567487760022898,0.0140660556416454,29.64900000000002,34.21184999999989,195.77978846153843,162.70614583333332,142.41725000000002,101.6836923076923,98.97408333333335,93.58372727272726,87.16815384615381,91.16375,103.06445454545457,-3.667628205128212,-2.9341666666666697,-2.023636363636374,-3.033974358974357,-4.882013888888889,-4.291287878787874,18.967777036348224,19.762596531903128,18.465936187616165,0.10985136312775,0.1315003322625585,0.2023788691008538,15.707752794705996,15.783373549339316,15.222976363636349,3.816908002977465,5.14563266196393,23.24974621287764,1923.421070260225,1378.9280062260368,815.6746167675919,-0.6336538461538541,1.9478472222222205,2.2676515151514995,0.007135070740452,-0.063084615471774,-0.055150465786995,-0.0533112567175862,0.0217602850544241,-0.0104709053539723,-0.0102031066961347,6.116854999999902,,,,,,,,,,,,,,,,,0.335376,
2000,CAN,0.0,708.4739999999999,350.241,510.32,5.885833333333333,5.489833333333333,113.7428495263996,0.8212687062792537,121.7400285915097,27.745335543210174,22487.70818622514,0,0,0,683.58725,677.70025,632.1107499999999,341.492,333.294,322.971,477.142,451.738,448.721,5.690833333333334,5.465,6.42416666666667,4.71975,4.730833333333333,3.25833333333333,112.29013252985528,111.77165440987652,111.04627417220811,0.9136915092102222,0.951645567683418,0.9631791266441836,118.4968782119764,116.46496345234748,115.32647854933931,1.2200952687268516,-13.774060626959622,-12.841153865047309,21563.04067519223,20612.3873465468,19961.8228974183,0.3959999999999999,0.9710833333333336,0.7341666666666669,3.16583333333334,0.0086867313388183,0.0245969024344873,0.0562361368757996,0.0046387263632821,0.0461204863203143,0.0364061061700609,0.0448028363892885,0.032619931507755,23.497675,29.64900000000002,187.6825178571429,195.77978846153843,162.70614583333332,102.61857142857144,101.6836923076923,98.97408333333335,106.34585714285714,87.16815384615381,91.16375,-3.179821428571435,-3.667628205128212,-2.9341666666666697,-2.8283452380952365,-3.033974358974357,-4.882013888888889,18.131413939444958,18.967777036348224,19.762596531903128,0.0640507787168577,0.10985136312775,0.1315003322625585,16.6176852118559,15.707752794705996,15.783373549339316,18.53842761273697,3.816908002977465,5.14563266196393,2736.6871796013547,1923.421070260225,1378.9280062260368,-0.3514761904761978,-0.6336538461538541,1.9478472222222205,-0.0568496957454688,-0.0655976723397687,-0.0013955396689496,-0.0511038983624251,0.0336164704222584,-0.0215442695208093,0.0092010280613194,0.9979272727273134,,,,,,,,,,,,,,,,,,0.335376
2001,CAN,0.0,743.24425,372.854,540.224,5.7825,3.76858333333333,115.92730545453658,0.8265914473019219,124.79300604441946,25.09591131608721,22686.64558523288,0,0,0,708.4739999999999,683.58725,677.70025,350.241,341.492,333.294,510.32,477.142,451.738,5.885833333333333,5.690833333333334,5.465,5.489833333333333,4.71975,4.730833333333333,113.7428495263996,112.29013252985528,111.77165440987652,0.8212687062792537,0.9136915092102222,0.951645567683418,121.7400285915097,118.4968782119764,116.46496345234748,27.745335543210174,1.2200952687268516,-13.774060626959622,22487.70818622514,21563.04067519223,20612.3873465468,2.01391666666667,0.3959999999999999,0.9710833333333336,0.7341666666666669,0.0364061061700607,0.0256199266747097,0.0695348554518361,0.0129371741204247,0.0428820556878472,0.0490776655177183,0.039071827912733,0.031801861247508,22.15187500000002,23.497675,200.05709999999996,187.6825178571429,195.77978846153843,104.52633333333333,102.61857142857144,101.6836923076923,132.4341333333333,106.34585714285714,87.16815384615381,-2.772833333333339,-3.179821428571435,-3.667628205128212,-1.8697055555555544,-2.8283452380952365,-3.033974358974357,18.375370006692933,18.131413939444958,18.967777036348224,-0.0326420761285679,0.0640507787168577,0.10985136312775,18.752989910598814,16.6176852118559,15.707752794705996,43.82777271303784,18.53842761273697,3.816908002977465,3478.908878660841,2736.6871796013547,1923.421070260225,-0.9031277777777847,-0.3514761904761978,-0.6336538461538541,-0.0250696283609786,-0.0598891000752772,0.0120028603120117,-0.0391551721508235,0.0279768633310585,-0.025618026495764,0.0076751864117401,-5.236558333333317,,,,,,,,,,,,,,,,,,
2002,CAN,0.0,775.79275,405.953,570.306,5.661666666666667,2.58575,124.95347148003496,0.8055399187270418,127.63283666010685,19.765396119036005,23155.136569813305,0,0,0,743.24425,708.4739999999999,683.58725,372.854,350.241,341.492,540.224,510.32,477.142,5.7825,5.885833333333333,5.690833333333334,3.76858333333333,5.489833333333333,4.71975,115.92730545453658,113.7428495263996,112.29013252985528,0.8265914473019219,0.8212687062792537,0.9136915092102222,124.79300604441946,121.7400285915097,118.4968782119764,25.09591131608721,27.745335543210174,1.2200952687268516,22686.64558523288,22487.70818622514,21563.04067519223,3.075916666666667,2.01391666666667,0.3959999999999999,0.9710833333333336,0.0490776655177184,0.064564114424068,0.0585985264147986,0.0192052154243768,0.0088464950434388,0.0437924679538388,0.0313901676755325,0.0206573623726923,31.13867499999993,22.15187500000002,222.32378125,200.05709999999996,187.6825178571429,120.6064375,104.52633333333333,102.61857142857144,154.06100000000004,132.4341333333333,106.34585714285714,-2.70286458333334,-2.772833333333339,-3.179821428571435,-3.4740989583333355,-1.8697055555555544,-2.8283452380952365,19.411365309411607,18.375370006692933,18.131413939444958,-0.0252792053478643,-0.0326420761285679,0.0640507787168577,20.633905494096155,18.752989910598814,16.6176852118559,38.439112691350005,43.82777271303784,18.53842761273697,3460.41447275228,3478.908878660841,2736.6871796013547,0.7712343749999966,-0.9031277777777847,-0.3514761904761978,-0.0107267604559224,-0.0169523056542338,0.0002663405875068,-0.0302767860368165,-0.0079238215354204,-0.0314698276975528,-0.004017540063914,-6.179546153846115,,,,0.14399266666666666,0.41566666666666663,3.0,0.036074,0.272486,1.0,,,,,,,,,
2003,CAN,0.0,808.0475,431.247,605.479,5.278333333333333,2.870083333333333,137.60115826055485,0.7656183155768953,131.13252904132696,13.483534637309225,23406.98027019085,0,0,0,775.79275,743.24425,708.4739999999999,405.953,372.854,350.241,570.306,540.224,510.32,5.661666666666667,5.7825,5.885833333333333,2.58575,3.76858333333333,5.489833333333333,124.95347148003496,115.92730545453658,113.7428495263996,0.8055399187270418,0.8265914473019219,0.8212687062792537,127.63283666010685,124.79300604441946,121.7400285915097,19.765396119036005,25.09591131608721,27.745335543210174,23155.136569813305,22686.64558523288,22487.70818622514,2.40825,3.075916666666667,2.01391666666667,0.3959999999999999,0.0437924679538388,0.0887720126376544,0.0556843087311929,0.0778605695190437,0.020650518068893,0.0415765035184978,0.0430920798805393,0.0063647475727805,33.12689999999998,31.13867499999993,241.79441176470584,222.32378125,200.05709999999996,146.6109411764706,120.6064375,104.52633333333333,175.08058823529416,154.06100000000004,132.4341333333333,-2.664705882352946,-2.70286458333334,-2.772833333333339,-4.4525735294117625,-3.4740989583333355,-1.8697055555555544,27.295686316709293,19.411365309411607,18.375370006692933,-0.0448437218434581,-0.0252792053478643,-0.0326420761285679,22.259976963071978,20.633905494096155,18.752989910598814,30.84747321833704,38.439112691350005,43.82777271303784,3725.3516648178665,3460.41447275228,3478.908878660841,1.7878676470588175,0.7712343749999966,-0.9031277777777847,-0.0153415354913068,0.0083151116627421,-0.002664523382818,0.0302708671851514,0.0043754403359975,-0.0176699269793758,-0.0180423188595649,3.248649999999948,,,,0.013188,0.365693,1.0,0.058318,0.315095,1.0,,,,0.14399266666666666,,,0.036074,,
2004,CAN,0.0,875.8405,462.098,644.388,5.0808333333333335,2.2199166666666663,152.7145508927851,0.7260071608622163,133.54606598256956,27.96630554442056,23952.908626048556,0,0,0,808.0475,775.79275,743.24425,431.247,405.953,372.854,605.479,570.306,540.224,5.278333333333333,5.661666666666667,5.7825,2.870083333333333,2.58575,3.76858333333333,137.60115826055485,124.95347148003496,115.92730545453658,0.7656183155768953,0.8055399187270418,0.8265914473019219,131.13252904132696,127.63283666010685,124.79300604441946,13.483534637309225,19.765396119036005,25.09591131608721,23406.98027019085,23155.136569813305,22686.64558523288,2.860916666666667,2.40825,3.075916666666667,2.01391666666667,0.0415765035184977,0.0623077055718273,0.0616739083930381,0.1012191708698605,0.0108763642839346,0.0838972956416548,0.0448155456633516,0.0038538128956157,43.00435000000005,33.12689999999998,260.61613888888894,241.79441176470584,222.32378125,163.7598888888889,146.6109411764706,120.6064375,200.52688888888892,175.08058823529416,154.06100000000004,-2.900000000000005,-2.664705882352946,-2.70286458333334,-3.920874999999999,-4.4525735294117625,-3.4740989583333355,38.42694607963424,27.295686316709293,19.411365309411607,-0.0822740071134126,-0.0448437218434581,-0.0252792053478643,24.52300395745479,22.259976963071978,20.633905494096155,22.851863224480415,30.84747321833704,38.439112691350005,3770.231383816637,3725.3516648178665,3460.41447275228,1.0208749999999935,1.7878676470588175,0.7712343749999966,-0.0166550566624534,-0.0186383196185402,0.0034818129486046,0.0518488292897828,-0.0056560922922547,-0.0148420907603525,-0.0194256086080069,5.020298333333326,,,,0.29624766666666663,0.260384,3.0,0.09588133333333333,0.323518,3.0,,,,0.013188,0.14399266666666666,,0.058318,0.036074,
2005,CAN,0.0,949.87725,498.658,683.068,4.385833333333333,2.72608333333333,167.37794364729797,0.7160815084671124,136.52501639021645,25.541092034565956,24484.344653524106,0,0,0,875.8405,808.0475,775.79275,462.098,431.247,405.953,644.388,605.479,570.306,5.0808333333333335,5.278333333333333,5.661666666666667,2.2199166666666663,2.870083333333333,2.58575,152.7145508927851,137.60115826055485,124.95347148003496,0.7260071608622163,0.7656183155768953,0.8055399187270418,133.54606598256956,131.13252904132696,127.63283666010685,27.96630554442056,13.483534637309225,19.765396119036005,23952.908626048556,23406.98027019085,23155.136569813305,1.6597500000000034,2.860916666666667,2.40825,3.075916666666667,0.0838972956416547,0.0715390483875829,0.0642615185662921,0.1098347777248521,0.0233233142231913,0.0845322293271435,0.0564220890379971,0.0238200096143962,59.00464999999996,43.00435000000005,314.6925,260.61613888888894,241.79441176470584,185.9919473684211,163.7598888888889,146.6109411764706,228.8818421052632,200.52688888888892,175.08058823529416,-2.944868421052637,-2.900000000000005,-2.664705882352946,-4.364679824561403,-3.920874999999999,-4.4525735294117625,51.517867865567936,38.42694607963424,27.295686316709293,-0.1175549509273856,-0.0822740071134126,-0.0448437218434581,25.64585647988396,24.52300395745479,22.259976963071978,36.131904488198046,22.851863224480415,30.84747321833704,4117.726508947151,3770.231383816637,3725.3516648178665,1.4198114035087668,1.0208749999999935,1.7878676470588175,0.0265910163863954,-0.0083715146017546,0.0058759890691583,0.0575839456286753,0.0071050849965715,-0.0023624832233333,0.001683270970068,14.583979687500069,,,,0.5034005,0.217291,4.0,0.0480095,0.2739355,2.0,,,,0.29624766666666663,0.013188,0.14399266666666666,0.09588133333333333,0.058318,0.036074
2006,CAN,0.0,1029.36625,536.492,746.542,4.299166666666666,4.03416666666667,186.5004927987792,0.7025527352704934,139.27933300534156,20.96402314252409,24967.16720744424,0,0,0,949.87725,875.8405,808.0475,498.658,462.098,431.247,683.068,644.388,605.479,4.385833333333333,5.0808333333333335,5.278333333333333,2.72608333333333,2.2199166666666663,2.870083333333333,167.37794364729797,152.7145508927851,137.60115826055485,0.7160815084671124,0.7260071608622163,0.7656183155768953,136.52501639021645,133.54606598256956,131.13252904132696,25.541092034565956,27.96630554442056,13.483534637309225,24484.344653524106,23952.908626048556,23406.98027019085,0.2649999999999961,1.6597500000000034,2.860916666666667,2.40825,0.0845322293271434,0.079117416651879,0.0600259471001942,0.0960183078088443,0.0221867012383465,0.0836834443608371,0.0700020094957654,0.0246192572541089,73.79929999999993,59.00464999999996,372.994625,314.6925,260.61613888888894,213.25235,185.9919473684211,163.7598888888889,256.11774999999994,228.8818421052632,200.52688888888892,-3.492625000000004,-2.944868421052637,-2.900000000000005,-3.640279166666669,-4.364679824561403,-3.920874999999999,63.605367226802414,51.517867865567936,38.42694607963424,-0.1216028557761202,-0.1175549509273856,-0.0822740071134126,27.34251406353667,25.64585647988396,24.52300395745479,31.900095753933535,36.131904488198046,22.851863224480415,4443.276210975342,4117.726508947151,3770.231383816637,0.1476541666666644,1.4198114035087668,1.0208749999999935,0.0258264228936527,-0.0003525403057872,0.0013311550204731,0.040736741732211,0.0055945201698019,0.0113486863023978,0.0023890035558881,29.72639852941174,,,,0.26771866666666666,0.35767499999999997,3.0,0.1200225,0.27928050000000004,2.0,,,,0.5034005,0.29624766666666663,0.013188,0.0480095,0.09588133333333333,0.058318
2007,CAN,0.0,1141.7925,586.254,797.896,4.335,4.15166666666667,207.06475351501263,0.6651826078770181,142.24679645768902,10.919305198826509,25300.08385970836,0,0,0,1029.36625,949.87725,875.8405,536.492,498.658,462.098,746.542,683.068,644.388,4.299166666666666,4.385833333333333,5.0808333333333335,4.03416666666667,2.72608333333333,2.2199166666666663,186.5004927987792,167.37794364729797,152.7145508927851,0.7025527352704934,0.7160815084671124,0.7260071608622163,139.27933300534156,136.52501639021645,133.54606598256956,20.96402314252409,25.541092034565956,27.96630554442056,24967.16720744424,24484.344653524106,23952.908626048556,0.18333333333333,0.2649999999999961,1.6597500000000034,2.860916666666667,0.0836834443608371,0.0758716394803652,0.0929248625319881,0.1142477242507927,0.0197196437459329,0.1092189004642418,0.0840376564432118,0.0004414576375116,87.73450000000012,73.79929999999993,434.7219761904762,372.994625,314.6925,240.9314761904762,213.25235,185.9919473684211,307.39566666666667,256.11774999999994,228.8818421052632,-3.4129761904761957,-3.492625000000004,-2.944868421052637,-2.1588492063492017,-3.640279166666669,-4.364679824561403,79.69908936748352,63.605367226802414,51.517867865567936,-0.1293410167929239,-0.1216028557761202,-0.1175549509273856,28.79480619944573,27.34251406353667,25.64585647988396,25.80397468313294,31.900095753933535,36.131904488198046,4714.514183420462,4443.276210975342,4117.726508947151,-1.2541269841269935,0.1476541666666644,1.4198114035087668,0.0236863167826638,-0.0035806904620117,0.0341635127012434,0.0569293210875488,0.0028477366688983,0.0247870339707707,-0.0219145330899664,42.86958194444439,,,,0.5606655,0.36595900000000003,4.0,0.1974845,0.230288,2.0,,,,0.26771866666666666,0.5034005,0.29624766666666663,0.1200225,0.0480095,0.09588133333333333
2008,CAN,0.0,1242.41575,620.283,908.547,4.04,2.39,223.04684156335824,0.7111408254117143,145.63927725611464,3.891711378718545,25262.071135439157,0,0,0,1141.7925,1029.36625,949.87725,586.254,536.492,498.658,797.896,746.542,683.068,4.335,4.299166666666666,4.385833333333333,4.15166666666667,4.03416666666667,2.72608333333333,207.06475351501263,186.5004927987792,167.37794364729797,0.6651826078770181,0.7025527352704934,0.7160815084671124,142.24679645768902,139.27933300534156,136.52501639021645,10.919305198826509,20.96402314252409,25.541092034565956,25300.08385970836,24967.16720744424,24484.344653524106,1.65,0.18333333333333,0.2649999999999961,1.6597500000000034,0.1092189004642419,0.0927544119949599,0.0687891639050447,0.1102638411707621,0.0133341780226015,0.0881274399682956,0.0924781913840742,0.0145040895736293,99.004175,87.73450000000012,527.3881363636364,434.7219761904762,372.994625,279.74204545454546,240.9314761904762,213.25235,344.7771363636363,307.39566666666667,256.11774999999994,-3.22200757575758,-3.4129761904761957,-3.492625000000004,-1.9432196969696929,-2.1588492063492017,-3.640279166666669,96.64066420337684,79.69908936748352,63.605367226802414,-0.1608320070594483,-0.1293410167929239,-0.1216028557761202,30.453414824545675,28.79480619944573,27.34251406353667,14.586348799292946,25.80397468313294,31.900095753933535,4833.134736438198,4714.514183420462,4443.276210975342,-1.2787878787878872,-1.2541269841269935,0.1476541666666644,0.0480938530392751,0.0134725911222026,0.0084009801361456,0.0502345179557302,-0.0036733355624759,0.0319882172130945,-0.0067561744993504,54.54848815789488,,,,0.44935479999999994,0.1734156,5.0,0.26274,0.28647049999999996,2.0,,,,0.5606655,0.26771866666666666,0.5034005,0.1974845,0.1200225,0.0480095
2009,CAN,0.0,1268.50225,613.882,992.156,3.89083333333333,0.35,217.6226310808068,0.8330140583458961,146.0757815574922,-42.67539127723346,24361.021416833475,0,0,0,1242.41575,1141.7925,1029.36625,620.283,586.254,536.492,908.547,797.896,746.542,4.04,4.335,4.299166666666666,2.39,4.15166666666667,4.03416666666667,223.04684156335824,207.06475351501263,186.5004927987792,0.7111408254117143,0.6651826078770181,0.7025527352704934,145.63927725611464,142.24679645768902,139.27933300534156,3.891711378718545,10.919305198826509,20.96402314252409,25262.071135439157,25300.08385970836,24967.16720744424,3.54083333333333,1.65,0.18333333333333,0.2649999999999961,0.0881274399682955,0.0580448065173116,0.1386784743876395,0.0771840102047442,-0.0015024742400061,0.0209965947389187,0.0936765949311249,0.0136422036417635,81.80312500000007,99.004175,605.0814673913045,527.3881363636364,434.7219761904762,301.60834782608697,279.74204545454546,240.9314761904762,440.4378260869565,344.7771363636363,307.39566666666667,-3.376920289855076,-3.22200757575758,-3.4129761904761957,-3.620398550724637,-1.9432196969696929,-2.1588492063492017,108.42098424287995,96.64066420337684,79.69908936748352,-0.1078810935656456,-0.1608320070594483,-0.1293410167929239,32.52183410886062,30.453414824545675,28.79480619944573,6.924565900954857,14.586348799292946,25.80397468313294,4584.985719280372,4833.134736438198,4714.514183420462,0.2434782608695604,-1.2787878787878872,-1.2541269841269935,0.0248163083142707,-0.0218494048610004,0.0779084278852793,0.0148712998099063,-0.0183430180267892,0.0316633723214264,-0.007296337836009,63.090738750000014,,,,0.37587775,0.279656,4.0,0.4254,0.232788,1.0,,,,0.44935479999999994,0.5606655,0.26771866666666666,0.26274,0.1974845,0.1200225
2010,CAN,0.0,1357.42,672.994,1046.533,3.6575,0.5975,234.28069720633232,0.8395317516594774,148.66034649985934,-58.2150168438426,24941.23562562982,0,0,0,1268.50225,1242.41575,1141.7925,613.882,620.283,586.254,992.156,908.547,797.896,3.89083333333333,4.04,4.335,0.35,2.39,4.15166666666667,217.6226310808068,223.04684156335824,207.06475351501263,0.8330140583458961,0.7111408254117143,0.6651826078770181,146.0757815574922,145.63927725611464,142.24679645768902,-42.67539127723346,3.891711378718545,10.919305198826509,24361.021416833475,25262.071135439157,25300.08385970836,3.06,3.54083333333333,1.65,0.18333333333333,0.0209965947389188,-0.0103194832036345,0.09202495853269,-0.0243187056339045,-0.0356680857153327,0.070096643502209,0.0727809783904854,0.046069829814017,67.2969,81.80312500000007,605.9562395833333,605.0814673913045,527.3881363636364,282.6403333333333,301.60834782608697,279.74204545454546,505.69524999999993,440.4378260869565,344.7771363636363,-3.385381944444451,-3.376920289855076,-3.22200757575758,-5.50954861111111,-3.620398550724637,-1.9432196969696929,98.4792327502085,108.42098424287995,96.64066420337684,0.0184871849337714,-0.1078810935656456,-0.1608320070594483,31.603261989035644,32.52183410886062,30.453414824545675,-39.9310603342036,6.924565900954857,14.586348799292946,3492.8949290380115,4584.985719280372,4833.134736438198,2.1241666666666585,0.2434782608695604,-1.2787878787878872,-0.0433935068418133,-0.0892637204575552,0.0278675890787958,-0.087277994281347,-0.051711106979212,0.0093285115843584,0.025462940056063,42.88536785714293,,,,0.292327,0.4888785,4.0,,,,,,,0.37587775,0.44935479999999994,0.5606655,0.4254,0.26274,0.1974845
2011,CAN,0.0,1487.8113503423904,754.1424,1113.83,3.21416666666667,0.921666666666667,249.7846603846032,0.8177793009605633,152.95774411020514,-50.79167555140203,25470.997020197392,0,0,0,1357.42,1268.50225,1242.41575,672.994,613.882,620.283,1046.533,992.156,908.547,3.6575,3.89083333333333,4.04,0.5975,0.35,2.39,234.28069720633232,217.6226310808068,223.04684156335824,0.8395317516594774,0.8330140583458961,0.7111408254117143,148.66034649985934,146.0757815574922,145.63927725611464,-58.2150168438426,-42.67539127723346,3.891711378718545,24941.23562562982,24361.021416833475,25262.071135439157,2.292500000000003,3.06,3.54083333333333,1.65,0.070096643502209,0.096292121287153,0.0548069053656884,0.0765456517219485,0.0238173186119123,0.0960582209945266,0.0597402260698078,0.0347430443661496,82.51045510271717,67.2969,670.63574,605.9562395833333,605.0814673913045,330.44672,282.6403333333333,301.60834782608697,539.8444399999998,505.69524999999993,440.4378260869565,-3.483300000000004,-3.385381944444451,-3.376920289855076,-5.041666666666666,-5.50954861111111,-3.620398550724637,111.1981295657257,98.4792327502085,108.42098424287995,0.0242653908500017,0.0184871849337714,-0.1078810935656456,32.923696451841366,31.603261989035644,32.52183410886062,-53.8734434874446,-39.9310603342036,6.924565900954857,3933.393340672836,3492.8949290380115,4584.985719280372,1.5583666666666625,2.1241666666666585,0.2434782608695604,0.0075146047065524,0.0210672057189638,-0.0105116136331555,0.0172229461695621,0.0099289268055003,-0.0041178281965086,0.013029070257932,26.429807954545453,0.31286400000000003,0.21583999999999998,2.0,0.36591625,0.53003875,4.0,,,,,,,0.292327,0.37587775,0.44935479999999994,,0.4254,0.26274
2012,CAN,0.0,1590.9324896293133,856.6814671257857,1175.022,2.33166666666667,0.9725,259.2317230348579,0.8540521814513018,155.2972540061849,-64.27243689260132,25645.574336158857,0,0,0,1487.8113503423904,1357.42,1268.50225,754.1424,672.994,613.882,1113.83,1046.533,992.156,3.21416666666667,3.6575,3.89083333333333,0.921666666666667,0.5975,0.35,249.7846603846032,234.28069720633232,217.6226310808068,0.8177793009605633,0.8395317516594774,0.8330140583458961,152.95774411020514,148.66034649985934,146.0757815574922,-50.79167555140203,-58.2150168438426,-42.67539127723346,25470.997020197392,24941.23562562982,24361.021416833475,1.35916666666667,2.292500000000003,3.06,3.54083333333333,0.0960582209945266,0.1205781923761577,0.0643047089771655,0.0661768697257052,0.0212403828951916,0.06931062816747,0.0623838197452181,0.038120567568754,109.768206923033,82.51045510271717,775.2334080346981,670.63574,605.9562395833333,398.8856307692307,330.44672,282.6403333333333,586.3781923076923,539.8444399999998,505.69524999999993,-3.792660256410257,-3.483300000000004,-3.385381944444451,-4.523589743589743,-5.041666666666666,-5.50954861111111,122.42524160685323,111.1981295657257,98.4792327502085,0.001579655887626,0.0242653908500017,0.0184871849337714,35.95479804480864,32.923696451841366,31.603261989035644,-44.37804667625616,-53.8734434874446,-39.9310603342036,4311.870375983763,3933.393340672836,3492.8949290380115,0.7309294871794865,1.5583666666666625,2.1241666666666585,0.0331755980106078,0.0445105885792099,-0.0005933454763521,0.0061652463265363,0.0069548340165596,-0.0013026583462437,0.0158637155331225,40.4942409722824,0.2542927272727273,0.3200647272727273,11.0,0.3012308,0.4677918,5.0,0.14608425,0.20140425,4.0,0.31286400000000003,,,0.36591625,0.292327,0.37587775,,,0.4254
2013,CAN,0.0,1678.8342132399878,870.9131955185967,1256.092,2.71833333333333,0.969166666666666,265.90138582645125,0.8612908838862671,156.7331234186111,-61.82916868517761,25966.337119654458,0,0,0,1590.9324896293133,1487.8113503423904,1357.42,856.6814671257857,754.1424,672.994,1175.022,1113.83,1046.533,2.33166666666667,3.21416666666667,3.6575,0.9725,0.921666666666667,0.5975,259.2317230348579,249.7846603846032,234.28069720633232,0.8540521814513018,0.8177793009605633,0.8395317516594774,155.2972540061849,152.95774411020514,148.66034649985934,-64.27243689260132,-50.79167555140203,-58.2150168438426,25645.574336158857,25470.997020197392,24941.23562562982,1.7491666666666643,1.35916666666667,2.292500000000003,3.06,0.06931062816747,0.135967778931122,0.0549383658188413,0.0378208278911472,0.0068539647593313,0.0552516993547322,0.0784884975547352,0.0152209014627806,106.73637790068862,109.768206923033,849.6421988758914,775.2334080346981,670.63574,486.6511560146746,398.8856307692307,330.44672,625.8524814814814,586.3781923076923,539.8444399999998,-4.534691358024691,-3.792660256410257,-3.483300000000004,-4.3052160493827145,-4.523589743589743,-5.041666666666666,127.33803604944674,122.42524160685323,111.1981295657257,0.0377940306047488,0.001579655887626,0.0242653908500017,36.962648753943625,35.95479804480864,32.923696451841366,-56.21517665907559,-44.37804667625616,-53.8734434874446,4326.748789131016,4311.870375983763,3933.393340672836,-0.2294753086419758,0.7309294871794865,1.5583666666666625,0.0051520206446817,0.0581882294195892,-0.0099368676548167,-0.0224279203667345,-0.0076990777353222,0.014854125797123,-0.0076704991941757,66.06473275208646,0.2533854285714286,0.44747914285714285,7.0,0.22958275,0.59530775,4.0,0.218047,0.18161,1.0,0.2542927272727273,0.31286400000000003,,0.3012308,0.36591625,0.292327,0.14608425,,
2014,CAN,0.0,1776.1965043222615,891.5427164089059,1315.913,2.59833333333333,0.910833333333333,280.06705343984714,0.8557941308277416,159.74270570705642,-48.56955975217181,26441.103335942946,0,0,0,1678.8342132399878,1590.9324896293133,1487.8113503423904,870.9131955185967,856.6814671257857,754.1424,1256.092,1175.022,1113.83,2.71833333333333,2.33166666666667,3.21416666666667,0.969166666666666,0.9725,0.921666666666667,265.90138582645125,259.2317230348579,249.7846603846032,0.8612908838862671,0.8540521814513018,0.8177793009605633,156.7331234186111,155.2972540061849,152.95774411020514,-61.82916868517761,-64.27243689260132,-50.79167555140203,25966.337119654458,25645.574336158857,25470.997020197392,1.687499999999997,1.7491666666666643,1.35916666666667,2.292500000000003,0.0552516993547322,0.0166126255077738,0.0689944528698187,0.0257285748577017,0.0125075297316832,0.0579939879199709,0.0735401828389096,0.020729445280175,95.30571855502896,106.73637790068862,907.1995582409984,849.6421988758914,775.2334080346981,483.5024859783901,486.6511560146746,398.8856307692307,684.5706071428573,625.8524814814814,586.3781923076923,-3.986071428571434,-4.534691358024691,-3.792660256410257,-4.154791666666666,-4.3052160493827145,-4.523589743589743,129.45991183927413,127.33803604944674,122.42524160685323,0.0436829462324016,0.0377940306047488,0.001579655887626,37.078423568014685,36.962648753943625,35.95479804480864,-51.76422357097061,-56.21517665907559,-44.37804667625616,4492.984830157649,4326.748789131016,4311.870375983763,0.1687202380952317,-0.2294753086419758,0.7309294871794865,-0.0090977237474886,-0.0633220436118918,0.0044872515315242,-0.0336895096828936,-0.0017603617357361,0.0093344985506389,-0.0018669361770052,60.39031441965863,,,,0.23921025,0.419686,4.0,0.280093,0.223921,1.0,0.2533854285714286,0.2542927272727273,0.31286400000000003,0.22958275,0.3012308,0.36591625,0.218047,0.14608425,
2015,CAN,0.0,1906.6763456596773,979.547838782566,1395.35,2.02333333333334,0.503333333333333,295.11807527908024,0.911923036151285,161.52956542029793,-75.69859974871379,26402.305924722383,0,0,0,1776.1965043222615,1678.8342132399878,1590.9324896293133,891.5427164089059,870.9131955185967,856.6814671257857,1315.913,1256.092,1175.022,2.59833333333333,2.71833333333333,2.33166666666667,0.910833333333333,0.969166666666666,0.9725,280.06705343984714,265.90138582645125,259.2317230348579,0.8557941308277416,0.8612908838862671,0.8540521814513018,159.74270570705642,156.7331234186111,155.2972540061849,-48.56955975217181,-61.82916868517761,-64.27243689260132,26441.103335942946,25966.337119654458,25645.574336158857,1.5200000000000071,1.687499999999997,1.7491666666666643,1.35916666666667,0.0579939879199709,0.0236872296762309,0.0476246962802087,0.0532741398446172,0.0182839117469952,0.0734602511714788,0.060852105147391,0.0074525160452469,104.4593859173368,95.30571855502896,973.2791059356514,907.1995582409984,849.6421988758914,487.4595073522031,483.5024859783901,486.6511560146746,720.7857241379311,684.5706071428573,625.8524814814814,-3.968620689655179,-3.986071428571434,-4.534691358024691,-4.06985632183908,-4.154791666666666,-4.3052160493827145,139.16144456166057,129.45991183927413,127.33803604944674,0.0366798846831037,0.0436829462324016,0.0377940306047488,38.80943952652849,37.078423568014685,36.962648753943625,-36.71964141137962,-51.76422357097061,-56.21517665907559,4812.8205350613935,4492.984830157649,4326.748789131016,0.1012356321839014,0.1687202380952317,-0.2294753086419758,-0.0060305164769825,-0.0539859378858672,-0.0170427640413545,-0.004940747921589,0.0040788903415663,-0.0036993013094218,-0.0150747196275998,46.63695067324286,,,,0.32488575,0.41359175,4.0,0.112689,0.162705,1.0,,0.2533854285714286,0.2542927272727273,0.23921025,0.22958275,0.3012308,0.280093,0.218047,0.14608425
2016,CAN,0.0,1998.8838913165337,1059.1155307381998,1515.7,1.80416666666667,0.5,324.3347647317092,0.9173260397870192,163.84865406241207,-63.45946652873121,26389.803801027017,0,0,0,1906.6763456596773,1776.1965043222615,1678.8342132399878,979.547838782566,891.5427164089059,870.9131955185967,1395.35,1315.913,1256.092,2.02333333333334,2.59833333333333,2.71833333333333,0.503333333333333,0.910833333333333,0.969166666666666,295.11807527908024,280.06705343984714,265.90138582645125,0.911923036151285,0.8557941308277416,0.8612908838862671,161.52956542029793,159.74270570705642,156.7331234186111,-75.69859974871379,-48.56955975217181,-61.82916868517761,26402.305924722383,26441.103335942946,25966.337119654458,1.30416666666667,1.5200000000000071,1.687499999999997,1.7491666666666643,0.0734602511714788,0.098711055290924,0.0603664527974113,0.053740779768177,-0.0014673143827482,0.0483603553727174,0.0622353128153939,0.0098173044909072,109.06288755670556,104.4593859173368,1071.3163104085456,973.2791059356514,907.1995582409984,559.2159794807897,487.4595073522031,483.5024859783901,776.1965333333333,720.7857241379311,684.5706071428573,-4.41133333333333,-3.968620689655179,-3.986071428571434,-4.341694444444443,-4.06985632183908,-4.154791666666666,149.57375158217167,139.16144456166057,129.45991183927413,0.091586127183877,0.0366798846831037,0.0436829462324016,39.30265125555238,38.80943952652849,37.078423568014685,-62.62469336087561,-36.71964141137962,-51.76422357097061,4613.595772672117,4812.8205350613935,4492.984830157649,-0.0696388888888852,0.1012356321839014,0.1687202380952317,0.0096436956185592,0.0228994717938557,-0.0037133260054845,-0.0043037373800433,-0.0158129871792656,-0.0021839757375109,-0.0121715483380967,54.06332356617132,,,,0.41564,0.32749875,4.0,0.073858,0.201338,1.0,,,0.2533854285714286,0.32488575,0.23921025,0.22958275,0.112689,0.280093,0.218047
2017,CAN,0.0,2118.6385237063537,1076.0491460934672,1604.356,2.180833333,0.7100000000000001,363.8805868191059,0.8884123961000466,166.47533784087707,-58.00301964263396,26862.50104274103,0,0,0,1998.8838913165337,1906.6763456596773,1776.1965043222615,1059.1155307381998,979.547838782566,891.5427164089059,1515.7,1395.35,1315.913,1.80416666666667,2.02333333333334,2.59833333333333,0.5,0.503333333333333,0.910833333333333,324.3347647317092,295.11807527908024,280.06705343984714,0.9173260397870192,0.911923036151285,0.8557941308277416,163.84865406241207,161.52956542029793,159.74270570705642,-63.45946652873121,-75.69859974871379,-48.56955975217181,26389.803801027017,26402.305924722383,26441.103335942946,1.470833333,1.30416666666667,1.5200000000000071,1.687499999999997,0.0483603553727173,0.0812290005708396,0.0862507614576988,0.0989999999999999,-0.0004735239312433,0.059910749648868,0.0599381981547223,0.0126623914548103,111.95336038091334,109.06288755670556,1128.9652654070617,1071.3163104085456,973.2791059356514,620.7444462918819,559.2159794807897,487.4595073522031,871.5079354838709,776.1965333333333,720.7857241379311,-4.488198924731182,-4.41133333333333,-3.968620689655179,-4.20497311827957,-4.341694444444443,-4.06985632183908,173.96548130634343,149.57375158217167,139.16144456166057,0.0940347396201313,0.091586127183877,0.0366798846831037,40.35391243780998,39.30265125555238,38.80943952652849,-48.36540874215511,-62.62469336087561,-36.71964141137962,4452.267978890555,4613.595772672117,4812.8205350613935,-0.2832258064516131,-0.0696388888888852,0.1012356321839014,-0.0157776567008208,0.0046541013473095,0.0222947601883192,0.0410989407644476,-0.0142920971551185,-0.0044057808899925,-0.008906752810811,56.73599222103398,,,,0.17724579999999998,0.3577334,5.0,0.1626825,0.18819450000000001,2.0,,,,0.41564,0.32488575,0.23921025,0.073858,0.112689,0.280093
2018,CAN,0.0,2255.5910083744056,1121.4577111343228,1688.026,2.325,1.4016666666666666,378.5942586855271,0.8883185847054099,170.25094872324863,-56.13317438958968,27137.2663834969,0,0,0,2118.6385237063537,1998.8838913165337,1906.6763456596773,1076.0491460934672,1059.1155307381998,979.547838782566,1604.356,1515.7,1395.35,2.180833333,1.80416666666667,2.02333333333334,0.7100000000000001,0.5,0.503333333333333,363.8805868191059,324.3347647317092,295.11807527908024,0.8884123961000466,0.9173260397870192,0.911923036151285,166.47533784087707,163.84865406241207,161.52956542029793,-58.00301964263396,-63.45946652873121,-75.69859974871379,26862.50104274103,26389.803801027017,26402.305924722383,0.9233333333333336,1.470833333,1.30416666666667,1.5200000000000071,0.059910749648868,0.0159884496674926,0.0584917859734775,0.1219290263876249,0.0179121165613068,0.0646417419185161,0.0605771187310214,0.0125632093070364,116.64986205340044,111.95336038091334,1213.439733252911,1128.9652654070617,1071.3163104085456,618.279797700528,620.7444462918819,559.2159794807897,932.9293125,871.5079354838709,776.1965333333333,-3.971276042000003,-4.488198924731182,-4.41133333333333,-3.863567708333333,-4.20497311827957,-4.341694444444443,208.0748821029169,173.96548130634343,149.57375158217167,0.0621825103200296,0.0940347396201313,0.091586127183877,41.71953645259343,40.35391243780998,39.30265125555238,-41.39754283286551,-48.36540874215511,-62.62469336087561,4785.831846264235,4452.267978890555,4613.595772672117,-0.1077083336666704,-0.2832258064516131,-0.0696388888888852,-0.0037183057569017,-0.0607365818575636,-0.0061834011084285,0.0627021948693484,0.0045545787295322,-0.0036200009506937,-0.0087090431982245,57.670051520378514,,,,0.20674319999999996,0.3102934,5.0,0.0898385,0.1574705,2.0,,,,0.17724579999999998,0.41564,0.32488575,0.1626825,0.073858,0.112689
2019,CAN,0.0,2373.7566914804306,1176.7081858788674,1818.013,1.725833333,1.655833333333333,383.025490566784,0.8682055574212624,173.56960602350765,-46.27327167377434,27251.07653688964,0,0,0,2255.5910083744056,2118.6385237063537,1998.8838913165337,1121.4577111343228,1076.0491460934672,1059.1155307381998,1688.026,1604.356,1515.7,2.325,2.180833333,1.80416666666667,1.4016666666666666,0.7100000000000001,0.5,378.5942586855271,363.8805868191059,324.3347647317092,0.8883185847054099,0.8884123961000466,0.9173260397870192,170.25094872324863,166.47533784087707,163.84865406241207,-56.13317438958968,-58.00301964263396,-63.45946652873121,27137.2663834969,26862.50104274103,26389.803801027017,0.0699999996666669,0.9233333333333336,1.470833333,1.30416666666667,0.064641741918516,0.042199341178522,0.0521517668148466,0.0404354406346379,0.0102285837167093,0.052387903067226,0.0576376156467005,0.0083753352534263,126.1570885159742,116.64986205340044,1313.6213169132989,1213.439733252911,1128.9652654070617,644.9526112959131,618.279797700528,620.7444462918819,988.3287272727274,932.9293125,871.5079354838709,-3.706767676757579,-3.971276042000003,-4.488198924731182,-3.054823232323232,-3.863567708333333,-4.20497311827957,216.48325451167392,208.0748821029169,173.96548130634343,0.0602043804308465,0.0621825103200296,0.0940347396201313,44.230918957613696,41.71953645259343,40.35391243780998,-38.27322658488592,-41.39754283286551,-48.36540874215511,4915.57197955755,4785.831846264235,4452.267978890555,-0.6519444444343467,-0.1077083336666704,-0.2832258064516131,0.0011288835676494,-0.0326276721634852,-0.012330188982421,-0.0207508344733056,-0.0032712847003631,-0.0064427298107987,-0.0126159803744725,60.44421814218633,,,,0.5671412499999999,0.2047095,4.0,,,,,,,0.20674319999999996,0.17724579999999998,0.41564,0.0898385,0.1626825,0.073858
2020,CAN,0.0,2480.07639600897,1365.6796072002887,2141.864,1.075833333,0.4191666666666667,405.5044361931711,1.17459527734755,174.81410251110478,-37.55973837315849,25505.010962201755,0,0,0,2373.7566914804306,2255.5910083744056,2118.6385237063537,1176.7081858788674,1121.4577111343228,1076.0491460934672,1818.013,1688.026,1604.356,1.725833333,2.325,2.180833333,1.655833333333333,1.4016666666666666,0.7100000000000001,383.025490566784,378.5942586855271,363.8805868191059,0.8682055574212624,0.8883185847054099,0.8884123961000466,173.56960602350765,170.25094872324863,166.47533784087707,-46.27327167377434,-56.13317438958968,-58.00301964263396,27251.07653688964,27137.2663834969,26862.50104274103,0.6566666663333334,0.0699999996666669,0.9233333333333336,1.470833333,0.052387903067226,0.0492666590955625,0.0770053304866156,0.0117044349712065,0.0041938694850249,0.0447896386812209,0.05898013154487,0.0061796989562568,120.24793000138736,126.1570885159742,1393.1510789336387,1313.6213169132989,1213.439733252911,681.2338915905779,644.9526112959131,618.279797700528,1089.2472352941177,988.3287272727274,932.9293125,-4.196911765029415,-3.706767676757579,-3.971276042000003,-2.710808823529412,-3.054823232323232,-3.863567708333333,214.54733184846984,216.48325451167392,208.0748821029169,0.0383206360752035,0.0602043804308465,0.0621825103200296,46.24866687676641,44.230918957613696,41.71953645259343,-27.287640734220982,-38.27322658488592,-41.39754283286551,4884.806486492715,4915.57197955755,4785.831846264235,-1.486102941500003,-0.6519444444343467,-0.1077083336666704,-0.0111591638765996,-0.0245716369081573,0.0128970167797243,-0.0488530269708792,-0.0092068690926425,-0.0048988786060417,-0.0144173672849397,68.00163111630246,,,,0.332315,0.2853118,5.0,0.4299045,0.13886300000000001,2.0,,,,0.5671412499999999,0.20674319999999996,0.17724579999999998,,0.0898385,0.1626825
1989,CHE,0.0,473999.0,340395.0,362631.5,5.1975,9.6875,95.34211469670738,0.28675,94.8671,11259.90586365513,20935.28452745876,0,1,1,416402.0,371237.0,334610.0,299588.0,264443.0,236362.0,341073.0,322325.5,290139.1,4.14833333333333,4.1175,4.29333333291667,4.875,0.5625,2.875,86.67159887423632,78.19862559205559,71.98251862925308,0.30838,0.3094431256464229,0.3170675269372678,91.96182,90.28306,88.99487,13304.022415089172,8035.538467556708,7556.528744851675,20242.651077428294,19791.751567156523,19786.339697528107,-4.49,-0.7266666666666701,3.555,1.41833333291667,0.1216608258336318,0.1329019864394217,0.05816325422593,0.1083519463165798,0.0227821933163318,0.1383206612840475,0.1080195215266535,0.0144166318164178,46333.2,36736.20000000001,79067.33333333331,50853.5,28453.0,61294.33333333334,39224.0,22286.0,47079.666666666686,42498.25,20623.699999999957,-0.2474999996388929,-0.417499999458335,-0.4833333330833298,3.020833333333333,-1.9375,0.75,13.84475749555719,8.057676320064687,3.6831387145243326,-0.0078175842153604,-0.0101316878534062,-0.0050145731251227,2.7591033333333286,1.6205150000000117,0.6646500000000088,3926.834965739363,-2012.4734726896488,-4982.9663907893655,521.1349314532963,105.35313177228454,199.88252428773197,-3.2683333329722264,1.520000000541665,-1.2333333330833298,0.0204619564604674,0.0214478519663387,-0.0355646416763459,0.0382108604732891,0.0175428659295048,0.0068206521534891,0.0027311377717945,-195796.3239601265,,,,,,,,,,,,,,,,,,
1990,CHE,0.0,516737.0,369590.0,372832.2,6.68,8.75,100.0,0.33293,100.0,7933.17045693135,21487.19471435488,1,1,1,473999.0,416402.0,371237.0,340395.0,299588.0,264443.0,362631.5,341073.0,322325.5,5.1975,4.14833333333333,4.1175,9.6875,4.875,0.5625,95.34211469670738,86.67159887423632,78.19862559205559,0.28675,0.30838,0.3094431256464229,94.8671,91.96182,90.28306,11259.90586365513,13304.022415089172,8035.538467556708,20935.28452745876,20242.651077428294,19791.751567156523,-2.0700000000000003,-4.49,-0.7266666666666701,3.555,0.1383206612840476,0.136210395609971,0.0632078763197321,0.1000387201239046,0.0342165385048198,0.0901647471830109,0.1231477495237706,0.0144867950700181,49409.69999999999,46333.2,116897.5,79067.33333333331,50853.5,86777.75,61294.33333333334,39224.0,56868.25,47079.666666666686,42498.25,0.8635416669375005,-0.2474999996388929,-0.417499999458335,7.078125,3.020833333333333,-1.9375,19.054083944138952,13.84475749555719,8.057676320064687,-0.0274931881615203,-0.0078175842153604,-0.0101316878534062,4.974607499999991,2.7591033333333286,1.6205150000000117,901.0096728704812,3926.834965739363,-2012.4734726896488,1083.4846486204297,521.1349314532963,105.35313177228454,-6.2145833330625,-3.2683333329722264,1.520000000541665,0.030301139757394,0.0176069771481084,-0.0186651390237618,0.0171606807895176,0.0231295891414911,0.0185385540738616,0.0014357321394975,9596.999999999984,,,,,,,,,,,,,,,,,,
1991,CHE,1.0,540645.0,388908.0,383759.7,6.35,7.5625,99.16788065074633,0.35042,105.8441,12923.926324536988,21039.627817962108,0,0,0,516737.0,473999.0,416402.0,369590.0,340395.0,299588.0,372832.2,362631.5,341073.0,6.68,5.1975,4.14833333333333,8.75,9.6875,4.875,100.0,95.34211469670738,86.67159887423632,0.33293,0.28675,0.30838,100.0,94.8671,91.96182,7933.17045693135,11259.90586365513,13304.022415089172,21487.19471435488,20935.28452745876,20242.651077428294,-1.2125000000000004,-2.0700000000000003,-4.49,-0.7266666666666701,0.0901647471830109,0.0857680048179321,0.028129657793104,0.0488544366580269,0.0263626790537399,0.0462672500711194,0.1167154114335634,0.02445589618922,41546.7,49409.69999999999,136256.0,116897.5,79067.33333333331,98617.2,86777.75,61294.33333333334,55695.29999999999,56868.25,47079.666666666686,2.17333333355,0.8635416669375005,-0.2474999996388929,4.725,7.078125,3.020833333333333,19.90115245860379,19.054083944138952,13.84475749555719,0.0241854494707837,-0.0274931881615203,-0.0078175842153604,9.112585999999991,4.974607499999991,2.7591033333333286,-2605.9276684273955,901.0096728704812,3926.834965739363,1418.697905792469,1083.4846486204297,521.1349314532963,-2.55166666645,-6.2145833330625,-3.2683333329722264,-0.0254300592829911,-0.0372371579309575,-0.0490770727944494,-0.0383137728737395,0.0094933324050384,0.0059266979590338,0.0109262558788669,7874.999999999985,,,,,,,,,,,,,,,,,,
1992,CHE,0.0,550012.0,401270.0,393422.8,5.48,6.375,95.02177544218256,0.3946,110.1336,19467.611359544717,20803.53953703188,0,0,0,540645.0,516737.0,473999.0,388908.0,369590.0,340395.0,383759.7,372832.2,362631.5,6.35,6.68,5.1975,7.5625,8.75,9.6875,99.16788065074633,100.0,95.34211469670738,0.35042,0.33293,0.28675,105.8441,100.0,94.8671,12923.926324536988,7933.17045693135,11259.90586365513,21039.627817962108,21487.19471435488,20935.28452745876,-0.8949999999999996,-1.2125000000000004,-2.0700000000000003,-4.49,0.0462672500711193,0.052268730214562,0.0293094319642992,-0.0083211934925368,-0.020829470870563,0.0173256018274468,0.0915842195127259,0.0460431189783579,25194.7,41546.7,137454.6666666667,136256.0,116897.5,101499.0,98617.2,86777.75,57340.25,55695.29999999999,56868.25,1.4811111112916668,2.17333333355,0.8635416669375005,2.75,4.725,7.078125,15.752174366249465,19.90115245860379,19.054083944138952,0.037644541225653,0.0241854494707837,-0.0274931881615203,13.437921666666668,9.112585999999991,4.974607499999991,2819.1494772494752,-2605.9276684273955,901.0096728704812,734.6813584342854,1418.697905792469,1083.4846486204297,-1.2688888887083334,-2.55166666645,-6.2145833330625,-0.0642415445382844,-0.063289000948136,-0.0380818840643644,-0.0878266484495554,-0.0395974840002721,-0.020686168451562,0.0297819146982881,-2613.0000000000077,,,,,,,,,,,,,,,,,,
1993,CHE,0.0,556020.0,410944.0,416301.2,4.05,4.125,91.07473819893067,0.4436,113.7876,24967.282166100857,20590.8129892361,0,0,0,550012.0,540645.0,516737.0,401270.0,388908.0,369590.0,393422.8,383759.7,372832.2,5.48,6.35,6.68,6.375,7.5625,8.75,95.02177544218256,99.16788065074633,100.0,0.3946,0.35042,0.33293,110.1336,105.8441,100.0,19467.611359544717,12923.926324536988,7933.17045693135,20803.53953703188,21039.627817962108,21487.19471435488,-0.0750000000000001,-0.8949999999999996,-1.2125000000000004,-2.0700000000000003,0.0173256018274468,0.031786437923622,0.0251800801386908,-0.0418089524688511,-0.0112211243931166,0.0109233980349519,0.0512525330271923,0.0366745832784277,12721.599999999988,25194.7,127185.28571428574,137454.6666666667,136256.0,99361.14285714284,101499.0,98617.2,58811.88571428572,57340.25,55695.29999999999,0.3995238096785725,1.4811111112916668,2.17333333355,1.1696428571428568,2.75,4.725,9.355758533935798,15.752174366249465,19.90115245860379,0.0764467496219883,0.037644541225653,0.0241854494707837,15.80771857142858,13.437921666666668,9.112585999999991,8960.098872650133,2819.1494772494752,-2605.9276684273955,393.63859772772776,734.6813584342854,1418.697905792469,-0.7701190474642851,-1.2688888887083334,-2.55166666645,-0.0824762686922429,-0.0732231264143867,-0.0358642552125786,-0.1066766326842771,-0.0233895568561138,-0.0568806212467832,0.0144569960587003,-18311.75,,,,,,,,,,,,,,,,,,
1994,CHE,0.0,574151.0,429980.0,433986.7,5.23,3.5,90.8138905202462,0.47062,114.7462,21940.3444853284,20685.449328983123,0,0,0,556020.0,550012.0,540645.0,410944.0,401270.0,388908.0,416301.2,393422.8,383759.7,4.05,5.48,6.35,4.125,6.375,7.5625,91.07473819893067,95.02177544218256,99.16788065074633,0.4436,0.3946,0.35042,113.7876,110.1336,105.8441,24967.282166100857,19467.611359544717,12923.926324536988,20590.8129892361,20803.53953703188,21039.627817962108,1.7300000000000004,-0.0750000000000001,-0.8949999999999996,-1.2125000000000004,0.0109233980349519,0.0241084556533007,0.0581521965681704,-0.0415382392602579,-0.0102254978013288,0.0326085392611776,0.0248387499778393,0.0188316891312472,10652.600000000042,12721.599999999988,117295.125,127185.28571428574,137454.6666666667,96615.0,99361.14285714284,101499.0,74338.79999999999,58811.88571428572,57340.25,-1.0804166665312502,0.3995238096785725,1.4811111112916668,-1.2265625,1.1696428571428568,2.75,4.239251473941934,9.355758533935798,15.752174366249465,0.1158909059192398,0.0764467496219883,0.037644541225653,17.48575375,15.80771857142858,13.437921666666668,13339.757320125009,8960.098872650133,2819.1494772494752,131.7072252159851,393.63859772772776,734.6813584342854,0.1461458334687499,-0.7701190474642851,-1.2688888887083334,-0.0770961483858459,-0.0704406620540813,0.0022313262472692,-0.0911664005207872,-0.0190525649991668,-0.0738143007550057,-0.0057953974315969,-27122.50000000001,,,,,,,,,,,,,,,,,,
1995,CHE,0.0,592591.0,445815.0,427002.8,3.73,1.75,88.19549847076141,0.4997,116.8247,23818.25745984924,20659.51843018244,0,0,0,574151.0,556020.0,550012.0,429980.0,410944.0,401270.0,433986.7,416301.2,393422.8,5.23,4.05,5.48,3.5,4.125,6.375,90.8138905202462,91.07473819893067,95.02177544218256,0.47062,0.4436,0.3946,114.7462,113.7876,110.1336,21940.3444853284,24967.282166100857,19467.611359544717,20685.449328983123,20590.8129892361,20803.53953703188,1.98,1.7300000000000004,-0.0750000000000001,-0.8949999999999996,0.0326085392611776,0.046322613300109,0.04248246221726,-0.0028641057206744,0.0045960467804983,0.0321169866463699,0.0202858463745254,0.0111415269749806,14586.799999999952,10652.600000000042,122393.33333333331,117295.125,127185.28571428574,104916.0,96615.0,99361.14285714284,83764.43333333335,74338.79999999999,58811.88571428572,0.2196296297500009,-1.0804166665312502,0.3995238096785725,-1.7152777777777777,-1.2265625,1.1696428571428568,3.5073758537083397,4.239251473941934,9.355758533935798,0.1300341385948798,0.1158909059192398,0.0764467496219883,16.501492222222225,17.48575375,15.80771857142858,8830.624381560883,13339.757320125009,8960.098872650133,211.7094288278968,131.7072252159851,393.63859772772776,1.9349074075277783,0.1461458334687499,-0.7701190474642851,-0.0457739886113895,-0.0394214216505129,-0.0137173238845498,-0.0410964669161052,-0.0018494497924437,-0.0678223042504616,-0.0126576456690639,-24671.083333333285,,,,,,,,,,,,,,,,,,
1996,CHE,0.0,602372.0,463710.0,455643.6,3.63,1.5,85.01422458832594,0.51259,117.7738,26814.820527342024,20688.71204684225,0,0,0,592591.0,574151.0,556020.0,445815.0,429980.0,410944.0,427002.8,433986.7,416301.2,3.73,5.23,4.05,1.75,3.5,4.125,88.19549847076141,90.8138905202462,91.07473819893067,0.4997,0.47062,0.4436,116.8247,114.7462,113.7876,23818.25745984924,21940.3444853284,24967.282166100857,20659.51843018244,20685.449328983123,20590.8129892361,2.13,1.98,1.7300000000000004,-0.0750000000000001,0.03211698664637,0.0368272942927578,-0.0160924286389422,-0.0288325060680122,-0.0012535816064847,0.0165054818584824,0.0252163079808331,0.0123804629167929,15749.599999999968,14586.799999999952,128594.0,122393.33333333331,117295.125,110259.40000000002,104916.0,96615.0,68404.08999999997,83764.43333333335,74338.79999999999,-1.302333333225,0.2196296297500009,-1.0804166665312502,-3.29375,-1.7152777777777777,-1.2265625,0.5382462188527057,3.5073758537083397,4.239251473941934,0.1461107247353918,0.1300341385948798,0.1158909059192398,16.929843000000005,16.501492222222225,17.48575375,9825.474917925636,8830.624381560883,13339.757320125009,164.60758714442272,211.7094288278968,131.7072252159851,1.991416666775,1.9349074075277783,0.1461458334687499,-0.0411795424915982,-0.044536582696696,-0.0707680676424687,-0.0624985931616536,-0.0074935837580442,-0.0544140546128462,-0.0098365040186186,-17212.442857142905,,,,,,,,,,,,,,,,,,
1997,CHE,0.0,608902.0,478961.0,470952.7,3.08,1.0,81.14650944619446,0.53592,118.38488195809708,36843.35022264331,21071.98968160869,0,0,0,602372.0,592591.0,574151.0,463710.0,445815.0,429980.0,455643.6,427002.8,433986.7,3.63,3.73,5.23,1.5,1.75,3.5,85.01422458832594,88.19549847076141,90.8138905202462,0.51259,0.4997,0.47062,117.7738,116.8247,114.7462,26814.820527342024,23818.25745984924,21940.3444853284,20688.71204684225,20659.51843018244,20685.449328983123,2.08,2.13,1.98,1.7300000000000004,0.0165054818584824,0.0401399683725312,0.0670740332381895,-0.0360707058477606,0.0014130831151014,0.0108404773130226,0.0270770025886766,0.0091585039119375,11403.400000000012,15749.599999999968,126684.63636363635,128594.0,122393.33333333331,118130.81818181818,110259.40000000002,104916.0,90826.33636363636,68404.08999999997,83764.43333333335,-1.2839393938409094,-1.302333333225,0.2196296297500009,-3.2443181818181817,-3.29375,-1.7152777777777777,-2.691959138023904,0.5382462188527057,3.5073758537083397,0.1457179315776289,0.1461107247353918,0.1300341385948798,16.33986636363636,16.929843000000005,16.501492222222225,11928.812992879728,9825.474917925636,8830.624381560883,178.8368777001997,164.60758714442272,211.7094288278968,1.9603787879772727,1.991416666775,1.9349074075277783,-0.052673093030326,-0.036770250347253,0.0194752009989098,-0.0634869336252366,-0.0040775606606536,-0.0465073539369086,-0.0119655181325163,-13898.087500000029,,,,,,,,,,,,,,,,,,
1998,CHE,0.0,615922.0,496419.0,472944.2,3.04416666666667,0.875,80.06345768089635,0.55839,118.40679839963218,34679.924105400794,21603.490531624364,0,0,0,608902.0,602372.0,592591.0,478961.0,463710.0,445815.0,470952.7,455643.6,427002.8,3.08,3.63,3.73,1.0,1.5,1.75,81.14650944619446,85.01422458832594,88.19549847076141,0.53592,0.51259,0.4997,118.38488195809708,117.7738,116.8247,36843.35022264331,26814.820527342024,23818.25745984924,21071.98968160869,20688.71204684225,20659.51843018244,2.16916666666667,2.08,2.13,1.98,0.0108404773130225,0.0328890901641111,0.0335988478714504,-0.0454949175959736,0.0185259301738378,0.011528948829204,0.0198209819392916,0.011018932250558,7652.300000000037,11403.400000000012,122657.58333333331,126684.63636363635,128594.0,123537.58333333331,118130.81818181818,110259.40000000002,98566.575,90826.33636363636,68404.08999999997,-1.7269444443541664,-1.2839393938409094,-1.302333333225,-3.473958333333333,-3.2443181818181817,-3.29375,-6.335344351986734,-2.691959138023904,0.5382462188527057,0.1569047706128265,0.1457179315776289,0.1461107247353918,15.589292791430395,16.33986636363636,16.929843000000005,20963.274938774368,11928.812992879728,9825.474917925636,547.211439324954,178.8368777001997,164.60758714442272,1.7470138889791669,1.9603787879772727,1.991416666775,-0.053549634573029,-0.0406783785241045,-0.0157704571859118,-0.0671396059529736,0.0134059737308694,-0.0491126391926028,-0.0089085379806442,-16700.055555555537,,,,,,,,,,,,,,,,,,
1999,CHE,0.0,635207.0,507665.0,477466.6,3.04,1.09375,80.16184759478612,0.52576,119.36338661251833,45241.91899278894,21828.104743186803,0,0,0,615922.0,608902.0,602372.0,496419.0,478961.0,463710.0,472944.2,470952.7,455643.6,3.04416666666667,3.08,3.63,0.875,1.0,1.5,80.06345768089635,81.14650944619446,85.01422458832594,0.55839,0.53592,0.51259,118.40679839963218,118.38488195809708,117.7738,34679.924105400794,36843.35022264331,26814.820527342024,21603.490531624364,21071.98968160869,20688.71204684225,1.94625,2.16916666666667,2.08,2.13,0.011528948829204,0.0364497318153252,0.0042286624537878,-0.0133468681855778,0.02522309748849,0.0313107828588685,0.012958302666903,0.0030911742784949,10552.49999999998,7652.300000000037,120242.38461538462,122657.58333333331,126684.63636363635,131492.6923076923,123537.58333333331,118130.81818181818,92976.03076923074,98566.575,90826.33636363636,-1.6299358973525608,-1.7269444443541664,-1.2839393938409094,-3.331730769230769,-3.473958333333333,-3.2443181818181817,-6.931061936362781,-6.335344351986734,-2.691959138023904,0.1673051728733784,0.1569047706128265,0.1457179315776289,14.41203286439395,15.589292791430395,16.33986636363636,17187.289210856903,20963.274938774368,11928.812992879728,1036.6191017002457,547.211439324954,178.8368777001997,1.7017948718782083,1.7470138889791669,1.9603787879772727,-0.0483986935090951,-0.0337278719958818,-0.0438264378380818,-0.02939658937983,0.0189859765679492,-0.0515105330838457,-0.0160264288635578,-18781.14999999996,,,,,,,,,,,,,,,,,,
2000,CHE,0.0,644457.0,512262.0,472051.1,3.92583333333333,3.5,81.36083166172175,0.52109,121.22757334544735,48605.45258001442,22521.38119434273,0,0,0,635207.0,615922.0,608902.0,507665.0,496419.0,478961.0,477466.6,472944.2,470952.7,3.04,3.04416666666667,3.08,1.09375,0.875,1.0,80.16184759478612,80.06345768089635,81.14650944619446,0.52576,0.55839,0.53592,119.36338661251833,118.40679839963218,118.38488195809708,45241.91899278894,34679.924105400794,36843.35022264331,21828.104743186803,21603.490531624364,21071.98968160869,0.4258333333333302,1.94625,2.16916666666667,2.08,0.0313107828588684,0.0226542497366136,0.0095622274255609,0.0012288991350076,0.010397125928962,0.014562182091822,0.017893403000365,0.0116248896750756,12595.000000000007,10552.49999999998,130938.64285714284,120242.38461538462,122657.58333333331,133346.35714285716,131492.6923076923,123537.58333333331,90857.28571428568,92976.03076923074,98566.575,-1.5176785713511904,-1.6299358973525608,-1.7269444443541664,-2.875,-3.331730769230769,-3.473958333333333,-6.337596169875667,-6.931061936362781,-6.335344351986734,0.1227248033824227,0.1673051728733784,0.1569047706128265,14.3391901583948,14.41203286439395,15.589292791430395,26521.62058318384,17187.289210856903,20963.274938774368,1187.1890917126657,1036.6191017002457,547.211439324954,1.3573214286488096,1.7017948718782083,1.7470138889791669,-0.0248938830556541,-0.0449289023826025,-0.0351216084172255,-0.0125595459531037,0.0026995452724251,-0.0422828883267299,-0.0061571777283474,-14173.572727272747,,,,,,,0.093748,0.202394,1.0,,,,,,,,,
2001,CHE,0.0,660809.0,526963.0,498211.9,3.38333333333333,1.65,84.87007192378977,0.5094299999999999,122.42782082010638,32942.06727037861,22692.35686926238,0,0,0,644457.0,635207.0,615922.0,512262.0,507665.0,496419.0,472051.1,477466.6,472944.2,3.92583333333333,3.04,3.04416666666667,3.5,1.09375,0.875,81.36083166172175,80.16184759478612,80.06345768089635,0.52109,0.52576,0.55839,121.22757334544735,119.36338661251833,118.40679839963218,48605.45258001442,45241.91899278894,34679.924105400794,22521.38119434273,21828.104743186803,21603.490531624364,1.7333333333333305,0.4258333333333302,1.94625,2.16916666666667,0.014562182091822,0.0090551840288379,-0.0113421546135373,0.0149570413221564,0.0317607258766854,0.0253732987615931,0.0191339712599648,0.0106539279865578,14391.099999999991,12595.000000000007,131459.40000000002,130938.64285714284,120242.38461538462,129053.59999999998,133346.35714285716,131492.6923076923,79384.6333333333,90857.28571428568,92976.03076923074,-0.5306666665944477,-1.5176785713511904,-1.6299358973525608,-0.2770833333333331,-2.875,-3.331730769230769,-4.716105691614999,-6.337596169875667,-6.931061936362781,0.1098731498235946,0.1227248033824227,0.1673051728733784,15.247430880764185,14.3391901583948,14.41203286439395,28117.046131530395,26521.62058318384,17187.289210856903,1801.3196034210887,1187.1890917126657,1036.6191017002457,-0.2535833332611145,1.3573214286488096,1.7017948718782083,-0.0398643493187252,-0.0553187607773352,-0.0535173041408077,0.0020657066592667,0.0238703205578323,-0.0377897901958431,-0.0066545103608385,-10949.941666666658,,,,,,,,,,,,,,,,0.093748,,
2002,CHE,0.0,665687.0,545733.0,519280.2,3.2,0.44,91.44312834163418,0.57508,123.21294510804124,30514.478612906427,22621.667640612588,0,0,0,660809.0,644457.0,635207.0,526963.0,512262.0,507665.0,498211.9,472051.1,477466.6,3.38333333333333,3.92583333333333,3.04,1.65,3.5,1.09375,84.87007192378977,81.36083166172175,80.16184759478612,0.5094299999999999,0.52109,0.52576,122.42782082010638,121.22757334544735,119.36338661251833,32942.06727037861,48605.45258001442,45241.91899278894,22692.35686926238,22521.38119434273,21828.104743186803,2.76,1.7333333333333305,0.4258333333333302,1.94625,0.025373298761593,0.0286982052152999,0.0554194238716953,0.0431318140485408,0.0075917046758479,0.0073818607192093,0.0237487545707612,0.0084916585414424,10779.20000000003,14391.099999999991,139595.1875,131459.40000000002,130938.64285714284,135688.75,129053.59999999998,133346.35714285716,100583.89375000005,79384.6333333333,90857.28571428568,-1.039999999932295,-0.5306666665944477,-1.5176785713511904,-2.109765625,-0.2770833333333331,-2.875,-0.9121088238210432,-4.716105691614999,-6.337596169875667,0.0913460779596198,0.1098731498235946,0.1227248033824227,15.49471392537545,15.247430880764185,14.3391901583948,10696.34543867394,28117.046131530395,26521.62058318384,1859.7128031269167,1801.3196034210887,1187.1890917126657,1.0697656250677057,-0.2535833332611145,1.3573214286488096,-0.0263956093610392,-0.0319878222057174,0.0168120946204788,0.0301027656083667,-0.0018900553468605,-0.0304757361567723,-0.0083414576373225,-8311.538461538468,,,,,,,,,,,,,,,,,0.093748,
2003,CHE,0.0,675572.0,578713.0,557415.3,2.66083333333333,0.09,97.2054213605266,0.56681,123.99678019353284,49642.89034734779,22516.4820417724,0,0,0,665687.0,660809.0,644457.0,545733.0,526963.0,512262.0,519280.2,498211.9,472051.1,3.2,3.38333333333333,3.92583333333333,0.44,1.65,3.5,91.44312834163418,84.87007192378977,81.36083166172175,0.57508,0.5094299999999999,0.52109,123.21294510804124,122.42782082010638,121.22757334544735,30514.478612906427,32942.06727037861,48605.45258001442,22621.667640612588,22692.35686926238,22521.38119434273,2.57083333333333,2.76,1.7333333333333305,0.4258333333333302,0.0073818607192093,0.0356191990709025,0.0422878297367043,0.0774484605568235,-0.0031151117998476,0.014849321077323,0.0157724471908748,0.0090565731331294,9822.30000000006,10779.20000000003,136261.7058823529,139595.1875,131459.40000000002,146477.0588235294,135688.75,129053.59999999998,115735.49411764706,100583.89375000005,79384.6333333333,-1.162156862681372,-1.039999999932295,-0.5306666665944477,-3.1956617647058825,-2.109765625,-0.2770833333333331,5.714601054248135,-0.9121088238210432,-4.716105691614999,0.1516227792561129,0.0913460779596198,0.1098731498235946,15.368384452994093,15.49471392537545,15.247430880764185,7639.559990691523,10696.34543867394,28117.046131530395,1679.6287037049551,1859.7128031269167,1801.3196034210887,2.0335049020245104,1.0697656250677057,-0.2535833332611145,-0.042737321818358,-0.0230675894622575,0.0026297445717079,0.0625379892661265,-0.0124787433633773,-0.0364203277928739,-0.007220445869814,-11329.75714285711,,,,,,,,,,,,,,,,,,0.093748
2004,CHE,0.0,695383.0,601118.0,567029.0000000001,2.74,0.55,99.65220309508736,0.57574,124.98946607482978,58735.072270598095,22959.647174249545,0,0,0,675572.0,665687.0,660809.0,578713.0,545733.0,526963.0,557415.3,519280.2,498211.9,2.66083333333333,3.2,3.38333333333333,0.09,0.44,1.65,97.2054213605266,91.44312834163418,84.87007192378977,0.56681,0.57508,0.5094299999999999,123.99678019353284,123.21294510804124,122.42782082010638,49642.89034734779,30514.478612906427,32942.06727037861,22516.4820417724,22621.667640612588,22692.35686926238,2.1900000000000004,2.57083333333333,2.76,1.7333333333333305,0.0148493210773231,0.060432482550991,0.0734383864433884,0.0630150468755215,-0.00464977209069,0.0293247795941808,0.0158681601860418,0.0090388874069392,11360.70000000002,9822.30000000006,138576.61111111112,136261.7058823529,139595.1875,171319.44444444444,146477.0588235294,135688.75,147440.84444444446,115735.49411764706,100583.89375000005,-1.636759259199077,-1.162156862681372,-1.039999999932295,-3.3681250000000005,-3.1956617647058825,-2.109765625,11.15941623679342,5.714601054248135,-0.9121088238210432,0.1349292915196622,0.1516227792561129,0.0913460779596198,15.298420402208263,15.368384452994093,15.49471392537545,26343.551725650024,7639.559990691523,10696.34543867394,1481.1303991033783,1679.6287037049551,1859.7128031269167,1.731365740800923,2.0335049020245104,1.0697656250677057,-0.032755901353282,0.0031026110450225,0.0336256104212326,0.0444258703338758,-0.0132793599269623,-0.0340483443106522,-0.0067868537291408,-11531.339999999938,0.173979,0.206708,1.0,,,,0.049185,0.14989,1.0,,,,,,,,,
2005,CHE,0.0,718310.0,646199.0,594872.0000000001,2.09583333333333,0.63,101.85949310126534,0.5464,126.4552892527968,64416.63764374849,23480.64036641517,0,0,1,695383.0,675572.0,665687.0,601118.0,578713.0,545733.0,567029.0000000001,557415.3,519280.2,2.74,2.66083333333333,3.2,0.55,0.09,0.44,99.65220309508736,97.2054213605266,91.44312834163418,0.57574,0.56681,0.57508,124.98946607482978,123.99678019353284,123.21294510804124,58735.072270598095,49642.89034734779,30514.478612906427,22959.647174249545,22516.4820417724,22621.667640612588,1.4658333333333302,2.1900000000000004,2.57083333333333,2.76,0.0293247795941809,0.0387152180787367,0.0172469252279226,0.0251712476558882,0.0196818104913097,0.0329703199531767,0.017185320463571,0.0111564148380117,17767.999999999985,11360.70000000002,151094.10526315786,138576.61111111112,136261.7058823529,184707.63157894736,171319.44444444444,146477.0588235294,149294.50000000012,147440.84444444446,115735.49411764706,-1.4714473683640348,-1.636759259199077,-1.162156862681372,-2.7308552631578946,-3.3681250000000005,-3.1956617647058825,13.018860274680875,11.15941623679342,5.714601054248135,0.1367577498607325,0.1349292915196622,0.1516227792561129,15.485926262336337,15.298420402208263,15.368384452994093,34049.230926497694,26343.551725650024,7639.559990691523,1846.3413000487635,1481.1303991033783,1679.6287037049551,1.2594078947938605,1.731365740800923,2.0335049020245104,-0.0164606705390196,-0.0187870207075107,-0.0244339402620793,0.004113967206805,0.0117899648732021,-0.0307283402501434,-0.0042700996081188,-9272.231249999984,,,,0.01214,0.575164,1.0,,,,0.173979,,,,,,0.049185,,
2006,CHE,0.0,753474.0,666605.0,610606.0000000001,2.5175,1.94,103.2842400713899,0.4825,127.79992740109904,69001.46769652651,24262.435535186774,0,1,1,718310.0,695383.0,675572.0,646199.0,601118.0,578713.0,594872.0000000001,567029.0000000001,557415.3,2.09583333333333,2.74,2.66083333333333,0.63,0.55,0.09,101.85949310126534,99.65220309508736,97.2054213605266,0.5464,0.57574,0.56681,126.4552892527968,124.98946607482978,123.99678019353284,64416.63764374849,58735.072270598095,49642.89034734779,23480.64036641517,22959.647174249545,22516.4820417724,0.5775000000000001,1.4658333333333302,2.1900000000000004,2.57083333333333,0.0329703199531768,0.0749952588343719,0.0491033086491167,0.022149936856607,0.0226916898248308,0.0489537943227853,0.0257148068748935,0.0095847053861958,25663.299999999985,17767.999999999985,166466.40000000002,151094.10526315786,138576.61111111112,220553.25,184707.63157894736,171319.44444444444,169672.77500000014,149294.50000000012,147440.84444444446,-2.0420416666125027,-1.4714473683640348,-1.636759259199077,-2.5143125,-2.7308552631578946,-3.3681250000000005,14.575207267124796,13.018860274680875,11.15941623679342,0.1005798623676959,0.1367577498607325,0.1349292915196622,16.177453127186553,15.485926262336337,15.298420402208263,38028.3347533232,34049.230926497694,26343.551725650024,2275.017427211951,1846.3413000487635,1481.1303991033783,0.4722708333874972,1.2594078947938605,1.731365740800923,-0.0119487790990226,0.0184818106116776,0.0087084400150136,0.000876131817692,0.0141793197397125,-0.0204917238249241,-0.0056045813039281,-2319.5058823529616,,,,0.032923,0.09468,1.0,0.04846625,0.218687,4.0,,0.173979,,0.01214,,,,0.049185,
2007,CHE,0.0,786246.0,681341.0,624218.0000000001,2.9275,2.0,105.85992022027138,0.4449499999999999,128.73846677977974,47684.95090184663,25025.24076171636,1,1,1,753474.0,718310.0,695383.0,666605.0,646199.0,601118.0,610606.0000000001,594872.0000000001,567029.0000000001,2.5175,2.09583333333333,2.74,1.94,0.63,0.55,103.2842400713899,101.85949310126534,99.65220309508736,0.4825,0.5464,0.57574,127.79992740109904,126.4552892527968,124.98946607482978,69001.46769652651,64416.63764374849,58735.072270598095,24262.435535186774,23480.64036641517,22959.647174249545,0.9275000000000002,0.5775000000000001,1.4658333333333302,2.1900000000000004,0.0489537943227854,0.0315785075495319,0.0264493874312457,0.0139873754202578,0.0332953086701087,0.043494533321654,0.037082964623381,0.010440782510974,30775.300000000007,25663.299999999985,193703.4285714285,166466.40000000002,151094.10526315786,230456.71428571423,220553.25,184707.63157894736,177327.11904761917,169672.77500000014,149294.50000000012,-1.5231349205833329,-2.0420416666125027,-1.4714473683640348,-1.0845833333333332,-2.5143125,-2.7308552631578946,15.305896748338654,14.575207267124796,13.018860274680875,0.0318903451120913,0.1005798623676959,0.1367577498607325,16.75173636467035,16.177453127186553,15.485926262336337,40802.29172260965,38028.3347533232,34049.230926497694,2948.478432782991,2275.017427211951,1846.3413000487635,-0.4385515872499994,0.4722708333874972,1.2594078947938605,0.004632134225537,-0.0258590312037462,-0.014380903203608,-0.0073302362095418,0.0240739725980048,-0.0080450542961775,-0.0044535262157853,5704.655555555535,,,,,,,,,,,,0.173979,0.032923,0.01214,,0.04846625,,0.049185
2008,CHE,1.0,828694.0,700738.0,637700.0000000001,2.89666666666667,0.01,110.19670355652842,0.44572,131.86478270464346,9847.68713537907,25293.204039277472,0,0,0,786246.0,753474.0,718310.0,681341.0,666605.0,646199.0,624218.0000000001,610606.0000000001,594872.0000000001,2.9275,2.5175,2.09583333333333,2.0,1.94,0.63,105.85992022027138,103.2842400713899,101.85949310126534,0.4449499999999999,0.4825,0.5464,128.73846677977974,127.79992740109904,126.4552892527968,47684.95090184663,69001.46769652651,64416.63764374849,25025.24076171636,24262.435535186774,23480.64036641517,2.8866666666666703,0.9275000000000002,0.5775000000000001,1.4658333333333302,0.0434945333216541,0.0221060448091448,0.0222926076717228,0.0249377847685297,0.0314397631442777,0.0539881919908018,0.041806215865872,0.0081243876756717,36392.399999999965,30775.300000000007,217670.7272727273,193703.4285714285,166466.40000000002,234717.40909090912,230456.71428571423,220553.25,182878.7954545456,177327.11904761917,169672.77500000014,-1.043901515102272,-1.5231349205833329,-2.0420416666125027,-0.9752840909090909,-1.0845833333333332,-2.5143125,17.1858543177502,15.305896748338654,14.575207267124796,-0.0071092160293674,0.0318903451120913,0.1005798623676959,16.9288331813206,16.75173636467035,16.177453127186553,17631.125304174777,40802.29172260965,38028.3347533232,3577.2619123678924,2948.478432782991,2275.017427211951,-0.0686174241931811,-0.4385515872499994,0.4722708333874972,-0.0010477045958579,-0.0341001115058597,-0.0178528780486734,0.0039692320058511,0.0210720474246498,-0.0029195503388775,-0.0065472447402984,10516.41052631579,,,,,,,0.008477,0.913607,1.0,,,,,0.032923,0.01214,,0.04846625,
2009,CHE,0.0,835867.8489171987,733808.363,678440.0000000001,2.20333333333333,0.05,117.27162480646172,0.42765,131.2330735074545,36289.95553939985,24538.194701964352,0,0,0,828694.0,786246.0,753474.0,700738.0,681341.0,666605.0,637700.0000000001,624218.0000000001,610606.0000000001,2.89666666666667,2.9275,2.5175,0.01,2.0,1.94,110.19670355652842,105.85992022027138,103.2842400713899,0.44572,0.4449499999999999,0.4825,131.86478270464346,128.73846677977974,127.79992740109904,9847.68713537907,47684.95090184663,69001.46769652651,25293.204039277472,25025.24076171636,24262.435535186774,2.15333333333333,2.8866666666666703,0.9275000000000002,0.5775000000000001,0.0539881919908018,0.0284688577379021,0.0215982236974902,0.0409671887833765,0.0107077202618183,0.0086568129094679,0.0488121732117471,0.0052482626144718,28962.954675159723,36392.399999999965,250654.78260869568,217670.7272727273,193703.4285714285,243909.3043478261,234717.40909090912,230456.71428571423,188409.54347826095,182878.7954545456,177327.11904761917,-1.0293478260398516,-1.043901515102272,-1.5231349205833329,-2.9228804347826087,-0.9752840909090909,-1.0845833333333332,20.77542659671376,17.1858543177502,15.305896748338654,-0.0060301196802643,-0.0071092160293674,0.0318903451120913,19.319112880909515,16.9288331813206,16.75173636467035,-20972.709127691684,17631.125304174777,40802.29172260965,3689.692063304316,3577.2619123678924,2948.478432782991,1.8935326087427573,-0.0686174241931811,-0.4385515872499994,0.0094935770094651,-0.0261872935086542,-0.017735767566148,0.0198182163840683,-0.0006178157952936,0.0042254332136106,-0.0091115962424364,15607.689999999962,,,,,,,,,,,,,,,0.032923,0.008477,,0.04846625
2010,CHE,0.0,837389.4652293124,767087.971,726050.0000000001,1.63166666666667,0.04,123.40993509316534,0.41144,132.13551521772445,76810.68725898478,25033.238641853637,0,0,0,835867.8489171987,828694.0,786246.0,733808.363,700738.0,681341.0,678440.0000000001,637700.0000000001,624218.0000000001,2.20333333333333,2.89666666666667,2.9275,0.05,0.01,2.0,117.27162480646172,110.19670355652842,105.85992022027138,0.42765,0.44572,0.4449499999999999,131.2330735074545,131.86478270464346,128.73846677977974,36289.95553939985,9847.68713537907,47684.95090184663,24538.194701964352,25293.204039277472,25025.24076171636,1.59166666666667,2.15333333333333,2.8866666666666703,0.9275000000000002,0.008656812909468,0.0471936201547511,0.0638858397365532,0.0642026578073094,-0.0298502845325834,0.0018204029669102,0.0353798460739746,0.0237301410488778,16060.424460513615,28962.954675159723,247384.6822505321,250654.78260869568,217670.7272727273,266816.7796666667,243909.3043478261,234717.40909090912,221299.14583333343,188409.54347826095,182878.7954545456,-1.679791666621531,-1.0293478260398516,-1.043901515102272,-2.76109375,-2.9228804347826087,-0.9752840909090909,26.984705071783992,20.77542659671376,17.1858543177502,-0.0238488646935867,-0.0060301196802643,-0.0071092160293674,17.882440647015983,19.319112880909515,16.9288331813206,6343.422156649587,-20972.709127691684,17631.125304174777,2780.945556686849,3689.692063304316,3577.2619123678924,1.0813020833784692,1.8935326087427573,-0.0686174241931811,-0.0362505662896714,-0.0063239531131681,0.0253229688018778,0.0421920238260851,-0.0411489590333783,-0.009398959070235,0.0097844456575348,7435.021341826388,,,,,,,,,,,,,,,,,0.008477,
2011,CHE,0.0,863380.8674329534,809368.075,778579.0,1.47166666666667,0.07,129.36290623975103,0.41545,132.43718858944325,46109.72819144031,25220.957647835698,0,0,0,837389.4652293124,835867.8489171987,828694.0,767087.971,733808.363,700738.0,726050.0000000001,678440.0000000001,637700.0000000001,1.63166666666667,2.20333333333333,2.89666666666667,0.04,0.05,0.01,123.40993509316534,117.27162480646172,110.19670355652842,0.41144,0.42765,0.44572,132.13551521772445,131.2330735074545,131.86478270464346,76810.68725898478,36289.95553939985,9847.68713537907,25033.238641853637,24538.194701964352,25293.204039277472,1.40166666666667,1.59166666666667,2.15333333333333,2.8866666666666703,0.0018204029669101,0.0453519061351989,0.0701756971876658,0.0523426728062643,0.0201744238279131,0.0310386066255603,0.02148846928906,0.0283523915568556,10558.221861097378,16060.424460513615,239010.9112726245,247384.6822505321,250654.78260869568,289423.71648,266816.7796666667,243909.3043478261,260057.1800000001,221299.14583333343,188409.54347826095,-2.184266666623329,-1.679791666621531,-1.0293478260398516,-2.66065,-2.76109375,-2.9228804347826087,32.04362715561625,26.984705071783992,20.77542659671376,-0.0391049101058433,-0.0238488646935867,-0.0060301196802643,18.069584731405318,17.882440647015983,19.319112880909515,46610.41698996852,6343.422156649587,-20972.709127691684,3164.7516743086526,2780.945556686849,3689.692063304316,0.4763833333766702,1.0813020833784692,1.8935326087427573,-0.0415765359701597,-0.0079021690863382,0.0305577025529121,0.0285740378322865,0.0105902892868422,-0.0228816854607916,0.0139812854847502,-5805.464388357283,,,,0.017652,0.696613,1.0,,,,,,,,,,,,0.008477
2012,CHE,0.0,917673.0897246049,847858.792,855170.0,0.646666666666667,-0.2,136.00613220858662,0.42211,131.5192764498544,59927.391465756125,25285.386005433727,0,0,0,863380.8674329534,837389.4652293124,835867.8489171987,809368.075,767087.971,733808.363,778579.0,726050.0000000001,678440.0000000001,1.47166666666667,1.63166666666667,2.20333333333333,0.07,0.04,0.05,129.36290623975103,123.40993509316534,117.27162480646172,0.41545,0.41144,0.42765,132.43718858944325,132.13551521772445,131.2330735074545,46109.72819144031,76810.68725898478,36289.95553939985,25220.957647835698,25033.238641853637,24538.194701964352,0.8466666666666669,1.40166666666667,1.59166666666667,2.15333333333333,0.0310386066255604,0.0551176730680345,0.0723490117760483,0.0482373736125185,0.0074987902551375,0.0628832816889672,0.0138386075006461,0.0152828041487307,27140.712462585954,10558.221861097378,255809.58611962607,239010.9112726245,247384.6822505321,320572.139076923,289423.71648,266816.7796666667,302583.98076923075,260057.1800000001,221299.14583333343,-2.2602564102147404,-2.184266666623329,-1.679791666621531,-2.528317307692308,-2.66065,-2.76109375,36.764151103908986,32.04362715561625,26.984705071783992,-0.0335908751017723,-0.0391049101058433,-0.0238488646935867,17.67627407499313,18.069584731405318,17.882440647015983,14116.74957665604,46610.41698996852,6343.422156649587,3230.749462048076,3164.7516743086526,2780.945556686849,0.2680608974775675,0.4763833333766702,1.0813020833784692,-0.0106952708727031,0.0021796846099507,0.0315087090391781,0.0233257771252493,-0.002508955857407,-0.0295781436883391,0.0003291445147607,-11055.255492627552,,,,,,,,,,,,,0.017652,,,,,
2013,CHE,0.0,944512.1044301612,883972.711,920683.0,0.949166666666667,0.01,142.3555266584229,0.41566,131.23565191234098,64298.84161011691,25485.441732448504,0,0,0,917673.0897246049,863380.8674329534,837389.4652293124,847858.792,809368.075,767087.971,855170.0,778579.0,726050.0000000001,0.646666666666667,1.47166666666667,1.63166666666667,-0.2,0.07,0.04,136.00613220858662,129.36290623975103,123.40993509316534,0.42211,0.41545,0.41144,131.5192764498544,132.43718858944325,132.13551521772445,59927.391465756125,46109.72819144031,76810.68725898478,25285.386005433727,25220.957647835698,25033.238641853637,0.939166666666667,0.8466666666666669,1.40166666666667,1.59166666666667,0.0628832816889673,0.0475565051166616,0.0983728048149256,0.0513534069536406,0.0025545563533967,0.0292468145858026,0.0319140970938126,0.03054085218402,37566.01398941974,27140.712462585954,300627.37929573574,255809.58611962607,239010.9112726245,347189.8138888889,320572.139076923,289423.71648,367968.1666666667,302583.98076923075,260057.1800000001,-3.001543209836419,-2.2602564102147404,-2.184266666623329,-2.704675925925926,-2.528317307692308,-2.66065,42.04574184667388,36.764151103908986,32.04362715561625,-0.0256867686165215,-0.0335908751017723,-0.0391049101058433,16.10368511781195,17.67627407499313,18.069584731405318,27411.57027405867,14116.74957665604,46610.41698996852,3175.520432162848,3230.749462048076,3164.7516743086526,-0.2968672839104935,0.2680608974775675,0.4763833333766702,0.0215607607627309,-0.0054653173648817,0.0563206286534717,0.0255446651923233,-0.0073566914569397,-0.0103195283476391,0.0155740267694596,5987.870754387172,,,,,,,,,,,,,,0.017652,,,,
2014,CHE,0.0,1029932.03103692,918552.63,950999.0,0.6925,-2.0,146.25567807372212,0.41608,131.2201814830221,54150.53854399111,25778.98587099018,0,0,0,944512.1044301612,917673.0897246049,863380.8674329534,883972.711,847858.792,809368.075,920683.0,855170.0,778579.0,0.949166666666667,0.646666666666667,1.47166666666667,0.01,-0.2,0.07,142.3555266584229,136.00613220858662,129.36290623975103,0.41566,0.42211,0.41545,131.23565191234098,131.5192764498544,132.43718858944325,64298.84161011691,59927.391465756125,46109.72819144031,25485.441732448504,25285.386005433727,25220.957647835698,2.6925,0.939166666666667,0.8466666666666669,1.40166666666667,0.0292468145858027,0.0425942613802605,0.0766081597810961,0.046684618897172,0.007911911132058,0.0904381491842225,0.0410562343001101,0.0189239960886964,52649.2505517456,37566.01398941974,316729.70188358705,300627.37929573574,255809.58611962607,370904.0966785715,347189.8138888889,320572.139076923,420339.4464285714,367968.1666666667,302583.98076923075,-2.5918452380565467,-3.001543209836419,-2.2602564102147404,-2.3980803571428573,-2.704675925925926,-2.528317307692308,46.89350265912894,42.04574184667388,36.764151103908986,-0.0312193840230742,-0.0256867686165215,-0.0335908751017723,15.244928968948088,16.10368511781195,17.67627407499313,30804.035765774504,27411.57027405867,14116.74957665604,3262.164715171806,3175.520432162848,3230.749462048076,-0.1937648809136899,-0.2968672839104935,0.2680608974775675,-0.0128742530353497,-0.0102251419396204,0.0324700344102544,0.0199297784250279,-0.0017268666243177,-0.0007804862048939,0.0033581696445413,16173.657451045478,,,,,,,,,,,,,,,0.017652,,,
2015,CHE,0.0,1008210.19182588,943588.0094557836,966560.0,-0.0691666666666667,-1.0,150.00582366535602,0.41657,129.72212824397397,65835.8217941507,25887.977990460484,0,0,0,1029932.03103692,944512.1044301612,917673.0897246049,918552.63,883972.711,847858.792,950999.0,920683.0,855170.0,0.6925,0.949166666666667,0.646666666666667,-2.0,0.01,-0.2,146.25567807372212,142.3555266584229,136.00613220858662,0.41608,0.41566,0.42211,131.2201814830221,131.23565191234098,131.5192764498544,54150.53854399111,64298.84161011691,59927.391465756125,25778.98587099018,25485.441732448504,25285.386005433727,0.9308333333333332,2.6925,0.939166666666667,0.8466666666666669,0.0904381491842226,0.0391187630225385,0.0329277286536191,0.0273972602739724,0.0115181106775924,-0.0210905560332664,0.0608560818196641,0.030645995039589,35703.12329105839,52649.2505517456,391227.9146322913,316729.70188358705,300627.37929573574,392694.2192413793,370904.0966785715,347189.8138888889,436160.9827586207,420339.4464285714,367968.1666666667,-2.7591379309971265,-2.5918452380565467,-3.001543209836419,-4.3253879310344825,-2.3980803571428573,-2.704675925925926,49.17663674135476,46.89350265912894,42.04574184667388,-0.02972285353952,-0.0312193840230742,-0.0256867686165215,14.703771333803402,15.244928968948088,16.10368511781195,19593.52456979441,30804.035765774504,27411.57027405867,3443.220415259282,3262.164715171806,3175.520432162848,1.5662500000373565,-0.1937648809136899,-0.2968672839104935,0.0487768763143326,-0.0133354566566417,-0.0123700408033031,-6.9357999065503e-05,0.0019410067292279,0.0190482682111376,0.0149557919419325,30634.8302652542,,,,,,,,,,,,,,,,,,
2016,CHE,0.0,1010305.39255617,967510.0,995030.0,-0.3625,-0.9,152.40591684400172,0.4048299999999999,129.15874677627687,56561.641162308144,26120.518572067667,0,0,0,1008210.19182588,1029932.03103692,944512.1044301612,943588.0094557836,918552.63,883972.711,966560.0,950999.0,920683.0,-0.0691666666666667,0.6925,0.949166666666667,-1.0,-2.0,0.01,150.00582366535602,146.25567807372212,142.3555266584229,0.41657,0.41608,0.41566,129.72212824397397,131.2201814830221,131.23565191234098,65835.8217941507,54150.53854399111,64298.84161011691,25887.977990460484,25778.98587099018,25485.441732448504,0.5375000000000001,0.9308333333333332,2.6925,0.939166666666667,-0.0210905560332664,0.0272552476996157,0.016362793231118,0.0256410256410256,0.0042279444201471,0.0020781388120025,0.0328648025789195,0.0558523088127173,17565.802516698768,35703.12329105839,356465.1449335084,391227.9146322913,316729.70188358705,404639.7913891169,392694.2192413793,370904.0966785715,437183.2833333333,436160.9827586207,420339.4464285714,-3.4288333332972223,-2.7591379309971265,-2.5918452380565467,-3.181208333333333,-4.3253879310344825,-2.3980803571428573,51.28756110827683,49.17663674135476,46.89350265912894,-0.0282420917548693,-0.02972285353952,-0.0312193840230742,12.715592383628518,14.703771333803402,15.244928968948088,30625.690334294188,19593.52456979441,30804.035765774504,3437.4385208876083,3443.220415259282,3262.164715171806,-0.2476249999638887,1.5662500000373565,-0.1937648809136899,-0.0644337901553747,-0.0247391286465769,-0.0285084230946558,-0.0018232009768721,-0.0054160907947424,-0.0096233063228618,0.0396279702885632,12554.079661409429,,,,,,,,,,,,,,,,,,
2017,CHE,0.0,1063037.339631932,995286.0,1031170.0,-0.0725,-1.0,155.40603331730884,0.4120499999999999,129.8471808809685,43040.770415029736,26259.9504401359,0,0,0,1010305.39255617,1008210.19182588,1029932.03103692,967510.0,943588.0094557836,918552.63,995030.0,966560.0,950999.0,-0.3625,-0.0691666666666667,0.6925,-0.9,-1.0,-2.0,152.40591684400172,150.00582366535602,146.25567807372212,0.4048299999999999,0.41657,0.41608,129.15874677627687,129.72212824397397,131.2201814830221,56561.641162308144,65835.8217941507,54150.53854399111,26120.518572067667,25887.977990460484,25778.98587099018,0.9275,0.5375000000000001,0.9308333333333332,2.6925,0.0020781388120026,0.025352156136462,0.0294549743419963,0.016,0.0089825702761672,0.0521940667290163,0.0238085773209862,0.0588542436041525,10141.1126515326,17565.802516698768,347061.47002078185,356465.1449335084,391227.9146322913,415508.8854369102,404639.7913891169,392694.2192413793,451550.5967741936,437183.2833333333,436160.9827586207,-3.61155913975,-3.4288333332972223,-2.7591379309971265,-2.9785887096774197,-3.181208333333333,-4.3253879310344825,52.03321683181683,51.28756110827683,49.17663674135476,-0.0390710565369704,-0.0282420917548693,-0.02972285353952,11.742030516459522,12.715592383628518,14.703771333803402,20363.58420779698,30625.690334294188,19593.52456979441,3559.0939889177757,3437.4385208876083,3443.220415259282,-0.6329704300725807,-0.2476249999638887,1.5662500000373565,-0.0391173023049264,-0.025817582588178,-0.0144659612139556,-0.0114034532520019,-0.0004809285788975,-0.018347693431731,0.04126342334591,-6031.601100857675,,,,,,,0.192982,0.110962,1.0,,,,,,,,,
2018,CHE,0.0,1070820.3514600687,1031837.5130322912,1063992.0,0.0325,-0.95,160.11865959460675,0.39234,131.06035352028297,44085.26198413066,26828.437275195964,0,0,0,1063037.339631932,1010305.39255617,1008210.19182588,995286.0,967510.0,943588.0094557836,1031170.0,995030.0,966560.0,-0.0725,-0.3625,-0.0691666666666667,-1.0,-0.9,-1.0,155.40603331730884,152.40591684400172,150.00582366535602,0.4120499999999999,0.4048299999999999,0.41657,129.8471808809685,129.15874677627687,129.72212824397397,43040.770415029736,56561.641162308144,65835.8217941507,26259.9504401359,26120.518572067667,25887.977990460484,0.9825,0.9275,0.5375000000000001,0.9308333333333332,0.0521940667290164,0.0287087471964114,0.0363205129493583,0.0196850393700787,0.0053380206707433,0.0073214848980109,0.0110605498359174,0.0374589343709139,24056.2425978329,10141.1126515326,388947.7461583944,347061.47002078185,356465.1449335084,430300.23276700673,415508.8854369102,404639.7913891169,473579.640625,451550.5967741936,437183.2833333333,-3.208697916632812,-3.61155913975,-3.4288333332972223,-2.9855078125,-2.9785887096774197,-3.181208333333333,53.40729527912967,52.03321683181683,51.28756110827683,-0.03063008602019,-0.0390710565369704,-0.0282420917548693,12.063526167511782,11.742030516459522,12.715592383628518,6206.351454024916,20363.58420779698,30625.690334294188,3587.3041698323286,3559.0939889177757,3437.4385208876083,-0.2231901041328123,-0.6329704300725807,-0.2476249999638887,0.0122604740735365,-0.0216281662834487,-0.0071337786964661,-0.0073505605512135,-0.0041099643591957,-0.030484131135742,0.0184926666678077,-13248.30472116668,,,,,,,,,,,,,,,,0.192982,,
2019,CHE,0.0,1104113.300939456,1064720.294111856,1072273.0,-0.49,-1.0,165.879119535661,0.39793,131.53365988760393,38543.03255938109,26968.575907835817,0,0,0,1070820.3514600687,1063037.339631932,1010305.39255617,1031837.5130322912,995286.0,967510.0,1063992.0,1031170.0,995030.0,0.0325,-0.0725,-0.3625,-0.95,-1.0,-0.9,160.11865959460675,155.40603331730884,152.40591684400172,0.39234,0.4120499999999999,0.4048299999999999,131.06035352028297,129.8471808809685,129.15874677627687,44085.26198413066,43040.770415029736,56561.641162308144,26828.437275195964,26259.9504401359,26120.518572067667,0.51,0.9825,0.9275,0.5375000000000001,0.0073214848980108,0.0367246329520269,0.0318298631651425,0.0303246030845897,0.0216484351848274,0.0310910690425263,0.0205312301463433,0.0275458632990547,28920.67369779948,24056.2425978329,384944.462648398,388947.7461583944,347061.47002078185,453812.3448063582,430300.23276700673,415508.8854369102,492050.7424242424,473579.640625,451550.5967741936,-3.0064646464318177,-3.208697916632812,-3.61155913975,-2.8450378787878785,-2.9855078125,-2.9785887096774197,56.50151866918124,53.40729527912967,52.03321683181683,-0.0494119015953358,-0.03063008602019,-0.0390710565369704,12.911137407810756,12.063526167511782,11.742030516459522,7062.771766943268,6206.351454024916,20363.58420779698,4047.084817927775,3587.3041698323286,3559.0939889177757,-0.1614267676439393,-0.2231901041328123,-0.6329704300725807,-0.032995247572267,-0.0129364003314754,-0.0114014978964173,0.0035187081805228,0.0123288865411131,-0.0200300917564213,0.0079830579615031,1108.4353825058424,,,,,,,,,,,,,,,,,0.192982,
2020,CHE,0.0,1124874.2243209414,1097974.3813777429,1141632.0,-0.525,-0.85,173.0534423658934,0.42381,130.5792453996545,17883.253885983322,26106.34192738905,0,0,0,1104113.300939456,1070820.3514600687,1063037.339631932,1064720.294111856,1031837.5130322912,995286.0,1072273.0,1063992.0,1031170.0,-0.49,0.0325,-0.0725,-1.0,-0.95,-1.0,165.879119535661,160.11865959460675,155.40603331730884,0.39793,0.39234,0.4120499999999999,131.53365988760393,131.06035352028297,129.8471808809685,38543.03255938109,44085.26198413066,43040.770415029736,26968.575907835817,26828.437275195964,26259.9504401359,0.3249999999999999,0.51,0.9825,0.9275,0.0310910690425263,0.0318681775611465,0.0077829532552876,0.0359761938779574,0.0052235108292877,0.0188032544883034,0.0302022068898512,0.0224494923548376,21880.360354641543,28920.67369779948,406915.5161675384,384944.462648398,388947.7461583944,473347.7039798538,453812.3448063582,430300.23276700673,485859.6617647059,492050.7424242424,473579.640625,-3.440539215654412,-3.0064646464318177,-3.208697916632812,-2.811360294117647,-2.8450378787878785,-2.9855078125,60.600169237612505,56.50151866918124,53.40729527912967,-0.0423686103719435,-0.0494119015953358,-0.03063008602019,13.004704439607876,12.911137407810756,12.063526167511782,1312.8137608130128,7062.771766943268,6206.351454024916,4068.191544157984,4047.084817927775,3587.3041698323286,-0.6291789215367647,-0.1614267676439393,-0.2231901041328123,-0.0082258074407131,-0.017400843591099,-0.0351029078700171,0.0090636714532687,-0.0044696404368844,-0.0097331746455252,0.002637216455989,5937.110502391584,,,,,,,,,,,,,,,,,,0.192982
1989,DEU,0.0,1881.1,671.819,1287.54166666667,6.898333333333334,6.589,93.2704498811918,0.39,97.3743311136727,96.8640647244572,16558.120973976776,0,0,0,1753.66,1665.29,1614.22,640.621,612.074,587.648,1187.86666666667,1112.8,1041.475,6.489166666666666,6.140833333333333,5.894166666666667,4.009,3.722,4.573,89.90136121522984,88.77935239957247,89.90577787723447,0.41,0.41,0.39,94.74217141760197,93.5506908008213,93.32485405730732,96.06687721780617,69.9284274112109,75.03415498518216,16160.114781678136,15701.373182413234,15469.014161441866,0.3093333333333339,2.480166666666665,2.4188333333333327,1.3211666666666666,0.0530658323775439,0.0466397853854273,0.0674574646537293,0.0126381730135572,0.0292166547432124,0.0726708712065051,0.0425970475717301,0.0107225546968612,88.90100000000007,66.94300000000011,144.64333333333343,84.40999999999985,66.68000000000006,55.18333333333328,39.95449999999994,31.057000000000016,149.4722222222258,111.60833333333358,80.56666666666695,0.1616666666666653,-0.2800000000000002,-1.0533333333333328,-0.4869999999999992,-1.1609999999999996,-0.6199999999999992,0.3718436815724004,-1.125247701127435,0.0023555530691226,0.0133333333333333,0.0199999999999999,0.0,1.303100930851599,0.1674304711063854,-0.1168125448151471,32.98309669318115,10.26697032987883,30.74539580770017,723.3983464793819,396.98512082171874,329.25219970070066,0.6486666666666656,0.8809999999999993,-0.4333333333333335,0.0157031772087207,-0.0020423654938804,-0.008706975571757,0.0188895502298809,0.0108324309047198,0.0052343924029069,0.0026260631425703,-232465.5809601265,,,,,,,,,,,,,,,,,,
1990,DEU,0.0,2218.29,697.439,1461.625,8.704166666666666,7.922999999999999,100.0,0.41,100.0,69.40520570035885,15928.845099962591,0,0,0,1881.1,1753.66,1665.29,671.819,640.621,612.074,1287.54166666667,1187.86666666667,1112.8,6.898333333333334,6.489166666666666,6.140833333333333,6.589,4.009,3.722,93.2704498811918,89.90136121522984,88.77935239957247,0.39,0.41,0.41,97.3743311136727,94.74217141760197,93.5506908008213,96.8640647244572,96.06687721780617,69.9284274112109,16558.120973976776,16160.114781678136,15701.373182413234,0.7811666666666666,0.3093333333333339,2.480166666666665,2.4188333333333327,0.0726708712065051,0.0486996211488539,0.0839109327646197,0.0374753910332474,0.0246289211231276,0.1792515017808729,0.0524580915570045,0.0205233998488015,178.64399999999998,88.90100000000007,235.9224999999999,144.64333333333343,84.40999999999985,72.58549999999991,55.18333333333328,39.95449999999994,211.7791666666692,149.4722222222258,111.60833333333358,0.5304166666666683,0.1616666666666653,-0.2800000000000002,2.2147500000000004,-0.4869999999999992,-1.1609999999999996,3.647971427141272,0.3718436815724004,-1.125247701127435,-0.01,0.0133333333333333,0.0199999999999999,3.609485394209429,1.303100930851599,0.1674304711063854,25.534510026536907,32.98309669318115,10.26697032987883,940.554952158176,723.3983464793819,396.98512082171874,-1.6843333333333323,0.6486666666666656,0.8809999999999993,0.030073823634775,0.0006982587675063,0.010648817729719,0.0374302515062775,0.0026338869830618,0.0124782401867278,0.0111138767232254,21.95799999999996,,,,,,,,,,,,,,,,,,
1991,DEU,0.0,2451.49,727.038,1649.20833333333,8.458333333333334,8.84,104.94118478430497,0.44,103.63620687590308,-40.25466665057976,16649.52350172438,0,0,0,2218.29,1881.1,1753.66,697.439,671.819,640.621,1461.625,1287.54166666667,1187.86666666667,8.704166666666666,6.898333333333334,6.489166666666666,7.922999999999999,6.589,4.009,100.0,93.2704498811918,89.90136121522984,0.41,0.39,0.41,100.0,97.3743311136727,94.74217141760197,69.40520570035885,96.8640647244572,96.06687721780617,15928.845099962591,16558.120973976776,16160.114781678136,-0.3816666666666659,0.7811666666666666,0.3093333333333339,2.480166666666665,0.1792515017808729,0.0381352715537964,0.1352059803889813,0.07215093448547,-0.0380040630819869,0.1051260204932627,0.1016627351216406,0.0679050949535221,243.06799999999996,178.64399999999998,525.9280000000001,235.9224999999999,144.64333333333343,83.6884,72.58549999999991,55.18333333333328,343.5066666666655,211.7791666666692,149.4722222222258,2.2301666666666664,0.5304166666666683,0.1616666666666653,3.1057999999999986,2.2147500000000004,-0.4869999999999992,9.647927260521216,3.647971427141272,0.3718436815724004,0.0119999999999999,-0.01,0.0133333333333333,5.513257201694842,3.609485394209429,1.303100930851599,-7.031251002868828,25.534510026536907,32.98309669318115,123.16808771235628,940.554952158176,723.3983464793819,-0.8756333333333333,-1.6843333333333323,0.6486666666666656,0.129135998300449,-0.0100406555194276,0.0592816609216508,0.0627482320819307,-0.0606575689678183,0.057523470355788,0.0547909462535376,100.7219999999999,,,,,,,,,,,,,,,,,,
1992,DEU,0.0,2648.17,778.531,1801.9666666666697,7.8475,9.416,112.3554941803117,0.411883,108.87803295302336,-40.75486407051974,16890.560511864,0,0,0,2451.49,2218.29,1881.1,727.038,697.439,671.819,1649.20833333333,1461.625,1287.54166666667,8.458333333333334,8.704166666666666,6.898333333333334,8.84,7.922999999999999,6.589,104.94118478430497,100.0,93.2704498811918,0.44,0.41,0.39,103.63620687590308,100.0,97.3743311136727,-40.25466665057976,69.40520570035885,96.8640647244572,16649.52350172438,15928.845099962591,16558.120973976776,-1.5684999999999985,-0.3816666666666659,0.7811666666666666,0.3093333333333339,0.1051260204932627,0.0424395538534553,0.1283388922147131,0.0494118478430496,0.0452436066293017,0.0802287588364627,0.1190161311602135,0.054631118276698,253.44100000000023,243.06799999999996,671.4733333333331,525.9280000000001,235.9224999999999,99.33933333333334,83.6884,72.58549999999991,473.83888888888464,343.5066666666655,211.7791666666692,1.6126388888888892,2.2301666666666664,0.5304166666666683,3.5051666666666668,3.1057999999999986,2.2147500000000004,12.98112416807264,9.647927260521216,3.647971427141272,0.04,0.0119999999999999,-0.01,8.230587877315443,5.513257201694842,3.609485394209429,-115.51924818666262,-7.031251002868828,25.534510026536907,823.3184748554177,123.16808771235628,940.554952158176,-1.892527777777777,-0.8756333333333333,-1.6843333333333323,0.029183317352749,-0.0037282421158832,0.0405582405630524,0.0274594990231241,0.0347216145370341,0.0604959988054139,0.027819233013329,131.5719999999999,,,,,,,,,,,,,,,,,,
1993,DEU,0.0,2848.4,896.074,1986.03333333333,6.510833333333333,7.489,118.52674877732072,0.448943,113.73125431140112,-36.94941602748997,16644.680242702154,0,0,0,2648.17,2451.49,2218.29,778.531,727.038,697.439,1801.9666666666697,1649.20833333333,1461.625,7.8475,8.458333333333334,8.704166666666666,9.416,8.84,7.922999999999999,112.3554941803117,104.94118478430497,100.0,0.411883,0.44,0.41,108.87803295302336,103.63620687590308,100.0,-40.75486407051974,-40.25466665057976,69.40520570035885,16890.560511864,16649.52350172438,15928.845099962591,-0.9781666666666666,-1.5684999999999985,-0.3816666666666659,0.7811666666666666,0.0802287588364628,0.0708257340056502,0.092625249488395,0.0706520458221052,0.0144771116191197,0.0756107047508278,0.1215354270368661,0.0515104588641338,208.7009999999999,253.44100000000023,772.2285714285715,671.4733333333331,525.9280000000001,136.64099999999996,99.33933333333334,83.6884,558.9059523809551,473.83888888888464,343.5066666666655,0.7714285714285714,1.6126388888888892,2.2301666666666664,3.5804285714285697,3.5051666666666668,3.1057999999999986,18.54098725435472,12.98112416807264,9.647927260521216,0.0061687142857143,0.04,0.0119999999999999,12.29661568624779,8.230587877315443,5.513257201694842,-99.5166958656508,-115.51924818666262,-7.031251002868828,946.738560015694,823.3184748554177,123.16808771235628,-2.8089999999999984,-1.892527777777777,-0.8756333333333333,-0.0005778305295089,0.0252793117222921,-0.0019151089237743,0.044123113831659,-0.0018318162293202,0.0509160949209836,0.019134726998099,109.05200000000023,,,,,,,,,,,,,,,,,,
1994,DEU,0.0,3007.27,1020.477,2179.6666666666697,6.866666666666666,5.347,123.47220300156351,0.4729399999999999,116.84008149225396,-51.7947753886033,17027.786172939646,0,0,0,2848.4,2648.17,2451.49,896.074,778.531,727.038,1986.03333333333,1801.9666666666697,1649.20833333333,6.510833333333333,7.8475,8.458333333333334,7.489,9.416,8.84,118.52674877732072,112.3554941803117,104.94118478430497,0.448943,0.411883,0.44,113.73125431140112,108.87803295302336,103.63620687590308,-36.94941602748997,-40.75486407051974,-40.25466665057976,16644.680242702154,16890.560511864,16649.52350172438,1.5196666666666667,-0.9781666666666666,-1.5684999999999985,-0.3816666666666659,0.0756107047508279,0.1509805004553447,0.1021476534897019,0.0549261488459585,-0.0145572593040438,0.0557751720264008,0.0869884946935177,0.0158763656888713,186.7570000000001,208.7009999999999,875.9300000000001,772.2285714285715,671.4733333333331,237.103875,136.64099999999996,99.33933333333334,673.1093749999961,558.9059523809551,473.83888888888464,-0.6616666666666671,0.7714285714285714,1.6126388888888892,1.2058749999999998,3.5804285714285697,3.5051666666666668,22.39461844456939,18.54098725435472,12.98112416807264,0.042457625,0.0061687142857143,0.04,15.612760083844606,12.29661568624779,8.230587877315443,-83.2716608394147,-99.5166958656508,-115.51924818666262,582.515970851884,946.738560015694,823.3184748554177,-1.8675416666666669,-2.8089999999999984,-1.892527777777777,-0.0051133373966426,0.1018227479259449,0.0078808820666431,0.022093914879561,-0.0306044991197238,0.0078831467574714,-0.0196884873435132,42.501599999999854,,,,,,,,,,,,,,,,,,
1995,DEU,0.0,3175.92,1118.968,2215.8,6.8500000000000005,4.503,124.71572891117506,0.5490240000000001,118.99035661606668,-46.13800359235167,17298.81910831468,0,0,0,3007.27,2848.4,2648.17,1020.477,896.074,778.531,2179.6666666666697,1986.03333333333,1801.9666666666697,6.866666666666666,6.510833333333333,7.8475,5.347,7.489,9.416,123.47220300156351,118.52674877732072,112.3554941803117,0.4729399999999999,0.448943,0.411883,116.84008149225396,113.73125431140112,108.87803295302336,-51.7947753886033,-36.94941602748997,-40.75486407051974,17027.786172939646,16644.680242702154,16890.560511864,2.3470000000000004,1.5196666666666667,-0.9781666666666666,-1.5684999999999985,0.0557751720264007,0.1388311679615746,0.0974975243785803,0.0417243725594291,0.0230167191349599,0.0560807642812251,0.0705382118712304,0.0129920019619565,174.2119999999999,186.7570000000001,937.4744444444444,875.9300000000001,772.2285714285715,335.1619999999999,237.103875,136.64099999999996,791.9527777777805,673.1093749999961,558.9059523809551,-0.2323148148148153,-0.6616666666666671,0.7714285714285714,-1.0701111111111112,1.2058749999999998,3.5804285714285697,24.851781730526696,22.39461844456939,18.54098725435472,0.061737111111111,0.042457625,0.0061687142857143,16.98683614427027,15.612760083844606,12.29661568624779,-88.86461344059305,-83.2716608394147,-99.5166958656508,900.8979043280578,582.515970851884,946.738560015694,0.8377962962962963,-1.8675416666666669,-2.8089999999999984,-0.0243097029464894,0.0769455719414316,0.0022456426971912,0.0061303992330865,0.0107950417092454,-0.0096932998873117,-0.0197602100213547,13.474000000000046,,,,,,,,,,,,,,,,,,
1996,DEU,0.0,3417.44,1227.184,2341.55,6.215833333333333,3.273,123.59457398350526,0.577939,120.760659852491,-26.459142140331043,17420.220809056824,0,0,0,3175.92,3007.27,2848.4,1118.968,1020.477,896.074,2215.8,2179.6666666666697,1986.03333333333,6.8500000000000005,6.866666666666666,6.510833333333333,4.503,5.347,7.489,124.71572891117506,123.47220300156351,118.52674877732072,0.5490240000000001,0.4729399999999999,0.448943,118.99035661606668,116.84008149225396,113.73125431140112,-46.13800359235167,-51.7947753886033,-36.94941602748997,17298.81910831468,17027.786172939646,16644.680242702154,2.942833333333333,2.3470000000000004,1.5196666666666667,-0.9781666666666666,0.0560807642812251,0.0965146691204212,0.0165774583269599,0.0100713025230124,0.0159170976556986,0.0760472555983777,0.0624888803528179,0.011364860461339,187.5769999999999,174.2119999999999,1012.377,937.4744444444444,875.9300000000001,400.1368000000001,335.1619999999999,237.103875,748.8908333333329,791.9527777777805,673.1093749999961,-0.2257499999999987,-0.2323148148148153,-0.6616666666666671,-1.8071,-1.0701111111111112,1.2058749999999998,23.61012946708557,24.851781730526696,22.39461844456939,0.1316474,0.061737111111111,0.042457625,17.43842765365595,16.98683614427027,15.612760083844606,-74.32138030028212,-88.86461344059305,-83.2716608394147,1081.841049270286,900.8979043280578,582.515970851884,1.5813500000000005,0.8377962962962963,-1.8675416666666669,-0.0213030325864995,0.0260795651067858,-0.0789239392096726,-0.0262038262736731,0.002495971151179,-0.0165309689198103,-0.0189173252693028,-0.9958571428572895,,,,,,,,,,,,,,,,,,
1997,DEU,0.0,3614.15,1335.676,2460.48333333333,5.640833333333332,3.184,121.35141024017808,0.588666,122.5945952612776,-20.64359883377388,17708.525215602687,0,0,0,3417.44,3175.92,3007.27,1227.184,1118.968,1020.477,2341.55,2215.8,2179.6666666666697,6.215833333333333,6.8500000000000005,6.866666666666666,3.273,4.503,5.347,123.59457398350526,124.71572891117506,123.47220300156351,0.577939,0.5490240000000001,0.4729399999999999,120.760659852491,118.99035661606668,116.84008149225396,-26.459142140331043,-46.13800359235167,-51.7947753886033,17420.220809056824,17298.81910831468,17027.786172939646,2.456833333333332,2.942833333333333,2.3470000000000004,1.5196666666666667,0.0760472555983777,0.0967105404265357,0.0567515118693022,-0.0089896834782428,0.0070179183898044,0.0575606301793154,0.0626343973020012,0.0116168809245665,206.21599999999995,187.5769999999999,1161.8627272727276,1012.377,937.4744444444444,471.9767272727273,400.1368000000001,335.1619999999999,806.5598484848481,748.8908333333329,791.9527777777805,-0.8393939393939398,-0.2257499999999987,-0.2323148148148153,-2.872818181818182,-1.8071,-1.0701111111111112,20.34259913331709,23.61012946708557,24.851781730526696,0.1485944545454545,0.1316474,0.061737111111111,17.623419285202473,17.43842765365595,16.98683614427027,-47.88602973005403,-74.32138030028212,-88.86461344059305,1104.89356371513,1081.841049270286,900.8979043280578,2.033424242424242,1.5813500000000005,0.8377962962962963,0.000793761989303,0.0236674799022218,-0.030857491746363,-0.0426444296475611,-0.0066528052298329,-0.0145486776462036,-0.0165633797761527,12.493624999999868,,,,0.074118,0.099166,1.0,,,,,,,,,,,,
1998,DEU,0.0,3850.79,1430.201,2569.4,4.571666666666666,3.414,119.09861817368083,0.5953470000000001,123.312222160368,-26.1429405460362,18028.880735795392,0,0,0,3614.15,3417.44,3175.92,1335.676,1227.184,1118.968,2460.48333333333,2341.55,2215.8,5.640833333333332,6.215833333333333,6.8500000000000005,3.184,3.273,4.503,121.35141024017808,123.59457398350526,124.71572891117506,0.588666,0.577939,0.5490240000000001,122.5945952612776,120.760659852491,118.99035661606668,-20.64359883377388,-26.459142140331043,-46.13800359235167,17708.525215602687,17420.220809056824,17298.81910831468,1.1576666666666666,2.456833333333332,2.942833333333333,2.3470000000000004,0.0575606301793155,0.0884072804078279,0.0507925661776728,-0.0181493707290624,0.0165499857726242,0.0654759763706542,0.0632295500196394,0.01112509249384,222.13200000000012,206.21599999999995,1261.7508333333335,1161.8627272727276,1012.377,541.1373333333332,471.9767272727273,400.1368000000001,858.2798611111073,806.5598484848481,748.8908333333329,-1.344444444444446,-0.8393939393939398,-0.2257499999999987,-2.722416666666666,-2.872818181818182,-1.8071,16.404218795546825,20.34259913331709,23.61012946708557,0.1469385833333333,0.1485944545454545,0.1316474,17.988736420222182,17.623419285202473,17.43842765365595,-38.07998394599237,-47.88602973005403,-74.32138030028212,1301.123506618067,1104.89356371513,1081.841049270286,1.3779722222222208,2.033424242424242,1.5813500000000005,-0.0177650236106049,0.0132126308014938,-0.0340112109155959,-0.0479273505667842,0.0034840626284261,-0.0124986571639451,-0.015398830229264,29.744444444444383,,,,0.13205,0.115489,10.0,,,,,,,0.074118,,,,,
1999,DEU,0.0,4095.84,1758.8564,2667.556537,4.490833333333333,2.732,121.34081025136696,0.601394,124.14945354264016,-61.11704936125759,18380.04362314571,0,0,0,3850.79,3614.15,3417.44,1430.201,1335.676,1227.184,2569.4,2460.48333333333,2341.55,4.571666666666666,5.640833333333332,6.215833333333333,3.414,3.184,3.273,119.09861817368083,121.35141024017808,123.59457398350526,0.5953470000000001,0.588666,0.577939,123.312222160368,122.5945952612776,120.760659852491,-26.1429405460362,-20.64359883377388,-26.459142140331043,18028.880735795392,17708.525215602687,17420.220809056824,1.7588333333333326,1.1576666666666666,2.456833333333332,2.942833333333333,0.0654759763706542,0.0707694081498807,0.0442663704285758,-0.0185642017842111,0.0180904686467309,0.0636362928126437,0.0663612873827825,0.0092750558778546,227.18399999999988,222.13200000000012,1401.333076923077,1261.7508333333335,1161.8627272727276,594.0363846153847,541.1373333333332,471.9767272727273,901.175,858.2798611111073,806.5598484848481,-2.3101923076923088,-1.344444444444446,-0.8393939393939398,-2.2829999999999995,-2.722416666666666,-2.872818181818182,12.889563744776751,16.404218795546825,20.34259913331709,0.1423166153846154,0.1469385833333333,0.1485944545454545,17.322614363910873,17.988736420222182,17.623419285202473,-40.65009612394758,-38.07998394599237,-47.88602973005403,1521.3926032247657,1301.123506618067,1104.89356371513,-0.0271923076923077,1.3779722222222208,2.033424242424242,-0.0083692587850492,-0.0055262940232445,-0.0377031390883932,-0.0443482357413675,0.004734206950164,-0.0082306782404434,-0.0158489731880436,42.68600000000015,0.024982,0.100585,1.0,0.1230767027027027,0.24332886486486488,37.0,,,,,,,0.13205,0.074118,,,,
2000,DEU,0.0,4277.93,1868.2167,2637.827921,5.263333333333333,4.112,121.34496191365132,0.590658,125.8908948177662,-70.87662150479989,18943.516375383148,0,0,0,4095.84,3850.79,3614.15,1758.8564,1430.201,1335.676,2667.556537,2569.4,2460.48333333333,4.490833333333333,4.571666666666666,5.640833333333332,2.732,3.414,3.184,121.34081025136696,119.09861817368083,121.35141024017808,0.601394,0.5953470000000001,0.588666,124.14945354264016,123.312222160368,122.5945952612776,-61.11704936125759,-26.1429405460362,-20.64359883377388,18380.04362314571,18028.880735795392,17708.525215602687,1.1513333333333329,1.7588333333333326,1.1576666666666666,2.456833333333332,0.0636362928126436,0.2297966509602495,0.038202123842142,0.018826348383122,0.0194777974571157,0.0444573030196493,0.0622242997875378,0.0041422783054009,223.63900000000075,227.18399999999988,1546.2878571428569,1401.333076923077,1261.7508333333335,880.2606142857142,594.0363846153847,541.1373333333332,934.9618941428567,901.175,858.2798611111073,-2.226011904761905,-2.3101923076923088,-1.344444444444446,-2.8019285714285704,-2.2829999999999995,-2.722416666666666,14.211072697835974,12.889563744776751,16.404218795546825,0.1381981428571428,0.1423166153846154,0.1469385833333333,16.92251614876082,17.322614363910873,17.988736420222182,-72.72062664460128,-40.65009612394758,-38.07998394599237,1763.8845903447436,1521.3926032247657,1301.123506618067,0.5759166666666657,-0.0271923076923077,1.3779722222222208,-0.0095651532057482,0.1539260483273738,-0.040867144206489,-0.0035462828246984,0.0057573659951515,-0.0116817759823178,-0.019661002994827,43.8574545454544,0.156363,0.25024,1.0,0.07879688235294117,0.3047667647058823,34.0,,,,0.024982,,,0.1230767027027027,0.13205,0.074118,,,
2001,DEU,0.0,4373.85,1919.3792,2803.877888,4.7975,4.373,121.34849524325504,0.579365,128.2829844814009,-15.59431454333154,19156.68989625507,0,0,0,4277.93,4095.84,3850.79,1868.2167,1758.8564,1430.201,2637.827921,2667.556537,2569.4,5.263333333333333,4.490833333333333,4.571666666666666,4.112,2.732,3.414,121.34496191365132,121.34081025136696,119.09861817368083,0.590658,0.601394,0.5953470000000001,125.8908948177662,124.14945354264016,123.312222160368,-70.87662150479989,-61.11704936125759,-26.1429405460362,18943.516375383148,18380.04362314571,18028.880735795392,0.4245000000000001,1.1513333333333329,1.7588333333333326,1.1576666666666666,0.0444573030196492,0.0621769349675164,-0.0111445120610014,3.421488842671216e-05,0.0306567690366014,0.0224220592669819,0.0578565240676491,0.0116404661598353,175.12700000000007,223.63900000000075,1625.2920000000004,1546.2878571428569,1401.333076923077,930.9368733333332,880.2606142857142,594.0363846153847,842.9024852,934.9618941428567,901.175,-1.3051111111111116,-2.226011904761905,-2.3101923076923088,-1.2351333333333328,-2.8019285714285704,-2.2829999999999995,13.267819513597928,14.211072697835974,12.889563744776751,0.1182489333333333,0.1381981428571428,0.1423166153846154,17.535789680636142,16.92251614876082,17.322614363910873,-77.63215701183682,-72.72062664460128,-40.65009612394758,2209.765036559198,1763.8845903447436,1521.3926032247657,-0.0699777777777783,0.5759166666666657,-0.0271923076923077,-0.0280609177697606,-0.0246883854030288,-0.0872946983805976,-0.0220851104033438,0.0165250971464121,-0.0151509535497205,-0.0106504302946366,36.65766666666738,,,,0.10549388888888889,0.26934885185185187,27.0,0.0544855,0.1606815,2.0,0.156363,0.024982,,0.07879688235294117,0.1230767027027027,0.13205,,,
2002,DEU,0.0,4383.4,1973.2819,2842.603322,4.782500000000001,3.278,117.98099657561474,0.597035,129.95744724594516,74.22970878925503,19140.37834615822,0,0,0,4373.85,4277.93,4095.84,1919.3792,1868.2167,1758.8564,2803.877888,2637.827921,2667.556537,4.7975,5.263333333333333,4.490833333333333,4.373,4.112,2.732,121.34849524325504,121.34496191365132,121.34081025136696,0.579365,0.590658,0.601394,128.2829844814009,125.8908948177662,124.14945354264016,-15.59431454333154,-70.87662150479989,-61.11704936125759,19156.68989625507,18943.516375383148,18380.04362314571,1.504500000000001,0.4245000000000001,1.1513333333333329,1.7588333333333326,0.0224220592669819,0.0273857417075867,0.0629495069326017,2.911805770911723e-05,0.0112531124975792,0.0021834310733104,0.0435052183664249,0.020623605663881,95.86000000000028,175.12700000000007,1619.6312500000004,1625.2920000000004,1546.2878571428569,923.91581875,930.9368733333332,880.2606142857142,956.2710468749996,842.9024852,934.9618941428567,-1.6893749999999992,-1.3051111111111116,-2.226011904761905,-0.8969374999999999,-1.2351333333333328,-2.8019285714285704,12.442114123601767,13.267819513597928,14.211072697835974,0.099565375,0.1182489333333333,0.1381981428571428,18.83189248923108,17.535789680636142,16.92251614876082,-17.497840237128678,-77.63215701183682,-72.72062664460128,2284.82824264617,2209.765036559198,1763.8845903447436,-0.7924374999999999,-0.0699777777777783,0.5759166666666657,-0.0482254336711105,-0.0578336863027565,-0.0073810328282879,-0.0206178665405052,-0.0039802325357041,-0.0284200482831074,-0.0009065457695455,-14.674153846153844,0.349418,0.082039,1.0,0.1604149696969697,0.3707047272727273,33.0,,,,,0.156363,0.024982,0.10549388888888889,0.07879688235294117,0.1230767027027027,0.0544855,,
2003,DEU,0.0,4384.18,2199.3132,2937.265494,4.070833333333333,2.318,116.85374665437853,0.633089,131.37834850614416,55.61261497125925,19087.572240241872,0,0,0,4383.4,4373.85,4277.93,1973.2819,1919.3792,1868.2167,2842.603322,2803.877888,2637.827921,4.782500000000001,4.7975,5.263333333333333,3.278,4.373,4.112,117.98099657561474,121.34849524325504,121.34496191365132,0.597035,0.579365,0.590658,129.95744724594516,128.2829844814009,125.8908948177662,74.22970878925503,-15.59431454333154,-70.87662150479989,19140.37834615822,19156.68989625507,18943.516375383148,1.7528333333333328,1.504500000000001,0.4245000000000001,1.1513333333333329,0.0021834310733105,0.0280834032170401,0.0138113839285714,-0.0277506421557994,-0.0008514806151368,0.0001779440616873,0.0230209311199805,0.0211432979441737,32.830000000000226,95.86000000000028,1533.9088235294116,1619.6312500000004,1625.2920000000004,923.4705294117646,923.91581875,930.9368733333332,938.7452428235292,956.2710468749996,842.9024852,-1.6049999999999995,-1.6893749999999992,-1.3051111111111116,-1.939176470588236,-0.8969374999999999,-1.2351333333333328,8.342726389867238,12.442114123601767,13.267819513597928,0.111378588235294,0.099565375,0.1182489333333333,19.39859687205588,18.83189248923108,17.535789680636142,73.35546781528899,-17.497840237128678,-77.63215701183682,2134.115031217192,2284.82824264617,2209.765036559198,0.3341764705882364,-0.7924374999999999,-0.0699777777777783,-0.0654499722603376,-0.0535214193993809,-0.0560578412805502,-0.0471090100952322,-0.0158360611149387,-0.0470096656440114,-0.0003264171046165,-92.8929999999998,,,,0.12094996,0.40117568,25.0,,,,0.349418,,0.156363,0.1604149696969697,0.10549388888888889,0.07879688235294117,,0.0544855,
2004,DEU,0.0,4350.09,2205.6404,2963.669199,4.036666666666667,2.04833,114.60713791468775,0.649877,133.6779440361183,183.08675605462915,19283.670487293424,0,0,0,4384.18,4383.4,4373.85,2199.3132,1973.2819,1919.3792,2937.265494,2842.603322,2803.877888,4.070833333333333,4.782500000000001,4.7975,2.318,3.278,4.373,116.85374665437853,117.98099657561474,121.34849524325504,0.633089,0.597035,0.579365,131.37834850614416,129.95744724594516,128.2829844814009,55.61261497125925,74.22970878925503,-15.59431454333154,19087.572240241872,19140.37834615822,19156.68989625507,1.988336666666667,1.7528333333333328,1.504500000000001,0.4245000000000001,0.0001779440616874,0.1145458740588458,0.0333012247144625,-0.0095545041485876,-0.0027588851673325,-0.0077756843925204,0.0082611448006599,0.0123046380861166,-7.04999999999953,32.830000000000226,1449.4716666666668,1533.9088235294116,1619.6312500000004,1098.1979111111111,923.4705294117646,923.91581875,981.254901333333,938.7452428235292,956.2710468749996,-2.227500000000001,-1.6049999999999995,-1.6893749999999992,-2.7914444444444446,-1.939176470588236,-0.8969374999999999,6.75199166919397,8.342726389867238,12.442114123601767,0.1412448888888888,0.111378588235294,0.099565375,19.74179830602955,19.39859687205588,18.83189248923108,50.66307022977715,73.35546781528899,-17.497840237128678,1962.746979122112,2134.115031217192,2284.82824264617,0.5639444444444439,0.3341764705882364,-0.7924374999999999,-0.0636054609037055,0.0360893702306237,-0.0332704804193326,-0.0261417538471243,-0.0168119326603733,-0.0588313478605813,-0.009144675893635,-149.7301333333332,0.076002,0.184278,1.0,0.09590726,0.38811926,50.0,0.026379,0.465107,1.0,,0.349418,,0.12094996,0.1604149696969697,0.10549388888888889,,,0.0544855
2005,DEU,0.0,4354.91,2257.9958,3112.312279,3.353333333333333,2.09,112.3598519534896,0.6734650000000001,136.2566166935165,220.6458601187648,19417.057021603057,0,0,1,4350.09,4384.18,4383.4,2205.6404,2199.3132,1973.2819,2963.669199,2937.265494,2842.603322,4.036666666666667,4.070833333333333,4.782500000000001,2.04833,2.318,3.278,114.60713791468775,116.85374665437853,117.98099657561474,0.649877,0.633089,0.597035,133.6779440361183,131.37834850614416,129.95744724594516,183.08675605462915,55.61261497125925,74.22970878925503,19283.670487293424,19087.572240241872,19140.37834615822,1.2633333333333336,1.988336666666667,1.7528333333333328,1.504500000000001,-0.0077756843925204,0.0028768981152844,0.0089892129444667,-0.0192258169208353,0.0102736086383014,0.0011080230523965,-0.0018047697525075,0.0052672915969392,-11.95599999999964,-7.04999999999953,1339.0936842105266,1449.4716666666668,1533.9088235294116,1046.725221052632,1098.1979111111111,923.4705294117646,956.0136115263156,981.254901333333,938.7452428235292,-2.144429824561403,-2.227500000000001,-1.6049999999999995,-2.914196315789473,-2.7914444444444446,-1.939176470588236,4.150014946914041,6.75199166919397,8.342726389867238,0.150598947368421,0.1412448888888888,0.111378588235294,21.002351819896877,19.74179830602955,19.39859687205588,175.47073393263247,50.66307022977715,73.35546781528899,2055.542753588292,1962.746979122112,2134.115031217192,0.7697664912280706,0.5639444444444439,0.3341764705882364,-0.0680254526410408,-0.0775845707257501,-0.0557341321660322,-0.0343607469611985,-0.0028454425958297,-0.0654365948925381,-0.0156441002714221,-180.2519999999996,0.2085215,0.19913250000000002,2.0,0.0940146,0.3643892285714285,35.0,,,,0.076002,,0.349418,0.09590726,0.12094996,0.1604149696969697,0.026379,,
2006,DEU,0.0,4385.43,2303.072,3266.431683,3.7625,2.83583,112.35496418087114,0.6670470000000001,138.68857451821177,257.6367017998274,20040.620318052523,0,1,1,4354.91,4350.09,4384.18,2257.9958,2205.6404,2199.3132,3112.312279,2963.669199,2937.265494,3.353333333333333,4.036666666666667,4.070833333333333,2.09,2.04833,2.318,112.3598519534896,114.60713791468775,116.85374665437853,0.6734650000000001,0.649877,0.633089,136.2566166935165,133.6779440361183,131.37834850614416,220.6458601187648,183.08675605462915,55.61261497125925,19417.057021603057,19283.670487293424,19087.572240241872,0.9266699999999995,1.2633333333333336,1.988336666666667,1.7528333333333328,0.0011080230523965,0.0237370516064177,0.0501550848016893,-0.0196086038102706,0.0069170718508971,0.0070081815697684,-0.0021632390928121,0.0048827162946357,0.8569999999998225,-11.95599999999964,1276.9589999999998,1339.0936842105266,1449.4716666666668,1046.74436,1046.725221052632,1098.1979111111111,1056.8560109499997,956.0136115263156,981.254901333333,-2.7205416666666657,-2.144429824561403,-2.227500000000001,-2.7268165,-2.914196315789473,-2.7914444444444446,1.695228238370177,4.150014946914041,6.75199166919397,0.166657,0.150598947368421,0.1412448888888888,22.53090688630021,21.002351819896877,19.74179830602955,204.25630130013647,175.47073393263247,50.66307022977715,2086.1521502185096,2055.542753588292,1962.746979122112,0.0062748333333337,0.7697664912280706,0.5639444444444439,-0.0555614582150164,-0.0526410187753668,-0.0116348849316499,-0.0329350734842549,-0.0060522192466114,-0.0621596978499239,-0.0151595588919799,-174.55494117647035,0.511843,0.300688,1.0,0.08185993617021277,0.4460185319148936,47.0,0.0821945,0.230109,2.0,0.2085215,0.076002,,0.0940146,0.09590726,0.12094996,,0.026379,
2007,DEU,0.0,4476.81,2281.9119,3616.916419,4.216666666666667,3.85917,113.5376579324722,0.639942,141.8636748650762,313.2550451914068,20546.93610742278,1,1,1,4385.43,4354.91,4350.09,2303.072,2257.9958,2205.6404,3266.431683,3112.312279,2963.669199,3.7625,3.353333333333333,4.036666666666667,2.83583,2.09,2.04833,112.35496418087114,112.3598519534896,114.60713791468775,0.6670470000000001,0.6734650000000001,0.649877,138.68857451821177,136.2566166935165,133.6779440361183,257.6367017998274,220.6458601187648,183.08675605462915,20040.620318052523,19417.057021603057,19283.670487293424,0.357496666666667,0.9266699999999995,1.2633333333333336,1.988336666666667,0.0070081815697684,0.0199629246431724,0.0495192609815874,-4.350105961778434e-05,0.0321142022581331,0.0208371813026317,0.0001135067432148,0.0074419399496805,41.06800000000049,0.8569999999998225,1246.6714285714293,1276.9589999999998,1339.0936842105266,1041.9755904761903,1046.74436,1046.725221052632,1160.648938238095,1056.8560109499997,956.0136115263156,-2.181825396825397,-2.7205416666666657,-2.144429824561403,-1.851138095238095,-2.7268165,-2.914196315789473,1.6096153115436067,1.695228238370177,4.150014946914041,0.1523029523809523,0.166657,0.150598947368421,23.88996438307645,22.53090688630021,21.002351819896877,231.52065244309736,204.25630130013647,175.47073393263247,2610.374868086139,2086.1521502185096,2055.542753588292,-0.330687301587302,0.0062748333333337,0.7697664912280706,-0.0468832267868937,-0.0537830947998437,-0.0116889645051694,-0.0117232170593893,0.0194475221229551,-0.056611388969164,-0.0118024637163046,-152.04444444444474,,,,0.08191871428571429,0.35368991071428574,56.0,0.07669000000000001,0.4393295,2.0,0.511843,0.2085215,0.076002,0.08185993617021277,0.0940146,0.09590726,0.0821945,,0.026379
2008,DEU,1.0,4610.92,2263.7031,3957.622005,3.98416666666667,3.81833,114.24432385321371,0.655222,145.75799683747348,299.69195228249873,20801.43744384757,0,0,0,4476.81,4385.43,4354.91,2281.9119,2303.072,2257.9958,3616.916419,3266.431683,3112.312279,4.216666666666667,3.7625,3.353333333333333,3.85917,2.83583,2.09,113.5376579324722,112.35496418087114,112.3598519534896,0.639942,0.6670470000000001,0.6734650000000001,141.8636748650762,138.68857451821177,136.2566166935165,313.2550451914068,257.6367017998274,220.6458601187648,20546.93610742278,20040.620318052523,19417.057021603057,0.1658366666666695,0.357496666666667,0.9266699999999995,1.2633333333333336,0.0208371813026316,-0.0091877718108682,0.1072989641338841,0.0105264040643289,0.0252644769141288,0.0299565985601353,0.0096511286415989,0.0101266380518945,85.94100000000061,41.06800000000049,1281.3845454545458,1246.6714285714293,1276.9589999999998,973.4529636363636,1041.9755904761903,1046.74436,1458.3769043181817,1160.648938238095,1056.8560109499997,-1.628484848484848,-2.181825396825397,-2.7205416666666657,-0.7436554545454541,-1.851138095238095,-2.7268165,2.7191447308017587,1.6096153115436067,1.695228238370177,0.1182750909090909,0.1523029523809523,0.166657,25.97915725798285,23.88996438307645,22.53090688630021,276.615329814536,231.52065244309736,204.25630130013647,2998.037254361574,2610.374868086139,2086.1521502185096,-0.8848293939393936,-0.330687301587302,0.0062748333333337,-0.0308216924451308,-0.080372691501511,0.0466473560045163,-0.0005950635040431,0.0116717242969053,-0.0442431976223218,-0.0085276424282754,-103.8311052631575,0.124505,0.171058,1.0,0.12787222123893804,0.30394370796460174,113.0,0.20825625,0.307338,4.0,,0.511843,0.2085215,0.08191871428571429,0.08185993617021277,0.0940146,0.07669000000000001,0.0821945,
2009,DEU,0.0,4611.05,2259.1089,3887.994457,3.2225,0.625833,114.83318267608496,0.729901,146.1168102870187,273.0727148145284,19789.8454371839,0,0,0,4610.92,4476.81,4385.43,2263.7031,2281.9119,2303.072,3957.622005,3616.916419,3266.431683,3.98416666666667,4.216666666666667,3.7625,3.81833,3.85917,2.83583,114.24432385321371,113.5376579324722,112.35496418087114,0.655222,0.639942,0.6670470000000001,145.75799683747348,141.8636748650762,138.68857451821177,299.69195228249873,313.2550451914068,257.6367017998274,20801.43744384757,20546.93610742278,20040.620318052523,2.596667,0.1658366666666695,0.357496666666667,0.9266699999999995,0.0299565985601353,-0.0079796244543883,0.0941978045747039,0.0062240663900416,0.0123863399922118,2.819393960429295e-05,0.0192673204775118,0.011554471335748,81.09699999999958,85.94100000000061,1359.7821739130436,1281.3845454545458,1246.6714285714293,912.9201217391304,973.4529636363636,1041.9755904761903,1735.6747988260868,1458.3769043181817,1160.648938238095,-1.7901811594202868,-1.628484848484848,-2.181825396825397,-0.7521626086956514,-0.7436554545454541,-1.851138095238095,3.3075869675954124,2.7191447308017587,1.6096153115436067,0.1284126956521738,0.1182750909090909,0.1523029523809523,28.7439506539461,25.97915725798285,23.88996438307645,251.0254834354307,276.615329814536,231.52065244309736,3122.189144944557,2998.037254361574,2610.374868086139,-1.038018550724635,-0.8848293939393936,-0.330687301587302,-0.0203012891673939,-0.0755112399858715,0.0314258620814944,-0.0048703528372375,-0.0017369455475981,-0.0325201868520126,-0.0066937309335516,-53.766549999999526,0.025023,0.149568,1.0,0.167372875,0.25801152083333334,96.0,0.24858866666666668,0.262887,3.0,0.124505,,0.511843,0.12787222123893804,0.08191871428571429,0.08185993617021277,0.20825625,0.07669000000000001,0.0821945
2010,DEU,0.0,4601.88,2256.5525,3887.798874,2.74333333333333,0.383333,117.77765345692136,0.8238160000000001,147.7514048905024,287.1359427412455,20661.4454356808,0,0,0,4611.05,4610.92,4476.81,2259.1089,2263.7031,2281.9119,3887.994457,3957.622005,3616.916419,3.2225,3.98416666666667,4.216666666666667,0.625833,3.81833,3.85917,114.83318267608496,114.24432385321371,113.5376579324722,0.729901,0.655222,0.639942,146.1168102870187,145.75799683747348,141.8636748650762,273.0727148145284,299.69195228249873,313.2550451914068,19789.8454371839,20801.43744384757,20546.93610742278,2.36000033333333,2.596667,0.1658366666666695,0.357496666666667,2.819393960426751e-05,-0.0020295064312983,-0.0175932789720779,0.0051543814432988,-0.0486308703133817,-0.0019887010550742,0.0169406579341238,0.0153399648485109,37.53399999999998,81.09699999999958,1303.2545833333338,1359.7821739130436,1281.3845454545458,870.2875833333335,912.9201217391304,973.4529636363636,1593.7274675416666,1735.6747988260868,1458.3769043181817,-2.477256944444444,-1.7901811594202868,-1.628484848484848,-3.9133195,-0.7521626086956514,-0.7436554545454541,3.75862966681683,3.3075869675954124,2.7191447308017587,0.1977411666666666,0.1284126956521738,0.1182750909090909,27.905099492910225,28.7439506539461,25.97915725798285,213.9468508243174,251.0254834354307,276.615329814536,1980.5059239081968,3122.189144944557,2998.037254361574,1.4360625555555555,-1.038018550724635,-0.8848293939393936,-0.0493470290415165,-0.0662780245720914,-0.0817315632949176,-0.005728283312796,-0.0626786364815571,-0.0333686590839455,-0.0026039769238091,-56.05023809523868,0.050697500000000006,0.116684,2.0,0.13739487804878048,0.26834646341463414,82.0,0.15861199999999998,0.300141,4.0,0.025023,0.124505,,0.167372875,0.12787222123893804,0.08191871428571429,0.24858866666666668,0.20825625,0.07669000000000001
2011,DEU,0.0,4724.657,2283.0735,4117.608899,2.60666666666667,0.8091670000000001,124.13764674359513,0.79801,151.4192757080756,350.64316172051184,21432.681417956832,0,0,0,4601.88,4611.05,4610.92,2256.5525,2259.1089,2263.7031,3887.798874,3887.994457,3957.622005,2.74333333333333,3.2225,3.98416666666667,0.383333,0.625833,3.81833,117.77765345692136,114.83318267608496,114.24432385321371,0.8238160000000001,0.729901,0.655222,147.7514048905024,146.1168102870187,145.75799683747348,287.1359427412455,273.0727148145284,299.69195228249873,20661.4454356808,19789.8454371839,20801.43744384757,1.79749966666667,2.36000033333333,2.596667,0.1658366666666695,-0.0019887010550742,-0.0011315966220133,-5.030434126481174e-05,0.0256412886259715,0.0440427895843602,0.0266797482767913,0.0093320304815551,0.0178898455185024,33.204100000000146,37.53399999999998,1241.9544,1303.2545833333338,1359.7821739130436,832.9196799999997,870.2875833333335,912.9201217391304,1529.7827858399996,1593.7274675416666,1735.6747988260868,-2.857333333333337,-2.477256944444444,-1.7901811594202868,-3.99928672,-3.9133195,-0.7521626086956514,6.552755260980561,3.75862966681683,3.3075869675954124,0.2837465200000001,0.1977411666666666,0.1284126956521738,28.4234901166775,27.905099492910225,28.7439506539461,219.4522047180618,213.9468508243174,251.0254834354307,2772.885685448768,1980.5059239081968,3122.189144944557,1.1419533866666634,1.4360625555555555,-1.038018550724635,-0.0493077978261319,-0.0626185304056359,-0.0607831068601495,0.0149973023412431,0.032606633269583,-0.0395264752719948,5.912013417402537e-05,-97.06550000000016,0.06797683333333333,0.159358,6.0,0.11097701851851853,0.2390918425925926,108.0,0.140372,0.137648,2.0,0.050697500000000006,0.025023,0.124505,0.13739487804878048,0.167372875,0.12787222123893804,0.15861199999999998,0.24858866666666668,0.20825625
2012,DEU,0.0,4764.223,2289.4065,4411.570148,1.49513,0.255,135.97092462328325,0.811354,154.6757071035036,372.8821478429012,21483.78039850607,0,0,0,4724.657,4601.88,4611.05,2283.0735,2256.5525,2259.1089,4117.608899,3887.798874,3887.994457,2.60666666666667,2.74333333333333,3.2225,0.8091670000000001,0.383333,0.625833,124.13764674359513,117.77765345692136,114.83318267608496,0.79801,0.8238160000000001,0.729901,151.4192757080756,147.7514048905024,146.1168102870187,350.64316172051184,287.1359427412455,273.0727148145284,21432.681417956832,20661.4454356808,19789.8454371839,1.2401300000000002,1.79749966666667,2.36000033333333,2.596667,0.0266797482767912,0.0117528841008574,0.0591105745044773,0.054,0.0373273004871267,0.0083743645305891,0.0082397470537738,0.0160013187013931,58.22960000000002,33.204100000000146,1316.963923076923,1241.9544,1303.2545833333338,827.4053076923076,832.9196799999997,870.2875833333335,1700.7550113846155,1529.7827858399996,1593.7274675416666,-2.8841025641025606,-2.857333333333337,-2.477256944444444,-3.419634,-3.99928672,-3.9133195,12.660719499155078,6.552755260980561,3.75862966681683,0.2470271923076922,0.2837465200000001,0.1977411666666666,30.99814977591696,28.4234901166775,27.905099492910225,274.518954285095,219.4522047180618,213.9468508243174,3437.4722182844635,2772.885685448768,1980.5059239081968,0.5355314358974392,1.1419533866666634,1.4360625555555555,-0.0186670365812211,-0.0472293084665396,0.0008090962599985,0.0427561216216218,0.0245868788415662,-0.0389718222301097,-0.0018318700218591,-97.1751608695652,0.11626799999999998,0.191587,9.0,0.15031379746835444,0.2743070759493671,79.0,0.24408275000000001,0.22111999999999998,4.0,0.06797683333333333,0.050697500000000006,0.025023,0.11097701851851853,0.13739487804878048,0.167372875,0.140372,0.15861199999999998,0.24858866666666668
2013,DEU,0.0,4604.073,2306.95,4526.572952,1.571408,0.0891666666666666,144.4385435087557,0.787169,157.14753308925944,348.0004779910781,21517.887790133365,0,0,0,4764.223,4724.657,4601.88,2289.4065,2283.0735,2256.5525,4411.570148,4117.608899,3887.798874,1.49513,2.60666666666667,2.74333333333333,0.255,0.8091670000000001,0.383333,135.97092462328325,124.13764674359513,117.77765345692136,0.811354,0.79801,0.8238160000000001,154.6757071035036,151.4192757080756,147.7514048905024,372.8821478429012,350.64316172051184,287.1359427412455,21483.78039850607,21432.681417956832,20661.4454356808,1.4822413333333333,1.2401300000000002,1.79749966666667,2.36000033333333,0.0083743645305891,0.002773892299131,0.0713912506531135,0.0953238456672988,0.0023841618112434,-0.0336151351437579,0.0110218039174354,0.0145164285639995,4.614500000000144,58.22960000000002,1307.7534814814817,1316.963923076923,1241.9544,803.0936666666669,827.4053076923076,832.9196799999997,1931.725334037037,1700.7550113846155,1529.7827858399996,-3.888820617283951,-2.8841025641025606,-2.857333333333337,-3.847147888888889,-3.419634,-3.99928672,24.025081841837466,12.660719499155078,6.552755260980561,0.251222037037037,0.2470271923076922,0.2837465200000001,33.10650155001473,30.99814977591696,28.4234901166775,286.5905717302586,274.518954285095,219.4522047180618,3361.257412971314,3437.4722182844635,2772.885685448768,-0.0416727283950615,0.5355314358974392,1.1419533866666634,-0.0362544573819916,-0.0543917884041684,0.0130586533217117,0.0824355010727044,-0.0113019090205311,-0.0346308924772437,-0.0032434853583783,-68.10069583333345,0.16178355555555557,0.14979222222222222,9.0,0.16072223770491803,0.2700449508196721,122.0,0.13748025,0.16562825,4.0,0.11626799999999998,0.06797683333333333,0.050697500000000006,0.15031379746835444,0.11097701851851853,0.13739487804878048,0.24408275000000001,0.140372,0.15861199999999998
2014,DEU,0.0,4664.23,2397.22562606,4747.190576,1.163472,0.0966666666666666,148.96199681518544,0.756694,158.35633573261617,448.9032025650593,21903.314593546904,0,0,0,4604.073,4764.223,4724.657,2306.95,2289.4065,2283.0735,4526.572952,4411.570148,4117.608899,1.571408,1.49513,2.60666666666667,0.0891666666666666,0.255,0.8091670000000001,144.4385435087557,135.97092462328325,124.13764674359513,0.787169,0.811354,0.79801,157.14753308925944,154.6757071035036,151.4192757080756,348.0004779910781,372.8821478429012,350.64316172051184,21517.887790133365,21483.78039850607,21432.681417956832,1.0668053333333334,1.4822413333333333,1.2401300000000002,1.79749966666667,-0.0336151351437578,0.0076629030274875,0.0260684518531656,0.0622752173593919,0.0015875879847322,0.0130660395697459,0.0004796592212075,0.030912991130201,-34.143100000000096,4.614500000000144,1100.8980000000006,1307.7534814814817,1316.963923076923,791.9552499999998,803.0936666666669,827.4053076923076,1977.7379475357147,1931.725334037037,1700.7550113846155,-3.6736561666666665,-3.888820617283951,-2.8841025641025606,-3.875583083333333,-3.847147888888889,-3.419634,31.63466209010143,24.025081841837466,12.660719499155078,0.2180648214285714,0.251222037037037,0.2470271923076922,34.39595248041289,33.10650155001473,30.99814977591696,251.47352431664055,286.5905717302586,274.518954285095,3275.319896992489,3361.257412971314,3437.4722182844635,0.2019269166666666,-0.0416727283950615,0.5355314358974392,-0.0769011993755241,-0.047488266994176,-0.0327477993049662,0.046333706058401,-0.0116798936240596,-0.0438410797705007,0.0132778266446838,-118.99176799999996,0.1439675,0.264506,8.0,0.1364683495145631,0.30494724271844664,103.0,0.1010915,0.2046695,4.0,0.16178355555555557,0.11626799999999998,0.06797683333333333,0.16072223770491803,0.15031379746835444,0.11097701851851853,0.13748025,0.24408275000000001,0.140372
2015,DEU,0.0,4772.176,2451.2515181500003,5186.469994,0.4951937,-0.1075,155.98114849757638,0.72207,159.43277608125177,518.4999282385141,22037.585410165317,0,0,0,4664.23,4604.073,4764.223,2397.22562606,2306.95,2289.4065,4747.190576,4526.572952,4411.570148,1.163472,1.571408,1.49513,0.0966666666666666,0.0891666666666666,0.255,148.96199681518544,144.4385435087557,135.97092462328325,0.756694,0.787169,0.811354,158.35633573261617,157.14753308925944,154.6757071035036,448.9032025650593,348.0004779910781,372.8821478429012,21903.314593546904,21517.887790133365,21483.78039850607,0.6026937,1.0668053333333334,1.4822413333333333,1.2401300000000002,0.013066039569746,0.0391320254275126,0.0487383339094364,0.031317494600432,0.0179119255185571,0.0231433698595482,-0.0040582436811409,0.0257042861867034,8.401599999999814,-34.143100000000096,1123.0929999999998,1100.8980000000006,1307.7534814814817,854.9220743358624,791.9552499999998,803.0936666666669,2130.1577112758623,1977.7379475357147,1931.725334037037,-3.954914367816092,-3.6736561666666665,-3.888820617283951,-3.734442287356322,-3.875583083333333,-3.847147888888889,35.06726497963112,31.63466209010143,24.025081841837466,0.1800703448275861,0.2180648214285714,0.251222037037037,34.418687796858805,34.39595248041289,33.10650155001473,343.70474805211694,251.47352431664055,286.5905717302586,3547.8046349924957,3275.319896992489,3361.257412971314,-0.2204720804597701,0.2019269166666666,-0.0416727283950615,-0.0274735532557515,-0.0143231350586446,-0.0089083529878037,0.0137212080830697,0.0050615829677673,-0.0467552389776454,0.0075773503439756,-153.17276153846177,0.17596983333333335,0.22812783333333334,6.0,0.128513125,0.26870376785714284,112.0,0.181633,0.096117,4.0,0.1439675,0.16178355555555557,0.11626799999999998,0.1364683495145631,0.16072223770491803,0.15031379746835444,0.1010915,0.13748025,0.24408275000000001
2016,DEU,0.0,4913.002,2463.83924003,5480.626826,0.09149919,-0.32,167.72226885066104,0.6927679999999999,160.03079849716042,547.5042360550319,22347.948539301786,0,0,0,4772.176,4664.23,4604.073,2451.2515181500003,2397.22562606,2306.95,5186.469994,4747.190576,4526.572952,0.4951937,1.163472,1.571408,-0.1075,0.0966666666666666,0.0891666666666666,155.98114849757638,148.96199681518544,144.4385435087557,0.72207,0.756694,0.787169,159.43277608125177,158.35633573261617,157.14753308925944,518.4999282385141,448.9032025650593,348.0004779910781,22037.585410165317,21903.314593546904,21517.887790133365,0.41149919,0.6026937,1.0668053333333334,1.4822413333333333,0.0231433698595482,0.0225368407139862,0.0925346077785102,0.0471204188481675,0.0061301597091596,0.0295098085234073,0.0008647580951787,0.0302825927682686,103.47329999999997,8.401599999999814,1193.602566666667,1123.0929999999998,1100.8980000000006,880.4505639480003,854.9220743358624,791.9552499999998,2498.4318722333333,2130.1577112758623,1977.7379475357147,-4.491362188888889,-3.954914367816092,-3.6736561666666665,-3.814127544444444,-3.734442287356322,-3.875583083333333,40.91750782936768,35.06726497963112,31.63466209010143,0.139444,0.1800703448275861,0.2180648214285714,34.34783855226577,34.418687796858805,34.39595248041289,401.8446487905012,343.70474805211694,251.47352431664055,3563.815297111156,3547.8046349924957,3275.319896992489,-0.6772346444444447,-0.2204720804597701,0.2019269166666666,-0.0164488590605785,-0.0304244185632523,0.0351951054670563,0.0290509872244925,-0.0068947201853462,-0.0401624072378384,0.0118850372703988,-104.9549962962966,0.141398,0.3048376666666666,3.0,0.14977025438596492,0.29736262280701753,114.0,0.1485255,0.1904165,4.0,0.17596983333333335,0.1439675,0.16178355555555557,0.128513125,0.1364683495145631,0.16072223770491803,0.181633,0.1010915,0.13748025
2017,DEU,0.0,5104.912,2550.989069,5718.064587999999,0.3163361,-0.355,177.98039472691866,0.6465770000000001,162.76894379880093,470.54716366536223,22861.229874936176,0,0,0,4913.002,4772.176,4664.23,2463.83924003,2451.2515181500003,2397.22562606,5480.626826,5186.469994,4747.190576,0.09149919,0.4951937,1.163472,-0.32,-0.1075,0.0966666666666666,167.72226885066104,155.98114849757638,148.96199681518544,0.6927679999999999,0.72207,0.756694,160.03079849716042,159.43277608125177,158.35633573261617,547.5042360550319,518.4999282385141,448.9032025650593,22347.948539301786,22037.585410165317,21903.314593546904,0.6713361,0.41149919,0.6026937,1.0668053333333334,0.0295098085234073,0.0051352224717844,0.0567161927747189,0.0752726881817201,0.0140833545672071,0.0390616572108051,0.0219064059842338,0.008291377694447,146.28720000000024,103.47329999999997,1295.9252580645166,1193.602566666667,1123.0929999999998,864.636654732903,880.4505639480003,854.9220743358624,2711.994127709677,2498.4318722333333,2130.1577112758623,-4.750174047634409,-4.491362188888889,-3.954914367816092,-3.9035911720430105,-3.814127544444444,-3.734442287356322,51.33870857505339,40.91750782936768,35.06726497963112,0.1056438064516128,0.139444,0.1800703448275861,33.83786617616586,34.34783855226577,34.418687796858805,417.88622600087376,401.8446487905012,343.70474805211694,3759.216642469845,3563.815297111156,3547.8046349924957,-0.8465828755913978,-0.6772346444444447,-0.2204720804597701,-0.0095341250947002,-0.0468118895200123,-0.00179647971897,0.0562348903172286,0.0012882986788794,-0.0177358487543751,-0.0105160066748157,-6.134903571428723,0.15020427272727274,0.20429181818181819,11.0,0.1325214647887324,0.2643714084507042,142.0,0.178143,0.671249,1.0,0.141398,0.17596983333333335,0.1439675,0.14977025438596492,0.128513125,0.1364683495145631,0.1485255,0.181633,0.1010915
2018,DEU,0.0,5333.60904073,2703.32475604,5977.407646,0.396364,-0.361666666666667,189.799115895384,0.612715,165.91852852258663,534.1321438544414,23040.320451191405,0,0,0,5104.912,4913.002,4772.176,2550.989069,2463.83924003,2451.2515181500003,5718.064587999999,5480.626826,5186.469994,0.3163361,0.09149919,0.4951937,-0.355,-0.32,-0.1075,177.98039472691866,167.72226885066104,155.98114849757638,0.6465770000000001,0.6927679999999999,0.72207,162.76894379880093,160.03079849716042,159.43277608125177,470.54716366536223,547.5042360550319,518.4999282385141,22861.229874936176,22347.948539301786,22037.585410165317,0.758030666666667,0.6713361,0.41149919,0.6026937,0.039061657210805,0.03537155653424,0.0433231032759973,0.0611613827224779,0.0229677160179477,0.0447994090260517,0.0305716118645869,0.0080120869816047,187.62091221899945,146.28720000000024,1447.33759375,1295.9252580645166,1193.602566666667,924.7665882425,864.636654732903,880.4505639480003,2864.6820732187493,2711.994127709677,2498.4318722333333,-4.376894198645833,-4.750174047634409,-4.491362188888889,-3.8166039479166662,-3.9035911720430105,-3.814127544444444,59.99249980834058,51.33870857505339,40.91750782936768,0.0561514375,0.1056438064516128,0.139444,35.518578159801194,33.83786617616586,34.34783855226577,327.8702090486768,417.88622600087376,401.8446487905012,4155.022458027055,3759.216642469845,3563.815297111156,-0.5602902507291667,-0.8465828755913978,-0.6772346444444447,0.0003252760151072,-0.0150654945052982,-0.0151316182590152,0.0403095561380758,0.0101311021077207,-0.0084794479155428,-0.0104447638318308,36.89054482758635,0.335739,0.2572206666666667,3.0,0.11947013000000001,0.29442024,100.0,0.06472,0.1587095,2.0,0.15020427272727274,0.141398,0.17596983333333335,0.1325214647887324,0.14977025438596492,0.128513125,0.178143,0.1485255,0.181633
2019,DEU,0.0,5603.14979635,2957.39685219,6252.397344,-0.2536345,-0.3925,200.75915869467175,0.5892499999999999,168.16390335351838,504.2005111572316,23229.87496788937,0,0,0,5333.60904073,5104.912,4913.002,2703.32475604,2550.989069,2463.83924003,5977.407646,5718.064587999999,5480.626826,0.396364,0.3163361,0.09149919,-0.361666666666667,-0.355,-0.32,189.799115895384,177.98039472691866,167.72226885066104,0.612715,0.6465770000000001,0.6927679999999999,165.91852852258663,162.76894379880093,160.03079849716042,534.1321438544414,470.54716366536223,547.5042360550319,23040.320451191405,22861.229874936176,22347.948539301786,0.1388655,0.758030666666667,0.6713361,0.41149919,0.0447994090260516,0.0597163229318407,0.0453550417293748,0.0664046238721921,0.0078338119705262,0.0505362791988797,0.0377902915867547,0.007723681039189,229.9140429779996,187.62091221899945,1632.1759195178784,1447.33759375,1295.9252580645166,1049.0790453357577,924.7665882425,864.636654732903,3037.216583545454,2864.6820732187493,2711.994127709677,-4.164233141111111,-4.376894198645833,-4.750174047634409,-3.70761594949495,-3.8166039479166662,-3.9035911720430105,69.99326643715922,59.99249980834058,51.33870857505339,0.0205878787878788,0.0561514375,0.1056438064516128,37.59184233328989,35.518578159801194,33.83786617616586,381.519728357493,327.8702090486768,417.88622600087376,4208.203262826919,4155.022458027055,3759.216642469845,-0.4566171916161614,-0.5602902507291667,-0.8465828755913978,0.0060528629548817,0.0097500685955929,-0.0126268167350435,0.0442931236584751,-0.005319398880567,-0.0009872376154543,-0.0103962419087036,76.99457221899935,0.244665,0.2849296666666667,3.0,0.13567908849557522,0.2549632566371681,113.0,0.1055852,0.1753144,5.0,0.335739,0.15020427272727274,0.141398,0.11947013000000001,0.1325214647887324,0.14977025438596492,0.06472,0.178143,0.1485255
2020,DEU,0.0,5853.85199741,3132.90912473,6763.651306,-0.511024,-0.460833333333333,216.32221668807463,0.687242,168.78903611894825,428.87630657820006,22152.35037955646,0,0,0,5603.14979635,5333.60904073,5104.912,2957.39685219,2703.32475604,2550.989069,6252.397344,5977.407646,5718.064587999999,-0.2536345,0.396364,0.3163361,-0.3925,-0.361666666666667,-0.355,200.75915869467175,189.799115895384,177.98039472691866,0.5892499999999999,0.612715,0.6465770000000001,168.16390335351838,165.91852852258663,162.76894379880093,504.2005111572316,534.1321438544414,470.54716366536223,23229.87496788937,23040.320451191405,22861.229874936176,-0.050190666666667,0.1388655,0.758030666666667,0.6713361,0.0505362791988796,0.0939850440026972,0.0460048426150121,0.057745489211493,0.0082270781389311,0.0447430838317606,0.0447991151452455,0.0057373109996822,251.63607478500012,229.9140429779996,1853.7115010344116,1632.1759195178784,1447.33759375,1272.2958754464703,1049.0790453357577,924.7665882425,3222.876382029412,3037.216583545454,2864.6820732187493,-4.6917541957843145,-4.164233141111111,-4.376894198645833,-3.629401754901961,-3.70761594949495,-3.8166039479166662,78.89468375300116,69.99326643715922,59.99249980834058,-0.0034826470588236,0.0205878787878788,0.0561514375,38.73157474265429,37.59184233328989,35.518578159801194,340.3669271791805,381.519728357493,327.8702090486768,4273.987095324093,4208.203262826919,4155.022458027055,-1.062352440882353,-0.4566171916161614,-0.5602902507291667,0.0116063130381677,0.0437233330423405,-0.0115943850392534,0.0342917731293374,-0.0047649388066904,0.0060524371185194,-0.0120577293885634,116.80400709996724,0.20851949999999997,0.1654235,2.0,0.18406246341463414,0.3068559756097561,82.0,,,,0.244665,0.335739,0.15020427272727274,0.13567908849557522,0.11947013000000001,0.1325214647887324,0.1055852,0.06472,0.178143
1989,DNK,0.0,1012.52,636.242,348.2078059485706,9.706666666666669,9.5936,108.12310130762118,0.5658396349413299,97.42638,-8.170296,18261.334962659228,0,0,0,964.061,920.294,833.133,606.284,553.465,487.044,327.5708428490786,316.4935679701244,302.86465834461666,9.884166666666667,11.284166666666666,10.050833333333332,8.5275,10.108333333333334,9.225,108.90239070136046,107.66081098930128,116.29243164707437,0.5714535519125683,0.6058171428571428,0.6621381381381382,92.9883,88.93063,85.51637,-9.019443,-20.53122,-36.32911,18224.331496382896,18023.32113132297,17993.240548739646,0.1130666666666666,1.3566666666666674,1.1758333333333315,0.8258333333333336,0.0475576283231228,0.0954333155664765,0.0349999999999995,0.0115323273218011,0.0111527927397682,0.0502654914989819,0.1112328885731794,0.0672270283010929,58.19279999999997,86.39389999999996,144.54033333333336,151.15999999999997,127.99800000000003,120.55766666666663,101.60800000000006,70.37399999999997,27.900292697191503,25.23452672735596,23.21123420369645,-1.0874999999999986,0.4687499999999982,-1.5291666666666668,-1.3611111111111107,0.3295833333333355,-1.1075,-0.4578875533835003,-2.5492008981640595,12.164839519218075,-0.0791765282023898,-0.067219405886723,-0.0217968212114553,7.345129999999997,4.931190000000001,3.03385999999999,19.70755366666667,12.293665,-7.00845,424.10544216354174,334.6426156554189,609.1240661441989,0.2736111111111121,0.1391666666666644,-0.4216666666666668,-0.0955128903750847,-0.0572026933107122,-0.0290000000000005,-0.0097691098072682,-0.0072026506689748,-0.0318376301250282,0.0128474501809634,-232446.1300601265,,,,,,,,,,,,,,,,,,
1990,DNK,0.0,1052.69,665.895,370.4931055292791,10.629166666666666,10.893,100.0,0.5768998748435544,100.0,8.48792,18452.426108015057,0,0,0,1012.52,964.061,920.294,636.242,606.284,553.465,348.2078059485706,327.5708428490786,316.4935679701244,9.706666666666669,9.884166666666667,11.284166666666666,9.5936,8.5275,10.108333333333334,108.12310130762118,108.90239070136046,107.66081098930128,0.5658396349413299,0.5714535519125683,0.6058171428571428,97.42638,92.9883,88.93063,-8.170296,-9.019443,-20.53122,18261.334962659228,18224.331496382896,18023.32113132297,-0.2638333333333342,0.1130666666666666,1.3566666666666674,1.1758333333333315,0.0502654914989818,0.0494124865574548,0.0630000000000001,-0.0071558520315343,0.0020304429977953,0.0396732904041401,0.0674804900245017,0.0321908158862009,44.5647000000001,58.19279999999997,156.86424999999997,144.54033333333336,151.15999999999997,120.37624999999991,120.55766666666663,101.60800000000006,41.56218262238565,27.900292697191503,25.23452672735596,-0.9931249999999991,-1.0874999999999986,0.4687499999999982,0.0452666666666665,-1.3611111111111107,0.3295833333333355,-1.1227050587769156,-0.4578875533835003,-2.5492008981640595,-0.0649963131230307,-0.0791765282023898,-0.067219405886723,9.9469275,7.345129999999997,4.931190000000001,15.62981225,19.70755366666667,12.293665,355.08254789899,424.10544216354174,334.6426156554189,-1.0383916666666666,0.2736111111111121,0.1391666666666644,-0.0609673970741975,-0.0841559578828298,0.0086666666666668,-0.0252009192248476,-0.0139241168546228,-0.0596712136111917,-0.0286124873244103,-28.20109999999999,,,,,,,,,,,,,,,,,,
1991,DNK,0.0,1054.62,685.015,384.942336644921,9.261666666666668,9.6995,101.28780874389116,0.5883949275362319,102.3951,12.68591,18643.79019663003,0,0,0,1052.69,1012.52,964.061,665.895,636.242,606.284,370.4931055292791,348.2078059485706,327.5708428490786,10.629166666666666,9.706666666666669,9.884166666666667,10.893,9.5936,8.5275,100.0,108.12310130762118,108.90239070136046,0.5768998748435544,0.5658396349413299,0.5714535519125683,100.0,97.42638,92.9883,8.48792,-8.170296,-9.019443,18452.426108015057,18261.334962659228,18224.331496382896,-0.4378333333333337,-0.2638333333333342,0.1130666666666666,1.3566666666666674,0.0396732904041402,0.0466064799243055,0.0639999999999999,-0.0751282677742488,0.0104642484104569,0.0018333982463971,0.0458321367420816,0.0055028785108861,31.184700000000145,44.5647000000001,165.66140000000007,156.86424999999997,144.54033333333336,125.95399999999997,120.37624999999991,120.55766666666663,55.535045678617,41.56218262238565,27.900292697191503,0.1280000000000001,-0.9931249999999991,-1.0874999999999986,1.3356133333333329,0.0452666666666665,-1.3611111111111107,-9.021265354642736,-1.1227050587769156,-0.4578875533835003,-0.0409368105962001,-0.0649963131230307,-0.0791765282023898,10.531162000000007,9.9469275,7.345129999999997,29.1620658,15.62981225,19.70755366666667,475.1571836750227,355.08254789899,424.10544216354174,-1.207613333333334,-1.0383916666666666,0.2736111111111121,-0.0563177489004897,-0.0659229750452717,0.0075,-0.0868731051613502,-0.0020092822283054,-0.0614291623565479,-0.0457629289249216,-27.72864999999986,,,,,,,,,,,,,,,,,,
1992,DNK,0.0,1060.43,694.933,379.55314393189207,8.986666666666666,11.0351,99.64337604015324,0.638421856639248,104.5414,25.3442,18949.444926799177,0,0,0,1054.62,1052.69,1012.52,685.015,665.895,636.242,384.942336644921,370.4931055292791,348.2078059485706,9.261666666666668,10.629166666666666,9.706666666666669,9.6995,10.893,9.5936,101.28780874389116,100.0,108.12310130762118,0.5883949275362319,0.5768998748435544,0.5658396349413299,102.3951,100.0,97.42638,12.68591,8.48792,-8.170296,18643.79019663003,18452.426108015057,18261.334962659228,-2.0484333333333336,-0.4378333333333337,-0.2638333333333342,0.1130666666666666,0.0018333982463971,0.0287132355701724,0.039,0.0128780874389117,0.010370673617376,0.0055090933227135,0.0305907267165064,0.0254614735740433,14.56599999999993,31.184700000000145,139.98116666666647,165.66140000000007,156.86424999999997,124.0816666666667,125.95399999999997,120.37624999999991,60.728435847822766,55.535045678617,41.56218262238565,-1.2608333333333324,0.1280000000000001,-0.9931249999999991,-0.0804888888888886,1.3356133333333329,0.0452666666666665,-6.229912384977766,-9.021265354642736,-1.1227050587769156,-0.0226189561374893,-0.0409368105962001,-0.0649963131230307,11.171068333333324,10.531162000000007,9.9469275,28.499711500000004,29.1620658,15.62981225,587.3284083441577,475.1571836750227,355.08254789899,-1.1803444444444446,-1.207613333333334,-1.0383916666666666,-0.0828940912781348,-0.0706316243903504,-0.0189999999999999,0.0185078710840803,-0.0017010005757252,-0.0613132817929862,-0.014363601630534,-31.865766666666527,,,,,,,,,,,,,,,,,,
1993,DNK,0.0,1060.48,727.743,422.442649196196,7.3025,10.4054,98.67917051908596,0.669946162657503,105.8564,31.32852,18870.43379545485,0,0,0,1060.43,1054.62,1052.69,694.933,685.015,665.895,379.55314393189207,384.942336644921,370.4931055292791,8.986666666666666,9.261666666666668,10.629166666666666,11.0351,9.6995,10.893,99.64337604015324,101.28780874389116,100.0,0.638421856639248,0.5883949275362319,0.5768998748435544,104.5414,102.3951,100.0,25.3442,12.68591,8.48792,18949.444926799177,18643.79019663003,18452.426108015057,-3.1029,-2.0484333333333336,-0.4378333333333337,-0.2638333333333342,0.0055090933227135,0.014478515069013,-0.0140000000000001,-0.0162352480928472,0.0163944523589626,4.715068415639401e-05,0.0156719273244169,0.0208668817947731,2.91800000000008,14.56599999999993,125.79385714285728,139.98116666666647,165.66140000000007,116.27371428571428,124.0816666666667,125.95399999999997,46.66375229939058,60.728435847822766,55.535045678617,-1.355714285714285,-1.2608333333333324,0.1280000000000001,1.2666095238095227,-0.0804888888888886,1.3356133333333329,-6.984357605147437,-6.229912384977766,-9.021265354642736,0.0306392524137395,-0.0226189561374893,-0.0409368105962001,11.721501428571427,11.171068333333324,10.531162000000007,37.08661414285714,28.499711500000004,29.1620658,809.0790801784242,587.3284083441577,475.1571836750227,-2.622323809523809,-1.1803444444444446,-1.207613333333334,-0.0654027143221293,-0.073094407493118,-0.0688333333333334,-0.0136901096283586,0.0046062782618155,-0.0639694248264784,-0.0160854730836974,-40.51802500000012,,,,,,,,,,,,,,,,,,
1994,DNK,0.0,1048.89,740.904,402.5736019393596,7.825833333333334,6.1344,110.7713644168538,0.6613409326424871,107.9651,20.28628,19847.266405409555,0,0,0,1060.48,1060.43,1054.62,727.743,694.933,685.015,422.442649196196,379.55314393189207,384.942336644921,7.3025,8.986666666666666,9.261666666666668,10.4054,11.0351,9.6995,98.67917051908596,99.64337604015324,101.28780874389116,0.669946162657503,0.638421856639248,0.5883949275362319,105.8564,104.5414,102.3951,31.32852,25.3442,12.68591,18870.43379545485,18949.444926799177,18643.79019663003,1.6914333333333331,-3.1029,-2.0484333333333336,-0.4378333333333337,4.715068415638422e-05,0.047213184580384,0.1130000000000003,-0.0096765641569461,-0.0041695749743352,-0.0109290132770065,0.0024632140844223,0.0027849067020439,-1.713999999999981,2.91800000000008,110.11962500000004,125.79385714285728,139.98116666666647,134.54950000000008,116.27371428571428,124.0816666666667,83.72028852627068,46.66375229939058,60.728435847822766,-2.870416666666665,-1.355714285714285,-1.2608333333333324,0.4785833333333329,1.2666095238095227,-0.0804888888888886,-7.075518425571275,-6.984357605147437,-6.229912384977766,0.058333651880277,0.0306392524137395,-0.0226189561374893,11.571313750000002,11.721501428571427,11.171068333333324,38.435107375,37.08661414285714,28.499711500000004,628.9330638117935,809.0790801784242,587.3284083441577,-3.349,-2.622323809523809,-1.1803444444444446,-0.0615214120575251,-0.0299176797684445,0.0680000000000003,-0.0051756957455492,-0.0166157888231703,-0.0665165672620599,-0.0314865359958103,-44.062419999999946,,,,,,,,,,,,,,,,,,
1995,DNK,0.0,1091.88,769.378,416.06402144777,8.269166666666667,6.0693,119.1718399154669,0.687221010901883,110.2146,10.39116,20350.029908592463,0,0,0,1048.89,1060.48,1060.43,740.904,727.743,694.933,402.5736019393596,422.442649196196,379.55314393189207,7.825833333333334,7.3025,8.986666666666666,6.1344,10.4054,11.0351,110.7713644168538,98.67917051908596,99.64337604015324,0.6613409326424871,0.669946162657503,0.638421856639248,107.9651,105.8564,104.5414,20.28628,31.32852,25.3442,19847.266405409555,18870.43379545485,18949.444926799177,2.199866666666667,1.6914333333333331,-3.1029,-2.0484333333333336,-0.0109290132770065,0.0180846809931527,-0.0470337152146979,0.1225404898942581,0.0517652440077973,0.04098618539599,-0.0017909230900455,0.0083717813842391,8.275999999999964,-1.713999999999981,86.2941111111113,110.11962500000004,125.79385714285728,132.76055555555558,134.54950000000008,116.27371428571428,54.548986988737454,83.72028852627068,46.66375229939058,-2.028148148148148,-2.870416666666665,-1.355714285714285,-3.8455925925925927,0.4785833333333329,1.2666095238095227,5.802844186148917,-7.075518425571275,-6.984357605147437,0.0432469049896748,0.058333651880277,0.0306392524137395,12.39431222222224,11.571313750000002,11.721501428571427,23.12229988888889,38.435107375,37.08661414285714,1535.8842222318526,628.9330638117935,809.0790801784242,1.8174444444444449,-3.349,-2.622323809523809,-0.0648073995114974,-0.0553064733846203,-0.1005337152146979,0.1276883202738487,0.0413960037618585,-0.061268337684805,-0.0214015847427851,-41.35068333333335,,,,,,,,,,,,,,,,,,
1996,DNK,0.0,1152.53,816.118,457.7545307157436,7.194166666666666,3.8693,131.91124025888257,0.6923421300659756,112.5562,17.91598,20809.66081853564,0,0,0,1091.88,1048.89,1060.48,769.378,740.904,727.743,416.06402144777,402.5736019393596,422.442649196196,8.269166666666667,7.825833333333334,7.3025,6.0693,6.1344,10.4054,119.1718399154669,110.7713644168538,98.67917051908596,0.687221010901883,0.6613409326424871,0.669946162657503,110.2146,107.9651,105.8564,10.39116,20.28628,31.32852,20350.029908592463,19847.266405409555,18870.43379545485,3.324866666666666,2.199866666666667,1.6914333333333331,-3.1029,0.04098618539599,0.0384314297128913,0.0335104424220108,0.0758361652656052,0.0253316246637308,0.0555463970399676,0.0100347742677133,0.0273607644620776,31.91399999999993,8.275999999999964,120.65470000000003,86.2941111111113,110.11962500000004,147.95850000000007,132.76055555555558,134.54950000000008,62.58450779827416,54.548986988737454,83.72028852627068,-1.3819999999999997,-2.028148148148148,-2.870416666666665,-3.526133333333334,-3.8455925925925927,0.4785833333333329,13.623035266147127,5.802844186148917,-7.075518425571275,0.0648022927501033,0.0432469049896748,0.058333651880277,13.404381000000017,12.39431222222224,11.571313750000002,10.9149499,23.12229988888889,38.435107375,1885.0593031915776,1535.8842222318526,628.9330638117935,2.144133333333334,1.8174444444444449,-3.349,-0.0056913786705566,-0.0288145609554794,-0.008819144776356,0.066796404503657,0.0103628284442521,-0.0417840981164455,0.0002625964279014,-25.45344285714292,,,,,,,,,,,,,,,,,,
1997,DNK,0.0,1242.29,877.548,485.117583158122,6.254166666666667,3.6585,147.1338000264166,0.708180095503521,114.78505121719444,6.084445,21387.538183758985,0,0,0,1152.53,1091.88,1048.89,816.118,769.378,740.904,457.7545307157436,416.06402144777,402.5736019393596,7.194166666666666,8.269166666666667,7.825833333333334,3.8693,6.0693,6.1344,131.91124025888257,119.1718399154669,110.7713644168538,0.6923421300659756,0.687221010901883,0.6613409326424871,112.5562,110.2146,107.9651,17.91598,10.39116,20.28628,20809.66081853564,20350.029908592463,19847.266405409555,2.5956666666666672,3.324866666666666,2.199866666666667,1.6914333333333331,0.0555463970399676,0.0607503723787267,0.1002021494742658,0.1068994181213632,0.0225862523056589,0.0778808360736813,0.0285345230529837,0.0349432105784614,64.08499999999992,31.91399999999993,170.3360909090909,120.65470000000003,86.2941111111113,181.24772727272727,147.95850000000007,132.76055555555558,98.58551635731374,62.58450779827416,54.548986988737454,-2.331363636363637,-1.3819999999999997,-2.028148148148148,-5.405575757575758,-3.526133333333334,-3.8455925925925927,25.12397785809489,13.623035266147127,5.802844186148917,0.0640322943914591,0.0648022927501033,0.0432469049896748,14.5274009090909,13.404381000000017,12.39431222222224,17.44750172727273,10.9149499,23.12229988888889,2173.32118557188,1885.0593031915776,1535.8842222318526,3.0742121212121205,2.144133333333334,1.8174444444444449,0.0094379708404765,-0.0036141621940961,0.0587544767535345,0.0911800169090494,0.006581173241755,-0.0186416717626811,0.0078158651634073,1.3662374999999116,,,,,,,,,,,,,,,,,,
1998,DNK,0.0,1362.82,953.509,505.1711820162172,4.9375,4.1462,160.36190727777043,0.7240180609410665,116.29192451717488,-13.45587,21770.86503846103,0,0,0,1242.29,1152.53,1091.88,877.548,816.118,769.378,485.117583158122,457.7545307157436,416.06402144777,6.254166666666667,7.194166666666666,8.269166666666667,3.6585,3.8693,6.0693,147.1338000264166,131.91124025888257,119.1718399154669,0.708180095503521,0.6923421300659756,0.687221010901883,114.78505121719444,112.5562,110.2146,6.084445,17.91598,10.39116,21387.538183758985,20809.66081853564,20350.029908592463,0.7912999999999997,2.5956666666666672,3.324866666666666,2.199866666666667,0.0778808360736813,0.0752709779713227,0.059776693852912,0.1154000200260339,0.0277696676684234,0.0970224343752264,0.0581378061698797,0.018583335629433,90.25799999999984,64.08499999999992,245.9014166666666,170.3360909090909,120.65470000000003,227.57375,181.24772727272727,147.95850000000007,117.73310910324932,98.58551635731374,62.58450779827416,-3.077083333333332,-2.331363636363637,-1.3819999999999997,-5.165911111111111,-5.405575757575758,-3.526133333333334,38.252872804121,25.12397785809489,13.623035266147127,0.074534235296383,0.0640322943914591,0.0648022927501033,15.54563538386111,14.5274009090909,13.404381000000017,4.16200825,17.44750172727273,10.9149499,2570.088451997573,2173.32118557188,1885.0593031915776,2.0888277777777784,3.0742121212121205,2.144133333333334,0.030914412525056,0.0112350035979631,0.0129877050636776,0.0913915263674428,0.0111663001279963,0.0128257785304829,-0.0093255963019617,33.385433333333246,,,,,,,,,,,,,,,,,,
1999,DNK,0.0,1445.87,1015.192,523.5446553677705,4.909999999999999,3.3076,171.1861048738608,0.6705508317442319,118.67806939825036,21.25793,22255.437367132006,0,0,0,1362.82,1242.29,1152.53,953.509,877.548,816.118,505.1711820162172,485.117583158122,457.7545307157436,4.9375,6.254166666666667,7.194166666666666,4.1462,3.6585,3.8693,160.36190727777043,147.1338000264166,131.91124025888257,0.7240180609410665,0.708180095503521,0.6923421300659756,116.29192451717488,114.78505121719444,112.5562,-13.45587,6.084445,17.91598,21770.86503846103,21387.538183758985,20809.66081853564,1.6023999999999994,0.7912999999999997,2.5956666666666672,3.324866666666666,0.0970224343752263,0.0865605072315132,0.0413376046432825,0.0899052919789935,0.0179229068539141,0.0609398159698273,0.0768165558296251,0.0207584907348139,100.0550000000002,90.25799999999984,347.51592307692306,245.9014166666666,170.3360909090909,286.029076923077,227.57375,181.24772727272727,128.73031495340229,117.73310910324932,98.58551635731374,-4.157051282051283,-3.077083333333332,-2.331363636363637,-4.280833333333334,-5.165911111111111,-5.405575757575758,48.53845137823474,38.252872804121,25.12397785809489,0.0846387980188221,0.074534235296383,0.0640322943914591,15.85669057739068,15.54563538386111,14.5274009090909,-15.698461230769231,4.16200825,17.44750172727273,2755.716195007495,2570.088451997573,2173.32118557188,0.123782051282051,2.0888277777777784,3.0742121212121205,0.0474798097828464,0.0215882825583234,-0.0065336929012583,0.0582808377897822,0.0003890143028207,0.0303385483238208,-0.0063026597145843,56.21988999999984,,,,,,,,,,,,,,,,,,
2000,DNK,0.0,1621.6,1055.754,499.4319297606768,5.641666666666667,4.9074,182.32069739796592,0.6039998021583289,121.90258950781184,18.28277,22966.1184617287,0,0,0,1445.87,1362.82,1242.29,1015.192,953.509,877.548,523.5446553677705,505.1711820162172,485.117583158122,4.909999999999999,4.9375,6.254166666666667,3.3076,4.1462,3.6585,171.1861048738608,160.36190727777043,147.1338000264166,0.6705508317442319,0.7240180609410665,0.708180095503521,118.67806939825036,116.29192451717488,114.78505121719444,21.25793,-13.45587,6.084445,22255.437367132006,21770.86503846103,21387.538183758985,0.7342666666666666,1.6023999999999994,0.7912999999999997,2.5956666666666672,0.0609398159698272,0.0646905273049336,0.0363707867860195,0.0674985586030807,0.022257835314073,0.1215392808482089,0.0786143621395783,0.0180524896652628,122.098,100.0550000000002,405.7433571428569,347.51592307692306,245.9014166666666,327.2814285714286,286.029076923077,227.57375,137.90876580828404,128.73031495340229,117.73310910324932,-3.887619047619048,-4.157051282051283,-3.077083333333332,-4.813659523809524,-4.280833333333334,-5.165911111111111,55.89561673302265,48.53845137823474,38.252872804121,0.0251259403920717,0.0846387980188221,0.074534235296383,17.110214702938265,15.85669057739068,15.54563538386111,20.136657428571432,-15.698461230769231,4.16200825,3043.4516526065054,2755.716195007495,2570.088451997573,0.9260404761904756,0.123782051282051,2.0888277777777784,0.0077448983172282,-0.0019423344881271,-0.0109979189968861,0.0313909630454246,0.0046940185858395,0.0296081422734556,-0.0084834391412534,60.90599090909111,,,,,,,,,,,,,,,,,,
2001,DNK,0.0,1779.8,1154.48,531.8484689457214,5.079166666666667,4.6186,192.96658301413288,0.5838596838003851,124.72129196456022,40.34961,23048.49108354821,0,0,0,1621.6,1445.87,1362.82,1055.754,1015.192,953.509,499.4319297606768,523.5446553677705,505.1711820162172,5.641666666666667,4.909999999999999,4.9375,4.9074,3.3076,4.1462,182.32069739796592,171.1861048738608,160.36190727777043,0.6039998021583289,0.6705508317442319,0.7240180609410665,121.90258950781184,118.67806939825036,116.29192451717488,18.28277,21.25793,-13.45587,22966.1184617287,22255.437367132006,21770.86503846103,0.4605666666666668,0.7342666666666666,1.6023999999999994,0.7912999999999997,0.121539280848209,0.0399550035855285,-0.0460566741726269,0.0650437868909376,0.0319329197118482,0.0975579674395659,0.0931671770644209,0.0304831271785874,142.66700000000012,122.098,554.4237999999998,405.7433571428569,347.51592307692306,346.0246666666666,327.2814285714286,286.029076923077,104.602122480638,137.90876580828404,128.73031495340229,-2.896777777777777,-3.887619047619048,-4.157051282051283,-2.892948888888889,-4.813659523809524,-4.280833333333334,63.30383480825958,55.89561673302265,48.53845137823474,-0.043100151886636,0.0251259403920717,0.0846387980188221,19.19405383230385,17.110214702938265,15.85669057739068,15.8190536,20.136657428571432,-15.698461230769231,3551.2359703627662,3043.4516526065054,2755.716195007495,-0.0038288888888887,0.9260404761904756,0.123782051282051,0.0677911561729509,-0.0265391200298089,-0.0926398143128979,0.0266939796871797,0.0140338159417691,0.0418834077926477,0.004599770613706,77.87349166666667,,,,,,,,,,,,,,,,,,
2002,DNK,0.0,1883.8,1247.2679,564.0340665095184,5.055833333333334,3.4848,199.94056267335887,0.582495408807368,127.67054816232984,27.31893,23074.607093618422,0,0,0,1779.8,1621.6,1445.87,1154.48,1055.754,1015.192,531.8484689457214,499.4319297606768,523.5446553677705,5.079166666666667,5.641666666666667,4.909999999999999,4.6186,4.9074,3.3076,192.96658301413288,182.32069739796592,171.1861048738608,0.5838596838003851,0.6039998021583289,0.6705508317442319,124.72129196456022,121.90258950781184,118.67806939825036,40.34961,18.28277,21.25793,23048.49108354821,22966.1184617287,22255.437367132006,1.5710333333333342,0.4605666666666668,0.7342666666666666,1.6023999999999994,0.0975579674395658,0.0935123144217309,0.0649068216374918,0.0583909877929511,0.0035867019477749,0.0584335318575119,0.0933456880858674,0.0305185395932004,147.19900000000024,142.66700000000012,677.9723125,554.4237999999998,405.7433571428569,423.1241250000001,346.0246666666666,327.2814285714286,130.48102901064277,104.602122480638,137.90876580828404,-3.2782291666666667,-2.896777777777777,-3.887619047619048,-3.000939583333333,-2.892948888888889,-4.813659523809524,69.99323074891032,63.30383480825958,55.89561673302265,-0.0605465107516651,-0.043100151886636,0.0251259403920717,20.813127924533248,19.19405383230385,17.110214702938265,36.89720275,15.8190536,20.136657428571432,3411.656344034607,3551.2359703627662,3043.4516526065054,-0.2772895833333331,-0.0038288888888887,0.9260404761904756,0.0392904323527777,0.0287874654750473,0.0244996691180807,0.0182615819433812,-0.0152479895517555,0.0390702468289051,0.0043066279844829,92.4522230769232,,,,,,,,,,,,,,,,,,
2003,DNK,0.0,2009.27,1356.52,603.6094,4.308333333333334,2.375261,206.25412759212787,0.5664719291720003,130.22657020039688,45.87041,23079.65495889984,0,0,0,1883.8,1779.8,1621.6,1247.2679,1154.48,1055.754,564.0340665095184,531.8484689457214,499.4319297606768,5.055833333333334,5.079166666666667,5.641666666666667,3.4848,4.6186,4.9074,199.94056267335887,192.96658301413288,182.32069739796592,0.582495408807368,0.5838596838003851,0.6039998021583289,127.67054816232984,124.72129196456022,121.90258950781184,27.31893,40.34961,18.28277,23074.607093618422,23048.49108354821,22966.1184617287,1.9330723333333333,1.5710333333333342,0.4605666666666668,0.7342666666666666,0.058433531857512,0.0803720289654216,0.0605164806201252,0.0361408672439166,0.0011330897964446,0.0666047351098841,0.0925102600484289,0.0318542524845445,126.701,147.19900000000024,742.091588235294,677.9723125,554.4237999999998,491.0223705882354,423.1241250000001,346.0246666666666,154.9912719267549,130.48102901064277,104.602122480638,-3.108725490196079,-3.2782291666666667,-2.896777777777777,-3.958213725490197,-3.000939583333333,-2.892948888888889,72.84996154055334,69.99323074891032,63.30383480825958,-0.0583492262887018,-0.0605465107516651,-0.043100151886636,22.538082479683283,20.813127924533248,19.19405383230385,21.69609905882353,36.89720275,15.8190536,3237.086686808667,3411.656344034607,3551.2359703627662,0.8494882352941187,-0.2772895833333331,-0.0038288888888887,-0.0022896552513246,0.0138479634265476,0.0185780987808341,-0.0051298874771145,-0.016748602356101,0.0356301356695396,0.0053552323435281,90.38049285714308,,,,0.105973,0.106603,1.0,,,,,,,,,,,,
2004,DNK,0.0,2192.1,1449.173,680.7305,4.305,2.161666666666667,224.67969885087837,0.5359870302506989,131.37953275664495,52.38096,23525.718634718723,0,0,0,2009.27,1883.8,1779.8,1356.52,1247.2679,1154.48,603.6094,564.0340665095184,531.8484689457214,4.308333333333334,5.055833333333334,5.079166666666667,2.375261,3.4848,4.6186,206.25412759212787,199.94056267335887,192.96658301413288,0.5664719291720003,0.582495408807368,0.5838596838003851,130.22657020039688,127.67054816232984,124.72129196456022,45.87041,27.31893,40.34961,23079.65495889984,23074.607093618422,23048.49108354821,2.1433333333333326,1.9330723333333333,1.5710333333333342,0.4605666666666668,0.0666047351098843,0.0875931305535883,0.0701647929448491,0.0315772089182494,0.000218762783736,0.0909932463033837,0.0741987448023206,0.0206381225480949,136.2369999999998,126.701,826.3342777777777,742.091588235294,677.9723125,572.99545,491.0223705882354,423.1241250000001,185.95597919908352,154.9912719267549,130.48102901064277,-3.683518518518518,-3.108725490196079,-3.2782291666666667,-4.847851962962962,-3.958213725490197,-3.000939583333333,75.11630637373605,72.84996154055334,69.99323074891032,-0.071131082241364,-0.0583492262887018,-0.0605465107516651,23.84198882443457,22.538082479683283,20.813127924533248,39.04224022222222,21.69609905882353,36.89720275,3062.296402822936,3237.086686808667,3411.656344034607,1.1643334444444446,0.8494882352941187,-0.2772895833333331,0.0060162336040666,0.0202544789307997,0.0271335817655089,-0.0093917877158926,-0.0166777174655095,0.0150917369440851,-0.006195599614392,63.85712666666663,,,,0.04258,0.087383,1.0,,,,,,,0.105973,,,,,
2005,DNK,0.0,2521.81,1615.658,781.4231,3.4041666666666672,2.1994750833333336,264.1658961828028,0.4535869784682926,133.5816440509796,67.569035,24016.885909203032,0,0,1,2192.1,2009.27,1883.8,1449.173,1356.52,1247.2679,680.7305,603.6094,564.0340665095184,4.305,4.308333333333334,5.055833333333334,2.161666666666667,2.375261,3.4848,224.67969885087837,206.25412759212787,199.94056267335887,0.5359870302506989,0.5664719291720003,0.582495408807368,131.37953275664495,130.22657020039688,127.67054816232984,52.38096,45.87041,27.31893,23525.718634718723,23079.65495889984,23074.607093618422,1.2046915833333336,2.1433333333333326,1.9330723333333333,1.5710333333333342,0.0909932463033837,0.0683019785922802,0.1277665655968909,0.0893343152636801,0.0193271379755559,0.1504082842935998,0.0720105044235933,0.0169396135612343,209.6860000000003,136.2369999999998,965.6729999999998,826.3342777777777,742.091588235294,635.4907947368421,572.99545,491.0223705882354,253.28992239913168,185.95597919908352,154.9912719267549,-3.492982456140351,-3.683518518518518,-3.108725490196079,-4.806296192982456,-4.847851962962962,-3.958213725490197,89.58838782334252,75.11630637373605,72.84996154055334,-0.0978722399920672,-0.071131082241364,-0.0583492262887018,23.74010986360713,23.84198882443457,22.538082479683283,43.49793547368421,39.04224022222222,21.69609905882353,3347.1865837564,3062.296402822936,3237.086686808667,1.3133137368421046,1.1643334444444446,0.8494882352941187,0.0300705095973401,-0.0001619218599971,0.0832279332083557,0.0488870846137543,0.0033571975855052,0.0120157473333527,-0.0095296615651118,69.40205624999977,,,,,,,,,,,,,0.04258,0.105973,,,,
2006,DNK,0.0,2862.4,1778.392,867.8161,3.811666666666667,3.181489816017316,321.1398758420288,0.4102239437137638,136.09834267307636,53.05553100000001,24748.725842375054,0,1,1,2521.81,2192.1,2009.27,1615.658,1449.173,1356.52,781.4231,680.7305,603.6094,3.4041666666666672,4.305,4.308333333333334,2.1994750833333336,2.161666666666667,2.375261,264.1658961828028,224.67969885087837,206.25412759212787,0.4535869784682926,0.5359870302506989,0.5664719291720003,133.5816440509796,131.37953275664495,130.22657020039688,67.569035,52.38096,45.87041,24016.885909203032,23525.718634718723,23079.65495889984,0.630176850649351,1.2046915833333336,2.1433333333333326,1.9330723333333333,0.1504082842935997,0.1148827641696332,0.1479184493716676,0.175744393168925,0.0208778861173428,0.1350577561354742,0.1026687552356226,0.043104487533979,288.90999999999985,209.6860000000003,1247.09935,965.6729999999998,826.3342777777777,770.2012549999998,635.4907947368421,572.99545,341.31802627917506,253.28992239913168,185.95597919908352,-4.219166666666666,-3.492982456140351,-3.683518518518518,-4.528172966666667,-4.806296192982456,-4.847851962962962,124.59516576409985,89.58838782334252,75.11630637373605,-0.1753786797748702,-0.0978722399920672,-0.071131082241364,24.75521566476144,23.74010986360713,23.84198882443457,56.5111137,43.49793547368421,39.04224022222222,3670.994529052889,3347.1865837564,3062.296402822936,0.3090063000000003,1.3133137368421046,1.1643334444444446,0.0879028891876961,0.0464273859205135,0.0989993994458506,0.1327241580656437,0.0047312511175287,0.0420064566268625,0.017164638050139,138.76858235294145,,,,,,,,,,,,,,0.04258,0.105973,,,
2007,DNK,0.0,3228.84,1953.2841,986.3487,4.285833333333333,4.3275,335.8076872275789,0.3406389801234498,138.35236087649176,24.071912,25060.28763084936,1,1,1,2862.4,2521.81,2192.1,1778.392,1615.658,1449.173,867.8161,781.4231,680.7305,3.811666666666667,3.4041666666666672,4.305,3.181489816017316,2.1994750833333336,2.161666666666667,321.1398758420288,264.1658961828028,224.67969885087837,0.4102239437137638,0.4535869784682926,0.5359870302506989,136.09834267307636,133.5816440509796,131.37953275664495,53.05553100000001,67.569035,52.38096,24748.725842375054,24016.885909203032,23525.718634718723,-0.0416666666666669,0.630176850649351,1.2046915833333336,2.1433333333333326,0.1350577561354742,0.1007230490611256,0.1105585437645752,0.2156750000000001,0.0304718911493678,0.128018446059251,0.1254864289108193,0.0308422504606224,345.0810000000002,288.90999999999985,1528.303666666667,1247.09935,965.6729999999998,896.2590047619047,770.2012549999998,635.4907947368421,411.4577869325477,341.31802627917506,253.28992239913168,-3.610753968253968,-4.219166666666666,-3.492982456140351,-3.3305309498557003,-4.528172966666667,-4.806296192982456,175.63604229170204,124.59516576409985,89.58838782334252,-0.2103903488258336,-0.1753786797748702,-0.0978722399920672,26.093094493298125,24.75521566476144,23.74010986360713,39.30660428571429,56.5111137,43.49793547368421,4228.025198936677,3670.994529052889,3347.1865837564,-0.2802230183982679,0.3090063000000003,1.3133137368421046,0.0681572165701857,0.0299463015159802,0.0566895238664656,0.1660185569934366,0.0140886935936773,0.0626132641638032,0.0039989989741435,210.28321666666648,,,,,,,0.176305,0.200942,1.0,,,,,,0.04258,,,
2008,DNK,1.0,3473.11,2096.29,1064.7392,4.281666666666667,4.880833333333333,320.6643772288997,0.4217385360204591,143.38575812068527,47.975275,24788.599964993653,0,0,0,3228.84,2862.4,2521.81,1953.2841,1778.392,1615.658,986.3487,867.8161,781.4231,4.285833333333333,3.811666666666667,3.4041666666666672,4.3275,3.181489816017316,2.1994750833333336,335.8076872275789,321.1398758420288,264.1658961828028,0.3406389801234498,0.4102239437137638,0.4535869784682926,138.35236087649176,136.09834267307636,133.5816440509796,24.071912,53.05553100000001,67.569035,25060.28763084936,24748.725842375054,24016.885909203032,-0.5991666666666662,-0.0416666666666669,0.630176850649351,1.2046915833333336,0.128018446059251,0.0983428288026486,0.1365872331707144,0.0456742139140806,0.0125890031858062,0.0756525563360215,0.137828162162775,0.0114491299323203,322.0340000000001,345.0810000000002,1825.2753181818184,1528.303666666667,1247.09935,1030.4120590909092,896.2590047619047,770.2012549999998,511.2877602537955,411.4577869325477,341.31802627917506,-2.9724621212121223,-3.610753968253968,-4.219166666666666,-2.0331329954250297,-3.3305309498557003,-4.528172966666667,182.32039720944755,175.63604229170204,124.59516576409985,-0.2704121147422462,-0.2103903488258336,-0.1753786797748702,27.161062947018152,26.093094493298125,24.75521566476144,8.536321454545453,39.30660428571429,56.5111137,4347.40402382295,4228.025198936677,3670.994529052889,-0.939329125787092,-0.2802230183982679,0.3090063000000003,0.0578723247525251,0.0261400668995994,0.0800187121361064,-0.0118878746635988,-0.0044650845410118,0.0718243342075688,-0.0155940715028657,255.38667894736855,,,,,,,,,,,,,,,,0.176305,,
2009,DNK,0.0,3505.81,2213.239,1025.5548,3.5875,1.80916666666667,282.2150310394928,0.4178016060537078,144.8800479275552,56.91144,23275.489000110894,0,0,0,3473.11,3228.84,2862.4,2096.29,1953.2841,1778.392,1064.7392,986.3487,867.8161,4.281666666666667,4.285833333333333,3.811666666666667,4.880833333333333,4.3275,3.181489816017316,320.6643772288997,335.8076872275789,321.1398758420288,0.4217385360204591,0.3406389801234498,0.4102239437137638,143.38575812068527,138.35236087649176,136.09834267307636,47.975275,24.071912,53.05553100000001,24788.599964993653,25060.28763084936,24748.725842375054,1.77833333333333,-0.5991666666666662,-0.0416666666666669,0.630176850649351,0.0756525563360216,0.0732130569229534,0.0794754431166178,-0.045095185651353,-0.0108413626314989,0.0094151927235244,0.1129095861769156,0.0324569357150556,217.45000000000005,322.0340000000001,1990.1855217391303,1825.2753181818184,1528.303666666667,1128.6174347826086,1030.4120590909092,896.2590047619047,567.4483576340654,511.2877602537955,411.4577869325477,-2.847391304347825,-2.9724621212121223,-3.610753968253968,-1.3914025753340864,-2.0331329954250297,-3.3305309498557003,159.25011341905326,182.32039720944755,175.63604229170204,-0.1775555103781828,-0.2704121147422462,-0.2103903488258336,31.01354441090652,27.161062947018152,26.093094493298125,32.068540043478265,8.536321454545453,39.30660428571429,3886.698791714072,4347.40402382295,4228.025198936677,-1.4559887290137392,-0.939329125787092,-0.2802230183982679,0.0028758748132718,-0.0001778898391684,0.0192697078940051,-0.102116916289778,-0.0276924919700891,0.0434855518308727,0.0061563091133393,219.5703450000001,,,,,,,,,,,,,,,,,0.176305,
2010,DNK,0.0,3541.93,2281.1799,977.6977,2.9275,0.701866666666667,289.9947166820764,0.426,148.06524462114643,118.85107338,23512.631491157776,0,0,0,3505.81,3473.11,3228.84,2213.239,2096.29,1953.2841,1025.5548,1064.7392,986.3487,3.5875,4.281666666666667,4.285833333333333,1.80916666666667,4.880833333333333,4.3275,282.2150310394928,320.6643772288997,335.8076872275789,0.4178016060537078,0.4217385360204591,0.3406389801234498,144.8800479275552,143.38575812068527,138.35236087649176,56.91144,47.975275,24.071912,23275.489000110894,24788.599964993653,25060.28763084936,2.225633333333333,1.77833333333333,-0.5991666666666662,-0.0416666666666669,0.0094151927235243,0.0557885597889605,-0.0368018759899136,-0.1199052620739368,-0.0610405979772784,0.0103028971906635,0.0710287317062656,0.0594366700035398,97.19699999999987,217.45000000000005,1939.961125,1990.1855217391303,1825.2753181818184,1198.5407083333334,1128.6174347826086,1030.4120590909092,504.6202760659794,567.4483576340654,511.2877602537955,-3.422916666666667,-2.847391304347825,-2.9724621212121223,-4.405094134695163,-1.3914025753340864,-2.0331329954250297,114.16534583718573,159.25011341905326,182.32039720944755,-0.1740942940791763,-0.1775555103781828,-0.2704121147422462,31.21560320065537,31.01354441090652,27.161062947018152,39.668515875,32.068540043478265,8.536321454545453,2211.6420438432324,3886.698791714072,4347.40402382295,0.982177468028496,-1.4559887290137392,-0.939329125787092,-0.0634865268345849,-0.0175946526323279,-0.0978454245992222,-0.1724871267867194,-0.0766877059258647,-0.0003719186320895,0.032856211169399,104.5306142857143,,,,,,,,,,,,,,,,,,0.176305
2011,DNK,0.0,3527.31,2333.6001,947.4795,2.73058333333333,0.887733333333333,281.90463611147794,0.461,151.99758621817264,121.63380444,23715.906279706047,0,0,0,3541.93,3505.81,3473.11,2281.1799,2213.239,2096.29,977.6977,1025.5548,1064.7392,2.9275,3.5875,4.281666666666667,0.701866666666667,1.80916666666667,4.880833333333333,289.9947166820764,282.2150310394928,320.6643772288997,0.426,0.4178016060537078,0.4217385360204591,148.06524462114643,144.8800479275552,143.38575812068527,118.85107338,56.91144,47.975275,23512.631491157776,23275.489000110894,24788.599964993653,1.842849999999997,2.225633333333333,1.77833333333333,-0.5991666666666662,0.0103028971906634,0.0306974981011992,-0.0466645955925516,0.0275665176795451,0.0101885073626486,-0.0041276930938781,0.0317902154167365,0.0379884945476249,19.87199999999996,97.19699999999987,1898.48268,1939.961125,1990.1855217391303,1218.53998,1198.5407083333334,1128.6174347826086,436.5783650233401,504.6202760659794,567.4483576340654,-3.946,-3.422916666666667,-2.847391304347825,-5.336190369307359,-4.405094134695163,-1.3914025753340864,117.37841764628186,114.16534583718573,159.25011341905326,-0.1589321283697171,-0.1740942940791763,-0.1775555103781828,33.15217576622038,31.21560320065537,31.01354441090652,100.02140862,39.668515875,32.068540043478265,2360.318853136381,2211.6420438432324,3886.698791714072,1.3901903693073594,0.982177468028496,-1.4559887290137392,-0.0599535504160048,-0.0419526037937422,-0.1036312515102259,-0.017828383417124,-0.0022632795056933,-0.0395942645463104,0.0099795047930755,-20.473777272727432,,,,,,,,,,,,,,,,,,
2012,DNK,0.0,3519.09,2389.8689,1018.8917,1.40333333333333,0.0800866666666667,272.7711002509576,0.449,155.57601707146648,119.04402564,23685.473022240287,0,0,0,3527.31,3541.93,3505.81,2333.6001,2281.1799,2213.239,947.4795,977.6977,1025.5548,2.73058333333333,2.9275,3.5875,0.887733333333333,0.701866666666667,1.80916666666667,281.90463611147794,289.9947166820764,282.2150310394928,0.461,0.426,0.4178016060537078,151.99758621817264,148.06524462114643,144.8800479275552,121.63380444,118.85107338,56.91144,23715.906279706047,23512.631491157776,23275.489000110894,1.3232466666666634,1.842849999999997,2.225633333333333,1.77833333333333,-0.0041276930938781,0.0229794239375859,-0.0309075085274312,-0.0278973377969075,0.0086453440409133,-0.0023303877459026,0.0051967989401032,0.0080874358466747,2.522000000000409,19.87199999999996,1810.8441153846156,1898.48268,1939.961125,1224.0932576923078,1218.53998,1198.5407083333334,389.56868944551934,436.5783650233401,504.6202760659794,-3.99114743589744,-3.946,-3.422916666666667,-4.945085611513487,-5.336190369307359,-4.405094134695163,104.77378255082648,117.37841764628186,114.16534583718573,-0.117819354201651,-0.1589321283697171,-0.1740942940791763,35.80943367993041,33.15217576622038,31.21560320065537,98.95716242538462,100.02140862,39.668515875,2472.8121473332503,2360.318853136381,2211.6420438432324,0.9539381756160478,1.3901903693073594,0.982177468028496,-0.0719859986839062,-0.0479925738056058,-0.0837289143846965,-0.0725791035568918,-0.0037159116472009,-0.0645379200001807,-0.0203373666075861,-96.90861304347833,,,,,,,,,,,,,,,,,,
2013,DNK,0.0,3549.7399417579345,2386.37860014605,1023.7736,1.74583333333333,-0.0231016666666667,283.3870642927169,0.44,156.3892253137315,149.72363843,23812.608841195244,0,0,0,3519.09,3527.31,3541.93,2389.8689,2333.6001,2281.1799,1018.8917,947.4795,977.6977,1.40333333333333,2.73058333333333,2.9275,0.0800866666666667,0.887733333333333,0.701866666666667,272.7711002509576,281.90463611147794,289.9947166820764,0.449,0.461,0.426,155.57601707146648,151.99758621817264,148.06524462114643,119.04402564,121.63380444,118.85107338,23685.473022240287,23715.906279706047,23512.631491157776,1.7689349999999968,1.3232466666666634,1.842849999999997,2.225633333333333,-0.0023303877459026,0.0241124432588084,0.0753707072290217,-0.0323993815302438,-0.0012832424410363,0.0087096214526865,0.0012816054502942,0.0078641817837016,1.5209825273806117,2.522000000000409,1735.5558148148148,1810.8441153846156,1898.48268,1235.0252703703704,1224.0932576923078,1218.53998,446.55241946605554,389.56868944551934,436.5783650233401,-5.170577160493831,-3.99114743589744,-3.946,-5.56958095923521,-4.945085611513487,-5.336190369307359,91.7597362254607,104.77378255082648,117.37841764628186,-0.1254556744164047,-0.117819354201651,-0.1589321283697171,38.06158921174534,35.80943367993041,33.15217576622038,92.70230353555556,98.95716242538462,100.02140862,2350.793254781074,2472.8121473332503,2360.318853136381,0.3990037987413791,0.9539381756160478,1.3901903693073594,-0.0674200010788574,-0.0450136862610907,0.0257696442327062,-0.0742896433072707,-0.0135015784504121,-0.0658715966899825,-0.0197471260062558,-110.2207541666663,,,,0.23086,0.260494,1.0,,,,,,,,,,,,
2014,DNK,0.0,3567.7748507270217,2409.748902381541,1087.4353,1.32666666666667,0.0641158333333333,294.08091577546094,0.443,156.93975313731517,176.79916459999998,24091.598009098896,0,0,0,3549.7399417579345,3519.09,3527.31,2386.37860014605,2389.8689,2333.6001,1023.7736,1018.8917,947.4795,1.74583333333333,1.40333333333333,2.73058333333333,-0.0231016666666667,0.0800866666666667,0.887733333333333,283.3870642927169,272.7711002509576,281.90463611147794,0.44,0.449,0.461,156.3892253137315,155.57601707146648,151.99758621817264,149.72363843,119.04402564,121.63380444,23812.608841195244,23685.473022240287,23715.906279706047,1.2625508333333366,1.7689349999999968,1.3232466666666634,1.842849999999997,0.0087096214526864,-0.0014604566191685,0.0047913826366434,0.0389189471758272,0.0053676706745767,0.0050806282333335,0.0007505135376352,0.0069511240624115,15.204449393900267,1.5209825273806117,1704.221620329363,1735.5558148148148,1810.8441153846156,1187.4269251460498,1235.0252703703704,1224.0932576923078,435.48601877083934,446.55241946605554,389.56868944551934,-4.643413690476193,-5.170577160493831,-3.99114743589744,-5.473855686881571,-5.56958095923521,-4.945085611513487,99.0985668305964,91.7597362254607,104.77378255082648,-0.1299751146158188,-0.1254556744164047,-0.117819354201651,37.5154549821623,38.06158921174534,35.80943367993041,120.07111977071428,92.70230353555556,98.95716242538462,2393.972171779565,2350.793254781074,2472.8121473332503,0.8304419964053775,0.3990037987413791,0.9539381756160478,-0.0538829548032736,-0.0689194125738422,-0.04576411162755,-0.0002198463305599,-0.0063506068736726,-0.0638691656530268,-0.0199006788811514,-106.81294147261944,,,,,,,,,,,,,0.23086,,,,,
2015,DNK,0.0,3590.98465083291,2463.339910740465,1157.5873,0.69,-0.126008333333333,314.52504361011864,0.3979999999999999,157.2936638810475,167.8975522,24514.557239993457,0,0,0,3567.7748507270217,3549.7399417579345,3519.09,2409.748902381541,2386.37860014605,2389.8689,1087.4353,1023.7736,1018.8917,1.32666666666667,1.74583333333333,1.40333333333333,0.0641158333333333,-0.0231016666666667,0.0800866666666667,294.08091577546094,283.3870642927169,272.7711002509576,0.443,0.44,0.449,156.93975313731517,156.3892253137315,155.57601707146648,176.79916459999998,149.72363843,119.04402564,24091.598009098896,23812.608841195244,23685.473022240287,0.816008333333333,1.2625508333333366,1.7689349999999968,1.3232466666666634,0.0050806282333335,0.0097932080995284,0.0621833772623167,0.0377358490566037,0.0117160269907515,0.0065053993250607,0.0038199539800391,0.0056269374846287,23.37188614678161,15.204449393900267,1663.490266528472,1704.221620329363,1735.5558148148148,1169.8514713420227,1187.4269251460498,1235.0252703703704,484.1309595028795,435.48601877083934,446.55241946605554,-4.902462643678158,-4.643413690476193,-5.170577160493831,-5.197884542506345,-5.473855686881571,-5.56958095923521,106.37522635366471,99.0985668305964,91.7597362254607,-0.1224932141118251,-0.1299751146158188,-0.1254556744164047,36.77234642705072,37.5154549821623,38.06158921174534,143.0062625003448,120.07111977071428,92.70230353555556,2590.410575139096,2393.972171779565,2350.793254781074,0.295421898828187,0.8304419964053775,0.3990037987413791,-0.0555875567796524,-0.0552043402632223,0.01326231555625,-0.0013950927951205,0.0002245568308476,-0.0584342005568071,-0.0204878032781508,-89.02128454946057,,,,,,,,,,,,,,0.23086,,,,
2016,DNK,0.0,3645.955928917205,2505.259517479396,1221.8437,0.320833333,-0.440208333333333,329.3911069615107,0.372,157.32040380390728,163.86107166000002,25099.862459640422,0,0,0,3590.98465083291,3567.7748507270217,3549.7399417579345,2463.339910740465,2409.748902381541,2386.37860014605,1157.5873,1087.4353,1023.7736,0.69,1.32666666666667,1.74583333333333,-0.126008333333333,0.0641158333333333,-0.0231016666666667,314.52504361011864,294.08091577546094,283.3870642927169,0.3979999999999999,0.443,0.44,157.2936638810475,156.93975313731517,156.3892253137315,167.8975522,176.79916459999998,149.72363843,24514.557239993457,24091.598009098896,23812.608841195244,0.761041666333333,0.816008333333333,1.2625508333333366,1.7689349999999968,0.0065053993250608,0.0222392500338768,0.064511424265885,0.0695187165775401,0.0175562962130954,0.0153081350741903,0.0067652163370269,0.0018283945433919,31.18577615836974,23.37188614678161,1631.2503910834116,1663.490266528472,1704.221620329363,1184.4474306562115,1169.8514713420227,1187.4269251460498,538.1452608527836,484.1309595028795,435.48601877083934,-5.375713888888889,-4.902462643678158,-4.643413690476193,-5.214745891089466,-5.197884542506345,-5.473855686881571,123.2735133098669,106.37522635366471,99.0985668305964,-0.1634101069747642,-0.1224932141118251,-0.1299751146158188,35.90051228988138,36.77234642705072,37.5154549821623,129.33777468366668,143.0062625003448,120.07111977071428,2927.022786862355,2590.410575139096,2393.972171779565,-0.1609679977994227,0.295421898828187,0.8304419964053775,-0.0522459733851785,-0.0408547003887628,0.0151330413337408,0.0304358813739233,0.0060570827141967,-0.0534020024656476,-0.0235546389594537,-77.55676318363624,,,,,,,,,,,,,,,0.23086,,,
2017,DNK,0.0,3686.01250337661,2567.6912064871067,1285.1412,0.515,-0.435566666666667,344.0204896258828,0.359,158.9845707677688,175.6341664,25621.121158169743,0,0,0,3645.955928917205,3590.98465083291,3567.7748507270217,2505.259517479396,2463.339910740465,2409.748902381541,1221.8437,1157.5873,1087.4353,0.320833333,0.69,1.32666666666667,-0.440208333333333,-0.126008333333333,0.0641158333333333,329.3911069615107,314.52504361011864,294.08091577546094,0.372,0.3979999999999999,0.443,157.32040380390728,157.2936638810475,156.93975313731517,163.86107166000002,167.8975522,176.79916459999998,25099.862459640422,24514.557239993457,24091.598009098896,0.950566666666667,0.761041666333333,0.816008333333333,1.2625508333333366,0.0153081350741904,0.0170173862552043,0.0555089020067857,0.0472651181627998,0.0238758225945885,0.0109865767004213,0.0089647208775282,0.0055395551192098,40.96842360330611,31.18577615836974,1633.600688810177,1631.2503910834116,1663.490266528472,1188.1590557610714,1184.4474306562115,1169.8514713420227,585.0421363091452,538.1452608527836,484.1309595028795,-5.57147043044086,-5.375713888888889,-4.902462643678158,-5.360728281699482,-5.214745891089466,-5.197884542506345,134.16301171577936,123.2735133098669,106.37522635366471,-0.1841388132013847,-0.1634101069747642,-0.1224932141118251,34.76917117113207,35.90051228988138,36.77234642705072,121.1291078635484,129.33777468366668,143.0062625003448,3417.9079166105366,2927.022786862355,2590.410575139096,-0.2107421487413767,-0.1609679977994227,0.295421898828187,-0.0417017051898763,-0.0447147408211431,0.0056260843635168,0.0071677535800523,0.0121747063385499,-0.0493610495642619,-0.0190312494539994,-66.97298877263253,,,,0.094231,0.099604,1.0,0.090115,0.09561,1.0,,,,,,,,,
2018,DNK,0.0,3773.311323394056,2641.9618537182578,1325.9652,0.456666667,-0.490816666666667,360.22171512530304,0.34,160.11236633779592,164.0863983,25984.599086668277,0,0,0,3686.01250337661,3645.955928917205,3590.98465083291,2567.6912064871067,2505.259517479396,2463.339910740465,1285.1412,1221.8437,1157.5873,0.515,0.320833333,0.69,-0.435566666666667,-0.440208333333333,-0.126008333333333,344.0204896258828,329.3911069615107,314.52504361011864,0.359,0.372,0.3979999999999999,158.9845707677688,157.32040380390728,157.2936638810475,175.6341664,163.86107166000002,167.8975522,25621.121158169743,25099.862459640422,24514.557239993457,0.947483333666667,0.950566666666667,0.761041666333333,0.816008333333333,0.0109865767004214,0.0249202482106623,0.0518049076162525,0.044413411155273,0.0207673926248593,0.0236838100623573,0.0109333703665575,0.0044016090640493,58.70365921428434,40.96842360330611,1622.6072417442638,1633.600688810177,1631.2503910834116,1213.460774276249,1188.1590557610714,1184.4474306562115,630.0570695494845,585.0421363091452,538.1452608527836,-5.203195312489584,-5.57147043044086,-5.375713888888889,-5.188563856229709,-5.360728281699482,-5.214745891089466,144.59980026403335,134.16301171577936,123.2735133098669,-0.1913844752888416,-0.1841388132013847,-0.1634101069747642,35.34680153589571,34.76917117113207,35.90051228988138,129.11691798281248,121.1291078635484,129.33777468366668,3832.356992745776,3417.9079166105366,2927.022786862355,-0.0146314562598748,-0.2107421487413767,-0.1609679977994227,-0.0446780472671977,-0.0353694678714547,0.001740603380612,0.0040848287151044,0.0086735439062868,-0.0457470317564239,-0.01953482052736,-54.88092792174332,,,,,,,,,,,,,0.094231,,,0.090115,,
2019,DNK,0.0,3859.9512346877887,2735.349033836877,1392.4675,-0.181666667,-0.550208333333333,369.6606352813439,0.336,161.27791238715446,202.89821626000003,26420.26913823733,0,0,0,3773.311323394056,3686.01250337661,3645.955928917205,2641.9618537182578,2567.6912064871067,2505.259517479396,1325.9652,1285.1412,1221.8437,0.456666667,0.515,0.320833333,-0.490816666666667,-0.435566666666667,-0.440208333333333,360.22171512530304,344.0204896258828,329.3911069615107,0.34,0.359,0.372,160.11236633779592,158.9845707677688,157.32040380390728,164.0863983,175.6341664,163.86107166000002,25984.599086668277,25621.121158169743,25099.862459640422,0.3685416663333329,0.947483333666667,0.950566666666667,0.761041666333333,0.0236838100623573,0.0289250697449565,0.0317661592360433,0.0470937807135815,0.0141866519522946,0.0229612411667641,0.0166595072789896,0.0064555858671998,72.92847373291994,58.70365921428434,1660.7361453452168,1622.6072417442638,1633.600688810177,1250.9598828929682,1213.460774276249,1188.1590557610714,651.7884310782878,630.0570695494845,585.0421363091452,-5.1038560602626255,-5.203195312489584,-5.57147043044086,-5.086584648465172,-5.188563856229709,-5.360728281699482,156.4192136342405,144.59980026403335,134.16301171577936,-0.2045849457346342,-0.1913844752888416,-0.1841388132013847,35.4034819078654,35.34680153589571,34.76917117113207,113.65651600454548,129.11691798281248,121.1291078635484,4079.702891161098,3832.356992745776,3417.9079166105366,-0.0172714117974543,-0.0146314562598748,-0.2107421487413767,-0.0305846249281618,-0.0302593504661776,-0.0183525388552412,0.0066375473760659,0.0018217549866507,-0.0385451841421716,-0.0168506882233269,-35.31632804670696,,,,,,,,,,,,,,0.094231,,,0.090115,
2020,DNK,0.0,3933.189158857717,2834.204571553108,1532.0273,-0.358333333,-0.147475,388.5369029720636,0.421,161.81585671762764,191.93253079,25801.54394040855,0,0,0,3859.9512346877887,3773.311323394056,3686.01250337661,2735.349033836877,2641.9618537182578,2567.6912064871067,1392.4675,1325.9652,1285.1412,-0.181666667,0.456666667,0.515,-0.550208333333333,-0.490816666666667,-0.435566666666667,369.6606352813439,360.22171512530304,344.0204896258828,0.336,0.34,0.359,161.27791238715446,160.11236633779592,158.9845707677688,202.89821626000003,164.0863983,175.6341664,26420.26913823733,25984.599086668277,25621.121158169743,-0.2108583329999999,0.3685416663333329,0.947483333666667,0.950566666666667,0.0229612411667641,0.0353476640804588,0.0501538803582478,0.0262030848216841,0.0167664719442442,0.0189737951898898,0.0192105426431809,0.007131320938155,82.81698777370535,72.92847373291994,1698.530875893502,1660.7361453452168,1622.6072417442638,1307.5541252794412,1250.9598828929682,1213.460774276249,699.120483105397,651.7884310782878,630.0570695494845,-5.59207598072549,-5.1038560602626255,-5.203195312489584,-4.996370884294627,-5.086584648465172,-5.188563856229709,161.25756868339195,156.4192136342405,144.59980026403335,-0.2025677414483214,-0.2045849457346342,-0.1913844752888416,35.52774907758084,35.4034819078654,35.34680153589571,149.12549525852944,113.65651600454548,129.11691798281248,4395.381681225419,4079.702891161098,3832.356992745776,-0.5957050964308633,-0.0172714117974543,-0.0146314562598748,-0.0303803870077501,-0.0229198061165487,0.0005913198080311,-0.0144542863151061,0.0043463702820351,-0.0347896117735375,-0.0156483691453927,-19.952277139467924,,,,,,,,,,,,,,,0.094231,,,0.090115
1989,ESP,0.0,32615255.76111,7795298.0,40896600.0,13.7025,14.3916666666667,86.51045556385337,0.397256,93.70222397299456,-1293221.0,11518.8148445865,0,0,0,27265948.190514,23180444.95008,19804964.015166,6049432.0,4715709.0,3869665.0,35777600.0,31724000.0,28242600.0,11.744166666666668,12.813333333333333,11.354166666666666,11.292,16.0648333333333,11.4908333333333,69.99626587005233,55.2744585460782,39.27500354760164,0.383607,0.418711,0.4155709999999999,87.74242799785586,83.69412400629847,79.52105600491339,-442125.3,-32532.63,548180.1,10838.211998095,10209.3177562621,9563.05658278823,-0.6891666666666989,0.4521666666666686,-3.251499999999968,-0.1366666666666347,0.1762478351572754,0.282825551788713,0.1277770772916404,0.2663401453621052,0.0616000262551484,0.1961900438311938,0.1502380330617968,0.0401225597065215,4251637.847826602,3135695.864116202,6957882.217066001,4308568.464947999,1866175.060068,2198054.0,1296496.5,900905.0,7371133.333333332,4976300.0,2989800.0,-0.7674999999999965,0.4525000000000005,-2.0133333333333336,-1.7633888888888656,4.51416666666665,-0.1196666666666992,27.13104934446125,18.613863030730684,5.228816064508237,-0.0286286666666666,0.009713,0.0131459999999999,8.973368326500733,7.387596502415022,6.429057002059878,-771891.9566666667,-543448.9299999999,74527.59999999998,1173.9203133745086,817.5391073124156,342.5558676770888,0.9958888888888696,-4.0616666666666505,-1.8936666666666344,0.0390147031432179,0.0217772212431086,0.006945837449753,-0.0141348519905177,0.009234785446794,0.0130049010477392,-0.0068335356085473,2903163.3401560755,,,,,,,,,,,,,,,,,,
1990,ESP,0.0,36267912.977142,9599831.0,46686000.0,14.6775,14.7583333333333,100.0,0.4145259999999999,100.00000000119084,-1835770.0,12055.0,0,0,0,32615255.76111,27265948.190514,23180444.95008,7795298.0,6049432.0,4715709.0,40896600.0,35777600.0,31724000.0,13.7025,11.744166666666668,12.813333333333333,14.3916666666667,11.292,16.0648333333333,86.51045556385337,69.99626587005233,55.2744585460782,0.397256,0.383607,0.418711,93.70222397299456,87.74242799785586,83.69412400629847,-1293221.0,-442125.3,-32532.63,11518.8148445865,10838.211998095,10209.3177562621,-0.0808333333333006,-0.6891666666666989,0.4521666666666686,-3.251499999999968,0.1961900438311938,0.2885999875690808,0.1430783506998792,0.2359295812216546,0.0627965984251949,0.1119922910550152,0.1809579948059513,0.0135076104007354,4461171.165178199,4251637.847826602,10567719.233395502,6957882.217066001,4308568.464947999,3394406.5,2198054.0,1296496.5,10647350.0,7371133.333333332,4976300.0,1.3827083333333334,-0.7674999999999965,0.4525000000000005,1.7771250000000496,-1.7633888888888656,4.51416666666665,36.86247670214698,27.13104934446125,18.613863030730684,-0.0078225,-0.0286286666666666,0.009713,12.68982222001425,8.973368326500733,7.387596502415022,-1430014.6675,-771891.9566666667,-543448.9299999999,1561.0430815223845,1173.9203133745086,817.5391073124156,-0.3944166666667152,0.9958888888888696,-4.0616666666666505,0.045952010769397,0.0202925832757736,0.0199318317080742,-0.0398337988007956,0.0073530958012425,0.0372224122680241,-0.0300317171100597,1115941.9837103998,,,,,,,,,,,,,,,,,,
1991,ESP,0.0,40684283.929806,11101856.0,51778000.0,12.360833333333334,13.2016666666667,113.909634055265,0.422092,105.93466000467863,-2057219.0,12421.7957738803,0,0,0,36267912.977142,32615255.76111,27265948.190514,9599831.0,7795298.0,6049432.0,46686000.0,40896600.0,35777600.0,14.6775,13.7025,11.744166666666668,14.7583333333333,14.3916666666667,11.292,100.0,86.51045556385337,69.99626587005233,0.4145259999999999,0.397256,0.383607,100.00000000119084,93.70222397299456,87.74242799785586,-1835770.0,-1293221.0,-442125.3,12055.0,11518.8148445865,10838.211998095,-0.8408333333333662,-0.0808333333333006,-0.6891666666666989,0.4521666666666686,0.1119922910550153,0.2314899314946009,0.1415618902304837,0.155929642818607,0.0465486391306558,0.1217707496829894,0.1614767233478281,0.0439994852379549,4390766.443390803,4461171.165178199,12106832.602748398,10567719.233395502,6957882.217066001,4520058.2,3394406.5,2198054.0,14307280.0,10647350.0,7371133.333333332,2.0811666666666664,1.3827083333333334,-0.7674999999999965,1.7883666666666418,1.7771250000000496,-1.7633888888888656,42.97952579786421,36.86247670214698,27.13104934446125,0.0110119999999999,-0.0078225,-0.0286286666666666,16.449633804207664,12.68982222001425,8.973368326500733,-1686560.734,-1430014.6675,-771891.9566666667,1785.019620631405,1561.0430815223845,1173.9203133745086,0.292800000000026,-0.3944166666667152,0.9958888888888696,-0.0497337446991307,-0.0418906186176496,0.0134324133116601,-0.1098752875036443,-0.0107331374436071,0.0053336700538929,0.0104707300971796,767504.3092067973,,,,,,,,,,,,,,,,,,
1992,ESP,0.0,43487390.868438,12519884.0,54238000.0,11.693333333333332,13.0066666666667,113.14413741598196,0.44579,112.21102002980528,-2204957.0,12553.295551473,0,0,0,40684283.929806,36267912.977142,32615255.76111,11101856.0,9599831.0,7795298.0,51778000.0,46686000.0,40896600.0,12.360833333333334,14.6775,13.7025,13.2016666666667,14.7583333333333,14.3916666666667,113.909634055265,100.0,86.51045556385337,0.422092,0.4145259999999999,0.397256,105.93466000467863,100.00000000119084,93.70222397299456,-2057219.0,-1835770.0,-1293221.0,12421.7957738803,12055.0,11518.8148445865,-1.313333333333368,-0.8408333333333662,-0.0808333333333006,-0.6891666666666989,0.1217707496829894,0.1564636919129097,0.1090690999443087,0.13909634055265,0.0304268580572625,0.0688990113103205,0.1433176948563995,0.0460490882414524,3703277.627464799,4390766.443390803,14505398.121621002,12106832.602748398,10567719.233395502,5268740.166666667,4520058.2,3394406.5,17014733.333333336,14307280.0,10647350.0,-0.5823611111111102,2.0811666666666664,1.3827083333333334,-0.0663611111110675,1.7883666666666418,1.7771250000000496,49.72590555348518,42.97952579786421,36.86247670214698,0.0167426666666666,0.0110119999999999,-0.0078225,19.642688173660872,16.449633804207664,12.68982222001425,-1626916.278333333,-1686560.734,-1430014.6675,1854.3121244064716,1785.019620631405,1561.0430815223845,-0.5160000000000438,0.292800000000026,-0.3944166666667152,-0.0300085371313305,-0.1085387344758109,-0.0217468596368468,-0.1047335322688725,-0.0247082910282791,-0.0141587759510089,0.0099026505763822,441264.81768380245,,,,,,,,,,,,,,,,,,
1993,ESP,0.0,44009260.05828,14112810.0,59261000.0,10.211666666666668,12.3266666666667,112.80806572068684,0.555737,117.33750003952984,-1330088.3529120004,12289.9591404987,0,0,0,43487390.868438,40684283.929806,36267912.977142,12519884.0,11101856.0,9599831.0,54238000.0,51778000.0,46686000.0,11.693333333333332,12.360833333333334,14.6775,13.0066666666667,13.2016666666667,14.7583333333333,113.14413741598196,113.909634055265,100.0,0.44579,0.422092,0.4145259999999999,112.21102002980528,105.93466000467863,100.00000000119084,-2204957.0,-2057219.0,-1835770.0,12553.295551473,12421.7957738803,12055.0,-2.115000000000032,-1.313333333333368,-0.8408333333333662,-0.0808333333333006,0.0688990113103205,0.1277289130754353,0.0475105257058982,-0.0067202098016718,0.0105862131358824,0.0120004713876904,0.100887350682775,0.0281308541487855,2602714.818204602,3703277.627464799,15236305.328592855,14505398.121621002,12106832.602748398,5934091.0,5268740.166666667,4520058.2,17044057.14285714,17014733.333333336,14307280.0,-1.166666666666668,-0.5823611111111102,2.0811666666666664,-0.2518809523809153,-0.0663611111110675,1.7883666666666418,41.85670812084712,49.72590555348518,42.97952579786421,0.0380488571428571,0.0167426666666666,0.0110119999999999,23.11294988826451,19.642688173660872,16.449633804207664,-1542237.667142857,-1626916.278333333,-1686560.734,1720.910169941104,1854.3121244064716,1785.019620631405,-0.9147857142857538,-0.5160000000000438,0.292800000000026,-0.0778788526487776,-0.1191837242339835,-0.0796809572691162,-0.2330944939117156,-0.040430887444946,-0.0537573649344316,-0.0099961136315611,-356540.2026631525,,,,,,,,,,,,,,,,,,
1994,ESP,0.0,45427030.006314,16166267.0,63676000.0,9.995833333333334,7.8125,114.49775952203132,0.581744,122.87272997079562,-1537269.59783496,12569.629259,0,0,0,44009260.05828,43487390.868438,40684283.929806,14112810.0,12519884.0,11101856.0,59261000.0,54238000.0,51778000.0,10.211666666666668,11.693333333333332,12.360833333333334,12.3266666666667,13.0066666666667,13.2016666666667,112.80806572068684,113.14413741598196,113.909634055265,0.555737,0.44579,0.422092,117.33750003952984,112.21102002980528,105.93466000467863,-1330088.3529120004,-2204957.0,-2057219.0,12289.9591404987,12553.295551473,12421.7957738803,2.1833333333333336,-2.115000000000032,-1.313333333333368,-0.8408333333333662,0.0120004713876904,0.1272316900060735,0.0926103469891957,-0.0029702970297041,-0.0209774724011337,0.032215264382007,0.0675567441270001,0.054897447665173,1475010.7419366012,2602714.818204602,13853636.352360748,15236305.328592855,14505398.121621002,6785255.625,5934091.0,5268740.166666667,19936550.0,17044057.14285714,17014733.333333336,-2.5024999999999995,-1.166666666666668,-0.5823611111111102,-0.9003958333333006,-0.2518809523809153,-0.0663611111110675,36.28854791044608,41.85670812084712,49.72590555348518,0.14323975,0.0380488571428571,0.0167426666666666,25.35031116195601,23.11294988826451,19.642688173660872,-474589.3116620004,-1542237.667142857,-1626916.278333333,1242.4599877241671,1720.910169941104,1854.3121244064716,-1.6021041666666986,-0.9147857142857538,-0.5160000000000438,-0.1236518421930109,-0.1026547009842048,-0.0231981420902306,-0.1960453677237885,-0.0662187319183984,-0.0781284106678012,0.0184364988234198,-1385794.9713907186,,,,,,,,,,,,,,,,,,
1995,ESP,0.0,48223302.972768,17994010.0,70439000.0,11.27,8.98333333333333,118.50261389096327,0.615424,128.61837995040491,-956829.2066090998,12981.0527231644,0,0,0,45427030.006314,44009260.05828,43487390.868438,16166267.0,14112810.0,12519884.0,63676000.0,59261000.0,54238000.0,9.995833333333334,10.211666666666668,11.693333333333332,7.8125,12.3266666666667,13.0066666666667,114.49775952203132,112.80806572068684,113.14413741598196,0.581744,0.555737,0.44579,122.87272997079562,117.33750003952984,112.21102002980528,-1537269.59783496,-1330088.3529120004,-2204957.0,12569.629259,12289.9591404987,12553.295551473,2.286666666666669,2.1833333333333336,-2.115000000000032,-1.313333333333368,0.0322152643820071,0.1455030571516232,0.0745009365349892,0.0149784839457151,0.0227559844019099,0.0615552671188353,0.0377049156933393,0.0288437716842265,1562550.6261023998,1475010.7419366012,13732113.37235466,13853636.352360748,15236305.328592855,8084795.333333333,6785255.625,5934091.0,22136377.777777776,19936550.0,17044057.14285714,-2.4402777777777764,-2.5024999999999995,-1.166666666666668,-5.314518518518522,-0.9003958333333006,-0.2518809523809153,33.94618083285212,36.28854791044608,41.85670812084712,0.1533312222222222,0.14323975,0.0380488571428571,28.06883985300448,25.35031116195601,23.11294988826451,-629038.4108447378,-474589.3116620004,-1542237.667142857,1384.0789964783362,1242.4599877241671,1720.910169941104,2.8742407407407446,-1.6021041666666986,-0.9147857142857538,-0.0879805689245679,-0.0715514962156295,-0.0384077847831583,-0.1535909157828957,-0.0142079336255549,-0.0968190375774904,-0.0102509627037293,-2282533.2190936003,,,,,,,,,,,,,,,,,,
1996,ESP,0.0,51808345.244436,20572980.0,71584249.0,8.736666666666666,7.64833333333333,121.5179238237489,0.654076,133.193669939459,-696159.0273277201,13275.1747236277,0,0,0,48223302.972768,45427030.006314,44009260.05828,17994010.0,16166267.0,14112810.0,70439000.0,63676000.0,59261000.0,11.27,9.995833333333334,10.211666666666668,8.98333333333333,7.8125,12.3266666666667,118.50261389096327,114.49775952203132,112.80806572068684,0.615424,0.581744,0.555737,128.61837995040491,122.87272997079562,117.33750003952984,-956829.2066090998,-1537269.59783496,-1330088.3529120004,12981.0527231644,12569.629259,12289.9591404987,1.0883333333333365,2.286666666666669,2.1833333333333336,-2.115000000000032,0.0615552671188353,0.1130590630477648,0.1062095609020667,0.0349775784753357,0.0327315512404485,0.0743425284181071,0.0352570009628442,0.0249170336528904,2619352.8524922025,1562550.6261023998,15155175.001573203,13732113.37235466,13853636.352360748,9104058.8,8084795.333333333,6785255.625,26685740.0,22136377.777777776,19936550.0,-0.9220833333333333,-2.4402777777777764,-2.5024999999999995,-3.6122333333333394,-5.314518518518522,-0.9003958333333006,34.556417118498885,33.94618083285212,36.28854791044608,0.1716780999999999,0.1533312222222222,0.14323975,31.00760584731333,28.06883985300448,25.35031116195601,14305.821465596324,-629038.4108447378,-474589.3116620004,1657.0945609949013,1384.0789964783362,1242.4599877241671,2.6901500000000054,2.8742407407407446,-1.6021041666666986,-0.0488649474183432,-0.0960453240733068,-0.0024316287735077,-0.1165261639440644,-0.002653707495288,-0.0871645726107992,-0.0128963303970993,-1868917.1607715727,,,,,,,,,,,,,,,,,,
1997,ESP,0.0,58958139.181458,24386040.0,71809868.196,6.401666666666666,5.48583333333333,126.6990291262135,0.642495,135.6939412944318,-626565.8183142599,13724.7489197756,0,0,0,51808345.244436,48223302.972768,45427030.006314,20572980.0,17994010.0,16166267.0,71584249.0,70439000.0,63676000.0,8.736666666666666,11.27,9.995833333333334,7.64833333333333,8.98333333333333,7.8125,121.5179238237489,118.50261389096327,114.49775952203132,0.654076,0.615424,0.581744,133.193669939459,128.61837995040491,122.87272997079562,-696159.0273277201,-956829.2066090998,-1537269.59783496,13275.1747236277,12981.0527231644,12569.629259,0.9158333333333362,1.0883333333333365,2.286666666666669,2.1833333333333336,0.0743425284181071,0.143323806088804,0.016258734507872,0.0254450921695285,0.0226577926101823,0.1380046767231939,0.0560376866396498,0.0215988278512988,4417836.979709999,2619352.8524922025,17362474.09128,15155175.001573203,13732113.37235466,10855387.090909092,9104058.8,8084795.333333333,25405012.636363637,26685740.0,22136377.777777776,-3.3715909090909086,-0.9220833333333333,-2.4402777777777764,-4.61884848484849,-3.6122333333333394,-5.314518518518522,34.43023458596642,34.556417118498885,33.94618083285212,0.194723,0.1716780999999999,0.1533312222222222,32.764022577520734,31.00760584731333,28.06883985300448,273675.4715228309,14305.821465596324,-629038.4108447378,1800.5716013677577,1657.0945609949013,1384.0789964783362,1.247257575757582,2.6901500000000054,2.8742407407407446,-0.0311911913772371,-0.056176048624937,-0.0921392922903516,-0.1144060338554652,-0.0124620953760254,-0.0566989344216826,-0.0147816105990133,-578500.2892853236,,,,,,,,,,,,,,,,,,
1998,ESP,0.0,68859545.253972,28957308.0,72049464.036,4.833333333333333,4.34,132.86034353995527,0.62306,138.08577207508907,-1554733.0464468,14313.4050581335,0,0,0,58958139.181458,51808345.244436,48223302.972768,24386040.0,20572980.0,17994010.0,71809868.196,71584249.0,70439000.0,6.401666666666666,8.736666666666666,11.27,5.48583333333333,7.64833333333333,8.98333333333333,126.6990291262135,121.5179238237489,118.50261389096327,0.642495,0.654076,0.615424,135.6939412944318,133.193669939459,128.61837995040491,-626565.8183142599,-696159.0273277201,-956829.2066090998,13724.7489197756,13275.1747236277,12981.0527231644,0.4933333333333332,0.9158333333333362,1.0883333333333365,2.286666666666669,0.1380046767231938,0.1853431053741363,0.0031517994412429,0.0426365522009686,0.0338657837284604,0.1679395959570571,0.0913008240867121,0.0409489426139628,6905852.078063399,4417836.979709999,23065395.187362,17362474.09128,15155175.001573203,13763831.5,10855387.090909092,9104058.8,23513547.445999995,25405012.636363637,26685740.0,-5.425625000000001,-3.3715909090909086,-0.9220833333333333,-6.39644444444445,-4.61884848484849,-3.6122333333333394,36.742153672933824,34.43023458596642,34.556417118498885,0.1669150833333333,0.194723,0.1716780999999999,32.533958717700145,32.764022577520734,31.00760584731333,320462.39124272193,273675.4715228309,14305.821465596324,2100.098164068344,1800.5716013677577,1657.0945609949013,0.9708194444444496,1.247257575757582,2.6901500000000054,0.0353065197803256,-0.0090498358282467,-0.0968699280578578,-0.08681402529171,-0.0001211864962905,-0.015765903532452,0.006046665223552,1284261.6478530644,,,,,,,,,,,,,,,,,,
1999,ESP,0.0,79360387.340124,34884800.0,78442180.542,4.7275,2.72333333333333,142.13032113517542,0.608039,141.17325937022324,-3210683.85798732,14934.3636609189,0,0,0,68859545.253972,58958139.181458,51808345.244436,28957308.0,24386040.0,20572980.0,72049464.036,71809868.196,71584249.0,4.833333333333333,6.401666666666666,8.736666666666666,4.34,5.48583333333333,7.64833333333333,132.86034353995527,126.6990291262135,121.5179238237489,0.62306,0.642495,0.654076,138.08577207508907,135.6939412944318,133.193669939459,-1554733.0464468,-626565.8183142599,-696159.0273277201,14313.4050581335,13724.7489197756,13275.1747236277,2.00416666666667,0.4933333333333332,0.9158333333333362,1.0883333333333365,0.167939595957057,0.1874542976227382,0.003336530842057,0.0486295313881534,0.0428901207445566,0.1524965354828027,0.126762267032786,0.0478005919911869,9255753.235957792,6905852.078063399,31192540.091617376,23065395.187362,17362474.09128,17276343.230769232,13763831.5,10855387.090909092,21944408.86707693,23513547.445999995,25405012.636363637,-6.576602564102566,-5.425625000000001,-3.3715909090909086,-7.050243589743591,-6.39644444444445,-4.61884848484849,40.07714857337298,36.742153672933824,34.43023458596642,0.1346404615384615,0.1669150833333333,0.194723,32.42317728930355,32.533958717700145,32.764022577520734,-632355.7900623353,320462.39124272193,273675.4715228309,2527.208289805601,2100.098164068344,1800.5716013677577,0.4736410256410274,0.9708194444444496,1.247257575757582,0.062299229032495,-0.0061844905939576,-0.0886127026522222,-0.0735865439968828,0.0089132493944966,0.0211288033711175,0.0123486177622713,3643850.581421158,,,,,,,,,,,,,,,,,,
2000,ESP,0.0,93077512.070004,41733148.0,84956358.828,5.525833333333334,4.11166666666667,152.79126213592198,0.578153,146.0919601372892,-4645892.8025466,15652.5359751821,0,0,0,79360387.340124,68859545.253972,58958139.181458,34884800.0,28957308.0,24386040.0,78442180.542,72049464.036,71809868.196,4.7275,4.833333333333333,6.401666666666666,2.72333333333333,4.34,5.48583333333333,142.13032113517542,132.86034353995527,126.6990291262135,0.608039,0.62306,0.642495,141.17325937022324,138.08577207508907,135.6939412944318,-3210683.85798732,-1554733.0464468,-626565.8183142599,14934.3636609189,14313.4050581335,13724.7489197756,1.414166666666664,2.00416666666667,0.4933333333333332,0.9158333333333362,0.1524965354828027,0.2046976189913786,0.088726773911959,0.0697723440134894,0.0433830105599187,0.1728459901674992,0.1528136027210179,0.0149699781599587,11285896.075179,9255753.235957792,39465343.59979671,31192540.091617376,23065395.187362,21969810.71428572,17276343.230769232,13763831.5,26769667.596857134,21944408.86707693,23513547.445999995,-6.212678571428572,-6.576602564102566,-5.425625000000001,-8.163321428571432,-7.050243589743591,-6.39644444444445,46.48447269906649,40.07714857337298,36.742153672933824,0.1100022857142856,0.1346404615384615,0.1669150833333333,33.19472334948746,32.42317728930355,32.533958717700145,-2243138.330884117,-632355.7900623353,320462.39124272193,2967.652014747744,2527.208289805601,2100.098164068344,1.9506428571428625,0.4736410256410274,0.9708194444444496,0.0420639201711257,0.0115345608203717,0.0035939021601583,-0.0467832279871711,0.0087205046410512,0.0454194054450895,-0.021511047549146,5662492.595549991,,,,,,,,,,,,,,,,,,
2001,ESP,0.0,103966924.699572,49425376.0,96745472.472,5.116666666666666,4.36083333333333,167.30769230769198,0.5404950000000001,151.3359826273017,-5102799.681787501,16181.1816495428,0,0,0,93077512.070004,79360387.340124,68859545.253972,41733148.0,34884800.0,28957308.0,84956358.828,78442180.542,72049464.036,5.525833333333334,4.7275,4.833333333333333,4.11166666666667,2.72333333333333,4.34,152.79126213592198,142.13032113517542,132.86034353995527,0.578153,0.608039,0.62306,146.0919601372892,141.17325937022324,138.08577207508907,-4645892.8025466,-3210683.85798732,-1554733.0464468,15652.5359751821,14934.3636609189,14313.4050581335,0.755833333333336,1.414166666666664,2.00416666666667,0.4933333333333332,0.1728459901674992,0.1963132367105444,0.0830443294792415,0.0750082101806221,0.0480885781657074,0.1169929490742942,0.1644273738691196,0.0106196447439345,11903926.306668006,11285896.075179,50551445.4230236,39465343.59979671,31192540.091617376,27353504.666666664,21969810.71428572,17276343.230769232,31499201.3764,26769667.596857134,21944408.86707693,-5.000166666666666,-6.212678571428572,-6.576602564102566,-6.230766666666664,-8.163321428571432,-7.050243589743591,54.04644885320863,46.48447269906649,40.07714857337298,0.0727828,0.1100022857142856,0.1346404615384615,35.90044255992092,33.19472334948746,32.42317728930355,-3528804.720051123,-2243138.330884117,-632355.7900623353,3487.980861361095,2967.652014747744,2527.208289805601,1.2305999999999988,1.9506428571428625,0.4736410256410274,0.0594088091293133,0.0023262813380824,-0.0023452495697132,-0.0382057026780976,0.0128031790581934,0.0535393761743382,-0.0242066849998513,7220761.0518087,,,,,,,,,,,,,,,,,,
2002,ESP,0.0,116746912.563336,58961420.0,103940502.27,4.95916666666667,3.275,195.68707991038045,0.5124989999999999,156.03371014859266,-4651867.973385599,16368.2759640002,0,0,0,103966924.699572,93077512.070004,79360387.340124,49425376.0,41733148.0,34884800.0,96745472.472,84956358.828,78442180.542,5.116666666666666,5.525833333333334,4.7275,4.36083333333333,4.11166666666667,2.72333333333333,167.30769230769198,152.79126213592198,142.13032113517542,0.5404950000000001,0.578153,0.608039,151.3359826273017,146.0919601372892,141.17325937022324,-5102799.681787501,-4645892.8025466,-3210683.85798732,16181.1816495428,15652.5359751821,14934.3636609189,1.68416666666667,0.755833333333336,1.414166666666664,2.00416666666667,0.1169929490742943,0.1843193808432567,0.1387667010054878,0.0950082483045155,0.0337738035037194,0.1229235922933538,0.147445158241532,0.0282670808338079,12304898.829920404,11903926.306668006,58281392.71365263,50551445.4230236,39465343.59979671,33336138.625,27353504.666666664,21969810.71428572,41319614.934375,31499201.3764,26769667.596857134,-5.0968229166666665,-5.000166666666666,-6.212678571428572,-5.592177083333338,-6.230766666666664,-8.163321428571432,65.18497597165307,54.04644885320863,46.48447269906649,0.030575875,0.0727828,0.1100022857142856,38.90068738993837,35.90044255992092,33.19472334948746,-3765161.3042888287,-3528804.720051123,-2243138.330884117,3798.627731886727,3487.980861361095,2967.652014747744,0.4953541666666709,1.2305999999999988,1.9506428571428625,-0.0004048192391791,-0.009822659951744,0.0535334719278471,-0.0156586177089977,-0.0023651408743408,0.0327329193914407,-0.0048301999814171,7283348.125466267,,,,,,,,,,,,,,,,,,
2003,ESP,0.0,133476920.372928,71693168.0,113718341.946,4.1241666666666665,2.3116666666666665,234.77408513816235,0.477117,160.7764507384674,-5183254.80514908,16555.1049798743,0,0,0,116746912.563336,103966924.699572,93077512.070004,58961420.0,49425376.0,41733148.0,103940502.27,96745472.472,84956358.828,4.95916666666667,5.116666666666666,5.525833333333334,3.275,4.36083333333333,4.11166666666667,195.68707991038045,167.30769230769198,152.79126213592198,0.5124989999999999,0.5404950000000001,0.578153,156.03371014859266,151.3359826273017,146.0919601372892,-4651867.973385599,-5102799.681787501,-4645892.8025466,16368.2759640002,16181.1816495428,15652.5359751821,1.8125,1.68416666666667,0.755833333333336,1.414166666666664,0.1229235922933538,0.1929382186187111,0.0743707133176942,0.1696239259011268,0.0115624630209059,0.1433015010184175,0.1375875105117157,0.0306783869030938,13397821.277253604,12304898.829920404,67633063.35896647,58281392.71365263,50551445.4230236,40911233.294117644,33336138.625,27353504.666666664,46084079.148,41319614.934375,31499201.3764,-4.954509803921566,-5.0968229166666665,-5.000166666666666,-6.349058823529411,-5.592177083333338,-6.230766666666664,89.72995322306784,65.18497597165307,54.04644885320863,0.0007812941176469,0.030575875,0.0727828,41.31013918240943,38.90068738993837,35.90044255992092,-3092749.5191640547,-3765161.3042888287,-3528804.720051123,3762.273356233143,3798.627731886727,3487.980861361095,1.3945490196078478,0.4953541666666709,1.2305999999999988,0.0055511251823289,-0.0005899059293056,-0.0142083577554368,0.0599357234944258,-0.0244286600525079,0.0206930770355284,-0.0020968805800367,7164081.496899647,,,,,,,,,,,,,,,,,,
2004,ESP,0.0,157350792.62166,88457840.0,123331958.64,4.10333333333333,2.040833333333333,277.81926811052966,0.453655,165.6624147283815,-7839165.96626724,16814.7121295838,0,0,0,133476920.372928,116746912.563336,103966924.699572,71693168.0,58961420.0,49425376.0,113718341.946,103940502.27,96745472.472,4.1241666666666665,4.95916666666667,5.116666666666666,2.3116666666666665,3.275,4.36083333333333,234.77408513816235,195.68707991038045,167.30769230769198,0.477117,0.5124989999999999,0.5404950000000001,160.7764507384674,156.03371014859266,151.3359826273017,-5183254.80514908,-4651867.973385599,-5102799.681787501,16555.1049798743,16368.2759640002,16181.1816495428,2.0624999999999964,1.8125,1.68416666666667,0.755833333333336,0.1433015010184175,0.2159335375572705,0.0940715068953649,0.1997423909932261,0.0114140924972798,0.1788614254961049,0.1277393474620218,0.0137995869406505,17688161.1575856,13397821.277253604,80605678.759727,67633063.35896647,58281392.71365263,51370135.0,40911233.294117644,33336138.625,53301692.20466667,46084079.148,41319614.934375,-5.514259259259259,-4.954509803921566,-5.0968229166666665,-6.959666666666668,-6.349058823529411,-5.592177083333338,123.8319610495682,89.72995322306784,65.18497597165307,-0.0346441111111111,0.0007812941176469,0.030575875,43.75787203992808,41.31013918240943,38.90068738993837,-3452316.933196199,-3092749.5191640547,-3765161.3042888287,3740.087185649847,3762.273356233143,3798.627731886727,1.4454074074074086,1.3945490196078478,0.4953541666666709,0.0256024971319615,0.0224401133580363,0.0063282215725536,0.0865285577927354,-0.0231400505730454,0.009551596671114,-0.0188446255062276,7779398.511106204,0.016271,0.286076,1.0,,,,0.021623,0.208487,1.0,,,,,,,,,
2005,ESP,0.0,200098562.612652,118081120.0,137604716.106,3.3875,2.086666666666667,318.38125466766155,0.424302,171.2419891842005,-11192865.549517078,17105.212509267,0,0,1,157350792.62166,133476920.372928,116746912.563336,88457840.0,71693168.0,58961420.0,123331958.64,113718341.946,103940502.27,4.10333333333333,4.1241666666666665,4.95916666666667,2.040833333333333,2.3116666666666665,3.275,277.81926811052966,234.77408513816235,195.68707991038045,0.453655,0.477117,0.5124989999999999,165.6624147283815,160.7764507384674,156.03371014859266,-7839165.96626724,-5183254.80514908,-4651867.973385599,16814.7121295838,16555.1049798743,16368.2759640002,1.3008333333333333,2.0624999999999964,1.8125,1.68416666666667,0.178861425496105,0.2338391853460848,0.0845388398167562,0.1833472503876892,0.0156813955589589,0.2716717804769901,0.1483621729359587,0.0283102118686428,27392882.239668008,17688161.1575856,100237146.8632102,80605678.759727,67633063.35896647,65431115.68421053,51370135.0,40911233.294117644,60109956.677368425,53301692.20466667,46084079.148,-5.244868421052635,-5.514259259259259,-4.954509803921566,-6.864201754385965,-6.959666666666668,-6.349058823529411,160.3596723877477,123.8319610495682,89.72995322306784,-0.0562827368421053,-0.0346441111111111,0.0007812941176469,46.34079013300386,43.75787203992808,41.31013918240943,-5926527.203093506,-3452316.933196199,-3092749.5191640547,3802.847641377777,3740.087185649847,3762.273356233143,1.6193333333333308,1.4454074074074086,1.3945490196078478,0.0597400606578734,0.0390990881825154,-0.0035560133711968,0.065326275087602,-0.0175871891461971,0.0296125635173383,-0.0032254931955161,11583525.98449406,0.017794,0.211988,1.0,0.017794,0.211988,1.0,0.057021,0.16394,1.0,0.016271,,,,,,0.021623,,
2006,ESP,0.0,251014164.10686,147058736.0,155406853.40399998,3.785,2.8275,361.7017708602335,0.3906389999999999,177.2614640829975,-14783125.511439782,17520.684152159,0,1,1,200098562.612652,157350792.62166,133476920.372928,118081120.0,88457840.0,71693168.0,137604716.106,123331958.64,113718341.946,3.3875,4.10333333333333,4.1241666666666665,2.086666666666667,2.040833333333333,2.3116666666666665,318.38125466766155,277.81926811052966,234.77408513816235,0.424302,0.453655,0.477117,171.2419891842005,165.6624147283815,160.7764507384674,-11192865.549517078,-7839165.96626724,-5183254.80514908,17105.212509267,16814.7121295838,16555.1049798743,0.9575,1.3008333333333333,2.0624999999999964,1.8125,0.2716717804769901,0.3348858620106482,0.1157263504398036,0.1460013440860207,0.0172765598033696,0.2544526099009001,0.1979449023305042,0.0662787030510917,39535950.1192788,27392882.239668008,137973059.5110417,100237146.8632102,80605678.759727,91782839.9,65431115.68421053,51370135.0,71377216.30950001,60109956.677368425,53301692.20466667,-5.698458333333334,-5.244868421052635,-5.514259259259259,-6.475158333333336,-6.864201754385965,-6.959666666666668,192.9036753254922,160.3596723877477,123.8319610495682,-0.0828216,-0.0562827368421053,-0.0346441111111111,49.603325082172674,46.34079013300386,43.75787203992808,-8983900.42618867,-5926527.203093506,-3452316.933196199,3903.205638992087,3802.847641377777,3740.087185649847,0.7767000000000011,1.6193333333333308,1.4454074074074086,0.149406201919923,0.1380879181006306,0.0278186558503345,0.0245421437813229,-0.015066383367776,0.0775501504942538,0.0349221920533502,20606863.18513564,,,,0.025383666666666665,0.24225033333333332,3.0,,,,0.017794,0.016271,,0.017794,,,0.057021,0.021623,
2007,ESP,0.0,292874730.33588,169511504.0,178454808.51,4.307499999999999,3.8475,397.1785621098264,0.357646,182.20267138435537,-16879000.89533328,17802.3340562168,1,1,1,251014164.10686,200098562.612652,157350792.62166,147058736.0,118081120.0,88457840.0,155406853.40399998,137604716.106,123331958.64,3.785,3.3875,4.10333333333333,2.8275,2.086666666666667,2.040833333333333,361.7017708602335,318.38125466766155,277.81926811052966,0.3906389999999999,0.424302,0.453655,177.2614640829975,171.2419891842005,165.6624147283815,-14783125.511439782,-11192865.549517078,-7839165.96626724,17520.684152159,17105.212509267,16814.7121295838,0.4599999999999995,0.9575,1.3008333333333333,2.0624999999999964,0.2544526099009001,0.2454043118832206,0.1293715637208727,0.1360649082113567,0.0242891833508009,0.1667657535500641,0.2349952719579984,0.0493698440121871,45748741.46368678,39535950.1192788,182318515.3142477,137973059.5110417,100237146.8632102,116389844.47619048,91782839.9,65431115.68421053,85780438.54514284,71377216.30950001,60109956.677368425,-5.029603174603174,-5.698458333333334,-5.244868421052635,-5.425984126984128,-6.475158333333336,-6.864201754385965,227.03830221685027,192.9036753254922,160.3596723877477,-0.1125407142857143,-0.0828216,-0.0562827368421053,53.2607368818186,49.603325082172674,46.34079013300386,-12146355.605911912,-8983900.42618867,-5926527.203093506,4132.8103466939865,3903.205638992087,3802.847641377777,0.3963809523809535,0.7767000000000011,1.6193333333333308,0.1247167212478369,0.0417019720681714,0.0400729363388868,0.0133786007175928,-0.0073004406519559,0.1105189332536294,0.0161753229063746,31605105.3322389,,,,0.122144,0.212155,1.0,,,,,0.017794,0.016271,0.025383666666666665,0.017794,,,0.057021,0.021623
2008,ESP,1.0,311122127.717742,177125984.0,196494212.244,4.36666666666667,3.85,391.5060128537649,0.39712,189.6277816521101,-16436014.26817878,17681.9141763058,0,0,0,292874730.33588,251014164.10686,200098562.612652,169511504.0,147058736.0,118081120.0,178454808.51,155406853.40399998,137604716.106,4.307499999999999,3.785,3.3875,3.8475,2.8275,2.086666666666667,397.1785621098264,361.7017708602335,318.38125466766155,0.357646,0.3906389999999999,0.424302,182.20267138435537,177.2614640829975,171.2419891842005,-16879000.89533328,-14783125.511439782,-11192865.549517078,17802.3340562168,17520.684152159,17105.212509267,0.5166666666666697,0.4599999999999995,0.9575,1.3008333333333333,0.1667657535500642,0.1526789132744891,0.148307198821431,0.0980829902082552,0.0160752800296953,0.062304444500675,0.2309633813093181,0.0562594571273925,37493126.15442901,45748741.46368678,215891876.30171096,182318515.3142477,137973059.5110417,133552165.0,116389844.47619048,91782839.9,104929282.8081818,85780438.54514284,71377216.30950001,-4.278484848484849,-5.029603174603174,-5.698458333333334,-4.159348484848486,-5.425984126984128,-6.475158333333336,252.19517063840448,227.03830221685027,192.9036753254922,-0.1404182272727273,-0.1125407142857143,-0.0828216,55.78100159763926,53.2607368818186,49.603325082172674,-13690123.916809414,-12146355.605911912,-8983900.42618867,4226.605234992972,4132.8103466939865,3903.205638992087,-0.1191363636363631,0.3963809523809535,0.7767000000000011,0.0310909734090088,-0.0530092347342824,0.0571003363756886,-0.0252403935101559,-0.0151667039420159,0.1009610959422677,0.0222561698762613,36154470.08021325,,,,0.161903,0.286378,1.0,,,,,,0.017794,0.122144,0.025383666666666665,0.017794,,,0.057021
2009,ESP,0.0,305657287.865028,178860896.0,193540694.358,3.97916666666667,0.675833333333334,365.639187524166,0.532613,189.08353273196053,-7273384.998596641,16888.1328330741,0,0,0,311122127.717742,292874730.33588,251014164.10686,177125984.0,169511504.0,147058736.0,196494212.244,178454808.51,155406853.40399998,4.36666666666667,4.307499999999999,3.785,3.85,3.8475,2.8275,391.5060128537649,397.1785621098264,361.7017708602335,0.39712,0.357646,0.3906389999999999,189.6277816521101,182.20267138435537,177.2614640829975,-16436014.26817878,-16879000.89533328,-14783125.511439782,17681.9141763058,17802.3340562168,17520.684152159,3.3033333333333363,0.5166666666666697,0.4599999999999995,0.9575,0.0623044445006751,0.0449201371017273,0.1010866778240337,-0.0142821133797571,-0.0067642748153548,-0.0175649346859437,0.1611742693172131,0.0961960388405506,18217676.86563661,37493126.15442901,224752670.3661073,215891876.30171096,182318515.3142477,135360029.13043478,133552165.0,116389844.47619048,118406543.8113913,104929282.8081818,85780438.54514284,-4.033297101449272,-4.278484848484849,-5.029603174603174,-3.976007246376813,-4.159348484848486,-5.425984126984128,235.5576139632819,252.19517063840448,227.03830221685027,-0.0948390869565217,-0.1404182272727273,-0.1125407142857143,60.780850926366185,55.78100159763926,53.2607368818186,-12651914.5106632,-13690123.916809414,-12146355.605911912,3922.4199100822752,4226.605234992972,4132.8103466939865,-0.0572898550724597,-0.1191363636363631,0.3963809523809535,-0.074783561704426,-0.1583585002373042,0.0072843455430328,-0.1364582064840704,-0.0373168631533382,0.0263643127148165,0.061132933976264,26091131.266944826,,,,,,,,,,,,,0.161903,0.122144,0.025383666666666665,,,
2010,ESP,0.0,306807457.71178794,176268560.0,183856696.386,4.25083333333333,0.453333333333333,359.17915477189007,0.605153,192.48611150718125,-6525366.25368144,16840.7465287583,0,0,0,305657287.865028,311122127.717742,292874730.33588,178860896.0,177125984.0,169511504.0,193540694.358,196494212.244,178454808.51,3.97916666666667,4.36666666666667,4.307499999999999,0.675833333333334,3.85,3.8475,365.639187524166,391.5060128537649,397.1785621098264,0.532613,0.39712,0.357646,189.08353273196053,189.6277816521101,182.20267138435537,-7273384.998596641,-16436014.26817878,-16879000.89533328,16888.1328330741,17681.9141763058,17802.3340562168,3.7974999999999968,3.3033333333333363,0.5166666666666697,0.4599999999999995,-0.0175649346859437,0.0097947910341601,-0.0150310681025679,-0.0660700589016514,-0.0448922744063187,0.0037629393848046,0.0705017544549318,0.0924383447182753,3633334.2275010175,18217676.86563661,209923135.91480556,224752670.3661073,215891876.30171096,131454939.91666666,135360029.13043478,133552165.0,110519419.93324998,118406543.8113913,104929282.8081818,-4.252743055555552,-4.033297101449272,-4.278484848484849,-6.984506944444444,-3.976007246376813,-4.159348484848486,199.8758880518796,235.5576139632819,252.19517063840448,0.0446055416666666,-0.0948390869565217,-0.1404182272727273,57.70406655095135,60.780850926366185,55.78100159763926,-2962122.1364700957,-12651914.5106632,-13690123.916809414,2965.204403930482,3922.4199100822752,4226.605234992972,2.7317638888888927,-0.0572898550724597,-0.1191363636363631,-0.1514014816865048,-0.1865986941206407,-0.1091501110593529,-0.1823131865066572,-0.0738223904332874,-0.0655065799981381,0.0545964701277949,5573247.155916948,,,,0.160193,0.108038,1.0,0.160193,0.108038,1.0,,,,,0.161903,0.122144,,,
2011,ESP,0.0,296592015.368418,165691344.0,175204957.158,5.44,1.0175,331.7240156398179,0.6985039999999999,198.6385795631577,-4821351.16891032,16641.4906711182,0,0,0,306807457.71178794,305657287.865028,311122127.717742,176268560.0,178860896.0,177125984.0,183856696.386,193540694.358,196494212.244,4.25083333333333,3.97916666666667,4.36666666666667,0.453333333333333,0.675833333333334,3.85,359.17915477189007,365.639187524166,391.5060128537649,0.605153,0.532613,0.39712,192.48611150718125,189.08353273196053,189.6277816521101,-6525366.25368144,-7273384.998596641,-16436014.26817878,16840.7465287583,16888.1328330741,17681.9141763058,4.4225,3.7974999999999968,3.3033333333333363,0.5166666666666697,0.0037629393848047,-0.0144935872399968,-0.0500359782428345,-0.0176677800758129,-0.0028058936286312,-0.0332959388261228,0.0161674830665119,0.0413543705172441,-4244016.720121227,3633334.2275010175,202676380.32497323,209923135.91480556,224752670.3661073,123604406.32,131454939.91666666,135360029.13043478,96414645.16392,110519419.93324998,118406543.8113913,-3.81096666666667,-4.252743055555552,-4.033297101449272,-6.927626666666668,-6.984506944444444,-3.976007246376813,185.4208197775285,199.8758880518796,235.5576139632819,0.11536132,0.0446055416666666,-0.0948390869565217,58.79848266413401,57.70406655095135,60.780850926366185,-2095618.5060960904,-2962122.1364700957,-12651914.5106632,2799.2099234574616,2965.204403930482,3922.4199100822752,3.1166599999999973,2.7317638888888927,-0.0572898550724597,-0.1237652125454852,-0.2031121268064376,-0.1396070999054797,-0.126314524909708,-0.0286600767208796,-0.1169927392127259,0.00113873635599,-9264424.898396682,,,,,,,,,,,,,0.160193,,0.161903,0.160193,,
2012,ESP,0.0,267038617.57419,144446096.0,176711915.16,5.845,0.27,282.6998416087512,0.863068,203.49589887306388,147541.97686404,16117.7703341578,0,0,0,296592015.368418,306807457.71178794,305657287.865028,165691344.0,176268560.0,178860896.0,175204957.158,183856696.386,193540694.358,5.44,4.25083333333333,3.97916666666667,1.0175,0.453333333333333,0.675833333333334,331.7240156398179,359.17915477189007,365.639187524166,0.6985039999999999,0.605153,0.532613,198.6385795631577,192.48611150718125,189.08353273196053,-4821351.16891032,-6525366.25368144,-7273384.998596641,16641.4906711182,16840.7465287583,16888.1328330741,5.574999999999999,4.4225,3.7974999999999968,3.3033333333333363,-0.0332959388261228,-0.0600062540931859,-0.0470569709891666,-0.0764385648980898,-0.0118317710737963,-0.099643268405313,-0.0156993113757539,0.0185997453292976,-12607145.32158838,-4244016.720121227,184665692.5844889,202676380.32497323,209923135.91480556,108273174.6923077,123604406.32,131454939.91666666,84054650.3526923,96414645.16392,110519419.93324998,-2.4752243589743594,-3.81096666666667,-4.252743055555552,-6.097012820512821,-6.927626666666668,-6.984506944444444,150.83411065401293,185.4208197775285,199.8758880518796,0.204275346153846,0.11536132,0.0446055416666666,62.689470617643735,58.79848266413401,57.70406655095135,-311002.70955204405,-2095618.5060960904,-2962122.1364700957,2492.2921456843837,2799.2099234574616,2965.204403930482,3.621788461538463,3.1166599999999973,2.7317638888888927,-0.1558734822545934,-0.2405003085873693,-0.1310438086555926,-0.1800327287355966,-0.0365395510972095,-0.1439848361877949,-0.0216633361801226,-16738974.763479942,0.134287,0.130523,1.0,,,,,,,,,,,0.160193,,,0.160193,
2013,ESP,0.0,240967542.988986,127100681.738052,167475661.914,4.56166666666666,0.149166666666667,256.89975219712204,0.957822,206.362412922423,3459945.6630446394,15935.3071380821,0,0,0,267038617.57419,296592015.368418,306807457.71178794,144446096.0,165691344.0,176268560.0,176711915.16,175204957.158,183856696.386,5.845,5.44,4.25083333333333,0.27,1.0175,0.453333333333333,282.6998416087512,331.7240156398179,359.17915477189007,0.863068,0.6985039999999999,0.605153,203.49589887306388,198.6385795631577,192.48611150718125,147541.97686404,-4821351.16891032,-6525366.25368144,16117.7703341578,16641.4906711182,16840.7465287583,4.412499999999993,5.574999999999999,4.4225,3.7974999999999968,-0.0996432684053129,-0.1282218339661726,0.0086011150965382,-0.1477860260931382,-0.0314707586784478,-0.0976303533250609,-0.043058755948877,0.0523898406278593,-22707314.19626339,-12607145.32158838,148272824.6945391,184665692.5844889,202676380.32497323,83017809.1111111,108273174.6923077,123604406.32,82448473.15644445,84054650.3526923,96414645.16392,-1.97854938271605,-2.4752243589743594,-3.81096666666667,-6.618697530864198,-6.097012820512821,-6.927626666666668,96.223488080205,150.83411065401293,185.4208197775285,0.3612735925925925,0.204275346153846,0.11536132,65.22495768245204,62.689470617643735,58.79848266413401,4669409.055094614,-311002.70955204405,-2095618.5060960904,1876.2646922171532,2492.2921456843837,2799.2099234574616,4.640148148148148,3.621788461538463,3.1166599999999973,-0.2162256779009145,-0.299465876591611,-0.0703455760831342,-0.244455854210045,-0.0547731713519682,-0.1655848873134062,0.0129932925656439,-24404646.083135437,,,,,,,0.021451,0.133304,1.0,0.134287,,,,,0.160193,,,0.160193
2014,ESP,0.0,229629484.986,118839037.482,174117125.49,2.72333333333333,0.115,257.70089487549143,1.007005,206.0514135394804,2917805.53038612,16223.9740631564,0,0,0,240967542.988986,267038617.57419,296592015.368418,127100681.738052,144446096.0,165691344.0,167475661.914,176711915.16,175204957.158,4.56166666666666,5.845,5.44,0.149166666666667,0.27,1.0175,256.89975219712204,282.6998416087512,331.7240156398179,0.957822,0.863068,0.6985039999999999,206.362412922423,203.49589887306388,198.6385795631577,3459945.6630446394,147541.97686404,-4821351.16891032,15935.3071380821,16117.7703341578,16641.4906711182,2.60833333333333,4.412499999999993,5.574999999999999,4.4225,-0.0976303533250609,-0.1200822641959669,-0.0522672918667494,-0.0912631901907315,-0.0113206226601338,-0.0470522206532363,-0.0768565201854989,0.037737993362859,-22695866.57324581,-22707314.19626339,116906292.08453012,148272824.6945391,184665692.5844889,62707473.09519485,83017809.1111111,108273174.6923077,70267631.58342858,82448473.15644445,84054650.3526923,-3.191220238095245,-1.97854938271605,-2.4752243589743594,-6.503148809523809,-6.618697530864198,-6.097012820512821,66.98684552285425,96.223488080205,150.83411065401293,0.4431249642857143,0.3612735925925925,0.204275346153846,65.7620089574379,65.22495768245204,62.689470617643735,7815048.132164692,4669409.055094614,-311002.70955204405,1626.7920428479829,1876.2646922171532,2492.2921456843837,3.311928571428566,4.640148148148148,3.621788461538463,-0.2062044043798879,-0.280234978058753,-0.1286085913396392,-0.1788790977813404,-0.0325943993576554,-0.193014002037974,-0.0021582967211119,-33528629.114485025,,,,0.054504,0.179664,1.0,,,,,0.134287,,,,,0.021451,,
2015,ESP,0.0,220814687.478,113414354.724,184357684.632,1.73583333333333,-0.0758333333333333,266.9389619044314,0.99303,205.02020505919705,3632534.726132399,16886.7171082425,0,0,0,229629484.986,240967542.988986,267038617.57419,118839037.482,127100681.738052,144446096.0,174117125.49,167475661.914,176711915.16,2.72333333333333,4.56166666666666,5.845,0.115,0.149166666666667,0.27,257.70089487549143,256.89975219712204,282.6998416087512,1.007005,0.957822,0.863068,206.0514135394804,206.362412922423,203.49589887306388,2917805.53038612,3459945.6630446394,147541.97686404,16223.9740631564,15935.3071380821,16117.7703341578,1.8116666666666632,2.60833333333333,4.412499999999993,5.574999999999999,-0.0470522206532363,-0.0650007863299964,0.0396562909505647,0.003118503118503,0.0181149269714698,-0.0383870455857942,-0.0814419474612034,0.0297993781684288,-15000984.829155589,-22695866.57324581,101536982.63035344,116906292.08453012,148272824.6945391,52283502.18068786,62707473.09519485,83017809.1111111,74486073.38068967,70267631.58342858,82448473.15644445,-4.919511494252876,-3.191220238095245,-1.97854938271605,-6.313068965517242,-6.503148809523809,-6.618697530864198,65.47809697629762,66.98684552285425,96.223488080205,0.4770277931034484,0.4431249642857143,0.3612735925925925,63.18335409320432,65.7620089574379,65.22495768245204,7003423.581155665,7815048.132164692,4669409.055094614,1859.3626905826968,1626.7920428479829,1876.2646922171532,1.3935574712643652,3.311928571428566,4.640148148148148,-0.1482618286944959,-0.2151451081192557,-0.0320918445459092,-0.0781088652656294,-0.0019947640347069,-0.1904507625715313,-0.0100169749999454,-32227618.833218016,,,,,,,0.047871,0.149898,1.0,,,0.134287,0.054504,,,,0.021451,
2016,ESP,0.0,212331830.04,108384838.716,195650801.61,1.39333333333,-0.2075,279.2788519161437,0.991663,204.6048571990829,5885997.6599424,17373.7168394817,0,0,0,220814687.478,229629484.986,240967542.988986,113414354.724,118839037.482,127100681.738052,184357684.632,174117125.49,167475661.914,1.73583333333333,2.72333333333333,4.56166666666666,-0.0758333333333333,0.115,0.149166666666667,266.9389619044314,257.70089487549143,256.89975219712204,0.99303,1.007005,0.957822,205.02020505919705,206.0514135394804,206.362412922423,3632534.726132399,2917805.53038612,3459945.6630446394,16886.7171082425,16223.9740631564,15935.3071380821,1.60083333333,1.8116666666666632,2.60833333333333,4.412499999999993,-0.0383870455857941,-0.0456473131467566,0.0588141982770565,0.0358480207583421,0.0408496119696805,-0.0384161829762575,-0.0610232065213638,0.0319974016533831,-9472193.635495776,-15000984.829155589,89337619.03467499,101536982.63035344,116906292.08453012,45116036.01666492,52283502.18068786,62707473.09519485,82243763.41000001,74486073.38068967,70267631.58342858,-5.7430277777777805,-4.919511494252876,-3.191220238095245,-6.293466666666668,-6.313068965517242,-6.503148809523809,72.53356077269433,65.47809697629762,66.98684552285425,0.4471518666666666,0.4770277931034484,0.4431249642857143,60.04603380981413,63.18335409320432,65.7620089574379,7484705.324196756,7003423.581155665,7815048.132164692,2460.126979316041,1859.3626905826968,1626.7920428479829,0.5504388888888865,1.3935574712643652,3.311928571428566,-0.1344841767755193,-0.1883728381043173,-0.0118273218902482,-0.0426859384786997,0.0208087059302178,-0.1632302086827085,-0.0074612024078501,-23339121.57678639,0.045231,0.106392,1.0,,,,0.0770355,0.1078235,2.0,,,,,0.054504,,0.047871,,0.021451
2017,ESP,0.0,208638726.384,,198342427.932,1.555,-0.286222222222222,296.5831268609097,0.985566,208.60692820589696,5358786.12179064,17874.2695008575,0,0,0,212331830.04,220814687.478,229629484.986,108384838.716,113414354.724,118839037.482,195650801.61,184357684.632,174117125.49,1.39333333333,1.73583333333333,2.72333333333333,-0.2075,-0.0758333333333333,0.115,279.2788519161437,266.9389619044314,257.70089487549143,0.991663,0.99303,1.007005,204.6048571990829,205.02020505919705,206.0514135394804,5885997.6599424,3632534.726132399,2917805.53038612,17373.7168394817,16886.7171082425,16223.9740631564,1.8412222222222216,1.60083333333,1.8116666666666632,2.60833333333333,-0.0384161829762576,-0.0443463794352981,0.0612565567881935,0.0462273844315398,0.0288392189030923,-0.0173930759947967,-0.0412851497384293,0.0049944511659629,-7145513.324399997,-9472193.635495776,77972902.91813707,89337619.03467499,101536982.63035344,38631164.00812735,45116036.01666492,52283502.18068786,90883855.76187097,82243763.41000001,74486073.38068967,-5.900268817207634,-5.7430277777777805,-4.919511494252876,-6.2221182795698935,-6.293466666666668,-6.313068965517242,82.53365850141651,72.53356077269433,65.47809697629762,0.4313606129032259,0.4471518666666666,0.4770277931034484,57.69371711712535,60.04603380981413,63.18335409320432,9496726.150774604,7484705.324196756,7003423.581155665,2867.7677757385954,2460.126979316041,1859.3626905826968,0.3218494623622592,0.5504388888888865,1.3935574712643652,-0.1300305082734655,-0.1807928097893816,-0.0089907193161029,-0.0308837101895452,0.0081046893326223,-0.1378635240141634,-0.0342068700536203,-16976790.326812778,0.022925,0.3103875,2.0,,,,,,,0.045231,,,,,0.054504,0.0770355,0.047871,
1989,FIN,0.0,353458.0,117617.5,258565.75983147003,12.089166666666667,13.9966666666667,106.40518390879478,0.14232,94.248,-24866.020516383905,16945.69265407891,0,1,1,301779.0,230610.0,191911.0,100940.6016,79915.7031,68769.6016,237686.44896843,194617.0,173056.0,10.5575,8.9075,9.0833333,12.5566666666667,9.96583333333334,11.9025,87.17582410423455,63.82750390879478,56.90278364820847,0.16497,0.176015,0.1638619999999999,88.385,84.099,80.801,-11253.802099957202,-7601.386121450103,-3510.260292882,16087.91272770792,15382.232073173524,14819.458956445556,-1.9075000000000328,-1.9991666666666996,-1.058333333333339,-2.8191667,0.3086119422401457,0.2630884505100475,0.2213036321001249,0.3658034352839953,0.0458763494905981,0.1712478336796132,0.2093484808334164,0.0956472043375585,55580.99999999999,42896.90000000002,103709.0,48810.0,20222.0,30910.10029999999,14827.8027,7363.402399999992,61594.11563509668,27787.0,12452.0,1.0905555666666675,-0.8391666499999992,-1.3266667000000003,0.7802778888889197,-2.715833166666659,-1.5583329999999993,28.567545276872984,7.828837622149834,1.808234723127036,-0.0009046666666666,0.0152105,0.0061149999999999,7.24366666666667,4.436500000000009,2.277000000000001,-5893.4259086675,-3361.5148952406034,1459.221866655001,1179.99482244506,711.4712518659944,297.39627027605457,0.3102776777777465,1.8766665166666607,0.2316662999999987,0.1488951921100939,0.1220924928414619,0.1202426102554114,0.2885462105784969,0.016649245240845,0.0496317307033646,0.0363435515030701,-189635.62396012648,,,,,,,,,,,,,,,,,,
1990,FIN,0.0,388853.0,122572.0,270536.25047463,13.295833333333333,13.0791666666667,100.0,0.137941,100.0,-27322.1079341364,16866.375342680032,1,1,1,353458.0,301779.0,230610.0,117617.5,100940.6016,79915.7031,258565.75983147003,237686.44896843,194617.0,12.089166666666667,10.5575,8.9075,13.9966666666667,12.5566666666667,9.96583333333334,106.40518390879478,87.17582410423455,63.82750390879478,0.14232,0.16497,0.176015,94.248,88.385,84.099,-24866.020516383905,-11253.802099957202,-7601.386121450103,16945.69265407891,16087.91272770792,15382.232073173524,0.216666666666633,-1.9075000000000328,-1.9991666666666996,-1.058333333333339,0.1712478336796132,0.1652149693548092,0.0878439261205557,0.2205813366509507,0.0533182856526596,0.1001391961704079,0.2271701803727367,0.0721502251783429,52640.8,55580.99999999999,129460.75,103709.0,48810.0,39859.473625,30910.10029999999,14827.8027,67074.89758936252,61594.11563509668,27787.0,2.3495833416666674,1.0905555666666675,-0.8391666499999992,2.0252084166666897,0.7802778888889197,-2.715833166666659,40.65501876221498,28.567545276872984,7.828837622149834,-0.0233285,-0.0009046666666666,0.0152105,11.295749999999998,7.24366666666667,4.436500000000009,-18032.287847927328,-5893.4259086675,-3361.5148952406034,1742.7760432047835,1179.99482244506,711.4712518659944,0.3243749249999768,0.3102776777777465,1.8766665166666607,-0.0381006471538032,-0.0164784859275969,-0.0532979658092949,0.0471420417526201,0.0185414329892914,0.0426375648910026,-0.0053252034076805,12684.09999999997,,,,,,,,,,,,,,,,,,
1991,FIN,1.0,393441.0,125636.5,290637.54472998,11.676666666666668,13.2516666666667,85.25981237785014,0.218599,104.116,-27673.2732124212,15767.88816444247,0,0,0,388853.0,353458.0,301779.0,122572.0,117617.5,100940.6016,270536.25047463,258565.75983147003,237686.44896843,13.295833333333333,12.089166666666667,10.5575,13.0791666666667,13.9966666666667,12.5566666666667,100.0,106.40518390879478,87.17582410423455,0.137941,0.14232,0.16497,100.0,94.248,88.385,-27322.1079341364,-24866.020516383905,-11253.802099957202,16866.375342680032,16945.69265407891,16087.91272770792,-1.575000000000033,0.216666666666633,-1.9075000000000328,-1.9991666666666996,0.1001391961704078,0.0421238336131953,0.0462957301498936,-0.0601961640730303,-0.0046806768550582,0.0117988031466904,0.1933329906967222,0.1059765874323999,31038.10000000005,52640.8,138963.6,129460.75,103709.0,36842.07889999999,39859.473625,30910.10029999999,65630.40871464997,67074.89758936252,61594.11563509668,3.0863333399999977,2.3495833416666674,1.0905555666666675,0.7026667333333521,2.0252084166666897,0.7802778888889197,26.11883110097719,40.65501876221498,28.567545276872984,-0.0230418,-0.0233285,-0.0009046666666666,14.788600000000002,11.295749999999998,7.24366666666667,-16881.91769609436,-18032.287847927328,-5893.4259086675,1314.9035231649486,1742.7760432047835,1179.99482244506,2.383666606666647,0.3243749249999768,0.3102776777777465,-0.0996841228745578,-0.1354500001873116,-0.0815216703276332,-0.245420969409516,-0.0440928877657492,-0.005412146415346,0.0302762266489366,3401.849999999984,,,,,,,,,,,,,,,,,,
1992,FIN,0.0,366712.0,124493.0,287703.96911382,11.973333333333333,7.77333333333333,69.73201954397395,0.392182,106.825,-23505.7577745018,15136.1147699681,0,0,0,393441.0,388853.0,353458.0,125636.5,122572.0,117617.5,290637.54472998,270536.25047463,258565.75983147003,11.676666666666668,13.295833333333333,12.089166666666667,13.2516666666667,13.0791666666667,13.9966666666667,85.25981237785014,100.0,106.40518390879478,0.218599,0.137941,0.14232,104.116,100.0,94.248,-27673.2732124212,-27322.1079341364,-24866.020516383905,15767.88816444247,16866.375342680032,16945.69265407891,4.200000000000003,-1.575000000000033,0.216666666666633,-1.9075000000000328,0.0117988031466903,0.0250016316940247,0.0743016664867803,-0.1474018762214986,-0.06512882323079,-0.0679364885713487,0.0943952776655705,0.0798795517283046,4435.000000000012,31038.10000000005,120391.0,138963.6,129460.75,33766.23241666668,36842.07889999999,39859.473625,74793.30151755834,65630.40871464997,67074.89758936252,0.9527777833333352,3.0863333399999977,2.3495833416666674,0.7580556111111267,0.7026667333333521,2.0252084166666897,7.025504961997797,26.11883110097719,40.65501876221498,0.0614565,-0.0230418,-0.0233285,16.439833333333326,14.788600000000002,11.295749999999998,-14419.4300250301,-16881.91769609436,-18032.287847927328,-2.7342422667716164,1314.9035231649486,1742.7760432047835,0.1947221722222065,2.383666606666647,0.3243749249999768,-0.1680876913233636,-0.1254822020690199,-0.0372113999252199,-0.2835424876760811,-0.0957224565883311,-0.1029968228426612,-0.0033898657173928,-19334.79999999996,,,,,,,,,,,,,,,,,,
1993,FIN,0.0,332371.0,121235.0,278948.95303758,8.825,5.35,64.65979804560261,0.54142,109.069,-7445.2067181324,14942.82752697513,0,0,0,366712.0,393441.0,388853.0,124493.0,125636.5,122572.0,287703.96911382,290637.54472998,270536.25047463,11.973333333333333,11.676666666666668,13.295833333333333,7.77333333333333,13.2516666666667,13.0791666666667,69.73201954397395,85.25981237785014,100.0,0.392182,0.218599,0.137941,106.825,104.116,100.0,-23505.7577745018,-27673.2732124212,-27322.1079341364,15136.1147699681,15767.88816444247,16866.375342680032,3.475,4.200000000000003,-1.575000000000033,0.216666666666633,-0.0679364885713487,-0.0091016543759178,-0.010093587939182,-0.1821232348607677,-0.0400670900177396,-0.0936456947141081,0.0146671702485832,0.0840745478591827,-19617.499999999975,4435.000000000012,76463.28571428574,120391.0,138963.6,27798.98492857143,33766.23241666668,36842.07889999999,61174.968541747134,74793.30151755834,65630.40871464997,1.1133333380952362,0.9527777833333352,3.0863333399999977,-4.828571380952404,0.7580556111111267,0.7026667333333521,-9.505931437878075,7.025504961997797,26.11883110097719,0.22626,0.0614565,-0.0230418,16.80028571428572,16.439833333333326,14.788600000000002,-8191.996012106398,-14419.4300250301,-16881.91769609436,-634.1170307030297,-2.7342422667716164,1314.9035231649486,5.941904719047642,0.1947221722222065,2.383666606666647,-0.2198083678208421,-0.1386717877941258,-0.1154047543636456,-0.2710067650360033,-0.0547069806105589,-0.1621255656911163,0.0014831035569638,-41104.2,,,,,,,,,,,,,,,,,,
1994,FIN,0.0,278563.1875,117312.0,280881.24393882003,7.795691278920858,5.75,68.88181498371337,0.561439,110.254,4429.8619150317,15424.269176019065,0,0,0,332371.0,366712.0,393441.0,121235.0,124493.0,125636.5,278948.95303758,287703.96911382,290637.54472998,8.825,11.973333333333333,11.676666666666668,5.35,7.77333333333333,13.2516666666667,64.65979804560261,69.73201954397395,85.25981237785014,0.54142,0.392182,0.218599,109.069,106.825,104.116,-7445.2067181324,-23505.7577745018,-27673.2732124212,14942.82752697513,15136.1147699681,15767.88816444247,2.0456912789208577,3.475,4.200000000000003,-1.575000000000033,-0.093645694714108,-0.0261701461126328,-0.0304306405754742,-0.0727387723966996,-0.0127699377238124,-0.1618908162866195,-0.0499277933795887,0.0549806362200482,-37897.44375,-19617.499999999975,32564.375,76463.28571428574,120391.0,21066.111812500007,27798.98492857143,33766.23241666668,44773.081397788745,61174.968541747134,74793.30151755834,-2.174166662500001,1.1133333380952362,0.9527777833333352,-6.648333291666685,-4.828571380952404,0.7580556111111267,-13.38991150651465,-9.505931437878075,7.025504961997797,0.3472155,0.22626,0.0614565,16.944249999999997,16.80028571428572,16.439833333333326,8892.5545457763,-8191.996012106398,-14419.4300250301,-748.1396448581218,-634.1170307030297,-2.7342422667716164,4.474166629166684,5.941904719047642,0.1947221722222065,-0.2141163785606241,-0.1359300241316799,-0.119255413519417,-0.1229070504239348,-0.0195945453722661,-0.1996996017041022,-0.0278579920083313,-56935.85999999999,,,,,,,,,,,,,,,,,,
1995,FIN,0.0,280123.9063,113411.0,309090.7955982,8.124578754215836,3.625,66.15119218241043,0.551512,111.34,22435.8626055333,15976.987648516548,0,0,0,278563.1875,332371.0,366712.0,117312.0,121235.0,124493.0,280881.24393882003,278948.95303758,287703.96911382,7.795691278920858,8.825,11.973333333333333,5.75,5.35,7.77333333333333,68.88181498371337,64.65979804560261,69.73201954397395,0.561439,0.54142,0.392182,110.254,109.069,106.825,4429.8619150317,-7445.2067181324,-23505.7577745018,15424.269176019065,14942.82752697513,15136.1147699681,4.499578754215836,2.0456912789208577,3.475,4.200000000000003,-0.1618908162866194,-0.0323586423062646,0.0069270412389025,0.0652958571743928,0.0322189122624097,0.0056027460555962,-0.1078243331906921,0.0485554246804038,-31357.209360000023,-37897.44375,-24861.70138888888,32564.375,76463.28571428574,14802.432722222236,21066.111812500007,27798.98492857143,41730.58547705226,44773.081397788745,61174.968541747134,-2.9619013099680327,-2.174166662500001,1.1133333380952362,-5.509629592592608,-6.648333291666685,-4.828571380952404,-7.680126623235608,-13.38991150651465,-9.505931437878075,0.328655,0.3472155,0.22626,16.24655555555556,16.944249999999997,16.80028571428572,19779.561562743034,8892.5545457763,-8191.996012106398,-183.57136860773065,-748.1396448581218,-634.1170307030297,2.5477282826245764,4.474166629166684,5.941904719047642,-0.2555969528130574,-0.1251272673088518,-0.0669908050151131,0.0304909604501495,0.0278436227854892,-0.2290676269860481,-0.0303034904039283,-65726.49375000002,,,,,,,,,,,,,,,,,,
1996,FIN,0.0,274775.375,111559.0,305766.4190406,7.174004024173522,3.23166666666667,70.25320260586318,0.553057,111.982,21334.572138988504,16496.66914698524,0,0,0,280123.9063,278563.1875,332371.0,113411.0,117312.0,121235.0,309090.7955982,280881.24393882003,278948.95303758,8.124578754215836,7.795691278920858,8.825,3.625,5.75,5.35,66.15119218241043,68.88181498371337,64.65979804560261,0.551512,0.561439,0.54142,111.34,110.254,109.069,22435.8626055333,4429.8619150317,-7445.2067181324,15976.987648516548,15424.269176019065,14942.82752697513,3.942337357506852,4.499578754215836,2.0456912789208577,3.475,0.0056027460555963,-0.0332532051282051,0.1004323082018406,-0.0396421436042093,0.0358343378340949,-0.0190934482195601,-0.0833112549817104,0.084223653684451,-17122.615619999993,-31357.209360000023,-20814.812450000027,-24861.70138888888,32564.375,9421.189450000003,14802.432722222236,21066.111812500007,65767.07858872696,41730.58547705226,44773.081397788745,-2.3368237036762505,-2.9619013099680327,-2.174166662500001,-7.083666633333348,-5.509629592592608,-6.648333291666685,-9.64273676221498,-7.680126623235608,-13.38991150651465,0.2858625,0.328655,0.3472155,15.707899999999997,16.24655555555556,16.944249999999997,35807.60609697033,19779.561562743034,8892.5545457763,387.504240750528,-183.57136860773065,-748.1396448581218,4.746842929657097,2.5477282826245764,4.474166629166684,-0.0597037290471685,-0.1121188004298087,0.0339578847272819,-0.0778349248229136,0.0283653124921201,-0.1759210954038104,0.0091526749006099,-49796.76025285719,,,,,,,,,,,,,,,,,,
1997,FIN,0.0,274586.25,114380.0,325057.1021964,6.193905234353018,3.56833333333333,83.27799869706838,0.522151,113.34413300822072,31307.5305153072,17472.30353633621,0,0,0,274775.375,280123.9063,278563.1875,111559.0,113411.0,117312.0,305766.4190406,309090.7955982,280881.24393882003,7.174004024173522,8.124578754215836,7.795691278920858,3.23166666666667,3.625,5.75,70.25320260586318,66.15119218241043,68.88181498371337,0.553057,0.551512,0.561439,111.982,111.34,110.254,21334.572138988504,22435.8626055333,4429.8619150317,16496.66914698524,15976.987648516548,15424.269176019065,2.625571901019688,3.942337357506852,4.499578754215836,2.0456912789208577,-0.0190934482195601,-0.0163299856274964,-0.0107553398708173,0.0620096220207423,0.032526876148455,-0.0006882894800889,-0.0584605061501944,0.0904203920258415,-1727.9343799999792,-17122.615619999993,-24271.08807272726,-20814.812450000027,-24861.70138888888,6712.717681818176,9421.189450000003,14802.432722222236,56463.87670487911,65767.07858872696,41730.58547705226,-3.074959915202541,-2.3368237036762505,-2.9619013099680327,-6.8330302727272825,-7.083666633333348,-5.509629592592608,-4.664113905833588,-9.64273676221498,-7.680126623235608,0.26142,0.2858625,0.328655,14.921909090909082,15.707899999999997,16.24655555555556,31451.078712519145,35807.60609697033,19779.561562743034,871.9580809691743,387.504240750528,-183.57136860773065,3.758070357524741,4.746842929657097,2.5477282826245764,-0.0784295504176082,-0.0839837008861191,-0.0806255518181042,0.0316003332843293,0.0222213195572681,-0.1315235581940933,0.0143324493641548,-29337.57148125,,,,,,,,,,,,,,,,,,
1998,FIN,0.0,308507.8438,125003.0,326883.6304524,4.7208841670803405,2.9635,91.63015504885992,0.468268,114.8732170266128,33709.35452550121,18306.525379931536,0,0,0,274586.25,274775.375,280123.9063,114380.0,111559.0,113411.0,325057.1021964,305766.4190406,309090.7955982,6.193905234353018,7.174004024173522,8.124578754215836,3.56833333333333,3.23166666666667,3.625,83.27799869706838,70.25320260586318,66.15119218241043,0.522151,0.553057,0.551512,113.34413300822072,111.982,111.34,31307.5305153072,21334.572138988504,22435.8626055333,17472.30353633621,16496.66914698524,15976.987648516548,1.7573841670803407,2.625571901019688,3.942337357506852,4.499578754215836,-0.0006882894800889,0.0252870678295789,0.063089606819245,0.1853978980044132,0.0591412957766244,0.1235371173902553,-0.0047263305480175,0.0128337381408837,8496.268749999985,-1727.9343799999792,-22437.622399999997,-24271.08807272726,-20814.812450000027,8974.324541666661,6712.717681818176,9421.189450000003,71049.23680193914,56463.87670487911,65767.07858872696,-3.798812045422834,-3.074959915202541,-2.3368237036762505,-5.926944416666682,-6.8330302727272825,-7.083666633333348,8.74935834419108,-4.664113905833588,-9.64273676221498,0.208729,0.26142,0.2858625,15.040549674887371,14.921909090909082,15.707899999999997,38803.11386279458,31451.078712519145,35807.60609697033,1774.9292969060443,871.9580809691743,387.504240750528,2.128132371243848,3.758070357524741,4.746842929657097,-0.0528944325492635,-0.0347317655303056,0.0005489904917858,0.1521158516966976,0.0468156192256859,-0.0646370267725071,-0.0646874494572184,-10683.160076666652,,,,,,,,,,,,,,,,,,
1999,FIN,0.0,370875.4688,141085.0,347789.53062000003,4.636407247854343,4.39176666666667,99.5481263843648,0.4405469999999999,116.3788966977846,36560.770617546,18981.00269479072,0,0,0,308507.8438,274586.25,274775.375,125003.0,114380.0,111559.0,326883.6304524,325057.1021964,305766.4190406,4.7208841670803405,6.193905234353018,7.174004024173522,2.9635,3.56833333333333,3.23166666666667,91.63015504885992,83.27799869706838,70.25320260586318,0.468268,0.522151,0.553057,114.8732170266128,113.34413300822072,111.982,33709.35452550121,31307.5305153072,21334.572138988504,18306.525379931536,17472.30353633621,16496.66914698524,0.2446405811876735,1.7573841670803407,2.625571901019688,3.942337357506852,0.1235371173902552,0.0928746284315439,0.0056190996709754,0.1002924719909914,0.0477453841080793,0.2021589604717855,0.0345851265635354,0.0775824076133496,32222.187520000018,8496.268749999985,13209.942353846156,-22437.622399999997,-24271.08807272726,18906.99188461537,8974.324541666661,6712.717681818176,67410.43915009769,71049.23680193914,56463.87670487911,-4.979616801509138,-3.798812045422834,-3.074959915202541,-6.07585894871796,-5.926944416666682,-6.8330302727272825,16.428487131044847,8.74935834419108,-4.664113905833588,0.138789923076923,0.208729,0.26142,15.41266833367274,15.040549674887371,14.921909090909082,38220.08296046592,38803.11386279458,31451.078712519145,2472.618117662445,1774.9292969060443,871.9580809691743,1.0962421472088202,2.128132371243848,3.758070357524741,0.0757388437001859,0.0357501088658515,-0.0569672658641326,0.0543341047085509,0.0315184059550003,-0.0194494763179989,0.0059418972386309,609.3590609999756,,,,,,,,,,,,,,,,,,
2000,FIN,0.0,400266.0,154180.0,347028.47718,5.425407678087801,4.26178333333333,105.51792508143323,0.424547,119.81309457990804,58069.08120860281,19950.891924312196,0,0,0,370875.4688,308507.8438,274586.25,141085.0,125003.0,114380.0,347789.53062000003,326883.6304524,325057.1021964,4.636407247854343,4.7208841670803405,6.193905234353018,4.39176666666667,2.9635,3.56833333333333,99.5481263843648,91.63015504885992,83.27799869706838,0.4405469999999999,0.468268,0.522151,116.3788966977846,114.8732170266128,113.34413300822072,36560.770617546,33709.35452550121,31307.5305153072,18981.00269479072,18306.525379931536,17472.30353633621,1.1636243447544707,0.2446405811876735,1.7573841670803407,2.625571901019688,0.2021589604717856,0.1286529123301041,0.0639551761544825,0.0864122878683635,0.0368435462689481,0.079246360766582,0.1083359294606506,0.1022744288134278,43940.68750000001,32222.187520000018,74634.00004285714,13209.942353846156,-22437.622399999997,33638.49246428571,18906.99188461537,8974.324541666661,83501.30794983363,67410.43915009769,71049.23680193914,-4.708406806341626,-4.979616801509138,-3.798812045422834,-4.213602357142864,-6.07585894871796,-5.926944416666682,23.17299510004652,16.428487131044847,8.74935834419108,0.101155357142857,0.138789923076923,0.208729,15.817443123867918,15.41266833367274,15.040549674887371,38341.49312676315,38220.08296046592,38803.11386279458,2970.479852688592,2472.618117662445,1774.9292969060443,-0.4948044491987626,1.0962421472088202,2.128132371243848,0.148534621881702,0.0687783843901153,0.0057509079935385,0.0362743740698807,0.0181920753500999,0.0559221162722828,0.0301387603354899,24279.88155272728,,,,,,,,,,,,,,,,,,
2001,FIN,0.0,456364.5625,170474.0,367868.26083,4.932487369037506,3.31859166666667,104.16293941368076,0.409236,123.00700783056988,65998.78620026998,20360.39155957848,0,0,0,400266.0,370875.4688,308507.8438,154180.0,141085.0,125003.0,347028.47718,347789.53062000003,326883.6304524,5.425407678087801,4.636407247854343,4.7208841670803405,4.26178333333333,4.39176666666667,2.9635,105.51792508143323,99.5481263843648,91.63015504885992,0.424547,0.4405469999999999,0.468268,119.81309457990804,116.3788966977846,114.8732170266128,58069.08120860281,36560.770617546,33709.35452550121,19950.891924312196,18981.00269479072,18306.525379931536,1.6138957023708365,1.1636243447544707,0.2446405811876735,1.7573841670803407,0.079246360766582,0.0928163872842612,-0.0021882586248163,0.0599689709278752,0.0510978921986907,0.1401532043690945,0.1349808128762076,0.0622502643878264,47296.06873,43940.68750000001,99048.93124,74634.00004285714,13209.942353846156,44490.92629999999,33638.49246428571,18906.99188461537,77173.50064651133,83501.30794983363,67410.43915009769,-3.6055125890187263,-4.708406806341626,-4.979616801509138,-4.062678866666678,-4.213602357142864,-6.07585894871796,27.59792745711184,23.17299510004652,16.428487131044847,0.0784116666666666,0.101155357142857,0.138789923076923,18.197144797733515,15.817443123867918,15.41266833367274,57293.70417603575,38341.49312676315,38220.08296046592,3742.337092030828,2970.479852688592,2472.618117662445,0.457166277647952,-0.4948044491987626,1.0962421472088202,0.0150124063278054,0.0280291176021214,-0.0608033059281559,0.0072400304101152,0.0311469873262639,0.0782652984361258,-0.0122037702697645,33975.05807,,,,,,,,,,,,,,,,,,
2002,FIN,0.0,495815.4688,191844.9219,388113.47148,4.930846706071634,2.33346666666667,112.68891205211726,0.4017949999999999,125.47538631740282,69021.8122325004,20683.000708640797,0,0,0,456364.5625,400266.0,370875.4688,170474.0,154180.0,141085.0,367868.26083,347028.47718,347789.53062000003,4.932487369037506,5.425407678087801,4.636407247854343,3.31859166666667,4.26178333333333,4.39176666666667,104.16293941368076,105.51792508143323,99.5481263843648,0.409236,0.424547,0.4405469999999999,123.00700783056988,119.81309457990804,116.3788966977846,65998.78620026998,58069.08120860281,36560.770617546,20360.39155957848,19950.891924312196,18981.00269479072,2.597380039404964,1.6138957023708365,1.1636243447544707,0.2446405811876735,0.1401532043690945,0.1056816707744195,0.0600520851180481,-0.0128412842339986,0.0205253798586953,0.0864460335918391,0.1405195085358207,0.061457118591989,43091.85625000005,47296.06873,148956.93553750002,99048.93124,74634.00004285714,58004.24340625,44490.92629999999,33638.49246428571,93189.94050610432,77173.50064651133,83501.30794983363,-3.873088361255352,-3.6055125890187263,-4.708406806341626,-4.751953104166672,-4.062678866666678,-4.213602357142864,24.518071323289902,27.59792745711184,23.17299510004652,0.0581999374999999,0.0784116666666666,0.101155357142857,20.25373649853701,18.197144797733515,15.817443123867918,61642.55265670069,57293.70417603575,38341.49312676315,3917.940659045187,3742.337092030828,2970.479852688592,0.8788647429113208,0.457166277647952,-0.4948044491987626,0.0749184228417976,0.0390257932521382,0.0054905915432523,-0.0660528934457663,-0.0015019908354823,0.0782136156360156,-0.0121252181891901,34716.973294615374,,,,,,,,,,,,,,,,,,
2003,FIN,0.0,549539.6875,214323.8906,407050.62153,4.067210381804597,2.10633333333333,119.63534071661238,0.427482,127.0949671450467,38923.4352175578,21053.137627512053,0,0,0,495815.4688,456364.5625,400266.0,191844.9219,170474.0,154180.0,388113.47148,367868.26083,347028.47718,4.930846706071634,4.932487369037506,5.425407678087801,2.33346666666667,3.31859166666667,4.26178333333333,112.68891205211726,104.16293941368076,105.51792508143323,0.4017949999999999,0.409236,0.424547,125.47538631740282,123.00700783056988,119.81309457990804,69021.8122325004,65998.78620026998,58069.08120860281,20683.000708640797,20360.39155957848,19950.891924312196,1.960877048471267,2.597380039404964,1.6138957023708365,1.1636243447544707,0.0864460335918391,0.1253617671903046,0.055033860774838,0.0818522661363825,0.0158449383509299,0.1083552694110701,0.1019485329091719,0.0332814740241196,48727.19687999999,43091.85625000005,179645.6691588235,148956.93553750002,99048.93124,75963.15098823528,58004.24340625,44490.92629999999,107953.38994986296,93189.94050610432,77173.50064651133,-3.646900297088555,-3.873088361255352,-3.6055125890187263,-5.457551450980397,-4.751953104166672,-4.062678866666678,31.601804472121103,24.518071323289902,27.59792745711184,0.0473354117647058,0.0581999374999999,0.0784116666666666,21.5307187207501,20.25373649853701,18.197144797733515,61039.54617971341,61642.55265670069,57293.70417603575,4010.08271051661,3917.940659045187,3742.337092030828,1.810651153891841,0.8788647429113208,0.457166277647952,0.0165288506369298,0.0562667775897646,0.0001292052285888,0.0327689627649751,-0.0060885579160301,0.0344283989669657,-0.0394925148777802,28032.977007857186,,,,0.234807,0.262224,1.0,,,,,,,,,,,,
2004,FIN,0.0,606861.8125,247001.6719,425910.47709,4.012259490758669,2.18468333333333,128.13049120521174,0.4264159999999999,127.282201922809,52888.52135314021,21879.093145856463,0,0,0,549539.6875,495815.4688,456364.5625,214323.8906,191844.9219,170474.0,407050.62153,388113.47148,367868.26083,4.067210381804597,4.930846706071634,4.932487369037506,2.10633333333333,2.33346666666667,3.31859166666667,119.63534071661238,112.68891205211726,104.16293941368076,0.427482,0.4017949999999999,0.409236,127.0949671450467,125.47538631740282,123.00700783056988,38923.4352175578,69021.8122325004,65998.78620026998,21053.137627512053,20683.000708640797,20360.39155957848,1.8275761574253384,1.960877048471267,2.597380039404964,1.6138957023708365,0.1083552694110701,0.1171726021068062,0.0487928181873889,0.0616425213270536,0.0178957069182242,0.1043093452645309,0.1116515024573345,0.0270048868252725,50521.59687,48727.19687999999,223389.5729055556,179645.6691588235,148956.93553750002,94221.94463333336,75963.15098823528,58004.24340625,120893.12944709275,107953.38994986296,93189.94050610432,-4.307931049295116,-3.646900297088555,-3.873088361255352,-5.381487481481493,-5.457551450980397,-4.751953104166672,36.79257733260948,31.601804472121103,24.518071323289902,0.0703926666666666,0.0473354117647058,0.0581999374999999,21.954148508352304,21.5307187207501,20.25373649853701,27550.08326589785,61039.54617971341,61642.55265670069,4157.43725658139,4010.08271051661,3917.940659045187,1.073556432186375,1.810651153891841,0.8788647429113208,0.0374658011245766,0.0447678020598096,-0.0061194376664242,0.0106316319106478,-0.003679638883087,0.041979593579693,-0.043300819896766,31799.45250399998,,,,0.11543250000000001,0.3392315,2.0,,,,,,,0.234807,,,,,
2005,FIN,0.0,682748.6875,288305.0938,455734.25877,3.276569288605266,3.079225,136.03049576547232,0.3992969999999999,128.26830508569043,28171.1362383927,22478.604138269035,0,0,0,606861.8125,549539.6875,495815.4688,247001.6719,214323.8906,191844.9219,425910.47709,407050.62153,388113.47148,4.012259490758669,4.067210381804597,4.930846706071634,2.18468333333333,2.10633333333333,2.33346666666667,128.13049120521174,119.63534071661238,112.68891205211726,0.4264159999999999,0.427482,0.4017949999999999,127.282201922809,127.0949671450467,125.47538631740282,52888.52135314021,38923.4352175578,69021.8122325004,21879.093145856463,21053.137627512053,20683.000708640797,0.1973442886052665,1.8275761574253384,1.960877048471267,2.597380039404964,0.104309345264531,0.15246914941922,0.0463329486861132,0.0710087039307419,0.0392319440910822,0.1250480314247817,0.09970354942248,0.0116582018360318,61812.17811000007,50521.59687,268954.35196315794,223389.5729055556,179645.6691588235,121940.67621578946,94221.94463333336,75963.15098823528,133390.1887204037,120893.12944709275,107953.38994986296,-4.136148727220252,-4.307931049295116,-3.646900297088555,-5.019901298245625,-5.381487481481493,-5.457551450980397,43.35127638265045,36.79257733260948,31.601804472121103,0.0656217894736841,0.0703926666666666,0.0473354117647058,20.98590178567501,21.954148508352304,21.5307187207501,40065.165019064574,27550.08326589785,61039.54617971341,4764.58028773731,4157.43725658139,4010.08271051661,0.8837525710253744,1.073556432186375,1.810651153891841,0.0313384435822278,0.0775772492577895,-0.0082393384084541,0.0194071682970778,0.0178610226721647,0.0275622526872095,-0.0561003978332558,31606.386712499985,,,,0.195054,0.359647,1.0,,,,,,,0.11543250000000001,0.234807,,,,
2006,FIN,0.0,760159.8125,328837.625,480545.79006,3.705516536598744,4.27760833333333,147.34757850162867,0.381117,129.90348881148114,40410.63596533109,23434.467453076344,0,0,0,682748.6875,606861.8125,549539.6875,288305.0938,247001.6719,214323.8906,455734.25877,425910.47709,407050.62153,3.276569288605266,4.012259490758669,4.067210381804597,3.079225,2.18468333333333,2.10633333333333,136.03049576547232,128.13049120521174,119.63534071661238,0.3992969999999999,0.4264159999999999,0.427482,128.26830508569043,127.282201922809,127.0949671450467,28171.1362383927,52888.52135314021,38923.4352175578,22478.604138269035,21879.093145856463,21053.137627512053,-0.5720917967345862,0.1973442886052665,1.8275761574253384,1.960877048471267,0.1250480314247817,0.1672191997012956,0.070023592478327,0.061655929716277,0.0274010896345631,0.1133815801000714,0.1125708820334609,0.0109932624024848,70774.72500000005,61812.17811000007,331393.509365,268954.35196315794,223389.5729055556,157147.06430499998,121940.67621578946,94221.94463333336,156544.4609643835,133390.1887204037,120893.12944709275,-4.66503149301264,-4.136148727220252,-4.307931049295116,-3.8743645666666735,-5.019901298245625,-5.381487481481493,49.08371712377851,43.35127638265045,36.79257733260948,0.0352216999999999,0.0656217894736841,0.0703926666666666,20.9227098592727,20.98590178567501,21.954148508352304,13344.521653363843,40065.165019064574,27550.08326589785,5125.862265763015,4764.58028773731,4157.43725658139,-0.7906669263459662,0.8837525710253744,1.073556432186375,0.0504277379749928,0.088244286421034,0.0158849547736783,0.0090329641722404,0.0050901143907947,0.0388983490377898,-0.0536486484982886,41037.76873411771,,,,,,,0.11847,0.095891,1.0,,,,0.195054,0.11543250000000001,0.234807,,,
2007,FIN,0.0,849058.5,369655.9063,555991.15803,4.237804883222464,4.63423333333333,155.71595765472313,0.339041,131.95995078723703,44802.62239111679,24651.340279395088,0,0,0,760159.8125,682748.6875,606861.8125,328837.625,288305.0938,247001.6719,480545.79006,455734.25877,425910.47709,3.705516536598744,3.276569288605266,4.012259490758669,4.27760833333333,3.079225,2.18468333333333,147.34757850162867,136.03049576547232,128.13049120521174,0.381117,0.3992969999999999,0.4264159999999999,129.90348881148114,128.26830508569043,127.282201922809,40410.63596533109,28171.1362383927,52888.52135314021,23434.467453076344,22478.604138269035,21879.093145856463,-0.3964284501108661,-0.5720917967345862,0.1973442886052665,1.8275761574253384,0.1133815801000716,0.1405890220868516,0.0544429803389477,0.0831951884941147,0.0425232505064665,0.1169473655909689,0.1142463189297947,0.0103963506023058,80400.11874999997,70774.72500000005,393023.9910619048,331393.509365,268954.35196315794,190196.40196666663,157147.06430499998,121940.67621578946,173901.4941132224,156544.4609643835,133390.1887204037,-4.013939888209037,-4.66503149301264,-4.136148727220252,-2.4914876825396925,-3.8743645666666735,-5.019901298245625,58.0634799968978,49.08371712377851,43.35127638265045,0.0153644761904761,0.0352216999999999,0.0656217894736841,21.561574067955192,20.9227098592727,20.98590178567501,24948.56796823729,13344.521653363843,40065.165019064574,5837.636901248276,5125.862265763015,4764.58028773731,-1.5224522056693444,-0.7906669263459662,0.8837525710253744,0.036239899751533,0.0572018944855383,-0.0004899051043849,0.0301205747414661,0.0199577695431584,0.0385265044058189,-0.0514219472196103,47720.43958333337,,,,0.011335,0.46523950000000003,2.0,,,,,,,,0.195054,0.11543250000000001,0.11847,,
2008,FIN,0.0,947563.0,402122.5,629694.42711,4.454329089876309,1.22835833333333,157.22307491856677,0.325607,137.12763065347642,29372.8512737835,24694.0578673912,0,0,0,849058.5,760159.8125,682748.6875,369655.9063,328837.625,288305.0938,555991.15803,480545.79006,455734.25877,4.237804883222464,3.705516536598744,3.276569288605266,4.63423333333333,4.27760833333333,3.079225,155.71595765472313,147.34757850162867,136.03049576547232,0.339041,0.381117,0.3992969999999999,131.95995078723703,129.90348881148114,128.26830508569043,44802.62239111679,40410.63596533109,28171.1362383927,24651.340279395088,23434.467453076344,22478.604138269035,3.2259707565429787,-0.3964284501108661,-0.5720917967345862,0.1973442886052665,0.116947365590969,0.1241289870646644,0.1569993318650862,0.0567934623574553,0.0519266259732733,0.1160161520083715,0.1184589923719407,0.0059783177626878,88334.16249999999,80400.11874999997,464057.95169545454,393023.9910619048,331393.509365,222369.3922681818,190196.40196666663,157147.06430499998,241442.2487144396,173901.4941132224,156544.4609643835,-3.299199728484907,-4.013939888209037,-4.66503149301264,-2.021613242424252,-2.4914876825396925,-3.8743645666666735,63.79261005922416,58.0634799968978,49.08371712377851,-0.0274099090909091,0.0153644761904761,0.0352216999999999,22.637964495167665,21.561574067955192,20.9227098592727,28206.52857728493,24948.56796823729,13344.521653363843,6789.162595692094,5837.636901248276,5125.862265763015,-1.2775864860606545,-1.5224522056693444,-0.7906669263459662,0.0380799757304527,0.0380179597259445,0.1020897752362481,0.0022845355218798,0.0284107750317196,0.040812852627674,-0.0532688826982478,54834.23124999995,,,,,,,,,,,,,0.011335,,0.195054,,0.11847,
2009,FIN,0.0,958280.25,427262.5,633101.3304,5.1424499080288,0.810958333333333,158.39705537459287,0.4153139999999999,139.3682068273652,21569.147062587603,22561.739564366093,0,0,0,947563.0,849058.5,760159.8125,402122.5,369655.9063,328837.625,629694.42711,555991.15803,480545.79006,4.454329089876309,4.237804883222464,3.705516536598744,1.22835833333333,4.63423333333333,4.27760833333333,157.22307491856677,155.71595765472313,147.34757850162867,0.325607,0.339041,0.381117,137.12763065347642,131.95995078723703,129.90348881148114,29372.8512737835,44802.62239111679,40410.63596533109,24694.0578673912,24651.340279395088,23434.467453076344,4.331491574695467,3.2259707565429787,-0.3964284501108661,-0.5720917967345862,0.1160161520083716,0.087829230229183,0.1325619445840596,0.0096786308002256,0.0017328708099421,0.0113103297617149,0.115448365899804,0.0018494573097486,69286.58125000006,88334.16249999999,542386.0190130435,464057.95169545454,393023.9910619048,245167.75152173915,222369.3922681818,190196.40196666663,304648.0287198987,241442.2487144396,173901.4941132224,-2.939232055375196,-3.299199728484907,-4.013939888209037,-5.339592014492762,-2.021613242424252,-2.4914876825396925,62.5261355813624,63.79261005922416,58.0634799968978,-0.0396521739130435,-0.0274099090909091,0.0153644761904761,26.821385035530184,22.637964495167665,21.561574067955192,11550.3866522436,28206.52857728493,24948.56796823729,6536.699201266816,6789.162595692094,5837.636901248276,2.400359959117567,-1.2775864860606545,-1.5224522056693444,0.0354178541601074,-9.886187988791815e-06,0.073011943626301,-0.0449341385590717,-0.0230743789966897,0.0358587569827909,-0.0548611296893656,60026.56343749998,,,,,,,,,,,,,,0.011335,,,,0.11847
2010,FIN,0.0,1017966.5,456314.0,674424.1539,5.648493552404196,1.3906,172.81892117263845,0.469047,141.71800328828203,16656.660968117103,23290.483285665083,0,0,0,958280.25,947563.0,849058.5,427262.5,402122.5,369655.9063,633101.3304,629694.42711,555991.15803,5.1424499080288,4.454329089876309,4.237804883222464,0.810958333333333,1.22835833333333,4.63423333333333,158.39705537459287,157.22307491856677,155.71595765472313,0.4153139999999999,0.325607,0.339041,139.3682068273652,137.12763065347642,131.95995078723703,21569.147062587603,29372.8512737835,44802.62239111679,22561.739564366093,24694.0578673912,24651.340279395088,4.257893552404195,4.331491574695467,3.2259707565429787,-0.3964284501108661,0.011310329761715,0.0625182624697697,0.0054104072440914,0.0074669730040209,-0.0863494495103156,0.0622847543816122,0.0814246157870185,0.0607225379765426,51744.12499999999,69286.58125000006,530503.8515541668,542386.0190130435,464057.95169545454,260092.42854166668,245167.75152173915,222369.3922681818,295361.26414656953,304648.0287198987,241442.2487144396,-2.1286432349154056,-2.939232055375196,-3.299199728484907,-5.534509013888895,-5.339592014492762,-2.021613242424252,61.09486038816506,62.5261355813624,63.79261005922416,0.0517069999999999,-0.0396521739130435,-0.0274099090909091,27.94440349960523,26.821385035530184,22.637964495167665,3265.4163305375514,11550.3866522436,28206.52857728493,4132.018431522254,6536.699201266816,6789.162595692094,3.40586577897349,2.400359959117567,-1.2775864860606545,-0.0708278747891624,-0.0253204241131417,-0.0573140260452454,-0.0451921381570559,-0.1101534654475262,0.0002050633707876,0.0065056386905812,38120.57440476196,,,,0.207935,0.148537,1.0,,,,,,,,,0.011335,,,
2011,FIN,0.0,1086997.875,486246.3125,710538.51792,9.449968696387224,0.573183333333333,178.2226996742671,0.482712,146.42851823881847,-16952.294138976,23783.247093498445,0,0,0,1017966.5,958280.25,947563.0,456314.0,427262.5,402122.5,674424.1539,633101.3304,629694.42711,5.648493552404196,5.1424499080288,4.454329089876309,1.3906,0.810958333333333,1.22835833333333,172.81892117263845,158.39705537459287,157.22307491856677,0.469047,0.4153139999999999,0.325607,141.71800328828203,139.3682068273652,137.12763065347642,16656.660968117103,21569.147062587603,29372.8512737835,23290.483285665083,22561.739564366093,24694.0578673912,8.87678536305389,4.257893552404195,4.331491574695467,3.2259707565429787,0.0622847543816122,0.0679944998683479,0.0652704733283246,0.0910488251434936,0.0322999793176393,0.0678130125107261,0.0632037453838996,0.0523589601828934,47799.0875,51744.12499999999,568969.947492,530503.8515541668,542386.0190130435,278740.23140000005,260092.42854166668,245167.75152173915,324869.63708070683,295361.26414656953,304648.0287198987,-1.5374538611433932,-2.1286432349154056,-2.939232055375196,-4.733486986666672,-5.534509013888895,-5.339592014492762,73.07293177068406,61.09486038816506,62.5261355813624,0.10337172,0.0517069999999999,-0.0396521739130435,29.176423820537835,27.94440349960523,26.821385035530184,-1777.6864171544512,3265.4163305375514,11550.3866522436,4695.481415560353,4132.018431522254,6536.699201266816,3.196033125523279,3.40586577897349,2.400359959117567,-0.0169022887197168,-0.0187891690431826,0.0049341244575397,0.0402727197389607,0.013085691107409,-0.0180247228310611,-0.0021407929591801,18845.36477272724,,,,0.05475,0.110077,1.0,,,,,,,0.207935,,,,,
2012,FIN,0.0,1144008.625,513388.625,731170.20102,6.074160458666865,0.220666666666667,183.1281537459284,0.5362250000000001,151.05789811899123,-24563.655887305504,23338.12735748588,0,0,0,1086997.875,1017966.5,958280.25,486246.3125,456314.0,427262.5,710538.51792,674424.1539,633101.3304,9.449968696387224,5.648493552404196,5.1424499080288,0.573183333333333,1.3906,0.810958333333333,178.2226996742671,172.81892117263845,158.39705537459287,0.482712,0.469047,0.4153139999999999,146.42851823881847,141.71800328828203,139.3682068273652,-16952.294138976,16656.660968117103,21569.147062587603,23783.247093498445,23290.483285665083,22561.739564366093,5.853493792000198,8.87678536305389,4.257893552404195,4.331491574695467,0.067813012510726,0.0655958671002862,0.0535484439742572,0.0312684425117461,0.0211573028257704,0.0524478946198492,0.0471360322180178,0.0311488543425145,62621.65000000002,47799.0875,616117.862973077,568969.947492,530503.8515541668,297951.7657692308,278740.23140000005,260092.42854166668,348489.0150591411,324869.63708070683,295361.26414656953,2.3231541236528432,-1.5374538611433932,-2.1286432349154056,-5.368846461538468,-4.733486986666672,-5.534509013888895,75.66621289651715,73.07293177068406,61.09486038816506,0.1130608846153846,0.10337172,0.0517069999999999,32.76476862413051,29.176423820537835,27.94440349960523,-35318.26896974161,-1777.6864171544512,3265.4163305375514,5007.649784333706,4695.481415560353,4132.018431522254,7.69200058519131,3.196033125523279,3.40586577897349,-0.0106979390418143,-0.020436235049517,-0.0069852698748293,-0.0211185716823451,0.0014195869712438,-0.033341405878982,-0.0232616990929265,14080.96358695651,0.145924,0.292681,1.0,0.145924,0.292681,1.0,,,,,,,0.05475,0.207935,,,,
2013,FIN,0.0,1183210.5,525085.8125,749744.66154,3.730121560082133,0.209933333333333,186.03720233479132,0.562292,154.4047197714923,-21842.778237953404,23019.30032876388,0,0,0,1144008.625,1086997.875,1017966.5,513388.625,486246.3125,456314.0,731170.20102,710538.51792,674424.1539,6.074160458666865,9.449968696387224,5.648493552404196,0.220666666666667,0.573183333333333,1.3906,183.1281537459284,178.2226996742671,172.81892117263845,0.5362250000000001,0.482712,0.469047,151.05789811899123,146.42851823881847,141.71800328828203,-24563.655887305504,-16952.294138976,16656.660968117103,23338.12735748588,23783.247093498445,23290.483285665083,3.5201882267488003,5.853493792000198,8.87678536305389,4.257893552404195,0.0524478946198491,0.0558200891240691,0.02903668496452,0.0275242944957451,-0.0187156839544524,0.0342671149004667,0.0608485538373958,0.0077825905682197,55274.27499999995,62621.65000000002,650309.4328629631,616117.862973077,568969.947492,314058.8276851852,297951.7657692308,278740.23140000005,356213.69760139525,348489.0150591411,324869.63708070683,-1.1386968593879914,2.3231541236528432,-1.5374538611433932,-5.522516962962968,-5.368846461538468,-4.733486986666672,77.7692146386778,75.66621289651715,73.07293177068406,0.1623864444444445,0.1130608846153846,0.10337172,36.18063855526141,32.76476862413051,29.176423820537835,-41621.54668215476,-35318.26896974161,-1777.6864171544512,4377.061537790258,5007.649784333706,4695.481415560353,4.383820103574976,7.69200058519131,3.196033125523279,-0.0256515977387752,-0.029426003985368,-0.0312283646586115,-0.0240504669413328,-0.038507999307873,-0.0182952280244447,-0.0456974949035043,28316.819270833344,,,,0.0289175,0.1316525,2.0,,,,0.145924,,,0.145924,0.05475,0.207935,,,
2014,FIN,0.0,1113021.5533491285,533700.61626,772665.45069,2.330095723877164,0.2099273911475,185.29601826174436,0.598259,156.2723866796712,-16385.647281469202,22831.816702445525,0,0,0,1183210.5,1144008.625,1086997.875,525085.8125,513388.625,486246.3125,749744.66154,731170.20102,710538.51792,3.730121560082133,6.074160458666865,9.449968696387224,0.209933333333333,0.220666666666667,0.573183333333333,186.03720233479132,183.1281537459284,178.2226996742671,0.562292,0.5362250000000001,0.482712,154.4047197714923,151.05789811899123,146.42851823881847,-21842.778237953404,-24563.655887305504,-16952.294138976,23019.30032876388,23338.12735748588,23783.247093498445,2.120168332729664,3.5201882267488003,5.853493792000198,8.87678536305389,0.0342671149004667,0.0227842747781955,0.0254037438808202,0.015885315989692,-0.0136612087096067,-0.0593207604655904,0.051509340677014,0.0167926315462232,11727.29100473855,55274.27499999995,666285.970975,650309.4328629631,616117.862973077,314539.62848214287,314058.8276851852,297951.7657692308,362066.2403499168,356213.69760139525,348489.0150591411,-3.4420680129945813,-1.1386968593879914,2.3231541236528432,-5.336017547619052,-5.522516962962968,-5.368846461538468,77.90079127615942,77.7692146386778,75.66621289651715,0.1826539285714286,0.1623864444444445,0.1130608846153846,38.23529454507457,36.18063855526141,32.76476862413051,-37414.1852227257,-41621.54668215476,-35318.26896974161,3901.91088271861,4377.061537790258,5007.649784333706,1.893949534624472,4.383820103574976,7.69200058519131,-0.0428823182826475,-0.0613719663317835,-0.0337046996438441,-0.0347986874125217,-0.0320273018664394,-0.0269307785685017,-0.0349298579676737,19836.771499999937,0.017155,0.184105,1.0,,,,,,,,0.145924,,0.0289175,0.145924,0.05475,,,
2015,FIN,0.0,1156457.374071562,546739.60215,850025.34372,1.1638176107644125,-0.0192770782357739,185.29601826174436,0.636417,156.0289814685802,-11776.5733347885,22870.008468200183,0,0,0,1113021.5533491285,1183210.5,1144008.625,533700.61626,525085.8125,513388.625,772665.45069,749744.66154,731170.20102,2.330095723877164,3.730121560082133,6.074160458666865,0.2099273911475,0.209933333333333,0.220666666666667,185.29601826174436,186.03720233479132,183.1281537459284,0.598259,0.562292,0.5362250000000001,156.2723866796712,154.4047197714923,151.05789811899123,-16385.647281469202,-21842.778237953404,-24563.655887305504,22831.816702445525,23019.30032876388,23338.12735748588,1.1830946890001863,2.120168332729664,3.5201882267488003,5.853493792000198,-0.0593207604655904,0.016406468342734,0.0305714602927881,-0.00398406374502,-0.0081446274926126,0.0390251389038542,0.0091314163515751,0.0599742492329629,-3284.269943618489,11727.29100473855,573121.6460146457,666285.970975,650309.4328629631,312308.2381565517,314539.62848214287,314058.8276851852,372501.98672923,362066.2403499168,356213.69760139525,-4.723401848751461,-3.4420680129945813,-1.1386968593879914,-5.152022884714574,-5.336017547619052,-5.522516962962968,74.47337302117587,77.90079127615942,77.7692146386778,0.2123225172413793,0.1826539285714286,0.1623864444444445,38.78450302066469,38.23529454507457,36.18063855526141,-30666.90994821648,-37414.1852227257,-41621.54668215476,3579.8786052720243,3901.91088271861,4377.061537790258,0.4286210359631122,1.893949534624472,4.383820103574976,-0.1349386822814673,-0.0655579168268242,-0.0273332439588819,-0.053425256882501,-0.0253668884399296,-0.0683112666506627,0.0095454581623131,-24473.165245261454,0.087423,0.1086,1.0,0.09898,0.171478,1.0,,,,0.017155,,0.145924,,0.0289175,0.145924,,,
2016,FIN,0.0,1194933.8984871297,559231.58088,862719.4772699999,0.724207825054455,-0.26,186.7820923282036,0.631764,156.63593420649298,-25853.132929818603,23446.339893403805,0,0,0,1156457.374071562,1113021.5533491285,1183210.5,546739.60215,533700.61626,525085.8125,850025.34372,772665.45069,749744.66154,1.1638176107644125,2.330095723877164,3.730121560082133,-0.0192770782357739,0.2099273911475,0.209933333333333,185.29601826174436,185.29601826174436,186.03720233479132,0.636417,0.598259,0.562292,156.0289814685802,156.2723866796712,154.4047197714923,-11776.5733347885,-16385.647281469202,-21842.778237953404,22870.008468200183,22831.816702445525,23019.30032876388,0.984207825054455,1.1830946890001863,2.120168332729664,3.5201882267488003,0.0390251389038543,0.0244312738129721,0.1001208129092826,0.0,0.0016727431834439,0.0332710269122176,0.0046571644462435,0.0554575590440329,7860.601618382204,-3284.269943618489,597453.4118699244,573121.6460146457,666285.970975,314936.9494413334,312308.2381565517,314539.62848214287,437445.1468682557,372501.98672923,362066.2403499168,-5.732233233572497,-4.723401848751461,-3.4420680129945813,-5.209493257940695,-5.152022884714574,-5.336017547619052,71.99092725380335,74.47337302117587,77.90079127615942,0.2434031,0.2123225172413793,0.1826539285714286,37.24828104221821,38.78450302066469,38.23529454507457,-25035.60566992856,-30666.90994821648,-37414.1852227257,3498.741084184283,3579.8786052720243,3901.91088271861,-0.5227399756318025,0.4286210359631122,1.893949534624472,-0.0319397249023167,-0.0552724935349716,0.0431586343113671,-0.0475989429001533,-0.014674797472841,-0.0703458304613278,0.0046878587533005,-38578.31266601622,0.176567,0.213942,1.0,0.188842,0.155298,1.0,,,,0.087423,0.017155,,0.09898,,0.0289175,,,
2017,FIN,0.0,1233542.162744112,571557.07917,912931.16712,0.7890011191741148,-0.32905,189.6912398149129,0.611672,157.9512585202731,-10804.562897181902,24124.546422643263,0,0,0,1194933.8984871297,1156457.374071562,1113021.5533491285,559231.58088,546739.60215,533700.61626,862719.4772699999,850025.34372,772665.45069,0.724207825054455,1.1638176107644125,2.330095723877164,-0.26,-0.0192770782357739,0.2099273911475,186.7820923282036,185.29601826174436,185.29601826174436,0.631764,0.636417,0.598259,156.63593420649298,156.0289814685802,156.2723866796712,-25853.132929818603,-11776.5733347885,-16385.647281469202,23446.339893403805,22870.008468200183,22831.816702445525,1.1180511191741147,0.984207825054455,1.1830946890001863,2.120168332729664,0.0332710269122176,0.0228481322385949,0.0149338294955372,0.0080200000000001,0.0252003153389727,0.0323099581540564,0.0043251351168271,0.0551939984923096,40003.83526005182,7860.601618382204,616657.2455800105,597453.4118699244,573121.6460146457,317269.671737742,314936.9494413334,312308.2381565517,436028.1466483119,437445.1468682557,372501.98672923,-5.986932269812375,-5.732233233572497,-4.723401848751461,-5.2821680100939306,-5.209493257940695,-5.152022884714574,71.15471334433343,71.99092725380335,74.47337302117587,0.2308983870967741,0.2434031,0.2123225172413793,36.65367632715619,37.24828104221821,38.78450302066469,-38304.56508205774,-25035.60566992856,-30666.90994821648,3962.209893769057,3498.741084184283,3579.8786052720243,-0.7047642597184436,-0.5227399756318025,0.4286210359631122,-0.0366291793972095,-0.055013218658183,-0.0434669702460904,-0.037992311470148,0.009341934598449,-0.0682521414989743,0.0042626478997393,-26055.64422308638,0.050212,0.10064,1.0,0.038228,0.078466,2.0,,,,0.176567,0.087423,0.017155,0.188842,0.09898,,,,
2018,FIN,0.0,1284662.3932826435,581429.493130285,929281.92462,0.9358110270116208,-0.3220917,191.66464240940047,0.597786,159.7970813710464,-25611.140410758,24356.51871945604,0,0,0,1233542.162744112,1194933.8984871297,1156457.374071562,571557.07917,559231.58088,546739.60215,912931.16712,862719.4772699999,850025.34372,0.7890011191741148,0.724207825054455,1.1638176107644125,-0.32905,-0.26,-0.0192770782357739,189.6912398149129,186.7820923282036,185.29601826174436,0.611672,0.631764,0.636417,157.9512585202731,156.63593420649298,156.0289814685802,-10804.562897181902,-25853.132929818603,-11776.5733347885,24124.546422643263,23446.339893403805,22870.008468200183,1.2579027270116208,1.1180511191741147,0.984207825054455,1.1830946890001863,0.0323099581540563,0.0220400612401123,0.0582016416377784,0.0155750877958768,0.0289259019669103,0.0414418185956533,0.0348687079900427,0.0036315081915707,42322.33218902275,40003.83526005182,635994.9709126177,616657.2455800105,597453.4118699244,319680.4927859375,317269.671737742,314936.9494413334,472613.9569155522,436028.1466483119,437445.1468682557,-5.735047342261078,-5.986932269812375,-5.732233233572497,-5.186150259778495,-5.2821680100939306,-5.209493257940695,71.84027603903236,71.15471334433343,71.99092725380335,0.2035908125,0.2308983870967741,0.2434031,36.823573255712674,36.65367632715619,37.24828104221821,-22058.97739060673,-38304.56508205774,-25035.60566992856,4516.59736382823,3962.209893769057,3498.741084184283,-0.5488970824825825,-0.7047642597184436,-0.5227399756318025,-0.0364086617232028,-0.05404666969995,0.0012030022266697,-0.0292116652397504,0.0127661684974044,-0.0354334972424595,-0.0474419306643242,6986.059909034491,,,,0.1370894,0.152781,5.0,,,,0.050212,0.176567,0.087423,0.038228,0.188842,0.09898,,,
2019,FIN,0.0,1340151.1792909286,596676.4225149387,964694.6925,0.3280669469718537,-0.3563333,193.6102506011488,0.595334,161.61325871534066,-4453.9620397272,24662.280810668915,0,0,0,1284662.3932826435,1233542.162744112,1194933.8984871297,581429.493130285,571557.07917,559231.58088,929281.92462,912931.16712,862719.4772699999,0.9358110270116208,0.7890011191741148,0.724207825054455,-0.3220917,-0.32905,-0.26,191.66464240940047,189.6912398149129,186.7820923282036,0.597786,0.611672,0.631764,159.7970813710464,157.9512585202731,156.63593420649298,-25611.140410758,-10804.562897181902,-25853.132929818603,24356.51871945604,24124.546422643263,23446.339893403805,0.6844002469718538,1.2579027270116208,1.1180511191741147,0.984207825054455,0.0414418185956533,0.0172728399666072,0.0179101755848487,0.0104032352596412,0.0096156127766632,0.0431932827631833,0.0356742678873091,0.0050179073496299,48677.20729499292,42322.33218902275,667842.6265750092,635994.9709126177,616657.2455800105,319865.6190860425,319680.4927859375,317269.671737742,474643.0793575052,472613.9569155522,436028.1466483119,-5.414448121021721,-5.735047342261078,-5.986932269812375,-5.02203589130036,-5.186150259778495,-5.2821680100939306,71.63670057173107,71.84027603903236,71.15471334433343,0.1835353939393939,0.2035908125,0.2308983870967741,37.553530250252265,36.823573255712674,36.65367632715619,-36197.10104386142,-22058.97739060673,-38304.56508205774,4611.703073858334,4516.59736382823,3962.209893769057,-0.3924122297213617,-0.5488970824825825,-0.7047642597184436,-0.0261390306027556,-0.0571249325453316,-0.0391260576458433,-0.0334706532372438,-0.0069430634583864,-0.0334849213051138,-0.0445251466461254,9071.688174370944,0.025523,0.105639,1.0,0.065043,0.223485,1.0,,,,,0.050212,0.176567,0.1370894,0.038228,0.188842,,,
2020,FIN,0.0,1399808.6568435528,616039.31702708,1103937.74337,-0.0598722205289158,-0.42515,197.0891833427252,0.6951930000000001,162.23269377177093,10714.885889341202,23921.36866045703,0,0,0,1340151.1792909286,1284662.3932826435,1233542.162744112,596676.4225149387,581429.493130285,571557.07917,964694.6925,929281.92462,912931.16712,0.3280669469718537,0.9358110270116208,0.7890011191741148,-0.3563333,-0.3220917,-0.32905,193.6102506011488,191.66464240940047,189.6912398149129,0.595334,0.597786,0.611672,161.61325871534066,159.7970813710464,157.9512585202731,-4453.9620397272,-25611.140410758,-10804.562897181902,24662.280810668915,24356.51871945604,24124.546422643263,0.3652777794710841,0.6844002469718538,1.2579027270116208,1.1180511191741147,0.0431932827631833,0.02622317850195,0.0381076688804432,0.0101511064706052,0.0125536040160219,0.0445154833831424,0.0389816865042977,0.0058438750899635,55428.82683066069,48677.20729499292,703688.9823899118,667842.6265750092,635994.9709126177,325704.7361446363,319865.6190860425,319680.4927859375,496095.7566681668,474643.0793575052,472613.9569155522,-5.86294372691379,-5.414448121021721,-5.735047342261078,-4.908570553320937,-5.02203589130036,-5.186150259778495,71.47534698195787,71.63670057173107,71.84027603903236,0.1756852941176471,0.1835353939393939,0.2035908125,38.26519199895088,37.553530250252265,36.823573255712674,-13975.302053893516,-36197.10104386142,-22058.97739060673,4781.8268393694925,4611.703073858334,4516.59736382823,-0.9543731735928532,-0.3924122297213617,-0.5488970824825825,-0.0235954745987785,-0.0464435354480091,-0.0177429262397687,-0.0327085198069694,-0.0037946763566524,-0.0291310988973404,-0.0423077680731005,15133.928177942047,,,,0.047406500000000004,0.32657749999999997,2.0,,,,0.025523,,0.050212,0.065043,0.1370894,0.038228,,,
1989,FRA,0.0,4912.491491065,1870.9,3532.93192544,8.796666666666667,9.07166666666666,91.90390992602106,0.34435,96.90459270062166,-29.5638961908244,17299.70080074713,0,0,0,4385.3857644675,3935.244019310833,3623.1506113275,1713.5,1576.0,1433.3029504766948,3348.01764714,3231.8542220100003,3095.08718751,9.084166666666668,9.478333333333332,8.544166666666666,7.52333333333333,7.97583333333333,7.74249999983333,82.01303903726415,74.02266921094646,69.11002317105056,0.337152,0.338425,0.315277,93.62916167146624,91.16691179196906,88.26399871463704,-27.735387388003502,-26.7268307387956,16.2439344305088,16789.572963059996,16157.8901191458,15833.036579991183,-0.2749999999999932,1.5608333333333384,1.502500000000003,0.8016666668333352,0.1143872509424456,0.087246192893401,0.0359432750211591,0.1079449027101021,0.0390943891347362,0.1201959770263232,0.0910503158801316,0.0213099546200643,431.8164384369168,333.47449038758333,739.9757989758332,434.7510807287499,245.31534549083332,275.89027119364005,207.58540679046015,129.77671453431003,242.30832927666688,189.21735622000008,104.9006434400003,-0.6311111111111085,-0.3554166666666649,-2.5791666666666675,-1.0274999997222238,-0.8624999995833349,-2.191666666166669,12.287875194400542,6.446258052124293,3.0672240244567632,0.0160553333333334,0.0259925,0.0056889999999999,5.125903358834634,3.995480219006169,2.1851342833483045,-23.197364671491272,-33.28321203342505,19.375106271758703,949.173781881922,476.2364069515879,302.7657355939464,0.3963888886111144,0.5070833329166686,-0.3875000004999984,0.0350054025934711,-0.0123119985383869,-0.003691757779134,0.0491812046366998,0.0190880640654639,0.011668467531157,0.0117543528774001,-232199.0494697389,,,,,,,,,,,,,,,,,,
1990,FRA,0.0,5313.909843523334,2045.929883,3559.68841147,9.9325,9.84666666666666,100.0,0.355535,100.0,-53.62787578530721,17647.005226241236,0,0,0,4912.491491065,4385.3857644675,3935.244019310833,1870.9,1713.5,1576.0,3532.93192544,3348.01764714,3231.8542220100003,8.796666666666667,9.084166666666668,9.478333333333332,9.07166666666666,7.52333333333333,7.97583333333333,91.90390992602106,82.01303903726415,74.02266921094646,0.34435,0.337152,0.338425,96.90459270062166,93.62916167146624,91.16691179196906,-29.5638961908244,-27.735387388003502,-26.7268307387956,17299.70080074713,16789.572963059996,16157.8901191458,0.0858333333333387,-0.2749999999999932,1.5608333333333384,1.502500000000003,0.1201959770263232,0.0918587686022761,0.0552309748002554,0.1206011995758724,0.0303836100423462,0.0817138010698736,0.1069073023694331,0.0182191412483854,466.31031992350063,431.8164384369168,1082.0875758293755,739.9757989758332,434.7510807287499,364.3177033952302,275.89027119364005,207.58540679046015,366.6455252574997,242.30832927666688,189.21735622000008,-0.7608333333333341,-0.6311111111111085,-0.3554166666666649,0.7777083335416624,-1.0274999997222238,-0.8624999995833349,19.10677728455731,12.287875194400542,6.446258052124293,0.0192395,0.0160553333333334,0.0259925,7.1198585482814,5.125903358834634,3.995480219006169,-19.226532306439356,-23.197364671491272,-33.28321203342505,1222.0081740985752,949.173781881922,476.2364069515879,-1.5385416668749958,0.3963888886111144,0.5070833329166686,0.0291456611461916,-0.0035954233167162,0.0168265279263402,0.0454437666235701,0.0040145969512525,0.02169122025488,0.0027863630670211,98.3419480493335,,,,,,,,,,,,,,,,,,
1991,FRA,0.0,5441.287400199167,2170.4,3478.16607551,9.036666666666669,9.49066666666666,105.20405809256071,0.363396,103.21340732409692,-34.803020682890995,17724.135385347323,0,0,0,5313.909843523334,4912.491491065,4385.3857644675,2045.929883,1870.9,1713.5,3559.68841147,3532.93192544,3348.01764714,9.9325,8.796666666666667,9.084166666666668,9.84666666666666,9.07166666666666,7.52333333333333,100.0,91.90390992602106,82.01303903726415,0.355535,0.34435,0.337152,100.0,96.90459270062166,93.62916167146624,-53.62787578530721,-29.5638961908244,-27.735387388003502,17647.005226241236,17299.70080074713,16789.572963059996,-0.4539999999999935,0.0858333333333387,-0.2749999999999932,1.5608333333333384,0.0817138010698738,0.0935538420011758,0.0075734507753551,0.0880929884321131,0.0200757475227031,0.023970590474184,0.1054323430128808,0.0207451741040181,356.912325965333,466.31031992350063,1267.088413121834,1082.0875758293755,739.9757989758332,466.48404571618426,364.3177033952302,275.89027119364005,320.0729062360001,366.6455252574997,242.30832927666688,0.5271666666666643,-0.7608333333333341,-0.6311111111111085,1.3971666668333302,0.7777083335416624,-1.0274999997222238,23.381511901624805,19.10677728455731,12.287875194400542,0.0265765999999999,0.0192395,0.0160553333333334,8.791294138003451,7.1198585482814,5.125903358834634,-39.44520543963429,-19.226532306439356,-23.197364671491272,1324.9109647729638,1222.0081740985752,949.173781881922,-0.8700000001666647,-1.5385416668749958,0.3963888886111144,-0.0166229300968056,-0.0010014940886373,-0.0350376280801451,0.0015746138239183,-0.0072969148062036,0.0129858541467011,0.0043836082336467,83.66485551125055,,,,,,,,,,,,,,,,,,
1992,FRA,0.0,5503.931293699166,2183.2,3441.02579017,8.587499999999999,10.3516666666667,102.71261990587556,0.400874,105.65312503862282,20.2532206894563,17879.522485037523,0,0,0,5441.287400199167,5313.909843523334,4912.491491065,2170.4,2045.929883,1870.9,3478.16607551,3559.68841147,3532.93192544,9.036666666666669,9.9325,8.796666666666667,9.49066666666666,9.84666666666666,9.07166666666666,105.20405809256071,100.0,91.90390992602106,0.363396,0.355535,0.34435,103.21340732409692,100.0,96.90459270062166,-34.803020682890995,-53.62787578530721,-29.5638961908244,17724.135385347323,17647.005226241236,17299.70080074713,-1.7641666666667015,-0.4539999999999935,0.0858333333333387,-0.2749999999999932,0.023970590474184,0.0608379192435892,-0.0229015370270386,0.0520405809256072,0.0043707222906804,0.0115126970682906,0.0752934561901269,0.0484329110787109,190.1696964578335,356.912325965333,1183.2845676106945,1267.088413121834,1082.0875758293755,513.2068217634867,466.48404571618426,364.3177033952302,185.20508590333293,320.0729062360001,366.6455252574997,-0.4565277777777776,0.5271666666666643,-0.7608333333333341,0.8083055556944423,1.3971666668333302,0.7777083335416624,24.688651343914728,23.381511901624805,19.10677728455731,0.0300081666666666,0.0265765999999999,0.0192395,10.53948577243314,8.791294138003451,7.1198585482814,-14.04614943061236,-39.44520543963429,-19.226532306439356,1181.2226297502275,1324.9109647729638,1222.0081740985752,-1.2648333334722195,-0.8700000001666647,-1.5385416668749958,-0.0710415546731343,-0.0335171180284964,-0.0585050902665098,-0.0347927164473711,-0.0215425570769855,-0.020399496212728,0.0309754431499278,-53.621423617333846,,,,,,,,,,,,,,,,,,
1993,FRA,0.0,5524.70599852,2168.93493964,3416.69634504,6.775,8.74916666666666,101.23233271800196,0.464885,107.87655572171892,51.9931581300802,17666.018468576247,0,0,0,5503.931293699166,5441.287400199167,5313.909843523334,2183.2,2170.4,2045.929883,3441.02579017,3478.16607551,3559.68841147,8.587499999999999,9.036666666666669,9.9325,10.3516666666667,9.49066666666666,9.84666666666666,102.71261990587556,105.20405809256071,100.0,0.400874,0.363396,0.355535,105.65312503862282,103.21340732409692,100.0,20.2532206894563,-34.803020682890995,-53.62787578530721,17879.522485037523,17724.135385347323,17647.005226241236,-1.9741666666666609,-1.7641666666667015,-0.4539999999999935,0.0858333333333387,0.0115126970682906,0.005897530409141,-0.0106781230492434,-0.0236819589648636,0.0087669777008507,0.0037745211036004,0.0390656962041161,0.0374559129311867,69.50323584899999,190.1696964578335,1076.8878085948809,1183.2845676106945,1267.088413121834,452.69156151156,513.2068217634867,466.48404571618426,121.60693114857122,185.20508590333293,320.0729062360001,-0.8404761904761919,-0.4565277777777776,0.5271666666666643,1.5538333334524186,0.8083055556944423,1.3971666668333302,18.670262965241747,24.688651343914728,23.381511901624805,0.0631992857142856,0.0300081666666666,0.0265765999999999,11.47356266232572,10.53948577243314,8.791294138003451,43.0166847175367,-14.04614943061236,-39.44520543963429,1167.8636394761088,1181.2226297502275,1324.9109647729638,-2.3943095239286105,-1.2648333334722195,-0.8700000001666647,-0.0716591889668386,-0.0828713205248619,-0.036530827910963,-0.1047164702632802,-0.0135558754873176,-0.0525473569561933,0.0138033563724181,-206.95869722049997,,,,,,,,,,,,,,,,,,
1994,FRA,0.0,5439.186697906666,2185.1239584,3560.17381965,7.215833333333332,5.6925,101.0450747700465,0.497684,109.66246863838047,45.27560803656149,17978.199665246746,0,0,0,5524.70599852,5503.931293699166,5441.287400199167,2168.93493964,2183.2,2170.4,3416.69634504,3441.02579017,3478.16607551,6.775,8.587499999999999,9.036666666666669,8.74916666666666,10.3516666666667,9.49066666666666,101.23233271800196,102.71261990587556,105.20405809256071,0.464885,0.400874,0.363396,107.87655572171892,105.65312503862282,103.21340732409692,51.9931581300802,20.2532206894563,-34.803020682890995,17666.018468576247,17879.522485037523,17724.135385347323,1.5233333333333323,-1.9741666666666609,-1.7641666666667015,-0.4539999999999935,0.0037745211036003,-0.0065340144558446,-0.0070704047611331,-0.0144119309704117,-0.011941259429045,-0.0154794301518024,0.0130859362153583,0.0101895346098708,1.44725979433329,69.50323584899999,963.0515373413546,1076.8878085948809,1183.2845676106945,381.8400559626148,452.69156151156,513.2068217634867,82.0766196249997,121.60693114857122,185.20508590333293,-2.5479166666666666,-0.8404761904761919,-0.4565277777777776,-0.2428958332291735,1.5538333334524186,0.8083055556944423,14.85619290671292,18.670262965241747,24.688651343914728,0.119310375,0.0631992857142856,0.0300081666666666,12.262798012631125,11.47356266232572,10.53948577243314,69.37953656846851,43.0166847175367,-14.04614943061236,808.3766680803164,1167.8636394761088,1181.2226297502275,-2.305020833437493,-2.3943095239286105,-1.2648333334722195,-0.0691603379362662,-0.0834641053148673,-0.0277044199212865,-0.0804869465169311,-0.032327558976168,-0.0697692241189188,-0.0157635813443007,-286.23341838523345,,,,,,,,,,,,,,,,,,
1995,FRA,0.0,5476.088652203333,2189.11873653,3871.77963293,7.535,6.35416666666666,100.12414129513958,0.561059,111.63253451323072,36.6003693635538,18261.961310969225,0,0,0,5439.186697906666,5524.70599852,5503.931293699166,2185.1239584,2168.93493964,2183.2,3560.17381965,3416.69634504,3441.02579017,7.215833333333332,6.775,8.587499999999999,5.6925,8.74916666666666,10.3516666666667,101.0450747700465,101.23233271800196,102.71261990587556,0.497684,0.464885,0.400874,109.66246863838047,107.87655572171892,105.65312503862282,45.27560803656149,51.9931581300802,20.2532206894563,17978.199665246746,17666.018468576247,17879.522485037523,1.1808333333333405,1.5233333333333323,-1.9741666666666609,-1.7641666666667015,-0.0154794301518023,0.0074640407437427,0.0419930424365295,-0.0018497839862793,0.0176712821412361,0.0067844617855954,-6.407065997045731e-05,0.0138994540544561,-16.904722510083005,1.44725979433329,770.526510356759,963.0515373413546,1076.8878085948809,355.60240183788005,381.8400559626148,452.69156151156,216.434469832222,82.0766196249997,121.60693114857122,-1.823981481481482,-2.5479166666666666,-0.8404761904761919,-3.272574073981482,-0.2428958332291735,1.5538333334524186,13.01824685801158,14.85619290671292,18.670262965241747,0.1388526666666666,0.119310375,0.0631992857142856,12.686177816778084,12.262798012631125,11.47356266232572,54.95314907845331,69.37953656846851,43.0166847175367,1030.7382349641157,808.3766680803164,1167.8636394761088,1.4485925924999992,-2.305020833437493,-2.3943095239286105,-0.0797692469496357,-0.0590330369509215,0.0248220797665369,-0.0578639312181823,0.001325927466134,-0.0729521989772592,-0.0098017217076725,-306.583824709028,,,,,,,,,,,,,,,,,,
1996,FRA,0.0,5505.5372950875,2228.94844557,3864.01310205,6.310833333333334,3.72833333333333,101.00295755140888,0.599984,113.84607778917584,98.98263415172102,18373.417686711597,0,0,0,5476.088652203333,5439.186697906666,5524.70599852,2189.11873653,2185.1239584,2168.93493964,3871.77963293,3560.17381965,3416.69634504,7.535,7.215833333333332,6.775,6.35416666666666,5.6925,8.74916666666666,100.12414129513958,101.0450747700465,101.23233271800196,0.561059,0.497684,0.464885,111.63253451323072,109.66246863838047,107.87655572171892,36.6003693635538,45.27560803656149,51.9931581300802,18261.961310969225,17978.199665246746,17666.018468576247,2.582500000000004,1.1808333333333405,1.5233333333333323,-1.9741666666666609,0.0067844617855954,0.0018281700288185,0.0875254493362444,-0.0091140857384957,0.0157836519232241,0.0053776782580605,-0.0016401490875355,0.012079288514193,-2.060415600083477,-16.904722510083005,730.3758136177503,770.526510356759,963.0515373413546,324.0369397840923,355.60240183788005,381.8400559626148,506.3968361289999,216.434469832222,82.0766196249997,-1.3224166666666672,-1.823981481481482,-2.5479166666666666,-2.283649999916673,-3.272574073981482,-0.2428958332291735,10.795488697303512,13.01824685801158,14.85619290671292,0.1883423999999999,0.1388526666666666,0.119310375,13.387625909950517,12.686177816778084,12.262798012631125,40.78259549760028,54.95314907845331,69.37953656846851,1211.4260571901832,1030.7382349641157,808.3766680803164,0.961233333250007,1.4485925924999992,-2.305020833437493,-0.0486421053511672,-0.0581096813379656,0.0675964778033032,-0.0586989072794896,-0.0007090280258928,-0.0654092525326669,-0.0103966720344766,-281.13811776929737,,,,,,,,,,,,,,,,,,
1997,FRA,0.0,5555.8524767725,2265.3474995,4134.72655595,5.581666666666667,3.24083333333333,100.530429095028,0.61425,115.2167196054926,315.2038757663313,18690.444261468547,0,0,0,5505.5372950875,5476.088652203333,5439.186697906666,2228.94844557,2189.11873653,2185.1239584,3864.01310205,3871.77963293,3560.17381965,6.310833333333334,7.535,7.215833333333332,3.72833333333333,6.35416666666666,5.6925,101.00295755140888,100.12414129513958,101.0450747700465,0.599984,0.561059,0.497684,113.84607778917584,111.63253451323072,109.66246863838047,98.98263415172102,36.6003693635538,45.27560803656149,18373.417686711597,18261.961310969225,17978.199665246746,2.340833333333337,2.582500000000004,1.1808333333333405,1.5233333333333323,0.0053776782580606,0.0181944032433499,-0.0020059330892555,0.0087772663505674,0.006103198547213,0.0091390138669835,-0.0011057633693821,0.012467817874527,37.944597948166845,-2.060415600083477,693.4266552639392,730.3758136177503,770.526510356759,334.40874520735633,324.0369397840923,355.60240183788005,452.5942292372729,506.3968361289999,216.434469832222,-2.426363636363635,-1.3224166666666672,-1.823981481481482,-4.701878787803032,-2.283649999916673,-3.272574073981482,10.692896890181558,10.795488697303512,13.01824685801158,0.2101453636363635,0.1883423999999999,0.1388526666666666,14.384112284991062,13.387625909950517,12.686177816778084,99.45735160416748,40.78259549760028,54.95314907845331,1212.7527913698068,1211.4260571901832,1030.7382349641157,2.2755151514393974,0.961233333250007,1.4485925924999992,-0.0451846783435853,-0.0359324799896376,-0.028694552402527,-0.0349376644624774,-0.0103185785993146,-0.0576071720886616,-0.008852956892534,-231.15154613813567,,,,0.035343,0.155307,1.0,0.559995,0.40910339999999995,5.0,,,,,,,,,
1998,FRA,0.0,5785.120927520001,2326.08255813,4289.70295677,4.64,3.3925,102.65680714874188,0.613474,115.96692662307971,327.0465456812736,19233.28587051337,0,0,0,5555.8524767725,5505.5372950875,5476.088652203333,2265.3474995,2228.94844557,2189.11873653,4134.72655595,3864.01310205,3871.77963293,5.581666666666667,6.310833333333334,7.535,3.24083333333333,3.72833333333333,6.35416666666666,100.530429095028,101.00295755140888,100.12414129513958,0.61425,0.599984,0.561059,115.2167196054926,113.84607778917584,111.63253451323072,315.2038757663313,98.98263415172102,36.6003693635538,18690.444261468547,18373.417686711597,18261.961310969225,1.2474999999999996,2.340833333333337,2.582500000000004,1.1808333333333405,0.0091390138669836,0.01633014617379,0.0700601801159465,-0.0046783625730995,0.0172546327614508,0.041266115633201,0.0071003846368798,0.0019004648975215,97.74120076350007,37.944597948166845,685.9562823436117,693.4266552639392,730.3758136177503,342.9404037034103,334.40874520735633,324.0369397840923,685.5914973675003,452.5942292372729,506.3968361289999,-2.953333333333333,-2.426363636363635,-1.3224166666666672,-4.797555555486112,-4.701878787803032,-2.283649999916673,9.329293692952234,10.692896890181558,10.795488697303512,0.2068992499999999,0.2101453636363635,0.1883423999999999,14.556078077558553,14.384112284991062,13.387625909950517,307.3904805850971,99.45735160416748,40.78259549760028,1428.7166335126094,1212.7527913698068,1211.4260571901832,1.8442222221527804,2.2755151514393974,0.961233333250007,-0.0373156447034272,-0.0345301479692304,0.045980156475632,-0.0452171420713737,0.0017709082148608,-0.0436403068735334,-0.0185350141802861,-165.46302746342582,,,,,,,,,,,,,0.035343,,,0.559995,,
1999,FRA,0.0,6075.485213247501,2508.14342348,4510.06515135,4.608333333333333,2.730525,109.62660188035956,0.604965,116.58983327359697,407.39052829236186,19771.39216905727,0,0,0,5785.120927520001,5555.8524767725,5505.5372950875,2326.08255813,2265.3474995,2228.94844557,4289.70295677,4134.72655595,3864.01310205,4.64,5.581666666666667,6.310833333333334,3.3925,3.24083333333333,3.72833333333333,102.65680714874188,100.530429095028,101.00295755140888,0.613474,0.61425,0.599984,115.96692662307971,115.2167196054926,113.84607778917584,327.0465456812736,315.2038757663313,98.98263415172102,19233.28587051337,18690.444261468547,18373.417686711597,1.8778083333333335,1.2474999999999996,2.340833333333337,2.582500000000004,0.041266115633201,0.0268104821195887,0.0374816565794379,0.0211515863689777,0.0290438044944668,0.0501915671885488,0.0185942692527483,0.0197242585441093,193.9112205227502,97.74120076350007,862.4588652185266,685.9562823436117,693.4266552639392,377.29543127930174,342.9404037034103,334.40874520735633,787.8300906976929,685.5914973675003,452.5942292372729,-3.667820512820513,-2.953333333333333,-2.426363636363635,-4.27684615378205,-4.797555555486112,-4.701878787803032,10.73803377028517,9.329293692952234,10.692896890181558,0.190207923076923,0.2068992499999999,0.2101453636363635,14.186586781487335,14.556078077558553,14.384112284991062,295.5877289165704,307.3904805850971,99.45735160416748,1861.6569630564627,1428.7166335126094,1212.7527913698068,0.609025640961537,1.8442222221527804,2.2755151514393974,-0.0020789058785909,-0.0211722996926625,0.0095699532328207,-0.015619097956682,0.0134125042633051,-0.0281791216327982,0.0009737807554185,-89.12012190175003,,,,0.076387,0.248787,1.0,,,,,,,,0.035343,,,0.559995,
2000,FRA,0.0,6600.225121598333,2671.33240594,4780.59493729,5.394166666666667,4.240525,119.3134352361672,0.588824,118.54383211182676,106.5907110748655,20391.877068945985,0,0,0,6075.485213247501,5785.120927520001,5555.8524767725,2508.14342348,2326.08255813,2265.3474995,4510.06515135,4289.70295677,4134.72655595,4.608333333333333,4.64,5.581666666666667,2.730525,3.3925,3.24083333333333,109.62660188035956,102.65680714874188,100.530429095028,0.604965,0.613474,0.61425,116.58983327359697,115.96692662307971,115.2167196054926,407.39052829236186,327.0465456812736,315.2038757663313,19771.39216905727,19233.28587051337,18690.444261468547,1.1536416666666671,1.8778083333333335,1.2474999999999996,2.340833333333337,0.0501915671885488,0.0782693050655792,0.0513700358278245,0.0678941311852705,0.0279778661933619,0.0863700412284182,0.0335322322295778,0.0215913813344727,342.34822202049963,193.9112205227502,1091.2189462875604,862.4588652185266,685.9562823436117,532.4066229664943,377.29543127930174,342.9404037034103,951.918707370714,787.8300906976929,685.5914973675003,-3.437499999999999,-3.667820512820513,-2.953333333333333,-4.633332142797618,-4.27684615378205,-4.797555555486112,16.940826089739645,10.73803377028517,9.329293692952234,0.1681126428571428,0.190207923076923,0.2068992499999999,13.79616580475549,14.186586781487335,14.556078077558553,354.81830231933225,295.5877289165704,307.3904805850971,2266.787764239187,1861.6569630564627,1428.7166335126094,1.1958321427976184,0.609025640961537,1.8442222221527804,0.0070064615135714,0.031915161691225,0.0227221822325288,0.0323249159332016,0.0113148348650229,-0.0108928985199023,0.0027597551494971,15.15172712129555,,,,0.085067,0.474332,1.0,,,,,,,0.076387,,0.035343,,,0.559995
2001,FRA,0.0,7168.606942420833,2820.89060194,5113.23729156,4.939166666666667,4.2579,128.7640043637844,0.583439,120.48176391343588,158.9164065405,20648.034421101213,0,0,0,6600.225121598333,6075.485213247501,5785.120927520001,2671.33240594,2508.14342348,2326.08255813,4780.59493729,4510.06515135,4289.70295677,5.394166666666667,4.608333333333333,4.64,4.240525,2.730525,3.3925,119.3134352361672,109.62660188035956,102.65680714874188,0.588824,0.604965,0.613474,118.54383211182676,116.58983327359697,115.96692662307971,106.5907110748655,407.39052829236186,327.0465456812736,20391.877068945985,19771.39216905727,19233.28587051337,0.6812666666666667,1.1536416666666671,1.8778083333333335,1.2474999999999996,0.0863700412284183,0.0650636566203932,0.0599835649511675,0.0883620689655172,0.0313829645673504,0.0861155203574113,0.0592759080167227,0.0238848270296551,467.5197953053319,342.34822202049963,1543.2109248858887,1091.2189462875604,862.4588652185266,660.1018305620614,532.4066229664943,377.29543127930174,1158.9872461526666,951.918707370714,787.8300906976929,-2.4224999999999994,-3.437499999999999,-3.667820512820513,-2.8144433332777767,-4.633332142797618,-4.27684615378205,25.498271039564628,16.940826089739645,10.73803377028517,0.1407641333333333,0.1681126428571428,0.190207923076923,14.830420256001588,13.79616580475549,14.186586781487335,30.363931613880386,354.81830231933225,295.5877289165704,2736.1534798452885,2266.787764239187,1861.6569630564627,0.3919433332777774,1.1958321427976184,0.609025640961537,0.0426844740167573,0.0164298588395229,0.0297126983392626,0.0504839311467911,0.0139117307486525,0.0156886925380043,0.0048409119870258,162.32608469227037,,,,0.024215,0.099912,1.0,,,,,,,0.085067,0.076387,,,,
2002,FRA,0.0,7449.678503981667,3000.9639175800003,5527.95954524,4.86,3.2951333333333337,139.98655520282983,0.60258,122.79912496446728,119.5696584361244,20719.52566146948,0,0,0,7168.606942420833,6600.225121598333,6075.485213247501,2820.89060194,2671.33240594,2508.14342348,5113.23729156,4780.59493729,4510.06515135,4.939166666666667,5.394166666666667,4.608333333333333,4.2579,4.240525,2.730525,128.7640043637844,119.3134352361672,109.62660188035956,0.583439,0.588824,0.604965,120.48176391343588,118.54383211182676,116.58983327359697,158.9164065405,106.5907110748655,407.39052829236186,20648.034421101213,20391.877068945985,19771.39216905727,1.5648666666666666,0.6812666666666667,1.1536416666666671,1.8778083333333335,0.0861155203574114,0.0559863668285687,0.0695817902653277,0.0792079207920791,0.0125617348167187,0.0392086724545559,0.0742257095914595,0.0208145669184103,469.0961693025004,467.5197953053319,2015.14206290302,1543.2109248858887,1091.2189462875604,768.4036621519326,660.1018305620614,532.4066229664943,1419.1928975381252,1158.9872461526666,951.918707370714,-2.7260937499999995,-2.4224999999999994,-3.437499999999999,-2.621165624947915,-2.8144433332777767,-4.633332142797618,33.355198227209044,25.498271039564628,16.940826089739645,0.126581375,0.1407641333333333,0.1681126428571428,15.841450791610598,14.830420256001588,13.79616580475549,80.79188135364736,30.363931613880386,354.81830231933225,2821.301239510187,2736.1534798452885,2266.787764239187,-0.1049281250520841,0.3919433332777774,1.1958321427976184,0.0395843215446332,0.0062572451250636,0.037330077097472,0.037964187563567,-0.0058369477185559,0.0295178732171693,0.0014248724481363,275.0110360776972,,,,,,,0.029126,0.321087,1.0,,,,0.024215,0.085067,0.076387,,,
2003,FRA,0.0,7599.34055984,3283.64202716,5780.01758206,4.13,2.2755416666666664,156.52505117615996,0.644127,125.37603045321416,89.4224705874632,20789.046927320785,0,0,0,7449.678503981667,7168.606942420833,6600.225121598333,3000.9639175800003,2820.89060194,2671.33240594,5527.95954524,5113.23729156,4780.59493729,4.86,4.939166666666667,5.394166666666667,3.2951333333333337,4.2579,4.240525,139.98655520282983,128.7640043637844,119.3134352361672,0.60258,0.583439,0.588824,122.79912496446728,120.48176391343588,118.54383211182676,119.5696584361244,158.9164065405,106.5907110748655,20719.52566146948,20648.034421101213,20391.877068945985,1.854458333333333,1.5648666666666666,0.6812666666666667,1.1536416666666671,0.0392086724545559,0.0638356253575232,0.0811075704162112,0.0871559633027522,0.0034623751060393,0.0200897335070691,0.0705647446801285,0.0271554533064711,327.84178762858363,469.0961693025004,2177.6758560577946,2015.14206290302,1543.2109248858887,903.2767623712308,768.4036621519326,660.1018305620614,1750.4332160688236,1419.1928975381252,1158.9872461526666,-2.6449019607843134,-2.7260937499999995,-2.4224999999999994,-3.4297460783823515,-2.621165624947915,-2.8144433332777767,42.61567858230099,33.355198227209044,25.498271039564628,0.1382764117647059,0.126581375,0.1407641333333333,17.22696179607668,15.841450791610598,14.830420256001588,36.69266964023366,80.79188135364736,30.363931613880386,2726.833583436677,2821.301239510187,2736.1534798452885,0.7848441175980383,-0.1049281250520841,0.3919433332777774,-0.0097965464547617,0.0137154258337016,0.0465227274297635,0.0435394683515171,-0.0145714981968255,0.0238890500913604,0.0076707673396547,256.94376464074446,,,,,,,,,,,,,,0.024215,0.085067,0.029126,,
2004,FRA,0.0,8028.533771570833,3680.86334808,6183.17531383,4.098333333333334,2.0249083333333333,180.2105400522506,0.659391,128.06169742062275,59.57677809005391,21193.399751471257,0,0,0,7599.34055984,7449.678503981667,7168.606942420833,3283.64202716,3000.9639175800003,2820.89060194,5780.01758206,5527.95954524,5113.23729156,4.13,4.86,4.939166666666667,2.2755416666666664,3.2951333333333337,4.2579,156.52505117615996,139.98655520282983,128.7640043637844,0.644127,0.60258,0.583439,125.37603045321416,122.79912496446728,120.48176391343588,89.4224705874632,119.5696584361244,158.9164065405,20789.046927320785,20719.52566146948,20648.034421101213,2.0734250000000003,1.854458333333333,1.5648666666666666,0.6812666666666667,0.0200897335070691,0.0941957708734976,0.0455969394777936,0.1181434599156119,0.0033553502617384,0.0564776914985198,0.0484713087730121,0.0339734963755232,272.9442543308337,327.84178762858363,2206.3559199129168,2177.6758560577946,2015.14206290302,1135.7728295972734,903.2767623712308,768.4036621519326,1905.2449631072216,1750.4332160688236,1419.1928975381252,-3.2279629629629625,-2.6449019607843134,-2.7260937499999995,-4.258796296249999,-3.4297460783823515,-2.621165624947915,56.78663685661439,42.61567858230099,33.355198227209044,0.1721413888888888,0.1382764117647059,0.126581375,18.846813851708177,17.22696179607668,15.841450791610598,4.507000144892828,36.69266964023366,80.79188135364736,2644.864094652614,2726.833583436677,2821.301239510187,1.0308333332870363,0.7848441175980383,-0.1049281250520841,-0.0283392179637331,0.0432687815947524,0.0082754654660657,0.0719658197672288,-0.013821376088372,0.0003025485535339,0.0140093874499784,98.55979865744472,,,,,,,,,,,,,,,0.024215,,0.029126,
2005,FRA,0.0,8662.204632495834,4176.88491234,6702.64734084,3.41,2.0710416666666664,207.9715868646261,0.6738299999999999,130.29748736265788,12.046920559284,21450.00068291843,0,0,1,8028.533771570833,7599.34055984,7449.678503981667,3680.86334808,3283.64202716,3000.9639175800003,6183.17531383,5780.01758206,5527.95954524,4.098333333333334,4.13,4.86,2.0249083333333333,2.2755416666666664,3.2951333333333337,180.2105400522506,156.52505117615996,139.98655520282983,0.659391,0.644127,0.60258,128.06169742062275,125.37603045321416,122.79912496446728,59.57677809005391,89.4224705874632,119.5696584361244,21193.399751471257,20789.046927320785,20719.52566146948,1.3389583333333337,2.0734250000000003,1.854458333333333,1.5648666666666666,0.0564776914985198,0.1209697395862465,0.0697502604527224,0.1513207547169812,0.0194502819472245,0.0789273457588033,0.0385920324867149,0.0182018146165252,406.67715972733424,272.9442543308337,2519.425135858859,2206.3559199129168,2177.6758560577946,1473.2166331700482,1135.7728295972734,903.2767623712308,2208.126644187368,1905.2449631072216,1750.4332160688236,-3.0897368421052622,-3.2279629629629625,-2.6449019607843134,-4.28528245609649,-4.258796296249999,-3.4297460783823515,77.48335537183058,56.78663685661439,42.61567858230099,0.1783453157894736,0.1721413888888888,0.1382764117647059,20.540543247974227,18.846813851708177,17.22696179607668,-25.57590288645818,4.507000144892828,36.69266964023366,2910.013545400317,2644.864094652614,2726.833583436677,1.1955456139912275,1.0308333332870363,0.7848441175980383,0.0096231410257026,0.0676389291077928,0.0319690383595464,0.1011450134704186,0.0030414098242458,-0.0095945247065004,-0.0025863759237242,37.502277943604525,,,,,,,,,,,,,,,,,,0.029126
2006,FRA,0.0,9649.260847923331,4739.74193533,7248.98736657,3.796666666666667,2.88915,233.01559505281168,0.646108,132.48013249125594,30.671381913327107,21841.591885557165,0,1,1,8662.204632495834,8028.533771570833,7599.34055984,4176.88491234,3680.86334808,3283.64202716,6702.64734084,6183.17531383,5780.01758206,3.41,4.098333333333334,4.13,2.0710416666666664,2.0249083333333333,2.2755416666666664,207.9715868646261,180.2105400522506,156.52505117615996,0.6738299999999999,0.659391,0.644127,130.29748736265788,128.06169742062275,125.37603045321416,12.046920559284,59.57677809005391,89.4224705874632,21450.00068291843,21193.399751471257,20789.046927320785,0.907516666666667,1.3389583333333337,2.0734250000000003,1.854458333333333,0.0789273457588033,0.1347568538556947,0.0840137956056476,0.1540478531628973,0.0121075870061555,0.1139497688295894,0.0518315902547974,0.02969269011805,678.3431725174994,406.67715972733424,3027.124739990917,2519.425135858859,2206.3559199129168,1895.5773657715456,1473.2166331700482,1135.7728295972734,2617.192338988,2208.126644187368,1905.2449631072216,-3.623583333333333,-3.0897368421052622,-3.2279629629629625,-4.024884999958333,-4.28528245609649,-4.258796296249999,101.3702344156146,77.48335537183058,56.78663685661439,0.1838670499999999,0.1783453157894736,0.1721413888888888,21.749306027610643,20.540543247974227,18.846813851708177,-71.82696527290518,-25.57590288645818,4.507000144892828,3021.1137995774734,2910.013545400317,2644.864094652614,0.4013016666249996,1.1955456139912275,1.0308333332870363,0.0315663141793702,0.0778660997399887,0.0445499925461796,0.0985486901547337,-0.0044613593180992,0.0041780622119431,0.0090481871291185,169.02916699048126,,,,0.056466,0.15702850000000002,2.0,,,,,,,,,,,,
2007,FRA,0.0,10792.867760970832,5317.24647813,8239.036385809999,4.304166666666667,3.86405,248.313703828142,0.645355,134.45143429199993,-12.989176551504,22202.17253075663,1,1,1,9649.260847923331,8662.204632495834,8028.533771570833,4739.74193533,4176.88491234,3680.86334808,7248.98736657,6702.64734084,6183.17531383,3.796666666666667,3.41,4.098333333333334,2.88915,2.0710416666666664,2.0249083333333333,233.01559505281168,207.9715868646261,180.2105400522506,0.646108,0.6738299999999999,0.659391,132.48013249125594,130.29748736265788,128.06169742062275,30.671381913327107,12.046920559284,59.57677809005391,21841.591885557165,21450.00068291843,21193.399751471257,0.4401166666666674,0.907516666666667,1.3389583333333337,2.0734250000000003,0.1139497688295894,0.1347552146641918,0.0815110803161442,0.1204203351320645,0.018255999541789,0.1185175663785294,0.0831182686956375,0.0289643365966488,928.00581836275,678.3431725174994,3870.032158275992,3027.124739990917,2519.425135858859,2368.1687999152823,1895.5773657715456,1473.2166331700482,3038.904158099524,2617.192338988,2208.126644187368,-3.0643650793650794,-3.623583333333333,-3.0897368421052622,-3.015115476150793,-4.024884999958333,-4.28528245609649,121.58708858400897,101.3702344156146,77.48335537183058,0.1473894761904762,0.1838670499999999,0.1783453157894736,22.8962699167987,21.749306027610643,20.540543247974227,-49.78217223919992,-71.82696527290518,-25.57590288645818,3268.8424403315657,3021.1137995774734,2910.013545400317,-0.049249603214286,0.4013016666249996,1.1955456139912275,0.0650104215411878,0.0739711555614864,0.0398197776293673,0.0599937376161643,0.0019101211834392,0.0352448426416283,0.0078436132325006,431.3046705033975,,,,,,,0.110244,0.128774,1.0,,,,0.056466,,,,,
2008,FRA,1.0,11921.305668393332,5742.32629284,8906.35456105,4.234166666666666,3.6189333333333336,250.38101582480832,0.687783,138.23336752728324,-90.961326293136,22057.35045104924,0,0,0,10792.867760970832,9649.260847923331,8662.204632495834,5317.24647813,4739.74193533,4176.88491234,8239.036385809999,7248.98736657,6702.64734084,4.304166666666667,3.796666666666667,3.41,3.86405,2.88915,2.0710416666666664,248.313703828142,233.01559505281168,207.9715868646261,0.645355,0.646108,0.6738299999999999,134.45143429199993,132.48013249125594,130.29748736265788,-12.989176551504,30.671381913327107,12.046920559284,22202.17253075663,21841.591885557165,21450.00068291843,0.6152333333333324,0.4401166666666674,0.907516666666667,1.3389583333333337,0.1185175663785294,0.1218430350596273,0.1365775616889315,0.0656527249683143,0.0165088994927105,0.104554038130918,0.103798226988974,0.0216595647113687,1092.091002073999,928.00581836275,4837.728518674582,3870.032158275992,3027.124739990917,2838.029306355496,2368.1687999152823,1895.5773657715456,3890.821170153181,3038.904158099524,2617.192338988,-2.417575757575757,-3.0643650793650794,-3.623583333333333,-1.9031647726893937,-3.015115476150793,-4.024884999958333,131.35851151461165,121.58708858400897,101.3702344156146,0.1399369545454545,0.1473894761904762,0.1838670499999999,23.82683217587001,22.8962699167987,21.749306027610643,-91.1799046931583,-49.78217223919992,-71.82696527290518,3480.839338243233,3268.8424403315657,3021.1137995774734,-0.5144109848863635,-0.049249603214286,0.4013016666249996,0.0664824847310236,0.0575365399778035,0.0929900791150418,0.0023692828040253,7.206298276835055e-05,0.0541625588028834,0.0001466606855954,658.2670705326797,,,,0.128573,0.21924899999999997,5.0,,,,,,,,0.056466,,0.110244,,
2009,FRA,0.0,12011.083223198331,5990.691291749999,8879.35537093,3.64919166666667,0.647225,232.6021326534785,0.830389,138.35448826488386,-69.86152612197002,21244.207306860604,0,0,0,11921.305668393332,10792.867760970832,9649.260847923331,5742.32629284,5317.24647813,4739.74193533,8906.35456105,8239.036385809999,7248.98736657,4.234166666666666,4.304166666666667,3.796666666666667,3.6189333333333336,3.86405,2.88915,250.38101582480832,248.313703828142,233.01559505281168,0.687783,0.645355,0.646108,138.23336752728324,134.45143429199993,132.48013249125594,-90.961326293136,-12.989176551504,30.671381913327107,22057.35045104924,22202.17253075663,21841.591885557165,3.00196666666667,0.6152333333333324,0.4401166666666674,0.907516666666667,0.1045540381309179,0.0799435979615327,0.0809946872414978,0.0083254043767841,-0.0065228787636331,0.0075308491621872,0.1123404577796789,0.0071195113471349,821.3905033247495,1092.091002073999,5755.830403546012,4837.728518674582,3870.032158275992,3139.716542528301,2838.029306355496,2368.1687999152823,4388.973207560435,3890.821170153181,3038.904158099524,-2.382463768115943,-2.417575757575757,-3.0643650793650794,-2.065535144891303,-1.9031647726893937,-3.015115476150793,127.71458388020788,131.35851151461165,121.58708858400897,0.1762807391304348,0.1399369545454545,0.1473894761904762,26.572816186115475,23.82683217587001,22.8962699167987,-165.1877107524791,-91.1799046931583,-49.78217223919992,3184.676417742656,3480.839338243233,3268.8424403315657,-0.3169286232246392,-0.5144109848863635,-0.049249603214286,0.0494970253592747,0.0130218056079905,0.0331803828896517,-0.0550657324604151,-0.0229629908637011,0.0601256201267843,-0.0144003765208095,789.4389007172952,0.030753,0.152092,1.0,,,,,,,,,,0.128573,,0.056466,,0.110244,
2010,FRA,0.0,12394.070823849168,6542.61351155,9552.65587401,3.117017,0.376258333333334,244.53347617709517,0.852569,140.47286524699993,-82.3250161754417,21477.47740245256,0,0,0,12011.083223198331,11921.305668393332,10792.867760970832,5990.691291749999,5742.32629284,5317.24647813,8879.35537093,8906.35456105,8239.036385809999,3.64919166666667,4.234166666666666,4.304166666666667,0.647225,3.6189333333333336,3.86405,232.6021326534785,250.38101582480832,248.313703828142,0.830389,0.687783,0.645355,138.35448826488386,138.23336752728324,134.45143429199993,-69.86152612197002,-90.961326293136,-12.989176551504,21244.207306860604,22057.35045104924,22202.17253075663,2.7407586666666663,3.00196666666667,0.6152333333333324,0.4401166666666674,0.0075308491621873,0.0432516346588805,-0.0030314524236522,-0.0710073130455295,-0.0368649510281482,0.0318861832470804,0.0768674845572115,0.0604518137544884,489.33867434400105,821.3905033247495,5605.781691536596,5755.830403546012,4837.728518674582,3257.2600188329543,3139.716542528301,2838.029306355496,4179.100133792083,4388.973207560435,3890.821170153181,-2.8681694444444408,-2.382463768115943,-2.417575757575757,-4.951179513854166,-2.065535144891303,-1.9031647726893937,104.61425971386934,127.71458388020788,131.35851151461165,0.3115417083333334,0.1762807391304348,0.1399369545454545,25.58673624929463,26.572816186115475,23.82683217587001,-137.2050892999598,-165.1877107524791,-91.1799046931583,2238.8384228147443,3184.676417742656,3480.839338243233,2.083010069409725,-0.3169286232246392,-0.5144109848863635,-0.0496782081902938,-0.0242363231558785,-0.0522883821185266,-0.1320042876018411,-0.0523066722210988,0.0219196641712813,0.0395864884556717,481.1460733624598,,,,0.091457,0.091682,1.0,,,,0.030753,,,,0.128573,,,,0.110244
2011,FRA,0.0,13194.710619446669,6717.3932542,9931.35296925,3.321058,0.693358333333333,259.06372621080664,0.878344,143.43908739232012,-115.9823135000247,21842.23668701559,0,0,0,12394.070823849168,12011.083223198331,11921.305668393332,6542.61351155,5990.691291749999,5742.32629284,9552.65587401,8879.35537093,8906.35456105,3.117017,3.64919166666667,4.234166666666666,0.376258333333334,0.647225,3.6189333333333336,244.53347617709517,232.6021326534785,250.38101582480832,0.852569,0.830389,0.687783,140.47286524699993,138.35448826488386,138.23336752728324,-82.3250161754417,-69.86152612197002,-90.961326293136,21477.47740245256,21244.207306860604,22057.35045104924,2.627699666666667,2.7407586666666663,3.00196666666667,0.6152333333333324,0.0318861832470805,0.0921299718047686,0.0758276333081915,0.0512950736414421,0.0109804094933973,0.0645986138837351,0.0479903568467285,0.050476559955203,420.3202453810848,489.33867434400105,5764.538024525968,5605.781691536596,5755.830403546012,3678.891837879637,3257.2600188329543,3139.716542528301,4685.236631520401,4179.100133792083,4388.973207560435,-3.285617333333333,-2.8681694444444408,-2.382463768115943,-5.024098999966665,-4.951179513854166,-2.065535144891303,112.36103284893125,104.61425971386934,127.71458388020788,0.3212600399999999,0.3115417083333334,0.1762807391304348,26.68164378143892,25.58673624929463,26.572816186115475,-144.1803757814331,-137.2050892999598,-165.1877107524791,2382.554981494108,2238.8384228147443,3184.676417742656,1.7384816666333325,2.083010069409725,-0.3169286232246392,-0.0232529487641384,0.0256518607881711,0.028749386201589,-0.0042017222647927,-0.002281867023674,-0.0079104924162138,0.0278900829844006,127.22396831978136,0.051459,0.29425,1.0,0.330839,0.1199,1.0,,,,,0.030753,,0.091457,,0.128573,,,
2012,FRA,0.0,13386.3391642725,6939.44781784,10498.32284263,2.535992,0.0493333333333333,257.8824050698545,0.90604,146.24216731964805,-132.220980923802,21818.118066179795,0,0,0,13194.710619446669,12394.070823849168,12011.083223198331,6717.3932542,6542.61351155,5990.691291749999,9931.35296925,9552.65587401,8879.35537093,3.321058,3.117017,3.64919166666667,0.693358333333333,0.376258333333334,0.647225,259.06372621080664,244.53347617709517,232.6021326534785,0.878344,0.852569,0.830389,143.43908739232012,140.47286524699993,138.35448826488386,-115.9823135000247,-82.3250161754417,-69.86152612197002,21842.23668701559,21477.47740245256,21244.207306860604,2.4866586666666666,2.627699666666667,2.7407586666666663,3.00196666666667,0.0645986138837351,0.0267140558343317,0.039643121267492,0.0594202898550726,0.0169833392315141,0.014523133576223,0.0346718820976676,0.0286356863221943,492.6407618820015,420.3202453810848,6343.464819180161,5764.538024525968,5605.781691536596,3712.1757406111897,3678.891837879637,3257.2600188329543,4883.732317855769,4685.236631520401,4179.100133792083,-2.955206435897436,-3.285617333333333,-2.8681694444444408,-4.51376442304487,-5.024098999966665,-4.951179513854166,122.56970469614538,112.36103284893125,104.61425971386934,0.3346788846153846,0.3212600399999999,0.3115417083333334,28.621648858242224,26.68164378143892,25.58673624929463,-172.29227403749945,-144.1803757814331,-137.2050892999598,2655.6775359996755,2382.554981494108,2238.8384228147443,1.5585579871474355,1.7384816666333325,2.083010069409725,0.0103895998230816,-0.0407901296137926,-0.0085851012871739,0.0040915628394294,0.0038123373953896,-0.0208993633145992,0.0048871225603751,52.67406247339636,0.34642,0.174034,2.0,,,,,,,0.051459,,0.030753,0.330839,0.091457,,,,
2013,FRA,0.0,13603.759938338331,7196.24842377,10792.84097606,2.20435,0.0430666666666666,252.4445914624722,0.934132,147.50528358319613,-70.828032188523,21841.280960321223,0,0,0,13386.3391642725,13194.710619446669,12394.070823849168,6939.44781784,6717.3932542,6542.61351155,10498.32284263,9931.35296925,9552.65587401,2.535992,3.321058,3.117017,0.0493333333333333,0.693358333333333,0.376258333333334,257.8824050698545,259.06372621080664,244.53347617709517,0.90604,0.878344,0.852569,146.24216731964805,143.43908739232012,140.47286524699993,-132.220980923802,-115.9823135000247,-82.3250161754417,21818.118066179795,21842.23668701559,21477.47740245256,2.161283333333333,2.4866586666666666,2.627699666666667,2.7407586666666663,0.014523133576223,0.0330566568365133,0.0570888855864334,-0.0045599635202918,-0.0011042193700854,0.0162419890455276,0.0370026435690128,0.0254267980028245,382.0695888293333,492.6407618820015,6300.150222554877,6343.464819180161,5764.538024525968,3796.742313858182,3712.1757406111897,3678.891837879637,5269.82321650037,4883.732317855769,4685.236631520401,-3.630820345679013,-2.955206435897436,-3.285617333333333,-4.990612962932098,-4.51376442304487,-5.024098999966665,116.8487648627434,122.56970469614538,112.36103284893125,0.3499793703703703,0.3346788846153846,0.3212600399999999,30.364667716746368,28.621648858242224,26.68164378143892,-182.14974612655453,-172.29227403749945,-144.1803757814331,2533.2004879046326,2655.6775359996755,2382.554981494108,1.3597926172530856,1.5585579871474355,1.7384816666333325,-0.0400854804776258,-0.0328786774726189,0.0091908592351202,-0.0600460583374515,-0.014421849567571,-0.01773262731067,0.0014827493385903,122.79982637125482,0.012285,0.185057,1.0,,,,,,,0.34642,0.051459,,,0.330839,0.091457,,,
2014,FRA,0.0,14218.93718491,7473.928141009999,11201.94167825,1.666442,0.0572916666666667,247.823736705452,0.948887,148.2542546748897,-134.81066505003798,21940.470687708923,0,0,0,13603.759938338331,13386.3391642725,13194.710619446669,7196.24842377,6939.44781784,6717.3932542,10792.84097606,10498.32284263,9931.35296925,2.20435,2.535992,3.321058,0.0430666666666666,0.0493333333333333,0.693358333333333,252.4445914624722,257.8824050698545,259.06372621080664,0.934132,0.90604,0.878344,147.50528358319613,146.24216731964805,143.43908739232012,-70.828032188523,-132.220980923802,-115.9823135000247,21841.280960321223,21818.118066179795,21842.23668701559,1.6091503333333332,2.161283333333333,2.4866586666666666,2.627699666666667,0.0162419890455276,0.0370059135353413,0.0280538270583625,-0.0210864079924696,0.0010616357502132,0.045221118967115,0.0317879121684952,0.0284278952143123,329.01004704558346,382.0695888293333,6292.565631529463,6300.150222554877,6343.464819180161,3917.944980007533,3796.742313858182,3712.1757406111897,5376.133377912499,5269.82321650037,4883.732317855769,-3.832790190476192,-3.630820345679013,-2.955206435897436,-4.81864345235119,-4.990612962932098,-4.51376442304487,107.23778108169172,116.8487648627434,122.56970469614538,0.3655721071428572,0.3499793703703703,0.3346788846153846,30.543331561839224,30.364667716746368,28.621648858242224,-114.25144931532716,-182.14974612655453,-172.29227403749945,2465.891936049473,2533.2004879046326,2655.6775359996755,0.9858532618749988,1.3597926172530856,1.5585579871474355,-0.036881977583224,-0.0277116919785087,-0.0201846014868439,-0.0743485747230571,-0.0117218518706956,-0.0222653345838542,0.0044268177293631,7.316660263736537,0.019533,0.135906,1.0,,,,,,,0.012285,0.34642,0.051459,,,0.330839,,,
2015,FRA,0.0,14620.96011107,7776.868762319999,11717.89121617,0.8418583,-0.199075,243.20288194843175,0.955797,148.30987134011397,-53.06842842680319,22075.0075993006,0,0,0,14218.93718491,13603.759938338331,13386.3391642725,7473.928141009999,7196.24842377,6939.44781784,11201.94167825,10792.84097606,10498.32284263,1.666442,2.20435,2.535992,0.0572916666666667,0.0430666666666666,0.0493333333333333,247.823736705452,252.4445914624722,257.8824050698545,0.948887,0.934132,0.90604,148.2542546748897,147.50528358319613,146.24216731964805,-134.81066505003798,-70.828032188523,-132.220980923802,21940.470687708923,21841.280960321223,21818.118066179795,1.0409332999999998,1.6091503333333332,2.161283333333333,2.4866586666666666,0.0452211189671149,0.0385867330987063,0.0379048207137899,-0.0183044315992292,0.0045413878228064,0.0282737676474618,0.0253287471962885,0.0172487233450093,431.90400869641576,329.01004704558346,6690.757856324253,6292.565631529463,6300.150222554877,4060.52314621279,3917.944980007533,3796.742313858182,5599.85017051931,5376.133377912499,5269.82321650037,-4.238533011494253,-3.832790190476192,-3.630820345679013,-4.638258333304597,-4.81864345235119,-4.990612962932098,98.9190718046132,107.23778108169172,116.8487648627434,0.3677211724137931,0.3655721071428572,0.3499793703703703,30.239084323814154,30.543331561839224,30.364667716746368,-174.29437702803776,-114.25144931532716,-182.14974612655453,2480.050907021665,2465.891936049473,2533.2004879046326,0.3997253218103442,0.9858532618749988,1.3597926172530856,-0.0065856341765216,-0.025141169130197,-0.0096127292068864,-0.0689112920897075,-0.0078234622312919,-0.0278998575344366,-0.0069163103521384,-46.024291530157086,0.014103,0.190223,1.0,0.201616,0.128487,1.0,0.027855,0.099529,1.0,0.019533,0.012285,0.34642,,,,,,
2016,FRA,0.0,15238.136933230002,8159.9082929,12336.08477168,0.4678833,-0.55626666667,245.3917078859677,0.979568,148.5817750367696,-71.2229382436158,22243.41154401061,0,0,0,14620.96011107,14218.93718491,13603.759938338331,7776.868762319999,7473.928141009999,7196.24842377,11717.89121617,11201.94167825,10792.84097606,0.8418583,1.666442,2.20435,-0.199075,0.0572916666666667,0.0430666666666666,243.20288194843175,247.823736705452,252.4445914624722,0.955797,0.948887,0.934132,148.30987134011397,148.2542546748897,147.50528358319613,-53.06842842680319,-134.81066505003798,-70.828032188523,22075.0075993006,21940.470687708923,21841.280960321223,1.02414996667,1.0409332999999998,1.6091503333333332,2.161283333333333,0.0282737676474617,0.0405329855458125,0.0460589380608704,-0.0186457311089304,0.0061319063527221,0.0422117848261358,0.0299122918867014,0.0145588826499492,530.5153910835014,431.90400869641576,6869.755520606778,6690.757856324253,6292.565631529463,4228.112995982363,4060.52314621279,3917.944980007533,5929.138036088666,5599.85017051931,5376.133377912499,-4.921832277777778,-4.238533011494253,-3.832790190476192,-4.74001638886111,-4.638258333304597,-4.81864345235119,91.00091465410586,98.9190718046132,107.23778108169172,0.3623737999999999,0.3677211724137931,0.3655721071428572,29.286731511578,30.239084323814154,30.543331561839224,-86.7423278372017,-174.29437702803776,-114.25144931532716,2531.9194550459542,2480.050907021665,2465.891936049473,-0.1818158889166672,0.3997253218103442,0.9858532618749988,-0.0233058946625015,-0.0223279798165323,-0.0011271384388788,-0.0668763401480394,-0.0059631691416764,-0.022319889360651,-0.0093591399631936,58.574273510681,,,,0.19294,0.462247,1.0,0.21045899999999998,0.24255300000000002,2.0,0.014103,0.019533,0.012285,0.201616,,,0.027855,,
2017,FRA,0.0,15974.520821,8615.581942089999,13431.4411277,0.8098583,-0.6357326768545074,252.93099722636904,0.981321,150.11555907107788,-115.57861414455982,22726.543640919503,0,0,0,15238.136933230002,14620.96011107,14218.93718491,8159.9082929,7776.868762319999,7473.928141009999,12336.08477168,11717.89121617,11201.94167825,0.4678833,0.8418583,1.666442,-0.55626666667,-0.199075,0.0572916666666667,245.3917078859677,243.20288194843175,247.823736705452,0.979568,0.955797,0.948887,148.5817750367696,148.30987134011397,148.2542546748897,-71.2229382436158,-53.06842842680319,-134.81066505003798,22243.41154401061,22075.0075993006,21940.470687708923,1.4455909768545074,1.02414996667,1.0409332999999998,1.6091503333333332,0.0422117848261357,0.0492536960937131,0.0527563828768891,0.009,0.007628715140979,0.0483250604057872,0.0385688904802375,0.0090419128838687,588.3927730429994,530.5153910835014,7265.327325973013,6869.755520606778,6690.757856324253,4474.761784756482,4228.112995982363,4060.52314621279,6356.069074305485,5929.138036088666,5599.85017051931,-5.137038494623656,-4.921832277777778,-4.238533011494253,-4.94430430105172,-4.74001638886111,-4.638258333304597,90.25422721570284,91.00091465410586,98.9190718046132,0.374455322580645,0.3623737999999999,0.3677211724137931,28.6139019336666,29.286731511578,30.239084323814154,-102.09869804636264,-86.7423278372017,-174.29437702803776,2618.6485786254525,2531.9194550459542,2480.050907021665,-0.1927341935719362,-0.1818158889166672,0.3997253218103442,-0.0085910143284108,-0.0128630032747473,0.0056078776584358,-0.0370013977008409,-0.004267588048697,-0.0128936394098511,-0.014553380765026,155.09371755809957,,,,0.0576585,0.2371835,2.0,0.141537,0.294896,1.0,,0.014103,0.019533,0.19294,0.201616,,0.21045899999999998,0.027855,
2018,FRA,0.0,16943.15284419,9100.92452639,14181.18685956,0.7841083,-0.6143559839129322,260.65454535037696,0.977815,152.89392048052804,-128.82387316027018,23071.73251827475,0,0,0,15974.520821,15238.136933230002,14620.96011107,8615.581942089999,8159.9082929,7776.868762319999,13431.4411277,12336.08477168,11717.89121617,0.8098583,0.4678833,0.8418583,-0.6357326768545074,-0.55626666667,-0.199075,252.93099722636904,245.3917078859677,243.20288194843175,0.981321,0.979568,0.955797,150.11555907107788,148.5817750367696,148.30987134011397,-115.57861414455982,-71.2229382436158,-53.06842842680319,22726.543640919503,22243.41154401061,22075.0075993006,1.3984642839129322,1.4455909768545074,1.02414996667,1.0409332999999998,0.0483250604057872,0.0558429865672,0.0887928687499468,0.0307234886025766,0.0217202336949516,0.0606360612655525,0.0396035376264616,0.0102769548218806,770.2962087129993,588.3927730429994,7774.6697348063535,7265.327325973013,6869.755520606778,4790.59912817284,4474.761784756482,4228.112995982363,7252.798271753438,6356.069074305485,5929.138036088666,-4.6345310416666665,-5.137038494623656,-4.921832277777778,-4.869260801828361,-4.94430430105172,-4.74001638886111,94.9730719556135,90.25422721570284,91.00091465410586,0.3645065937499999,0.374455322580645,0.3623737999999999,29.253501532547787,28.6139019336666,29.286731511578,-143.26378963335785,-102.09869804636264,-86.7423278372017,3019.947907452304,2618.6485786254525,2531.9194550459542,0.2347297601616944,-0.1927341935719362,-0.1818158889166672,-0.0022006092542944,-0.0058587772117524,0.0414634642521891,-0.0140843156240436,0.0099615946358786,-0.0114292042832986,-0.0128332261348466,207.6230402914561,0.0243215,0.193579,2.0,0.10206499999999999,0.24567,2.0,,,,,,0.014103,0.0576585,0.19294,0.201616,0.141537,0.21045899999999998,0.027855
2019,FRA,0.0,17876.65837003,9679.07846662,15241.38392038,0.1302,-0.5659576740607989,269.2295082282125,0.974591,154.58837488104194,-46.5304268833245,23443.58862098411,0,0,0,16943.15284419,15974.520821,15238.136933230002,9100.92452639,8615.581942089999,8159.9082929,14181.18685956,13431.4411277,12336.08477168,0.7841083,0.8098583,0.4678833,-0.6143559839129322,-0.6357326768545074,-0.55626666667,260.65454535037696,252.93099722636904,245.3917078859677,0.977815,0.981321,0.979568,152.89392048052804,150.11555907107788,148.5817750367696,-128.82387316027018,-115.57861414455982,-71.2229382436158,23071.73251827475,22726.543640919503,22243.41154401061,0.6961576740607989,1.3984642839129322,1.4455909768545074,1.02414996667,0.0606360612655525,0.0563331168529591,0.0558202001357679,0.0305361865833133,0.0151887978572213,0.055096329143965,0.0503909688324918,0.0093842673555083,888.4196333590016,770.2962087129993,8507.705705426466,7774.6697348063535,7265.327325973013,5130.772041922148,4790.59912817284,4474.761784756482,7782.762237802726,7252.798271753438,6356.069074305485,-4.519840707070707,-4.6345310416666665,-5.137038494623656,-4.700330751255623,-4.869260801828361,-4.94430430105172,99.8186482021786,94.9730719556135,90.25422721570284,0.3499549393939394,0.3645065937499999,0.374455322580645,31.145393198587414,29.253501532547787,28.6139019336666,-152.1677216904816,-143.26378963335785,-102.09869804636264,3273.6232118544467,3019.947907452304,2618.6485786254525,0.1804900441849162,0.2347297601616944,-0.1927341935719362,0.0101791606446674,-0.0051855601381261,0.0071950623801293,-0.0138314827800556,0.0031188589657771,-0.0002730890681297,-0.0133119385646109,382.6057079517408,,,,,,,,,,0.0243215,,,0.10206499999999999,0.0576585,0.19294,,0.141537,0.21045899999999998
2020,FRA,0.0,19296.51009438,10169.216096589998,17671.284792899998,-0.1452667,-0.5716440491593455,284.2508970993145,1.150422,155.3249867137966,-286.858598320098,21525.949965130512,0,0,0,17876.65837003,16943.15284419,15974.520821,9679.07846662,9100.92452639,8615.581942089999,15241.38392038,14181.18685956,13431.4411277,0.1302,0.7841083,0.8098583,-0.5659576740607989,-0.6143559839129322,-0.6357326768545074,269.2295082282125,260.65454535037696,252.93099722636904,0.974591,0.977815,0.981321,154.58837488104194,152.89392048052804,150.11555907107788,-46.5304268833245,-128.82387316027018,-115.57861414455982,23443.58862098411,23071.73251827475,22726.543640919503,0.4263773491593455,0.6961576740607989,1.3984642839129322,1.4455909768545074,0.0550963291439649,0.0635269459221999,0.0747608131335839,0.0328978068128791,0.0161173896418405,0.0794248955794985,0.0546858169384349,0.006165758326877,1089.9473345980002,888.4196333590016,9190.984592871568,8507.705705426466,7774.6697348063535,5558.020922095616,5130.772041922148,4790.59912817284,8614.054526922648,7782.762237802726,7252.798271753438,-5.040812515686275,-4.519840707070707,-4.6345310416666665,-4.513687419307736,-4.700330751255623,-4.869260801828361,105.45776848583245,99.8186482021786,94.9730719556135,0.3364381470588237,0.3499549393939394,0.3645065937499999,31.923806622672277,31.145393198587414,29.253501532547787,-65.39875418734528,-152.1677216904816,-143.26378963335785,3549.1962789210265,3273.6232118544467,3019.947907452304,-0.5271250963785381,0.1804900441849162,0.2347297601616944,0.0043309691096051,0.0021654071171185,0.025917643184608,-0.0110507267086699,0.0039529398726455,0.0040302930711923,-0.0161144495130981,488.3870129863967,,,,,,,,,,,0.0243215,,,0.10206499999999999,0.0576585,,,0.141537
1989,GBR,0.0,481.479,205.71790625,377.04590207645685,9.260833333333332,13.28,101.21951219512196,0.32539,93.48180970149254,-24.576,16413.722920989137,0,1,1,399.853,322.353,272.821,177.99871875,147.133015625,124.574421875,319.31300563830604,272.49114770800884,233.5190515402307,9.123333333333331,9.315,9.463333333333331,9.8,9.23,10.34,83.62369337979094,66.72473867595818,57.14285714285713,0.3707999999999999,0.39335,0.41274,88.82929104477613,85.61100746268657,82.95242537313432,-19.251,-7.435,-3.965,16109.99642527258,15393.437392618882,14741.815746318509,-4.019166666666667,-0.6766666666666676,0.084999999999999,-0.8766666666666669,0.2404196641569956,0.2097809454518884,0.1718289137982189,0.2532637075718016,0.0465496441358372,0.2041400214578859,0.2001964109013569,0.0348653686576083,70.34740000000004,55.46630000000001,124.303,70.2045,41.34500000000003,52.94042708333332,33.11208593750001,21.106984375,83.39657046355532,54.86206879988717,31.779945264218043,-0.4994444444444443,-0.4616666666666678,-0.6266666666666669,-0.5899999999999999,-1.7399999999999984,-1.2599999999999998,25.60975609756097,13.066202090592334,6.968641114982574,-0.03558,-0.0195449999999999,-0.00031,5.880752487562205,3.993703358208976,2.6702425373134275,-15.148333333333332,-4.9985,-3.057,1343.3966770353854,940.2564665725332,577.2696405443166,0.0905555555555549,1.2783333333333324,0.6333333333333329,0.0603348798834578,0.0172401086159006,0.009618736157292,0.099977799712723,0.0040712388192557,0.0201116266278192,0.0327862559716263,-232477.0576601265,,,,,,,,,,,,,,,,,,
1990,GBR,0.0,541.905,232.99240625,422.2044897935093,10.879166666666668,14.09,100.0,0.28559,100.0,-20.171,16429.911584495658,1,1,1,481.479,399.853,322.353,205.71790625,177.99871875,147.133015625,377.04590207645685,319.31300563830604,272.49114770800884,9.260833333333332,9.123333333333331,9.315,13.28,9.8,9.23,101.21951219512196,83.62369337979094,66.72473867595818,0.32539,0.3707999999999999,0.39335,93.48180970149254,88.82929104477613,85.61100746268657,-24.576,-19.251,-7.435,16413.722920989137,16109.99642527258,15393.437392618882,-3.210833333333332,-4.019166666666667,-0.6766666666666676,0.084999999999999,0.2041400214578858,0.155726893399338,0.180803460613021,0.2104166666666667,0.018853293799624,0.1255008006579725,0.2087048748558426,0.0296966729324096,74.02819999999998,70.34740000000004,174.85325,124.303,70.2045,67.4245078125,52.94042708333332,33.11208593750001,120.2803242858173,83.39657046355532,54.86206879988717,-0.2370833333333344,-0.4994444444444443,-0.4616666666666678,3.0375,-0.5899999999999999,-1.7399999999999984,36.80313588850174,25.60975609756097,13.066202090592334,-0.0720949999999999,-0.03558,-0.0195449999999999,9.063083022388057,5.880752487562205,3.993703358208976,-16.68625,-15.148333333333332,-4.9985,1311.2740034930976,1343.3966770353854,940.2564665725332,-3.274583333333333,0.0905555555555549,1.2783333333333324,0.0039436105565288,-0.0425606463086166,0.01538703758633,0.0238048255700137,-0.024982191123376,0.0185642772683953,0.0112244322606144,14.881100000000025,,,,,,,,,,,,,,,,,,
1991,GBR,1.0,566.747,255.77253125,447.46733266547307,9.989166666666666,10.82,98.60627177700349,0.28498,107.53264925373134,-8.818,16155.29227957883,0,0,0,541.905,481.479,399.853,232.99240625,205.71790625,177.99871875,422.2044897935093,377.04590207645685,319.31300563830604,10.879166666666668,9.260833333333332,9.123333333333331,14.09,13.28,9.8,100.0,101.21951219512196,83.62369337979094,0.28559,0.32539,0.3707999999999999,100.0,93.48180970149254,88.82929104477613,-20.171,-24.576,-19.251,16429.911584495658,16413.722920989137,16109.99642527258,-0.8308333333333344,-3.210833333333332,-4.019166666666667,-0.6766666666666676,0.1255008006579724,0.1325820415790858,0.1197694696278525,-0.0120481927710843,0.000986288338389,0.0458419833734695,0.1900201620909513,0.058746183862301,56.11079999999994,74.02819999999998,200.3086,174.85325,124.303,81.21410624999999,67.4245078125,52.94042708333332,141.38284714570625,120.2803242858173,83.39657046355532,1.4286666666666683,-0.2370833333333344,-0.4994444444444443,3.24,3.0375,-0.5899999999999999,28.22299651567945,36.80313588850174,25.60975609756097,-0.097476,-0.0720949999999999,-0.03558,13.768656716417908,9.063083022388057,5.880752487562205,-8.943999999999999,-16.68625,-15.148333333333332,1065.207866300998,1311.2740034930976,1343.3966770353854,-1.8113333333333312,-3.274583333333333,0.0905555555555549,-0.0756815128825167,-0.0550653365517146,-0.0494937127954209,-0.2046112402602407,-0.036603648803767,-0.0063085279192944,0.036532465770301,11.121349999999964,,,,,,,,,,,,,,,,,,
1992,GBR,0.0,573.264,274.2781875,462.9352348487324,9.163333333333332,8.94,94.77351916376308,0.33241,112.11520522388064,-10.648,16133.494698974384,0,0,0,566.747,541.905,481.479,255.77253125,232.99240625,205.71790625,447.46733266547307,422.2044897935093,377.04590207645685,9.989166666666666,10.879166666666668,9.260833333333332,10.82,14.09,13.28,98.60627177700349,100.0,101.21951219512196,0.28498,0.28559,0.32539,107.53264925373134,100.0,93.48180970149254,-8.818,-20.171,-24.576,16155.29227957883,16429.911584495658,16413.722920989137,0.2233333333333327,-0.8308333333333344,-3.210833333333332,-4.019166666666667,0.0458419833734694,0.0977719633298134,0.0598355618726822,-0.0139372822299651,-0.0167145942024408,0.0114989580888826,0.1251609351631093,0.0791495663080966,30.01970000000001,56.11079999999994,191.7658333333333,200.3086,174.85325,90.458546875,81.21410624999999,67.4245078125,143.08188216005232,141.38284714570625,120.2803242858173,0.3005555555555546,1.4286666666666683,-0.2370833333333344,-0.5700000000000003,3.24,3.0375,22.125435540069688,28.22299651567945,36.80313588850174,-0.0818399999999999,-0.097476,-0.0720949999999999,19.006529850746247,13.768656716417908,9.063083022388057,3.8996666666666666,-8.943999999999999,-16.68625,613.0539170006723,1065.207866300998,1311.2740034930976,0.8705555555555546,-1.8113333333333312,-3.274583333333333,-0.1402040275905163,-0.0788623474906441,-0.099528877991507,-0.1655780816670734,-0.0469838015838435,-0.0695906228673128,0.0478027317735213,-10.503166666666743,,,,,,,,,,,,,,,,,,
1993,GBR,0.0,581.788,290.81390625,483.5037384123944,7.687500000000001,5.21,92.50871080139372,0.37994,114.9253731343284,-9.648,16458.296159635553,0,0,0,573.264,566.747,541.905,274.2781875,255.77253125,232.99240625,462.9352348487324,447.46733266547307,422.2044897935093,9.163333333333332,9.989166666666666,10.879166666666668,8.94,10.82,14.09,94.77351916376308,98.60627177700349,100.0,0.33241,0.28498,0.28559,112.11520522388064,107.53264925373134,100.0,-10.648,-8.818,-20.171,16133.494698974384,16155.29227957883,16429.911584495658,2.477500000000001,0.2233333333333327,-0.8308333333333344,-3.210833333333332,0.0114989580888827,0.0723520080892189,0.034567667970576,-0.03886925795053,-0.0013492532494754,0.0148692400011163,0.0609472473734415,0.0584827476925334,12.61660000000003,30.01970000000001,170.8877142857143,191.7658333333333,200.3086,96.04155357142858,90.458546875,81.21410624999999,138.1095154633042,143.08188216005232,141.38284714570625,-0.5682142857142871,0.3005555555555546,1.4286666666666683,-2.3685714285714283,-0.5700000000000003,3.24,15.131906421105043,22.125435540069688,28.22299651567945,-0.0227185714285714,-0.0818399999999999,-0.097476,20.87386727078895,19.006529850746247,13.768656716417908,1.5125714285714285,3.8996666666666666,-8.943999999999999,503.67720539612856,613.0539170006723,1065.207866300998,1.8003571428571423,0.8705555555555546,-1.8113333333333312,-0.1511797149433503,-0.0911385781494646,-0.1082086255616954,-0.162913710443126,-0.0237878270335708,-0.119886186083518,0.0175753668032539,-33.968474999999984,,,,,,,,,,,,,,,,,,
1994,GBR,0.0,598.45,308.98890625,506.3772706370358,8.1775,5.15,94.77351916376308,0.4079,117.19916044776122,-3.446,17117.9416871969,0,0,0,581.788,573.264,566.747,290.81390625,274.2781875,255.77253125,483.5037384123944,462.9352348487324,447.46733266547307,7.687500000000001,9.163333333333332,9.989166666666666,5.21,8.94,10.82,92.50871080139372,94.77351916376308,98.60627177700349,0.37994,0.33241,0.28498,114.9253731343284,112.11520522388064,107.53264925373134,-9.648,-10.648,-8.818,16458.296159635553,16133.494698974384,16155.29227957883,3.0275,2.477500000000001,0.2233333333333327,-0.8308333333333344,0.0148692400011164,0.0602881290004149,0.0444306287690175,-0.0238970588235293,0.0201321205802867,0.0286392981635923,0.0240700604878228,0.0189301920129166,10.363300000000065,12.61660000000003,158.05075,170.8877142857143,191.7658333333333,100.57207812500002,96.04155357142858,90.458546875,141.4143295940532,138.1095154633042,143.08188216005232,-1.973020833333332,-0.5682142857142871,0.3005555555555546,-5.802499999999999,-2.3685714285714283,-0.5700000000000003,10.975609756097567,15.131906421105043,22.125435540069688,0.02765125,-0.0227185714285714,-0.0818399999999999,21.0748017723881,20.87386727078895,19.006529850746247,2.323500000000001,1.5125714285714285,3.8996666666666666,765.5190153827807,503.67720539612856,613.0539170006723,3.829479166666668,1.8003571428571423,0.8705555555555546,-0.1262123308963524,-0.0901826603597737,-0.0828872896830116,-0.1246681241099645,0.0010918078009871,-0.136782341955217,-0.0249064166769052,-44.577879999999965,,,,,,,,,,,,,,,,,,
1995,GBR,0.0,637.681,323.62875,555.9452065361558,8.243333333333334,6.33,95.47038327526133,0.43738,120.31249999999996,-5.28,17585.527396276437,0,0,0,598.45,581.788,573.264,308.98890625,290.81390625,274.2781875,506.3772706370358,483.5037384123944,462.9352348487324,8.1775,7.687500000000001,9.163333333333332,5.15,5.21,8.94,94.77351916376308,92.50871080139372,94.77351916376308,0.4079,0.37994,0.33241,117.19916044776122,114.9253731343284,112.11520522388064,-3.446,-9.648,-10.648,17117.9416871969,16458.296159635553,16133.494698974384,1.913333333333334,3.0275,2.477500000000001,0.2233333333333327,0.0286392981635922,0.0624970113512238,0.0473078704618657,0.0244821092278719,0.0400798187833773,0.06555434873423,0.0183358320845304,0.0090807907130252,20.991300000000034,10.363300000000065,157.1515555555556,158.05075,170.8877142857143,107.5724027777778,100.57207812500002,96.04155357142858,148.57515853046647,141.4143295940532,138.1095154633042,-1.2637962962962952,-1.973020833333332,-0.5682142857142871,-5.217777777777778,-5.802499999999999,-2.3685714285714283,12.020905923344955,10.975609756097567,15.131906421105043,0.0525388888888889,0.02765125,-0.0227185714285714,21.006944444444457,21.0748017723881,20.87386727078895,8.267333333333333,2.323500000000001,1.5125714285714285,1340.1068745682642,765.5190153827807,503.67720539612856,3.9539814814814815,3.829479166666668,1.8003571428571423,-0.0966657313718324,-0.076700945463993,-0.0696491367797869,-0.0607054405448176,0.0209030300289543,-0.1229762357934784,-0.0311977584515243,-39.40153333333327,,,,,,,,,,,,,,,,,,
1996,GBR,0.0,682.394,341.63290625,608.5220181546184,8.0325,5.78,93.36297748427764,0.4384599999999999,123.2003710766023,-4.695,18044.003183377976,0,0,0,637.681,598.45,581.788,323.62875,308.98890625,290.81390625,555.9452065361558,506.3772706370358,483.5037384123944,8.243333333333334,8.1775,7.687500000000001,6.33,5.15,5.21,95.47038327526133,94.77351916376308,92.50871080139372,0.43738,0.4079,0.37994,120.31249999999996,117.19916044776122,114.9253731343284,-5.28,-3.446,-9.648,17585.527396276437,17117.9416871969,16458.296159635553,2.2525000000000004,1.913333333333334,3.0275,2.477500000000001,0.06555434873423,0.0473798361490527,0.097887363381777,0.0073529411764704,0.0273155334691471,0.0701181311658962,0.0363542956329795,0.026208509138949,34.104900000000015,20.991300000000034,180.6674,157.1515555555556,158.05075,111.45500625000004,107.5724027777778,100.57207812500002,183.28557857653976,148.57515853046647,141.4143295940532,-1.0715833333333329,-1.2637962962962952,-1.973020833333332,-3.516,-5.217777777777778,-5.802499999999999,11.5156794425087,12.020905923344955,10.975609756097567,0.0767649999999999,0.0525388888888889,0.02765125,22.01958955223877,21.006944444444457,21.0748017723881,5.606599999999999,8.267333333333333,2.323500000000001,1673.681896190974,1340.1068745682642,765.5190153827807,2.444416666666668,3.9539814814814815,3.829479166666668,-0.0490100439821021,-0.0832957933923871,-0.0113308508843438,-0.0710895596467949,0.0058161858226181,-0.0895857427708445,-0.01017032021916,-23.144742857142838,,,,,,,,,,,,,,,,,,
1997,GBR,0.0,699.787,361.34421875,680.1278000000001,7.125833333333335,6.48,98.9412155349066,0.43267,125.448292773266,-1.308,19115.072462085736,0,0,0,682.394,637.681,598.45,341.63290625,323.62875,308.98890625,608.5220181546184,555.9452065361558,506.3772706370358,8.0325,8.243333333333334,8.1775,5.78,6.33,5.15,93.36297748427764,95.47038327526133,94.77351916376308,0.4384599999999999,0.43738,0.4079,123.2003710766023,120.31249999999996,117.19916044776122,-4.695,-5.28,-3.446,18044.003183377976,17585.527396276437,17117.9416871969,0.6458333333333348,2.2525000000000004,1.913333333333334,3.0275,0.0701181311658963,0.0556321286350486,0.0945719308311786,-0.0220739219712523,0.0260711991611134,0.0254882076923301,0.0547705926879062,0.0227451190952745,34.87240000000006,34.104900000000015,208.9560909090909,180.6674,157.1515555555556,119.3268892045455,111.45500625000004,107.5724027777778,219.2000648698624,183.28557857653976,148.57515853046647,-1.1849999999999987,-1.0715833333333329,-1.2637962962962952,-3.746363636363637,-3.516,-5.217777777777778,8.361393702206058,11.5156794425087,12.020905923344955,0.0708663636363636,0.0767649999999999,0.0525388888888889,22.90567976045574,22.01958955223877,21.006944444444457,5.681909090909091,5.606599999999999,8.267333333333333,1980.004783638788,1673.681896190974,1340.1068745682642,2.561363636363637,2.444416666666668,3.9539814814814815,-0.0395452571522256,-0.0667139215671525,-0.0135131983465078,-0.0934074668298382,0.0039902329323225,-0.0612154742969351,-0.0125036746829278,-7.13805,,,,0.107263,0.185465,2.0,,,,,,,,,,,,
1998,GBR,0.0,743.652,381.485375,741.3339,5.532583333333334,6.82,106.1287306725887,0.40929,127.40202137291485,-3.548,19724.085413065444,0,0,0,699.787,682.394,637.681,361.34421875,341.63290625,323.62875,680.1278000000001,608.5220181546184,555.9452065361558,7.125833333333335,8.0325,8.243333333333334,6.48,5.78,6.33,98.9412155349066,93.36297748427764,95.47038327526133,0.43267,0.4384599999999999,0.43738,125.448292773266,123.2003710766023,120.31249999999996,-1.308,-4.695,-5.28,19115.072462085736,18044.003183377976,17585.527396276437,-1.2874166666666662,0.6458333333333348,2.2525000000000004,1.913333333333334,0.0254882076923302,0.0576973474726571,0.1176716367018743,0.0597478593864289,0.0593587391790322,0.0626833593650639,0.0537202291974855,0.0245559016576781,33.53060000000009,34.87240000000006,208.93608333333333,208.9560909090909,180.6674,129.0942942708333,119.3268892045455,111.45500625000004,272.53917464275554,219.2000648698624,183.28557857653976,-1.992916666666665,-1.1849999999999987,-1.0715833333333329,-2.734166666666665,-3.746363636363637,-3.516,13.242848944317828,8.361393702206058,11.5156794425087,0.0591708333333333,0.0708663636363636,0.0767649999999999,23.244794810414817,22.90567976045574,22.01958955223877,8.595416666666667,5.681909090909091,5.606599999999999,2886.0736637099835,1980.004783638788,1673.681896190974,0.7412500000000015,2.561363636363637,2.444416666666668,-0.0805801572483167,-0.0585838007688938,0.0108149801011431,-0.0030940975785352,0.0369150245018484,-0.0561442903576623,-0.0094425246522314,-5.577433333333289,,,,,,,0.15117,0.211853,1.0,,,,0.107263,,,,,
1999,GBR,0.0,804.527,411.17071875,770.6917,4.8460833333333335,5.04,113.6657393364156,0.39431,129.09482516187444,-25.143,20269.481542579528,0,0,0,743.652,699.787,682.394,381.485375,361.34421875,341.63290625,741.3339,680.1278000000001,608.5220181546184,5.532583333333334,7.125833333333335,8.0325,6.82,6.48,5.78,106.1287306725887,98.9412155349066,93.36297748427764,0.40929,0.43267,0.4384599999999999,127.40202137291485,125.448292773266,123.2003710766023,-3.548,-1.308,-4.695,19724.085413065444,19115.072462085736,18044.003183377976,-0.1939166666666665,-1.2874166666666662,0.6458333333333348,2.2525000000000004,0.0626833593650639,0.0557395281420978,0.089992057375099,0.0726442979179525,0.0318603527236252,0.0818595256921248,0.0527632327410968,0.0239115913625745,41.02639999999999,33.53060000000009,236.72907692307692,208.93608333333333,208.9560909090909,139.30512019230767,129.0942942708333,119.3268892045455,312.78072274715885,272.53917464275554,219.2000648698624,-3.432865384615384,-1.992916666666665,-1.1849999999999987,-2.1838461538461527,-2.734166666666665,-3.746363636363637,19.41168339397551,13.242848944317828,8.361393702206058,0.0312392307692308,0.0591708333333333,0.0708663636363636,23.410462270800963,23.244794810414817,22.90567976045574,5.694230769230769,8.595416666666667,5.681909090909091,3273.080948250463,2886.0736637099835,1980.004783638788,-1.2490192307692305,0.7412500000000015,2.561363636363637,-0.0366699924715566,-0.0556596367020452,-0.0177658475673941,0.0100601824178662,0.0063403860046208,-0.0519972604178999,-0.009228423615314,-6.361489999999925,,,,0.086357,0.14781,1.0,,,,,,,,0.107263,,0.15117,,
2000,GBR,0.0,891.539,442.593125,831.569,4.912916666666667,5.8,129.07960898949307,0.36734,130.12300915002194,-24.482,21045.72001977542,0,0,0,804.527,743.652,699.787,411.17071875,381.485375,361.34421875,770.6917,741.3339,680.1278000000001,4.8460833333333335,5.532583333333334,7.125833333333335,5.04,6.82,6.48,113.6657393364156,106.1287306725887,98.9412155349066,0.39431,0.40929,0.43267,129.09482516187444,127.40202137291485,125.448292773266,-25.143,-3.548,-1.308,20269.481542579528,19724.085413065444,19115.072462085736,-0.887083333333333,-0.1939166666666665,-1.2874166666666662,0.6458333333333348,0.0818595256921248,0.0778151554302704,0.0396013186500711,0.0710176086726117,0.0276512759954287,0.1081529892719572,0.0566770309165063,0.0286616182259909,63.6131,41.02639999999999,280.6948571428572,236.72907692307692,208.93608333333333,159.0400982142857,139.30512019230767,129.0942942708333,319.7970425509332,312.78072274715885,272.53917464275554,-3.874160714285714,-3.432865384615384,-1.992916666666665,-3.8078571428571424,-2.1838461538461527,-2.734166666666665,25.56214324394702,19.41168339397551,13.242848944317828,0.0140278571428571,0.0312392307692308,0.0591708333333333,23.43109018327479,23.410462270800963,23.244794810414817,-16.3075,5.694230769230769,8.595416666666667,3584.6855814609407,3273.080948250463,2886.0736637099835,-0.0663035714285713,-1.2490192307692305,0.7412500000000015,-0.0146730574928375,-0.0293024988983307,-0.0667899826333916,0.0076596329865357,0.0016435872760688,-0.0437503572076654,-0.0037093614506214,1.7126272727272325,,,,,,,0.060894,0.258983,1.0,,,,0.086357,,0.107263,,0.15117,
2001,GBR,0.0,979.148,483.93465625,884.8511,5.054333333333333,4.76,142.23101020665365,0.33999,131.72809207638275,-22.173,21567.35402910252,0,0,0,891.539,804.527,743.652,442.593125,411.17071875,381.485375,831.569,770.6917,741.3339,4.912916666666667,4.8460833333333335,5.532583333333334,5.8,5.04,6.82,129.07960898949307,113.6657393364156,106.1287306725887,0.36734,0.39431,0.40929,130.12300915002194,129.09482516187444,127.40202137291485,-24.482,-25.143,-3.548,21045.72001977542,20269.481542579528,19724.085413065444,0.2943333333333333,-0.887083333333333,-0.1939166666666665,-1.2874166666666662,0.1081529892719572,0.0764217995520868,0.0789904705085055,0.1356069977027743,0.0382959216576541,0.0982671537644455,0.0842319581097153,0.0228274645471083,79.35000000000002,63.6131,348.9938666666666,280.6948571428572,236.72907692307692,179.85983125,159.0400982142857,139.30512019230767,359.35453971420435,319.7970425509332,312.78072274715885,-3.5490500000000003,-3.874160714285714,-3.432865384615384,-2.794,-3.8078571428571424,-2.1838461538461527,39.27187001409466,25.56214324394702,19.41168339397551,-0.0138773333333333,0.0140278571428571,0.0312392307692308,22.897201492537302,23.43109018327479,23.410462270800963,-14.559333333333331,-16.3075,5.694230769230769,4121.94501989277,3584.6855814609407,3273.080948250463,-0.7550499999999998,-0.0663035714285713,-1.2490192307692305,0.0126684816221975,-0.0286028191409192,-0.022630117729715,0.0717019053748029,0.0121708338471464,-0.012830017921559,-0.0092581796333024,24.15660833333331,,,,,,,0.4301775,0.170744,2.0,,,,,0.086357,,0.060894,,0.15117
2002,GBR,0.0,1090.4,546.14125,944.9553,5.04675,3.86,167.9424856634055,0.34215,133.38643409789282,-22.221,22008.006231145475,0,0,0,979.148,891.539,804.527,483.93465625,442.593125,411.17071875,884.8511,831.569,770.6917,5.054333333333333,4.912916666666667,4.8460833333333335,4.76,5.8,5.04,142.23101020665365,129.07960898949307,113.6657393364156,0.33999,0.36734,0.39431,131.72809207638275,130.12300915002194,129.09482516187444,-22.173,-24.482,-25.143,21567.35402910252,21045.72001977542,20269.481542579528,1.1867500000000004,0.2943333333333333,-0.887083333333333,-0.1939166666666665,0.0982671537644455,0.0934075314658356,0.0640741778493426,0.1018859703722149,0.0247857525823279,0.1136212298855741,0.0960932229095092,0.0132808523174353,94.52279999999998,79.35000000000002,414.79075,348.9938666666666,280.6948571428572,209.96012304687497,179.85983125,159.0400982142857,390.1769809820666,359.35453971420435,319.7970425509332,-3.1858177083333343,-3.5490500000000003,-3.874160714285714,-3.6593750000000007,-2.794,-3.8078571428571424,49.96877935537434,39.27187001409466,25.56214324394702,-0.04036,-0.0138773333333333,0.0140278571428571,23.07120932561453,22.897201492537302,23.43109018327479,-11.340374999999998,-14.559333333333331,-16.3075,4385.957465476571,4121.94501989277,3584.6855814609407,0.4735572916666665,-0.7550499999999998,-0.0663035714285713,0.001938080673206,-0.0097102326177759,-0.0360377358735636,0.0332007510192566,-0.0021507241513228,-5.232327022526573e-05,-0.0181434933177395,38.0353076923077,,,,0.048823,0.260256,1.0,0.24675350000000001,0.30120749999999996,2.0,,,,,,0.086357,0.4301775,0.060894,
2003,GBR,0.0,1193.615,621.63825,1006.433,4.884833333333334,3.56,199.78014074511,0.35398,135.20261399802453,-19.196,22762.765048987072,0,0,0,1090.4,979.148,891.539,546.14125,483.93465625,442.593125,944.9553,884.8511,831.569,5.04675,5.054333333333333,4.912916666666667,3.86,4.76,5.8,167.9424856634055,142.23101020665365,129.07960898949307,0.34215,0.33999,0.36734,133.38643409789282,131.72809207638275,130.12300915002194,-22.221,-22.173,-24.482,22008.006231145475,21567.35402910252,21045.72001977542,1.3248333333333338,1.1867500000000004,0.2943333333333333,-0.887083333333333,0.113621229885574,0.1285433744961307,0.0679257786988117,0.1807726417705571,0.0204314447404326,0.0946579236977256,0.1066804576406589,0.0077822346043558,101.74799999999992,94.52279999999998,501.6432941176472,414.79075,348.9938666666666,259.81612132352944,209.96012304687497,179.85983125,427.3295938654745,390.1769809820666,359.35453971420435,-3.006,-3.1858177083333343,-3.5490500000000003,-4.344117647058823,-3.6593750000000007,-2.794,72.74091485004534,49.96877935537434,39.27187001409466,-0.035825882352941,-0.04036,-0.0138773333333333,23.37242138679433,23.07120932561453,22.897201492537302,-10.72129411764706,-11.340374999999998,-14.559333333333331,4568.612169550317,4385.957465476571,4121.94501989277,1.338117647058824,0.4735572916666665,-0.7550499999999998,0.0171710267522591,0.0260324999511301,-0.0299337765319968,0.1100123754788953,-0.0063706117337605,0.0105383996789395,-0.0224325448096364,50.49129999999996,,,,0.332724,0.374693,1.0,,,,,,,0.048823,,,0.24675350000000001,0.4301775,0.060894
2004,GBR,0.0,1308.052,696.2056875,1079.428,4.773583333333333,4.44,230.01815994048263,0.38391,137.0190922684372,-22.12753641,23306.55958095741,0,0,1,1193.615,1090.4,979.148,621.63825,546.14125,483.93465625,1006.433,944.9553,884.8511,4.884833333333334,5.04675,5.054333333333333,3.56,3.86,4.76,199.78014074511,167.9424856634055,142.23101020665365,0.35398,0.34215,0.33999,135.20261399802453,133.38643409789282,131.72809207638275,-19.196,-22.221,-22.173,22762.765048987072,22008.006231145475,21567.35402910252,0.3335833333333324,1.3248333333333338,1.1867500000000004,0.2943333333333333,0.0946579236977255,0.1382371318775133,0.0650588445823838,0.1895747520702671,0.0342947384653804,0.0958742978263509,0.1021821024492484,0.0100696009254092,108.9926999999999,101.74799999999992,576.9892222222222,501.6432941176472,414.79075,320.87889236111107,259.81612132352944,209.96012304687497,465.06676087294807,427.3295938654745,390.1769809820666,-3.000916666666666,-3.006,-3.1858177083333343,-4.402777777777779,-4.344117647058823,-3.6593750000000007,100.53740799563622,72.74091485004534,49.96877935537434,-0.0220055555555555,-0.035825882352941,-0.04036,23.890133432104136,23.37242138679433,23.07120932561453,-7.100666666666667,-10.72129411764706,-11.340374999999998,5069.559200194675,4568.612169550317,4385.957465476571,1.4018611111111114,1.338117647058824,0.4735572916666665,-0.0028023398327811,0.0341949338059756,-0.0310399002641895,0.1123431695739644,0.0078674238578791,0.0053813945075952,-0.0187431444379807,54.35041333333325,,,,0.05675133333333334,0.106896,3.0,0.09124533333333333,0.14653133333333335,3.0,,,,0.332724,0.048823,,,0.24675350000000001,0.4301775
2005,GBR,0.0,1425.522,762.979625,1185.56,4.43875,4.55,243.21776716124936,0.39592,139.83749794227387,-16.151274519999998,23810.43167439161,0,1,1,1308.052,1193.615,1090.4,696.2056875,621.63825,546.14125,1079.428,1006.433,944.9553,4.773583333333333,4.884833333333334,5.04675,4.44,3.56,3.86,230.01815994048263,199.78014074511,167.9424856634055,0.38391,0.35398,0.34215,137.0190922684372,135.20261399802453,133.38643409789282,-22.12753641,-19.196,-22.221,23306.55958095741,22762.765048987072,22008.006231145475,-0.11125,0.3335833333333324,1.3248333333333338,1.1867500000000004,0.0958742978263509,0.1199531037544745,0.0725284246442635,0.1513564815931924,0.0238896518415076,0.0898052982603139,0.1013844838032169,0.0106147707237726,111.98029999999991,108.9926999999999,661.0583684210525,576.9892222222222,501.6432941176472,378.5579671052631,320.87889236111107,259.81612132352944,513.5845629322667,465.06676087294807,427.3295938654745,-2.954223684210527,-3.000916666666666,-3.006,-3.291052631578946,-4.402777777777779,-4.344117647058823,125.48398466492272,100.53740799563622,72.74091485004534,0.0090826315789473,-0.0220055555555555,-0.035825882352941,24.449236258721854,23.890133432104136,23.37242138679433,-9.65848377842105,-7.100666666666667,-10.72129411764706,5346.53482689161,5069.559200194675,4568.612169550317,0.33682894736842,1.4018611111111114,1.338117647058824,-0.00143028015789,0.0140111871381605,-0.0218458812987437,0.0678836118983361,-0.0029747418692092,0.0042672232434698,-0.0170954367315008,58.19821249999988,,,,0.144716,0.160691,2.0,0.11373766666666667,0.11962366666666667,3.0,,,,0.05675133333333334,0.332724,0.048823,0.09124533333333333,,0.24675350000000001
2006,GBR,0.0,1592.527,846.6403125,1304.358,4.241083333333333,4.65,255.0113659435023,0.4051599999999999,143.0939111885426,-31.2691626,24285.282650144403,1,1,1,1425.522,1308.052,1193.615,762.979625,696.2056875,621.63825,1185.56,1079.428,1006.433,4.43875,4.773583333333333,4.884833333333334,4.55,4.44,3.56,243.21776716124936,230.01815994048263,199.78014074511,0.39592,0.38391,0.35398,139.83749794227387,137.0190922684372,135.20261399802453,-16.151274519999998,-22.12753641,-19.196,23810.43167439161,23306.55958095741,22762.765048987072,-0.4089166666666672,-0.11125,0.3335833333333324,1.3248333333333338,0.0898052982603138,0.0959112209206135,0.0983224448504206,0.0573850657016912,0.0216193253098532,0.1171535760233795,0.0934458399281301,0.0032109265378589,131.4206000000002,111.98029999999991,745.4754499999999,661.0583684210525,576.9892222222222,426.40400625000007,378.5579671052631,320.87889236111107,594.0373347856532,513.5845629322667,465.06676087294807,-3.141345833333334,-2.954223684210527,-3.000916666666666,-3.0165000000000006,-3.291052631578946,-4.402777777777779,132.40939265244333,125.48398466492272,100.53740799563622,0.0206385,0.0090826315789473,-0.0220055555555555,26.04518011962243,24.449236258721854,23.890133432104136,-3.199297699499999,-9.65848377842105,-7.100666666666667,5583.080178981225,5346.53482689161,5069.559200194675,-0.1248458333333335,0.33682894736842,1.4018611111111114,-0.0074240018208803,-0.0107681265977089,0.0050979221336629,-0.0296606256720248,-0.0050885030393262,-0.0039084885895874,-0.0235495344323311,57.76238823529404,0.029448,0.099462,1.0,0.147591,0.11057550000000001,2.0,0.20415116666666666,0.16242816666666668,6.0,,,,0.144716,0.05675133333333334,0.332724,0.11373766666666667,0.09124533333333333,
2007,GBR,1.0,1763.498,925.0261875,1442.989,4.632083333333333,5.53,276.0476624838477,0.41547,146.4177561183055,-36.34984577,25002.119099661428,0,0,0,1592.527,1425.522,1308.052,846.6403125,762.979625,696.2056875,1304.358,1185.56,1079.428,4.241083333333333,4.43875,4.773583333333333,4.65,4.55,4.44,255.0113659435023,243.21776716124936,230.01815994048263,0.4051599999999999,0.39592,0.38391,143.0939111885426,139.83749794227387,137.0190922684372,-31.2691626,-16.151274519999998,-22.12753641,24285.282650144403,23810.43167439161,23306.55958095741,-0.8979166666666671,-0.4089166666666672,-0.11125,0.3335833333333324,0.1171535760233795,0.1096499628020866,0.1002041229461183,0.048489873580798,0.0199429805492986,0.1073583053850892,0.1009443907033481,0.0143618054396889,153.33430000000004,131.4206000000002,876.9816190476191,745.4754499999999,661.0583684210525,489.7597410714286,426.40400625000007,378.5579671052631,684.547842653003,594.0373347856532,513.5845629322667,-3.1894246031746043,-3.141345833333334,-2.954223684210527,-2.7728571428571422,-3.0165000000000006,-3.291052631578946,137.89778226077038,132.40939265244333,125.48398466492272,0.0288957142857142,0.0206385,0.0090826315789473,28.06134669352818,26.04518011962243,24.449236258721854,-18.16483827,-3.199297699499999,-9.65848377842105,5792.070193830154,5583.080178981225,5346.53482689161,-0.416567460317461,-0.1248458333333335,0.33682894736842,0.0202954760332294,0.0035090216136495,0.0067247041226774,-0.0370727865093168,-0.0065104226479145,0.0037957721113983,-0.011159206349852,73.99366666666688,0.1239395,0.17358600000000002,2.0,0.15756633333333334,0.07655166666666667,3.0,,,,0.029448,,,0.147591,0.144716,0.05675133333333334,0.20415116666666666,0.11373766666666667,0.09124533333333333
2008,GBR,0.0,1843.045,978.097625,1496.955,4.5914166666666665,4.32,266.16302144439965,0.49327,151.69160001920542,-62.98233417,24602.13363468245,0,0,0,1763.498,1592.527,1425.522,925.0261875,846.6403125,762.979625,1442.989,1304.358,1185.56,4.632083333333333,4.241083333333333,4.43875,5.53,4.65,4.55,276.0476624838477,255.0113659435023,243.21776716124936,0.41547,0.4051599999999999,0.39592,146.4177561183055,143.0939111885426,139.83749794227387,-36.34984577,-31.2691626,-16.151274519999998,25002.119099661428,24285.282650144403,23810.43167439161,0.2714166666666662,-0.8979166666666671,-0.4089166666666672,-0.11125,0.1073583053850892,0.0925846240046595,0.106282937659753,0.0824916037076009,0.0295173195982037,0.0451075079189202,0.1047723932229275,0.0138563083263277,142.35399999999996,153.33430000000004,1008.0898181818184,876.9816190476191,745.4754499999999,545.883809659091,489.7597410714286,426.40400625000007,792.0630316233212,684.547842653003,594.0373347856532,-2.653450757575759,-3.1894246031746043,-3.141345833333334,-1.7668181818181816,-2.7728571428571422,-3.0165000000000006,152.6659977892626,137.89778226077038,132.40939265244333,0.0378922727272726,0.0288957142857142,0.0206385,30.10967586449435,28.06134669352818,26.04518011962243,-22.41984697318181,-18.16483827,-3.199297699499999,6245.630725445808,5792.070193830154,5583.080178981225,-0.8866325757575763,-0.416567460317461,-0.1248458333333335,0.0095337541552614,-0.0137234134510941,0.0124832948304704,-0.0013056855963559,0.0033739365270817,0.0074339860254078,-0.0111067431457207,92.01296315789476,0.246692,0.193989,1.0,0.149561,0.11311966666666667,3.0,0.285338,0.130359,1.0,0.1239395,0.029448,,0.15756633333333334,0.147591,0.144716,,0.20415116666666666,0.11373766666666667
2009,GBR,0.0,1840.727,1000.943625,1518.131,4.544999999999999,0.53,239.8007649389642,0.63193,154.97620925702367,-51.59645316,23489.35501271381,0,0,0,1843.045,1763.498,1592.527,978.097625,925.0261875,846.6403125,1496.955,1442.989,1304.358,4.5914166666666665,4.632083333333333,4.241083333333333,4.32,5.53,4.65,266.16302144439965,276.0476624838477,255.0113659435023,0.49327,0.41547,0.4051599999999999,151.69160001920542,146.4177561183055,143.0939111885426,-62.98233417,-36.34984577,-31.2691626,24602.13363468245,25002.119099661428,24285.282650144403,4.014999999999999,0.2714166666666662,-0.8979166666666671,-0.4089166666666672,0.0451075079189202,0.0573729027536315,0.0373987604895116,-0.0358077331664652,-0.0159980625396026,-0.0012577012498338,0.0898731297757963,0.0390763036493212,82.41470000000012,142.35399999999996,1043.8068260869568,1008.0898181818184,876.9816190476191,575.2211684782609,545.883809659091,489.7597410714286,811.5915085092637,792.0630316233212,684.547842653003,-2.5787500000000003,-2.653450757575759,-3.1894246031746043,-2.8999999999999995,-1.7668181818181816,-2.7728571428571422,136.1437046720205,152.6659977892626,137.89778226077038,0.1140447826086956,0.0378922727272726,0.0288957142857142,34.07440342345973,30.10967586449435,28.06134669352818,-48.077559417826095,-22.41984697318181,-18.16483827,5574.096098490925,6245.630725445808,5792.070193830154,0.3212499999999995,-0.8866325757575763,-0.416567460317461,-0.0531503957725102,-0.0483113431816178,-0.056968304832065,-0.1195456731251332,-0.0422948063619556,-0.0078192767562665,0.0146421447080213,76.43201499999994,0.17002533333333333,0.14115533333333333,3.0,0.3507035,0.164948,2.0,0.2641383333333333,0.12832,3.0,0.246692,0.1239395,0.029448,0.149561,0.15756633333333334,0.147591,0.285338,,0.20415116666666666
2010,GBR,0.0,1670.13,1014.428875,1556.035,4.2379,0.5,253.60937467195572,0.74273,160.08759053994729,-49.93137943,23777.155757682725,0,0,0,1840.727,1843.045,1763.498,1000.943625,978.097625,925.0261875,1518.131,1496.955,1442.989,4.544999999999999,4.5914166666666665,4.632083333333333,0.53,4.32,5.53,239.8007649389642,266.16302144439965,276.0476624838477,0.63193,0.49327,0.41547,154.97620925702367,151.69160001920542,146.4177561183055,-51.59645316,-62.98233417,-36.34984577,23489.35501271381,24602.13363468245,25002.119099661428,3.7379,4.014999999999999,0.2714166666666662,-0.8979166666666671,-0.0012577012498338,0.0233575866212741,0.0141460498144567,-0.0990455261680384,-0.0452309803081435,-0.0926791425344442,0.0504027040180585,0.0545012710918347,-28.242199999999844,82.41470000000012,997.996875,1043.8068260869568,1008.0898181818184,574.0996197916667,575.2211684782609,545.883809659091,798.9511956547111,811.5915085092637,792.0630316233212,-2.51771875,-2.5787500000000003,-2.653450757575759,-6.569166666666666,-2.8999999999999995,-1.7668181818181816,104.10879380525084,136.1437046720205,152.6659977892626,0.2479529166666666,0.1140447826086956,0.0378922727272726,35.93924585196716,34.07440342345973,30.10967586449435,-34.68844676541667,-48.077559417826095,-22.41984697318181,4229.0634724185,5574.096098490925,6245.630725445808,4.051447916666666,0.3212499999999995,-0.8866325757575763,-0.0972047181685465,-0.0802261661321658,-0.0777441326883344,-0.1775858281647441,-0.0696888195060637,-0.0469342808432649,0.029401560118352,12.85309523809535,0.11303060000000001,0.097565,5.0,0.3527005714285714,0.24262585714285714,7.0,0.400892,0.2909465,2.0,0.17002533333333333,0.246692,0.1239395,0.3507035,0.149561,0.15756633333333334,0.2641383333333333,0.285338,
2011,GBR,0.0,1643.496,1025.8548125,1577.787,3.8322,0.48,248.77913311061616,0.79975,167.2334095835162,-30.06515351,23967.74031056296,0,0,0,1670.13,1840.727,1843.045,1014.428875,1000.943625,978.097625,1556.035,1518.131,1496.955,4.2379,4.544999999999999,4.5914166666666665,0.5,0.53,4.32,253.60937467195572,239.8007649389642,266.16302144439965,0.74273,0.63193,0.49327,160.08759053994729,154.97620925702367,151.69160001920542,-49.93137943,-51.59645316,-62.98233417,23777.155757682725,23489.35501271381,24602.13363468245,3.3522,3.7379,4.014999999999999,0.2714166666666662,-0.0926791425344442,0.0134725369772947,0.0249675423267162,0.0575836767514324,0.0122523902769207,-0.0159472615904151,-0.0162764452884525,0.070110357759482,-76.92440000000013,-28.242199999999844,787.4800000000001,997.996875,1043.8068260869568,564.6208849999999,574.0996197916667,575.2211684782609,804.8971478285226,798.9511956547111,811.5915085092637,-2.7241100000000005,-2.51771875,-2.5787500000000003,-6.3364,-6.569166666666666,-2.8999999999999995,113.7530517860324,104.10879380525084,136.1437046720205,0.3488348,0.2479529166666666,0.1140447826086956,39.61305730081209,35.93924585196716,34.07440342345973,-31.6358351648,-34.68844676541667,-48.077559417826095,4347.701678490674,4229.0634724185,5574.096098490925,3.61229,4.051447916666666,0.3212499999999995,-0.1845759628628008,-0.0867684588539716,-0.0636833013140611,-0.0135572157384088,-0.0093017481082467,-0.1115728092435472,0.0437323180852015,-98.38803636363622,0.16018942857142857,0.11951942857142857,7.0,0.353394875,0.19169425,8.0,0.130077,0.05239,1.0,0.11303060000000001,0.17002533333333333,0.246692,0.3527005714285714,0.3507035,0.149561,0.400892,0.2641383333333333,0.285338
2012,GBR,0.0,1628.243,1036.601125,1660.13,2.8646,0.313,249.52712959990532,0.8316100000000001,171.963175277107,-59.8605969,24150.282061037648,0,0,0,1643.496,1670.13,1840.727,1025.8548125,1014.428875,1000.943625,1577.787,1556.035,1518.131,3.8322,4.2379,4.544999999999999,0.48,0.5,0.53,248.77913311061616,253.60937467195572,239.8007649389642,0.79975,0.74273,0.63193,167.2334095835162,160.08759053994729,154.97620925702367,-30.06515351,-49.93137943,-51.59645316,23967.74031056296,23777.155757682725,23489.35501271381,2.5516,3.3522,3.7379,4.014999999999999,-0.0159472615904151,0.011263419034676,0.0139791200069406,-0.0190459897927177,0.0080154478871448,-0.0092808257519337,-0.0366280351248977,0.0490942030908668,-66.4085999999998,-76.92440000000013,730.5583076923077,787.4800000000001,997.996875,554.3306346153846,564.6208849999999,574.0996197916667,795.6915652197333,804.8971478285226,798.9511956547111,-3.025036538461539,-2.7241100000000005,-2.51771875,-6.112692307692308,-6.3364,-6.569166666666666,104.54769284830692,113.7530517860324,104.10879380525084,0.3924380769230769,0.3488348,0.2479529166666666,45.23529721742669,39.61305730081209,35.93924585196716,-10.552846353846157,-31.6358351648,-34.68844676541667,4371.066936044339,4347.701678490674,4229.0634724185,3.087655769230769,3.61229,4.051447916666666,-0.1004610434042596,-0.0855068384424314,-0.0721243915812741,-0.0896445936530227,-0.0131666205736928,-0.1272755320281779,0.0208939834963695,-142.79249565217407,0.13190942857142857,0.10157542857142857,7.0,0.247794,0.106533,1.0,0.216496,0.219029,2.0,0.16018942857142857,0.11303060000000001,0.17002533333333333,0.353394875,0.3527005714285714,0.3507035,0.130077,0.400892,0.2641383333333333
2013,GBR,0.0,1615.18,1049.76425,1722.147,3.1912,0.302,258.376739002406,0.8415600000000001,176.37368477008337,-87.09403712000001,24523.87833989095,0,0,0,1628.243,1643.496,1670.13,1036.601125,1025.8548125,1014.428875,1660.13,1577.787,1556.035,2.8646,3.8322,4.2379,0.313,0.48,0.5,249.52712959990532,248.77913311061616,253.60937467195572,0.8316100000000001,0.79975,0.74273,171.963175277107,167.2334095835162,160.08759053994729,-59.8605969,-30.06515351,-49.93137943,24150.282061037648,23967.74031056296,23777.155757682725,2.8892,2.5516,3.3522,3.7379,-0.0092808257519337,0.0104754711573767,0.0521889203041982,0.0030066689273195,0.0076161435374966,-0.0080227582737956,-0.039302409958931,0.0463456257593479,-18.01030000000009,-66.4085999999998,688.2475925925925,730.5583076923077,787.4800000000001,544.5461828703703,554.3306346153846,564.6208849999999,848.5645072486321,795.6915652197333,804.8971478285226,-3.880598148148149,-3.025036538461539,-2.7241100000000005,-6.053296296296297,-6.112692307692308,-6.3364,101.4235525654366,104.54769284830692,113.7530517860324,0.4097633333333333,0.3924380769230769,0.3488348,48.2896815325943,45.23529721742669,39.61305730081209,-39.9574435825926,-10.552846353846157,-31.6358351648,4391.717318517385,4371.066936044339,4347.701678490674,2.172698148148148,3.087655769230769,3.61229,-0.0899307212809991,-0.0830060617642525,-0.0311405762231983,-0.0641440659463307,-0.0130595164397374,-0.1248588855810841,0.0173096468249958,-126.32700833333314,0.09332222222222222,0.15616344444444444,9.0,0.17607245454545453,0.1679280909090909,11.0,0.18414975,0.12454874999999999,4.0,0.13190942857142857,0.16018942857142857,0.11303060000000001,0.247794,0.353394875,0.3527005714285714,0.216496,0.130077,0.400892
2014,GBR,0.0,1625.972,1076.945,1797.282,3.0986,0.38,278.7749026078591,0.8606100000000001,178.95055970149247,-90.89616032,25034.19310819928,0,0,0,1615.18,1628.243,1643.496,1049.76425,1036.601125,1025.8548125,1722.147,1660.13,1577.787,3.1912,2.8646,3.8322,0.302,0.313,0.48,258.376739002406,249.52712959990532,248.77913311061616,0.8415600000000001,0.8316100000000001,0.79975,176.37368477008337,171.963175277107,167.2334095835162,-87.09403712000001,-59.8605969,-30.06515351,24523.87833989095,24150.282061037648,23967.74031056296,2.7186,2.8892,2.5516,3.3522,-0.0080227582737956,0.0126983510653628,0.0373567130284976,0.0354655199885087,0.0154696445328908,0.0066816082418057,-0.0110836152053815,0.0042587528178886,-6.563499999999905,-18.01030000000009,650.6043214285716,688.2475925925925,730.5583076923077,538.2612299107143,544.5461828703703,554.3306346153846,880.2756319897524,848.5645072486321,795.6915652197333,-3.415405357142857,-3.880598148148149,-3.025036538461539,-5.848107142857144,-6.053296296296297,-6.112692307692308,106.65089223345736,101.4235525654366,104.54769284830692,0.4050789285714286,0.4097633333333333,0.3924380769230769,50.97555954226373,48.2896815325943,45.23529721742669,-65.76383224607144,-39.9574435825926,-10.552846353846157,4608.466550280784,4391.717318517385,4371.066936044339,2.4327017857142854,2.172698148148148,3.087655769230769,-0.0853418863480091,-0.0777088832724053,-0.0448194288239657,-0.0293095087389811,-0.0047223296502788,-0.0918378259974928,-0.0254429817635786,-72.87562800000012,0.2693562,0.1846319,10.0,0.3067836666666667,0.14715133333333333,3.0,0.22922820000000002,0.1958724,5.0,0.09332222222222222,0.13190942857142857,0.16018942857142857,0.17607245454545453,0.247794,0.353394875,0.18414975,0.216496,0.130077
2015,GBR,0.0,1661.64,1110.176,1866.046,2.4087,0.44,295.62555949932033,0.8672,179.02231775406054,-96.44276384,25423.86029158919,0,0,0,1625.972,1615.18,1628.243,1076.945,1049.76425,1036.601125,1797.282,1722.147,1660.13,3.0986,3.1912,2.8646,0.38,0.302,0.313,278.7749026078591,258.376739002406,249.52712959990532,0.8606100000000001,0.8415600000000001,0.8316100000000001,178.95055970149247,176.37368477008337,171.963175277107,-90.89616032,-87.09403712000001,-59.8605969,25034.19310819928,24523.87833989095,24150.282061037648,1.9687,2.7186,2.8892,2.5516,0.0066816082418058,0.0258922419962386,0.0436286797816911,0.0789473684210525,0.0208088933257444,0.0219364171092737,-0.0035406585946412,0.0088750626984562,11.098300000000078,-6.563499999999905,638.9616896551724,650.6043214285716,688.2475925925925,546.8812478448275,538.2612299107143,544.5461828703703,925.0562998521746,880.2756319897524,848.5645072486321,-3.3902327586206904,-3.415405357142857,-3.880598148148149,-5.568448275862069,-5.848107142857144,-6.053296296296297,123.37143886534298,106.65089223345736,101.4235525654366,0.4101606896551725,0.4050789285714286,0.4097633333333333,51.79465655842233,50.97555954226373,48.2896815325943,-67.29823709275863,-65.76383224607144,-39.9574435825926,4959.868678924253,4608.466550280784,4391.717318517385,2.1782155172413797,2.4327017857142854,2.172698148148148,-0.0675895953199788,-0.0617396750818007,-0.036946768184202,0.0152191078628119,0.0007855737729418,-0.0808934684238824,-0.0198843392251007,-58.62591923076916,0.15323636363636364,0.16764172727272728,11.0,0.1639025,0.12534,4.0,0.110891,0.217593,3.0,0.2693562,0.09332222222222222,0.13190942857142857,0.3067836666666667,0.17607245454545453,0.247794,0.22922820000000002,0.18414975,0.216496
2016,GBR,0.0,1719.569,1155.301,2000.228,1.9061,0.32,316.31934866427275,0.86775,180.203267326054,-108.39265008,25649.81325519704,0,0,0,1661.64,1625.972,1615.18,1110.176,1076.945,1049.76425,1866.046,1797.282,1722.147,2.4087,3.0986,3.1912,0.44,0.38,0.302,295.62555949932033,278.7749026078591,258.376739002406,0.8672,0.8606100000000001,0.8415600000000001,179.02231775406054,178.95055970149247,176.37368477008337,-96.44276384,-90.89616032,-87.09403712000001,25423.86029158919,25034.19310819928,24523.87833989095,1.5860999999999998,1.9687,2.7186,2.8892,0.0219364171092737,0.030856728988017,0.038259994814392,0.0604453870625662,0.0155653981618559,0.0348625454370379,0.0068650890257612,0.014980430444648,34.88349999999999,11.098300000000078,653.3309666666668,638.9616896551724,650.6043214285716,561.8828729166665,546.8812478448275,538.2612299107143,962.9850898571024,925.0562998521746,880.2756319897524,-3.9671250000000007,-3.3902327586206904,-3.415405357142857,-5.322833333333333,-5.568448275862069,-5.848107142857144,136.10971446129278,123.37143886534298,106.65089223345736,0.4030786666666666,0.4101606896551725,0.4050789285714286,50.13992605904298,51.79465655842233,50.97555954226373,-70.60156604299999,-67.29823709275863,-65.76383224607144,5184.206906350024,4959.868678924253,4608.466550280784,1.3557083333333335,2.1782155172413797,2.4327017857142854,-0.0500041107518219,-0.0546462337768568,-0.0410414266623907,-0.0038076703185298,-0.0044850101417377,-0.0675986683597698,-0.0130688165065839,-38.79278888888883,0.1831221111111111,0.13281233333333334,9.0,0.1745355,0.07830100000000001,2.0,0.566527,0.098455,1.0,0.15323636363636364,0.2693562,0.09332222222222222,0.1639025,0.3067836666666667,0.17607245454545453,0.110891,0.22922820000000002,0.18414975
2017,GBR,0.0,1758.358,1204.67,2097.374,1.8237,0.29,330.5093755202401,0.8631399999999999,185.06875554385743,-77.97145133000001,25941.29822707525,0,0,0,1719.569,1661.64,1625.972,1155.301,1110.176,1076.945,2000.228,1866.046,1797.282,1.9061,2.4087,3.0986,0.32,0.44,0.38,316.31934866427275,295.62555949932033,278.7749026078591,0.86775,0.8672,0.8606100000000001,180.203267326054,179.02231775406054,178.95055970149247,-108.39265008,-96.44276384,-90.89616032,25649.81325519704,25423.86029158919,25034.19310819928,1.5337,1.5860999999999998,1.9687,2.7186,0.034862545437038,0.0406467082696797,0.0719071234042462,0.0699999999999999,0.0088874372741341,0.0225573966499745,0.0211601902627058,0.0141064950072087,45.508699999999976,34.88349999999999,690.1847741935483,653.3309666666668,638.9616896551724,588.8826189516128,561.8828729166665,546.8812478448275,1066.1030547004216,962.9850898571024,925.0562998521746,-4.341753225806452,-3.9671250000000007,-3.3902327586206904,-5.271129032258064,-5.322833333333333,-5.568448275862069,152.4128676758809,136.10971446129278,123.37143886534298,0.3906261290322581,0.4030786666666666,0.4101606896551725,49.70345866138993,50.13992605904298,51.79465655842233,-80.27398241064516,-70.60156604299999,-67.29823709275863,5242.927389107874,5184.206906350024,4959.868678924253,0.9293758064516128,1.3557083333333335,2.1782155172413797,-0.0354111787323302,-0.0430347133692988,-0.0060262505171235,0.0058738649628548,-0.0110134706914016,-0.0509725785586953,-0.0134921030989686,-13.622132142857176,0.12301922222222222,0.17760544444444445,9.0,0.19398266666666666,0.21047266666666667,3.0,,,,0.1831221111111111,0.15323636363636364,0.2693562,0.1745355,0.1639025,0.3067836666666667,0.566527,0.110891,0.22922820000000002
2018,GBR,0.0,1840.975,1246.17,2154.778,1.8363,0.6,341.33341829671474,0.8577500000000001,189.69547443245384,-78.86078144,26109.672726731733,0,0,0,1758.358,1719.569,1661.64,1204.67,1155.301,1110.176,2097.374,2000.228,1866.046,1.8237,1.9061,2.4087,0.29,0.32,0.44,330.5093755202401,316.31934866427275,295.62555949932033,0.8631399999999999,0.86775,0.8672,185.06875554385743,180.203267326054,179.02231775406054,-77.97145133000001,-108.39265008,-96.44276384,25941.29822707525,25649.81325519704,25423.86029158919,1.2363,1.5337,1.5860999999999998,1.9687,0.0225573966499744,0.0427325865726768,0.0485674633091826,0.044859813084112,0.011364019261199,0.0469853124335317,0.0264521197320954,0.0072902571491861,57.6793999999999,45.508699999999976,707.4054999999998,690.1847741935483,653.3309666666668,619.8490371093751,588.8826189516128,561.8828729166665,1129.9333342410332,1066.1030547004216,962.9850898571024,-4.2884734375,-4.341753225806452,-3.9671250000000007,-5.13640625,-5.271129032258064,-5.322833333333333,161.839992416977,152.4128676758809,136.10971446129278,0.3738090624999999,0.3906261290322581,0.4030786666666666,53.0157137960249,49.70345866138993,50.13992605904298,-47.34422171031251,-80.27398241064516,-70.60156604299999,5370.57088007647,5242.927389107874,5184.206906350024,0.8479328125000001,0.9293758064516128,1.3557083333333335,-0.0465740314312541,-0.0395606185060018,-0.0291715154342153,-0.0194558014679638,-0.008181615456227,-0.0439815631373492,-0.0198586041870255,-2.5272034482759054,0.1417475,0.18640516666666665,6.0,0.218765,0.207811,1.0,0.08529575,0.25777175,4.0,0.12301922222222222,0.1831221111111111,0.15323636363636364,0.19398266666666666,0.1745355,0.1639025,,0.566527,0.110891
2019,GBR,0.0,1891.344,1289.753,2237.762,1.3085,0.0,344.5732427045538,0.85243,193.10999297223805,-68.63850265999999,26341.025966169807,0,0,0,1840.975,1758.358,1719.569,1246.17,1204.67,1155.301,2154.778,2097.374,2000.228,1.8363,1.8237,1.9061,0.6,0.29,0.32,341.33341829671474,330.5093755202401,316.31934866427275,0.8577500000000001,0.8631399999999999,0.86775,189.69547443245384,185.06875554385743,180.203267326054,-78.86078144,-77.97145133000001,-108.39265008,26109.672726731733,25941.29822707525,25649.81325519704,1.3085,1.2363,1.5337,1.5860999999999998,0.0469853124335317,0.0344492682643379,0.0273694629570119,0.0327495786146368,0.0064905965068758,0.0273599587175275,0.034801751506848,0.0122140713649708,59.79420000000008,57.6793999999999,768.5859696969694,707.4054999999998,690.1847741935483,642.5657329545455,619.8490371093751,588.8826189516128,1153.096930173123,1129.9333342410332,1066.1030547004216,-4.145919696969697,-4.2884734375,-4.341753225806452,-4.670757575757576,-5.13640625,-5.271129032258064,167.75979299899777,161.839992416977,152.4128676758809,0.3570915151515152,0.3738090624999999,0.3906261290322581,56.03589590292361,53.0157137960249,49.70345866138993,-46.79887843515152,-47.34422171031251,-80.27398241064516,5376.200807609417,5370.57088007647,5242.927389107874,0.5248378787878788,0.8479328125000001,0.9293758064516128,-0.0206906771654702,-0.0466076674860281,-0.0494579059290668,-0.0309580421415652,-0.0127993627275431,-0.0342131712613917,-0.0142941898361755,9.727736666666544,0.2037112,0.1317314,5.0,0.1413036666666667,0.14933766666666667,3.0,0.230299,0.072282,1.0,0.1417475,0.12301922222222222,0.1831221111111111,0.218765,0.19398266666666666,0.1745355,0.08529575,,0.566527
2020,GBR,0.0,1967.023,1328.254,2547.679,0.7393,0.0,354.3400018487326,1.0447,194.84798290898817,-78.42000807000001,23646.774125758013,0,0,0,1891.344,1840.975,1758.358,1289.753,1246.17,1204.67,2237.762,2154.778,2097.374,1.3085,1.8363,1.8237,0.0,0.6,0.29,344.5732427045538,341.33341829671474,330.5093755202401,0.85243,0.8577500000000001,0.8631399999999999,193.10999297223805,189.69547443245384,185.06875554385743,-68.63850265999999,-78.86078144,-77.97145133000001,26341.025966169807,26109.672726731733,25941.29822707525,0.7393,1.3085,1.2363,1.5337,0.0273599587175274,0.034973558984729,0.0385116239352733,0.0094916707072108,0.0088608249463506,0.0400133450075712,0.0323008892670112,0.0129418068059779,67.63639999999965,59.79420000000008,796.3495,768.5859696969694,707.4054999999998,667.2497408088235,642.5657329545455,619.8490371093751,1202.1663145797963,1153.096930173123,1129.9333342410332,-4.551780882352942,-4.145919696969697,-4.2884734375,-5.133382352941176,-4.670757575757576,-5.13640625,166.06550584804282,167.75979299899777,161.839992416977,0.3412688235294118,0.3570915151515152,0.3738090624999999,57.80229985732768,56.03589590292361,53.0157137960249,-35.200162054117634,-46.79887843515152,-47.34422171031251,5449.430493882508,5376.200807609417,5370.57088007647,0.5816014705882353,0.5248378787878788,0.8479328125000001,-0.0396890406643389,-0.0446710232054543,-0.0368170205287124,-0.0532778275598528,-0.0100412748114761,-0.03564487189931,-0.0131197609627879,11.528738709677476,0.16015000000000001,0.18505400000000002,3.0,0.185293,0.223248,3.0,0.12473733333333333,0.12706933333333334,3.0,0.2037112,0.1417475,0.12301922222222222,0.1413036666666667,0.218765,0.19398266666666666,0.230299,0.08529575,
1989,IRL,0.0,15794.96205343155,4955.504543351532,16223.424189124944,9.317204,10.035,84.1625616167936,0.9795914783655686,96.78949809153497,-493.39725440664967,12306.528289618002,0,0,0,13885.763979286452,12630.659324459952,11797.977808970663,4094.3631350050896,3551.4225964652537,3264.547200888313,15446.715712642395,14525.48609788304,13098.803066176071,9.511101,11.43991,11.40265,8.045834,10.83333,12.52083,63.56660068766827,62.03620622605216,60.907613662366266,1.0665707046274615,1.07701995134553,1.0513181241114058,92.9921877786894,91.04269967538256,88.27274997324582,-68.74973309848343,-82.43776953929695,-700.8470652068331,11582.376225789,11195.144169801,10819.866936198,-0.7177959999999999,1.4652670000000008,0.6065799999999992,-1.1181800000000006,0.0993696862994256,0.1528797330625274,0.0634216031430174,0.0246693754295603,0.0345892871154408,0.1374931964127483,0.0827343294537523,0.0149091940620639,1324.6057388209156,966.4775156870955,2095.640679645392,1260.8040372283376,856.245043478104,825.9345979457748,424.4910891089089,275.23138706393684,1828.871772073884,1361.4632359717943,-130.43959147035093,-2.431468999999998,-0.7539899999999999,-1.5825000000000014,-3.713886000000002,-1.3895850000000003,0.5958299999999994,2.9122140742138427,2.0727294188965857,1.8882737104213876,0.0473860153136767,0.0867528930476178,0.1221021316269871,4.875801139133642,4.389469553740213,3.2390397032069416,485.11499244031216,707.1404339992481,177.46227666342372,652.0315215130013,397.1991982875006,43.84392936899894,1.2824170000000013,0.6355949999999995,-2.1783300000000008,0.0249530352685099,0.0629058763481758,0.0138930484824974,-0.0005924908991768,0.0152129144065374,0.0083176784228366,0.0094809817332917,-231566.04644443945,,,,,,,,,,,,,,,,,,
1990,IRL,0.0,17388.679973159276,5484.740186915888,18729.939520674536,10.4391,11.30667,100.0,0.906148982572319,100.0,-523.7900000000021,13269.422318059,0,0,0,15794.96205343155,13885.763979286452,12630.659324459952,4955.504543351532,4094.3631350050896,3551.4225964652537,16223.424189124944,15446.715712642395,14525.48609788304,9.317204,9.511101,11.43991,10.035,8.045834,10.83333,84.1625616167936,63.56660068766827,62.03620622605216,0.9795914783655686,1.0665707046274615,1.07701995134553,96.78949809153497,92.9921877786894,91.04269967538256,-493.39725440664967,-68.74973309848343,-82.43776953929695,12306.528289618002,11582.376225789,11195.144169801,-0.8675700000000006,-0.7177959999999999,1.4652670000000008,0.6065799999999992,0.1374931964127484,0.2103236522877132,0.0502830822377892,0.3240060142640423,0.0625218909930264,0.1009003956031335,0.1024804026652314,0.0335657178053988,1618.3260020243072,1324.6057388209156,3480.928583879144,2095.640679645392,1260.8040372283376,1480.5923568057733,825.9345979457748,424.4910891089089,2148.362305537961,1828.871772073884,1361.4632359717943,-2.01749875,-2.431468999999998,-0.7539899999999999,-0.7962485000000008,-3.713886000000002,-1.3895850000000003,22.780121484785703,2.9122140742138427,2.0727294188965857,-0.0514397147766354,0.0473860153136767,0.0867528930476178,7.454161167195792,4.875801139133642,4.389469553740213,-60.811276977932096,485.11499244031216,707.1404339992481,1213.1757049637508,652.0315215130013,397.1991982875006,-1.2212502499999998,1.2824170000000013,0.6355949999999995,0.0547588669589961,0.0993811701239697,-0.0038764885835632,0.2989416449016973,0.0380745468152771,0.0239049124228974,0.0233970146099806,358.12822313382003,,,,,,,,,,,,,,,,,,
1991,IRL,0.0,18318.594220679453,5966.987619135744,19622.495289621635,9.524648,10.4275,100.09584590285704,0.917040866409348,103.19623301109408,-129.08900000000023,13411.114956707,0,0,0,17388.679973159276,15794.96205343155,13885.763979286452,5484.740186915888,4955.504543351532,4094.3631350050896,18729.939520674536,16223.424189124944,15446.715712642395,10.4391,9.317204,9.511101,11.30667,10.035,8.045834,100.0,84.1625616167936,63.56660068766827,0.906148982572319,0.9795914783655686,1.0665707046274615,100.0,96.78949809153497,92.9921877786894,-523.7900000000021,-493.39725440664967,-68.74973309848343,13269.422318059,12306.528289618002,11582.376225789,-0.9028520000000012,-0.8675700000000006,-0.7177959999999999,1.4652670000000008,0.1009003956031335,0.1067975296833086,0.1544997715851987,0.1881767626717084,0.0782425397139266,0.0534781391661454,0.1125877594384358,0.0215823159300433,1489.2208643906731,1618.3260020243072,4378.46078683104,3480.928583879144,2095.640679645392,1713.7095290089742,1480.5923568057733,825.9345979457748,4225.2051759799615,2148.362305537961,1828.871772073884,-0.4921030000000002,-2.01749875,-2.431468999999998,0.6346711999999997,-0.7962485000000008,-3.713886000000002,34.061535571034966,22.780121484785703,2.9122140742138427,-0.1145942676145579,-0.0514397147766354,0.0473860153136767,9.173830842221676,7.454161167195792,4.875801139133642,-79.04176717569817,-60.811276977932096,485.11499244031216,1933.434592411999,1213.1757049637508,652.0315215130013,-1.1267742000000005,-1.2212502499999998,1.2824170000000013,0.0044763494096321,-0.0289902450114273,0.1013093229097371,0.0883769820839391,0.0442765588323581,0.026043965055136,0.0036146078646317,472.7843747703016,,,,,,,,,,,,,,,,,,
1992,IRL,0.0,19479.89729247588,6681.600000000001,21916.73331347146,9.466225,14.31833,103.72157918196596,0.8858790542894461,106.41565298041591,112.95000000000108,13778.6139212,0,0,0,18318.594220679453,17388.679973159276,15794.96205343155,5966.987619135744,5484.740186915888,4955.504543351532,19622.495289621635,18729.939520674536,16223.424189124944,9.524648,10.4391,9.317204,10.4275,11.30667,10.035,100.09584590285704,100.0,84.1625616167936,0.917040866409348,0.906148982572319,0.9795914783655686,103.19623301109408,100.0,96.78949809153497,-129.08900000000023,-523.7900000000021,-493.39725440664967,13411.114956707,13269.422318059,12306.528289618002,-4.852105,-0.9028520000000012,-0.8675700000000006,-0.7177959999999999,0.0534781391661453,0.0879253010690062,0.0476539589442814,0.0009584590285703,0.0106781316663019,0.063394770243093,0.0972905770606757,0.0421236934927315,1198.4719964653184,1489.2208643906731,4578.631569879379,4378.46078683104,3480.928583879144,1910.3387063940024,1713.7095290089742,1480.5923568057733,4413.560082263733,4225.2051759799615,2148.362305537961,-1.3245378333333324,-0.4921030000000002,-2.01749875,-0.3502773333333326,0.6346711999999997,-0.7962485000000008,28.480458878719503,34.061535571034966,22.780121484785703,-0.0846033391751025,-0.1145942676145579,-0.0514397147766354,10.841092046278789,9.173830842221676,7.454161167195792,328.83286068692007,-79.04176717569817,-60.811276977932096,1752.8881323246642,1933.434592411999,1213.1757049637508,-0.974260500000001,-1.1267742000000005,-1.2212502499999998,-0.0438411769092823,-0.0420644246234442,-0.0257983543131276,-0.1165167179759867,-0.0321431609817382,0.0042357914135919,0.0232523334611619,186.0844455465674,,,,,,,,,,,,,,,,,,
1993,IRL,0.0,20832.01312295718,7462.099999999999,25488.01266827637,7.700833,9.119166,96.21133575186369,0.9133471429704968,107.91388720436628,1251.626000000002,14020.148038919,0,0,0,19479.89729247588,18318.594220679453,17388.679973159276,6681.600000000001,5966.987619135744,5484.740186915888,21916.73331347146,19622.495289621635,18729.939520674536,9.466225,9.524648,10.4391,14.31833,10.4275,11.30667,103.72157918196596,100.09584590285704,100.0,0.8858790542894461,0.917040866409348,0.906148982572319,106.41565298041591,103.19623301109408,100.0,112.95000000000108,-129.08900000000023,-523.7900000000021,13778.6139212,13411.114956707,13269.422318059,-1.4183329999999996,-4.852105,-0.9028520000000012,-0.8675700000000006,0.0633947702430929,0.1197609960799216,0.1169187705226894,0.0362226148988009,0.0274025661311039,0.0694108295429032,0.0725911016707906,0.0250129363568116,1149.1302521190144,1198.4719964653184,5085.844417407319,4578.631569879379,4378.46078683104,2352.045557773402,1910.3387063940024,1713.7095290089742,6077.289522933024,4413.560082263733,4225.2051759799615,-1.193741142857144,-1.3245378333333324,-0.4921030000000002,3.590592285714285,-0.3502773333333326,0.6346711999999997,28.0375551751542,28.480458878719503,34.061535571034966,-0.1036789599842755,-0.0846033391751025,-0.1145942676145579,12.51178458041798,10.841092046278789,9.173830842221676,523.8957377316472,328.83286068692007,-79.04176717569817,1869.9745064855704,1752.8881323246642,1933.434592411999,-4.784333428571428,-0.974260500000001,-1.1267742000000005,-0.026617683014121,-0.0032179921752881,0.0477661829841349,-0.0618331091097583,-0.0100615330199798,-0.0213108422590115,0.0014911096330096,-151.18553376542943,,,,,,,,,,,,,,,,,,
1994,IRL,0.0,22876.450660844403,8352.6,28092.796722978797,7.920833,5.93,100.92374038807456,0.8610902959063602,110.44483287553952,1062.3199999999974,14797.614478941,0,0,0,20832.01312295718,19479.89729247588,18318.594220679453,7462.099999999999,6681.600000000001,5966.987619135744,25488.01266827637,21916.73331347146,19622.495289621635,7.700833,9.466225,9.524648,9.119166,14.31833,10.4275,96.21133575186369,103.72157918196596,100.09584590285704,0.9133471429704968,0.8858790542894461,0.917040866409348,107.91388720436628,106.41565298041591,103.19623301109408,1251.626000000002,112.95000000000108,-129.08900000000023,14020.148038919,13778.6139212,13411.114956707,1.9908330000000003,-1.4183329999999996,-4.852105,-0.9028520000000012,0.0694108295429031,0.116813338122605,0.1629476119331051,-0.0724077235357797,0.0175296382568185,0.0981392209106388,0.0620945796507138,0.0080455284066859,1502.568515097613,1149.1302521190144,5802.229695712707,5085.844417407319,4578.631569879379,2838.5398630517248,2352.045557773402,1910.3387063940024,8888.907687371302,6077.289522933024,4413.560082263733,-2.8099155,-1.193741142857144,-1.3245378333333324,-2.0573957499999995,3.590592285714285,-0.3502773333333326,17.022617348157652,28.0375551751542,28.480458878719503,-0.0632510013051903,-0.1036789599842755,-0.0846033391751025,12.44604573181607,12.51178458041798,10.841092046278789,1597.0847705151923,523.8957377316472,328.83286068692007,1877.761810893875,1869.9745064855704,1752.8881323246642,-0.7525197499999994,-4.784333428571428,-0.974260500000001,-0.0167990975694364,-0.0057059369647063,0.0869712839682456,-0.161630146242945,-0.0184970990342681,-0.0282555572359197,-0.0157248165892843,-170.29017135864774,,,,,,,,,,,,,,,,,,
1995,IRL,0.0,26113.49017183547,9474.7,31585.911430562297,8.255,6.2475,119.74712001085608,0.7854406829125931,113.22370063853316,1142.0843879818192,16147.816609573,0,0,0,22876.450660844403,20832.01312295718,19479.89729247588,8352.6,7462.099999999999,6681.600000000001,28092.796722978797,25488.01266827637,21916.73331347146,7.920833,7.700833,9.466225,5.93,9.119166,14.31833,100.92374038807456,96.21133575186369,103.72157918196596,0.8610902959063602,0.9133471429704968,0.8858790542894461,110.44483287553952,107.91388720436628,106.41565298041591,1062.3199999999974,1251.626000000002,112.95000000000108,14797.614478941,14020.148038919,13778.6139212,2.007500000000001,1.9908330000000003,-1.4183329999999996,-4.852105,0.0981392209106387,0.1193363798394555,0.1021964359718194,0.048979723640513,0.0554535114653429,0.1415009504307249,0.0769816068988783,0.0185682986667516,2194.5216175965998,1502.568515097613,7201.975045187406,5802.229695712707,5085.844417407319,3413.646544934867,2838.5398630517248,2352.045557773402,10506.03533236581,8888.907687371302,6077.289522933024,-2.2777026666666664,-2.8099155,-1.193741142857144,-5.017962222222224,-2.0573957499999995,3.590592285714285,19.843620056795476,17.022617348157652,28.0375551751542,-0.1084799593354171,-0.0632510013051903,-0.1036789599842755,13.59409743278755,12.44604573181607,12.51178458041798,1230.3249071246107,1597.0847705151923,523.8957377316472,2446.588049705446,1877.761810893875,1869.9745064855704,2.740259555555556,-0.7525197499999994,-4.784333428571428,0.0140291809944787,-0.0024696531272676,0.0153486975109292,-0.0200389307862841,0.0217389115535398,-0.0093320218111952,-0.0029556439593208,211.5297868463922,,,,,,,,,,,,,,,,,,
1996,IRL,0.0,30380.026620528497,11056.000000000002,36599.01164289713,7.289166,5.418334,135.98725743127432,0.7066540460651954,115.13930011058396,1392.9213238906966,17495.460114808,0,0,0,26113.49017183547,22876.450660844403,20832.01312295718,9474.7,8352.6,7462.099999999999,31585.911430562297,28092.796722978797,25488.01266827637,8.255,7.920833,7.700833,6.2475,5.93,9.119166,119.74712001085608,100.92374038807456,96.21133575186369,0.7854406829125931,0.8610902959063602,0.9133471429704968,113.22370063853316,110.44483287553952,107.91388720436628,1142.0843879818192,1062.3199999999974,1251.626000000002,16147.816609573,14797.614478941,14020.148038919,1.870832,2.007500000000001,1.9908330000000003,-1.4183329999999996,0.1415009504307249,0.1343414026770107,0.1243420063167393,0.1865109195358927,0.0912445808446704,0.1633843818125342,0.1030170002947556,0.036291747425486,3188.108000370501,2194.5216175965998,9718.817051659733,7201.975045187406,5802.229695712707,4194.38189044138,3413.646544934867,2838.5398630517248,12948.54650671273,10506.03533236581,8888.907687371302,-1.7157654000000004,-2.2777026666666664,-2.8099155,-4.198666,-5.017962222222224,-2.0573957499999995,36.68263767389742,19.843620056795476,17.022617348157652,-0.1732815763956424,-0.1084799593354171,-0.0632510013051903,15.013555452502402,13.59409743278755,12.44604573181607,1187.056804393971,1230.3249071246107,1597.0847705151923,3552.1313753669,2446.588049705446,1877.761810893875,2.482900600000001,2.740259555555556,-0.7525197499999994,0.0558321126262894,0.0128097756133173,0.0357888570213014,0.1197188129742382,0.0551145463158073,0.0178698743110814,0.0151372602943286,873.2643483673226,,,,,,,,,,,,,,,,,,
1997,IRL,0.0,37780.34842807037,13221.2,44670.03960801523,6.293334,6.091667,161.03180273420764,0.6243027027027027,116.81054471515714,1505.7793759838344,19173.75071432,0,0,0,30380.026620528497,26113.49017183547,22876.450660844403,11056.000000000002,9474.7,8352.6,36599.01164289713,31585.911430562297,28092.796722978797,7.289166,8.255,7.920833,5.418334,6.2475,5.93,135.98725743127432,119.74712001085608,100.92374038807456,0.7066540460651954,0.7854406829125931,0.8610902959063602,115.13930011058396,113.22370063853316,110.44483287553952,1392.9213238906966,1142.0843879818192,1062.3199999999974,17495.460114808,16147.816609573,14797.614478941,0.2016669999999996,1.870832,2.007500000000001,1.9908330000000003,0.1633843818125342,0.1668971049215279,0.1587131725913786,0.1356202756187033,0.0834567011639251,0.2435916827848103,0.134341517717966,0.0332065635508244,4897.822975037093,3188.108000370501,13101.8246774746,9718.817051659733,7201.975045187406,5394.374445855802,4194.38189044138,3413.646544934867,16784.506127528224,12948.54650671273,10506.03533236581,-2.525620727272728,-1.7157654000000004,-2.2777026666666664,-4.646135090909091,-4.198666,-5.017962222222224,49.5879898512341,36.68263767389742,19.843620056795476,-0.2363153426616181,-0.1732815763956424,-0.1084799593354171,15.564286247052976,15.013555452502402,13.59409743278755,1329.9794853579424,1187.056804393971,1230.3249071246107,4576.8538464776375,3552.1313753669,2446.588049705446,2.120514363636364,2.482900600000001,2.740259555555556,0.0721323327454698,0.0440845002965027,0.0665811375938106,0.0568562877596251,0.0418152120034812,0.0472088501441716,0.0103701586091861,1757.6926875953095,,,,,,,,,,,,,,,,,,
1998,IRL,0.0,45734.005226624206,15868.99901980361,52406.2271249011,4.796667,5.425833,208.48586391844276,0.5238776983791051,119.63400278243498,395.9922800157557,20618.027985953,0,0,0,37780.34842807037,30380.026620528497,26113.49017183547,13221.2,11056.000000000002,9474.7,44670.03960801523,36599.01164289713,31585.911430562297,6.293334,7.289166,8.255,6.091667,5.418334,6.2475,161.03180273420764,135.98725743127432,119.74712001085608,0.6243027027027027,0.7066540460651954,0.7854406829125931,116.81054471515714,115.13930011058396,113.22370063853316,1505.7793759838344,1392.9213238906966,1142.0843879818192,19173.75071432,17495.460114808,16147.816609573,-0.6291659999999997,0.2016669999999996,1.870832,2.007500000000001,0.2435916827848104,0.1958393632416784,0.2205258449017287,0.1841683241210333,0.0959272056006981,0.21052364865551,0.1828256716760231,0.0537503695039906,6626.18669719081,4897.822975037093,19410.327761893597,13101.8246774746,9718.817051659733,7110.043242034482,5394.374445855802,4194.38189044138,23456.82524868564,16784.506127528224,12948.54650671273,-3.3109843333333338,-2.525620727272728,-1.7157654000000004,-3.5856241666666664,-4.646135090909091,-4.198666,70.50020266656458,49.5879898512341,36.68263767389742,-0.2989737408023092,-0.2363153426616181,-0.1732815763956424,15.93850699770509,15.564286247052976,15.013555452502402,1332.0059136712516,1329.9794853579424,1187.056804393971,5873.73995878317,4576.8538464776375,3552.1313753669,0.2746398333333329,2.120514363636364,2.482900600000001,0.1457821489227033,0.0690190767715166,0.1223409792138143,0.1002355828292618,0.0504843335308469,0.0909721190878116,0.0298769487014336,3272.1084747513105,,,,,,,,,,,,,,,,,,
1999,IRL,0.0,60484.87386985254,19638.695904,61452.50180595376,4.710834,2.9635,246.2024138151644,0.4734109163140167,121.59597617094138,-28.39924769729292,22526.414036917,0,0,0,45734.005226624206,37780.34842807037,30380.026620528497,15868.99901980361,13221.2,11056.000000000002,52406.2271249011,44670.03960801523,36599.01164289713,4.796667,6.293334,7.289166,5.425833,6.091667,5.418334,208.48586391844276,161.03180273420764,135.98725743127432,0.5238776983791051,0.6243027027027027,0.7066540460651954,119.63400278243498,116.81054471515714,115.13930011058396,395.9922800157557,1505.7793759838344,1392.9213238906966,20618.027985953,19173.75071432,17495.460114808,1.7473340000000004,-0.6291659999999997,0.2016669999999996,1.870832,0.2105236486555099,0.2002691903763358,0.1731851501537007,0.2946875112772647,0.0753257561940833,0.3225361209921118,0.2058332377509515,0.0403088420592123,9826.819854652596,6626.18669719081,25870.882424917152,19410.327761893597,13101.8246774746,9210.915858604672,7110.043242034482,5394.374445855802,29388.641592595694,23456.82524868564,16784.506127528224,-4.552960230769231,-3.3109843333333338,-2.525620727272728,-3.9756409230769223,-3.5856241666666664,-4.646135090909091,112.53117133798702,70.50020266656458,49.5879898512341,-0.3764007650641907,-0.2989737408023092,-0.2363153426616181,17.535926065159472,15.93850699770509,15.564286247052976,119.75682434384584,1332.0059136712516,1329.9794853579424,6866.19107974054,5873.73995878317,4576.8538464776375,-0.5773193076923073,0.2746398333333329,2.120514363636364,0.1005656023831775,0.0676973141752143,0.064805202864635,0.2024018047497214,0.0256758563299948,0.1057094925183934,0.0137193350110704,4673.261349429897,,,,,,,,,,,,,,,,,,
2000,IRL,0.0,71784.96832288116,23664.723072,68957.44207906468,5.5125,4.391767,298.2700167353394,0.3640158057125613,128.3630007491171,524.3434639871897,24305.281428392,0,0,0,60484.87386985254,45734.005226624206,37780.34842807037,19638.695904,15868.99901980361,13221.2,61452.50180595376,52406.2271249011,44670.03960801523,4.710834,4.796667,6.293334,2.9635,5.425833,6.091667,246.2024138151644,208.48586391844276,161.03180273420764,0.4734109163140167,0.5238776983791051,0.6243027027027027,121.59597617094138,119.63400278243498,116.81054471515714,-28.39924769729292,395.9922800157557,1505.7793759838344,22526.414036917,20618.027985953,19173.75071432,1.1207330000000004,1.7473340000000004,-0.6291659999999997,0.2016669999999996,0.3225361209921117,0.2375510187814632,0.172618316130494,0.1809069890296059,0.0925590969351762,0.1868251304837542,0.2588838174774774,0.0575507213450318,11676.472832766063,9826.819854652596,38773.83089493712,25870.882424917152,19410.327761893597,12322.690181472157,9210.915858604672,7110.043242034482,36335.72758846293,29388.641592595694,23456.82524868564,-4.313581785714286,-4.552960230769231,-3.3109843333333338,-6.153999571428571,-3.9756409230769223,-3.5856241666666664,142.2097804248524,112.53117133798702,70.50020266656458,-0.3999817781961226,-0.3764007650641907,-0.2989737408023092,18.24533330615448,17.535926065159472,15.93850699770509,-313.1887622509061,119.75682434384584,1332.0059136712516,8284.134910723073,6866.19107974054,5873.73995878317,1.840417785714286,-0.5773193076923073,0.2746398333333329,0.2048422591518426,0.099771656874556,0.0592533532364565,0.0730519129059302,0.0409341311995496,0.1499509478683865,0.0298179363793007,7449.052566034418,,,,0.22386099999999998,0.203647,2.0,,,,,,,,,,,,
2001,IRL,0.0,82843.62599759798,27332.40862,75395.97329124303,5.011667,4.261783,311.9817697660893,0.3355661990067985,134.61634502193843,172.25423929208125,25199.817704593,0,0,0,71784.96832288116,60484.87386985254,45734.005226624206,23664.723072,19638.695904,15868.99901980361,68957.44207906468,61452.50180595376,52406.2271249011,5.5125,4.710834,4.796667,4.391767,2.9635,5.425833,298.2700167353394,246.2024138151644,208.48586391844276,0.3640158057125613,0.4734109163140167,0.5238776983791051,128.3630007491171,121.59597617094138,119.63400278243498,524.3434639871897,-28.39924769729292,395.9922800157557,24305.281428392,22526.414036917,20618.027985953,0.7498839999999998,1.1207330000000004,1.7473340000000004,-0.6291659999999997,0.1868251304837543,0.2050048123195378,0.1221258704293113,0.2114829099899265,0.0789680678229449,0.1540525535231296,0.2399616333771253,0.0724866501125719,12262.895676595,11676.472832766063,47489.00328830327,38773.83089493712,25870.882424917152,15527.204670707342,12322.690181472157,9210.915858604672,41418.286022343,36335.72758846293,29388.641592595694,-3.224343666666665,-4.313581785714286,-4.552960230769231,-4.315465933333334,-6.153999571428571,-3.9756409230769223,184.796731316704,142.2097804248524,112.53117133798702,-0.4827114369178364,-0.3999817781961226,-0.3764007650641907,23.79600233058656,18.24533330615448,17.535926065159472,260.4332002503036,-313.1887622509061,119.75682434384584,9510.7266414832,8284.134910723073,6866.19107974054,1.0911222666666671,1.840417785714286,-0.5773193076923073,0.0544996787040678,0.0600989034930194,0.0045285251612411,0.0984098400872558,0.0244192355730647,0.1194940754704663,0.0424601777330484,8677.95116364502,,,,0.048294,0.143579,1.0,,,,,,,0.22386099999999998,,,,,
2002,IRL,0.0,90862.54374769768,34747.32368,81051.8310849115,5.01,3.318592,353.1787580397217,0.3087327227884734,140.85898762173153,264.5382479318424,26241.315363853,0,0,0,82843.62599759798,71784.96832288116,60484.87386985254,27332.40862,23664.723072,19638.695904,75395.97329124303,68957.44207906468,61452.50180595376,5.011667,5.5125,4.710834,4.261783,4.391767,2.9635,311.9817697660893,298.2700167353394,246.2024138151644,0.3355661990067985,0.3640158057125613,0.4734109163140167,134.61634502193843,128.3630007491171,121.59597617094138,172.25423929208125,524.3434639871897,-28.39924769729292,25199.817704593,24305.281428392,22526.414036917,1.6914079999999996,0.7498839999999998,1.1207330000000004,1.7473340000000004,0.1540525535231296,0.1549853567625133,0.0933696352135003,0.0459709399584624,0.0368041933123249,0.0967958325524307,0.2211379349996652,0.0893291919927584,10219.166730825218,12262.895676595,55579.59825750113,47489.00328830327,38773.83089493712,18224.43992678813,15527.204670707342,12322.690181472157,45268.17435812492,41418.286022343,36335.72758846293,-3.5236551875,-3.224343666666665,-4.313581785714286,-4.175733312499999,-4.315465933333334,-6.153999571428571,186.9586886401599,184.796731316704,142.2097804248524,-0.4809915788162345,-0.4827114369178364,-0.3999817781961226,28.56209645774624,23.79600233058656,18.24533330615448,-107.93309946044876,260.4332002503036,-313.1887622509061,9810.842502591502,9510.7266414832,8284.134910723073,0.6520781249999997,1.0911222666666671,1.840417785714286,0.0180937898298386,0.0060728543697937,-0.0245296117319858,-0.0736627859500253,-0.0193725879757594,0.0921350859879728,0.0562698497751601,8596.839302578184,,,,,,,,,,,,,0.048294,0.22386099999999998,,,,
2003,IRL,0.0,97577.604472,43309.719488,88366.255928,4.1325,2.333467,401.1218044650552,0.2981861381414131,145.76213748082617,564.2353142518282,26603.860546949,0,0,0,90862.54374769768,82843.62599759798,71784.96832288116,34747.32368,27332.40862,23664.723072,81051.8310849115,75395.97329124303,68957.44207906468,5.01,5.011667,5.5125,3.318592,4.261783,4.391767,353.1787580397217,311.9817697660893,298.2700167353394,0.3087327227884734,0.3355661990067985,0.3640158057125613,140.85898762173153,134.61634502193843,128.3630007491171,264.5382479318424,172.25423929208125,524.3434639871897,26241.315363853,25199.817704593,24305.281428392,1.799033,1.6914079999999996,0.7498839999999998,1.1207330000000004,0.0967958325524307,0.271286558132834,0.0750153827422686,0.1320493447566507,0.0413295711686902,0.0739035079509591,0.1458911721864382,0.0455661577323996,8539.682619745627,10219.166730825218,60329.12787480663,55579.59825750113,47489.00328830327,24567.32910874178,18224.43992678813,15527.204670707342,48261.19836602132,45268.17435812492,41418.286022343,-3.318048352941176,-3.5236551875,-3.224343666666665,-4.873292941176469,-4.175733312499999,-4.315465933333334,217.15810699378284,186.9586886401599,184.796731316704,-0.4795314327512517,-0.4809915788162345,-0.4827114369178364,33.12461573649543,28.56209645774624,23.79600233058656,-9.300084970072987,-107.93309946044876,260.4332002503036,10275.231779346115,9810.842502591502,9510.7266414832,1.5552445882352937,0.6520781249999997,1.0911222666666671,-0.0402937930052251,0.1219945023420022,-0.0413507634699684,0.0170195429700395,-0.0136364233709092,0.010745984108881,0.0087554921964573,5939.050406624247,,,,,,,,,,,,,,0.048294,0.22386099999999998,,,
2004,IRL,0.0,127590.093384,58048.192184,98471.489612,4.076667,2.106325,436.2103058378543,0.2808717126160449,148.9601541040916,-120.80570119607384,27865.106583741,0,0,0,97577.604472,90862.54374769768,82843.62599759798,43309.719488,34747.32368,27332.40862,88366.255928,81051.8310849115,75395.97329124303,4.1325,5.01,5.011667,2.333467,3.318592,4.261783,401.1218044650552,353.1787580397217,311.9817697660893,0.2981861381414131,0.3087327227884734,0.3355661990067985,145.76213748082617,140.85898762173153,134.61634502193843,564.2353142518282,264.5382479318424,172.25423929208125,26603.860546949,26241.315363853,25199.817704593,1.970342,1.799033,1.6914079999999996,0.7498839999999998,0.073903507950959,0.2464188576609247,0.0902437951762714,0.135747253576166,0.0138158159402101,0.3075755863694329,0.1082506313421731,0.0412840972774939,14095.44628835085,8539.682619745627,63692.570383841936,60329.12787480663,55579.59825750113,31764.87329958946,24567.32910874178,18224.43992678813,52894.44552210864,48261.19836602132,45268.17435812492,-4.011212333333333,-3.318048352941176,-3.5236551875,-5.587679444444444,-4.873292941176469,-4.175733312499999,253.03681414168392,217.15810699378284,186.9586886401599,-0.4634373822454647,-0.4795314327512517,-0.4809915788162345,36.187509165784775,33.12461573649543,28.56209645774624,290.91365273713905,-9.300084970072987,-107.93309946044876,10066.930752478442,10275.231779346115,9810.842502591502,1.5764671111111113,1.5552445882352937,0.6520781249999997,-0.0608158944887423,0.0899506546735046,-0.023689953184791,0.0197163022030819,-0.0403480360481593,-0.0275661807421891,0.0039262134792729,3863.629601769705,,,,,,,,,,,,,,,0.048294,,,
2005,IRL,0.0,165922.408392,74596.486952,115680.550576,3.329167,2.184675,477.0178687490265,0.2605357451869592,152.58267042414298,-4745.382658173199,28762.763149421004,0,0,1,127590.093384,97577.604472,90862.54374769768,58048.192184,43309.719488,34747.32368,98471.489612,88366.255928,81051.8310849115,4.076667,4.1325,5.01,2.106325,2.333467,3.318592,436.2103058378543,401.1218044650552,353.1787580397217,0.2808717126160449,0.2981861381414131,0.3087327227884734,148.9601541040916,145.76213748082617,140.85898762173153,-120.80570119607384,564.2353142518282,264.5382479318424,27865.106583741,26603.860546949,26241.315363853,1.144492,1.970342,1.799033,1.6914079999999996,0.3075755863694329,0.3403040442246144,0.1143562503342187,0.0874759262204505,0.0474083840037511,0.300433317284545,0.1594249756242742,0.1288117511313988,25519.208284490716,14095.44628835085,90352.81874932394,63692.570383841936,60329.12787480663,44831.51055876896,31764.87329958946,24567.32910874178,60215.76102073451,52894.44552210864,48261.19836602132,-3.8559288947368415,-4.011212333333333,-3.318048352941176,-5.52073305263158,-5.587679444444444,-4.873292941176469,274.8075884543945,253.03681414168392,217.15810699378284,-0.456360366600019,-0.4634373822454647,-0.4795314327512517,37.48092004348258,36.187509165784775,33.12461573649543,-409.438607591665,290.91365273713905,-9.300084970072987,10798.338328613689,10066.930752478442,10275.231779346115,1.6648041578947363,1.5764671111111113,1.5552445882352937,0.1762348447346615,0.1788385826442217,0.0017386104834223,-0.029650375275027,-0.0045139104263872,0.0252297035835701,0.091222913599103,9177.916420264322,,,,0.028051,0.190672,1.0,,,,,,,,,,,,
2006,IRL,0.0,209247.091596,87658.23589200001,140062.744452,3.765,3.079225,544.800159157414,0.2364529980815906,158.59344344165805,-7796.059057192477,29375.982964321003,0,1,1,165922.408392,127590.093384,97577.604472,74596.486952,58048.192184,43309.719488,115680.550576,98471.489612,88366.255928,3.329167,4.076667,4.1325,2.184675,2.106325,2.333467,477.0178687490265,436.2103058378543,401.1218044650552,0.2605357451869592,0.2808717126160449,0.2981861381414131,152.58267042414298,148.9601541040916,145.76213748082617,-4745.382658173199,-120.80570119607384,564.2353142518282,28762.763149421004,27865.106583741,26603.860546949,0.685775,1.144492,1.970342,1.799033,0.300433317284545,0.285078555341492,0.1747618628682028,0.0935502035716252,0.0322143596681512,0.2611141172785007,0.2273041372016457,0.1328968313873592,37334.07763800001,25519.208284490716,124167.49281985775,90352.81874932394,63692.570383841936,59138.229798830514,44831.51055876896,31764.87329958946,74414.03393369779,60215.76102073451,52894.44552210864,-4.41063245,-3.8559288947368415,-4.011212333333333,-5.1663464,-5.52073305263158,-5.587679444444444,301.8747719428469,274.8075884543945,253.03681414168392,-0.4538783156991037,-0.456360366600019,-0.4634373822454647,39.22939036135983,37.48092004348258,36.187509165784775,-5013.543634189207,-409.438607591665,290.91365273713905,11156.077977863002,10798.338328613689,10066.930752478442,0.7557139500000001,1.6648041578947363,1.5764671111111113,0.1598170575058441,0.1142005367798245,0.0620527172024895,-0.0220155518567456,-0.0194703605290194,0.0917072149618543,0.0902400542106688,20061.800979918047,,,,0.038056,0.412162,1.0,0.038056,0.412162,1.0,,,,0.028051,,,,,
2007,IRL,0.0,243912.50862,97438.993208,155463.558472,4.305833,4.277608,547.3419950477285,0.2394232740182252,166.30756608283096,-10103.070836758794,30066.844156117,1,1,1,209247.091596,165922.408392,127590.093384,87658.23589200001,74596.486952,58048.192184,140062.744452,115680.550576,98471.489612,3.765,3.329167,4.076667,3.079225,2.184675,2.106325,544.800159157414,477.0178687490265,436.2103058378543,0.2364529980815906,0.2605357451869592,0.2808717126160449,158.59344344165805,152.58267042414298,148.9601541040916,-7796.059057192477,-4745.382658173199,-120.80570119607384,29375.982964321003,28762.763149421004,27865.106583741,0.0282249999999999,0.685775,1.144492,1.970342,0.2611141172785008,0.1750987140775777,0.2107717654747964,0.1420959147424513,0.0213199201938407,0.1656673780246829,0.2897076736441595,0.0250189248599399,39229.1928912,37334.07763800001,161579.4382705312,124167.49281985775,90352.81874932394,69383.87255793382,59138.229798830514,44831.51055876896,95252.70238428362,74414.03393369779,60215.76102073451,-3.764769333333333,-4.41063245,-3.8559288947368415,-4.025779904761905,-5.1663464,-5.52073305263158,355.2820732110988,301.8747719428469,274.8075884543945,-0.4563478096759437,-0.4538783156991037,-0.456360366600019,43.3720971711911,39.22939036135983,37.48092004348258,-7825.479860151856,-5013.543634189207,-409.438607591665,11238.055984293336,11156.077977863002,10798.338328613689,0.2610105714285715,0.7557139500000001,1.6648041578947363,0.1125070046245077,-0.0014893313230809,0.0949599839489586,0.0276309369069177,-0.0293912819768789,0.1492840558800601,-0.0223873288541541,30762.12583454301,,,,0.068975,0.45438,1.0,,,,,,,0.038056,0.028051,,0.038056,,
2008,IRL,1.0,243773.109792,90552.533592,155628.15934800002,4.525833,4.634233,474.0523935436596,0.4251373980427212,173.0496200906075,-9225.41642689922,28248.441720917,0,0,0,243912.50862,209247.091596,165922.408392,97438.993208,87658.23589200001,74596.486952,155463.558472,140062.744452,115680.550576,4.305833,3.765,3.329167,4.277608,3.079225,2.184675,547.3419950477285,544.800159157414,477.0178687490265,0.2394232740182252,0.2364529980815906,0.2605357451869592,166.30756608283096,158.59344344165805,152.58267042414298,-10103.070836758794,-7796.059057192477,-4745.382658173199,30066.844156117,29375.982964321003,28762.763149421004,-0.1083999999999996,0.0282249999999999,0.685775,1.144492,0.1656673780246829,0.1115783042685281,0.1099565346963332,0.004665629860031,0.0235178918994844,-0.0005715115997482,0.2424049375292429,0.0693036048940871,26821.75212240003,39229.1928912,188900.3353731434,161579.4382705312,124167.49281985775,76010.81748493682,69383.87255793382,59138.229798830514,106323.84811408888,95252.70238428362,74414.03393369779,-3.052810454545454,-3.764769333333333,-4.41063245,-2.6444069090909084,-4.025779904761905,-5.1663464,341.6747239554543,355.2820732110988,301.8747719428469,-0.4326344514813116,-0.4563478096759437,-0.4538783156991037,49.11476085003714,43.3720971711911,39.22939036135983,-9776.78800971127,-7825.479860151856,-5013.543634189207,11418.096449530543,11238.055984293336,11156.077977863002,-0.4084035454545454,0.2610105714285715,0.7557139500000001,0.0117027889599989,-0.0649388205929362,-0.010377150827074,-0.111115106875832,-0.0257937254151934,0.0945171169711404,0.0230167176227008,31038.18183329337,,,,,,,,,,,,,0.068975,0.038056,0.028051,,0.038056,
2009,IRL,0.0,224875.511612,86797.42844,149620.621156,5.225,1.228358,387.6299732729656,0.6175387982152284,165.29625798166447,-6233.99048762282,26622.466118757,0,0,0,243773.109792,243912.50862,209247.091596,90552.533592,97438.993208,87658.23589200001,155628.15934800002,155463.558472,140062.744452,4.525833,4.305833,3.765,4.634233,4.277608,3.079225,474.0523935436596,547.3419950477285,544.800159157414,0.4251373980427212,0.2394232740182252,0.2364529980815906,173.0496200906075,166.30756608283096,158.59344344165805,-9225.41642689922,-10103.070836758794,-7796.059057192477,28248.441720917,30066.844156117,29375.982964321003,3.996642,-0.1083999999999996,0.0282249999999999,0.685775,-0.0005715115997481,-0.0706745768739592,0.0010587746583046,-0.1339009287925695,-0.0604786596743659,-0.0775212581737354,0.1420699945678118,0.1324291111117911,4674.586122000034,26821.75212240003,180547.8784854415,188900.3353731434,161579.4382705312,65819.53971741784,76010.81748493682,69383.87255793382,101865.67298512852,106323.84811408888,95252.70238428362,-2.700079565217391,-3.052810454545454,-3.764769333333333,-2.172807695652174,-2.6444069090909084,-4.025779904761905,253.52969967071348,341.6747239554543,355.2820732110988,-0.2281101339141499,-0.4326344514813116,-0.4563478096759437,53.72139047302947,49.11476085003714,43.3720971711911,-8474.055860299031,-9776.78800971127,-7825.479860151856,9103.255038264,11418.096449530543,11238.055984293336,-0.527271869565217,-0.4084035454545454,0.2610105714285715,-0.1550680456171593,-0.2442399371630174,-0.1188032221911447,-0.2446309788522584,-0.1086178349247168,-0.0103186410841545,0.0850461896678952,17078.83197282873,,,,,,,,,,,,,,0.068975,0.038056,,,0.038056
2010,IRL,0.0,175429.88100000002,78424.047992,145472.521568,5.739167,0.81095,333.4041409462557,0.8617791247490891,163.7338137195448,-1574.3288243926495,26967.291937765003,0,0,0,224875.511612,243773.109792,243912.50862,86797.42844,90552.533592,97438.993208,149620.621156,155628.15934800002,155463.558472,5.225,4.525833,4.305833,1.228358,4.634233,4.277608,387.6299732729656,474.0523935436596,547.3419950477285,0.6175387982152284,0.4251373980427212,0.2394232740182252,165.29625798166447,173.0496200906075,166.30756608283096,-6233.99048762282,-9225.41642689922,-10103.070836758794,26622.466118757,28248.441720917,30066.844156117,4.928217,3.996642,-0.1083999999999996,0.0282249999999999,-0.0775212581737355,-0.0414688027274783,-0.0386018713911957,-0.1823056300268096,-0.0575598335024626,-0.2198800138687996,0.029191536083733,0.1242962487349017,-22434.54810399997,4674.586122000034,154127.45203521478,180547.8784854415,188900.3353731434,59321.95374385876,65819.53971741784,76010.81748493682,91613.73175208148,101865.67298512852,106323.84811408888,-1.8884092500000005,-2.700079565217391,-3.052810454545454,-5.4881490416666665,-2.172807695652174,-2.6444069090909084,156.5435419137398,253.52969967071348,341.6747239554543,-0.026204144828553,-0.2281101339141499,-0.4326344514813116,43.72963709437688,53.72139047302947,49.11476085003714,-5129.54426017684,-8474.055860299031,-9776.78800971127,7097.977142843,9103.255038264,11418.096449530543,3.599739791666666,-0.527271869565217,-0.4084035454545454,-0.2252757032512701,-0.2044150353137966,-0.1532985107540735,-0.2823995505711829,-0.1009764941908692,-0.1227280704280443,0.0730475913970106,-5881.611740563111,,,,,,,,,,,,,,,0.068975,,,
2011,IRL,0.0,156309.402208,63316.995344,140384.85812800002,9.601666,1.3906,268.1636864281828,1.1050983429547263,167.96632540220455,-2213.397677635115,26959.115473970003,0,0,0,175429.88100000002,224875.511612,243773.109792,78424.047992,86797.42844,90552.533592,145472.521568,149620.621156,155628.15934800002,5.739167,5.225,4.525833,0.81095,1.228358,4.634233,333.4041409462557,387.6299732729656,474.0523935436596,0.8617791247490891,0.6175387982152284,0.4251373980427212,163.7338137195448,165.29625798166447,173.0496200906075,-1574.3288243926495,-6233.99048762282,-9225.41642689922,26967.291937765003,26622.466118757,28248.441720917,8.211065999999999,4.928217,3.996642,-0.1083999999999996,-0.2198800138687996,-0.0964703747391343,-0.0277241168760758,-0.1398907103825135,0.0129524371434941,-0.1089921436588103,-0.0993242612140944,0.1112680681869559,-31183.67533639997,-22434.54810399997,98516.7233418062,154127.45203521478,180547.8784854415,48575.695146104415,59321.95374385876,65819.53971741784,83801.08289399822,91613.73175208148,101865.67298512852,-1.29870588,-1.8884092500000005,-2.700079565217391,-5.68603108,-5.4881490416666665,-2.172807695652174,96.05596791048028,156.5435419137398,253.52969967071348,0.2190843474984497,-0.026204144828553,-0.2281101339141499,40.41800734848212,43.72963709437688,53.72139047302947,-264.7008265395955,-5129.54426017684,-8474.055860299031,7158.883876137283,7097.977142843,9103.255038264,4.3873252,3.599739791666666,-0.527271869565217,-0.3582479713108647,-0.2508993141873777,-0.1360333182908673,-0.2282179829864208,-0.026256869620293,-0.245907864663783,0.0568434286144121,-32723.3999783557,,,,,,,,,,,,,,,,,,
2012,IRL,0.0,153795.49792,66921.675772,139032.61074,6.171667,0.5731834,259.69090012713434,1.1966992918020998,170.80940320336745,-4672.950750866957,26826.81709839754,0,0,0,156309.402208,175429.88100000002,224875.511612,63316.995344,78424.047992,86797.42844,140384.85812800002,145472.521568,149620.621156,9.601666,5.739167,5.225,1.3906,0.81095,1.228358,268.1636864281828,333.4041409462557,387.6299732729656,1.1050983429547263,0.8617791247490891,0.6175387982152284,167.96632540220455,163.7338137195448,165.29625798166447,-2213.397677635115,-1574.3288243926495,-6233.99048762282,26959.115473970003,26967.291937765003,26622.466118757,5.5984836,8.211065999999999,4.928217,3.996642,-0.1089921436588103,-0.1926329108839302,-0.0349733639395381,-0.1956797966963152,-0.0003031992909732,-0.0160828731508727,-0.1354644719004485,0.074780291204712,-23236.0519868,-31183.67533639997,75607.13980589058,98516.7233418062,154127.45203521478,31600.346530946543,48575.695146104415,59321.95374385876,75490.30088115216,83801.08289399822,91613.73175208148,2.613743346153845,-1.29870588,-1.8884092500000005,-4.887687576923077,-5.68603108,-5.4881490416666665,27.121053088158103,96.05596791048028,156.5435419137398,0.4539772446464545,0.2190843474984497,-0.026204144828553,43.09598028696948,40.41800734848212,43.72963709437688,-893.5888787613073,-264.7008265395955,-5129.54426017684,6875.365724798539,7158.883876137283,7097.977142843,7.501430923076922,4.3873252,3.599739791666666,-0.2330301822484408,-0.3370258777646785,-0.1378412326226948,-0.2748783499807657,-0.0384622312699486,-0.2718019143224794,0.0179871754399011,-40049.77068995763,,,,0.27135033333333336,0.134416,3.0,,,,,,,,,,,,
2013,IRL,0.0,147420.954904,65621.40760800001,149084.290072,3.79,0.2206667,276.63647272923123,1.2003820454222582,171.6691042699675,2195.5987784889367,27015.914178220304,0,0,0,153795.49792,156309.402208,175429.88100000002,66921.675772,63316.995344,78424.047992,139032.61074,140384.85812800002,145472.521568,6.171667,9.601666,5.739167,0.5731834,1.3906,0.81095,259.69090012713434,268.1636864281828,333.4041409462557,1.1966992918020998,1.1050983429547263,0.8617791247490891,170.80940320336745,167.96632540220455,163.7338137195448,-4672.950750866957,-2213.397677635115,-1574.3288243926495,26826.81709839754,26959.115473970003,26967.291937765003,3.5693333000000003,5.5984836,8.211065999999999,4.928217,-0.0160828731508727,0.0569306930693069,-0.0096324304916636,-0.0315955766192732,-0.0049073707815155,-0.0414481769766488,-0.1149850102261609,0.1020306546017969,-8654.068257600002,-23236.0519868,70292.97108063534,75607.13980589058,98516.7233418062,34034.64375409667,31600.346530946543,48575.695146104415,71342.11642347983,75490.30088115216,83801.08289399822,-0.9130609629629624,2.613743346153845,-1.29870588,-5.524078711111111,-4.887687576923077,-5.68603108,17.64378333940013,27.121053088158103,96.05596791048028,0.5287642214698849,0.4539772446464545,0.2190843474984497,44.34291067009649,43.09598028696948,40.41800734848212,-3320.0460675945824,-893.5888787613073,-264.7008265395955,6488.42417423354,6875.365724798539,7158.883876137283,4.611017748148148,7.501430923076922,4.3873252,-0.1311582124232555,-0.0744997400512614,-0.1071987133047167,-0.1002218856736942,-0.0415870861731852,-0.2404503760752926,0.0445180518193899,-30433.406894942756,,,,,,,,,,,,,0.27135033333333336,,,,,
2014,IRL,0.0,123603.444416,61659.96068800001,141152.73302800002,2.3675,0.2099333,326.20227259036454,1.0433646939159362,172.00620697035637,1648.410031610105,29137.841163477693,0,0,0,147420.954904,153795.49792,156309.402208,65621.40760800001,66921.675772,63316.995344,149084.290072,139032.61074,140384.85812800002,3.79,6.171667,9.601666,0.2206667,0.5731834,1.3906,276.63647272923123,259.69090012713434,268.1636864281828,1.2003820454222582,1.1966992918020998,1.1050983429547263,171.6691042699675,170.80940320336745,167.96632540220455,2195.5987784889367,-4672.950750866957,-2213.397677635115,27015.914178220304,26826.81709839754,26959.115473970003,2.1575667000000003,3.5693333000000003,5.5984836,8.211065999999999,-0.0414481769766487,-0.0194297011992043,0.0722972781601382,0.0652528548123981,0.0070488078823954,-0.1615612278696055,-0.0555077312621106,0.0480238111420645,-10449.24163920001,-8654.068257600002,61407.96481175553,70292.97108063534,75607.13980589058,31518.85259887894,34034.64375409667,31600.346530946543,78845.86302606984,71342.11642347983,75490.30088115216,-3.262118642857144,-0.9130609629629624,2.613743346153845,-5.679306885714285,-5.524078711111111,-4.887687576923077,33.95922082223274,17.64378333940013,27.121053088158103,0.5135625386089762,0.5287642214698849,0.4539772446464545,43.618936355621656,44.34291067009649,43.09598028696948,3667.076535603975,-3320.0460675945824,-893.5888787613073,6445.791819262249,6488.42417423354,6875.365724798539,2.417188242857143,4.611017748148148,7.501430923076922,-0.1516658046777999,-0.1481008846882445,-0.0212986819379253,0.0003384674495954,-0.0280906450584155,-0.1717250057237311,-0.0112010244026266,-14634.086889945049,,,,,,,,,,,,,,0.27135033333333336,,,,
2015,IRL,0.0,109299.707048,60665.267356,148633.803464,1.1825,-0.01936667,349.50243491824773,0.7674237642389511,171.4996611136874,9100.895560520492,36113.720371508665,0,0,0,123603.444416,147420.954904,153795.49792,61659.96068800001,65621.40760800001,66921.675772,141152.73302800002,149084.290072,139032.61074,2.3675,3.79,6.171667,0.2099333,0.2206667,0.5731834,326.20227259036454,276.63647272923123,259.69090012713434,1.0433646939159362,1.2003820454222582,1.1966992918020998,172.00620697035637,171.6691042699675,170.80940320336745,1648.410031610105,2195.5987784889367,-4672.950750866957,29137.841163477693,27015.914178220304,26826.81709839754,1.20186667,2.1575667000000003,3.5693333000000003,5.5984836,-0.1615612278696056,-0.0603682100765704,-0.0532018299189636,0.1791730474732006,0.0785435936485186,-0.1157228055867061,-0.0730307593323757,0.0777115342411252,-15730.488310399982,-10449.24163920001,35472.938295763975,61407.96481175553,70292.97108063534,26470.548692710698,31518.85259887894,34034.64375409667,68195.48311910193,78845.86302606984,71342.11642347983,-4.572131793103448,-3.262118642857144,-0.9130609629629624,-5.494202117241379,-5.679306885714285,-5.524078711111111,82.35401306880627,33.95922082223274,17.64378333940013,0.3388361340471721,0.5135625386089762,0.5287642214698849,42.451937802368406,43.618936355621656,44.34291067009649,2993.436873704317,3667.076535603975,-3320.0460675945824,8345.450121096801,6445.791819262249,6488.42417423354,0.9220703241379312,2.417188242857143,4.611017748148148,-0.2663622196894067,-0.1837500762553161,-0.1460371228049584,0.114246571987198,0.0444073780312225,-0.1828878483968209,0.0189015514520868,-15866.410775777938,,,,0.605176,0.054272,1.0,,,,,,,,,0.27135033333333336,,,
2016,IRL,0.0,102788.91546,57861.539516,153083.540064,0.7358333,-0.2636917,380.8517442321269,0.742940128114961,171.4996611136874,-8956.51753475732,36407.51059780754,0,0,0,109299.707048,123603.444416,147420.954904,60665.267356,61659.96068800001,65621.40760800001,148633.803464,141152.73302800002,149084.290072,1.1825,2.3675,3.79,-0.01936667,0.2099333,0.2206667,349.50243491824773,326.20227259036454,276.63647272923123,0.7674237642389511,1.0433646939159362,1.2003820454222582,171.4996611136874,172.00620697035637,171.6691042699675,9100.895560520492,1648.410031610105,2195.5987784889367,36113.720371508665,29137.841163477693,27015.914178220304,0.999525,1.20186667,2.1575667000000003,3.5693333000000003,-0.115722805586706,-0.0161319164154703,0.052999827034989,0.0714285714285714,0.2394096106466104,-0.0595682437203672,-0.1062440701443201,0.0606149409625513,-14819.98557,-15730.488310399982,19986.7696512385,35472.938295763975,61407.96481175553,24593.50373762034,26470.548692710698,31518.85259887894,73403.37078446518,68195.48311910193,78845.86302606984,-5.604727400000001,-4.572131793103448,-3.262118642857144,-5.540362016666667,-5.494202117241379,-5.679306885714285,102.90904162772924,82.35401306880627,33.95922082223274,0.0516006665686146,0.3388361340471721,0.5135625386089762,40.53032735228717,42.451937802368406,43.618936355621656,10346.141173491224,2993.436873704317,3667.076535603975,15043.147658424548,8345.450121096801,6445.791819262249,-0.0643653833333333,0.9220703241379312,2.417188242857143,-0.2113388932792862,-0.1331775730681706,-0.0347997029956624,0.0025625589774931,0.2037421061316859,-0.2095694503374504,0.0011299027645098,-20560.01260343058,,,,0.30485,0.273123,1.0,0.30485,0.273123,1.0,,,,0.605176,,,,,
2017,IRL,0.0,103300.044496,58908.999636,159837.68892800002,0.8016667,-0.32905,427.0284295728408,0.6778508106122648,171.9882293384962,1148.5879078338926,39217.02711678162,0,0,0,102788.91546,109299.707048,123603.444416,57861.539516,60665.267356,61659.96068800001,153083.540064,148633.803464,141152.73302800002,0.7358333,1.1825,2.3675,-0.2636917,-0.01936667,0.2099333,380.8517442321269,349.50243491824773,326.20227259036454,0.742940128114961,0.7674237642389511,1.0433646939159362,171.4996611136874,171.4996611136874,172.00620697035637,-8956.51753475732,9100.895560520492,1648.410031610105,36407.51059780754,36113.720371508665,29137.841163477693,1.1307167,0.999525,1.20186667,2.1575667000000003,-0.0595682437203672,-0.0462163600721806,0.0299375814673124,0.0896969696969696,0.0081351415272811,0.0049726085124315,-0.1122840923922263,0.0510833707310131,-6742.099134800016,-14819.98557,12831.243558359842,19986.7696512385,35472.938295763975,20996.43706737452,24593.50373762034,26470.548692710698,75485.25671399856,73403.37078446518,68195.48311910193,-5.870596441935483,-5.604727400000001,-4.572131793103448,-5.605965691290322,-5.540362016666667,-5.494202117241379,130.93870443748813,102.90904162772924,82.35401306880627,0.025452492813379,0.0516006665686146,0.3388361340471721,39.22289743769727,40.53032735228717,42.451937802368406,-8045.018411254045,10346.141173491224,2993.436873704317,14851.675057032313,15043.147658424548,8345.450121096801,-0.2646307506451613,-0.0643653833333333,0.9220703241379312,-0.1481397016369712,-0.1588227642892752,-0.0567019584634835,0.0207455386133082,-0.0343237665253662,-0.2083829398150996,-0.0084406296313217,-18915.22369862236,,,,0.02668066666666667,0.12006466666666667,3.0,0.018024,0.081014,1.0,,,,0.30485,0.605176,,0.30485,,
2018,IRL,0.0,104182.116176,59954.097064,167954.323512,0.9508333,-0.3220917,453.71770642114336,0.631361901021324,172.81879532067325,12606.536948,42227.923151757226,0,0,0,103300.044496,102788.91546,109299.707048,58908.999636,57861.539516,60665.267356,159837.68892800002,153083.540064,148633.803464,0.8016667,0.7358333,1.1825,-0.32905,-0.2636917,-0.01936667,427.0284295728408,380.8517442321269,349.50243491824773,0.6778508106122648,0.742940128114961,0.7674237642389511,171.9882293384962,171.4996611136874,171.4996611136874,1148.5879078338926,-8956.51753475732,9100.895560520492,39217.02711678162,36407.51059780754,36113.720371508665,1.272925,1.1307167,0.999525,1.20186667,0.0049726085124315,0.0181028733207202,0.0441206733341565,0.1212458286985538,0.0771685971614678,0.0085389283644903,-0.0567728135982139,0.0603962463098202,-1484.1643579999927,-6742.099134800016,12941.396233161082,12831.243558359842,19986.7696512385,21387.75852901907,20996.43706737452,24593.50373762034,79880.49130568613,75485.25671399856,73403.37078446518,-5.621306903125,-5.870596441935483,-5.604727400000001,-5.496137563437499,-5.605965691290322,-5.540362016666667,173.02355526453056,130.93870443748813,102.90904162772924,-0.0404322150897353,0.025452492813379,0.0516006665686146,38.48575011757802,39.22289743769727,40.53032735228717,2311.493856688857,-8045.018411254045,10346.141173491224,17197.07673047413,14851.675057032313,15043.147658424548,-0.1251693396875,-0.2646307506451613,-0.0643653833333333,-0.0788201493513669,-0.089380215919301,-0.0406897711623334,0.0516251866918824,0.0358169073838322,-0.1459255630272506,0.0011536002685294,-10185.088170366434,,,,0.037028,0.146908,1.0,,,,,,,0.02668066666666667,0.30485,0.605176,0.018024,0.30485,
2019,IRL,0.0,102861.371348,60243.133052000005,194755.126432,0.3333333,-0.3563333,455.41226368135307,0.5721485935146351,174.36999943444306,-55737.47940800001,43729.410638202986,0,0,0,104182.116176,103300.044496,102788.91546,59954.097064,58908.999636,57861.539516,167954.323512,159837.68892800002,153083.540064,0.9508333,0.8016667,0.7358333,-0.3220917,-0.32905,-0.2636917,453.71770642114336,427.0284295728408,380.8517442321269,0.631361901021324,0.6778508106122648,0.742940128114961,172.81879532067325,171.9882293384962,171.4996611136874,12606.536948,1148.5879078338926,-8956.51753475732,42227.923151757226,39217.02711678162,36407.51059780754,0.6896666,1.272925,1.1307167,0.999525,0.0085389283644903,0.0177408788887552,0.0507804801135242,0.0624999999999999,0.0767752238335064,-0.0126772701158115,-0.0153522356144818,0.0383336821729482,109.94393439999324,-1484.1643579999927,13431.30439094409,12941.396233161082,12831.243558359842,21784.742062200312,21387.75852901907,20996.43706737452,85576.50494102895,79880.49130568613,75485.25671399856,-5.3017976696969695,-5.621306903125,-5.870596441935483,-5.32262964030303,-5.496137563437499,-5.605965691290322,194.469694074514,173.02355526453056,130.93870443748813,-0.0856959060415932,-0.0404322150897353,0.025452492813379,38.15008124770725,38.48575011757802,39.22289743769727,13699.397628470457,2311.493856688857,-8045.018411254045,19686.84922816264,17197.07673047413,14851.675057032313,0.0208319706060604,-0.1251693396875,-0.2646307506451613,-0.0727906998320779,-0.0869490786037878,-0.0327584090341428,-0.0087339290907927,0.0343042557001261,-0.0997977088168329,-0.0209461767802306,-4587.6504545541975,,,,0.09841066666666669,0.13048933333333332,3.0,,,,,,,0.037028,0.02668066666666667,0.30485,,0.018024,0.30485
2020,IRL,0.0,97086.164536,58098.596280000005,235713.179816,-0.06083333,-0.42515,465.5796072426112,0.5843373714863072,174.16235793889837,-7790.583088,45887.56980177752,0,0,0,102861.371348,104182.116176,103300.044496,60243.133052000005,59954.097064,58908.999636,194755.126432,167954.323512,159837.68892800002,0.3333333,0.9508333,0.8016667,-0.3563333,-0.3220917,-0.32905,455.41226368135307,453.71770642114336,427.0284295728408,0.5721485935146351,0.631361901021324,0.6778508106122648,174.36999943444306,172.81879532067325,171.9882293384962,-55737.47940800001,12606.536948,1148.5879078338926,43729.410638202986,42227.923151757226,39217.02711678162,0.3643166699999999,0.6896666,1.272925,1.1307167,-0.0126772701158115,0.0048209547329428,0.159571973853267,0.003734827264239,0.0355567447882711,-0.0561455358441735,0.0002780889203701,0.0113604865714058,-1996.2384707999904,109.94393439999324,11715.521198504546,13431.30439094409,12941.396233161082,21433.05034248854,21784.742062200312,21387.75852901907,109860.35183335164,85576.50494102895,79880.49130568613,-5.763362444117647,-5.3017976696969695,-5.621306903125,-5.200323309705883,-5.32262964030303,-5.496137563437499,190.4445544501792,194.469694074514,173.02355526453056,-0.1423887457235294,-0.0856959060415932,-0.0404322150897353,38.57922414830918,38.15008124770725,38.48575011757802,-55047.54218719045,13699.397628470457,2311.493856688857,20609.311737309497,19686.84922816264,17197.07673047413,-0.5630391344117647,0.0208319706060604,-0.1251693396875,-0.0918011195295895,-0.0972341821958491,0.0770257637672405,-0.0672344373086508,-0.0079537462451129,-0.081048705881455,-0.0472648043573908,-2845.553437813753,,,,,,,,,,,,,0.09841066666666669,0.037028,0.02668066666666667,,,0.018024
1989,ITA,0.0,630486.5,203978.5313,828194.0,12.7858,12.5796333333333,83.47960071156909,0.897711133404574,93.9,-16277.646,15996.877351064417,1,1,1,569530.0,486946.0,438029.0,166985.5625,144948.3281,128240.6641,738869.0,674680.0,624326.0,10.8958,10.6417,11.4683,11.1864,10.729375,11.4041666666667,62.58964789388707,56.21524784775324,51.05885175706442,0.8738156645994803,0.8573021670651578,0.818838524643858,88.4,84.1,80.3,-7111.22342,-1944.46275,3954.8745600000007,15484.703010161713,14867.919366683249,14408.105278189443,0.2061666666667001,-0.2906000000000013,-0.087674999999999,0.0641333333332987,0.16959580733798,0.1520351058123035,0.0951399181834351,0.1133927233301097,0.0414841934682925,0.107029480448791,0.1265893754383339,0.0378230228831414,65995.65,56124.80000000001,128287.33333333331,68555.0,39276.0,36363.1875,21488.929650000005,9562.531299999988,114323.33333333336,75201.5,49695.0,-1.0450333333333326,-1.9486999999999988,-2.244200000000001,-0.7620055555555663,-1.8285458333333509,-2.307508333333299,10.458771704480334,6.1265574875197615,1.9403227936618777,0.0556341617423506,0.0586809963120423,0.0404347077814849,8.299999999999997,6.0,4.399999999999992,-5800.73069,-950.95503,9896.76456,1056.103887282985,658.9803657067823,398.3325544259569,-0.2830277777777681,-0.1201541666666488,0.063308333333298,0.064509647849469,0.0466056005431018,0.0115724370957483,0.0431466547858193,0.0113111690590029,0.021503215949823,0.028504635526472,-176407.7239601265,,,,,,,,,,,,,,,,,,
1990,ITA,1.0,784868.0,243960.3438,912025.0,13.5358,12.3786166666667,99.99999999999991,0.91580877944842,100.0,-19874.8179,16313.127512539457,0,0,0,630486.5,569530.0,486946.0,203978.5313,166985.5625,144948.3281,828194.0,738869.0,674680.0,12.7858,10.8958,10.6417,12.5796333333333,11.1864,10.729375,83.47960071156909,62.58964789388707,56.21524784775324,0.897711133404574,0.8738156645994803,0.8573021670651578,93.9,88.4,84.1,-16277.646,-7111.22342,-1944.46275,15996.877351064417,15484.703010161713,14867.919366683249,1.1571833333333004,0.2061666666667001,-0.2906000000000013,-0.087674999999999,0.1070294804487911,0.2215339353065328,0.1208942315890908,0.3337605102540013,0.0330761488009549,0.2448609129616574,0.1294335140549685,0.0348590469629278,95472.25,65995.65,157172.0,128287.33333333331,68555.0,64265.359425,36363.1875,21488.929650000005,175067.5,114323.33333333336,75201.5,1.1062250000000002,-1.0450333333333326,-1.9486999999999988,0.8217291666666249,-0.7620055555555663,-1.8285458333333509,28.73403159604227,10.458771704480334,6.1265574875197615,0.0656210901118566,0.0556341617423506,0.0586809963120423,11.725000000000009,8.299999999999997,6.0,-13516.9705975,-5800.73069,-950.95503,1304.2522563649418,1056.103887282985,658.9803657067823,0.2844958333333753,-0.2830277777777681,-0.1201541666666488,-0.0195598949895428,0.1005692298562972,0.033469271469488,0.249132223447771,-0.000867265294669,0.0135957465915462,0.0112883418430224,9870.849999999984,,,,,,,,,,,,,,,,,,
1991,ITA,0.0,887402.0,285241.25,1036082.0,13.2825,12.5365666666667,108.9785165704648,0.9479407041566734,106.3,-28372.47794,16562.94803045034,0,0,0,784868.0,630486.5,569530.0,243960.3438,203978.5313,166985.5625,912025.0,828194.0,738869.0,13.5358,12.7858,10.8958,12.3786166666667,12.5796333333333,11.1864,99.99999999999991,83.47960071156909,62.58964789388707,0.91580877944842,0.897711133404574,0.8738156645994803,100.0,93.9,88.4,-19874.8179,-16277.646,-7111.22342,16313.127512539457,15996.877351064417,15484.703010161713,0.7459333333333014,1.1571833333333004,0.2061666666667001,-0.2906000000000013,0.2448609129616573,0.1960099047933482,0.1012214529445999,0.197897440184346,0.0197694934164134,0.1306385277524373,0.1738287335828094,0.0690131450926766,110799.75000000004,95472.25,280119.1,157172.0,128287.33333333331,91394.10004,64265.359425,36363.1875,223885.0,175067.5,114323.33333333336,1.6349800000000003,1.1062250000000002,-1.0450333333333326,0.4563666666666996,0.8217291666666249,-0.7620055555555663,39.50762456526465,28.73403159604227,10.458771704480334,0.0705945181333312,0.0656210901118566,0.0556341617423506,15.47999999999999,11.725000000000009,8.299999999999997,-14410.748378000002,-13516.9705975,-5800.73069,1359.6519665669966,1304.2522563649418,1056.103887282985,1.1786133333333004,0.2844958333333753,-0.2830277777777681,0.1231615112707091,0.0499028918790382,0.005429174957625,0.0509860975161731,-0.0139571043555432,0.0534590505888716,0.0416796593584304,34412.02500000001,,,,,,,,,,,,,,,,,,
1992,ITA,0.0,993168.0,320443.25,1130552.0,13.2675,14.3179166666667,113.6605548756174,1.0141493780309536,111.7,42253.39522,16634.007458221156,0,0,0,887402.0,784868.0,630486.5,285241.25,243960.3438,203978.5313,1036082.0,912025.0,828194.0,13.2825,13.5358,12.7858,12.5365666666667,12.3786166666667,12.5796333333333,108.9785165704648,99.99999999999991,83.47960071156909,0.9479407041566734,0.91580877944842,0.897711133404574,106.3,100.0,93.9,-28372.47794,-19874.8179,-16277.646,16562.94803045034,16313.127512539457,15996.877351064417,-1.0504166666667007,0.7459333333333014,1.1571833333333004,0.2061666666667001,0.1306385277524373,0.1692115429786502,0.1360236835613059,0.0897851657046488,0.0153140786595859,0.1191861185798544,0.1608429737209619,0.0737130067514299,119057.84999999998,110799.75000000004,335966.5833333334,280119.1,157172.0,117442.65623333331,91394.10004,64265.359425,310627.8333333334,223885.0,175067.5,1.109183333333334,1.6349800000000003,1.1062250000000002,0.5382555555555832,0.4563666666666996,0.8217291666666249,41.901537041518765,39.50762456526465,28.73403159604227,0.0909606898193629,0.0705945181333312,0.0656210901118566,19.19999999999999,15.47999999999999,11.725000000000009,-20506.61702166666,-14410.748378000002,-13516.9705975,1382.8638233833808,1359.6519665669966,1304.2522563649418,0.5709277777777514,1.1786133333333004,0.2844958333333753,-0.0156931761926527,0.0131239516885326,0.039145570582806,-0.0673233964667587,-0.0156210982412621,0.0271085280798062,0.0359596061775761,38268.85000000004,,,,,,,,,,,,,,,,,,
1993,ITA,0.0,1029697.0,360435.1875,1200286.0,11.1867,10.580575,111.27627936639854,1.1118033315474776,116.7,16036.06167,16440.83834679536,0,0,0,993168.0,887402.0,784868.0,320443.25,285241.25,243960.3438,1130552.0,1036082.0,912025.0,13.2675,13.2825,13.5358,14.3179166666667,12.5365666666667,12.3786166666667,113.6605548756174,108.9785165704648,99.99999999999991,1.0141493780309536,0.9479407041566734,0.91580877944842,111.7,106.3,100.0,42253.39522,-28372.47794,-19874.8179,16634.007458221156,16562.94803045034,16313.127512539457,0.6061250000000005,-1.0504166666667007,0.7459333333333014,1.1571833333333004,0.1191861185798544,0.123411322871429,0.0911800417341484,0.0429629476753357,0.0042902644891582,0.036780282892723,0.1648951864313164,0.069488686011523,84025.30000000005,119057.84999999998,393737.3571428572,335966.5833333334,280119.1,135867.13391428572,117442.65623333331,91394.10004,360722.4285714285,310627.8333333334,223885.0,0.9357285714285712,1.109183333333334,1.6349800000000003,2.2427119047619293,0.5382555555555832,0.4563666666666996,40.59764148359724,41.901537041518765,39.50762456526465,0.1441749794337341,0.0909606898193629,0.0705945181333312,21.85714285714286,19.19999999999999,15.47999999999999,53048.77285571429,-20506.61702166666,-14410.748378000002,1256.37127638514,1382.8638233833808,1359.6519665669966,-1.306983333333358,0.5709277777777514,1.1786133333333004,-0.0245300559997934,-0.0348635937001106,-0.0122223330081524,-0.1029250484182787,-0.0240413960381461,0.0257390351741994,0.0245433642021539,36959.73749999996,,,,,,,,,,,,,,,,,,
1994,ITA,0.0,1042638.0,389759.3125,1214942.0,10.52,9.16505,109.51739273477013,1.171308884394672,121.4,21527.23566,16761.739574123065,0,0,0,1029697.0,993168.0,887402.0,360435.1875,320443.25,285241.25,1200286.0,1130552.0,1036082.0,11.1867,13.2675,13.2825,10.580575,14.3179166666667,12.5365666666667,111.27627936639854,113.6605548756174,108.9785165704648,1.1118033315474776,1.0141493780309536,0.9479407041566734,116.7,111.7,106.3,16036.06167,42253.39522,-28372.47794,16440.83834679536,16634.007458221156,16562.94803045034,1.3549499999999988,0.6061250000000005,-1.0504166666667007,0.7459333333333014,0.036780282892723,0.1248019345079042,0.0616813733468252,-0.0209771588026122,-0.0116129027782973,0.0125677747920018,0.0955349764083382,0.0512042471534292,50223.69999999998,84025.30000000005,381049.1875,393737.3571428572,335966.5833333334,158875.679675,135867.13391428572,117442.65623333331,385366.125,360722.4285714285,310627.8333333334,-1.2620375,0.9357285714285712,1.109183333333334,-1.7749687500000135,2.2427119047619293,0.5382555555555832,33.13866078892873,40.59764148359724,41.901537041518765,0.2238070605210412,0.1441749794337341,0.0909606898193629,24.125,21.85714285714286,19.19999999999999,20200.34269875,53048.77285571429,-20506.61702166666,906.1557554112024,1256.37127638514,1382.8638233833808,0.5129312500000129,-1.306983333333358,0.5709277777777514,-0.1034315979726686,-0.0284924686779053,-0.0399749538228824,-0.1521615765507583,-0.0365100781572951,-0.0479110140444786,0.0021683646437012,-5464.759999999966,,,,,,,,,,,,,,,,,,
1995,ITA,0.0,1123243.78089,402050.2813,1282486.0,12.205,10.8495916666667,109.85273378443198,1.1682749011911706,127.7667,39738.43872,17216.59526877699,0,0,0,1042638.0,1029697.0,993168.0,389759.3125,360435.1875,320443.25,1214942.0,1200286.0,1130552.0,10.52,11.1867,13.2675,9.16505,10.580575,14.3179166666667,109.51739273477013,111.27627936639854,113.6605548756174,1.171308884394672,1.1118033315474776,1.0141493780309536,121.4,116.7,111.7,21527.23566,16036.06167,42253.39522,16761.739574123065,16440.83834679536,16634.007458221156,1.3554083333332994,1.3549499999999988,0.6061250000000005,-1.0504166666667007,0.0125677747920019,0.0813575533604082,0.0122104231824748,-0.015806483121501,0.0195185440400765,0.0773094601290189,0.0561780587548597,0.0558934082814283,40316.834266999926,50223.69999999998,351651.3888888889,381049.1875,393737.3571428572,170546.95137777776,158875.679675,135867.13391428572,357203.6666666666,385366.125,360722.4285714285,-1.7885111111111112,-1.2620375,0.9357285714285712,-2.9932750000000112,-1.7749687500000135,2.2427119047619293,27.697700736308235,33.13866078892873,40.59764148359724,0.2584451621992312,0.2238070605210412,0.1441749794337341,26.14444444444446,24.125,21.85714285714286,23447.034166666665,20200.34269875,53048.77285571429,1126.3730099154382,906.1557554112024,1256.37127638514,1.2047638888888987,0.5129312500000129,-1.306983333333358,-0.1147151563268062,-0.0683752912406632,-0.0844490347593725,-0.1279707038008023,-0.0008148715692593,-0.0804235011201744,0.0065477593940287,-38355.566666666695,,,,,,,,,,,,,,,,,,
1996,ITA,0.0,1146087.89435,418659.5938,1296588.0,9.40083,8.46250833333333,103.95312022216736,1.1616577199675664,132.825,61221.2654301,17378.120436215133,0,0,0,1123243.78089,1042638.0,1029697.0,402050.2813,389759.3125,360435.1875,1282486.0,1214942.0,1200286.0,12.205,10.52,11.1867,10.8495916666667,9.16505,10.580575,109.85273378443198,109.51739273477013,111.27627936639854,1.1682749011911706,1.171308884394672,1.1118033315474776,127.7667,121.4,116.7,39738.43872,21527.23566,16036.06167,17216.59526877699,16761.739574123065,16440.83834679536,0.9383216666666688,1.3554083333332994,1.3549499999999988,0.6061250000000005,0.0773094601290189,0.031534766215496,0.0555944234374974,0.0030619889799055,0.0271365446672453,0.0203376273687438,0.0422191726045813,0.0327117348369457,42977.84639399996,40316.834266999926,397092.03089000005,351651.3888888889,381049.1875,165783.22504,170546.95137777776,158875.679675,389027.3000000001,357203.6666666666,385366.125,0.0753400000000006,-1.7885111111111112,-1.2620375,-1.0094058333333091,-2.9932750000000112,-1.7749687500000135,25.26327171233926,27.697700736308235,33.13866078892873,0.2295666627758066,0.2584451621992312,0.2238070605210412,29.8967,26.14444444444446,24.125,39313.53381,23447.034166666665,20200.34269875,1468.5914035778203,1126.3730099154382,906.1557554112024,1.084745833333309,1.2047638888888987,0.5129312500000129,-0.0372273425090329,-0.1106008238032794,-0.0316818084199752,-0.0948832646104177,0.0068936703433827,-0.0843294496304311,-0.0174523839747074,-42783.06573300008,,,,,,,,,,,,,,,,,,
1997,ITA,0.0,1229213.90172,495067.0,1244467.0,6.8625,6.33335,102.18090915911672,1.1344760846819155,135.28012541610696,57003.0303297,17675.65493183744,0,0,0,1146087.89435,1123243.78089,1042638.0,418659.5938,402050.2813,389759.3125,1296588.0,1282486.0,1214942.0,9.40083,12.205,10.52,8.46250833333333,10.8495916666667,9.16505,103.95312022216736,109.85273378443198,109.51739273477013,1.1616577199675664,1.1682749011911706,1.171308884394672,132.825,127.7667,121.4,61221.2654301,39738.43872,21527.23566,17378.120436215133,17216.59526877699,16761.739574123065,0.5291499999999996,0.9383216666666688,1.3554083333332994,1.3549499999999988,0.0203376273687439,0.041311530603324,0.0109958315334436,-0.0537047496136202,0.009381946018739,0.0725302202211504,0.0367382874299215,0.035349790563751,58257.181862000056,42977.84639399996,383836.8688145455,397092.03089000005,351651.3888888889,167321.33526363637,165783.22504,170546.95137777776,367763.18181818177,389027.3000000001,357203.6666666666,-2.735679090909091,0.0753400000000006,-1.7885111111111112,-3.3047250000000137,-1.0094058333333091,-2.9932750000000112,17.066997085316544,25.26327171233926,27.697700736308235,0.20207978493622,0.2295666627758066,0.2584451621992312,32.237118181818175,29.8967,26.14444444444446,57222.40290100909,39313.53381,23447.034166666665,1496.6082615997984,1468.5914035778203,1126.3730099154382,0.5690459090909235,1.084745833333309,1.2047638888888987,-0.0904764410184046,-0.0897639770351235,-0.0731122194820315,-0.1421616767429017,-0.0115502953394618,-0.0804403959572651,-0.0128751744729346,-34774.170389375045,0.187584,0.279347,1.0,,,,,,,,,,,,,,,
1998,ITA,0.0,1312849.1481,531315.0,1204366.0,4.88417,4.59215,105.2699268100258,1.1035482878700869,138.02808174677332,33058.693799999994,17908.53958560993,0,0,0,1229213.90172,1146087.89435,1123243.78089,495067.0,418659.5938,402050.2813,1244467.0,1296588.0,1282486.0,6.8625,9.40083,12.205,6.33335,8.46250833333333,10.8495916666667,102.18090915911672,103.95312022216736,109.85273378443198,1.1344760846819155,1.1616577199675664,1.1682749011911706,135.28012541610696,132.825,127.7667,57003.0303297,61221.2654301,39738.43872,17675.65493183744,17378.120436215133,17216.59526877699,0.2920199999999999,0.5291499999999996,0.9383216666666688,1.3554083333332994,0.0725302202211503,0.1825048495998422,-0.0401985827417807,-0.0170481757475207,0.0171212126601596,0.0680396196813033,0.0567257692396377,0.0316035272578309,65194.21090000007,58257.181862000056,434976.4704499999,383836.8688145455,397092.03089000005,229785.2968583333,167321.33526363637,165783.22504,284995.25,367763.18181818177,389027.3000000001,-5.046035833333334,-2.735679090909091,0.0753400000000006,-5.158489583333345,-3.3047250000000137,-1.0094058333333091,13.872536265156173,17.066997085316544,25.26327171233926,0.1580581675725508,0.20207978493622,0.2295666627758066,32.00581708277362,32.237118181818175,29.8967,48235.634225525,57222.40290100909,39313.53381,1669.4254020887877,1496.6082615997984,1468.5914035778203,0.1124537500000106,0.5690459090909235,1.084745833333309,-0.030058717164325,0.0595897035100422,-0.1176600683497984,-0.0925813140819929,-0.0027610018489992,-0.0524088745518224,-0.0153339203315613,-15631.038211444393,,,,,,,,,,0.187584,,,,,,,,
1999,ITA,0.0,1454895.85157,604798.0,1270419.66359,4.7275,3.00643333333333,112.65830994353878,1.093568298215505,140.30673290311276,15633.173372486564,18140.51642093767,0,0,0,1312849.1481,1229213.90172,1146087.89435,531315.0,495067.0,418659.5938,1204366.0,1244467.0,1296588.0,4.88417,6.8625,9.40083,4.59215,6.33335,8.46250833333333,105.2699268100258,102.18090915911672,103.95312022216736,1.1035482878700869,1.1344760846819155,1.1616577199675664,138.02808174677332,135.28012541610696,132.825,33058.693799999994,57003.0303297,61221.2654301,17908.53958560993,17675.65493183744,17378.120436215133,1.72106666666667,0.2920199999999999,0.5291499999999996,0.9383216666666688,0.0680396196813034,0.0732183724627171,-0.0322234338074051,0.0302308687242042,0.0131754469449966,0.1081972774066044,0.0536358224237325,0.0289243620282655,101005.911804,65194.21090000007,485151.9883338461,434976.4704499999,383836.8688145455,248357.50479230768,229785.2968583333,167321.33526363637,222971.5384615385,284995.25,367763.18181818177,-6.6362092307692295,-5.046035833333334,-2.735679090909091,-6.502882692307702,-5.158489583333345,-3.3047250000000137,15.894435741822493,13.872536265156173,17.066997085316544,0.1149720501782182,0.1580581675725508,0.20207978493622,32.29178748399586,32.00581708277362,32.237118181818175,20580.86429386153,48235.634225525,57222.40290100909,1773.8927172390668,1669.4254020887877,1496.6082615997984,-0.1333265384615283,0.1124537500000106,0.5690459090909235,-0.0320444246071449,-0.0546625822529196,-0.0998799137196062,-0.0375871601034352,-0.0064766840767456,-0.0507343782266528,-0.016619092803712,-7130.905352299938,0.076069,0.217183,1.0,,,,,,,,0.187584,,,,,,,
2000,ITA,0.0,1663161.05277,659767.0,1307137.1516,5.57583,4.52789166666667,122.28765842978017,1.0488658988582051,143.9273641447176,-12029.636614723267,18761.37160268521,0,0,0,1454895.85157,1312849.1481,1229213.90172,604798.0,531315.0,495067.0,1270419.66359,1204366.0,1244467.0,4.7275,4.88417,6.8625,3.00643333333333,4.59215,6.33335,112.65830994353878,105.2699268100258,102.18090915911672,1.093568298215505,1.1035482878700869,1.1344760846819155,140.30673290311276,138.02808174677332,135.28012541610696,15633.173372486564,33058.693799999994,57003.0303297,18140.51642093767,17908.53958560993,17675.65493183744,1.04793833333333,1.72106666666667,0.2920199999999999,0.5291499999999996,0.1081972774066045,0.138304019272936,0.0548451746312997,0.0701851265352006,0.0129534200272891,0.1431478418027365,0.0829223724363527,0.0220035676480783,144388.8156620001,101005.911804,592544.9783514285,485151.9883338461,434976.4704499999,304100.6830214286,248357.50479230768,229785.2968583333,273098.66359,222971.5384615385,284995.25,-6.318864285714287,-6.6362092307692295,-5.046035833333334,-7.624107738095251,-6.502882692307702,-5.158489583333345,22.147502036633853,15.894435741822493,13.872536265156173,0.0967797712251922,0.1149720501782182,0.1580581675725508,32.26388239147845,32.29178748399586,32.00581708277362,1685.2821310722777,20580.86429386153,48235.634225525,1879.162929906872,1773.8927172390668,1669.4254020887877,1.305243452380965,-0.1333265384615283,0.1124537500000106,0.0105781888571672,0.0146278785767545,-0.0051282349947778,0.0052584177155177,-0.0062005045270112,-0.0172199633618116,-0.0221549627835899,29329.05967463636,,,,,,,,,,0.076069,,0.187584,,,,,,
2001,ITA,0.0,1792530.99655,705571.0,1385985.93854,5.18917,4.05160833333333,132.79070805890575,1.0453446590352495,147.27261796998187,-1432.4838760921366,19062.439916661428,0,0,0,1663161.05277,1454895.85157,1312849.1481,659767.0,604798.0,531315.0,1307137.1516,1270419.66359,1204366.0,5.57583,4.7275,4.88417,4.52789166666667,3.00643333333333,4.59215,122.28765842978017,112.65830994353878,105.2699268100258,1.0488658988582051,1.093568298215505,1.1035482878700869,143.9273641447176,140.30673290311276,138.02808174677332,-12029.636614723267,15633.173372486564,33058.693799999994,18761.37160268521,18140.51642093767,17908.53958560993,1.13756166666667,1.04793833333333,1.72106666666667,0.2920199999999999,0.1431478418027365,0.0908881973816051,0.0289018574431084,0.0854739298953388,0.0342247798982696,0.077785577989897,0.1064615796302147,0.0375841820802163,164731.0746550001,144388.8156620001,761307.1809946666,592544.9783514285,485151.9883338461,338796.30415333336,304100.6830214286,248357.50479230768,291609.5740273334,273098.66359,222971.5384615385,-5.049276666666666,-6.318864285714287,-6.6362092307692295,-5.594375555555561,-7.624107738095251,-6.502882692307702,30.30035038709964,22.147502036633853,15.894435741822493,0.0456253871195462,0.0967797712251922,0.1149720501782182,33.73358814031808,32.26388239147845,32.29178748399586,-26089.879998209035,1685.2821310722777,20580.86429386153,2374.740582993953,1879.162929906872,1773.8927172390668,0.5450988888888942,1.305243452380965,-0.1333265384615283,0.0447731683349302,-0.0338327917843445,-0.0307052496833421,0.0201716198102617,0.0155137485244701,0.0076438563983436,-0.0048701204450218,70267.87522641676,,,,,,,,,,,0.076069,,,,,,,
2002,ITA,0.0,1898034.47631,772368.4375,1498672.1667666,5.03583,3.2643,145.66864812046742,1.0164529144965664,151.1182054108509,-17298.4777629446,19100.471045688388,0,0,0,1792530.99655,1663161.05277,1454895.85157,705571.0,659767.0,604798.0,1385985.93854,1307137.1516,1270419.66359,5.18917,5.57583,4.7275,4.05160833333333,4.52789166666667,3.00643333333333,132.79070805890575,122.28765842978017,112.65830994353878,1.0453446590352495,1.0488658988582051,1.093568298215505,147.27261796998187,143.9273641447176,140.30673290311276,-1432.4838760921366,-12029.636614723267,15633.173372486564,19062.439916661428,18761.37160268521,18140.51642093767,1.7715299999999998,1.13756166666667,1.04793833333333,1.72106666666667,0.077785577989897,0.0694245089554342,0.0603217396456716,0.085888059056725,0.0160472443247767,0.0588572693934206,0.109710232399746,0.0327073868918515,145878.58180000016,164731.0746550001,843095.4259625,761307.1809946666,592544.9783514285,363425.53514375,338796.30415333336,304100.6830214286,352232.762590625,291609.5740273334,273098.66359,-5.120356875,-5.049276666666666,-6.318864285714287,-5.721010416666679,-5.594375555555561,-7.624107738095251,38.9096281170315,30.30035038709964,22.147502036633853,0.0392525606016189,0.0456253871195462,0.0967797712251922,34.97049270681245,33.73358814031808,32.26388239147845,-13862.109759689843,-26089.879998209035,1685.2821310722777,2527.387610533049,2374.740582993953,1879.162929906872,0.6006535416666785,0.5450988888888942,1.305243452380965,-0.0235739733669046,-0.0530409607582257,0.0027616491647771,0.0192409743176305,-0.003698036950654,0.010346519425136,-0.0093990498873137,85204.91304815393,,,,,,,,,,,,0.076069,,,,,,
2003,ITA,0.0,2011230.75678,876293.8125,1599586.5898131002,4.24833,2.18798333333333,161.26734603854638,1.0015686612764791,155.36910186591135,-29750.796215360253,19006.70848985905,0,0,0,1898034.47631,1792530.99655,1663161.05277,772368.4375,705571.0,659767.0,1498672.1667666,1385985.93854,1307137.1516,5.03583,5.18917,5.57583,3.2643,4.05160833333333,4.52789166666667,145.66864812046742,132.79070805890575,122.28765842978017,1.0164529144965664,1.0453446590352495,1.0488658988582051,151.1182054108509,147.27261796998187,143.9273641447176,-17298.4777629446,-1432.4838760921366,-12029.636614723267,19100.471045688388,19062.439916661428,18761.37160268521,2.0603466666666703,1.7715299999999998,1.13756166666667,1.04793833333333,0.0588572693934205,0.0946714611286461,0.0813040198267118,0.0969792258043314,0.0019950819094107,0.059638685114965,0.093263563062018,0.0442255714004028,114971.25917900006,145878.58180000016,899005.0571364706,843095.4259625,761307.1809946666,408844.9999882353,363425.53514375,338796.30415333336,444199.4165471883,352232.762590625,291609.5740273334,-4.972499411764706,-5.120356875,-5.049276666666666,-6.171788725490202,-5.721010416666679,-5.594375555555561,49.49876652465015,38.9096281170315,30.30035038709964,0.0080518419098993,0.0392525606016189,0.0456253871195462,36.7589923413984,34.97049270681245,33.73358814031808,-28912.68542538408,-13862.109759689843,-26089.879998209035,2416.748880116891,2527.387610533049,2374.740582993953,1.199289313725498,0.6006535416666785,0.5450988888888942,-0.0410289086279495,-0.0244789485376247,0.0235713262730187,0.029129580170385,-0.0175190720566042,-0.0067899178742676,0.0027457379470585,60266.35497542871,,,,,,,,,,,,,,,,,,
2004,ITA,0.0,2122564.34551,985970.0,1729272.281142,4.25833,2.0795,175.93175300566642,0.9969548736562398,158.8753157303043,-10454.5055384,19210.519703975657,0,0,0,2011230.75678,1898034.47631,1792530.99655,876293.8125,772368.4375,705571.0,1599586.5898131002,1498672.1667666,1385985.93854,4.24833,5.03583,5.18917,2.18798333333333,3.2643,4.05160833333333,161.26734603854638,145.66864812046742,132.79070805890575,1.0015686612764791,1.0164529144965664,1.0453446590352495,155.36910186591135,151.1182054108509,147.27261796998187,-29750.796215360253,-17298.4777629446,-1432.4838760921366,19006.70848985905,19100.471045688388,19062.439916661428,2.17883,2.0603466666666703,1.7715299999999998,1.13756166666667,0.0596386851149651,0.1345541453459509,0.067335889252033,0.1070834261136198,-0.0049089132726126,0.0553559497609543,0.0654271774994275,0.0107098179090307,110329.63273499976,114971.25917900006,962256.61221,899005.0571364706,843095.4259625,490056.7638777778,408844.9999882353,363425.53514375,520436.0942299557,444199.4165471883,352232.762590625,-5.483749444444444,-4.972499411764706,-5.120356875,-6.905228240740753,-6.171788725490202,-5.721010416666679,62.34753296913743,49.49876652465015,38.9096281170315,-0.0072797358607377,0.0080518419098993,0.0392525606016189,38.96772255527004,36.7589923413984,34.97049270681245,-39758.74357638951,-28912.68542538408,-13862.109759689843,2188.7224976143957,2416.748880116891,2527.387610533049,1.4214787962963071,1.199289313725498,0.6006535416666785,-0.0378340276929961,0.016843673828952,0.0082166470940447,0.0375202757637684,-0.0233925335882391,-0.0342019335697164,-0.0309416241660048,25341.27535606669,,,,,,,,,,,,,,,,,,
2005,ITA,0.0,2309319.5232800003,1108280.25,1888562.437097,3.55583,2.1724,188.13783601175683,1.0150090646753502,162.3815295946972,-26436.1367325,19283.733171442167,0,0,1,2122564.34551,2011230.75678,1898034.47631,985970.0,876293.8125,772368.4375,1729272.281142,1599586.5898131002,1498672.1667666,4.25833,4.24833,5.03583,2.0795,2.18798333333333,3.2643,175.93175300566642,161.26734603854638,145.66864812046742,0.9969548736562398,1.0015686612764791,1.0164529144965664,158.8753157303043,155.36910186591135,151.1182054108509,-10454.5055384,-29750.796215360253,-17298.4777629446,19210.519703975657,19006.70848985905,19100.471045688388,1.3834299999999995,2.17883,2.0603466666666703,1.7715299999999998,0.0553559497609543,0.125159148604624,0.0810745052220352,0.0909322769137338,0.010723119903972,0.087985637827685,0.0579506347564466,0.0022807773459595,134518.8729640001,110329.63273499976,1022945.116086842,962256.61221,899005.0571364706,573940.4901210526,490056.7638777778,408844.9999882353,622730.4121783315,520436.0942299557,444199.4165471883,-5.185131052631578,-5.483749444444444,-4.972499411764706,-6.650278508771937,-6.905228240740753,-6.171788725490202,73.73049083261866,62.34753296913743,49.49876652465015,-0.0115103794883067,-0.0072797358607377,0.0080518419098993,40.423003653596126,38.96772255527004,36.7589923413984,-18369.88744804033,-39758.74357638951,-28912.68542538408,2277.3377908039256,2188.7224976143957,2416.748880116891,1.4651474561403577,1.4214787962963071,1.199289313725498,-0.0400148726196182,0.0065129174304611,0.0214987826699333,0.0192846667992286,-0.0064609152123078,-0.0396665978674198,-0.0375505691898992,19115.81920231224,,,,,,,,,,,,,,,,,,
2006,ITA,0.0,2560128.44892,1232728.25,2029653.978576,4.0475,3.18271666666667,199.3891680704801,1.0211856609420804,166.00216083630204,-45396.04186656,19629.60635333147,0,1,1,2309319.5232800003,2122564.34551,2011230.75678,1108280.25,985970.0,876293.8125,1888562.437097,1729272.281142,1599586.5898131002,3.55583,4.25833,4.24833,2.1724,2.0795,2.18798333333333,188.13783601175683,175.93175300566642,161.26734603854638,1.0150090646753502,0.9969548736562398,1.0015686612764791,162.3815295946972,158.8753157303043,155.36910186591135,-26436.1367325,-10454.5055384,-29750.796215360253,19283.733171442167,19210.519703975657,19006.70848985905,0.8647833333333304,1.3834299999999995,2.17883,2.0603466666666703,0.0879856378276851,0.1240506810552045,0.092113982102232,0.0693796474914751,0.003811113316802,0.1086072858743114,0.0676600909012015,0.0177322121835837,183344.8254189999,134518.8729640001,1158553.0380525005,1022945.116086842,962256.61221,667553.715615,573940.4901210526,490056.7638777778,750884.047524415,622730.4121783315,520436.0942299557,-5.6283745,-5.185131052631578,-5.483749444444444,-6.224864583333341,-6.650278508771937,-6.905228240740753,82.25004929707814,73.73049083261866,62.34753296913743,0.007119330505219,-0.0115103794883067,-0.0072797358607377,41.908067335309255,40.423003653596126,38.96772255527004,-33433.024269738315,-18369.88744804033,-39758.74357638951,2236.684368730239,2277.3377908039256,2188.7224976143957,0.5964900833333393,1.4651474561403577,1.4214787962963071,-0.0052791386255391,0.0050616647531226,0.0314067446727652,-0.0032829450861473,-0.0130328736304089,-0.0277534418411417,-0.0200129916195028,42180.59947823537,,,,,,,,,,,,,,,,,,
2007,ITA,0.0,2814000.5537,1361393.375,2153009.9064614,4.48732,4.03571666666667,208.7600400165844,0.992961773906488,169.3629288822052,-43887.314156796005,19841.538671196064,1,1,1,2560128.44892,2309319.5232800003,2122564.34551,1232728.25,1108280.25,985970.0,2029653.978576,1888562.437097,1729272.281142,4.0475,3.55583,4.25833,3.18271666666667,2.1724,2.0795,199.3891680704801,188.13783601175683,175.93175300566642,1.0211856609420804,1.0150090646753502,0.9969548736562398,166.00216083630204,162.3815295946972,158.8753157303043,-45396.04186656,-26436.1367325,-10454.5055384,19629.60635333147,19283.733171442167,19210.519703975657,0.4516033333333302,0.8647833333333304,1.3834299999999995,2.17883,0.1086072858743114,0.1122892878403273,0.0747084336252492,0.0598036646813573,0.0179360074532412,0.0991638153496152,0.0839829578209836,0.0268503684312053,232511.75502099973,183344.8254189999,1354192.7714042857,1158553.0380525005,1022945.116086842,760213.4434428571,667553.715615,573940.4901210526,856219.2057879667,750884.047524415,622730.4121783315,-4.868686666666666,-5.6283745,-5.185131052631578,-4.9181257936507965,-6.224864583333341,-6.650278508771937,89.58471234165486,82.25004929707814,73.73049083261866,0.0129569110336054,0.007119330505219,-0.0115103794883067,43.53307632285176,41.908067335309255,40.423003653596126,-50800.88062904887,-33433.024269738315,-18369.88744804033,2476.048771156198,2236.684368730239,2277.3377908039256,0.04943912698413,0.5964900833333393,1.4651474561403577,0.015606466352364,-0.0069528116994106,0.0124308589621441,-0.0126947806419577,0.0017436641875506,-0.0099698674560363,-0.0098415200234863,88663.18529555545,,,,0.075901,0.140315,1.0,,,,,,,,,,,,
2008,ITA,1.0,2949473.62052,1414985.5,2314138.3571544,4.68115,3.7577,206.2585045012352,1.06164,175.2777255007884,-88630.27114305,19460.4958473145,0,0,0,2814000.5537,2560128.44892,2309319.5232800003,1361393.375,1232728.25,1108280.25,2153009.9064614,2029653.978576,1888562.437097,4.48732,4.0475,3.55583,4.03571666666667,3.18271666666667,2.1724,208.7600400165844,199.3891680704801,188.13783601175683,0.992961773906488,1.0211856609420804,1.0150090646753502,169.3629288822052,166.00216083630204,162.3815295946972,-43887.314156796005,-45396.04186656,-26436.1367325,19841.538671196064,19629.60635333147,19283.733171442167,0.92345,0.4516033333333302,0.8647833333333304,1.3834299999999995,0.0991638153496152,0.1043742811929555,0.0607768265859514,0.0469978988166087,0.0107965648444409,0.0481425160495696,0.0985855796838706,0.0103229772548227,217433.43964999996,232511.75502099973,1546510.6593022724,1354192.7714042857,1158553.0380525005,854323.4119227272,760213.4434428571,667553.715615,940656.0788648227,856219.2057879667,750884.047524415,-4.207562727272727,-4.868686666666666,-5.6283745,-3.841574621212123,-4.9181257936507965,-6.224864583333341,94.88355190859296,89.58471234165486,82.25004929707814,-0.0158559265035145,0.0129569110336054,0.007119330505219,44.915068172261655,43.53307632285176,41.908067335309255,-46983.02198160084,-50800.88062904887,-33433.024269738315,2575.4334176045995,2476.048771156198,2236.684368730239,-0.3659881060606031,0.04943912698413,0.5964900833333393,0.0054198307632695,-0.0145367320753819,-0.0020926937420176,-0.0248960331428036,-0.0054788100492282,0.0051312477796524,-0.0258768351986946,133163.6314609471,0.096196,0.2738,1.0,0.058159,0.055204,1.0,0.249691,0.094756,1.0,,,,0.075901,,,,,
2009,ITA,0.0,2905721.6636,1512834.875,2520390.4184354,4.31333,0.955,199.2622545919593,1.1661,176.61970558605384,-57567.77700601201,18278.625580046355,0,0,0,2949473.62052,2814000.5537,2560128.44892,1414985.5,1361393.375,1232728.25,2314138.3571544,2153009.9064614,2029653.978576,4.68115,4.48732,4.0475,3.7577,4.03571666666667,3.18271666666667,206.2585045012352,208.7600400165844,199.3891680704801,1.06164,0.992961773906488,1.0211856609420804,175.2777255007884,169.3629288822052,166.00216083630204,-88630.27114305,-43887.314156796005,-45396.04186656,19460.4958473145,19841.538671196064,19629.60635333147,3.35833,0.92345,0.4516033333333302,0.8647833333333304,0.0481425160495697,0.039365642571898,0.0748386945222301,-0.0119828273416237,-0.0192042981240523,-0.014833818690769,0.0853045390911654,0.0325277842973629,117225.27108600004,217433.43964999996,1614744.132239565,1546510.6593022724,1354192.7714042857,870771.040752174,854323.4119227272,760213.4434428571,1060886.4391723955,940656.0788648227,856219.2057879667,-3.830795217391304,-4.207562727272727,-4.868686666666666,-3.952566304347832,-3.841574621212123,-4.9181257936507965,88.25664457113103,94.88355190859296,89.58471234165486,0.0535116876988461,-0.0158559265035145,0.0129569110336054,48.87703573987693,44.915068172261655,43.53307632285176,-89683.23888169829,-46983.02198160084,-50800.88062904887,2082.415227740228,2575.4334176045995,2476.048771156198,0.1217710869565273,-0.3659881060606031,0.04943912698413,-0.0458478244805608,-0.0788846101475584,0.0120642966370801,-0.0827451214309086,-0.035230636197302,-0.0083941379454171,-0.0024397979085975,111427.13451689994,0.07535042857142857,0.3315061428571428,7.0,0.012486,0.365635,1.0,,,,0.096196,,,0.058159,0.075901,,0.249691,,
2010,ITA,0.0,3118523.54541,1696683.75,2517318.3324533994,4.03583,1.13333333333333,199.76876479767049,1.19198,179.4801400163523,-102799.81948852,18520.425122909404,0,0,0,2905721.6636,2949473.62052,2814000.5537,1512834.875,1414985.5,1361393.375,2520390.4184354,2314138.3571544,2153009.9064614,4.31333,4.68115,4.48732,0.955,3.7577,4.03571666666667,199.2622545919593,206.2585045012352,208.7600400165844,1.1661,1.06164,0.992961773906488,176.61970558605384,175.2777255007884,169.3629288822052,-57567.77700601201,-88630.27114305,-43887.314156796005,18278.625580046355,19460.4958473145,19841.538671196064,2.9024966666666696,3.35833,0.92345,0.4516033333333302,-0.014833818690769,0.0691522103936754,0.0891269360119934,-0.0339198130336194,-0.0607317653435455,0.0732354665884797,0.0441575042361386,0.0571031993943091,86981.70182099957,117225.27108600004,1503711.169809583,1614744.132239565,1546510.6593022724,932338.2890541666,870771.040752174,854323.4119227272,1222934.8988212124,1060886.4391723955,940656.0788648227,-4.03899875,-3.830795217391304,-4.207562727272727,-6.590576041666671,-3.952566304347832,-3.841574621212123,77.58303447139137,88.25664457113103,94.88355190859296,0.1557420340447273,0.0535116876988461,-0.0158559265035145,48.182472669314194,48.87703573987693,44.915068172261655,-54883.943124589525,-89683.23888169829,-46983.02198160084,813.777659316238,2082.415227740228,2575.4334176045995,2.551577291666672,0.1217710869565273,-0.3659881060606031,-0.1068307755478318,-0.0456682766671915,0.0258280034904485,-0.1010844931476475,-0.0752263366256082,-0.0491596210756522,0.0222465170932849,5912.911928285772,0.14545312500000002,0.243051625,8.0,0.102369,0.077658,1.0,0.326681,0.224381,1.0,0.07535042857142857,0.096196,,0.012486,0.058159,0.075901,,0.249691,
2011,ITA,0.0,3138209.6025,1893051.5,2546690.0767882,5.42417,2.78583333333333,200.49147754263615,1.19692,184.74915720084093,-90186.33903839,18551.19764227564,0,0,0,3118523.54541,2905721.6636,2949473.62052,1696683.75,1512834.875,1414985.5,2517318.3324533994,2520390.4184354,2314138.3571544,4.03583,4.31333,4.68115,1.13333333333333,0.955,3.7577,199.76876479767049,199.2622545919593,206.2585045012352,1.19198,1.1661,1.06164,179.4801400163523,176.61970558605384,175.2777255007884,-102799.81948852,-57567.77700601201,-88630.27114305,18520.425122909404,18278.625580046355,19460.4958473145,2.63833666666667,2.9024966666666696,3.35833,0.92345,0.0732354665884797,0.1215260687323856,-0.0012188928983103,0.0025419275052788,0.0132285407239265,0.0063126209577526,0.0355147213157601,0.0453723004957743,77900.98277500023,86981.70182099957,1656364.6048271998,1503711.169809583,1614744.132239565,1078893.632492,932338.2890541666,870771.040752174,1170945.4168863634,1222934.8988212124,1060886.4391723955,-4.154938799999999,-4.03899875,-3.830795217391304,-6.148619666666675,-6.590576041666671,-3.952566304347832,74.9862232982469,77.58303447139137,88.25664457113103,0.1753923526829384,0.1557420340447273,0.0535116876988461,49.11560819284003,48.182472669314194,48.87703573987693,-97920.62788211391,-54883.943124589525,-89683.23888169829,1023.0260958066392,813.777659316238,2082.415227740228,1.9936808666666748,2.551577291666672,0.1217710869565273,-0.0143102079540899,0.0086084265326515,-0.0655939922319572,-0.0604108987275971,0.0018684001345975,-0.0556650291666545,0.009548378321129,-24599.426060727696,0.15745360000000003,0.28952,5.0,,,,,,,0.14545312500000002,0.07535042857142857,0.096196,0.102369,0.012486,0.058159,0.326681,,0.249691
2012,ITA,0.0,3034781.80418,1854237.98518,2707999.0072079,5.4925,1.895,190.2224283762781,1.26493,190.8733957980494,-7265.4019853646,17951.283874349927,0,0,0,3138209.6025,3118523.54541,2905721.6636,1893051.5,1696683.75,1512834.875,2546690.0767882,2517318.3324533994,2520390.4184354,5.42417,4.03583,4.31333,2.78583333333333,1.13333333333333,0.955,200.49147754263615,199.76876479767049,199.2622545919593,1.19692,1.19198,1.1661,184.74915720084093,179.4801400163523,176.61970558605384,-90186.33903839,-102799.81948852,-57567.77700601201,18551.19764227564,18520.425122909404,18278.625580046355,3.5975,2.63833666666667,2.9024966666666696,3.35833,0.0063126209577526,0.1157362118898115,0.011667870509716,0.0036177464765208,0.0016615449786932,-0.0329575813666512,0.0215714229518211,0.045974699902447,40686.64788299985,77900.98277500023,1612344.3309623078,1656364.6048271998,1503711.169809583,1233765.47355,1078893.632492,932338.2890541666,1155280.799033227,1170945.4168863634,1222934.8988212124,-2.6067934615384605,-4.154938799999999,-4.03899875,-4.259634294871803,-6.148619666666675,-6.590576041666671,72.82485053174156,74.9862232982469,77.58303447139137,0.1735864929643638,0.1753923526829384,0.1557420340447273,52.495563523757966,49.11560819284003,48.182472669314194,-81540.969436518,-97920.62788211391,-54883.943124589525,1014.4514576418478,1023.0260958066392,813.777659316238,1.6528408333333418,1.9936808666666748,2.551577291666672,-0.0806606452666535,0.0024742326287714,-0.0500834691346525,-0.0569186438072513,-0.0097733316160197,-0.0672889513153163,0.009752928631088,-32610.604843217152,,,,,,,,,,0.15745360000000003,0.14545312500000002,0.07535042857142857,,0.102369,0.012486,,0.326681,
2013,ITA,0.0,2818990.32149,1775284.63966,2792269.2920598,4.31667,0.85525,179.34425018983794,1.32455,193.249010833382,34630.958617325,17570.474942178338,0,0,0,3034781.80418,3138209.6025,3118523.54541,1854237.98518,1893051.5,1696683.75,2707999.0072079,2546690.0767882,2517318.3324533994,5.4925,5.42417,4.03583,1.895,2.78583333333333,1.13333333333333,190.2224283762781,200.49147754263615,199.76876479767049,1.26493,1.19692,1.19198,190.8733957980494,184.74915720084093,179.4801400163523,-7265.4019853646,-90186.33903839,-102799.81948852,17951.283874349927,18551.19764227564,18520.425122909404,3.4614200000000004,3.5975,2.63833666666667,2.9024966666666696,-0.0329575813666512,-0.0205031478647041,0.0633406207885088,-0.0512193799568076,-0.0323382769939655,-0.0711060948081263,0.015530168726527,0.0536932328012796,-100202.74700799985,40686.64788299985,1449200.07594,1612344.3309623078,1656364.6048271998,1149256.9411911112,1233765.47355,1078893.632492,1273801.551710955,1155280.799033227,1170945.4168863634,-2.441915555555556,-2.6067934615384605,-4.154938799999999,-4.992703395061733,-4.259634294871803,-6.148619666666675,59.8585846790227,72.82485053174156,74.9862232982469,0.2351673635953131,0.1735864929643638,0.1753923526829384,56.67552199045684,52.495563523757966,49.11560819284003,4400.00352156361,-81540.969436518,-97920.62788211391,376.9654135071796,1014.4514576418478,1023.0260958066392,2.550787839506177,1.6528408333333418,1.9936808666666748,-0.1168285150808015,-0.1338602899191585,0.0035155684185499,-0.1095665916326086,-0.0433972562188316,-0.0706386474879977,0.0170813443846771,-68466.1645334168,,,,,,,,,,,0.15745360000000003,0.14545312500000002,,,0.102369,,,0.326681
2014,ITA,0.0,2863340.4998348765,1695977.98876191,2894102.5913975,2.8925,0.4241,170.9606051305513,1.35366,193.70086250949015,59839.3399226238,17549.695961443445,0,0,0,2818990.32149,3034781.80418,3138209.6025,1775284.63966,1854237.98518,1893051.5,2792269.2920598,2707999.0072079,2546690.0767882,4.31667,5.4925,5.42417,0.85525,1.895,2.78583333333333,179.34425018983794,190.2224283762781,200.49147754263615,1.32455,1.26493,1.19692,193.249010833382,190.8733957980494,184.74915720084093,34630.958617325,-7265.4019853646,-90186.33903839,17570.474942178338,17951.283874349927,18551.19764227564,2.4684,3.4614200000000004,3.5975,2.63833666666667,-0.0711060948081264,-0.0425799418149313,0.0311190235401111,-0.0571866224151134,-0.0212134649998887,0.0157326465460991,-0.0325836850723416,0.0387107121678051,-104039.87906853714,-100202.74700799985,1181651.4476807143,1449200.07594,1612344.3309623078,1029258.7049142858,1149256.9411911112,1233765.47355,1312578.92400175,1273801.551710955,1155280.799033227,-3.5305342857142854,-2.441915555555556,-2.6067934615384605,-5.854142559523814,-4.992703395061733,-4.259634294871803,46.84259989690312,59.8585846790227,72.82485053174156,0.2863885291811949,0.2351673635953131,0.1735864929643638,57.027011240416016,56.67552199045684,52.495563523757966,46139.22114134023,4400.00352156361,-81540.969436518,-17.306569146810943,376.9654135071796,1014.4514576418478,2.323608273809529,2.550787839506177,1.6528408333333418,-0.1506500464822469,-0.1509792953538613,-0.0288362350675717,-0.1114758121785955,-0.030665138438872,-0.1160356302296357,0.0014418489671765,-206616.91284307983,0.039332,0.133234,1.0,,,,,,,,,0.15745360000000003,,,,,,
2015,ITA,0.0,2835427.0946668126,1687199.14389026,3015955.451,1.71416666666667,0.0486666666666667,164.38519724091472,1.3528,193.9122437656953,45546.0941493285,17701.075746228515,0,0,0,2863340.4998348765,2818990.32149,3034781.80418,1695977.98876191,1775284.63966,1854237.98518,2894102.5913975,2792269.2920598,2707999.0072079,2.8925,4.31667,5.4925,0.4241,0.85525,1.895,170.9606051305513,179.34425018983794,190.2224283762781,1.35366,1.32455,1.26493,193.70086250949015,193.249010833382,190.8733957980494,59839.3399226238,34630.958617325,-7265.4019853646,17549.695961443445,17570.474942178338,17951.283874349927,1.665500000000003,2.4684,3.4614200000000004,3.5975,0.0157326465460991,-0.0446726396017704,0.0364697271954667,-0.0467461044912923,-0.0011826078010567,-0.009748545508183,-0.0294436765428928,0.0435258819017988,-55371.39501946834,-104039.87906853714,1185255.0243814285,1181651.4476807143,1449200.07594,914460.3745363927,1029258.7049142858,1149256.9411911112,1369150.881132493,1312578.92400175,1273801.551710955,-4.832961724137931,-3.5305342857142854,-2.441915555555556,-6.083425574712647,-5.854142559523814,-4.992703395061733,36.843692772206055,46.84259989690312,59.8585846790227,0.3056230626577054,0.2863885291811949,0.2351673635953131,55.512414253061536,57.027011240416016,56.67552199045684,69756.59482107556,46139.22114134023,4400.00352156361,-37.48877163526049,-17.306569146810943,376.9654135071796,1.250463850574717,2.323608273809529,2.550787839506177,-0.058430946325084,-0.1476798754494911,-0.0224556658740886,-0.097054015248396,-0.0095390977243661,-0.1085980057657559,0.006203616887571,-202507.24056349864,,,,0.420094,0.077133,1.0,0.020708,0.371676,1.0,0.039332,,,,,,,,
2016,ITA,0.0,2813484.4662742447,1695698.14934016,3159256.8574,1.4875,-0.1675,164.87835283263746,1.34784,193.8152798867021,85174.0287670706,17969.303621967574,0,0,0,2835427.0946668126,2863340.4998348765,2818990.32149,1687199.14389026,1695977.98876191,1775284.63966,3015955.451,2894102.5913975,2792269.2920598,1.71416666666667,2.8925,4.31667,0.0486666666666667,0.4241,0.85525,164.38519724091472,170.9606051305513,179.34425018983794,1.3528,1.35366,1.32455,193.9122437656953,193.70086250949015,193.249010833382,45546.0941493285,59839.3399226238,34630.958617325,17701.075746228515,17549.695961443445,17570.474942178338,1.655,1.665500000000003,2.4684,3.4614200000000004,-0.009748545508183,-0.0051762728819721,0.042103849381393,-0.0384615384615384,0.0086257781968217,-0.0077387383487447,-0.0217073312567367,0.0446374413181509,-4443.097081533095,-55371.39501946834,1117833.11840065,1185255.0243814285,1181651.4476807143,875199.5171801964,914460.3745363927,1029258.7049142858,1445365.3780305767,1369150.881132493,1312578.92400175,-5.85019633333333,-4.832961724137931,-3.5305342857142854,-6.25607805555556,-6.083425574712647,-5.854142559523814,29.040161790162585,36.843692772206055,46.84259989690312,0.294575627235782,0.3056230626577054,0.2863885291811949,53.87338170083129,55.512414253061536,57.027011240416016,53138.12922041108,69756.59482107556,46139.22114134023,115.14063887098746,-37.48877163526049,-17.306569146810943,0.4058817222222297,1.250463850574717,2.323608273809529,-0.0818972781612599,-0.1030910992314345,-0.0160472103821592,-0.0854227590376629,0.0005982226778008,-0.09698316027368,0.0070936185579385,-146338.4883454114,,,,0.041752,0.312544,1.0,0.1278435,0.140591,2.0,,0.039332,,0.420094,,,0.020708,,
2017,ITA,0.0,2740710.725655347,1697797.08731913,3296054.333,2.111666667,-0.3358333333,163.0701156629874,1.34135,196.38482268002105,86685.58328667581,18298.50837697321,0,0,0,2813484.4662742447,2835427.0946668126,2863340.4998348765,1695698.14934016,1687199.14389026,1695977.98876191,3159256.8574,3015955.451,2894102.5913975,1.4875,1.71416666666667,2.8925,-0.1675,0.0486666666666667,0.4241,164.87835283263746,164.38519724091472,170.9606051305513,1.34784,1.3528,1.35366,193.8152798867021,193.9122437656953,193.70086250949015,85174.0287670706,45546.0941493285,59839.3399226238,17969.303621967574,17701.075746228515,17549.695961443445,2.4475000003000003,1.655,1.665500000000003,2.4684,-0.0077387383487447,0.0050373457577173,0.04751443074283,0.0029999999999999,0.0151531963132924,-0.0258660538173391,-0.0005848791036095,0.0141670767521462,-38983.19509311538,-4443.097081533095,1059831.3571564483,1117833.11840065,1185255.0243814285,855466.2801404125,875199.5171801964,914460.3745363927,1542042.094816687,1445365.3780305767,1369150.881132493,-5.888146989247312,-5.85019633333333,-4.832961724137931,-6.270435752688177,-6.25607805555556,-6.083425574712647,28.596537969299447,29.040161790162585,36.843692772206055,0.2801131876475309,0.294575627235782,0.3056230626577054,52.03856679923064,53.87338170083129,55.512414253061536,91051.93063749476,53138.12922041108,69756.59482107556,379.6543004529158,115.14063887098746,-37.48877163526049,0.3822887634408642,0.4058817222222297,1.250463850574717,-0.0771575617297795,-0.0894411106173638,-0.0101017220079836,-0.0411137952748691,0.0071057000383448,-0.0725164612145638,-0.0236213535445467,-90183.81582371148,0.193846,0.166984,1.0,,,,0.193846,0.166984,1.0,,,0.039332,0.041752,0.420094,,0.1278435,0.020708,
2018,ITA,0.0,2676745.8651873125,1711458.27378491,3386464.7429116,2.61,0.12,162.16576916825946,1.344,198.82443387548915,86133.0777813702,18510.57390934161,0,0,0,2740710.725655347,2813484.4662742447,2835427.0946668126,1697797.08731913,1695698.14934016,1687199.14389026,3296054.333,3159256.8574,3015955.451,2.111666667,1.4875,1.71416666666667,-0.3358333333,-0.1675,0.0486666666666667,163.0701156629874,164.87835283263746,164.38519724091472,1.34135,1.34784,1.3528,196.38482268002105,193.8152798867021,193.9122437656953,86685.58328667581,85174.0287670706,45546.0941493285,18298.50837697321,17969.303621967574,17701.075746228515,2.49,2.4475000003000003,1.655,1.665500000000003,-0.0258660538173392,0.0012378016569675,0.0433005234378382,-0.0109670987038882,0.0183203958223055,-0.0233387857643164,-0.0144511125580889,0.0099365735627844,-54881.7429057397,-38983.19509311538,953937.8866264116,1059831.3571564483,1117833.11840065,830831.8968649948,855466.2801404125,875199.5171801964,1630650.7549536657,1542042.094816687,1445365.3780305767,-5.0799757288333325,-5.888146989247312,-5.85019633333333,-6.242817968716671,-6.270435752688177,-6.25607805555556,25.894658988108773,28.596537969299447,29.040161790162585,0.2648696505335455,0.2801131876475309,0.294575627235782,52.981904380073615,52.03856679923064,53.87338170083129,89718.11232467827,91051.93063749476,53138.12922041108,696.9948585693965,379.6543004529158,115.14063887098746,1.1628422398833371,0.3822887634408642,0.4058817222222297,-0.0927959235941876,-0.0903554576014244,-0.0139897673127178,-0.0537546425182777,0.0100436834170887,-0.0839654792952245,-0.0270644782824237,-121614.12708275198,0.221174,0.158429,1.0,0.0245065,0.1406355,2.0,0.083696,0.103675,1.0,0.193846,,,,0.041752,0.420094,0.193846,0.1278435,0.020708
2019,ITA,0.0,2618377.3695908254,1690068.73088312,3572831.9889871003,1.950333333,-0.05725,162.00134253285438,1.34563,200.0849643024003,111175.9773588604,18601.359196772417,0,0,0,2676745.8651873125,2740710.725655347,2813484.4662742447,1711458.27378491,1697797.08731913,1695698.14934016,3386464.7429116,3296054.333,3159256.8574,2.61,2.111666667,1.4875,0.12,-0.3358333333,-0.1675,162.16576916825946,163.0701156629874,164.87835283263746,1.344,1.34135,1.34784,198.82443387548915,196.38482268002105,193.8152798867021,86133.0777813702,86685.58328667581,85174.0287670706,18510.57390934161,18298.50837697321,17969.303621967574,2.007583333,2.49,2.4475000003000003,1.655,-0.0233387857643165,0.0080464188375722,0.0274298906442207,-0.0055457524577767,0.0115892250887108,-0.0218057666047436,-0.0189811926434667,0.0098179099038256,-64928.61505182921,-54881.7429057397,861065.8174727282,953937.8866264116,1059831.3571564483,819316.3591833507,830831.8968649948,855466.2801404125,1671647.5056242456,1630650.7549536657,1542042.094816687,-4.427703737383839,-5.0799757288333325,-5.888146989247312,-5.597808333334347,-6.242817968716671,-6.270435752688177,24.205625857377527,25.894658988108773,28.596537969299447,0.2594932974870745,0.2648696505335455,0.2801131876475309,53.81600332160011,52.981904380073615,52.03856679923064,86446.87614286724,89718.11232467827,91051.93063749476,887.9393346175166,696.9948585693965,379.6543004529158,1.1701045959505083,1.1628422398833371,0.3822887634408642,-0.0873687829288465,-0.0807232323707752,-0.0294232198778129,-0.04665346369347,0.0029986475767101,-0.0857869955323692,-0.0263100942548527,-133458.87065928456,0.031254,0.31013,1.0,0.09971200000000001,0.1746673333333333,3.0,,,,0.221174,0.193846,,0.0245065,,0.041752,0.083696,0.193846,0.1278435
2020,ITA,0.0,2702113.9631512733,1883325.25659894,3964058.0919905,1.167916667,-0.2048333333,165.0843419466996,1.5581200000000002,199.7940726654208,113430.7136825555,17000.999643522366,0,0,0,2618377.3695908254,2676745.8651873125,2740710.725655347,1690068.73088312,1711458.27378491,1697797.08731913,3572831.9889871003,3386464.7429116,3296054.333,1.950333333,2.61,2.111666667,-0.05725,0.12,-0.3358333333,162.00134253285438,162.16576916825946,163.0701156629874,1.34563,1.344,1.34135,200.0849643024003,198.82443387548915,196.38482268002105,111175.9773588604,86133.0777813702,86685.58328667581,18601.359196772417,18510.57390934161,18298.50837697321,1.3727500003000002,2.007583333,2.49,2.4475000003000003,-0.0218057666047436,-0.0124978465612759,0.0550329798842867,-0.0010139416983523,0.0049045095995099,0.0319803381028813,-0.0236702020621331,0.0020503318351011,-17415.878310871023,-64928.61505182921,777371.8566564552,861065.8174727282,953937.8866264116,773829.2763055798,819316.3591833507,830831.8968649948,1808848.6485931503,1671647.5056242456,1630650.7549536657,-4.95714382387255,-4.427703737383839,-5.0799757288333325,-5.61041691176569,-5.597808333334347,-6.242817968716671,23.32926904969665,24.205625857377527,25.894658988108773,0.2534911416786309,0.2594932974870745,0.2648696505335455,53.49371012140534,53.81600332160011,52.981904380073615,108947.22053968487,86446.87614286724,89718.11232467827,952.6087592654512,887.9393346175166,696.9948585693965,0.6532730878931408,1.1701045959505083,1.1628422398833371,-0.0831882248926419,-0.0988213392129333,-0.0009285179141769,-0.040707911610001,-0.0037769360208759,-0.087795161340649,-0.033255481878113,-139200.61794539716,0.190858,0.266992,1.0,0.1025135,0.205351,2.0,0.327892,0.122043,1.0,0.031254,0.221174,0.193846,0.09971200000000001,0.0245065,,,0.083696,0.193846
1989,JPN,0.0,389.2466,95.5408,432.652941666667,5.05417,5.1171,88.6858137510879,0.656758,96.99999954587076,8.71270157,17942.5136567634,0,0,0,355.3438,331.5892,307.1926,82.6147,72.8814,62.1192,393.6697,354.051741666667,320.741208333333,4.27417,4.21167,4.94417,3.83478,3.66879,4.961320000000001,84.07310704960834,77.5456919060052,74.2384682332463,0.7236190000000001,0.764093,0.7429810000000001,94.89999998486232,94.20000139266295,94.1000021344074,10.145686578,12.18563224,14.245287095000002,17184.63784427426,16251.293857282652,15679.381063001289,-0.0629299999999997,0.4393899999999995,0.5428799999999994,-0.0171500000000008,0.0716386420305606,0.1335498494814863,0.1118987810844679,0.0841750841750842,0.0574319801972782,0.0954084466930336,0.1208885794885539,0.0786625589199104,26.991659999999985,32.980499999999985,57.90286666666663,51.22239999999999,53.65160000000003,20.49813333333333,16.14725,10.7701,70.34098888888894,46.084545833334005,25.548025,-0.8913866666666665,-1.4308300000000005,-1.396660000000001,-1.4802,-2.469285,-2.353509999999999,9.254424136930666,4.090513489991281,1.566579634464759,-0.0064563333333331,0.0510264999999999,0.059829,0.9666645423509976,0.3999989252274503,0.599999333943785,-2.654988039000001,-0.9225635655000026,2.274182579000001,1430.6625905768396,745.9779053778475,348.13022219296363,0.5888133333333331,1.0384549999999997,0.9568499999999984,-0.07387490618699,-0.057946902641056,0.016697951689672,0.0511223151527537,0.0278406307240844,-0.0246249687289967,-0.0148107626335273,-232499.5434601265,,,,,,,,,,,,,,,,,,
1990,JPN,0.0,416.5629,101.86,483.087075,7.3625,7.3979,100.0,0.629799,100.0,6.475093826999999,18789.07116387426,0,0,0,389.2466,355.3438,331.5892,95.5408,82.6147,72.8814,432.652941666667,393.6697,354.051741666667,5.05417,4.27417,4.21167,5.1171,3.83478,3.66879,88.6858137510879,84.07310704960834,77.5456919060052,0.656758,0.7236190000000001,0.764093,96.99999954587076,94.89999998486232,94.20000139266295,8.71270157,10.145686578,12.18563224,17942.5136567634,17184.63784427426,16251.293857282652,-0.0354000000000001,-0.0629299999999997,0.4393899999999995,0.5428799999999994,0.0954084466930336,0.1564624697541721,0.0990252530653668,0.054865424430642,0.0441019368203709,0.0701773631420288,0.0821550058035594,0.0121189767216205,28.882390000000008,26.991659999999985,77.32995,57.90286666666663,51.22239999999999,28.2997,20.49813333333333,16.14725,91.73898333333376,70.34098888888894,46.084545833334005,0.1114600000000001,-0.8913866666666665,-1.4308300000000005,0.1721699999999995,-1.4802,-2.469285,11.55352480417757,9.254424136930666,4.090513489991281,-0.0717032500000001,-0.0064563333333331,0.0510264999999999,2.824997967771665,0.9666645423509976,0.3999989252274503,-3.4242260372499995,-2.654988039000001,-0.9225635655000026,1830.8727554217692,1430.6625905768396,745.9779053778475,-0.0607099999999993,0.5888133333333331,1.0384549999999997,-0.0254801327955203,-0.0157186481546848,-0.0017415602259864,0.004771883690727,0.0052303771058156,-0.0510460580494928,-0.0739489635150535,-5.98884,,,,,,,,,,,,,,,,,,
1991,JPN,0.0,432.3907,106.579,500.661241666667,6.52583,7.52534,109.7476066144473,0.624362,103.30000201330628,9.173498642,19347.1030845286,0,0,0,416.5629,389.2466,355.3438,101.86,95.5408,82.6147,483.087075,432.652941666667,393.6697,7.3625,5.05417,4.27417,7.3979,5.1171,3.83478,100.0,88.6858137510879,84.07310704960834,0.629799,0.656758,0.7236190000000001,100.0,96.99999954587076,94.89999998486232,6.475093826999999,8.71270157,10.145686578,18789.07116387426,17942.5136567634,17184.63784427426,-0.99951,-0.0354000000000001,-0.0629299999999997,0.4393899999999995,0.0701773631420287,0.0661413762497278,0.1165694913318987,0.127576054955839,0.047181655999005,0.0379961825693069,0.079074817288541,0.0141641950403118,25.845700000000004,28.882390000000008,89.18026000000003,77.32995,57.90286666666663,28.958960000000005,28.2997,20.49813333333333,123.82532000000003,91.73898333333376,70.34098888888894,2.397498,0.1114600000000001,-0.8913866666666665,2.418536,0.1721699999999995,-1.4802,20.55700609225414,11.55352480417757,9.254424136930666,-0.0843216,-0.0717032500000001,-0.0064563333333331,5.259998828346582,2.824997967771665,0.9666645423509976,-4.976988572800001,-3.4242260372499995,-2.654988039000001,2311.255711448277,1830.8727554217692,1430.6625905768396,-0.0210379999999998,-0.0607099999999993,0.5888133333333331,-0.0443411831476451,-0.102110079620458,0.016238068097042,0.0762895432932422,0.0070025020079958,-0.037110893881347,-0.0472540906913443,-1.103689999999979,,,,,,,,,,,,,,,,,,
1992,JPN,0.0,441.3022,110.752,503.63315,4.94417,4.65981,107.0496083550914,0.669336,105.00000075688206,14.234501404,19440.299298858998,0,0,0,432.3907,416.5629,389.2466,106.579,101.86,95.5408,500.661241666667,483.087075,432.652941666667,6.52583,7.3625,5.05417,7.52534,7.3979,5.1171,109.7476066144473,100.0,88.6858137510879,0.624362,0.629799,0.656758,103.30000201330628,100.0,96.99999954587076,9.173498642,6.475093826999999,8.71270157,19347.1030845286,18789.07116387426,17942.5136567634,0.2843599999999995,-0.99951,-0.0354000000000001,-0.0629299999999997,0.0379961825693069,0.046328293736501,0.036378879866879,0.097476066144473,0.0296998140987015,0.0206098327276698,0.0678606641347897,0.0287761592063768,17.199460000000002,25.845700000000004,90.14468333333332,89.18026000000003,77.32995,28.851466666666653,28.958960000000005,28.2997,120.76193333333372,123.82532000000003,91.73898333333376,1.1612449999999992,2.397498,0.1114600000000001,2.1428866666666666,2.418536,0.1721699999999995,26.878445024659086,20.55700609225414,11.55352480417757,-0.0757050000000001,-0.0843216,-0.0717032500000001,7.683334370261761,5.259998828346582,2.824997967771665,-1.4490856623333332,-4.976988572800001,-3.4242260372499995,2484.078346861236,2311.255711448277,1830.8727554217692,-0.9816416666666664,-0.0210379999999998,-0.0607099999999993,-0.0676541270908379,-0.1015011462095931,-0.067200156987386,0.0309316458232278,-0.0118798402939068,-0.0390473235647614,-0.0208286038524433,-3.77248333333332,,,,,,,,,,,,,,,,,,
1993,JPN,0.0,513.8005,118.239,509.019641666667,3.6925,3.05935,101.7406440382942,0.726271,106.40000172569113,14.670830137,19417.43561072249,0,0,0,441.3022,432.3907,416.5629,110.752,106.579,101.86,503.63315,500.661241666667,483.087075,4.94417,6.52583,7.3625,4.65981,7.52534,7.3979,107.0496083550914,109.7476066144473,100.0,0.669336,0.624362,0.629799,105.00000075688206,103.30000201330628,100.0,14.234501404,9.173498642,6.475093826999999,19440.299298858998,19347.1030845286,18789.07116387426,0.6331500000000001,0.2843599999999995,-0.99951,-0.0354000000000001,0.0206098327276697,0.0391540547387384,0.0059359664499686,-0.024583663758921,0.0048170629950754,0.1642826616318704,0.0429277928130018,0.0251490676276753,30.06243000000004,17.199460000000002,86.1783714285715,90.14468333333332,89.18026000000003,28.90282857142856,28.851466666666653,28.958960000000005,106.48213690476184,120.76193333333372,123.82532000000003,-0.5863071428571436,1.1612449999999992,2.397498,-1.0287699999999995,2.1428866666666666,2.418536,20.3406689046376,26.878445024659086,20.55700609225414,-0.0199159999999999,-0.0757050000000001,-0.0843216,8.285713918085861,7.683334370261761,5.259998828346582,3.818929337142857,-1.4490856623333332,-4.976988572800001,2222.4062259257407,2484.078346861236,2311.255711448277,0.4424628571428568,-0.9816416666666664,-0.0210379999999998,-0.0737647890840021,-0.0917585275057569,-0.0864430442397321,-0.0962833583840376,-0.034782618015215,-0.0561707301735971,-0.0202899746606561,-11.475602499999994,,,,,,,,,,,,,,,,,,
1994,JPN,0.0,515.355,121.173,519.471958333333,3.71417,2.19571,98.78154917319408,0.834323,107.10000031789048,13.340019371,19536.819448437403,0,0,1,513.8005,441.3022,432.3907,118.239,110.752,106.579,509.019641666667,503.63315,500.661241666667,3.6925,4.94417,6.52583,3.05935,4.65981,7.52534,101.7406440382942,107.0496083550914,109.7476066144473,0.726271,0.669336,0.624362,106.40000172569113,105.00000075688206,103.30000201330628,14.670830137,14.234501404,9.173498642,19417.43561072249,19440.299298858998,19347.1030845286,1.51846,0.6331500000000001,0.2843599999999995,-0.99951,0.1642826616318704,0.0676014880092459,0.0106952683052475,-0.049593495934959,-0.0011760975376466,0.0030254933578304,0.074296225642949,0.0784139036567822,32.13912000000007,30.06243000000004,147.90437500000007,86.1783714285715,90.14468333333332,32.77697500000001,28.90282857142856,28.851466666666653,98.5583614583336,106.48213690476184,120.76193333333372,-1.7646887500000004,-0.5863071428571436,1.1612449999999992,-2.50063375,-1.0287699999999995,2.1428866666666666,12.48912097476071,20.3406689046376,26.878445024659086,0.0395084999999999,-0.0199159999999999,-0.0757050000000001,8.650000647134192,8.285713918085861,7.683334370261761,3.777891903000002,3.818929337142857,-1.4490856623333332,1921.7417595485203,2222.4062259257407,2484.078346861236,0.7359450000000003,0.4424628571428568,-0.9816416666666664,0.0804458668321988,-0.0502027331629983,-0.0693347360644914,-0.1075384250766416,-0.0358068331171922,-0.0154405089813837,0.0363565238118934,3.6824880000000455,,,,,,,,,,,,,,,,,,
1995,JPN,0.0,520.1269,129.624,535.198075,2.53167,1.21346,97.30200174064404,0.942299,107.0000010596349,10.385328767,19871.714456558704,0,1,1,515.355,513.8005,441.3022,121.173,118.239,110.752,519.471958333333,509.019641666667,503.63315,3.71417,3.6925,4.94417,2.19571,3.05935,4.65981,98.78154917319408,101.7406440382942,107.0496083550914,0.834323,0.726271,0.669336,107.10000031789048,106.40000172569113,105.00000075688206,13.340019371,14.670830137,14.234501404,19536.819448437403,19417.43561072249,19440.299298858998,1.31821,1.51846,0.6331500000000001,0.2843599999999995,0.0030254933578304,0.0248141476162687,0.0205342108851483,-0.029084687767323,0.0061482803449589,0.0092594425202043,0.0626393292391235,0.0884637073194157,23.80286000000006,32.13912000000007,133.02505555555558,147.90437500000007,86.1783714285715,32.069088888888885,32.77697500000001,28.90282857142856,98.05974907407364,98.5583614583336,106.48213690476184,-1.5469422222222216,-1.7646887500000004,-0.5863071428571436,-3.0864255555555555,-2.50063375,-1.0287699999999995,8.142346001353815,12.48912097476071,20.3406689046376,0.1431706666666666,0.0395084999999999,-0.0199159999999999,8.388888056318649,8.650000647134192,8.285713918085861,2.02731537,3.777891903000002,3.818929337142857,1827.5987350913747,1921.7417595485203,2222.4062259257407,1.5394833333333335,0.7359450000000003,0.4424628571428568,-0.090867034795866,-0.0867147319106008,-0.0508289514765292,-0.0735873137744254,-0.0240066010949375,-0.0248916183878687,0.0412125383585421,5.145430000000065,,,,,,,,,,,,,,,,,,
1996,JPN,0.0,522.9116,135.824,552.641441666667,2.225,0.4698199999999999,95.47432550043516,0.991941,107.10000031789048,7.497867999999999,20343.360449417916,1,1,1,520.1269,515.355,513.8005,129.624,121.173,118.239,535.198075,519.471958333333,509.019641666667,2.53167,3.71417,3.6925,1.21346,2.19571,3.05935,97.30200174064404,98.78154917319408,101.7406440382942,0.942299,0.834323,0.726271,107.0000010596349,107.10000031789048,106.40000172569113,10.385328767,13.340019371,14.670830137,19871.714456558704,19536.819448437403,19417.43561072249,1.7551800000000002,1.31821,1.51846,0.6331500000000001,0.0092594425202044,0.0697432596370478,0.0302732734931882,-0.0149779735682818,0.0171417363509538,0.0053538857536499,0.058855865836635,0.0913554732037301,3.2105199999999967,23.80286000000006,124.49444999999996,133.02505555555558,147.90437500000007,37.31317999999999,32.069088888888885,32.77697500000001,103.97989083333334,98.05974907407364,98.5583614583336,-2.574748,-1.5469422222222216,-1.7646887500000004,-3.760033,-3.0864255555555555,-2.50063375,5.848563968668415,8.142346001353815,12.48912097476071,0.2368295999999999,0.1431706666666666,0.0395084999999999,7.449999992431202,8.388888056318649,8.650000647134192,-1.1301067709999997,2.02731537,3.777891903000002,1979.7338697035373,1827.5987350913747,1921.7417595485203,1.185285,1.5394833333333335,0.7359450000000003,-0.0745367484339513,-0.0321506496775327,-0.0354422275933194,-0.0513042313782258,-0.010345744967283,-0.0255636294918735,0.0389527369480388,-3.9258914285713793,,,,,,,,,,,,,,,,,,
1997,JPN,1.0,523.828,142.473,569.562116666667,1.6875,0.4840399999999999,93.99477806788512,1.048312,109.00000136238772,11.506854001,20617.43761502919,0,0,0,522.9116,520.1269,515.355,135.824,129.624,121.173,552.641441666667,535.198075,519.471958333333,2.225,2.53167,3.71417,0.4698199999999999,1.21346,2.19571,95.47432550043516,97.30200174064404,98.78154917319408,0.991941,0.942299,0.834323,107.10000031789048,107.0000010596349,107.10000031789048,7.497867999999999,10.385328767,13.340019371,20343.360449417916,19871.714456558704,19536.819448437403,1.20346,1.7551800000000002,1.31821,1.51846,0.0053538857536498,0.0478306486453127,0.0325923568889274,-0.0187835420393558,0.0237345395582383,0.0017524950679999,0.0058796072105615,0.0031500504483992,2.820369999999969,3.2105199999999967,115.96147272727274,124.49444999999996,133.02505555555558,40.12107272727275,37.31317999999999,32.069088888888885,111.97054015151548,103.97989083333334,98.05974907407364,-2.64735,-2.574748,-1.5469422222222216,-4.161851818181818,-3.760033,-3.0864255555555555,3.4892000949442377,5.848563968668415,8.142346001353815,0.2649416363636363,0.2368295999999999,0.1431706666666666,6.87272652410212,7.449999992431202,8.388888056318649,-3.914830558818182,-1.1301067709999997,2.02731537,2271.40405622606,1979.7338697035373,1827.5987350913747,1.5145018181818184,1.185285,1.5394833333333335,-0.0709886303571108,-0.0508481957015145,-0.0295789214382482,-0.0499793767114772,-0.0027183672632702,-0.0756994848410722,-0.0535807676904075,-24.027495000000023,,,,,,,,,,,,,,,,,,
1998,JPN,0.0,517.2431,146.604,606.4699,1.09667,0.37148,92.68929503916448,1.160459,109.69999995458708,15.070209157000004,20154.49399706678,0,0,0,523.828,522.9116,520.1269,142.473,135.824,129.624,569.562116666667,552.641441666667,535.198075,1.6875,2.225,2.53167,0.4840399999999999,0.4698199999999999,1.21346,93.99477806788512,95.47432550043516,97.30200174064404,1.048312,0.991941,0.942299,109.00000136238772,107.10000031789048,107.0000010596349,11.506854001,7.497867999999999,10.385328767,20617.43761502919,20343.360449417916,19871.714456558704,0.72519,1.20346,1.7551800000000002,1.31821,0.0017524950679999,0.048953056897161,0.0306178178548649,-0.0154968094804013,0.0134725610497217,-0.0125707293233655,0.0054552744472847,0.0037545006010039,-0.7735000000000076,2.820369999999969,107.21441666666664,115.96147272727274,124.49444999999996,43.42665000000001,40.12107272727275,37.31317999999999,119.56033680555578,111.97054015151548,103.97989083333334,-2.9642375000000003,-2.64735,-2.574748,-3.8008108333333337,-4.161851818181818,-3.760033,1.718885987815483,3.4892000949442377,5.848563968668415,0.2992341666666666,0.2649416363636363,0.2368295999999999,8.200000358257526,6.87272652410212,7.449999992431202,0.4203913220833328,-3.914830558818182,-1.1301067709999997,2356.1975504851653,2271.40405622606,1979.7338697035373,0.8365733333333334,1.5145018181818184,1.185285,-0.0681365091921143,-0.045103224204074,-0.0288644676142882,-0.0421490644514793,-0.0127332214751258,-0.0685538691202418,-0.047618240768762,-21.747923333333382,,,,,,,,,,,,,,,,,,
1999,JPN,0.0,508.5996,149.51,616.303425,1.77083,0.05856,90.25239338555264,1.290302,109.40000217982036,13.01692057,20070.399088282407,0,0,0,517.2431,523.828,522.9116,146.604,142.473,135.824,606.4699,569.562116666667,552.641441666667,1.09667,1.6875,2.225,0.37148,0.4840399999999999,0.4698199999999999,92.68929503916448,93.99477806788512,95.47432550043516,1.160459,1.048312,0.991941,109.69999995458708,109.00000136238772,107.10000031789048,15.070209157000004,11.506854001,7.497867999999999,20154.49399706678,20617.43761502919,20343.360449417916,1.71227,0.72519,1.20346,1.7551800000000002,-0.0125707293233655,0.0289949674675201,0.0648002777104172,-0.0138888888888887,-0.0224539841762365,-0.0167107110757012,-0.0018214495005719,0.0094817069269837,-4.952089999999926,-0.7735000000000076,92.3822538461539,107.21441666666664,115.96147272727274,44.21713846153848,43.42665000000001,40.12107272727275,147.27117115384613,119.56033680555578,111.97054015151548,-3.3270492307692305,-2.9642375000000003,-2.64735,-3.621000769230769,-3.8008108333333337,-4.161851818181818,0.2811809600321453,1.718885987815483,3.4892000949442377,0.388363153846154,0.2992341666666666,0.2649416363636363,8.269229692129386,8.200000358257526,6.87272652410212,3.9514086840769256,0.4203913220833328,-3.914830558818182,1712.007967100821,2356.1975504851653,2271.40405622606,0.2939515384615385,0.8365733333333334,1.5145018181818184,-0.0767816911508036,-0.0613027116167087,0.0077233645424548,-0.0370287218223435,-0.0475986649114903,-0.0695984231480765,-0.0375621034638038,-23.16700100000002,,,,,,,,,,,,,,,,,,
2000,JPN,0.0,491.4424,150.125,629.286258333333,1.7475,0.10838,87.03220191470844,1.356473,108.60000054495512,14.070777156,20480.951264994896,0,0,0,508.5996,517.2431,523.828,149.51,146.604,142.473,616.303425,606.4699,569.562116666667,1.77083,1.09667,1.6875,0.05856,0.37148,0.4840399999999999,90.25239338555264,92.68929503916448,93.99477806788512,1.290302,1.160459,1.048312,109.40000217982036,109.69999995458708,109.00000136238772,13.01692057,15.070209157000004,11.506854001,20070.399088282407,20154.49399706678,20617.43761502919,1.63912,1.71227,0.72519,1.20346,-0.0167107110757011,0.0198221058088454,0.0162143661210554,-0.0262910798122066,-0.0041725140207743,-0.0337341987685402,-0.0091763151103556,0.0096883451199528,-10.580029999999995,-4.952089999999926,77.1400214285714,92.3822538461539,107.21441666666664,43.964771428571424,44.21713846153848,43.42665000000001,146.58532678571413,147.27117115384613,119.56033680555578,-2.4152428571428564,-3.3270492307692305,-2.9642375000000003,-3.675277857142857,-3.621000769230769,-3.8008108333333337,-2.175805047867712,0.2811809600321453,1.718885987815483,0.4904659285714285,0.388363153846154,0.2992341666666666,7.378572653639139,8.269229692129386,8.200000358257526,1.6158766196428562,3.9514086840769256,0.4203913220833328,1505.626774952103,1712.007967100821,2356.1975504851653,1.260035,0.2939515384615385,0.8365733333333334,-0.075015388968462,-0.0657599800740981,-0.0414566520117112,-0.046582549528558,-0.0256557589936057,-0.0711534201621871,-0.0342252899821844,-25.239499999999936,,,,,,,,,,,,,,,,,,
2001,JPN,0.0,470.7474,151.942,646.786141666667,1.32958,0.05797,83.5509138381201,1.444434,107.79667639088316,10.47358183,20499.90795272704,0,0,0,491.4424,508.5996,517.2431,150.125,149.51,146.604,629.286258333333,616.303425,606.4699,1.7475,1.77083,1.09667,0.10838,0.05856,0.37148,87.03220191470844,90.25239338555264,92.68929503916448,1.356473,1.290302,1.160459,108.60000054495512,109.40000217982036,109.69999995458708,14.070777156,13.01692057,15.070209157000004,20480.951264994896,20070.399088282407,20154.49399706678,1.27161,1.63912,1.71227,0.72519,-0.0337341987685402,0.0041134372282791,0.0210656517661459,-0.0356798457087753,0.0204556060348684,-0.0421107336281931,-0.021005213055869,0.011216290393105,-15.664430000000062,-10.580029999999995,54.84015333333332,77.1400214285714,92.3822538461539,41.648786666666666,43.964771428571424,44.21713846153848,149.79580499999952,146.58532678571413,147.27117115384613,-2.277556666666667,-2.4152428571428564,-3.3270492307692305,-3.3804393333333334,-3.675277857142857,-3.621000769230769,-5.250942848854066,-2.175805047867712,0.2811809600321453,0.5239392,0.4904659285714285,0.388363153846154,6.086666175197948,7.378572653639139,8.269229692129386,2.5620080976666664,1.6158766196428562,3.9514086840769256,1815.803833334452,1505.626774952103,1712.007967100821,1.102882666666667,1.260035,0.2939515384615385,-0.0866806345921251,-0.0767715072208003,-0.0336441769372128,-0.0526439904588011,0.000804915275866,-0.0775089780952246,-0.030064630095018,-28.764148333333345,,,,,,,,,,,,,,,,,,
2002,JPN,0.0,446.5735,153.14,668.155358333333,1.25,0.01094,79.80852915578764,1.542849,106.80046676461927,13.683649283,20516.849232535595,0,0,0,470.7474,491.4424,508.5996,151.942,150.125,149.51,646.786141666667,629.286258333333,616.303425,1.32958,1.7475,1.77083,0.05797,0.10838,0.05856,83.5509138381201,87.03220191470844,90.25239338555264,1.444434,1.356473,1.290302,107.79667639088316,108.60000054495512,109.40000217982036,10.47358183,14.070777156,13.01692057,20499.90795272704,20480.951264994896,20070.399088282407,1.23906,1.27161,1.63912,1.71227,-0.0421107336281931,0.0121032472939217,0.0278090981673151,-0.04,0.0009255765265427,-0.0513521689126695,-0.0308518811574782,0.0129429943415368,-20.67732999999998,-15.664430000000062,30.71764375000004,54.84015333333332,77.1400214285714,40.86273750000001,41.648786666666666,43.964771428571424,157.93345052083367,149.79580499999952,146.58532678571413,-2.553129375,-2.277556666666667,-2.4152428571428564,-3.219571875,-3.3804393333333334,-3.675277857142857,-8.404046997389031,-5.250942848854066,-2.175805047867712,0.579154,0.5239392,0.4904659285714285,4.902925385176104,6.086666175197948,7.378572653639139,-1.1953127344375003,2.5620080976666664,1.6158766196428562,1721.2727814831924,1815.803833334452,1505.626774952103,0.6664424999999999,1.102882666666667,1.260035,-0.0892784604789697,-0.0636635966737709,-0.024657785406896,-0.0534545453861058,-0.0187787752508507,-0.0818192906186035,-0.0261904525683706,-31.635921538461616,0.175123,0.070134,1.0,0.175123,0.070134,1.0,,,,,,,,,,,,
2003,JPN,0.0,425.3791,156.32,680.2588,1.01167,0.00136,75.97911227154046,1.6006970000000005,106.52428983852634,16.164431309999998,20832.997849900727,0,0,0,446.5735,470.7474,491.4424,153.14,151.942,150.125,668.155358333333,646.786141666667,629.286258333333,1.25,1.32958,1.7475,0.01094,0.05797,0.10838,79.80852915578764,83.5509138381201,87.03220191470844,1.542849,1.444434,1.356473,106.80046676461927,107.79667639088316,108.60000054495512,13.683649283,10.47358183,14.070777156,20516.849232535595,20499.90795272704,20480.951264994896,1.01031,1.23906,1.27161,1.63912,-0.0513521689126696,0.0078845875399822,0.033039076272724,-0.0447916666666666,0.0008264076037619,-0.0474600485698322,-0.0423990337698009,0.0088125226654232,-22.23637999999997,-20.67732999999998,4.7368235294117085,30.71764375000004,54.84015333333332,39.65704705882352,40.86273750000001,41.648786666666666,170.0124642156859,157.93345052083367,149.79580499999952,-2.482525294117647,-2.553129375,-2.277556666666667,-3.077215294117647,-3.219571875,-3.3804393333333334,-11.652075973992735,-8.404046997389031,-5.250942848854066,0.6435011176470588,0.579154,0.5239392,3.6183083833136607,4.902925385176104,6.086666175197948,2.085067232352939,-1.1953127344375003,2.5620080976666664,1636.962721204498,1721.2727814831924,1815.803833334452,0.5946900000000002,0.6664424999999999,1.102882666666667,-0.0929399919835106,-0.0639032816355998,-0.0178866957135561,-0.0549053029661407,-0.0177042707204533,-0.0879118238563527,-0.0285748940732595,-34.38911285714285,,,,,,,0.0829235,0.584173,2.0,0.175123,,,0.175123,,,,,
2004,JPN,0.0,412.3079,163.154,688.911808333333,1.49917,0.000850833,71.10530896431679,1.689246,106.51333043669726,19.699003768,21301.17824873966,0,0,0,425.3791,446.5735,470.7474,156.32,153.14,151.942,680.2588,668.155358333333,646.786141666667,1.01167,1.25,1.32958,0.00136,0.01094,0.05797,75.97911227154046,79.80852915578764,83.5509138381201,1.6006970000000005,1.542849,1.444434,106.52428983852634,106.80046676461927,107.79667639088316,16.164431309999998,13.683649283,10.47358183,20832.997849900727,20516.849232535595,20499.90795272704,1.4983191669999998,1.01031,1.23906,1.27161,-0.0474600485698322,0.0207653127856863,0.0181147116695407,-0.0479825517993458,0.0154092187246657,-0.0307283550132104,-0.0469743170368983,0.0046398257371218,-19.65128999999998,-22.23637999999997,-16.720733333333385,4.7368235294117085,30.71764375000004,40.63387777777778,39.65704705882352,40.86273750000001,172.6707689814814,170.0124642156859,157.93345052083367,-2.5829372222222218,-2.482525294117647,-2.553129375,-2.9158388888888886,-3.077215294117647,-3.219571875,-14.834155304129196,-11.652075973992735,-8.404046997389031,0.6655990555555557,0.6435011176470588,0.579154,3.141114324814396,3.6183083833136607,4.902925385176104,4.450012190888886,2.085067232352939,-1.1953127344375003,1862.1689651693812,1636.962721204498,1721.2727814831924,0.3329016666666667,0.5946900000000002,0.6664424999999999,-0.083580813288702,-0.0472635398230957,-0.0317589017453538,-0.0548664643949293,-0.0020800319101111,-0.086992618132428,-0.0309616601219822,-33.65555533333332,,,,0.746568,0.092044,1.0,0.289138,0.395322,1.0,,0.175123,,,0.175123,,0.0829235,,
2005,JPN,0.0,409.9646,171.268,701.387216666667,1.35958,0.00123833,67.27589208006962,1.742932,106.21194688639744,18.749870755,21575.023474075475,0,0,0,412.3079,425.3791,446.5735,163.154,156.32,153.14,688.911808333333,680.2588,668.155358333333,1.49917,1.01167,1.25,0.000850833,0.00136,0.01094,71.10530896431679,75.97911227154046,79.80852915578764,1.689246,1.6006970000000005,1.542849,106.51333043669726,106.52428983852634,106.80046676461927,19.699003768,16.164431309999998,13.683649283,21301.17824873966,20832.997849900727,20516.849232535595,1.35834167,1.4983191669999998,1.01031,1.23906,-0.0307283550132105,0.0437180143295803,0.0127201711074272,-0.0641466208476517,0.0224730210319281,-0.005683374002778,-0.043180190831904,0.0109577968420919,-12.289789999999938,-19.65128999999998,-28.9118947368421,-16.720733333333385,4.7368235294117085,45.32925263157894,40.63387777777778,39.65704705882352,172.23584210526292,172.6707689814814,170.0124642156859,-1.959493157894737,-2.5829372222222218,-2.482525294117647,-2.7628828512105263,-2.9158388888888886,-3.077215294117647,-18.927213595346075,-14.834155304129196,-11.652075973992735,0.7191165263157896,0.6655990555555557,0.6435011176470588,2.9648331164161306,3.141114324814396,3.6183083833136607,7.750373480947369,4.450012190888886,2.085067232352939,2232.340471104664,1862.1689651693812,1636.962721204498,0.8033896933157892,0.3329016666666667,0.5946900000000002,-0.0622057412160413,-0.0216850860668075,-0.0353890588771699,-0.0679823965324058,0.0050993277254907,-0.0780812790961144,-0.0228224148921896,-28.966993124999995,,,,,,,0.25395475,0.5041955,4.0,,,0.175123,0.746568,,0.175123,0.289138,0.0829235,
2006,JPN,0.0,414.4401,176.549,708.461483333333,1.73125,0.124527,64.66492602262836,1.740333,106.4793562910271,20.293653984,21938.170592300477,0,0,0,409.9646,412.3079,425.3791,171.268,163.154,156.32,701.387216666667,688.911808333333,680.2588,1.35958,1.49917,1.01167,0.00123833,0.000850833,0.00136,67.27589208006962,71.10530896431679,75.97911227154046,1.742932,1.689246,1.6006970000000005,106.21194688639744,106.51333043669726,106.52428983852634,18.749870755,19.699003768,16.164431309999998,21575.023474075475,21301.17824873966,20832.997849900727,1.606723,1.35834167,1.4983191669999998,1.01031,-0.005683374002778,0.0497321548966007,0.0181088612249445,-0.0538555691554466,0.0128558722028448,0.0109167962306988,-0.0279572591952735,0.0210257428761632,-3.5160299999999944,-12.289789999999938,-29.80959999999999,-28.9118947368421,-16.720733333333385,51.17679,45.32925263157894,40.63387777777778,176.0994583333336,172.23584210526292,172.6707689814814,-2.0011085,-1.959493157894737,-2.5829372222222218,-2.62435121165,-2.7628828512105263,-2.9158388888888886,-21.81026979982593,-18.927213595346075,-14.834155304129196,0.7368467000000001,0.7191165263157896,0.6655990555555557,2.515207910295487,2.9648331164161306,3.141114324814396,6.413721793900001,7.750373480947369,4.450012190888886,2394.568672885245,2232.340471104664,1862.1689651693812,0.62324271165,0.8033896933157892,0.3329016666666667,-0.0338867738258171,-0.0145296251804814,-0.0281377867134857,-0.0541133239700741,-0.0047862067733552,-0.0585204986208109,-0.0114865569196634,-19.901552352941124,,,,,,,0.18483533333333335,0.34191733333333335,3.0,,,,,0.746568,,0.25395475,0.289138,0.0829235
2007,JPN,0.0,415.5213,181.523,719.611483333333,1.65292,0.472652,63.70757180156657,1.72809,106.54620864218452,24.984916528,22410.06561013449,0,0,0,414.4401,409.9646,412.3079,176.549,171.268,163.154,708.461483333333,701.387216666667,688.911808333333,1.73125,1.35958,1.49917,0.124527,0.00123833,0.000850833,64.66492602262836,67.27589208006962,71.10530896431679,1.740333,1.742932,1.689246,106.4793562910271,106.21194688639744,106.51333043669726,20.293653984,18.749870755,19.699003768,21938.170592300477,21575.023474075475,21301.17824873966,1.180268,1.606723,1.35834167,1.4983191669999998,0.0109167962306988,0.0308347151832216,0.0100861072151933,-0.0388098318240621,0.0168318295765173,0.0026088209128412,-0.0084983109284298,0.0209647932962281,1.411570000000032,-3.5160299999999944,-23.914595238095277,-29.80959999999999,-28.9118947368421,54.02080000000001,51.17679,45.32925263157894,174.78803650793623,176.0994583333336,172.23584210526292,-1.5341476190476195,-2.0011085,-1.959493157894737,-2.376093436333333,-2.62435121165,-2.7628828512105263,-23.38265158108501,-21.81026979982593,-18.927213595346075,0.6991597619047618,0.7368467000000001,0.7191165263157896,2.662845509672991,2.515207910295487,2.9648331164161306,7.652089699380951,6.413721793900001,7.750373480947369,2643.688711449042,2394.568672885245,2232.340471104664,0.8419458172857143,0.62324271165,0.8033896933157892,-0.0155922649010494,-0.0327005836348365,-0.0347536513875626,-0.0363619204401859,-0.0005709390610149,-0.0359815241107666,-0.0109429508722478,-10.022150555555564,,,,,,,0.252926,0.487536,1.0,,,,,,0.746568,0.18483533333333335,0.25395475,0.289138
2008,JPN,0.0,425.1676,184.777,734.602616666667,1.44917,0.4614169999999999,63.27241079199304,1.807147,108.0213441283794,14.736840496,22175.1244681219,0,0,0,415.5213,414.4401,409.9646,181.523,176.549,171.268,719.611483333333,708.461483333333,701.387216666667,1.65292,1.73125,1.35958,0.472652,0.124527,0.00123833,63.70757180156657,64.66492602262836,67.27589208006962,1.72809,1.740333,1.742932,106.54620864218452,106.4793562910271,106.21194688639744,24.984916528,20.293653984,18.749870755,22410.06561013449,21938.170592300477,21575.023474075475,0.987753,1.180268,1.606723,1.35834167,0.0026088209128412,0.0281734815830165,0.0157383291291135,-0.0148048452220726,0.0215102264725591,0.0232149350707171,0.0026140810469206,0.0083000863668315,4.669020000000045,1.411570000000032,-21.746368181818184,-23.914595238095277,-29.80959999999999,56.539309090909086,54.02080000000001,51.17679,177.9931257575754,174.78803650793623,176.0994583333336,-1.5427436363636362,-1.5341476190476195,-2.0011085,-1.9199641892272727,-2.376093436333333,-2.62435121165,-23.277158003006576,-23.38265158108501,-21.81026979982593,0.6551367727272728,0.6991597619047618,0.7368467000000001,2.608659428572551,2.662845509672991,2.515207910295487,11.99552998431818,7.652089699380951,6.413721793900001,2995.416060580832,2643.688711449042,2394.568672885245,0.3772205528636363,0.8419458172857143,0.62324271165,-0.0231577514140951,-0.0338046465857636,-0.0274464936932823,-0.0106254138172352,0.0041346454093608,-0.0230700559298778,-0.0230605102580319,-4.567068947368403,,,,0.075239,0.10767,1.0,0.4583965,0.139627,4.0,,,,,,,0.252926,0.18483533333333335,0.25395475
2009,JPN,0.0,419.5679,187.905,754.464016666667,1.3425,0.10525,59.652179541849286,1.987026,106.56374368511106,13.58605908,20963.200296560124,0,0,0,425.1676,415.5213,414.4401,184.777,181.523,176.549,734.602616666667,719.611483333333,708.461483333333,1.44917,1.65292,1.73125,0.4614169999999999,0.472652,0.124527,63.27241079199304,63.70757180156657,64.66492602262836,1.807147,1.72809,1.740333,108.0213441283794,106.54620864218452,106.4793562910271,14.736840496,24.984916528,20.293653984,22175.1244681219,22410.06561013449,21938.170592300477,1.23725,0.987753,1.180268,1.606723,0.0232149350707171,0.0179261030282663,0.0208322597408995,-0.006830601092896,-0.0104837328948446,-0.0131705708525295,0.0122468507380857,0.0103672450012682,2.5029699999999733,4.669020000000045,-11.154573913043464,-21.746368181818184,-23.914595238095277,57.33507826086955,56.539309090909086,54.02080000000001,185.24542753623223,177.9931257575754,174.78803650793623,-1.6794178260869566,-1.5427436363636362,-1.5341476190476195,-1.8477224853478265,-1.9199641892272727,-2.376093436333333,-22.70026866462329,-23.277158003006576,-23.38265158108501,0.7057095652173913,0.6551367727272728,0.6991597619047618,3.970374939612114,2.608659428572551,2.662845509672991,1.225909170391306,11.99552998431818,7.652089699380951,2630.239437673419,2995.416060580832,2643.688711449042,0.1683046592608696,0.3772205528636363,0.8419458172857143,-0.0014990121919421,-0.0425154502957064,-0.0211049951863471,-0.0021681963327297,-0.0280472523857411,-0.0123387121468137,-0.0198952320874985,-1.0812654999999696,,,,0.124908,0.15491733333333332,3.0,0.578182,0.121383,1.0,,,,0.075239,,,0.4583965,0.252926,0.18483533333333335
2010,JPN,0.0,409.9066,190.393,775.359741666667,1.15083,0.0935,61.05705437238938,2.056931,105.79439367670928,19.402264428,21934.903391345688,0,0,0,419.5679,425.1676,415.5213,187.905,184.777,181.523,754.464016666667,734.602616666667,719.611483333333,1.3425,1.44917,1.65292,0.10525,0.4614169999999999,0.472652,59.652179541849286,63.27241079199304,63.70757180156657,1.987026,1.807147,1.72809,106.56374368511106,108.0213441283794,106.54620864218452,13.58605908,14.736840496,24.984916528,20963.200296560124,22175.1244681219,22410.06561013449,1.05733,1.23725,0.987753,1.180268,-0.0131705708525296,0.0169285138301845,0.0270369306471069,-0.0572165846824645,-0.0546524179967508,-0.023026785414232,0.0042177283770095,0.0182460323836128,-2.244379999999979,2.5029699999999733,-16.289500000000032,-11.154573913043464,-21.746368181818184,58.07411666666667,57.33507826086955,56.539309090909086,197.38826805555584,185.24542753623223,177.9931257575754,-1.7161120833333332,-1.6794178260869566,-1.5427436363636362,-2.126901048458333,-1.8477224853478265,-1.9199641892272727,-25.374655387074405,-22.70026866462329,-23.277158003006576,0.8561839999999998,0.7057095652173913,0.6551367727272728,2.347342207193279,3.970374939612114,2.608659428572551,0.0240482056250002,1.225909170391306,11.99552998431818,1308.7219562085847,2630.239437673419,2995.416060580832,0.410788965125,0.1683046592608696,0.3772205528636363,-0.037819343672061,-0.0416645416548444,-0.0139827157937767,-0.0524599105165273,-0.0709964917317455,-0.019806983955762,-0.0111121159739039,-3.195826666666709,0.24701,0.106264,1.0,0.2446835,0.095354,2.0,0.3959735555555556,0.289586,9.0,,,,0.124908,0.075239,,0.578182,0.4583965,0.252926
2011,JPN,0.0,412.0341,192.981,796.626141666667,1.11833,0.07775,61.49852136176933,2.190945,105.50616140860431,10.366835076,21869.04677661825,0,0,0,409.9066,419.5679,425.1676,190.393,187.905,184.777,775.359741666667,754.464016666667,734.602616666667,1.15083,1.3425,1.44917,0.0935,0.10525,0.4614169999999999,61.05705437238938,59.652179541849286,63.27241079199304,2.056931,1.987026,1.807147,105.79439367670928,106.56374368511106,108.0213441283794,19.402264428,13.58605908,14.736840496,21934.903391345688,20963.200296560124,22175.1244681219,1.04058,1.05733,1.23725,0.987753,-0.023026785414232,0.0132407333492988,0.0276961187523831,0.0235511064529418,0.0463528030567456,0.0051902067446583,-0.0043274737320148,0.0243561994852273,-4.906179999999977,-2.244379999999979,-25.29921999999999,-16.289500000000032,-11.154573913043464,58.23915199999999,58.07411666666667,57.33507826086955,210.38846233333368,197.38826805555584,185.24542753623223,-1.8391376,-1.7161120833333332,-1.6794178260869566,-2.05357500652,-2.126901048458333,-1.8477224853478265,-22.954794341051347,-25.374655387074405,-22.70026866462329,0.89184164,0.8561839999999998,0.7057095652173913,1.484098510503756,2.347342207193279,3.970374939612114,5.8392916254,0.0240482056250002,1.225909170391306,2228.076172745805,1308.7219562085847,2630.239437673419,0.2144374065200001,0.410788965125,0.1683046592608696,-0.0460997522474276,-0.0436162995667783,-0.0127409145304266,0.0304936102237343,0.0329669164772403,-0.0274910128493185,-0.0045188133951632,-7.797911818181811,,,,0.286266,0.07396,1.0,0.35697450000000003,0.2822174,10.0,0.24701,,,0.2446835,0.124908,0.075239,0.3959735555555556,0.578182,0.4583965
2012,JPN,0.0,416.6685,197.5,816.649366666667,0.839167,0.0825833,61.06021120391524,2.2609280000000003,105.44698063872728,4.759515348,22218.1932287002,0,0,0,412.0341,409.9066,419.5679,192.981,190.393,187.905,796.626141666667,775.359741666667,754.464016666667,1.11833,1.15083,1.3425,0.07775,0.0935,0.10525,61.49852136176933,61.05705437238938,59.652179541849286,2.190945,2.056931,1.987026,105.50616140860431,105.79439367670928,106.56374368511106,10.366835076,19.402264428,13.58605908,21869.04677661825,21934.903391345688,20963.200296560124,0.7565837,1.04058,1.05733,1.23725,0.0051902067446582,0.0135929367151102,0.0274277846232859,0.0072304010391235,-0.0030023662996128,0.0112476127582645,-0.0103357165073677,0.0143205084055153,-0.6570699999999982,-4.906179999999977,-22.198673076923114,-25.29921999999999,-16.289500000000032,58.587184615384615,58.23915199999999,58.07411666666667,223.5629983974361,210.38846233333368,197.38826805555584,-1.8009015384615383,-1.8391376,-1.7161120833333332,-1.9903413524230773,-2.05357500652,-2.126901048458333,-21.630450646246334,-22.954794341051347,-25.374655387074405,0.9915540384615388,0.89184164,0.8561839999999998,1.13878553045636,1.484098510503756,2.347342207193279,-3.4207258660384614,5.8392916254,0.0240482056250002,2076.524320605065,2228.076172745805,1308.7219562085847,0.1894398139615386,0.2144374065200001,0.410788965125,-0.0160387699986401,-0.0415194442182957,-0.0124996120783067,0.0129531604009666,-0.0177069295382077,-0.0323537967559498,-0.0143662205834101,-10.120672173913036,0.17205,0.070674,1.0,0.16657149999999998,0.217188,2.0,0.286135,0.36132728571428574,7.0,,0.24701,,0.286266,0.2446835,0.124908,0.35697450000000003,0.3959735555555556,0.578182
2013,JPN,0.0,423.8272,202.048,846.118683333333,0.7,0.075,62.50556935608159,2.2962610000000003,105.80864089908712,4.486739291999999,22702.703762553305,0,0,0,416.6685,412.0341,409.9066,197.5,192.981,190.393,816.649366666667,796.626141666667,775.359741666667,0.839167,1.11833,1.15083,0.0825833,0.07775,0.0935,61.06021120391524,61.49852136176933,61.05705437238938,2.2609280000000003,2.190945,2.056931,105.44698063872728,105.50616140860431,105.79439367670928,4.759515348,10.366835076,19.402264428,22218.1932287002,21869.04677661825,21934.903391345688,0.625,0.7565837,1.04058,1.05733,0.0112476127582644,0.0234168130541348,0.0251350338040731,-0.0071271657943725,0.0159653255877275,0.0171808044044605,-0.0021963219704363,0.0182921895180949,4.639620000000046,-0.6570699999999982,-16.742099999999994,-22.198673076923114,-25.29921999999999,60.936288888888896,58.587184615384615,58.23915199999999,235.30611234567925,223.5629983974361,210.38846233333368,-2.013364481481481,-1.8009015384615383,-1.8391376,-1.911791706037037,-1.9903413524230773,-2.05357500652,-21.267633002387605,-21.630450646246334,-22.954794341051347,1.024812814814815,0.9915540384615388,0.89184164,1.037427518710544,1.13878553045636,1.484098510503756,-8.901352043444444,-3.4207258660384614,5.8392916254,2348.762464516465,2076.524320605065,2228.076172745805,-0.1015727754444444,0.1894398139615386,0.2144374065200001,-0.0093644882158554,-0.0300986661785674,-0.0143116085868154,-0.0019026049094896,0.0019417981006021,-0.0229202503487805,-0.0098198906474941,-5.449867500000013,,,,0.309595,0.0667,1.0,0.19396963636363634,0.4095592727272727,11.0,0.17205,,0.24701,0.16657149999999998,0.286266,0.2446835,0.286135,0.35697450000000003,0.3959735555555556
2014,JPN,0.0,434.025,207.0205,874.873075,0.52625,0.0679166666666667,63.48054793236498,2.335278,108.73041742672126,3.896271361,22808.11785153788,0,0,0,423.8272,416.6685,412.0341,202.048,197.5,192.981,846.118683333333,816.649366666667,796.626141666667,0.7,0.839167,1.11833,0.075,0.0825833,0.07775,62.50556935608159,61.06021120391524,61.49852136176933,2.2962610000000003,2.2609280000000003,2.190945,105.80864089908712,105.44698063872728,105.50616140860431,4.486739291999999,4.759515348,10.366835076,22702.703762553305,22218.1932287002,21869.04677661825,0.4583333333333333,0.625,0.7565837,1.04058,0.0171808044044606,0.0230278481012658,0.0360856419774762,0.02367103099823,0.0218069277220633,0.0240612211769324,0.0112062079691278,0.0059954060602463,7.313140000000011,4.639620000000046,-8.98546785714285,-16.742099999999994,-22.198673076923114,63.307992857142864,60.936288888888896,58.587184615384615,256.371639285714,235.30611234567925,223.5629983974361,-2.0806256071428573,-2.013364481481481,-1.8009015384615383,-1.8510967308214288,-1.911791706037037,-1.9903413524230773,-19.06271652870742,-21.267633002387605,-21.630450646246334,1.0235453571428574,1.024812814814815,0.9915540384615388,1.3620367962592894,1.037427518710544,1.13878553045636,-8.856222669321431,-8.901352043444444,-3.4207258660384614,2749.3886246368347,2348.762464516465,2076.524320605065,-0.2295288763214286,-0.1015727754444444,0.1894398139615386,-0.0030844636727758,-0.0293728657174155,-0.0028309408361228,0.0289660587316124,0.0077114817867675,-0.0086361723188785,-0.021738986003516,0.0648172000000322,,,,0.1589955,0.1757755,2.0,0.20788558823529413,0.386409,17.0,,0.17205,,0.309595,0.16657149999999998,0.286266,0.19396963636363634,0.286135,0.35697450000000003
2015,JPN,0.0,444.6486,214.1117,907.12,0.346666666666667,0.0728333333333333,65.00940665333478,2.283968,109.59182641048736,16.51759161,23189.97882270277,0,0,0,434.025,423.8272,416.6685,207.0205,202.048,197.5,874.873075,846.118683333333,816.649366666667,0.52625,0.7,0.839167,0.0679166666666667,0.075,0.0825833,63.48054793236498,62.50556935608159,61.06021120391524,2.335278,2.2962610000000003,2.2609280000000003,108.73041742672126,105.80864089908712,105.44698063872728,3.896271361,4.486739291999999,4.759515348,22808.11785153788,22702.703762553305,22218.1932287002,0.2738333333333337,0.4583333333333333,0.625,0.7565837,0.0240612211769324,0.024610488596769,0.0339838751147621,0.0155982672636599,0.0046432394170799,0.0244769310523587,0.0174965461132191,0.006412636727332,9.413810000000018,7.313140000000011,1.5221758620689343,-8.98546785714285,-16.742099999999994,66.09745862068965,63.307992857142864,60.936288888888896,276.2856295977012,256.371639285714,235.30611234567925,-2.1826298965517243,-2.0806256071428573,-2.013364481481481,-1.7943491424022988,-1.8510967308214288,-1.911791706037037,-17.430402899709982,-19.06271652870742,-21.267633002387605,1.027267689655173,1.0235453571428574,1.024812814814815,4.236846537815524,1.3620367962592894,1.037427518710544,-9.14130361172414,-8.856222669321431,-8.901352043444444,2759.996209323588,2749.3886246368347,2348.762464516465,-0.3882807541494252,-0.2295288763214286,-0.1015727754444444,0.0039061125165808,-0.0267411943034331,-0.0048316026689754,0.0198587928994847,-0.009727616582029,-0.0020259759407546,-0.0205166077066704,2.735844230769226,,,,0.274848,0.184454,1.0,0.24865144444444442,0.3607513333333333,9.0,,,0.17205,0.1589955,0.309595,0.16657149999999998,0.20788558823529413,0.19396963636363634,0.286135
2016,JPN,0.0,458.6494,223.55768,936.802016666667,-0.066,-0.02625,66.44725220498991,2.325199,109.4668892296358,21.518732638,23367.994774838386,0,0,0,444.6486,434.025,423.8272,214.1117,207.0205,202.048,907.12,874.873075,846.118683333333,0.346666666666667,0.52625,0.7,0.0728333333333333,0.0679166666666667,0.075,65.00940665333478,63.48054793236498,62.50556935608159,2.283968,2.335278,2.2962610000000003,109.59182641048736,108.73041742672126,105.80864089908712,16.51759161,3.896271361,4.486739291999999,23189.97882270277,22808.11785153788,22702.703762553305,-0.03975,0.2738333333333337,0.4583333333333333,0.625,0.0244769310523587,0.0342536125649392,0.0368589752290639,0.0240838929525106,0.0167423271683569,0.0314873362920742,0.0219063188779172,0.0040976906855288,11.509020000000064,9.413810000000018,12.095036666666658,1.5221758620689343,-8.98546785714285,70.98541,66.09745862068965,63.307992857142864,299.3230336111111,276.2856295977012,256.371639285714,-2.289458899999999,-2.1826298965517243,-2.0806256071428573,-1.7296208376555555,-1.7943491424022988,-1.8510967308214288,-15.320530748749846,-17.430402899709982,-19.06271652870742,0.9417154333333336,1.027267689655173,1.0235453571428574,4.957027303654456,4.236846537815524,1.3620367962592894,3.7847267576666654,-9.14130361172414,-8.856222669321431,3049.8573068443584,2759.996209323588,2749.3886246368347,-0.559838062344444,-0.3882807541494252,-0.2295288763214286,0.0041871288569526,-0.0161759601868686,-0.0017898955660882,0.0276596326262843,0.0027069062238007,0.0024561531075417,-0.0220988177589497,4.735186666666668,,,,,,,0.2763319090909091,0.3071731818181818,11.0,,,,0.274848,0.1589955,0.309595,0.24865144444444442,0.20788558823529413,0.19396963636363634
2017,JPN,0.0,470.625,232.3545,973.912575,0.05166667,-0.048,68.12937060214495,2.314161,109.99914857360976,22.83085344,23799.611471881875,0,0,0,458.6494,444.6486,434.025,223.55768,214.1117,207.0205,936.802016666667,907.12,874.873075,-0.066,0.346666666666667,0.52625,-0.02625,0.0728333333333333,0.0679166666666667,66.44725220498991,65.00940665333478,63.48054793236498,2.325199,2.283968,2.335278,109.4668892296358,109.59182641048736,108.73041742672126,21.518732638,16.51759161,3.896271361,23367.994774838386,23189.97882270277,22808.11785153788,0.09966667,-0.03975,0.2738333333333337,0.4583333333333333,0.0314873362920742,0.0441170659987286,0.0327211578034515,0.0221174999999999,0.0076764171928151,0.0261105759649962,0.0266751628404551,0.0041726446855063,12.380079999999976,11.509020000000064,25.70567419354842,12.095036666666658,1.5221758620689343,78.14153806451611,70.98541,66.09745862068965,319.34946854838745,299.3230336111111,276.2856295977012,-2.6282720537634408,-2.289458899999999,-2.1826298965517243,-1.772909950419355,-1.7296208376555555,-1.7943491424022988,-13.388474527780204,-15.320530748749846,-17.430402899709982,0.952568516129032,0.9417154333333336,1.027267689655173,4.672186016233383,4.957027303654456,4.236846537815524,8.66377982574193,3.7847267576666654,-9.14130361172414,3129.4907652107977,3049.8573068443584,2759.996209323588,-0.8553621033440861,-0.559838062344444,-0.3882807541494252,0.0110579631347697,-0.0057733080801836,-0.0058680498061643,0.0247712519195641,-0.0064492339592011,0.0071403021353368,-0.0212618355603877,6.661282857142906,,,,,,,0.17078563636363636,0.41622145454545456,11.0,,,,,0.274848,0.1589955,0.2763319090909091,0.24865144444444442,0.20788558823529413
2018,JPN,0.0,,240.6403,1002.38659166667,0.065,-0.060416667,69.45328716864012,2.325092,111.0871000628648,19.63349288,23980.04135550288,0,0,0,470.625,458.6494,444.6486,232.3545,223.55768,214.1117,973.912575,936.802016666667,907.12,0.05166667,-0.066,0.346666666666667,-0.048,-0.02625,0.0728333333333333,68.12937060214495,66.44725220498991,65.00940665333478,2.314161,2.325199,2.283968,109.99914857360976,109.4668892296358,109.59182641048736,22.83085344,21.518732638,16.51759161,23799.611471881875,23367.994774838386,23189.97882270277,0.125416667,0.09966667,-0.03975,0.2738333333333337,0.0261105759649963,0.0393492185104085,0.0396140888609312,0.0253150934212553,0.018470420812839,,0.027358281103143,0.0036679723949449,,12.380079999999976,36.877971875000014,25.70567419354842,12.095036666666658,84.49643499999999,78.14153806451611,70.98541,346.48035598958324,319.34946854838745,299.3230336111111,-2.428471882083333,-2.6282720537634408,-2.289458899999999,-1.73925651446875,-1.772909950419355,-1.7296208376555555,-11.287966301632023,-13.388474527780204,-15.320530748749846,0.9117627499999998,0.952568516129032,0.9417154333333336,5.0584395472000665,4.672186016233383,4.957027303654456,9.705157508187504,8.66377982574193,3.7847267576666654,3463.310875841453,3129.4907652107977,3049.8573068443584,-0.6892153676145834,-0.8553621033440861,-0.559838062344444,0.0053244943194734,-0.0103549198239817,0.0012141731805464,0.027169772698253,0.0045528094659583,0.0075854103268468,-0.0210577799989362,7.302643448275822,,,,0.023886,0.236901,1.0,0.18562408333333336,0.4010309166666666,12.0,,,,,,0.274848,0.17078563636363636,0.2763319090909091,0.24865144444444442
1989,NLD,0.0,389878.1563,127969.6563,359721.0,7.21667,7.388333,98.045,0.736692,97.60469,21289.69,16695.235548313423,0,0,0,362530.125,296568.6875,284461.5,120181.75,125577.6719,116652.3203,319812.0,294205.0,282729.0,6.41583,6.4025,6.31333,4.816667,5.359167,5.681667,91.9195,87.8736,83.9179,0.736163,0.7109820000000001,0.687662,96.55976,95.84438,96.52761,14096.89,8480.593,10579.77,16043.531010296558,15737.035465676136,15617.070555436416,-0.1716630000000005,1.599163,1.0433329999999996,0.6316629999999996,0.2224153805853155,-0.042968800252141,0.0870379497289305,0.0460422698057209,0.0194760662063014,0.0754365759259316,0.1116718328707706,0.0968857077062612,38221.14064000001,30217.05311000003,80239.28123333334,21416.76560000004,18619.156200000027,3310.156233333328,13059.117199999991,8267.531200000012,39457.333333333314,20775.5,18599.0,-0.2708366666666668,-0.4262499999999996,-1.0308400000000004,-0.9649998885833336,-0.633749832875,-0.6224996657500004,7.953900000000004,5.861999999999995,3.8126000000000033,0.0466449999999999,0.0321960000000001,0.0177519999999999,0.2920466666666641,-0.6349999999999909,0.0964599999999933,3040.6423333333314,-3863.482,-3528.6099999999988,497.8694995172755,287.06093234527907,334.19204421112045,0.6941632219166669,0.2074998328749999,-0.40834033425,0.1661153215718173,-0.1193647322757607,0.0315348553744063,-0.0013240259285257,0.0047016960854395,0.0553717738572724,0.0774568458023652,-202315.47085012647,,,,,,,,,,,,,,,,,,
1990,NLD,0.0,403177.5625,137142.1563,386016.0,8.92083,8.6825,100.0,0.738339,100.0,14729.26,17262.069182310013,0,0,0,389878.1563,362530.125,296568.6875,127969.6563,120181.75,125577.6719,359721.0,319812.0,294205.0,7.21667,6.41583,6.4025,7.388333,4.816667,5.359167,98.045,91.9195,87.8736,0.736692,0.736163,0.7109820000000001,97.60469,96.55976,95.84438,21289.69,14096.89,8480.593,16695.235548313423,16043.531010296558,15737.035465676136,0.2383300000000012,-0.1716630000000005,1.599163,1.0433329999999996,0.0754365759259316,0.0648010725422121,0.1247889385013695,0.0666398315917732,0.0406210165080622,0.034111698706625,0.1134712451739212,0.0957695491712246,34717.465630000006,38221.14064000001,87527.492225,80239.28123333334,21416.76560000004,10270.523474999996,3310.156233333328,13059.117199999991,69502.0,39457.333333333314,20775.5,0.5977125000000001,-0.2708366666666668,-0.4262499999999996,1.8479160835625,-0.9649998885833336,-0.633749832875,12.090925,7.953900000000004,5.861999999999995,0.0355127499999999,0.0466449999999999,0.0321960000000001,1.263965000000013,0.2920466666666641,-0.6349999999999909,9473.281749999998,3040.6423333333314,-3863.482,1025.1066626548218,497.8694995172755,287.06093234527907,-1.2502035835625005,0.6941632219166669,0.2074998328749999,-0.036235256944839,0.0281933846105126,0.0587742256887099,0.0197148778337017,0.0242794143587205,0.0294852992317867,0.037612264366146,8004.0875299999825,,,,,,,,,,,,,,,,,,
1991,NLD,0.0,435616.1563,146012.0938,407193.0,8.73917,9.281667,102.595,0.735715,103.1333,13959.87,17547.904318795754,0,0,0,403177.5625,389878.1563,362530.125,137142.1563,127969.6563,120181.75,386016.0,359721.0,319812.0,8.92083,7.21667,6.41583,8.6825,7.388333,4.816667,100.0,98.045,91.9195,0.738339,0.736692,0.736163,100.0,97.60469,96.55976,14729.26,21289.69,14096.89,17262.069182310013,16695.235548313423,16043.531010296558,-0.5424970000000009,0.2383300000000012,-0.1716630000000005,1.599163,0.0341116987066249,0.0716771480459153,0.0730983178630105,0.0199398235504105,0.0339518201079739,0.0804573389423177,0.1106545517392907,0.0989686744256005,23255.75001,34717.465630000006,83321.39998000005,87527.492225,80239.28123333334,17388.918779999993,10270.523474999996,3310.156233333328,81896.59999999998,69502.0,39457.333333333314,2.182330000000001,0.5977125000000001,-0.2708366666666668,2.7724998668499987,1.8479160835625,-0.9649998885833336,11.627739999999989,12.090925,7.953900000000004,0.0300571999999998,0.0355127499999999,0.0466449999999999,3.406482000000011,1.263965000000013,0.2920466666666641,1018.1953999999988,9473.281749999998,3040.6423333333314,1386.9189641204466,1025.1066626548218,497.8694995172755,-0.5901698668499984,-1.2502035835625005,0.6941632219166669,-0.0685013199279359,0.0280211139615876,-0.0076099513718266,-0.0319138496660864,0.0115403643689521,0.016840172719894,0.0282739681651399,498.3687549999886,,,,,,,,,,,,,,,,,,
1992,NLD,0.0,460837.625,154252.6406,432148.0,8.10083,9.3525,111.192,0.743155,106.4167,12039.37,17719.668459283264,0,0,0,435616.1563,403177.5625,389878.1563,146012.0938,137142.1563,127969.6563,407193.0,386016.0,359721.0,8.73917,8.92083,7.21667,9.281667,8.6825,7.388333,102.595,100.0,98.045,0.735715,0.738339,0.736692,103.1333,100.0,97.60469,13959.87,14729.26,21289.69,17547.904318795754,17262.069182310013,16695.235548313423,-1.251669999999999,-0.5424970000000009,0.2383300000000012,-0.1716630000000005,0.0804573389423176,0.0646769581236342,0.0548604202934593,0.0259499999999999,0.0165585674270533,0.0578983775859556,0.0633352045249581,0.0254324985904313,24531.69999000002,23255.75001,101873.09378333332,83321.39998000005,87527.492225,23360.70315,17388.918779999993,10270.523474999996,89424.16666666669,81896.59999999998,69502.0,1.6369483333333337,2.182330000000001,0.5977125000000001,2.909583555708335,2.7724998668499987,1.8479160835625,12.284783333333325,11.627739999999989,12.090925,0.0224236666666667,0.0300571999999998,0.0355127499999999,5.972035000000005,3.406482000000011,1.263965000000013,79.10616666666829,1018.1953999999988,9473.281749999998,1441.6009399194463,1386.9189641204466,1025.1066626548218,-1.2726352223750008,-0.5901698668499984,-1.2502035835625005,-0.0084554157066559,0.015416701246989,-0.0243258586670124,-0.0195209032832796,-0.0081609611857589,-0.034689217674412,-0.0523306997113142,-11129.469783333352,,,,,,,,,,,,,,,,,,
1993,NLD,0.0,488943.75,175239.4531,465084.0,6.36,6.854167,120.358,0.754013,109.1667,24522.62,17823.66395224006,0,0,0,460837.625,435616.1563,403177.5625,154252.6406,146012.0938,137142.1563,432148.0,407193.0,386016.0,8.10083,8.73917,8.92083,9.3525,9.281667,8.6825,111.192,102.595,100.0,0.743155,0.735715,0.738339,106.4167,103.1333,100.0,12039.37,13959.87,14729.26,17719.668459283264,17547.904318795754,17262.069182310013,-0.494167,-1.251669999999999,-0.5424970000000009,0.2383300000000012,0.0578983775859555,0.056437426418167,0.0612854346710282,0.0837955066036356,0.0097882993528481,0.0609892150190645,0.0574891384116328,0.0231755301932969,28252.003119999983,24531.69999000002,112541.2633714286,101873.09378333332,83321.39998000005,28264.00664285716,23360.70315,17388.918779999993,101604.28571428574,89424.16666666669,81896.59999999998,0.7647585714285716,1.6369483333333337,2.182330000000001,2.564761762035713,2.909583555708335,2.7724998668499987,19.126814285714275,12.284783333333325,11.627739999999989,0.0266602857142856,0.0224236666666667,0.0300571999999998,8.402287142857148,5.972035000000005,3.406482000000011,-1852.6947142857132,79.10616666666829,1018.1953999999988,1407.4220889898934,1441.6009399194463,1386.9189641204466,-1.8000031906071416,-1.2726352223750008,-0.5901698668499984,-0.0296051411119087,0.0046077193336904,-0.0138465345116081,0.0415780872009025,-0.0135710690623376,-0.033597440252855,-0.0441215281661858,-7071.152357499992,,,,,,,,,,,,,,,,,,
1994,NLD,0.0,529174.6875,200306.6563,466024.0,6.8625,5.176667,135.171,0.7276940000000001,112.225,31475.44,18222.90474286847,0,0,0,488943.75,460837.625,435616.1563,175239.4531,154252.6406,146012.0938,465084.0,432148.0,407193.0,6.36,8.10083,8.73917,6.854167,9.3525,9.281667,120.358,111.192,102.595,0.754013,0.743155,0.735715,109.1667,106.4167,103.1333,24522.62,12039.37,13959.87,17823.66395224006,17719.668459283264,17547.904318795754,1.6858329999999997,-0.494167,-1.251669999999999,-0.5424970000000009,0.0609892150190644,0.1360548021633024,0.0762146301729962,0.0824339880566948,0.0058689299518079,0.0822813207040686,0.0664483105157793,0.0122302075657427,30878.17186000004,28252.003119999983,126579.73045000005,112541.2633714286,101873.09378333332,45717.81831250001,28264.00664285716,23360.70315,121839.75,101604.28571428574,89424.16666666669,-1.0716662499999998,0.7647585714285716,1.6369483333333337,-0.2541664582187497,2.564761762035713,2.909583555708335,25.90196250000001,19.126814285714275,12.284783333333325,0.03418575,0.0266602857142856,0.0224236666666667,10.10200125,8.402287142857148,5.972035000000005,10862.142124999998,-1852.6947142857132,79.10616666666829,1335.4898208229497,1407.4220889898934,1441.6009399194463,-0.81749979178125,-1.8000031906071416,-1.2726352223750008,-0.02228499780567,0.0835668494597271,0.003060737349161,0.0342768419109757,-0.0155517143116153,-0.0190386947732326,-0.0477132627660424,-1936.618756000029,,,,,,,,,,,,,,,,,,
1995,NLD,0.0,587127.875,231115.1875,486566.0,6.89917,4.3725,144.538,0.730925,114.3833,41382.71,18696.697349290367,0,0,0,529174.6875,488943.75,460837.625,200306.6563,175239.4531,154252.6406,466024.0,465084.0,432148.0,6.8625,6.36,8.10083,5.176667,6.854167,9.3525,135.171,120.358,111.192,0.7276940000000001,0.754013,0.743155,112.225,109.1667,106.4167,31475.44,24522.62,12039.37,18222.90474286847,17823.66395224006,17719.668459283264,2.52667,1.6858329999999997,-0.494167,-1.251669999999999,0.0822813207040687,0.1430454315883732,0.0020211402671345,0.1230744944249654,0.0223994792371653,0.1095161746564077,0.0670563044363629,0.0132755097556894,41910.168750000026,30878.17186000004,152746.2534555556,126579.73045000005,112541.2633714286,65705.26392222222,45717.81831250001,28264.00664285716,109242.0,121839.75,101604.28571428574,-0.4500922222222216,-1.0716662499999998,0.7647585714285716,-1.9034257406388884,-0.2541664582187497,2.564761762035713,37.836966666666655,25.90196250000001,19.126814285714275,0.0040683333333334,0.03418575,0.0266602857142856,12.037856666666656,10.10200125,8.402287142857148,16608.057444444443,10862.142124999998,-1852.6947142857132,1586.3428535821477,1335.4898208229497,1407.4220889898934,1.4533335184166665,-0.81749979178125,-1.8000031906071416,0.0017927326050429,0.080111622702332,-0.0715153447253458,0.0706327430403743,0.0029227992626939,-0.0157108873136157,-0.0398517801809467,1012.3197766666964,,,,,,,,,,,,,,,,,,
1996,NLD,0.0,654966.875,274154.9688,514989.0,6.15,2.9975,160.341,0.7134189999999999,116.7583,36250.73,19247.868211938017,0,0,0,587127.875,529174.6875,488943.75,231115.1875,200306.6563,175239.4531,486566.0,466024.0,465084.0,6.89917,6.8625,6.36,4.3725,5.176667,6.854167,144.538,135.171,120.358,0.730925,0.7276940000000001,0.754013,114.3833,112.225,109.1667,41382.71,31475.44,24522.62,18696.697349290367,18222.90474286847,17823.66395224006,3.1525000000000003,2.52667,1.6858329999999997,-0.494167,0.1095161746564077,0.1538068268378358,0.0440792748871302,0.0692974084677928,0.0259998399326163,0.1155438242478268,0.0842622367931803,0.0243240513550921,55602.25625000002,41910.168750000026,195424.81561000005,152746.2534555556,126579.73045000005,89943.26872999998,65705.26392222222,45717.81831250001,118859.8,109242.0,121839.75,-0.3684130000000003,-0.4500922222222216,-1.0716662499999998,-2.5172501665750007,-1.9034257406388884,-0.2541664582187497,43.42027,37.836966666666655,25.90196250000001,0.0068924999999999,0.0040683333333334,0.03418575,12.992371000000006,12.037856666666656,10.10200125,24854.5217,16608.057444444443,10862.142124999998,1901.5011746458292,1586.3428535821477,1335.4898208229497,2.1488371665750003,1.4533335184166665,-0.81749979178125,0.0288283940457105,0.0819717265404244,-0.0215110606914227,0.0090075745231601,0.0061984044845123,0.0034589059574035,-0.0238217660589256,11899.699555714302,,,,,,,,,,,,,,,,,,
1997,NLD,0.0,756267.0,327661.2813,553239.0,5.57583,3.334167,179.227,0.6576500000000001,118.92444872588332,48931.41,19972.661248209955,0,0,0,654966.875,587127.875,529174.6875,274154.9688,231115.1875,200306.6563,514989.0,486566.0,466024.0,6.15,6.89917,6.8625,2.9975,4.3725,5.176667,160.341,144.538,135.171,0.7134189999999999,0.730925,0.7276940000000001,116.7583,114.3833,112.225,36250.73,41382.71,31475.44,19247.868211938017,18696.697349290367,18222.90474286847,2.241663,3.1525000000000003,2.52667,1.6858329999999997,0.1155438242478267,0.1862265382278262,0.0584155078653255,0.1093345694557832,0.0294795841399534,0.1546645011627496,0.102447106536101,0.0177222269640918,74911.59375000003,55602.25625000002,245497.92328181825,195424.81561000005,152746.2534555556,124806.3892363636,89943.26872999998,65705.26392222222,136477.36363636365,118859.8,109242.0,-1.084090909090909,-0.3684130000000003,-0.4500922222222216,-3.663409242340909,-2.5172501665750007,-1.9034257406388884,55.27597272727273,43.42027,37.836966666666655,-0.011240090909091,0.0068924999999999,0.0040683333333334,14.186246363636371,12.992371000000006,12.037856666666656,17463.03972727273,24854.5217,16608.057444444443,2279.808294143859,1901.5011746458292,1586.3428535821477,2.5793183332500003,2.1488371665750003,1.4533335184166665,0.0319732042325585,0.1061942652763723,-0.0050237216440851,0.0481439780588345,0.0090583082433981,0.0212594528161683,-0.0277767275544898,24104.32461125001,,,,,,,,,,,,,,,,,,
1998,NLD,0.0,891737.875,454049.25,653311.8666000001,4.63,3.455,198.885,0.62665,121.04649418874943,25849.99,20630.887383207628,0,0,0,756267.0,654966.875,587127.875,327661.2813,274154.9688,231115.1875,553239.0,514989.0,486566.0,5.57583,6.15,6.89917,3.334167,2.9975,4.3725,179.227,160.341,144.538,0.6576500000000001,0.7134189999999999,0.730925,118.92444872588332,116.7583,114.3833,48931.41,36250.73,41382.71,19972.661248209955,19247.868211938017,18696.697349290367,1.1749999999999998,2.241663,3.1525000000000003,2.52667,0.1546645011627496,0.1951681296684198,0.074273431082994,0.1177864675909467,0.0376557563825381,0.17913101457554,0.1265748333556614,0.0245123482766066,101513.0125,74911.59375000003,326339.88800833334,245497.92328181825,195424.81561000005,167912.16929999998,124806.3892363636,89943.26872999998,163354.25,136477.36363636365,118859.8,-1.56792,-1.084090909090909,-0.3684130000000003,-3.0214581388125,-3.663409242340909,-2.5172501665750007,69.55564166666667,55.27597272727273,43.42027,-0.0660724166666665,-0.011240090909091,0.0068924999999999,15.170207892549996,14.186246363636371,12.992371000000006,28688.46641666667,17463.03972727273,24854.5217,2814.6173059038083,2279.808294143859,1901.5011746458292,1.4535381388125002,2.5793183332500003,2.1488371665750003,0.0681872262172487,0.1054818326009321,0.0112909035412273,0.0522191509159221,0.0164109979184012,0.0432612343541118,-0.018208933486526,40735.403821111126,,,,,,,,,,,,,,,,,,
1999,NLD,0.0,1020355.1875,533853.0,705207.03339,4.62917,2.9635,231.261,0.585654,123.51118807967228,31317.454344852,21456.94928037366,0,0,0,891737.875,756267.0,654966.875,454049.25,327661.2813,274154.9688,653311.8666000001,553239.0,514989.0,4.63,5.57583,6.15,3.455,3.334167,2.9975,198.885,179.227,160.341,0.62665,0.6576500000000001,0.7134189999999999,121.04649418874943,118.92444872588332,116.7583,25849.99,48931.41,36250.73,20630.887383207628,19972.661248209955,19247.868211938017,1.6656700000000004,1.1749999999999998,2.241663,3.1525000000000003,0.1791310145755401,0.385727505546442,0.1808854158871664,0.1096821349461854,0.0329563560317564,0.1442321965970101,0.1497797799953721,0.0320737909999032,123163.58125000002,101513.0125,436707.6947,326339.88800833334,245497.92328181825,281383.81728461536,167912.16929999998,124806.3892363636,250861.4050615385,163354.25,136477.36363636365,-2.3931407692307696,-1.56792,-1.084090909090909,-2.668205281980769,-3.0214581388125,-3.663409242340909,83.86320769230768,69.55564166666667,55.27597272727273,-0.091989923076923,-0.0660724166666665,-0.011240090909091,16.125314286758424,15.170207892549996,14.186246363636371,3400.241307692308,28688.46641666667,17463.03972727273,3256.334417370417,2814.6173059038083,2279.808294143859,0.2750645127499997,1.4535381388125002,2.5793183332500003,0.0869714707786018,0.2872510557622099,0.1169619797169641,0.0397632223615007,0.0103440144077527,0.0625333415070852,-0.0089921331735452,63263.28218899998,,,,,,,,,,,,,,,,,,
2000,NLD,0.0,1169235.625,650489.3125,778030.8340500001,5.40417,4.391767,273.274,0.520653,126.41182576272664,17764.18572068985,22148.200835821048,0,0,0,1020355.1875,891737.875,756267.0,533853.0,454049.25,327661.2813,705207.03339,653311.8666000001,553239.0,4.62917,4.63,5.57583,2.9635,3.455,3.334167,231.261,198.885,179.227,0.585654,0.62665,0.6576500000000001,123.51118807967228,121.04649418874943,118.92444872588332,31317.454344852,25849.99,48931.41,21456.94928037366,20630.887383207628,19972.661248209955,1.012403,1.6656700000000004,1.1749999999999998,2.241663,0.1442321965970101,0.175760118533397,0.0794339877217836,0.1627875405385021,0.040040056533797,0.145910403871005,0.1593425707784332,0.0179135458681839,136752.31875,123163.58125000002,534131.6004357142,436707.6947,326339.88800833334,341088.7231928571,281383.81728461536,167912.16929999998,284837.90006142855,250861.4050615385,163354.25,-2.223032142857143,-2.3931407692307696,-1.56792,-2.969119190410714,-2.668205281980769,-3.0214581388125,110.24897857142857,83.86320769230768,69.55564166666667,-0.1264152142857142,-0.091989923076923,-0.0660724166666665,17.438200014341362,16.125314286758424,15.170207892549996,8624.831273423428,3400.241307692308,28688.46641666667,3849.8009990099927,3256.334417370417,2814.6173059038083,0.7460870475535719,0.2750645127499997,1.4535381388125002,0.0453825396632563,0.0551874336905333,0.0065134761887379,0.0898099185413942,0.0166320214938123,0.0668850204978892,-0.0224030338741358,79162.64346727272,,,,,,,,,,,,,,,,,,
2001,NLD,0.0,1256220.5,727610.1875,863063.18811,4.9575,4.261783,303.723,0.494398,132.87465007409344,24156.21456450315,22410.665063147902,0,0,0,1169235.625,1020355.1875,891737.875,650489.3125,533853.0,454049.25,778030.8340500001,705207.03339,653311.8666000001,5.40417,4.62917,4.63,4.391767,2.9635,3.455,273.274,231.261,198.885,0.520653,0.585654,0.62665,126.41182576272664,123.51118807967228,121.04649418874943,17764.18572068985,31317.454344852,25849.99,22148.200835821048,21456.94928037366,20630.887383207628,0.6957169999999993,1.012403,1.6656700000000004,1.1749999999999998,0.1459104038710049,0.2184802042884464,0.1032658456480912,0.181669196276069,0.0322157426209542,0.0743946499235344,0.1564245383478517,0.0196822798964589,124232.83125,136752.31875,647403.2645733333,534131.6004357142,436707.6947,434985.78748,341088.7231928571,281383.81728461536,338672.50738400006,284837.90006142855,250861.4050615385,-1.29983,-2.223032142857143,-2.3931407692307696,-1.3429109110499995,-2.969119190410714,-2.668205281980769,144.91204666666667,110.24897857142857,83.86320769230768,-0.1829885333333333,-0.1264152142857142,-0.091989923076923,19.17629102977297,17.438200014341362,16.125314286758424,-5503.426102300284,8624.831273423428,3400.241307692308,4284.39915452338,3849.8009990099927,3256.334417370417,0.04308091105,0.7460870475535719,0.2750645127499997,0.0438191369613043,0.093965559896259,0.02988008581585,0.102276580097433,0.0076197060456972,0.0588219864905469,-0.0189109895478503,86154.49401166665,,,,,,,0.050988,0.042396,1.0,,,,,,,,,
2002,NLD,0.0,1349728.25,777613.5625,912254.40273,4.88917,3.318592,323.38,0.487843,137.9923248634356,25581.73688580132,22290.725277232385,0,0,0,1256220.5,1169235.625,1020355.1875,727610.1875,650489.3125,533853.0,863063.18811,778030.8340500001,705207.03339,4.9575,5.40417,4.62917,4.261783,4.391767,2.9635,303.723,273.274,231.261,0.494398,0.520653,0.585654,132.87465007409344,126.41182576272664,123.51118807967228,24156.21456450315,17764.18572068985,31317.454344852,22410.665063147902,22148.200835821048,21456.94928037366,1.5705779999999998,0.6957169999999993,1.012403,1.6656700000000004,0.0743946499235344,0.1185582507168401,0.1092917534095253,0.1114229674246361,0.0118503633442932,0.074435777795379,0.1215124167971832,0.0408138096884285,107510.40624999996,124232.83125,693925.4355375,647403.2645733333,534131.6004357142,484920.0507625,434985.78748,341088.7231928571,402537.8297325,338672.50738400006,284837.90006142855,-1.6652606250000002,-1.29983,-2.223032142857143,-1.3889629791093745,-1.3429109110499995,-2.969119190410714,166.30404375,144.91204666666667,110.24897857142857,-0.19780675,-0.1829885333333333,-0.1264152142857142,24.44059715177896,19.17629102977297,17.438200014341362,1232.5668729067838,-5503.426102300284,8624.831273423428,4279.088434692527,4284.39915452338,3849.8009990099927,-0.2762976458906258,0.04308091105,0.7460870475535719,-0.0306178927835864,-0.0122207643350978,0.0339139878562274,0.0252119125728378,-0.0132536536340102,0.0197082944762679,0.0035713252118228,67007.73774153844,0.020265,0.134962,1.0,0.022264,0.126389,1.0,0.033495,0.35635,1.0,,,,,,,0.050988,,
2003,NLD,0.0,1454671.125,846856.5625,997176.57129,4.1225,2.333467,334.943,0.499782,141.06598303986522,54994.04776395738,22267.40797664349,0,0,0,1349728.25,1256220.5,1169235.625,777613.5625,727610.1875,650489.3125,912254.40273,863063.18811,778030.8340500001,4.88917,4.9575,5.40417,3.318592,4.261783,4.391767,323.38,303.723,273.274,0.487843,0.494398,0.520653,137.9923248634356,132.87465007409344,126.41182576272664,25581.73688580132,24156.21456450315,17764.18572068985,22290.725277232385,22410.665063147902,22148.200835821048,1.7890329999999994,1.5705779999999998,0.6957169999999993,1.012403,0.074435777795379,0.0687227527308363,0.0569960754875,0.0647201561949538,-0.0053519065845462,0.0777511139742388,0.0982469438633061,0.0412777723212456,94981.42499999992,107510.40624999996,746614.0422705882,693925.4355375,647403.2645733333,506398.7168941177,484920.0507625,434985.78748,428050.3484858824,402537.8297325,338672.50738400006,-1.6356341176470588,-1.6652606250000002,-1.29983,-2.2504502744558823,-1.3889629791093745,-1.3429109110499995,176.17845294117646,166.30404375,144.91204666666667,-0.1927260588235294,-0.19780675,-0.1829885333333333,28.120589755722364,24.44059715177896,19.17629102977297,2585.5852605045548,1232.5668729067838,-5503.426102300284,3907.4375643833264,4279.088434692527,4284.39915452338,0.6148161568088233,-0.2762976458906258,0.04308091105,-0.0286631466127677,-0.061292464550158,-0.0205013143068121,-0.0230666431926467,-0.029627570210724,-0.0048710647560269,0.0037971994971851,45499.045759999965,,,,,,,,,,0.020265,,,0.022264,,,0.033495,0.050988,
2004,NLD,0.0,1596017.125,931242.0,1056877.2789,4.09417,2.106333,349.205,0.5028320000000001,143.01670428870295,78467.26934637241,22695.82597212556,0,0,0,1454671.125,1349728.25,1256220.5,846856.5625,777613.5625,727610.1875,997176.57129,912254.40273,863063.18811,4.1225,4.88917,4.9575,2.333467,3.318592,4.261783,334.943,323.38,303.723,0.499782,0.487843,0.494398,141.06598303986522,137.9923248634356,132.87465007409344,54994.04776395738,25581.73688580132,24156.21456450315,22267.40797664349,22290.725277232385,22410.665063147902,1.9878370000000003,1.7890329999999994,1.5705779999999998,0.6957169999999993,0.0777511139742389,0.0890455148150788,0.0930904452813416,0.0357566949100129,-0.0010460539214804,0.0971669799247578,0.075527180564384,0.0019260926078628,112433.27500000008,94981.42499999992,810078.3593666666,746614.0422705882,693925.4355375,547508.4548444445,506398.7168941177,484920.0507625,489191.94213,428050.3484858824,402537.8297325,-2.311435555555556,-1.6356341176470588,-1.6652606250000002,-3.1105502592083334,-2.2504502744558823,-1.3889629791093745,177.95376111111108,176.17845294117646,166.30404375,-0.1700800555555555,-0.1927260588235294,-0.19780675,29.631992945722946,28.120589755722364,24.44059715177896,31854.25251307703,2585.5852605045548,1232.5668729067838,3667.0403991064704,3907.4375643833264,4279.088434692527,0.7991147036527773,0.6148161568088233,-0.2762976458906258,-0.023661742986098,-0.0373642633747297,0.016799015152136,-0.0506732431133143,-0.0235789192999686,-0.0272863865076973,-0.0357918051847717,29936.794792666587,,,,,,,,,,,0.020265,,,0.022264,,,0.033495,0.050988
2005,NLD,0.0,1744842.5,1032304.625,1171943.99655,3.37417,2.184683,363.08,0.497986,145.14892742764997,73584.67737466801,23113.73626980998,0,0,1,1596017.125,1454671.125,1349728.25,931242.0,846856.5625,777613.5625,1056877.2789,997176.57129,912254.40273,4.09417,4.1225,4.88917,2.106333,2.333467,3.318592,349.205,334.943,323.38,0.5028320000000001,0.499782,0.487843,143.01670428870295,141.06598303986522,137.9923248634356,78467.26934637241,54994.04776395738,25581.73688580132,22695.82597212556,22267.40797664349,22290.725277232385,1.1894869999999995,1.9878370000000003,1.7890329999999994,1.5705779999999998,0.0971669799247579,0.0996454904368766,0.0598697455684985,0.0425803793481278,0.0192396886036956,0.0932479812834088,0.0831179572314585,0.0122792158736763,132668.87500000003,112433.27500000008,908788.6562421052,810078.3593666666,746614.0422705882,603077.6578789474,547508.4548444445,506398.7168941177,523145.7054173685,489191.94213,428050.3484858824,-2.2181110526315786,-2.311435555555556,-1.6356341176470588,-3.173971087671053,-3.1105502592083334,-2.2504502744558823,182.8497736842105,177.95376111111108,176.17845294117646,-0.1580784736842104,-0.1700800555555555,-0.1927260588235294,30.02313561847002,29.631992945722946,28.120589755722364,53650.93448954064,31854.25251307703,2585.5852605045548,3902.456268319776,3667.0403991064704,3907.4375643833264,0.955860035039474,0.7991147036527773,0.6148161568088233,-0.0029313357585735,-0.0246884953432247,-0.0173549631802701,-0.0410343785022374,-0.0019832368136832,-0.0180905282813465,-0.0233332816139717,45517.59511812506,,,,,,,,,,,,0.020265,,,0.022264,,,0.033495
2006,NLD,0.0,1821474.25,1043741.9375,1341506.25879,3.78083,3.079225,379.654,0.45194,147.547466424047,100326.240734472,23867.010778434294,0,1,1,1744842.5,1596017.125,1454671.125,1032304.625,931242.0,846856.5625,1171943.99655,1056877.2789,997176.57129,3.37417,4.09417,4.1225,2.184683,2.106333,2.333467,363.08,349.205,334.943,0.497986,0.5028320000000001,0.499782,145.14892742764997,143.01670428870295,141.06598303986522,73584.67737466801,78467.26934637241,54994.04776395738,23113.73626980998,22695.82597212556,22267.40797664349,0.7016049999999998,1.1894869999999995,1.9878370000000003,1.7890329999999994,0.0932479812834088,0.1085245564525655,0.1088742467524343,0.0397331080597356,0.0184135311135045,0.0439190070163926,0.0893886917274685,0.0102671587871024,124923.47500000002,132668.87500000003,1012174.59843,908788.6562421052,810078.3593666666,673986.399985,603077.6578789474,547508.4548444445,612055.1377965,523145.7054173685,489191.94213,-2.8272055,-2.2181110526315786,-2.311435555555556,-2.9369225332875,-3.173971087671053,-3.1105502592083334,187.582285,182.8497736842105,177.95376111111108,-0.1550205499999999,-0.1580784736842104,-0.1700800555555555,30.65420197649351,30.02313561847002,29.631992945722946,46085.79579335921,53650.93448954064,31854.25251307703,4125.243752588209,3902.456268319776,3667.0403991064704,0.1097170332874999,0.955860035039474,0.7991147036527773,-0.006696053570524,-0.0145100348357872,0.0325629571184168,-0.0417219456589329,-0.0027050134189435,-0.0108147644363729,-0.0240490452775471,63075.6895229412,,,,,,,,,,,,,,,,,,
2007,NLD,0.0,1908512.0,1054944.0,1408554.13554,4.28667,4.277608,395.457,0.429812,149.88833192265227,80481.30505704,24756.362436510317,1,1,1,1821474.25,1744842.5,1596017.125,1043741.9375,1032304.625,931242.0,1341506.25879,1171943.99655,1056877.2789,3.78083,3.37417,4.09417,3.079225,2.184683,2.106333,379.654,363.08,349.205,0.45194,0.497986,0.5028320000000001,147.547466424047,145.14892742764997,143.01670428870295,100326.240734472,73584.67737466801,78467.26934637241,23867.010778434294,23113.73626980998,22695.82597212556,0.0090620000000001,0.7016049999999998,1.1894869999999995,1.9878370000000003,0.0439190070163926,0.0110793967429914,0.1446846118408063,0.0456483419632037,0.0325899067044478,0.0477842330189406,0.0781113227415197,0.0296761769534555,101411.6375000001,124923.47500000002,1040607.5580285714,1012174.59843,908788.6562421052,653329.1220095239,673986.399985,603077.6578789474,752471.9172842858,612055.1377965,523145.7054173685,-2.285916666666667,-2.8272055,-2.2181110526315786,-1.9025270793214288,-2.9369225332875,-3.173971087671053,195.22379523809525,187.582285,182.8497736842105,-0.1936846190476191,-0.1550205499999999,-0.1580784736842104,31.59301706924802,30.65420197649351,30.02313561847002,70632.79744871752,46085.79579335921,53650.93448954064,4682.078082517852,4125.243752588209,3902.456268319776,-0.3833895873452382,0.1097170332874999,0.955860035039474,-0.055690225159014,-0.1112296928035719,0.0667451743508679,-0.0337206144725182,0.0116066128429469,-0.0215229352940915,-0.0033742878860599,51826.08454944445,,,,,,,,,,,,,,,,,,
2008,NLD,1.0,1961015.375,1052034.25,1469259.73491,4.2275,4.634233,407.02,0.546867,153.20625432502325,70826.9147494428,25112.311527597078,0,0,0,1908512.0,1821474.25,1744842.5,1054944.0,1043741.9375,1032304.625,1408554.13554,1341506.25879,1171943.99655,4.28667,3.78083,3.37417,4.277608,3.079225,2.184683,395.457,379.654,363.08,0.429812,0.45194,0.497986,149.88833192265227,147.547466424047,145.14892742764997,80481.30505704,100326.240734472,73584.67737466801,24756.362436510317,23867.010778434294,23113.73626980998,-0.406733,0.0090620000000001,0.7016049999999998,1.1894869999999995,0.0477842330189405,0.0107325978745584,0.0499795482210236,0.0416247425287235,0.0372628003704432,0.0275101099704901,0.0616504071062473,0.0274324627662849,73555.63749999997,101411.6375000001,1080344.9644818185,1040607.5580285714,1012174.59843,634834.4062363636,653329.1220095239,673986.399985,785316.5250668181,752471.9172842858,612055.1377965,-1.6761713636363638,-2.285916666666667,-2.8272055,-0.6176655757159093,-1.9025270793214288,-2.9369225332875,202.1529863636364,195.22379523809525,187.582285,-0.2070087727272726,-0.1936846190476191,-0.1550205499999999,32.4978363374329,31.59301706924802,30.65420197649351,47577.28006907108,70632.79744871752,46085.79579335921,5358.608009570329,4682.078082517852,4125.243752588209,-1.0585057879204542,-0.3833895873452382,0.1097170332874999,-0.0491730836727035,-0.1062798396337396,-0.0311382309046704,-0.036138470360688,0.0157268106592782,-0.0369077041646593,-0.0054492876789275,25586.558388947466,,,,,,,,,,,,,,,,,,
2009,NLD,0.0,2071416.875,1059769.375,1494794.12268,3.68667,1.228358,393.144,0.56767,154.6955875915272,74562.95603085302,24073.41548408792,0,0,0,1961015.375,1908512.0,1821474.25,1052034.25,1054944.0,1043741.9375,1469259.73491,1408554.13554,1341506.25879,4.2275,4.28667,3.78083,4.634233,4.277608,3.079225,407.02,395.457,379.654,0.546867,0.429812,0.45194,153.20625432502325,149.88833192265227,147.547466424047,70826.9147494428,80481.30505704,100326.240734472,25112.311527597078,24756.362436510317,23867.010778434294,2.458312,-0.406733,0.0090620000000001,0.7016049999999998,0.0275101099704901,-0.0027582032790366,0.043097810611821,0.0292395886278406,0.0143780853103771,0.0562981307578989,0.0397377833352744,0.0107643852564643,80233.12499999993,73555.63749999997,1085876.8192869565,1080344.9644818185,1040607.5580285714,604323.1603130435,634834.4062363636,653329.1220095239,811877.9276947827,785316.5250668181,752471.9172842858,-1.662464347826087,-1.6761713636363638,-2.285916666666667,-0.2341855506847823,-0.6176655757159093,-1.9025270793214288,204.9267260869565,202.1529863636364,195.22379523809525,-0.0809533913043478,-0.2070087727272726,-0.1936846190476191,34.40280933382856,32.4978363374329,31.59301706924802,35854.31236716645,47577.28006907108,70632.79744871752,5481.574143719248,5358.608009570329,4682.078082517852,-1.4282787971413042,-1.0585057879204542,-0.3833895873452382,-0.0672120665542129,-0.114939738985801,-0.0366045943818425,-0.0468809665179032,-0.0078727594307551,-0.0570628182135055,-0.0218578752992754,-3548.7695305000525,,,,,,,,,,,,,,,,,,
2010,NLD,0.0,2015938.5,1012177.25,1546382.97378,2.99167,0.8109583,385.435,0.592468,156.1340324776267,97671.1302266118,24302.61795851416,0,0,0,2071416.875,1961015.375,1908512.0,1059769.375,1052034.25,1054944.0,1494794.12268,1469259.73491,1408554.13554,3.68667,4.2275,4.28667,1.228358,4.634233,4.277608,393.144,407.02,395.457,0.56767,0.546867,0.429812,154.6955875915272,153.20625432502325,149.88833192265227,74562.95603085302,70826.9147494428,80481.30505704,24073.41548408792,25112.311527597078,24756.362436510317,2.1807117,2.458312,-0.406733,0.0090620000000001,0.0562981307578988,0.0073525410413206,0.0173790836046861,-0.0340916908260035,-0.0413699886753739,-0.0267828150236537,0.0438641579157765,0.0147889410312201,43268.10000000044,80233.12499999993,1151033.4518166669,1085876.8192869565,1080344.9644818185,586878.1536333333,604323.1603130435,634834.4062363636,803584.0684775,811877.9276947827,785316.5250668181,-2.134025,-1.662464347826087,-1.6761713636363638,-3.63030281940625,-0.2341855506847823,-0.6176655757159093,182.51211250000003,204.9267260869565,202.1529863636364,-0.0567773333333333,-0.0809533913043478,-0.2070087727272726,34.458692211422985,34.40280933382856,32.4978363374329,38096.42396661139,35854.31236716645,47577.28006907108,4214.279177555127,5481.574143719248,5358.608009570329,1.49627781940625,-1.4282787971413042,-1.0585057879204542,-0.0355017820035775,-0.0998316147095393,-0.060731817285419,-0.1081739430796648,-0.0632785395282125,-0.0503426791687532,-0.0168397797381889,3297.7069947618147,,,,,,,,,,,,,,,,,,
2011,NLD,0.0,2088733.625,1043289.1875,1602681.15315,2.98917,1.3906,376.185,0.616956,159.98967543293818,122323.84463181152,24563.92656391644,0,0,0,2015938.5,2071416.875,1961015.375,1012177.25,1059769.375,1052034.25,1546382.97378,1494794.12268,1469259.73491,2.99167,3.68667,4.2275,0.8109583,1.228358,4.634233,385.435,393.144,407.02,0.592468,0.56767,0.546867,156.1340324776267,154.6955875915272,153.20625432502325,97671.1302266118,74562.95603085302,70826.9147494428,24302.61795851416,24073.41548408792,25112.311527597078,1.59857,2.1807117,2.458312,-0.406733,-0.0267828150236537,-0.0449080017999199,0.0345123454242026,-0.0196085912540951,0.0095209786321238,0.0361097945200212,0.0190084752349117,0.042187903869145,32767.63750000001,43268.10000000044,1049513.738744,1151033.4518166669,1085876.8192869565,515810.902488,586878.1536333333,604323.1603130435,823029.5568384001,803584.0684775,811877.9276947827,-2.743664,-2.134025,-1.662464347826087,-3.90249040663,-3.63030281940625,-0.2341855506847823,167.50262800000002,182.51211250000003,204.9267260869565,-0.02970824,-0.0567773333333333,-0.0809533913043478,34.51878940906556,34.458692211422985,34.40280933382856,59680.74120370574,38096.42396661139,35854.31236716645,4274.910484879161,4214.279177555127,5481.574143719248,1.1588264066299998,1.49627781940625,-1.4282787971413042,-0.1171034868683144,-0.1479325069378824,-0.04106806307901,-0.089183595879437,-0.0097509664070391,-0.0730095497118461,0.0112913474361788,-33817.21377772686,,,,,,,,,,,,,,,,,,
2012,NLD,0.0,2153439.0,1076003.25,1645029.84822,1.93275,0.5731834,352.673,0.6621389999999999,164.50008221612043,146686.32893148842,24202.269173236706,0,0,0,2088733.625,2015938.5,2071416.875,1043289.1875,1012177.25,1059769.375,1602681.15315,1546382.97378,1494794.12268,2.98917,2.99167,3.68667,1.3906,0.8109583,1.228358,376.185,385.435,393.144,0.616956,0.592468,0.56767,159.98967543293818,156.1340324776267,154.6955875915272,122323.84463181152,97671.1302266118,74562.95603085302,24563.92656391644,24302.61795851416,24073.41548408792,1.3595666,1.59857,2.1807117,2.458312,0.0361097945200213,0.0307376376025049,0.0364063626699044,-0.0239988584326799,0.0107522821552948,0.0309782799613809,0.0218750367514221,0.0433310758525258,31886.150000000205,32767.63750000001,1081942.950715385,1049513.738744,1151033.4518166669,527083.9591230769,515810.902488,586878.1536333333,847672.7532530769,823029.5568384001,803584.0684775,-2.6406384615384613,-2.743664,-2.134025,-3.1727529217596158,-3.90249040663,-3.63030281940625,151.81021923076923,167.50262800000002,182.51211250000003,-0.0040776153846154,-0.02970824,-0.0567773333333333,37.04678661787452,34.51878940906556,34.458692211422985,82038.04248568599,59680.74120370574,38096.42396661139,4371.799456247623,4274.910484879161,4214.279177555127,0.532114460221154,1.1588264066299998,1.49627781940625,-0.0495267378499067,-0.0663695672579423,-0.0375313233101478,-0.0900065192228443,-0.0081296242275866,-0.0671009236240088,0.0119640466097189,-42847.3626352174,,,,,,,,,,,,,,,,,,
2013,NLD,0.0,2096600.875,1073760.562323,1633768.89012,1.96133333333333,0.2206667,331.46248605795506,0.676557,168.70346243752908,141922.77416785227,24100.634782114583,0,0,0,2153439.0,2088733.625,2015938.5,1076003.25,1043289.1875,1012177.25,1645029.84822,1602681.15315,1546382.97378,1.93275,2.98917,2.99167,0.5731834,1.3906,0.8109583,352.673,376.185,385.435,0.6621389999999999,0.616956,0.592468,164.50008221612043,159.98967543293818,156.1340324776267,146686.32893148842,122323.84463181152,97671.1302266118,24202.269173236706,24563.92656391644,24302.61795851416,1.74066663333333,1.3595666,1.59857,2.1807117,0.0309782799613809,0.0313566582419891,0.0264236557513422,-0.0625011629916131,-0.0147231099123621,-0.0263941188954039,0.0134350864859161,0.0349241007298897,30669.25000000006,31886.150000000205,1106576.3645777777,1081942.950715385,1049513.738744,540276.3935074074,527083.9591230769,515810.902488,858626.1611655555,847672.7532530769,823029.5568384001,-3.5992570370370376,-2.6406384615384613,-2.743664,-3.8726601542870367,-3.1727529217596158,-3.90249040663,122.67561851851852,151.81021923076923,167.50262800000002,0.0412564074074073,-0.0040776153846154,-0.02970824,40.18509019298735,37.04678661787452,34.51878940906556,103362.08076737451,82038.04248568599,59680.74120370574,3848.22356718835,4371.799456247623,4274.910484879161,0.27340311725,0.532114460221154,1.1588264066299998,-0.0527533778758584,-0.0631978709546911,-0.0460705177937043,-0.1250470345808988,-0.0332923384403364,-0.0728568369445545,0.003078509622694,-41943.54335874982,,,,,,,,,,,,,,,,,,
2014,NLD,0.0,2068864.9851,1081315.761687,1637451.28953,1.45425,0.2099333,334.23333233639147,0.6784680000000001,169.24457554916322,120939.34740667198,24371.63199531745,0,0,0,2096600.875,2153439.0,2088733.625,1073760.562323,1076003.25,1043289.1875,1633768.89012,1645029.84822,1602681.15315,1.96133333333333,1.93275,2.98917,0.2206667,0.5731834,1.3906,331.46248605795506,352.673,376.185,0.676557,0.6621389999999999,0.616956,168.70346243752908,164.50008221612043,159.98967543293818,141922.77416785227,146686.32893148842,122323.84463181152,24100.634782114583,24202.269173236706,24563.92656391644,1.2443167000000002,1.74066663333333,1.3595666,1.59857,-0.026394118895404,-0.002084275932252,-0.006845443024748,-0.0601421541826137,-0.0041993744633875,-0.0132289794546612,0.0135646518619994,0.0347002972717587,-11644.404469999909,30669.25000000006,1010217.6551285714,1106576.3645777777,1081942.950715385,518738.1203480001,540276.3935074074,527083.9591230769,816699.9830239287,858626.1611655555,847672.7532530769,-3.442128809523813,-3.5992570370370376,-2.6406384615384613,-4.0868675630625,-3.8726601542870367,-3.1727529217596158,97.08383248652652,122.67561851851852,151.81021923076923,0.0542009642857141,0.0412564074074073,-0.0040776153846154,42.9532886217893,40.18509019298735,37.04678661787452,94907.02311918928,103362.08076737451,82038.04248568599,3609.1526200952176,3848.22356718835,4371.799456247623,0.6447387535386873,0.27340311725,0.532114460221154,-0.1081719479224264,-0.0942981432417215,-0.0776333010959537,-0.118056654120755,-0.0215355534194975,-0.0699250855321422,0.0027363019483055,-41482.70162439998,,,,0.066086,0.181361,1.0,,,,,,,,,,,,
2015,NLD,0.0,2001953.73837,1113923.177073,1812291.437,0.690166666666667,-0.01936667,346.3557848045507,0.6463209999999999,169.6160607261158,95842.0016957304,24743.873982589957,0,0,0,2068864.9851,2096600.875,2153439.0,1081315.761687,1073760.562323,1076003.25,1637451.28953,1633768.89012,1645029.84822,1.45425,1.96133333333333,1.93275,0.2099333,0.2206667,0.5731834,334.23333233639147,331.46248605795506,352.673,0.6784680000000001,0.676557,0.6621389999999999,169.24457554916322,168.70346243752908,164.50008221612043,120939.34740667198,141922.77416785227,146686.32893148842,24371.63199531745,24100.634782114583,24202.269173236706,0.7095333366666671,1.2443167000000002,1.74066663333333,1.3595666,-0.0132289794546612,0.0070362049316235,0.0022539292015343,0.0083594566353187,0.0112444014712831,-0.0323420074349442,-0.0028816061295614,0.0300532716803386,-48219.16747899977,-11644.404469999909,947646.673672414,1010217.6551285714,1106576.3645777777,508405.7983206897,518738.1203480001,540276.3935074074,792220.3140537931,816699.9830239287,858626.1611655555,-3.830518045977011,-3.442128809523813,-3.5992570370370376,-3.9566744953706894,-4.0868675630625,-3.8726601542870367,96.50696040335856,97.08383248652652,122.67561851851852,0.0542429655172413,0.0542009642857141,0.0412564074074073,42.013253849913454,42.9532886217893,40.18509019298735,70650.94038838177,94907.02311918928,103362.08076737451,3755.696294674108,3609.1526200952176,3848.22356718835,0.1261564493936786,0.6447387535386873,0.27340311725,-0.0911435246273112,-0.0818098715477844,-0.0657613109733873,-0.0453387342270813,-0.0053226505769876,-0.0837815255410311,-0.0020120681597183,-82200.86757038457,,,,,,,,,,,,,0.066086,,,,,
2016,NLD,0.0,2011365.78378,1158354.378093,1853985.63,0.292083333333333,-0.26369167,363.8519472739526,0.6192770000000001,169.8026514542655,125923.39587288092,25169.442484773517,0,0,0,2001953.73837,2068864.9851,2096600.875,1113923.177073,1081315.761687,1073760.562323,1812291.437,1637451.28953,1633768.89012,0.690166666666667,1.45425,1.96133333333333,-0.01936667,0.2099333,0.2206667,346.3557848045507,334.23333233639147,331.46248605795506,0.6463209999999999,0.6784680000000001,0.676557,169.6160607261158,169.24457554916322,168.70346243752908,95842.0016957304,120939.34740667198,141922.77416785227,24743.873982589957,24371.63199531745,24100.634782114583,0.555775003333333,0.7095333366666671,1.2443167000000002,1.74066663333333,-0.0323420074349442,0.0301553131299297,0.1067757853854599,0.0362694300518133,0.0152735765640981,0.0047014300228851,-0.0239883685950031,0.0097809859178244,-32261.652039,-48219.16747899977,849147.204486667,947646.673672414,1010217.6551285714,524066.3537626666,508405.7983206897,518738.1203480001,940653.117722,792220.3140537931,816699.9830239287,-4.466917444444444,-3.830518045977011,-3.442128809523813,-4.0540853155250005,-3.9566744953706894,-4.0868675630625,105.41251419140582,96.50696040335856,97.08383248652652,0.0202878666666666,0.0542429655172413,0.0542009642857141,40.98429723186891,42.013253849913454,42.9532886217893,43198.5633311608,70650.94038838177,94907.02311918928,4002.748405457478,3755.696294674108,3609.1526200952176,-0.4128321289194437,0.1261564493936786,0.6447387535386873,-0.1071136724480317,-0.0558697332961063,0.0410281766234137,-0.0158653561820667,-0.0011099358091041,-0.1018960906657217,-0.0222124943450997,-115731.15400270352,,,,,,,,,,,,,,0.066086,,,,
2017,NLD,0.0,2114071.89204,1294646.56935,1875879.48927,0.5220833,-0.32905,391.3067044459473,0.569409,172.0078146051256,176118.44806412823,25746.85031827206,0,0,0,2011365.78378,2001953.73837,2068864.9851,1158354.378093,1113923.177073,1081315.761687,1853985.63,1812291.437,1637451.28953,0.292083333333333,0.690166666666667,1.45425,-0.26369167,-0.01936667,0.2099333,363.8519472739526,346.3557848045507,334.23333233639147,0.6192770000000001,0.6463209999999999,0.6784680000000001,169.8026514542655,169.6160607261158,169.24457554916322,125923.39587288092,95842.0016957304,120939.34740667198,25169.442484773517,24743.873982589957,24371.63199531745,0.8511333000000001,0.555775003333333,0.7095333366666671,1.2443167000000002,0.0047014300228851,0.0398871321959111,0.0230063400117472,0.050515,0.017198943968232,0.0510628693638122,-0.0136231856222401,0.0185248647376964,14503.27662299982,-32261.652039,831167.4045906451,849147.204486667,947646.673672414,551592.1885322582,524066.3537626666,508405.7983206897,952003.6617632256,940653.117722,792220.3140537931,-4.720906666666667,-4.466917444444444,-3.830518045977011,-4.1676333698629024,-4.0540853155250005,-3.9566744953706894,119.50827297721398,105.41251419140582,96.50696040335856,-0.0074105806451612,0.0202878666666666,0.0542429655172413,39.84881385576477,40.98429723186891,42.013253849913454,71886.45546537064,43198.5633311608,70650.94038838177,4299.195991335957,4002.748405457478,3755.696294674108,-0.5532732968037636,-0.4128321289194437,0.1261564493936786,-0.0664997792419347,-0.0442755897869214,-0.0441088746377461,-0.001090941027811,0.0008524294553332,-0.0880172493941407,-0.0127026674443623,-95640.3830626072,,,,,,,,,,,,,,,0.066086,,,
2018,NLD,0.0,2050226.00592,1262355.60672,1865469.16323,0.5766667,-0.3220917,428.2888433684532,0.524204,174.75592265124388,184925.80232570335,26201.964780269784,0,0,0,2114071.89204,2011365.78378,2001953.73837,1294646.56935,1158354.378093,1113923.177073,1875879.48927,1853985.63,1812291.437,0.5220833,0.292083333333333,0.690166666666667,-0.32905,-0.26369167,-0.01936667,391.3067044459473,363.8519472739526,346.3557848045507,0.569409,0.6192770000000001,0.6463209999999999,172.0078146051256,169.8026514542655,169.6160607261158,176118.44806412823,125923.39587288092,95842.0016957304,25746.85031827206,25169.442484773517,24743.873982589957,0.8987584,0.8511333000000001,0.555775003333333,0.7095333366666671,0.0510628693638122,0.1176601857208654,0.0118090771124262,0.0754558478460565,0.0229408273086642,-0.0302004328047665,0.0078074306505843,0.0417890990376484,24752.291091000065,14503.27662299982,907899.5314571874,831167.4045906451,849147.204486667,670647.123897625,551592.1885322582,524066.3537626666,944147.406603125,952003.6617632256,940653.117722,-4.343378366666666,-4.720906666666667,-4.466917444444444,-4.102753157054687,-4.1676333698629024,-4.0540853155250005,143.2283966186708,119.50827297721398,105.41251419140582,-0.0570469999999999,-0.0074105806451612,0.0202878666666666,40.80870157363222,39.84881385576477,40.98429723186891,119835.05592332513,71886.45546537064,43198.5633311608,4742.253950105252,4299.195991335957,4002.748405457478,-0.2406252096119789,-0.5532732968037636,-0.4128321289194437,-0.0179931857319129,0.034925708569869,-0.0538832706132688,0.0238850984643037,0.0065668150713998,-0.0636527248081782,0.010984989103735,-45577.510157069184,,,,,,,,,,,,,,,,,,
2019,NLD,0.0,2078988.82884,1287978.14289,1959170.91243,-0.07,-0.3563333,459.4686570060209,0.485292,179.4209208776793,167903.7149448255,26558.08868114445,0,0,0,2050226.00592,2114071.89204,2011365.78378,1262355.60672,1294646.56935,1158354.378093,1865469.16323,1875879.48927,1853985.63,0.5766667,0.5220833,0.292083333333333,-0.3220917,-0.32905,-0.26369167,428.2888433684532,391.3067044459473,363.8519472739526,0.524204,0.569409,0.6192770000000001,174.75592265124388,172.0078146051256,169.8026514542655,184925.80232570335,176118.44806412823,125923.39587288092,26201.964780269784,25746.85031827206,25169.442484773517,0.2863333,0.8987584,0.8511333000000001,0.555775003333333,-0.0302004328047665,-0.0249419134105551,-0.0055495708010812,0.0945093413997826,0.0176765101894711,0.0140290986637314,0.0085212888606435,0.0407660957290582,13902.324905999976,24752.291091000065,816541.5383233335,907899.5314571874,831167.4045906451,618033.5211495152,670647.123897625,551592.1885322582,905126.5530903032,944147.406603125,952003.6617632256,-4.15717744040404,-4.343378366666666,-4.720906666666667,-3.971469003810606,-4.102753157054687,-4.1676333698629024,175.87028109818664,143.2283966186708,119.50827297721398,-0.1005233030303031,-0.0570469999999999,-0.0074105806451612,42.32018229933741,40.80870157363222,39.84881385576477,125011.04485389045,119835.05592332513,71886.45546537064,5053.663746948274,4742.253950105252,4299.195991335957,-0.1857084365934342,-0.2406252096119789,-0.5532732968037636,-0.0986942008463694,-0.1087678189543599,-0.0695580663201116,0.0421921826910204,0.0010972849812255,-0.0608855528946293,0.0096076313079276,-33809.24535049997,,,,,,,,,,,,,,,,,,
2020,NLD,0.0,2090223.34242,1300778.833167,2147021.76396,-0.3766667,-0.42515,494.4592501661293,0.543429,181.42432557055932,123034.515653961,25358.151648829917,0,0,0,2078988.82884,2050226.00592,2114071.89204,1287978.14289,1262355.60672,1294646.56935,1959170.91243,1865469.16323,1875879.48927,-0.07,0.5766667,0.5220833,-0.3563333,-0.3220917,-0.32905,459.4686570060209,428.2888433684532,391.3067044459473,0.485292,0.524204,0.569409,179.4209208776793,174.75592265124388,172.0078146051256,167903.7149448255,184925.80232570335,176118.44806412823,26558.08868114445,26201.964780269784,25746.85031827206,0.0484832999999999,0.2863333,0.8987584,0.8511333000000001,0.0140290986637315,0.0202973995866152,0.0502295889135783,0.0728009008881512,0.0135914960523431,0.0054038354723957,0.0116305117409257,0.0406847143808965,-4278.2825939998565,13902.324905999976,821288.4336455883,816541.5383233335,907899.5314571874,625478.6008151176,618033.5211495152,670647.123897625,972206.9330817648,905126.5530903032,944147.406603125,-4.6815742156862745,-4.15717744040404,-4.343378366666666,-3.888902691933824,-3.971469003810606,-4.102753157054687,201.87743940933711,175.87028109818664,143.2283966186708,-0.1364787352941177,-0.1005233030303031,-0.0570469999999999,45.74046928167465,42.32018229933741,40.80870157363222,104312.16203613342,125011.04485389045,119835.05592332513,5261.150478795054,5053.663746948274,4742.253950105252,-0.7926715237524508,-0.1857084365934342,-0.2406252096119789,-0.0514739360188904,-0.060232511443421,-0.0116710864139335,0.019205191188752,-0.0030209802159396,-0.05587365648639,0.0092260114813932,-43568.590717742,,,,,,,,,,,,,,,,,,
1989,NOR,0.0,624196.0,257770.9688,358695.9,10.835,11.502499999999998,104.10313116750416,0.33,96.04945391630316,1402.38,18156.7,0,0,0,582009.0,552866.0,450536.8,227165.1406,211289.2813,182335.1875,340522.5,298664.8,272079.3,12.97,13.56,13.4717,14.365000000000002,14.1,13.8,120.56884509329112,121.03998992203572,98.348053693154,0.33,0.3389999999999999,0.409,91.86461449735069,86.09739393720936,79.18754280359015,-25596.72,-25584.4125,-33633.0,18059.1,18164.3,17882.1,-0.6674999999999969,-1.3950000000000014,-0.5400000000000009,-0.3283000000000005,0.0527125922013652,0.0751380249973902,0.1401494250410494,-0.0038924724716853,-0.0057915801875107,0.072485133391408,0.1536862143138989,0.0904082534343716,55012.05999999996,70410.55000000005,120402.43333333336,136889.15000000002,69119.89999999997,44435.94786666669,42840.13285000002,27772.078100000013,66545.73333333334,37032.04999999999,20893.099999999977,-0.2344666666666661,0.5333000000000006,0.8900000000000006,0.5864285714285717,0.4821428571428576,0.3642857142857156,22.21379281385157,34.02740646389428,22.67094047002506,-0.0276666666666666,-0.028,0.0839999999999999,12.143603791947513,9.564574847709295,5.309447428180164,-13571.512500000004,-20338.807499999995,-56774.78999999999,270.3999999999978,563.3999999999978,562.3999999999978,-0.8208952380952391,0.051157142857142,0.5257142857142849,-0.1514604331688006,-0.0941005400618167,0.0497043952218091,-0.2690452260221961,-0.0299179993651233,-0.0504868110562669,0.0579460287059282,-162121.97396012646,,,,,,,,,,,,,,,,,,
1990,NOR,0.0,636180.0,266223.8125,383286.6,10.7183,11.782727272727271,100.0,0.295,100.0,23582.74,18466.0,0,0,0,624196.0,582009.0,552866.0,257770.9688,227165.1406,211289.2813,358695.9,340522.5,298664.8,10.835,12.97,13.56,11.502499999999998,14.365000000000002,14.1,104.10313116750416,120.56884509329112,121.03998992203572,0.33,0.33,0.3389999999999999,96.04945391630316,91.86461449735069,86.09739393720936,1402.38,-25596.72,-25584.4125,18156.7,18059.1,18164.3,-1.064427272727274,-0.6674999999999969,-1.3950000000000014,-0.5400000000000009,0.072485133391408,0.1347294224772442,0.0533691606281523,-0.1365669042698923,0.0054044775210283,0.0191990977193061,0.117441670066941,0.0955036066032247,29212.899999999998,55012.05999999996,132488.825,120402.43333333336,136889.15000000002,63932.7891,44435.94786666669,42840.13285000002,68082.70000000001,66545.73333333334,37032.04999999999,-2.3108499999999985,-0.2344666666666661,0.5333000000000006,-2.422678571428575,0.5864285714285717,0.4821428571428576,0.1946306846017194,22.21379281385157,34.02740646389428,-0.0207499999999999,-0.0276666666666666,-0.028,13.29254226291313,12.143603791947513,9.564574847709295,16820.465625,-13571.512500000004,-20338.807499999995,300.40000000000146,270.3999999999978,563.3999999999978,0.1118285714285751,-0.8208952380952391,0.051157142857142,-0.0812010809224909,-0.0031422958946904,-0.0536440009316909,-0.3120379158130044,-0.0087492752015432,-0.0614879497750914,0.0340683675218172,-15398.490000000083,,,,,,,,,,,,,,,,,,
1991,NOR,0.0,636411.0,280036.75,409362.9,9.8675,10.476666666666668,92.20441470822894,0.278,103.42068269473393,30056.136,18951.36247486349,0,0,0,636180.0,624196.0,582009.0,266223.8125,257770.9688,227165.1406,383286.6,358695.9,340522.5,10.7183,10.835,12.97,11.782727272727271,11.502499999999998,14.365000000000002,100.0,104.10313116750416,120.56884509329112,0.295,0.33,0.33,100.0,96.04945391630316,91.86461449735069,23582.74,1402.38,-25596.72,18466.0,18156.7,18059.1,-0.6091666666666686,-1.064427272727274,-0.6674999999999969,-1.3950000000000014,0.0191990977193061,0.0327920701828855,0.0685558435432352,-0.0394140994750881,0.0170350338993318,0.0003631047816654,0.0481322744373597,0.0269366828419272,17518.99999999998,29212.899999999998,117975.05999999994,132488.825,120402.43333333336,59599.074979999976,63932.7891,44435.94786666669,79056.85999999999,68082.70000000001,66545.73333333334,-1.9653800000000012,-2.3108499999999985,-0.2344666666666661,-1.6579155844155835,-2.422678571428575,0.5864285714285717,-3.947426619822792,0.1946306846017194,22.21379281385157,-0.0516,-0.0207499999999999,-0.0276666666666666,14.584579894027328,13.29254226291313,12.143603791947513,35636.7325,16820.465625,-13571.512500000004,549.6200000000026,300.40000000000146,270.3999999999978,-0.3074644155844168,0.1118285714285751,-0.8208952380952391,-0.1141868463639701,-0.1042940742153765,-0.0250463177836853,-0.136875632064949,0.0050685999771461,-0.1103013621463088,-0.0458546787467527,-33498.40500000001,,,,,,,,,,,,,,,,,,
1992,NOR,0.0,708396.0,327615.9063,447305.8,9.78417,10.833333333333334,84.604229945551,0.324,105.84291532999312,20648.859,19506.31771479764,0,0,0,636411.0,636180.0,624196.0,280036.75,266223.8125,257770.9688,409362.9,383286.6,358695.9,9.8675,10.7183,10.835,10.476666666666668,11.782727272727271,11.502499999999998,92.20441470822894,100.0,104.10313116750416,0.278,0.295,0.33,103.42068269473393,100.0,96.04945391630316,30056.136,23582.74,1402.38,18951.36247486349,18466.0,18156.7,-1.0491633333333343,-0.6091666666666686,-1.064427272727274,-0.6674999999999969,0.0003631047816655,0.0518846806763388,0.0680334245966335,-0.0779558529177106,0.0262841153938857,0.1131108670340392,0.0306824452974598,0.0374071812142621,25283.10000000006,17518.99999999998,98543.54999999992,117975.05999999994,132488.825,63478.833316666656,59599.074979999976,63932.7891,91957.01666666666,79056.85999999999,68082.70000000001,-2.488616666666667,-1.9653800000000012,-2.3108499999999985,-2.6876569264069268,-1.6579155844155835,-2.422678571428575,-11.085107474956729,-3.947426619822792,0.1946306846017194,-0.06,-0.0516,-0.0207499999999999,15.57449927309004,14.584579894027328,13.29254226291313,36170.673083333335,35636.7325,16820.465625,943.3791415301604,549.6200000000026,300.40000000000146,0.1990402597402578,-0.3074644155844168,0.1118285714285751,-0.1101854700288166,-0.0643426488788479,-0.0205594731735499,-0.1480422590945817,0.0133039614762707,-0.1001758507496315,-0.0239205106877295,-34026.17000000003,,,,,,,,,,,,,,,,,,
1993,NOR,0.0,713789.0,354750.2813,471871.7,6.51667,7.009999999999999,89.9620676623322,0.408,108.2471254010021,16178.736,19930.841195187342,0,0,0,708396.0,636411.0,636180.0,327615.9063,280036.75,266223.8125,447305.8,409362.9,383286.6,9.78417,9.8675,10.7183,10.833333333333334,10.476666666666668,11.782727272727271,84.604229945551,92.20441470822894,100.0,0.324,0.278,0.295,105.84291532999312,103.42068269473393,100.0,20648.859,30056.136,23582.74,19506.31771479764,18951.36247486349,18466.0,-0.4933299999999985,-1.0491633333333343,-0.6091666666666686,-1.064427272727274,0.1131108670340393,0.1699032584116191,0.0926876861581739,-0.0824275582327366,0.0292831315252515,0.0076129735345766,0.0442243565116703,0.0603962925720449,30481.200000000004,25283.10000000006,156450.90000000002,98543.54999999992,117975.05999999994,101989.58485714282,63478.833316666656,59599.074979999976,116763.19999999995,91957.01666666666,79056.85999999999,-2.216430000000001,-2.488616666666667,-1.9653800000000012,-1.9470392702535548,-2.6876569264069268,-1.6579155844155835,-17.101705455497992,-11.085107474956729,-3.947426619822792,-0.0054285714285714,-0.06,-0.0516,15.77180344076494,15.57449927309004,14.584579894027328,21596.157071428574,36170.673083333335,35636.7325,1363.5659326742823,943.3791415301604,549.6200000000026,-0.2693907297464447,0.1990402597402578,-0.3074644155844168,0.0209265372283598,0.0643997036695736,0.0075213672502488,-0.1278402545605108,0.0140856506949248,-0.0665987693854948,0.0038527028075991,-17755.527499999935,,,,,,,,,,,,,,,,,,
1994,NOR,0.0,723160.0,384944.4688,492108.3,7.12667,5.346666666666667,102.74596531500634,0.372,109.7610207980392,25425.12,20818.4862012987,0,0,0,713789.0,708396.0,636411.0,354750.2813,327615.9063,280036.75,471871.7,447305.8,409362.9,6.51667,9.78417,9.8675,7.009999999999999,10.833333333333334,10.476666666666668,89.9620676623322,84.604229945551,92.20441470822894,0.408,0.324,0.278,108.2471254010021,105.84291532999312,103.42068269473393,16178.736,20648.859,30056.136,19930.841195187342,19506.31771479764,18951.36247486349,1.7800033333333332,-0.4933299999999985,-1.0491633333333343,-0.6091666666666686,0.0076129735345767,0.0828237410889106,0.0549196992303699,0.0633282487202988,0.0217633838737106,0.0131285295794696,0.0403623151167604,0.0631062913169468,26563.999999999975,30481.200000000004,142287.53749999998,156450.90000000002,98543.54999999992,116375.26174999998,101989.58485714282,63478.833316666656,126733.7,116763.19999999995,91957.01666666666,-5.20687625,-2.216430000000001,-2.488616666666667,-5.526992694805197,-1.9470392702535548,-2.6876569264069268,-9.60615455677953,-17.101705455497992,-11.085107474956729,0.0792499999999999,-0.0054285714285714,-0.06,16.204538081678294,15.77180344076494,15.57449927309004,14426.5144375,21596.157071428574,36170.673083333335,1617.643671479702,1363.5659326742823,943.3791415301604,0.3201164448051967,-0.2693907297464447,0.1990402597402578,-0.0875608615894398,-0.0318797713202167,-0.031321100713305,0.036178445901169,0.0045536672298232,-0.0593610158828221,0.0059205844179011,-9006.322000000007,,,,,,,,,,,,,,,,,,
1995,NOR,0.0,761765.0,406970.4375,521102.7,6.82333,5.4558333333333335,110.6762034069118,0.348,112.4571964099052,33067.327,21578.25468560024,0,0,0,723160.0,713789.0,708396.0,384944.4688,354750.2813,327615.9063,492108.3,471871.7,447305.8,7.12667,6.51667,9.78417,5.346666666666667,7.009999999999999,10.833333333333334,102.74596531500634,89.9620676623322,84.604229945551,0.372,0.408,0.324,109.7610207980392,108.2471254010021,105.84291532999312,25425.12,16178.736,20648.859,20818.4862012987,19930.841195187342,19506.31771479764,1.3674966666666668,1.7800033333333332,-0.4933299999999985,-1.0491633333333343,0.0131285295794695,0.085113921233133,0.0428858098504317,0.1421031995469225,0.0445362540104777,0.0533837601637259,0.0446174567160285,0.0593811062743413,16947.800000000032,26563.999999999975,135848.81111111108,142287.53749999998,156450.90000000002,133638.86461111106,116375.26174999998,101989.58485714282,132888.77777777775,126733.7,116763.19999999995,-4.018334444444446,-5.20687625,-2.216430000000001,-6.576215728715728,-5.526992694805197,-1.9470392702535548,4.245093602203454,-9.60615455677953,-17.101705455497992,0.0344444444444445,0.0792499999999999,-0.0054285714285714,15.917929247417815,16.204538081678294,15.77180344076494,22069.952388888887,14426.5144375,21596.157071428574,2325.5504918710903,1617.643671479702,1363.5659326742823,2.5578812842712844,0.3201164448051967,-0.2693907297464447,-0.071100197845867,-0.0256046197609672,-0.0394398525040801,0.1104310909901466,0.0267573289628624,-0.0466257291574366,0.0013496016013097,-11422.468333333369,,,,,,,,,,,,,,,,,,
1996,NOR,0.0,815970.156,459166.5625,553386.5,5.94333,4.658333333333333,122.27398065590752,0.314,113.87376995998994,70667.7825,22563.88543987145,0,0,0,761765.0,723160.0,713789.0,406970.4375,384944.4688,354750.2813,521102.7,492108.3,471871.7,6.82333,7.12667,6.51667,5.4558333333333335,5.346666666666667,7.009999999999999,110.6762034069118,102.74596531500634,89.9620676623322,0.348,0.372,0.408,112.4571964099052,109.7610207980392,108.2471254010021,33067.327,25425.12,16178.736,21578.25468560024,20818.4862012987,19930.841195187342,1.2849966666666663,1.3674966666666668,1.7800033333333332,-0.4933299999999985,0.0533837601637258,0.0572185613386323,0.0589187380094991,0.0771829635119231,0.0364948957842161,0.0711573201709188,0.0247084210925907,0.0249862290623158,34514.84679999995,16947.800000000032,160868.9299999999,135848.81111111108,142287.53749999998,142300.94685,133638.86461111106,116375.26174999998,148594.3,132888.77777777775,126733.7,-3.919841,-4.018334444444446,-5.20687625,-5.809427489177488,-6.576215728715728,-5.526992694805197,11.75082233388855,4.245093602203454,-9.60615455677953,0.0069999999999999,0.0344444444444445,0.0792499999999999,17.02231193454203,15.917929247417815,16.204538081678294,27505.16415,22069.952388888887,14426.5144375,2852.763926985521,2325.5504918710903,1617.643671479702,1.8895864891774896,2.5578812842712844,0.3201164448051967,-0.0229449452787365,-0.0506550219042494,-0.019024718511226,0.0332407337340198,0.0157429341851716,-0.0607065486361948,-0.0332139758108794,-19406.887142857115,,,,,,,,,,,,,,,,,,
1997,NOR,0.0,936118.906,516099.5,568940.7,5.12583,3.541666666666667,132.97593886035023,0.2789999999999999,116.81144793281187,73420.3652,23649.020466807546,0,0,0,815970.156,761765.0,723160.0,459166.5625,406970.4375,384944.4688,553386.5,521102.7,492108.3,5.94333,6.82333,7.12667,4.658333333333333,5.4558333333333335,5.346666666666667,122.27398065590752,110.6762034069118,102.74596531500634,0.314,0.348,0.372,113.87376995998994,112.4571964099052,109.7610207980392,70667.7825,33067.327,25425.12,22563.88543987145,21578.25468560024,20818.4862012987,1.5841633333333327,1.2849966666666663,1.3674966666666668,1.7800033333333332,0.0711573201709188,0.1282553232137408,0.0619528549746527,0.1047901616787066,0.0456770377693685,0.1472465005202961,0.0458898699713714,0.0297313626838371,69308.18740000004,34514.84679999995,200449.63781818177,160868.9299999999,135848.81111111108,181560.62213636364,142300.94685,133638.86461111106,167369.52727272728,148594.3,132888.77777777775,-4.443491818181819,-3.919841,-4.018334444444446,-6.078797717434082,-5.809427489177488,-6.576215728715728,22.280343007076223,11.75082233388855,4.245093602203454,-0.0276363636363636,0.0069999999999999,0.0344444444444445,16.891402581486588,17.02231193454203,15.917929247417815,62605.150181818186,27505.16415,22069.952388888887,3579.052506076234,2852.763926985521,2325.5504918710903,1.6353058992522629,1.8895864891774896,2.5578812842712844,-0.00287689074367,0.025447242161284,-0.0140881296949498,0.0575238585274013,0.0233507827518069,-0.0327799276867258,-0.0247784004325937,586.0205499999429,,,,,,,,,,,,,,,,,,
1998,NOR,0.0,1033856.094,569964.1875,598614.8,5.35417,5.940833333333334,152.12015172935068,0.268,119.7178619068202,-10001.6,24135.280369615044,0,0,0,936118.906,815970.156,761765.0,516099.5,459166.5625,406970.4375,568940.7,553386.5,521102.7,5.12583,5.94333,6.82333,3.541666666666667,4.658333333333333,5.4558333333333335,132.97593886035023,122.27398065590752,110.6762034069118,0.2789999999999999,0.314,0.348,116.81144793281187,113.87376995998994,112.4571964099052,73420.3652,70667.7825,33067.327,23649.020466807546,22563.88543987145,21578.25468560024,-0.586663333333334,1.5841633333333327,1.2849966666666663,1.3674966666666668,0.147246500520296,0.1239919065317392,0.0281072993287692,0.0875244115472057,0.0480916741856261,0.1044068091922503,0.0905958602849802,0.0498592633132069,93642.2032,69308.18740000004,303894.2513333333,200449.63781818177,160868.9299999999,223363.50779166663,181560.62213636364,142300.94685,168976.2666666666,167369.52727272728,148594.3,-4.890700833333333,-4.443491818181819,-3.919841,-6.688897907647909,-6.078797717434082,-5.809427489177488,31.125605960929263,22.280343007076223,11.75082233388855,-0.0603333333333333,-0.0276363636363636,0.0069999999999999,18.421463672517987,16.891402581486588,17.02231193454203,60140.63703333333,62605.150181818186,27505.16415,4365.933157505973,3579.052506076234,2852.763926985521,1.798197074314574,1.6353058992522629,1.8895864891774896,0.073473825127859,0.0188704398282566,-0.0466529462776561,0.0350286667115912,0.023642620736082,0.0152040553955555,-0.0021726597599645,35314.2477555556,,,,,,,,,,,,,,,,,,
1999,NOR,0.0,1120959.344,622742.5625,639015.3,5.3825,6.573333333333332,172.04120767604942,0.2789999999999999,122.5110459193116,67354.931,24455.05648185904,0,0,0,1033856.094,936118.906,815970.156,569964.1875,516099.5,459166.5625,598614.8,568940.7,553386.5,5.35417,5.12583,5.94333,5.940833333333334,3.541666666666667,4.658333333333333,152.12015172935068,132.97593886035023,122.27398065590752,0.268,0.2789999999999999,0.314,119.7178619068202,116.81144793281187,113.87376995998994,-10001.6,73420.3652,70667.7825,24135.280369615044,23649.020466807546,22563.88543987145,-1.190833333333332,-0.586663333333334,1.5841633333333327,1.2849966666666663,0.1044068091922502,0.1043688038837472,0.0521567537706479,0.1439674954211489,0.0205615240381725,0.0842508454566404,0.1076035432944884,0.038145185453086,101270.47520000007,93642.2032,378254.95846153854,303894.2513333333,200449.63781818177,260046.387,223363.50779166663,181560.62213636364,185652.1923076923,168976.2666666666,167369.52727272728,-4.286153076923078,-4.890700833333333,-4.443491818181819,-3.7752006327006313,-6.688897907647909,-6.078797717434082,47.87554144831975,31.125605960929263,22.280343007076223,-0.0666923076923076,-0.0603333333333333,-0.0276363636363636,19.91084197940951,18.421463672517987,16.891402581486588,-27907.53101538461,60140.63703333333,62605.150181818186,4516.352048197627,4365.933157505973,3579.052506076234,-0.5109524442224447,1.798197074314574,1.6353058992522629,0.0245113150391583,-0.0023251994720901,-0.0187157463126393,0.0885526950262352,-0.005857747806045,0.0308295515509222,-0.0136892230964523,56116.838779999984,,,,0.2933763333333333,0.18306600000000003,3.0,0.064772,0.355694,1.0,,,,,,,,,
2000,NOR,0.0,1231402.094,696544.0,704463.9,6.37917,6.365,198.0969444172277,0.2836046936318938,126.29181999336257,228742.5735,25087.59905618378,0,0,0,1120959.344,1033856.094,936118.906,622742.5625,569964.1875,516099.5,639015.3,598614.8,568940.7,5.3825,5.35417,5.12583,6.573333333333332,5.940833333333334,3.541666666666667,172.04120767604942,152.12015172935068,132.97593886035023,0.2789999999999999,0.268,0.2789999999999999,122.5110459193116,119.7178619068202,116.81144793281187,67354.931,-10001.6,73420.3652,24455.05648185904,24135.280369615044,23649.020466807546,0.01417,-1.190833333333332,-0.586663333333334,1.5841633333333327,0.0842508454566405,0.0925994582773676,0.0674899785304339,0.1309560615094699,0.0132493224585273,0.0985252057455527,0.1119680517230622,0.0321712982436533,97295.28140000012,101270.47520000007,438339.9971428572,378254.95846153854,303894.2513333333,294250.0200714286,260046.387,223363.50779166663,212791.82142857148,185652.1923076923,168976.2666666666,-3.951669285714285,-4.286153076923078,-4.890700833333333,-2.8730434446505875,-3.7752006327006313,-6.688897907647909,64.37691586299567,47.87554144831975,31.125605960929263,-0.0509285714285714,-0.0666923076923076,-0.0603333333333333,21.28182299337169,19.91084197940951,18.421463672517987,51442.39505714286,-27907.53101538461,60140.63703333333,4513.531585570367,4516.352048197627,4365.933157505973,-1.0786258410636966,-0.5109524442224447,1.798197074314574,0.0024698655313056,-0.0139156835806165,-0.0019428487595734,0.0687295153433073,-0.0127193534006098,0.0326249306835859,-0.018522341714514,58643.57998181826,,,,0.2105665,0.16962549999999998,2.0,,,,,,,0.2933763333333333,,,0.064772,,
2001,NOR,0.0,1347653.625,772235.3125,766941.3,6.31,7.0216666666666665,213.3513430287082,0.2742280987476633,130.10252103897594,235842.5836,25457.663004961025,0,0,0,1231402.094,1120959.344,1033856.094,696544.0,622742.5625,569964.1875,704463.9,639015.3,598614.8,6.37917,5.3825,5.35417,6.365,6.573333333333332,5.940833333333334,198.0969444172277,172.04120767604942,152.12015172935068,0.2836046936318938,0.2789999999999999,0.268,126.29181999336257,122.5110459193116,119.7178619068202,228742.5735,67354.931,-10001.6,25087.59905618378,24455.05648185904,24135.280369615044,-0.7116666666666669,0.01417,-1.190833333333332,-0.586663333333334,0.0985252057455528,0.1185103475242227,0.1024210218440778,0.1514505570679368,0.0258655127128397,0.0944058253323061,0.0957276201314811,0.0103651137224272,105183.5343000001,97295.28140000012,519560.08066666673,438339.9971428572,378254.95846153854,348434.7895666667,294250.0200714286,260046.387,264054.30000000005,212791.82142857148,185652.1923076923,-2.6915546666666668,-3.951669285714285,-4.286153076923078,-2.8898405483405494,-2.8730434446505875,-3.7752006327006313,86.14085821330758,64.37691586299567,47.87554144831975,-0.0429286397014394,-0.0509285714285714,-0.0666923076923076,23.64380886786452,21.28182299337169,19.91084197940951,209400.5445533333,51442.39505714286,-27907.53101538461,4845.172054190414,4513.531585570367,4516.352048197627,0.1982858816738818,-1.0786258410636966,-0.5109524442224447,0.0165678068536961,0.0129891830648539,0.0331269694654685,0.0843147598058236,0.0008053620966032,0.0138748890394213,-0.0389037307192389,49781.42118333344,,,,,,,,,,,,,0.2105665,0.2933763333333333,,,0.064772,
2002,NOR,0.0,1438142.251,843784.0,825827.5,6.3275,6.806666666666667,227.6248197864032,0.3420633724181903,131.77843144647073,170471.5761,25723.89259170251,0,0,0,1347653.625,1231402.094,1120959.344,772235.3125,696544.0,622742.5625,766941.3,704463.9,639015.3,6.31,6.37917,5.3825,7.0216666666666665,6.365,6.573333333333332,213.3513430287082,198.0969444172277,172.04120767604942,0.2742280987476633,0.2836046936318938,0.2789999999999999,130.10252103897594,126.29181999336257,122.5110459193116,235842.5836,228742.5735,67354.931,25457.663004961025,25087.59905618378,24455.05648185904,-0.4791666666666669,-0.7116666666666669,0.01417,-1.190833333333332,0.094405825332306,0.108666950687968,0.0886878660496301,0.077004714314785,0.014750871454398,0.067145314138119,0.0923939588448331,0.0073467710925945,106780.02519999996,105183.5343000001,603339.106625,519560.08066666673,438339.9971428572,402348.92771875,348434.7895666667,294250.0200714286,310028.30625,264054.30000000005,212791.82142857148,-2.592502500000001,-2.6915546666666668,-3.951669285714285,-2.0525588474025973,-2.8898405483405494,-2.8730434446505875,96.01145318645632,86.14085821330758,64.37691586299567,-0.04962219460433,-0.0429286397014394,-0.0509285714285714,25.976771859236365,23.64380886786452,21.28182299337169,203413.02061875,209400.5445533333,51442.39505714286,4912.412749580759,4845.172054190414,4513.531585570367,-0.5399436525974026,0.1982858816738818,-1.0786258410636966,0.0113439059835363,0.0022798406909423,0.0171853490399895,0.0042479330656169,-0.0103629699682786,0.0095501642499574,-0.0391432354405547,53840.33399230777,,,,0.21014955555555556,0.16753777777777779,9.0,0.142054,0.13477,1.0,,,,,0.2105665,0.2933763333333333,,,0.064772
2003,NOR,0.0,1549559.188,946010.3125,861525.2,4.50167,4.105833333333333,231.6778410761026,0.4204679180788869,135.0404713467732,189217.68,25863.90437722264,0,0,0,1438142.251,1347653.625,1231402.094,843784.0,772235.3125,696544.0,825827.5,766941.3,704463.9,6.3275,6.31,6.37917,6.806666666666667,7.0216666666666665,6.365,227.6248197864032,213.3513430287082,198.0969444172277,0.3420633724181903,0.2742280987476633,0.2836046936318938,131.77843144647073,130.10252103897594,126.29181999336257,170471.5761,235842.5836,228742.5735,25723.89259170251,25457.663004961025,25087.59905618378,0.3958366666666668,-0.4791666666666669,-0.7116666666666669,0.01417,0.067145314138119,0.0926514060440612,0.0767805828164423,0.0669012744661953,0.0104577386655485,0.0774728208718764,0.0866921150719926,0.0170528705445335,104495.99080000016,106780.02519999996,658337.1969411764,603339.106625,519560.08066666673,450230.0312352941,402348.92771875,348434.7895666667,350677.5470588235,310028.30625,264054.30000000005,-2.4225023529411773,-2.592502500000001,-2.6915546666666668,-2.1468200916730336,-2.0525588474025973,-2.8898405483405494,104.63719740377154,96.01145318645632,86.14085821330758,0.0211320316899811,-0.04962219460433,-0.0429286397014394,26.124636863246664,25.976771859236365,23.64380886786452,126076.54131764706,203413.02061875,209400.5445533333,4889.676880464554,4912.412749580759,4845.172054190414,-0.2756822612681437,-0.5399436525974026,0.1982858816738818,-0.0166255993346217,-0.0138781939961483,0.0042039814918024,-0.0061210025995737,-0.0140084171341107,0.0032116428604531,-0.0268275869592453,51591.08674999994,,,,0.4831034444444444,0.12688633333333332,9.0,0.73199,0.127079,1.0,,,,0.21014955555555556,,0.2105665,0.142054,,
2004,NOR,0.0,1648200.0,1033872.125,936103.1666666666,3.6,1.9025,263.7908353380344,0.4361025597725255,135.6689377495839,216997.87800000003,26775.762040502254,0,0,0,1549559.188,1438142.251,1347653.625,946010.3125,843784.0,772235.3125,861525.2,825827.5,766941.3,4.50167,6.3275,6.31,4.105833333333333,6.806666666666667,7.0216666666666665,231.6778410761026,227.6248197864032,213.3513430287082,0.4204679180788869,0.3420633724181903,0.2742280987476633,135.0404713467732,131.77843144647073,130.10252103897594,189217.68,170471.5761,235842.5836,25863.90437722264,25723.89259170251,25457.663004961025,1.6975000000000002,0.3958366666666668,-0.4791666666666669,-0.7116666666666669,0.0774728208718764,0.1211522291249893,0.0432265818224749,0.0178057089446689,0.0054428693099616,0.06365733736658,0.0796746534474339,0.0137629908690003,101305.6062,104495.99080000016,733179.8452222223,658337.1969411764,603339.106625,527443.5642222222,450230.0312352941,402348.92771875,366893.1611111111,350677.5470588235,310028.30625,-4.11374888888889,-2.4225023529411773,-2.592502500000001,-4.728385642135644,-2.1468200916730336,-2.0525588474025973,102.87704105992808,104.63719740377154,96.01145318645632,0.0983625755901231,0.0211320316899811,-0.04962219460433,27.935308048924316,26.124636863246664,25.976771859236365,137818.3929222222,126076.54131764706,203413.02061875,4758.039950403316,4889.676880464554,4912.412749580759,0.6146367532467536,-0.2756822612681437,-0.5399436525974026,-0.005320116169416,0.0154389934374943,-0.0295973125310944,-0.0548565091446546,-0.018199261952397,-0.0040065464428839,-0.0284407424498256,45867.64656666681,,,,0.344763,0.2276436923076923,13.0,,,,,,,0.4831034444444444,0.21014955555555556,,0.73199,0.142054,
2005,NOR,0.0,1926771.0,1244561.5,1029647.75,3.28,1.9475,293.72447805306933,0.4233326543832862,137.73389878738996,317970.2712,27358.44887046488,0,0,0,1648200.0,1549559.188,1438142.251,1033872.125,946010.3125,843784.0,936103.1666666666,861525.2,825827.5,3.6,4.50167,6.3275,1.9025,4.105833333333333,6.806666666666667,263.7908353380344,231.6778410761026,227.6248197864032,0.4361025597725255,0.4204679180788869,0.3420633724181903,135.6689377495839,135.0404713467732,131.77843144647073,216997.87800000003,189217.68,170471.5761,26775.762040502254,25863.90437722264,25723.89259170251,1.3324999999999998,1.6975000000000002,0.3958366666666668,-0.4791666666666669,0.0636573373665801,0.0928761677743338,0.0865650437928765,0.1386105555575476,0.0352559942219184,0.1690152894066254,0.0694251574588585,0.007184369164834,156452.70589999994,101305.6062,793232.2443157895,733179.8452222223,658337.1969411764,587545.1891315789,527443.5642222222,450230.0312352941,422160.9614035087,366893.1611111111,350677.5470588235,-4.798905789473684,-4.11374888888889,-2.4225023529411773,-6.682856573251311,-4.728385642135644,-2.1468200916730336,129.57545421344264,102.87704105992808,104.63719740377154,0.1088202396211237,0.0983625755901231,0.0211320316899811,27.093495080739004,27.935308048924316,26.124636863246664,158344.9912947369,137818.3929222222,126076.54131764706,5419.474458398545,4758.039950403316,4889.676880464554,1.8839507837776264,0.6146367532467536,-0.2756822612681437,-0.0188400376653003,-0.0136947897707997,0.0153854445799234,0.0689959213095937,0.0126249330680263,-0.0140203632289366,-0.0333463793040023,39810.534056249984,,,,0.29420393333333333,0.2524320666666667,15.0,0.286254,0.414517,1.0,,,,0.344763,0.4831034444444444,0.21014955555555556,,0.73199,0.142054
2006,NOR,0.0,2233829.0,1504576.25,1148376.9166666667,3.93417,2.8075,341.7987112849156,0.533117082614561,140.94606040175506,352177.39200000005,27921.174541621665,0,0,0,1926771.0,1648200.0,1549559.188,1244561.5,1033872.125,946010.3125,1029647.75,936103.1666666666,861525.2,3.28,3.6,4.50167,1.9475,1.9025,4.105833333333333,293.72447805306933,263.7908353380344,231.6778410761026,0.4233326543832862,0.4361025597725255,0.4204679180788869,137.73389878738996,135.6689377495839,135.0404713467732,317970.2712,216997.87800000003,189217.68,27358.44887046488,26775.762040502254,25863.90437722264,1.1266699999999998,1.3324999999999998,1.6975000000000002,0.3958366666666668,0.1690152894066254,0.2037866868690361,0.0999297798194964,0.1134749153687484,0.0217617272323089,0.1593640344389655,0.103381815881694,0.0572584625302862,233138.04359999992,156452.70589999994,1032141.6321,793232.2443157895,733179.8452222223,768857.304675,587545.1891315789,527443.5642222222,494597.4966666667,422160.9614035087,366893.1611111111,-4.878960500000002,-4.798905789473684,-4.11374888888889,-6.303713744588745,-6.682856573251311,-4.728385642135644,153.03032421780543,129.57545421344264,102.87704105992808,0.0906093222508282,0.1088202396211237,0.0983625755901231,27.80378136450813,27.093495080739004,27.935308048924316,251400.13493,158344.9912947369,137818.3929222222,5731.187565441243,5419.474458398545,4758.039950403316,1.4247532445887443,1.8839507837776264,0.6146367532467536,0.0875094953044976,0.097936507732892,0.0279404203654947,0.0402289168413422,-0.0015338040830583,0.020715204262173,0.01858029068945,92615.83763529402,,,,0.19306972727272728,0.3118862727272727,11.0,,,,,,,0.29420393333333333,0.344763,0.4831034444444444,0.286254,,0.73199
2007,NOR,0.0,2599722.0,1776665.2947485026,1335364.75,4.78083,4.579166666666667,382.57423500218647,0.5030857431736967,141.9735530920645,282124.964,28555.9548221343,0,0,0,2233829.0,1926771.0,1648200.0,1504576.25,1244561.5,1033872.125,1148376.9166666667,1029647.75,936103.1666666666,3.93417,3.28,3.6,2.8075,1.9475,1.9025,341.7987112849156,293.72447805306933,263.7908353380344,0.533117082614561,0.4233326543832862,0.4361025597725255,140.94606040175506,137.73389878738996,135.6689377495839,352177.39200000005,317970.2712,216997.87800000003,27921.174541621665,27358.44887046488,26775.762040502254,0.2016633333333333,1.1266699999999998,1.3324999999999998,1.6975000000000002,0.1593640344389655,0.2089207724969798,0.1153104706601522,0.1636711844736357,0.0205686248449665,0.1637963335599994,0.1306788870707237,0.0582426199116372,316162.4000000001,233138.04359999992,1290050.0305714286,1032141.6321,793232.2443157895,992259.8020714286,768857.304675,587545.1891315789,589774.4015873016,494597.4966666667,422160.9614035087,-3.992459047619049,-4.878960500000002,-4.798905789473684,-5.143536899608328,-6.303713744588745,-6.682856573251311,193.81739915356573,153.03032421780543,129.57545421344264,0.1960790208511112,0.0906093222508282,0.1088202396211237,29.69195339008712,27.80378136450813,27.093495080739004,273635.82073333336,251400.13493,158344.9912947369,6020.99954300559,5731.187565441243,5419.474458398545,1.1510778519892806,1.4247532445887443,1.8839507837776264,0.0734827655716128,0.0981737679741911,0.0419240901878758,0.0884137401041623,-0.0026502162662478,0.0469220015426673,0.0185865380345141,164155.85102222214,,,,0.3253505,0.2950362,10.0,0.344071,0.315232,1.0,,,,0.19306972727272728,0.29420393333333333,0.344763,,0.286254,
2008,NOR,0.0,2805667.0,1898127.771535464,1459602.0833333333,4.34667,5.264999999999999,365.2513290406048,0.4809168589257295,147.320505344548,401163.4961,28464.308014279377,0,0,0,2599722.0,2233829.0,1926771.0,1776665.2947485026,1504576.25,1244561.5,1335364.75,1148376.9166666667,1029647.75,4.78083,3.93417,3.28,4.579166666666667,2.8075,1.9475,382.57423500218647,341.7987112849156,293.72447805306933,0.5030857431736967,0.533117082614561,0.4233326543832862,141.9735530920645,140.94606040175506,137.73389878738996,282124.964,352177.39200000005,317970.2712,28555.9548221343,27921.174541621665,27358.44887046488,-0.9183299999999992,0.2016633333333333,1.1266699999999998,1.3324999999999998,0.1637963335599994,0.1808409808067238,0.1628279275031868,0.1192968913311124,0.0227347269924614,0.0792180856260784,0.1640585524685301,0.0048309677787884,300258.1000000001,316162.4000000001,1597304.3928181818,1290050.0305714286,1032141.6321,1219246.1285439571,992259.8020714286,768857.304675,749954.3075757575,589774.4015873016,494597.4966666667,-2.9643236363636367,-3.992459047619049,-4.878960500000002,-3.1380731011412832,-5.143536899608328,-6.303713744588745,225.78304109112904,193.81739915356573,153.03032421780543,0.1571349986442873,0.1960790208511112,0.0906093222508282,29.3698118353926,29.69195339008712,27.80378136450813,191145.40088181812,273635.82073333336,251400.13493,6382.098026108881,6020.99954300559,5731.187565441243,0.1737494647776467,1.1510778519892806,1.4247532445887443,0.0744158853797128,0.0654190349518308,0.0874451617838687,0.0398292688614409,-0.0003579133441696,0.0779555668633404,-0.0357544410000602,238540.42578947372,,,,0.21148622222222221,0.2286918888888889,9.0,,,,,,,0.3253505,0.19306972727272728,0.29420393333333333,0.344071,,0.286254
2009,NOR,0.0,2879838.0,2102840.154751931,1511496.75,3.31583,1.7599999999999998,370.2082812009414,0.4283958561576272,150.51271564453825,253170.2091,27893.199071352246,0,0,0,2805667.0,2599722.0,2233829.0,1898127.771535464,1776665.2947485026,1504576.25,1459602.0833333333,1335364.75,1148376.9166666667,4.34667,4.78083,3.93417,5.264999999999999,4.579166666666667,2.8075,365.2513290406048,382.57423500218647,341.7987112849156,0.4809168589257295,0.5030857431736967,0.533117082614561,147.320505344548,141.9735530920645,140.94606040175506,401163.4961,282124.964,352177.39200000005,28464.308014279377,28555.9548221343,27921.174541621665,1.5558300000000005,-0.9183299999999992,0.2016633333333333,1.1266699999999998,0.0792180856260784,0.068365424340748,0.0930362534530983,-0.0452798551932873,-0.0032093764129324,0.026436138002122,0.1341261512083478,0.0476033934542977,214397.20000000024,300258.1000000001,1733801.3757391304,1597304.3928181818,1290050.0305714286,1287697.904089877,1219246.1285439571,992259.8020714286,841584.9318840578,749954.3075757575,589774.4015873016,-3.2696,-2.9643236363636367,-3.992459047619049,-2.315801806888765,-3.1380731011412832,-5.143536899608328,198.6434811690635,225.78304109112904,193.81739915356573,0.128134157933525,0.1571349986442873,0.1960790208511112,33.43981574720685,29.3698118353926,29.69195339008712,301873.2633782609,191145.40088181812,273635.82073333336,6012.968695379659,6382.098026108881,6020.99954300559,-0.9537981931112356,0.1737494647776467,1.1510778519892806,-0.0135449027987405,-0.0500301140119555,0.0136787076526952,-0.1265578989748425,-0.0262857479611922,0.0443109957525228,0.0087205771040232,210709.10450000007,,,,0.3743405,0.1833283,10.0,,,,,,,0.21148622222222221,0.3253505,0.19306972727272728,,0.344071,
2010,NOR,0.0,2848298.0,2058951.6776683647,1559178.75,2.77083,2.016666666666667,402.22122483327297,0.42306,154.1239035464022,277707.0705,27987.20144729498,0,0,0,2879838.0,2805667.0,2599722.0,2102840.154751931,1898127.771535464,1776665.2947485026,1511496.75,1459602.0833333333,1335364.75,3.31583,4.34667,4.78083,1.7599999999999998,5.264999999999999,4.579166666666667,370.2082812009414,365.2513290406048,382.57423500218647,0.4283958561576272,0.4809168589257295,0.5030857431736967,150.51271564453825,147.320505344548,141.9735530920645,253170.2091,401163.4961,282124.964,27893.199071352246,28464.308014279377,28555.9548221343,0.7541633333333331,1.5558300000000005,-0.9183299999999992,0.2016633333333333,0.0264361380021221,0.1078496328257541,0.0355539823210949,0.0135713459916954,-0.0200640374830341,-0.0109520049391667,0.0898168523960666,0.0692907369257105,81989.9000000001,214397.20000000024,1735730.65175,1733801.3757391304,1597304.3928181818,1438756.2079692655,1287697.904089877,1219246.1285439571,858413.5597222223,841584.9318840578,749954.3075757575,-4.164206666666667,-3.2696,-2.9643236363636367,-5.724310064935065,-2.315801806888765,-3.1380731011412832,195.3236216140225,198.6434811690635,225.78304109112904,0.0702742319181924,0.128134157933525,0.1571349986442873,35.238700391063475,33.43981574720685,29.3698118353926,141301.9237375,301873.2633782609,191145.40088181812,5191.31939014504,6012.968695379659,6382.098026108881,1.5601033982683987,-0.9537981931112356,0.1737494647776467,-0.0657379416053603,-0.0083706831786034,-0.0443982898989904,-0.0622041804431274,-0.0419975504242855,-0.0020124392303275,0.0300115307070714,114814.4376190478,,,,0.22776654545454544,0.1434668181818182,11.0,,,,,,,0.3743405,0.21148622222222221,0.3253505,,,0.344071
2011,NOR,0.0,2926591.0,2075530.7030792555,1664592.1666666667,2.55667,2.188333333333333,438.9022956434741,0.28843,156.12901064108354,345594.52125,27890.55417976372,0,0,0,2848298.0,2879838.0,2805667.0,2058951.6776683647,2102840.154751931,1898127.771535464,1559178.75,1511496.75,1459602.0833333333,2.77083,3.31583,4.34667,2.016666666666667,1.7599999999999998,5.264999999999999,402.22122483327297,370.2082812009414,365.2513290406048,0.42306,0.4283958561576272,0.4809168589257295,154.1239035464022,150.51271564453825,147.320505344548,277707.0705,253170.2091,401163.4961,27987.20144729498,27893.199071352246,28464.308014279377,0.3683366666666665,0.7541633333333331,1.5558300000000005,-0.9183299999999992,-0.0109520049391667,-0.0208710476563745,0.0315462140424714,0.0864727918254091,0.0033700822807119,0.0274876434979767,0.0315674062296779,0.045303518001955,33123.200000000026,81989.9000000001,1634761.42568,1735730.65175,1733801.3757391304,1337317.4825669294,1438756.2079692655,1287697.904089877,871759.0173333334,858413.5597222223,841584.9318840578,-4.5426384,-4.164206666666667,-3.2696,-5.238670995670995,-5.724310064935065,-2.315801806888765,219.52362038179317,195.3236216140225,198.6434811690635,0.0621274064838375,0.0702742319181924,0.128134157933525,37.4403402772849,35.238700391063475,33.43981574720685,160186.70818799996,141301.9237375,301873.2633782609,5077.668990481972,5191.31939014504,6012.968695379659,0.6960325956709955,1.5601033982683987,-0.9537981931112356,-0.1003870036464258,-0.136742585194957,-0.0465561294318227,0.0132891062423832,-0.0168135327261942,-0.0601743880388759,0.0047194626221388,-22811.7004545454,,,,0.197056,0.22343283333333333,6.0,0.279915,0.229514,1.0,,,,0.22776654545454544,0.3743405,0.21148622222222221,,,
2012,NOR,0.0,2975919.0,2177695.734176,1734498.4166666667,1.57417,1.525,469.1508709699852,0.29994,157.23630858889268,373529.95906,28274.281190331203,0,0,0,2926591.0,2848298.0,2879838.0,2075530.7030792555,2058951.6776683647,2102840.154751931,1664592.1666666667,1559178.75,1511496.75,2.55667,2.77083,3.31583,2.188333333333333,2.016666666666667,1.7599999999999998,438.9022956434741,402.22122483327297,370.2082812009414,0.28843,0.42306,0.4283958561576272,156.12901064108354,154.1239035464022,150.51271564453825,345594.52125,277707.0705,253170.2091,27890.55417976372,27987.20144729498,27893.199071352246,0.0491699999999999,0.3683366666666665,0.7541633333333331,1.5558300000000005,0.0274876434979766,0.0080521682906443,0.0676082948582173,0.0911962585400757,-0.0034532665837728,0.0168551054793786,0.0143239255203106,0.0218959108373274,36653.6,33123.200000000026,1650178.9862307692,1634761.42568,1735730.65175,1302461.2201867837,1337317.4825669294,1438756.2079692655,943643.2410256412,871759.0173333334,858413.5597222223,-4.582081538461539,-4.5426384,-4.164206666666667,-4.865516983016983,-5.238670995670995,-5.724310064935065,247.76147502346373,219.52362038179317,195.3236216140225,-0.0748921091501562,0.0621274064838375,0.0702742319181924,38.00543428437837,37.4403402772849,35.238700391063475,221913.1317,160186.70818799996,141301.9237375,4785.726761778333,5077.668990481972,5191.31939014504,0.2834354445554445,0.6960325956709955,1.5601033982683987,-0.0579318750634254,-0.1023496658401399,-0.0086318034388039,0.0174810087073545,-0.0229643402816312,-0.0749106025799567,-0.0188847888184111,-70686.58739130436,,,,0.22239771428571428,0.16697914285714285,7.0,,,,,,,0.197056,0.22776654545454544,0.3743405,0.279915,,
2013,NOR,0.0,3270985.0,2368008.172992694,1812812.0833333333,1.91916666666667,1.4858333333333331,488.1645942563859,0.30351,160.58812940388233,316858.18008,28240.638910650112,0,0,0,2975919.0,2926591.0,2848298.0,2177695.734176,2075530.7030792555,2058951.6776683647,1734498.4166666667,1664592.1666666667,1559178.75,1.57417,2.55667,2.77083,1.525,2.188333333333333,2.016666666666667,469.1508709699852,438.9022956434741,402.22122483327297,0.29994,0.28843,0.42306,157.23630858889268,156.12901064108354,154.1239035464022,373529.95906,345594.52125,277707.0705,28274.281190331203,27890.55417976372,27987.20144729498,0.4333333333333367,0.0491699999999999,0.3683366666666665,0.7541633333333331,0.0168551054793785,0.0492235701188004,0.0419960224491424,0.068918699279446,0.0137583143057767,0.0991512201776998,0.0111302480127295,0.0198489832926744,131738.9,36653.6,1638389.2459999998,1650178.9862307692,1634761.42568,1356386.946832166,1302461.2201867837,1337317.4825669294,978599.7413580248,943643.2410256412,871759.0173333334,-5.394874814814815,-4.582081538461539,-4.5426384,-5.348645983645984,-4.865516983016983,-5.238670995670995,268.8336994231799,247.76147502346373,219.52362038179317,-0.06060832732978,-0.0748921091501562,0.0621274064838375,37.70512355498829,38.00543428437837,37.4403402772849,241629.56463222217,221913.1317,160186.70818799996,4992.20463302069,4785.726761778333,5077.668990481972,-0.0462288311688311,0.2834354445554445,0.6960325956709955,-0.0663362640411225,-0.0572417384027476,-0.0339120834079248,-0.0054688970420196,-0.0048695155350958,-0.0751078559843395,-0.0201763248103276,-64210.912916666704,,,,0.11485975,0.237593,8.0,0.130073,0.152396,1.0,,,,0.22239771428571428,0.197056,0.22776654545454544,,0.279915,
2014,NOR,0.0,3682243.0,2405812.2206649818,1921447.0833333333,1.76,1.4683333333333335,501.45883701935935,0.29859,163.8401936469973,340621.27829999995,28460.930608223927,0,0,0,3270985.0,2975919.0,2926591.0,2368008.172992694,2177695.734176,2075530.7030792555,1812812.0833333333,1734498.4166666667,1664592.1666666667,1.91916666666667,1.57417,2.55667,1.4858333333333331,1.525,2.188333333333333,488.1645942563859,469.1508709699852,438.9022956434741,0.30351,0.29994,0.28843,160.58812940388233,157.23630858889268,156.12901064108354,316858.18008,373529.95906,345594.52125,28240.638910650112,28274.281190331203,27890.55417976372,0.2916666666666665,0.4333333333333367,0.0491699999999999,0.3683366666666665,0.0991512201776997,0.08739165707587,0.0451506129461729,0.0405279505228013,-0.0011898544636599,0.1257290999500151,0.047831323051685,0.044761161702393,256202.20000000016,131738.9,1874941.3443571427,1638389.2459999998,1650178.9862307692,1498256.994690569,1356386.946832166,1302461.2201867837,1021963.4172619048,978599.7413580248,943643.2410256412,-4.857204047619044,-5.394874814814815,-4.582081538461539,-5.196789579468151,-5.348645983645984,-4.865516983016983,278.24621915875275,268.8336994231799,247.76147502346373,-0.0548737442108593,-0.06060832732978,-0.0748921091501562,39.710332814442665,37.70512355498829,38.00543428437837,176328.1583439286,241629.56463222217,221913.1317,4780.269330731717,4992.20463302069,4785.726761778333,0.3395855318491066,-0.0462288311688311,0.2834354445554445,0.0184167493253883,-0.016953587060391,-0.0295014898217119,-0.0336570940563673,-0.0196373318773067,-0.0355180172536787,0.0055118660920958,33442.823599999974,,,,0.1546024,0.1430166,5.0,,,,,,,0.11485975,0.22239771428571428,0.197056,0.130073,,0.279915
2015,NOR,0.0,3949682.0,2645105.0,1919806.0,0.9675,1.0058333333333334,532.0518164661644,0.3454399999999999,167.40150326292397,249951.2371200001,28747.705414729848,0,0,0,3682243.0,3270985.0,2975919.0,2405812.2206649818,2368008.172992694,2177695.734176,1921447.0833333333,1812812.0833333333,1734498.4166666667,1.76,1.91916666666667,1.57417,1.4683333333333335,1.4858333333333331,1.525,501.45883701935935,488.1645942563859,469.1508709699852,0.29859,0.30351,0.29994,163.8401936469973,160.58812940388233,157.23630858889268,340621.27829999995,316858.18008,373529.95906,28460.930608223927,28240.638910650112,28274.281190331203,-0.0383333333333333,0.2916666666666665,0.4333333333333367,0.0491699999999999,0.125729099950015,0.0159644920585348,0.0599262333910781,0.0272331154684095,0.0078005210247116,0.0726293729121081,0.0805784752023645,0.0567635165395624,333254.70000000024,256202.20000000016,2221546.194551724,1874941.3443571427,1638389.2459999998,1484397.0080631813,1498256.994690569,1356386.946832166,1095358.2994252872,1021963.4172619048,978599.7413580248,-4.84888091954023,-4.857204047619044,-5.394874814814815,-5.035089938796835,-5.196789579468151,-5.348645983645984,281.94576470935544,278.24621915875275,268.8336994231799,-0.0579015461346227,-0.0548737442108593,-0.06060832732978,41.59307523636994,39.710332814442665,37.70512355498829,194010.97524172408,176328.1583439286,241629.56463222217,4835.724154832024,4780.269330731717,4992.20463302069,0.1862090192566052,0.3395855318491066,-0.0462288311688311,0.0443368880503683,-0.0877752668255694,-0.0136722447403169,-0.0457498900373174,-0.0099456231076028,-0.0014553829824926,0.017310077740669,156619.86115384626,0.108338,0.227027,1.0,0.17560216666666664,0.19505016666666666,6.0,,,,,,,0.1546024,0.11485975,0.22239771428571428,,0.130073,
2016,NOR,0.0,4130628.0,2785424.0,1980907.25,0.84,0.5458333333333333,569.4284565729125,0.38126,173.3370192894678,137960.53044,28797.222936360176,0,0,0,3949682.0,3682243.0,3270985.0,2645105.0,2405812.2206649818,2368008.172992694,1919806.0,1921447.0833333333,1812812.0833333333,0.9675,1.76,1.91916666666667,1.0058333333333334,1.4683333333333335,1.4858333333333331,532.0518164661644,501.45883701935935,488.1645942563859,0.3454399999999999,0.29859,0.30351,167.40150326292397,163.8401936469973,160.58812940388233,249951.2371200001,340621.27829999995,316858.18008,28747.705414729848,28460.930608223927,28240.638910650112,0.2941666666666667,-0.0383333333333333,0.2916666666666665,0.4333333333333367,0.0726293729121081,0.0994644458447701,-0.0008540871864586,0.0610079575596829,0.0100760867750071,0.0458128021445776,0.099169897679941,0.0265498684462253,284636.8,333254.70000000024,2414933.6547333333,2221546.194551724,1874941.3443571427,1674209.887129427,1484397.0080631813,1498256.994690569,1057205.2727777776,1095358.2994252872,1021963.4172619048,-5.479751555555556,-4.84888091954023,-4.857204047619044,-5.329753607503608,-5.035089938796835,-5.196789579468151,303.1405519991819,281.94576470935544,278.24621915875275,-0.009121494596802,-0.0579015461346227,-0.0548737442108593,43.76794901108427,41.59307523636994,39.710332814442665,96873.90155366671,194010.97524172408,176328.1583439286,4961.308156176878,4835.724154832024,4780.269330731717,-0.149997948051948,0.1862090192566052,0.3395855318491066,-0.0102916971961718,-0.0012485797005214,-0.0739811086026704,-0.0103974655309641,-0.0073271048363554,0.0171880174587443,-0.0135217874148347,227871.6255555557,,,,0.262240875,0.128586625,8.0,0.273559,0.127268,1.0,0.108338,,,0.17560216666666664,0.1546024,0.11485975,,,0.130073
2017,NOR,0.0,4403229.0,2979962.0,2107074.0,1.06583333,0.4776041666666665,597.7602157997358,0.38636,176.54375414632295,180455.11832,29253.92387242427,0,0,0,4130628.0,3949682.0,3682243.0,2785424.0,2645105.0,2405812.2206649818,1980907.25,1919806.0,1921447.0833333333,0.84,0.9675,1.76,0.5458333333333333,1.0058333333333334,1.4683333333333335,569.4284565729125,532.0518164661644,501.45883701935935,0.38126,0.3454399999999999,0.29859,173.3370192894678,167.40150326292397,163.8401936469973,137960.53044,249951.2371200001,340621.27829999995,28797.222936360176,28747.705414729848,28460.930608223927,0.5882291633333334,0.2941666666666667,-0.0383333333333333,0.2916666666666665,0.0458128021445777,0.0530485557284115,0.0318267835395868,0.0702500000000001,0.0017224860529201,0.0659950496631505,0.0813904250022336,0.0406721119322105,234390.4000000002,284636.8,2517978.569096774,2414933.6547333333,2221546.194551724,1760522.1165768648,1674209.887129427,1484397.0080631813,1084203.1268817205,1057205.2727777776,1095358.2994252872,-5.430485376344087,-5.479751555555556,-4.84888091954023,-5.617826071777685,-5.329753607503608,-5.035089938796835,330.7384646220856,303.1405519991819,281.94576470935544,0.0269927471643851,-0.009121494596802,-0.0579015461346227,48.29159571468991,43.76794901108427,41.59307523636994,-18241.76969258065,96873.90155366671,194010.97524172408,4850.783479220856,4961.308156176878,4835.724154832024,0.1873406954335986,-0.149997948051948,0.1862090192566052,-0.0367652113904966,-0.0476228504935293,-0.0388342009232026,-0.0008088409062814,-0.0154364687305639,-0.0011841454761611,0.0010667246026963,171115.4532142856,,,,0.1452355714285714,0.24670985714285715,7.0,0.070501,0.08393,1.0,,0.108338,,0.262240875,0.17560216666666664,0.1546024,0.273559,,
2018,NOR,0.0,4642883.0,3156477.0,2229518.0,1.43916667,0.5653273809523808,606.406057817311,0.39658,181.42813134443008,282641.667,29394.289527980112,0,0,0,4403229.0,4130628.0,3949682.0,2979962.0,2785424.0,2645105.0,2107074.0,1980907.25,1919806.0,1.06583333,0.84,0.9675,0.4776041666666665,0.5458333333333333,1.0058333333333334,597.7602157997358,569.4284565729125,532.0518164661644,0.38636,0.38126,0.3454399999999999,176.54375414632295,173.3370192894678,167.40150326292397,180455.11832,137960.53044,249951.2371200001,29253.92387242427,28797.222936360176,28747.705414729848,0.8738392890476193,0.5882291633333334,0.2941666666666667,-0.0383333333333333,0.0659950496631504,0.0698414316814962,0.0636913969596506,0.0497547302032235,0.0158592006275525,0.0544268762764779,0.061479074906612,0.0139670196510836,235220.4,234390.4000000002,2711892.7388125,2517978.569096774,2414933.6547333333,1900043.8004338376,1760522.1165768648,1674209.887129427,1176488.5291666668,1084203.1268817205,1057205.2727777776,-5.034949378333333,-5.430485376344087,-5.479751555555556,-5.510498173701299,-5.617826071777685,-5.329753607503608,348.7346468294686,330.7384646220856,303.1405519991819,0.0312492238154981,0.0269927471643851,-0.009121494596802,49.989218205461,48.29159571468991,43.76794901108427,24822.873490312515,-18241.76969258065,96873.90155366671,5155.897431559297,4850.783479220856,4961.308156176878,0.4755487953679654,0.1873406954335986,-0.149997948051948,-0.0153969893109401,-0.0292937535567823,-0.0057168713443258,-0.0212780190609199,-0.0008018035517197,-0.0210560240559106,-0.025673925165187,114968.52034482776,,,,0.1701602857142857,0.19647642857142858,7.0,,,,,,0.108338,0.1452355714285714,0.262240875,0.17560216666666664,0.070501,0.273559,
2019,NOR,0.0,4880018.0,3337867.0,2327591.0,1.285,1.1306547619047616,621.4365216324801,0.4088,185.37419320117144,101594.88183,29462.86013570684,0,0,0,4642883.0,4403229.0,4130628.0,3156477.0,2979962.0,2785424.0,2229518.0,2107074.0,1980907.25,1.43916667,1.06583333,0.84,0.5653273809523808,0.4776041666666665,0.5458333333333333,606.406057817311,597.7602157997358,569.4284565729125,0.39658,0.38636,0.38126,181.42813134443008,176.54375414632295,173.3370192894678,282641.667,180455.11832,137960.53044,29394.289527980112,29253.92387242427,28797.222936360176,0.1543452380952383,0.8738392890476193,0.5882291633333334,0.2941666666666667,0.054426876276478,0.0592339768091002,0.0581109158956923,0.0144637294170005,0.0047981821573055,0.0510749463210682,0.0554115760280686,0.0101270925702205,248782.4,235220.4,2869368.1709696967,2711892.7388125,2517978.569096774,2018981.7155722063,1900043.8004338376,1760522.1165768648,1263281.3616161617,1176488.5291666668,1084203.1268817205,-4.509041814747475,-5.034949378333333,-5.430485376344087,-5.255790166273122,-5.510498173701299,-5.617826071777685,346.8127722764538,348.7346468294686,330.7384646220856,0.0405222776392709,0.0312492238154981,0.0269927471643851,53.35877060946325,49.989218205461,48.29159571468991,126257.21388272729,24822.873490312515,-18241.76969258065,5140.023771007283,5155.897431559297,4850.783479220856,0.7467483515256463,0.4755487953679654,0.1873406954335986,-0.0264840067816457,-0.0389857786305289,-0.0111187001787739,-0.0559040817514892,-0.0118377656609755,-0.0264442963520053,-0.0286856611116892,111966.23633333325,,,,0.133883625,0.20305562500000002,8.0,0.31207,0.091809,1.0,,,,0.1701602857142857,0.1452355714285714,0.262240875,,0.070501,0.273559
2020,NOR,0.0,5115159.0,3552044.0,2553501.0,0.55583333,0.3411458333333332,645.9109051899237,0.414,187.7377141644864,67176.696,29086.336859818988,0,0,0,4880018.0,4642883.0,4403229.0,3337867.0,3156477.0,2979962.0,2327591.0,2229518.0,2107074.0,1.285,1.43916667,1.06583333,1.1306547619047616,0.5653273809523808,0.4776041666666665,621.4365216324801,606.406057817311,597.7602157997358,0.4088,0.39658,0.38636,185.37419320117144,181.42813134443008,176.54375414632295,101594.88183,282641.667,180455.11832,29462.86013570684,29394.289527980112,29253.92387242427,0.2146874966666668,0.1543452380952383,0.8738392890476193,0.5882291633333334,0.0510749463210681,0.0574659660121078,0.0439884315802787,0.0247861373108137,0.0023327867020379,0.0481844534179995,0.0571656240868988,0.0078280218198094,237292.49999999997,248782.4,3022109.989470588,2869368.1709696967,2711892.7388125,2140989.9004083183,2018981.7155722063,1900043.8004338376,1324199.0274509806,1263281.3616161617,1176488.5291666668,-4.530589607843138,-4.509041814747475,-5.034949378333333,-4.5358807216068255,-5.255790166273122,-5.510498173701299,351.6428604364331,346.8127722764538,348.7346468294686,0.0515504459439982,0.0405222776392709,0.0312492238154981,55.73545686004394,53.35877060946325,49.989218205461,-58503.01875441175,126257.21388272729,24822.873490312515,5057.417208998497,5140.023771007283,5155.897431559297,0.0052911137636875,0.7467483515256463,0.4755487953679654,-0.0290333910770056,-0.0395724021962932,-0.0249042541857398,-0.0438876107742975,-0.0139444409446984,-0.0238638640321749,-0.0300883049523601,121916.42225806449,,,,0.14182233333333333,0.2711556666666667,3.0,,,,,,,0.133883625,0.1701602857142857,0.1452355714285714,0.31207,,0.070501
1991,PRT,0.0,5900786.75,1373903.125,9730594.352,14.5367,17.7375,119.41798370342416,0.5851080000000001,111.40027664496436,-103767.0,11303.5,0,0,0,4700300.5,4262848.75,3810761.875,1165201.375,1083003.75,936050.4375,8051978.0,6847249.0,6226944.0,15.4025,14.9433,14.1475,16.9025,14.8272727272727,12.9683333333333,100.0363045529532,87.79444218658868,74.90133368641185,0.560191,0.553556,0.568103,100.0,88.18356347332522,78.31556604898523,45812.0,87596.0,-129443.0,10826.4,10371.9,9867.74,-3.200800000000001,-1.5,0.116027272727301,1.179166666666701,0.1026195803921028,0.075897821221764,0.1759435066550084,0.1394377828649678,0.0438203222167587,0.2554062766837992,0.1196147697006171,0.0175060562732993,670752.6374999997,450342.67500000034,1224062.8624999998,983263.890625,708236.0208333335,397194.93124000006,393746.6328,329057.7604,2508726.8,1629997.25,1346256.333333333,-0.7399799999999992,-1.4989750000000015,-3.0596999999999994,1.6670387878788002,-0.5102356060606255,-3.158900000000033,18.688416616452955,12.893108500176837,-9.044621018818404,-0.0168994,-0.0294179999999999,-0.019828,27.72900717845985,19.890713314731343,13.363621187188471,-3176.5999999999985,48259.25,-225039.6666666667,1552.0499999999993,1371.9375,1157.0366666666669,-2.4070187878788003,-0.9887393939393744,0.0992000000000341,-0.0076459421330741,-0.1550216479812811,0.0457400667733923,-0.032696782243795,-0.0133578925465813,0.0174181506182068,-0.0216100660401195,99860.05937500042,,,,,,,,,,,,,,,,,,
1992,PRT,0.0,6863702.0,1590423.75,11832247.158,13.8317,16.70575,134.26780818034513,0.5255340000000001,121.31477904175908,-39836.0,11416.7,0,0,0,5900786.75,4700300.5,4262848.75,1373903.125,1165201.375,1083003.75,9730594.352,8051978.0,6847249.0,14.5367,15.4025,14.9433,17.7375,16.9025,14.8272727272727,119.41798370342416,100.0363045529532,87.79444218658868,0.5851080000000001,0.560191,0.553556,111.40027664496436,100.0,88.18356347332522,-103767.0,45812.0,87596.0,11303.5,10826.4,10371.9,-2.8740499999999987,-3.200800000000001,-1.5,0.116027272727301,0.2554062766837993,0.1791121727778599,0.208472545752112,0.1937464527211864,0.0440682036503362,0.1631842143761592,0.1588867021863833,0.0839710581235962,900304.5999999996,670752.6374999997,2220538.6354166665,1224062.8624999998,983263.890625,539697.5260333334,397194.93124000006,393746.6328,3769222.018666667,2508726.8,1629997.25,-1.48245,-0.7399799999999992,-1.4989750000000015,2.224198989899,1.6670387878788002,-0.5102356060606255,31.840623561439585,18.688416616452955,12.893108500176837,0.0108341666666667,-0.0168994,-0.0294179999999999,34.50778262701422,27.72900717845985,19.890713314731343,-152226.16666666666,-3176.5999999999985,48259.25,1770.4750000000004,1552.0499999999993,1371.9375,-3.7066489898990014,-2.4070187878788003,-0.9887393939393744,0.1466699425852371,-0.0208029668289289,0.0691210925158175,0.037960278734321,-0.0104384326036876,0.0523355454494213,0.0502574523202072,286983.3354166663,,,,,,,,,,,,,,,,,,
1993,PRT,0.0,7602678.5,1938661.0,13227401.396,11.1808,13.2450833333333,135.965963290797,0.5738989999999999,129.2003529608166,1320.0,11138.4,0,0,0,6863702.0,5900786.75,4700300.5,1590423.75,1373903.125,1165201.375,11832247.158,9730594.352,8051978.0,13.8317,14.5367,15.4025,16.70575,17.7375,16.9025,134.26780818034513,119.41798370342416,100.0363045529532,0.5255340000000001,0.5851080000000001,0.560191,121.31477904175908,111.40027664496436,100.0,-39836.0,-103767.0,45812.0,11416.7,11303.5,10826.4,-2.0642833333333,-2.8740499999999987,-3.200800000000001,-1.5,0.1631842143761592,0.1575952634942874,0.2159840118674797,0.1243516597449899,0.0100145972486398,0.1076644207455392,0.1737366904840204,0.0769380250912252,967004.9249999996,900304.5999999996,2866234.0803571427,2220538.6354166665,1224062.8624999998,679118.5044571429,539697.5260333334,397194.93124000006,5332414.536285714,3769222.018666667,2508726.8,-1.9756714285714287,-1.48245,-0.7399799999999992,0.8747062770562835,2.224198989899,1.6670387878788002,38.73029214800064,31.840623561439585,18.688416616452955,-0.0502875714285714,0.0108341666666667,-0.0168994,39.49260179137836,34.50778262701422,27.72900717845985,-66548.57142857142,-152226.16666666666,-3176.5999999999985,1630.7500000000018,1770.4750000000004,1552.0499999999993,-2.850377705627713,-3.7066489898990014,-2.4070187878788003,0.0300028898467242,-0.0388527149743465,0.0651123765452156,-0.0440879404866491,-0.0427523002381027,0.0567184246571741,0.0331729288237947,444789.4640624997,,,,,,,,,,,,,,,,,,
1994,PRT,0.0,8196105.25,2408390.25,14624760.936,10.4792,11.1066666666667,139.06806426834154,0.602306,135.91853282774082,-252600.0,11178.7,0,0,0,7602678.5,6863702.0,5900786.75,1938661.0,1590423.75,1373903.125,13227401.396,11832247.158,9730594.352,11.1808,13.8317,14.5367,13.2450833333333,16.70575,17.7375,135.965963290797,134.26780818034513,119.41798370342416,0.5738989999999999,0.5255340000000001,0.5851080000000001,129.2003529608166,121.31477904175908,111.40027664496436,1320.0,-39836.0,-103767.0,11138.4,11416.7,11303.5,-0.6274666666666988,-2.0642833333333,-2.8740499999999987,-3.200800000000001,0.1076644207455393,0.2189587837832527,0.1179111811450549,0.0126475223917481,-0.0243765711632959,0.0780549578678093,0.1754183039351659,0.0746268631896298,762493.1999999994,967004.9249999996,3246931.3203125,2866234.0803571427,2220538.6354166665,942465.9414,679118.5044571429,539697.5260333334,6061016.95725,5332414.536285714,3769222.018666667,-4.3796125,-1.9756714285714287,-1.48245,-2.6952986742424496,0.8747062770562835,2.224198989899,32.68238882885238,38.73029214800064,31.840623561439585,0.0043633749999999,-0.0502875714285714,0.0108341666666667,42.441600486513565,39.49260179137836,34.50778262701422,-17074.0,-66548.57142857142,-152226.16666666666,1148.606249999999,1630.7500000000018,1770.4750000000004,-1.6843138257575505,-2.850377705627713,-3.7066489898990014,-0.0298030309048562,0.0280611931680967,-0.0422622222550971,-0.1447700927182286,-0.0710359971874524,0.0489469673321239,0.0253329454515669,422531.8962499995,,,,,,,,,,,,,,,,,,
1995,PRT,0.0,9246430.0,3008433.0,15807805.218,11.465,9.78666666666667,141.19979089789356,0.622148,141.491378693568,-107500.0,11613.6,0,0,0,8196105.25,7602678.5,6863702.0,2408390.25,1938661.0,1590423.75,14624760.936,13227401.396,11832247.158,10.4792,11.1808,13.8317,11.1066666666667,13.2450833333333,16.70575,139.06806426834154,135.965963290797,134.26780818034513,0.602306,0.5738989999999999,0.5255340000000001,135.91853282774082,129.2003529608166,121.31477904175908,-252600.0,1320.0,-39836.0,11178.7,11138.4,11416.7,1.6783333333333292,-0.6274666666666988,-2.0642833333333,-2.8740499999999987,0.0780549578678093,0.2422957133815556,0.105641274364182,0.0228152759886673,0.0036181139122316,0.1281492511336406,0.1163011976631693,0.0432168140318069,774161.0750000007,762493.1999999994,3479587.923611111,3246931.3203125,2866234.0803571427,1307476.753466667,942465.9414,679118.5044571429,6784930.168666667,6061016.95725,5332414.536285714,-4.594588888888888,-4.3796125,-1.9756714285714287,-4.534237710437667,-2.6952986742424496,0.8747062770562835,30.337425001588212,32.68238882885238,38.73029214800064,0.0322855555555555,0.0043633749999999,-0.0502875714285714,44.44404696604741,42.441600486513565,39.49260179137836,-269096.8888888889,-17074.0,-66548.57142857142,1061.283333333335,1148.606249999999,1630.7500000000018,-0.0603511784512212,-1.6843138257575505,-2.850377705627713,-0.0556871149194792,0.0478904736203875,-0.0492493512540828,-0.1056483205776636,-0.0341618124634932,-0.0171625628444618,-0.0096960959136226,147598.18854166614,,,,,,,,,,,,,,,,,,
1996,PRT,0.0,10612915.5,3789911.75,16994257.694,8.55917,7.36666666666667,143.50184919280295,0.633122,145.877751544204,-232300.0,12000.976245356398,0,0,0,9246430.0,8196105.25,7602678.5,3008433.0,2408390.25,1938661.0,15807805.218,14624760.936,13227401.396,11.465,10.4792,11.1808,9.78666666666667,11.1066666666667,13.2450833333333,141.19979089789356,139.06806426834154,135.965963290797,0.622148,0.602306,0.5738989999999999,141.491378693568,135.91853282774082,129.2003529608166,-107500.0,-252600.0,1320.0,11613.6,11178.7,11138.4,1.19250333333333,1.6783333333333292,-0.6274666666666988,-2.0642833333333,0.1281492511336406,0.2491468108210453,0.0808932390195755,0.0153286568038993,0.0389043448701548,0.1477851992606875,0.1046228765823297,0.0251852694570326,1008103.5750000004,774161.0750000007,4181953.88125,3479587.923611111,3246931.3203125,1776771.82812,1307476.753466667,942465.9414,7289481.433799999,6784930.168666667,6061016.95725,-3.149330000000001,-4.594588888888888,-4.3796125,-5.400813939393929,-4.534237710437667,-2.6952986742424496,28.13523377377048,30.337425001588212,32.68238882885238,0.048899,0.0322855555555555,0.0043633749999999,45.57248813526985,44.44404696604741,42.441600486513565,-97087.2,-269096.8888888889,-17074.0,1390.0550000000003,1061.283333333335,1148.606249999999,2.2514839393939288,-0.0603511784512212,-1.6843138257575505,0.0005946355596274,0.0494204073242786,-0.0685252364593468,-0.0955268863328211,0.004920175434818,-0.0266955635697436,-0.0265156284991941,138180.60803571506,,,,,,,,,,,,,,,,,,
1997,PRT,0.0,13154025.0,4829010.0,18486244.738,6.35833,5.74166666666667,148.7098689690327,0.587155,149.08719086117668,-961800.0,12460.150328560654,0,0,0,10612915.5,9246430.0,8196105.25,3789911.75,3008433.0,2408390.25,16994257.694,15807805.218,14624760.936,8.55917,11.465,10.4792,7.36666666666667,9.78666666666667,11.1066666666667,143.50184919280295,141.19979089789356,139.06806426834154,0.633122,0.622148,0.602306,145.877751544204,141.491378693568,135.91853282774082,-232300.0,-107500.0,-252600.0,12000.976245356398,11613.6,11178.7,0.6166633333333298,1.19250333333333,1.6783333333333292,-0.6274666666666988,0.1477851992606876,0.2597627236504851,0.0750548516785246,0.0163035531445941,0.0333553975818348,0.2394355726284638,0.1179964694207125,0.035956722230482,1624024.4750000003,1008103.5750000004,5168261.755681818,4181953.88125,3479587.923611111,2396725.866472727,1776771.82812,1307476.753466667,7813253.779454544,7289481.433799999,6784930.168666667,-5.768857272727274,-3.149330000000001,-4.594588888888888,-7.329830853994482,-5.400813939393929,-4.534237710437667,26.92038784695856,28.13523377377048,30.337425001588212,0.0554276363636362,0.048899,0.0322855555555555,45.81590751906312,45.57248813526985,44.44404696604741,-213061.0909090909,-97087.2,-269096.8888888889,1651.062608992761,1390.0550000000003,1061.283333333335,1.560973581267209,2.2514839393939288,-0.0603511784512212,0.0201711201307117,0.0550942794212905,-0.067511100154463,-0.0809052919445804,-0.0011207893969837,-0.0103557970013893,-0.0127979947813898,354850.5320312504,,,,,,,,,,,,,,,,,,
1998,PRT,0.0,16745459.5,6502232.5,19593907.788,4.8775,4.30833333333333,155.3373193100936,0.556157,152.38988672550744,-1295600.0,13012.744466167163,0,0,0,13154025.0,10612915.5,9246430.0,4829010.0,3789911.75,3008433.0,18486244.738,16994257.694,15807805.218,6.35833,8.55917,11.465,5.74166666666667,7.36666666666667,9.78666666666667,148.7098689690327,143.50184919280295,141.19979089789356,0.587155,0.633122,0.622148,149.08719086117668,145.877751544204,141.491378693568,-961800.0,-232300.0,-107500.0,12460.150328560654,12000.976245356398,11613.6,0.5691666666666704,0.6166633333333298,1.19250333333333,1.6783333333333292,0.2394355726284638,0.2741747878430151,0.0877935989241098,0.036292353063914,0.0382613942246512,0.2730293199229894,0.171790007674264,0.0593997850012242,2503819.8000000007,1624024.4750000003,7278682.776041667,5168261.755681818,4181953.88125,3236096.9609333333,2396725.866472727,1776771.82812,8654136.341833334,7813253.779454544,7289481.433799999,-7.488959166666668,-5.768857272727274,-3.149330000000001,-8.344011616161609,-7.329830853994482,-5.400813939393929,29.13725341797067,26.92038784695856,28.13523377377048,0.0048416666666666,0.0554276363636362,0.048899,45.20735454278055,45.81590751906312,45.57248813526985,-924806.0,-213061.0909090909,-97087.2,1972.648141447622,1651.062608992761,1390.0550000000003,0.8550524494949412,1.560973581267209,2.2514839393939288,0.1099877553047869,0.0644977727573395,-0.048634980167563,-0.050803330532188,0.0038870971910129,0.044473320952301,0.0119248674674913,931343.5951388892,,,,,,,,,,,,,,,,,,
1999,PRT,0.0,21284974.0,8456331.0,21474829.912,4.7775,2.9635,169.28386979263362,0.554056,155.69476980564235,-2251796.4583642283,13465.664985637017,0,0,0,16745459.5,13154025.0,10612915.5,6502232.5,4829010.0,3789911.75,19593907.788,18486244.738,16994257.694,4.8775,6.35833,8.55917,4.30833333333333,5.74166666666667,7.36666666666667,155.3373193100936,148.7098689690327,143.50184919280295,0.556157,0.587155,0.633122,152.38988672550744,149.08719086117668,145.877751544204,-1295600.0,-961800.0,-232300.0,13012.744466167163,12460.150328560654,12000.976245356398,1.814,0.5691666666666704,0.6166633333333298,1.19250333333333,0.2730293199229893,0.3464938983352695,0.0599182292400957,0.0445663114829385,0.0443489141812259,0.2710892764692423,0.2200833639373802,0.0648259471665146,3560760.999999999,2503819.8000000007,10310218.600961538,7278682.776041667,5168261.755681818,4660388.925476924,3236096.9609333333,2396725.866472727,9096096.59630769,8654136.341833334,7813253.779454544,-8.393715384615383,-7.488959166666668,-5.768857272727274,-9.1354979020979,-8.344011616161609,-7.329830853994482,32.8509784172345,29.13725341797067,26.92038784695856,-0.0265287692307691,0.0048416666666666,0.0554276363636362,45.032561596128176,45.20735454278055,45.81590751906312,-1187467.076923077,-924806.0,-213061.0909090909,2373.500114327391,1972.648141447622,1651.062608992761,0.741782517482517,0.8550524494949412,1.560973581267209,0.1344158563239135,0.131442068853149,-0.0724574348376136,-0.036884557609587,0.0096506923816699,0.0887236480379354,0.0162669507721006,1718004.5606250009,,,,,,,,,,,,,,,,,,
2000,PRT,0.0,26094336.0,10171454.0,22768139.294,5.595,4.39176666666667,182.39940819901483,0.541931,160.0626397666149,-2765818.090888799,13922.217384573703,0,0,0,21284974.0,16745459.5,13154025.0,8456331.0,6502232.5,4829010.0,21474829.912,19593907.788,18486244.738,4.7775,4.8775,6.35833,2.9635,4.30833333333333,5.74166666666667,169.28386979263362,155.3373193100936,148.7098689690327,0.554056,0.556157,0.587155,155.69476980564235,152.38988672550744,149.08719086117668,-2251796.4583642283,-1295600.0,-961800.0,13465.664985637017,13012.744466167163,12460.150328560654,1.2032333333333298,1.814,0.5691666666666704,0.6166633333333298,0.2710892764692423,0.300527318886244,0.0959952524198335,0.0897823558722492,0.0348059182017624,0.2259510394515869,0.2611847230068985,0.0188602783327402,4336044.749999998,3560760.999999999,14113288.91517857,10310218.600961538,7278682.776041667,6281602.502228571,4660388.925476924,3236096.9609333333,10327297.534857145,9096096.59630769,8654136.341833334,-7.894164285714286,-8.393715384615383,-7.488959166666668,-9.827795670995668,-9.1354979020979,-8.344011616161609,43.81107631638959,32.8509784172345,29.13725341797067,-0.0267348571428571,-0.0265287692307691,0.0048416666666666,45.12083313368253,45.032561596128176,45.20735454278055,-2058844.4583642285,-1187467.076923077,-924806.0,2656.884911345287,2373.500114327391,1972.648141447622,1.9336313852813811,0.741782517482517,0.8550524494949412,0.1221361316144808,0.0753645610308044,-0.0308067628242132,0.0120199425406823,-0.0006346645502296,0.122431369770959,-0.031054297292682,2618763.527840908,,,,,,,,,,,,,,,,,,
2001,PRT,0.0,29547037.0,11500650.0,24372596.74,5.1575,4.26178333333333,192.2838064871925,0.573802,167.12078516674424,-2886072.876360037,14127.25924856187,0,0,0,26094336.0,21284974.0,16745459.5,10171454.0,8456331.0,6502232.5,22768139.294,21474829.912,19593907.788,5.595,4.7775,4.8775,4.39176666666667,2.9635,4.30833333333333,182.39940819901483,169.28386979263362,155.3373193100936,0.541931,0.554056,0.556157,160.0626397666149,155.69476980564235,152.38988672550744,-2765818.090888799,-2251796.4583642283,-1295600.0,13922.217384573703,13465.664985637017,13012.744466167163,0.8957166666666696,1.2032333333333298,1.814,0.5691666666666704,0.2259510394515868,0.2028211762287923,0.0602244295903506,0.0774765984641492,0.0339049277866087,0.1323161087524893,0.2566898786146062,0.0266382829207905,4321409.449999999,4336044.749999998,17981764.9875,14113288.91517857,10310218.600961538,7577952.00208,6281602.502228571,4660388.925476924,10932120.414533334,10327297.534857145,9096096.59630769,-6.550386666666667,-7.894164285714286,-8.393715384615383,-7.744342626262619,-9.827795670995668,-9.1354979020979,53.275691696405005,43.81107631638959,32.8509784172345,-0.0370775333333333,-0.0267348571428571,-0.0265287692307691,46.480647552409565,45.12083313368253,45.032561596128176,-2435609.7936645173,-2058844.4583642285,-1187467.076923077,2936.3116495256218,2656.884911345287,2373.500114327391,1.1939559595959524,1.9336313852813811,0.741782517482517,0.068273885195791,-0.027724764557419,-0.0643771025948237,-0.0013785369165705,-0.0014903217832241,0.1085187277039775,-0.0208875006051946,3175816.983854165,,,,,,,,,,,,,,,,,,
2002,PRT,0.0,32312486.0,12998852.0,24020149.384,5.00667,3.31859166666667,193.48128972688636,0.600437,173.30623146100078,-2143207.2462181244,14170.93849166225,0,0,0,29547037.0,26094336.0,21284974.0,11500650.0,10171454.0,8456331.0,24372596.74,22768139.294,21474829.912,5.1575,5.595,4.7775,4.26178333333333,4.39176666666667,2.9635,192.2838064871925,182.39940819901483,169.28386979263362,0.573802,0.541931,0.554056,167.12078516674424,160.0626397666149,155.69476980564235,-2886072.876360037,-2765818.090888799,-2251796.4583642283,14127.25924856187,13922.217384573703,13465.664985637017,1.6880783333333298,0.8957166666666696,1.2032333333333298,1.814,0.1323161087524894,0.1306790553248336,0.0704694145306294,0.0541909559124933,0.0147276729219411,0.0935947993702379,0.2097854748911062,0.0707848297850945,3653523.7,4321409.449999999,20310605.67578125,17981764.9875,14113288.91517857,8433526.00195,7577952.00208,6281602.502228571,11853320.334624998,10932120.414533334,10327297.534857145,-6.5784875000000005,-6.550386666666667,-7.894164285714286,-7.390304545454546,-7.744342626262619,-9.827795670995668,59.06195985408999,53.275691696405005,43.81107631638959,-0.0028891875,-0.0370775333333333,-0.0267348571428571,50.63375248051331,46.480647552409565,45.12083313368253,-2403638.967031723,-2435609.7936645173,-2058844.4583642285,2957.8340354184365,2936.3116495256218,2656.884911345287,0.811817045454545,1.1939559595959524,1.9336313852813811,-0.0299126378496925,-0.0980185678242165,-0.04984031081489,-0.0245493013918455,-0.0205682218623434,0.0538629862873363,0.0247510105880518,2916888.069711538,,,,,,,,,,,,,,,,,,
2003,PRT,0.0,33418544.0,13305589.0,24827690.88,4.17833,2.33346666666667,195.5717238297865,0.638973,178.91643999875467,-1748003.5040520497,13980.069580418249,0,0,0,32312486.0,29547037.0,26094336.0,12998852.0,11500650.0,10171454.0,24020149.384,24372596.74,22768139.294,5.00667,5.1575,5.595,3.31859166666667,4.26178333333333,4.39176666666667,193.48128972688636,192.2838064871925,182.39940819901483,0.600437,0.573802,0.541931,173.30623146100078,167.12078516674424,160.0626397666149,-2143207.2462181244,-2886072.876360037,-2765818.090888799,14170.93849166225,14127.25924856187,13922.217384573703,1.84486333333333,1.6880783333333298,0.8957166666666696,1.2032333333333298,0.093594799370238,0.1302710716350815,-0.0144608044747881,0.0062276863640806,0.0030918412645981,0.0342300496470622,0.150620649191438,0.0680502441041084,2473807.3000000007,3653523.7,21881313.165441178,20310605.67578125,17981764.9875,9435638.237129413,8433526.00195,7577952.00208,10803618.841294115,11853320.334624998,10932120.414533334,-6.3423476470588245,-6.5784875000000005,-6.550386666666667,-7.898772415329761,-7.390304545454546,-7.744342626262619,56.04073167563453,59.06195985408999,53.275691696405005,0.0239157647058823,-0.0028891875,-0.0370775333333333,53.84074274650435,50.63375248051331,46.480647552409565,-1519382.8094173558,-2403638.967031723,-2435609.7936645173,2827.5230411412613,2957.8340354184365,2936.3116495256218,1.5564247682709378,0.811817045454545,1.1939559595959524,-0.066764407366338,-0.0923003910249551,-0.1316555103943769,-0.0706241631408855,-0.0309185396532899,-0.0088927051648209,0.0203663575345288,2040653.171875,,,,,,,,,,,,,,,,,,
2004,PRT,0.0,34743731.0,14201142.0,26092531.818,4.14333,2.10633333333333,196.82082272535325,0.6709950000000001,183.406794044762,-2224611.036825544,14138.59741641843,0,0,0,33418544.0,32312486.0,29547037.0,13305589.0,12998852.0,11500650.0,24827690.88,24020149.384,24372596.74,4.17833,5.00667,5.1575,2.33346666666667,3.31859166666667,4.26178333333333,195.5717238297865,193.48128972688636,192.2838064871925,0.638973,0.600437,0.573802,178.91643999875467,173.30623146100078,167.12078516674424,-1748003.5040520497,-2143207.2462181244,-2886072.876360037,13980.069580418249,14170.93849166225,14127.25924856187,2.0369966666666697,1.84486333333333,1.6880783333333298,0.8957166666666696,0.0342300496470621,0.0235972376637567,0.0336193369612392,0.0108043217297701,-0.0134690381555395,0.0396542410704667,0.0867136525899298,0.0494037587989763,1669613.9999999988,2473807.3000000007,21771742.65625,21881313.165441178,20310605.67578125,9218173.112844445,9435638.237129413,8433526.00195,11010959.290555554,10803618.841294115,11853320.334624998,-6.818335,-6.3423476470588245,-6.5784875000000005,-8.445076725589221,-7.898772415329761,-7.390304545454546,54.39511700015905,56.04073167563453,59.06195985408999,0.0611231111111111,0.0239157647058823,-0.0028891875,56.45979890945246,53.84074274650435,50.63375248051331,-1039768.911172539,-1519382.8094173558,-2403638.967031723,2479.569516500522,2827.5230411412613,2957.8340354184365,1.6267417255892194,1.5564247682709378,0.811817045454545,-0.1222018390091411,-0.193544790230106,-0.075830927170445,-0.0610029446937041,-0.0456606814467635,-0.0722439076935278,0.0004469748834887,724893.2270833342,,,,,,,,,,,,,,,,,,
2005,PRT,0.0,37388088.0,15885592.0,27711624.45,3.4375,2.18468333333333,201.29073860990243,0.722491,187.3131614710499,-3218199.254278528,14191.465057007195,0,0,1,34743731.0,33418544.0,32312486.0,14201142.0,13305589.0,12998852.0,26092531.818,24827690.88,24020149.384,4.14333,4.17833,5.00667,2.10633333333333,2.33346666666667,3.31859166666667,196.82082272535325,195.5717238297865,193.48128972688636,0.6709950000000001,0.638973,0.600437,183.406794044762,178.91643999875467,173.30623146100078,-2224611.036825544,-1748003.5040520497,-2143207.2462181244,14138.59741641843,13980.069580418249,14170.93849166225,1.25281666666667,2.0369966666666697,1.84486333333333,1.6880783333333298,0.0396542410704667,0.0673065281063469,0.0509447674418605,0.0063869094729353,0.0113395598704481,0.0761103348399745,0.0558263633625889,0.0328206723270156,1655199.300000003,1669613.9999999988,21951048.46381579,21771742.65625,21881313.165441178,9628559.106905265,9218173.112844445,9435638.237129413,11696276.05536842,11010959.290555554,10803618.841294115,-6.494475263157896,-6.818335,-6.3423476470588245,-8.227732336523127,-8.445076725589221,-7.898772415329761,52.24452108321586,54.39511700015905,56.04073167563453,0.0899281052631579,0.0611231111111111,0.0239157647058823,57.97858459180438,56.45979890945246,53.84074274650435,-1461651.7644106364,-1039768.911172539,-1519382.8094173558,2507.593693737519,2479.569516500522,2827.5230411412613,1.7332570733652315,1.6267417255892194,1.5564247682709378,-0.1099886565296731,-0.1390830114413989,-0.0542926674025768,-0.0613534939709587,-0.0183153788959557,-0.0988815552918376,-0.0161624042286771,-124605.89960937598,,,,,,,,,,,,,,,,,,
2006,PRT,0.0,41466292.0,18362346.0,28717242.162,3.915,3.079225,205.5335456027503,0.7367940000000001,193.01742028838407,-3250985.8424919457,14343.1627956971,0,1,1,37388088.0,34743731.0,33418544.0,15885592.0,14201142.0,13305589.0,27711624.45,26092531.818,24827690.88,3.4375,4.14333,4.17833,2.18468333333333,2.10633333333333,2.33346666666667,201.29073860990243,196.82082272535325,195.5717238297865,0.722491,0.6709950000000001,0.638973,187.3131614710499,183.406794044762,178.91643999875467,-3218199.254278528,-2224611.036825544,-1748003.5040520497,14191.465057007195,14138.59741641843,13980.069580418249,0.8357749999999999,1.25281666666667,2.0369966666666697,1.84486333333333,0.0761103348399744,0.118613700222137,0.0620519558352349,0.0227105842900909,0.0037392422339838,0.1090776292170918,0.0499982085191678,0.0227758165362901,2678760.099999997,1655199.300000003,23497853.040625,21951048.46381579,21771742.65625,10831581.15156,9628559.106905265,9218173.112844445,12730554.8846,11696276.05536842,11010959.290555554,-6.875581499999999,-6.494475263157896,-6.818335,-7.73799571969697,-8.227732336523127,-8.445076725589221,53.64122984522294,52.24452108321586,54.39511700015905,0.1369276999999999,0.0899281052631579,0.0611231111111111,58.98602278850208,57.97858459180438,56.45979890945246,-2382157.3936430886,-1461651.7644106364,-1039768.911172539,2435.081649639411,2507.593693737519,2479.569516500522,0.8624142196969704,1.7332570733652315,1.6267417255892194,-0.0677436861007089,-0.0804556808286929,-0.0403279701985404,-0.0411952257806182,-0.0249517292221064,-0.0992162903968233,-0.025309348673365,-131690.8408088202,,,,0.071744,0.066747,1.0,,,,,,,,,,,,
2007,PRT,0.0,45887924.0,20165482.0,30987500.33,4.42417,4.27760833333333,206.4677889926085,0.7272799999999999,197.69368767774773,-3163979.3706630394,14631.417929800691,1,1,1,41466292.0,37388088.0,34743731.0,18362346.0,15885592.0,14201142.0,28717242.162,27711624.45,26092531.818,3.915,3.4375,4.14333,3.079225,2.18468333333333,2.10633333333333,205.5335456027503,201.29073860990243,196.82082272535325,0.7367940000000001,0.722491,0.6709950000000001,193.01742028838407,187.3131614710499,183.406794044762,-3250985.8424919457,-3218199.254278528,-2224611.036825544,14343.1627956971,14191.465057007195,14138.59741641843,0.1465616666666704,0.8357749999999999,1.25281666666667,2.0369966666666697,0.1090776292170918,0.1559119735669907,0.0362886597938144,0.0210780039963505,0.0106893642115546,0.1066319602437566,0.0749474017091777,0.0347263014952537,3751078.300000003,2678760.099999997,26457111.657738097,23497853.040625,21951048.46381579,12792545.572914286,10831581.15156,9628559.106905265,13129955.697333332,12730554.8846,11696276.05536842,-6.070672857142857,-6.875581499999999,-6.494475263157896,-6.474978066378065,-7.73799571969697,-8.227732336523127,54.903968513336224,53.64122984522294,52.24452108321586,0.1447103333333333,0.1369276999999999,0.0899281052631579,61.881423377812325,58.98602278850208,57.97858459180438,-2301507.91549255,-2382157.3936430886,-1461651.7644106364,2470.823119298864,2435.081649639411,2507.593693737519,0.4043052092352064,0.8624142196969704,1.7332570733652315,-0.0313892074185561,-0.0391346234424046,-0.0640748677300339,-0.0404045574990281,-0.0167540207834303,-0.069045187185928,-0.0120267927315927,899186.1170138859,,,,,,,,,,,,,0.071744,,,,,
2008,PRT,1.0,49796320.0,20943352.0,33525401.968,4.5225,4.63423333333333,193.439997202188,0.756425,202.9364439603973,-4498936.563099426,14583.489043178224,0,0,0,45887924.0,41466292.0,37388088.0,20165482.0,18362346.0,15885592.0,30987500.33,28717242.162,27711624.45,4.42417,3.915,3.4375,4.27760833333333,3.079225,2.18468333333333,206.4677889926085,205.5335456027503,201.29073860990243,0.7272799999999999,0.7367940000000001,0.722491,197.69368767774773,193.01742028838407,187.3131614710499,-3163979.3706630394,-3250985.8424919457,-3218199.254278528,14631.417929800691,14343.1627956971,14191.465057007195,-0.1117333333333299,0.1465616666666704,0.8357749999999999,1.25281666666667,0.1066319602437565,0.0981974743314389,0.0790555776628199,0.0045454545491267,0.0200970412320823,0.0851726480369867,0.0972733081002743,0.0183684213282987,4164632.799999999,3751078.300000003,29676147.673295453,26457111.657738097,23497853.040625,14014202.228690907,12792545.572914286,10831581.15156,14803397.697272724,13129955.697333332,12730554.8846,-5.285563181818182,-6.070672857142857,-6.875581499999999,-4.982277548209368,-6.474978066378065,-7.73799571969697,52.948529349860905,54.903968513336224,53.64122984522294,0.1286185909090909,0.1447103333333333,0.1369276999999999,63.74489879545726,61.881423377812325,58.98602278850208,-2109887.447504891,-2301507.91549255,-2382157.3936430886,2646.7681116161457,2470.823119298864,2435.081649639411,-0.3032856336088141,0.4043052092352064,0.8624142196969704,-0.032340152229103,-0.094985569180699,-0.0182567656834077,-0.0546924093074169,-0.006548533249406,-0.043267021435535,-0.0277833332619681,1924178.731907898,,,,,,,,,,,,,,0.071744,,,,
2009,PRT,0.0,51278082.0,22019940.0,31654904.908,4.21083,1.22835833333333,193.85716034199777,0.877991,201.10355711648396,-3496199.6672048406,14118.34417888815,0,0,0,49796320.0,45887924.0,41466292.0,20943352.0,20165482.0,18362346.0,33525401.968,30987500.33,28717242.162,4.5225,4.42417,3.915,4.63423333333333,4.27760833333333,3.079225,193.439997202188,206.4677889926085,205.5335456027503,0.756425,0.7272799999999999,0.7367940000000001,202.9364439603973,197.69368767774773,193.01742028838407,-4498936.563099426,-3163979.3706630394,-3250985.8424919457,14583.489043178224,14631.417929800691,14343.1627956971,2.9824716666666697,-0.1117333333333299,0.1465616666666704,0.8357749999999999,0.0851726480369868,0.0385743321186173,0.0819008184259049,-0.0630984225383789,-0.0032757513217395,0.029756455898749,0.100294079165945,0.0131525124490589,3334376.6,4164632.799999999,32294276.383152176,29676147.673295453,26457111.657738097,14182759.088313043,14014202.228690907,12792545.572914286,16697673.34843478,14803397.697272724,13129955.697333332,-4.957426086956521,-5.285563181818182,-6.070672857142857,-4.409031785243744,-4.982277548209368,-6.474978066378065,37.27331109194739,52.948529349860905,54.903968513336224,0.1521714782608696,0.1286185909090909,0.1447103333333333,66.21613773917389,63.74489879545726,61.881423377812325,-3353110.4030932398,-2109887.447504891,-2301507.91549255,2483.762350575584,2646.7681116161457,2470.823119298864,-0.5483943017127793,-0.3032856336088141,0.4043052092352064,-0.0523294575163681,-0.1502911855216707,-0.0145816719347132,-0.1194577385366376,-0.0296236652009822,-0.0381859160157911,-0.0316762262715904,2241524.2953124987,,,,,,,,,,,,,,,0.071744,,,
2010,PRT,0.0,51290514.0,22775558.0,31852580.16,5.39583,0.810958333333333,195.34924406661003,1.002145,203.90100613004623,-3661724.063449045,14279.047520578404,0,0,0,51278082.0,49796320.0,45887924.0,22019940.0,20943352.0,20165482.0,31654904.908,33525401.968,30987500.33,4.21083,4.5225,4.42417,1.22835833333333,4.63423333333333,4.27760833333333,193.85716034199777,193.439997202188,206.4677889926085,0.877991,0.756425,0.7272799999999999,201.10355711648396,202.9364439603973,197.69368767774773,-3496199.6672048406,-4498936.563099426,-3163979.3706630394,14118.34417888815,14583.489043178224,14631.417929800691,4.584871666666667,2.9824716666666697,-0.1117333333333299,0.1465616666666704,0.0297564558987491,0.0514047608042876,-0.0557934267808448,0.0021565505885203,-0.0318953072829753,0.0002424427653124,0.0738536880598308,0.039667996335814,1768953.2,3334376.6,32430443.533854168,32294276.383152176,29676147.673295453,14668398.792966668,14182759.088313043,14014202.228690907,14131439.898916664,16697673.34843478,14803397.697272724,-5.0625366666666665,-4.957426086956521,-5.285563181818182,-7.631197127525254,-4.409031785243744,-4.982277548209368,35.91555465595013,37.27331109194739,52.948529349860905,0.267397,0.1521714782608696,0.1286185909090909,61.62424515612827,66.21613773917389,63.74489879545726,-2210660.573736436,-3353110.4030932398,-2109887.447504891,1915.1273883448607,2483.762350575584,2646.7681116161457,2.5686604608585863,-0.5483943017127793,-0.3032856336088141,-0.1054704558495462,-0.1309263574654929,-0.1516419314051712,-0.0482298784829064,-0.056955235718697,-0.0628905836666421,-0.0037209139179448,1304528.8431547622,,,,,,,,,,,,,,,,,,
2011,PRT,0.0,50804746.0,22659478.0,31243515.844,10.2408,1.3906,185.76897470403316,1.144031,211.14943930514036,-2280463.931126526,14038.770273377344,0,0,0,51290514.0,51278082.0,49796320.0,22775558.0,22019940.0,20943352.0,31852580.16,31654904.908,33525401.968,5.39583,4.21083,4.5225,0.810958333333333,1.22835833333333,4.63423333333333,195.34924406661003,193.85716034199777,193.439997202188,1.002145,0.877991,0.756425,203.90100613004623,201.10355711648396,202.9364439603973,-3661724.063449045,-3496199.6672048406,-4498936.563099426,14279.047520578404,14118.34417888815,14583.489043178224,8.850200000000001,4.584871666666667,2.9824716666666697,-0.1117333333333299,0.0002424427653124,0.0343151707043706,0.0062446958085804,0.0076968202875766,0.0113825913049039,-0.0094709130815106,0.0383905155670161,0.0431183856566844,303771.00000000367,1768953.2,31145657.7925,32430443.533854168,32294276.383152176,14837280.841248,14668398.792966668,14182759.088313043,13763857.55496,14131439.898916664,16697673.34843478,-3.6750352,-5.0625366666666665,-4.957426086956521,-7.74334924242424,-7.631197127525254,-4.409031785243744,35.77511316892833,35.91555465595013,37.27331109194739,0.3808551200000001,0.267397,0.1521714782608696,61.95672436344546,61.62424515612827,66.21613773917389,-2287758.547031183,-2210660.573736436,-3353110.4030932398,1999.225634501321,1915.1273883448607,2483.762350575584,4.06831404242424,2.5686604608585863,-0.5483943017127793,-0.1305898666559184,-0.1425606826710144,-0.0832853950071971,-0.0403929479037117,-0.0113042023092053,-0.0956193829565594,-0.0001087457310768,-320191.3224431819,,,,,,,,,,,,,,,,,,
2012,PRT,0.0,47991382.0,21987462.0,28487489.79,10.5475,0.573183333333333,172.63135933064856,1.290351,217.0111776603764,-541387.8914699872,13524.00842097281,0,0,0,50804746.0,51290514.0,51278082.0,22659478.0,22775558.0,22019940.0,31243515.844,31852580.16,31654904.908,10.2408,5.39583,4.21083,1.3906,0.810958333333333,1.22835833333333,185.76897470403316,195.34924406661003,193.85716034199777,1.144031,1.002145,0.877991,211.14943930514036,203.90100613004623,201.10355711648396,-2280463.931126526,-3661724.063449045,-3496199.6672048406,14038.770273377344,14279.047520578404,14118.34417888815,9.974316666666668,8.850200000000001,4.584871666666667,2.9824716666666697,-0.0094709130815105,-0.0050966918132148,-0.0191213494461228,-0.0490417529299998,-0.0168272601414612,-0.0553760075879524,0.0068426618608503,0.0204296056829341,-1034586.799999998,303771.00000000367,29461979.877403848,31145657.7925,32430443.533854168,14150536.193507692,14837280.841248,14668398.792966668,12625414.102230769,13763857.55496,14131439.898916664,1.3112823076923077,-3.6750352,-5.0625366666666665,-6.865886451048948,-7.74334924242424,-7.631197127525254,24.639404103354508,35.77511316892833,35.91555465595013,0.5080928461538462,0.3808551200000001,0.267397,66.82220660148394,61.95672436344546,61.62424515612827,-818507.7013613104,-2287758.547031183,-2210660.573736436,1682.0550936655927,1999.225634501321,1915.1273883448607,8.177168758741256,4.06831404242424,2.5686604608585863,-0.1350796278365048,-0.1762701178817594,-0.1053200244616125,-0.0952954780347559,-0.0390618856632023,-0.1231830957062019,-0.0227929946326989,-1771452.1605978224,,,,,,,0.218447,0.196246,1.0,,,,,,,,,
2013,PRT,0.0,45594418.0,21205984.0,28859183.418,6.29417,0.220666666666667,169.37879874392524,1.314298,217.96480375100435,540138.4434512188,13472.899062170522,0,0,0,47991382.0,50804746.0,51290514.0,21987462.0,22659478.0,22775558.0,28487489.79,31243515.844,31852580.16,10.5475,10.2408,5.39583,0.573183333333333,1.3906,0.810958333333333,172.63135933064856,185.76897470403316,195.34924406661003,1.290351,1.144031,1.002145,217.0111776603764,211.14943930514036,203.90100613004623,-541387.8914699872,-2280463.931126526,-3661724.063449045,13524.00842097281,14038.770273377344,14279.047520578404,6.073503333333333,9.974316666666668,8.850200000000001,4.584871666666667,-0.0553760075879525,-0.0296571703902446,-0.0882111369207274,-0.0707201802363144,-0.0366671611815396,-0.0499457173373336,-0.0215348259680501,0.0297070109658502,-1990165.200000001,-1034586.799999998,25557431.4375,29461979.877403848,31145657.7925,12954426.260414816,14150536.193507692,14837280.841248,9401780.118518516,12625414.102230769,13763857.55496,1.5694162962962943,1.3112823076923077,-3.6750352,-7.429011026936026,-6.865886451048948,-7.74334924242424,10.475146892330145,24.639404103354508,35.77511316892833,0.6355945925925925,0.5080928461538462,0.3808551200000001,70.20904841592431,66.82220660148394,61.95672436344546,950883.4383456472,-818507.7013613104,-2287758.547031183,1104.99490445863,1682.0550936655927,1999.225634501321,8.99842732323232,8.177168758741256,4.06831404242424,-0.1757893520415427,-0.19405097654026,-0.1703590417646166,-0.1128306236873854,-0.0573994064854652,-0.1466332597068543,-0.0126038695644748,-3035999.4539062483,,,,,,,,,,,,,,,,0.218447,,
2014,PRT,0.0,42134900.976,20381802.048,28959424.418,3.75416666666667,0.209933333333333,176.4741512154753,1.329407,217.61703643813772,55859.5616715048,13653.006812250058,0,0,0,45594418.0,47991382.0,50804746.0,21205984.0,21987462.0,22659478.0,28859183.418,28487489.79,31243515.844,6.29417,10.5475,10.2408,0.220666666666667,0.573183333333333,1.3906,169.37879874392524,172.63135933064856,185.76897470403316,1.314298,1.290351,1.144031,217.96480375100435,217.0111776603764,211.14943930514036,540138.4434512188,-541387.8914699872,-2280463.931126526,13472.899062170522,13524.00842097281,14038.770273377344,3.544233333333337,6.073503333333333,9.974316666666668,8.850200000000001,-0.0499457173373336,-0.0355419829719319,0.0130476089939829,-0.0188410761482422,-0.0037791575701054,-0.0758758895441982,-0.0382642126689322,0.0250831136205165,-2840649.907199999,-1990165.200000001,22247702.02901786,25557431.4375,29461979.877403848,11710290.179685714,12954426.260414816,14150536.193507692,9437695.88514286,9401780.118518516,12625414.102230769,-2.7399642857142856,1.5694162962962943,1.3112823076923077,-7.516205871212119,-7.429011026936026,-6.865886451048948,6.803580429913637,10.475146892330145,24.639404103354508,0.6368417857142857,0.6355945925925925,0.5080928461538462,68.65520849169783,70.20904841592431,66.82220660148394,1998449.6504687944,950883.4383456472,-818507.7013613104,1014.4214419256768,1104.99490445863,1682.0550936655927,4.776241585497832,8.99842732323232,8.177168758741256,-0.1638483450486444,-0.1927487159167524,-0.0627907017104759,-0.0562502436123388,-0.0223854989301248,-0.1577229056497804,-0.0167430026957903,-3870137.8757500006,,,,,,,,,,,,,,,,,0.218447,
2015,PRT,0.0,40248565.838,19588294.292,30155099.066,2.42333333333333,-0.02,181.9321146551292,1.311792,218.72158041925496,86057.94689684898,13955.367646941671,0,0,0,42134900.976,45594418.0,47991382.0,20381802.048,21205984.0,21987462.0,28959424.418,28859183.418,28487489.79,3.75416666666667,6.29417,10.5475,0.209933333333333,0.220666666666667,0.573183333333333,176.4741512154753,169.37879874392524,172.63135933064856,1.329407,1.314298,1.290351,217.61703643813772,217.96480375100435,217.0111776603764,55859.5616715048,540138.4434512188,-541387.8914699872,13653.006812250058,13472.899062170522,13524.00842097281,2.44333333333333,3.544233333333337,6.073503333333333,9.974316666666668,-0.0758758895441982,-0.0388655368220592,0.0034734524032817,0.0418904403866811,0.0133681510748675,-0.0447689467473639,-0.0603992048231614,0.0136754466295349,-2668796.5509999986,-2840649.907199999,18021022.866086204,22247702.02901786,25557431.4375,10482305.11804138,11710290.179685714,12954426.260414816,9212499.096000005,9437695.88514286,9401780.118518516,-5.18548609195402,-2.7399642857142856,1.5694162962962943,-7.267759691745034,-7.516205871212119,-7.429011026936026,13.63725673108243,6.803580429913637,10.475146892330145,0.629990724137931,0.6368417857142857,0.6355945925925925,65.94002019635889,68.65520849169783,70.20904841592431,1445258.7117763634,1998449.6504687944,950883.4383456472,1159.549142283637,1014.4214419256768,1104.99490445863,2.082273599791015,4.776241585497832,8.99842732323232,-0.1839267906466289,-0.1891883870555671,-0.0701223332400888,0.006731282667078,-0.0044387081805046,-0.1740163087058696,-0.0275305584758167,-4571771.126190383,0.03618,0.191509,1.0,,,,,,,,,,,,,,,0.218447
2016,PRT,0.0,38699267.942,18960986.114,33097372.898,3.1725,-0.26369,194.84929479564332,1.315057,220.1126496707214,458517.6891102433,14282.143266913396,0,0,0,40248565.838,42134900.976,45594418.0,19588294.292,20381802.048,21205984.0,30155099.066,28959424.418,28859183.418,2.42333333333333,3.75416666666667,6.29417,-0.02,0.209933333333333,0.220666666666667,181.9321146551292,176.4741512154753,169.37879874392524,1.311792,1.329407,1.314298,218.72158041925496,217.61703643813772,217.96480375100435,86057.94689684898,55859.5616715048,540138.4434512188,13955.367646941671,13653.006812250058,13472.899062170522,3.43619,2.44333333333333,3.544233333333337,6.073503333333333,-0.0447689467473639,-0.038932168712622,0.0412879286114821,0.0309278350515463,0.0221460985737093,-0.0384932447589785,-0.0568635178762986,0.0166674066898256,-2257178.5312,-2668796.5509999986,15533986.965883331,18021022.866086204,22247702.02901786,9339387.19144,10482305.11804138,11710290.179685714,10101090.4408,9212499.096000005,9437695.88514286,-6.343469888888892,-5.18548609195402,-2.7399642857142856,-7.255434368686866,-7.267759691745034,-7.516205871212119,18.590136588103576,13.63725673108243,6.803580429913637,0.5913760333333334,0.629990724137931,0.6368417857142857,64.84656350426414,65.94002019635889,68.65520849169783,1427281.806609162,1445258.7117763634,1998449.6504687944,1423.2583388991316,1159.549142283637,1014.4214419256768,0.911964479797974,2.082273599791015,4.776241585497832,-0.1464775447240487,-0.1827312814614552,-0.0298898455408508,-0.004490218155252,0.0044922982211132,-0.16426575359094,-0.0235553641842468,-4230592.9134648135,,,,,,,,,,0.03618,,,,,,,,
2017,PRT,0.0,37654529.24,18688130.112,35966470.8,3.0525,-0.32905,212.8605741465012,1.261434,223.5378296200869,508112.0604127101,14819.093863819422,0,0,0,38699267.942,40248565.838,42134900.976,18960986.114,19588294.292,20381802.048,33097372.898,30155099.066,28959424.418,3.1725,2.42333333333333,3.75416666666667,-0.26369,-0.02,0.209933333333333,194.84929479564332,181.9321146551292,176.4741512154753,1.315057,1.311792,1.329407,220.1126496707214,218.72158041925496,217.61703643813772,458517.6891102433,86057.94689684898,55859.5616715048,14282.143266913396,13955.367646941671,13653.006812250058,3.3815500000000003,3.43619,2.44333333333333,3.544233333333337,-0.0384932447589785,-0.0320246453646653,0.09757135353992,0.071,0.0234157657640309,-0.0269963427619815,-0.0530460270168469,0.020018693167264,-1499041.3103999994,-2257178.5312,13483592.716145162,15533986.965883331,18021022.866086204,8410808.45887742,9339387.19144,10482305.11804138,12717522.645677418,10101090.4408,9212499.096000005,-5.389675161290324,-6.343469888888892,-5.18548609195402,-7.265078098729225,-7.255434368686866,-7.267759691745034,30.843383279042627,18.590136588103576,13.63725673108243,0.575564387096774,0.5913760333333334,0.629990724137931,64.14580812656075,64.84656350426414,65.94002019635889,1753700.200222261,1427281.806609162,1445258.7117763634,1704.1223995515284,1423.2583388991316,1159.549142283637,1.8754029374389027,0.911964479797974,2.082273599791015,-0.1353192579115285,-0.1697327153981167,0.027389907572282,0.0357482511693221,0.0056122221373977,-0.1547839264007662,-0.0193918237694206,-3667882.2896125,0.202878,0.1505545,2.0,0.01556,0.256254,1.0,,,,,0.03618,,,,,,,
2018,PRT,0.0,37070685.5596,18647893.3746,39033544.677,1.839167,-0.3220917,234.7214633470787,1.214814,226.14717807448864,232055.93756801408,15265.784553742387,0,0,0,37654529.24,38699267.942,40248565.838,18688130.112,18960986.114,19588294.292,35966470.8,33097372.898,30155099.066,3.0525,3.1725,2.42333333333333,-0.32905,-0.26369,-0.02,212.8605741465012,194.84929479564332,181.9321146551292,1.261434,1.315057,1.311792,223.5378296200869,220.1126496707214,218.72158041925496,508112.0604127101,458517.6891102433,86057.94689684898,14819.093863819422,14282.143266913396,13955.367646941671,2.1612587,3.3815500000000003,3.43619,2.44333333333333,-0.0269963427619816,-0.0143903908984214,0.0866865751200867,0.0924369747899161,0.0375959396899447,-0.0155052710041531,-0.036752844756108,0.0090132184724874,-1057837.9537199992,-1499041.3103999994,12017491.741765626,13483592.716145162,15533986.965883331,7875114.6925375,8410808.45887742,9339387.19144,15189197.964999996,12717522.645677418,10101090.4408,-5.341247812499999,-5.389675161290324,-6.343469888888892,-7.103404408143937,-7.265078098729225,-7.255434368686866,47.79109768924383,30.843383279042627,18.590136588103576,0.5039549999999999,0.575564387096774,0.5913760333333334,65.5664315719713,64.14580812656075,64.84656350426414,1748491.440267782,1753700.200222261,1427281.806609162,2187.819171471569,1704.1223995515284,1423.2583388991316,1.7621565956439376,1.8754029374389027,0.911964479797974,-0.1194572185625467,-0.1466232120480625,0.0156215837468912,0.0559085027031909,0.0196113566395244,-0.1333312799266685,-0.0297509043385498,-2783266.369170689,0.0712515,0.1009615,2.0,,,,0.025908,0.096091,1.0,0.202878,,0.03618,0.01556,,,,,
2019,PRT,0.0,37258677.531,18607676.6854,41965613.9752,0.7575,-0.3563333,257.3327263188431,1.166078,226.82521497378832,180737.36380269623,15671.51967650313,0,0,0,37070685.5596,37654529.24,38699267.942,18647893.3746,18688130.112,18960986.114,39033544.677,35966470.8,33097372.898,1.839167,3.0525,3.1725,-0.3220917,-0.32905,-0.26369,234.7214633470787,212.8605741465012,194.84929479564332,1.214814,1.261434,1.315057,226.14717807448864,223.5378296200869,220.1126496707214,232055.93756801408,508112.0604127101,458517.6891102433,15265.784553742387,14819.093863819422,14282.143266913396,1.1138333,2.1612587,3.3815500000000003,3.43619,-0.015505271004153,-0.0021530638516992,0.0852759197324415,0.1027005084818186,0.0301429152165338,0.0050711760131267,-0.0269982861750377,0.0114939870006348,-490561.4913400021,-1057837.9537199992,11069481.64494848,12017491.741765626,13483592.716145162,7596238.115969697,7875114.6925375,8410808.45887742,17795993.11578788,15189197.964999996,12717522.645677418,-6.392724818181819,-5.341247812499999,-5.389675161290324,-6.881191429109272,-7.103404408143937,-7.265078098729225,68.05895030017987,47.79109768924383,30.843383279042627,0.4420636363636363,0.5039549999999999,0.575564387096774,66.18891846358599,65.5664315719713,64.14580812656075,1419450.7283240624,1748491.440267782,1753700.200222261,2568.21231074388,2187.819171471569,1704.1223995515284,0.488466610927454,1.7621565956439376,1.8754029374389027,-0.1042331087246386,-0.1298039096248384,0.0137227538671557,0.0642441569915352,0.0115454772711283,-0.1192757123157056,-0.0263104292188362,-2249287.466851666,0.139723,0.27747900000000003,2.0,0.198393,0.457054,1.0,0.0881965,0.20409,2.0,0.0712515,0.202878,,,0.01556,,0.025908,,
2020,PRT,0.0,39039418.7996,19054009.762,46879387.6988,0.4166667,-0.42515,279.0162544523322,1.3518610000000002,226.54962578246003,-396345.7167606528,14315.341283515145,0,0,0,37258677.531,37070685.5596,37654529.24,18607676.6854,18647893.3746,18688130.112,41965613.9752,39033544.677,35966470.8,0.7575,1.839167,3.0525,-0.3563333,-0.3220917,-0.32905,257.3327263188431,234.7214633470787,212.8605741465012,1.166078,1.214814,1.261434,226.82521497378832,226.14717807448864,223.5378296200869,180737.36380269623,232055.93756801408,508112.0604127101,15671.51967650313,15265.784553742387,14819.093863819422,0.8418167,1.1138333,2.1612587,3.3815500000000003,0.0050711760131267,-0.0021566344461611,0.0751166547251261,0.0963323193769011,0.0265780721149557,0.0477940009308806,-0.0124768125843359,0.0162468492452657,434266.0650200024,-490561.4913400021,10931900.62679118,11069481.64494848,12017491.741765626,7332602.658652939,7596238.115969697,7875114.6925375,20204650.85175882,17795993.11578788,15189197.964999996,-7.2863705,-6.392724818181819,-5.341247812499999,-6.713045045900177,-6.881191429109272,-7.103404408143937,88.47476326226104,68.05895030017987,47.79109768924383,0.3803257647058823,0.4420636363636363,0.5039549999999999,64.92022246689783,66.18891846358599,65.5664315719713,1326383.603725684,1419450.7283240624,1748491.440267782,2898.411777306273,2568.21231074388,2187.819171471569,-0.5733254540998238,0.488466610927454,1.7621565956439376,-0.080498082655097,-0.125874028412487,0.0031476478335629,0.0557344959868998,0.0076307712219404,-0.1010268727151381,-0.0207353660611168,-1609453.3442506474,,,,0.07476,0.195613,1.0,,,,0.139723,0.0712515,0.202878,0.198393,,0.01556,0.0881965,0.025908,
1989,SWE,0.0,1336944.0,742677.0,571680.0,11.18,11.511666666666668,89.49629051151894,0.4672615372526519,90.51383399209486,-19328.608,17524.055039243372,0,1,1,1097080.0,883957.0,755566.0,628734.0,519645.0,445741.0,519650.0,494050.0,474260.0,11.348333333333334,11.685,10.2925,10.052500000000002,9.348333333333333,9.793333333333337,75.24404529480671,62.35845372901211,53.96329558766107,0.5233268258341948,0.5824221427724913,0.6156441644656336,85.04611330698287,80.36890645586298,77.1080368906456,-3287.838,-122.808,422.778,17232.275478372576,16948.84461015983,16505.229560344796,-0.331666666666667,1.2958333333333325,2.336666666666668,0.4991666666666656,0.2411010942839979,0.2099298559593568,0.0518166177512397,0.2066374452097681,0.01672272504303,0.2186385678346154,0.2054597567346912,0.035587213326198,195725.7,153910.20000000004,341624.6666666666,192752.5,128723.0,189668.3333333333,120869.0,93930.0,53940.0,42510.0,45440.0,-0.3533333333333335,-0.0250000000000003,-2.834999999999999,-1.158888888888887,-2.7945833333333354,-4.699166666666665,19.67981257321358,10.191331511128467,3.5923467395548627,-0.0879062207051802,-0.0432163556503257,-0.0199886679143668,7.894158981115495,4.825428194993421,3.1291172595520464,694.0799999999999,5788.665,12668.502,684.7352014110256,601.9564997974212,316.68289996477324,0.8055555555555547,2.769583333333335,1.8641666666666656,0.05346200632396,-0.0064652767035122,-0.0220300686645594,0.0931927128255142,-0.0064969747422364,0.0178206687746533,0.0105384191198249,-78622.32396012646,,,,,,,,,,,,,,,,,,
1990,SWE,0.0,1546931.0,883454.0,636460.0,13.155,13.48166666666667,100.0,0.4219817081683881,100.0,-36113.924,17608.9024069798,1,1,1,1336944.0,1097080.0,883957.0,742677.0,628734.0,519645.0,571680.0,519650.0,494050.0,11.18,11.348333333333334,11.685,11.511666666666668,10.052500000000002,9.348333333333333,89.49629051151894,75.24404529480671,62.35845372901211,0.4672615372526519,0.5233268258341948,0.5824221427724913,90.51383399209486,85.04611330698287,80.36890645586298,-19328.608,-3287.838,-122.808,17524.055039243372,17232.275478372576,16948.84461015983,-0.3266666666666697,-0.331666666666667,1.2958333333333325,2.336666666666668,0.2186385678346155,0.1812260828903797,0.1001250841912825,0.1894135962636222,0.0169321550852059,0.1570649182015102,0.2098888592782595,0.0363848728672688,222878.60000000003,195725.7,496082.5,341624.6666666666,192752.5,256194.25,189668.3333333333,120869.0,92485.0,53940.0,42510.0,-0.4333333333333318,-0.3533333333333335,-0.0250000000000003,0.5900000000000016,-1.158888888888887,-2.7945833333333354,29.01210464662241,19.67981257321358,10.191331511128467,-0.1219949541104281,-0.0879062207051802,-0.0432163556503257,11.38833992094861,7.894158981115495,4.825428194993421,-15520.21,694.0799999999999,5788.665,805.3309619290667,684.7352014110256,601.9564997974212,-1.0233333333333334,0.8055555555555547,2.769583333333335,0.0131788110999242,-0.0330139575379853,0.0336217539970032,0.0449046262708636,-0.0041218864526483,0.0133394369308948,0.0060668691009831,41815.49999999994,,,,,,,,,,,,,,,,,,
1991,SWE,1.0,1631309.0,992543.0,661790.0,10.690833333333332,11.47,105.5447090980086,0.4089396702762488,109.32147562582348,-25612.644,17276.292063667857,0,0,0,1546931.0,1336944.0,1097080.0,883454.0,742677.0,628734.0,636460.0,571680.0,519650.0,13.155,11.18,11.348333333333334,13.48166666666667,11.511666666666668,10.052500000000002,100.0,89.49629051151894,75.24404529480671,0.4219817081683881,0.4672615372526519,0.5233268258341948,100.0,90.51383399209486,85.04611330698287,-36113.924,-19328.608,-3287.838,17608.9024069798,17524.055039243372,17232.275478372576,-0.7791666666666686,-0.3266666666666697,-0.331666666666667,1.2958333333333325,0.1570649182015103,0.1895534667156785,0.1133151413378113,0.1173647469458988,0.0048417656499263,0.0545454192850229,0.2056015267733745,0.043508539993501,181267.4000000001,222878.60000000003,606853.0,496082.5,341624.6666666666,345732.4,256194.25,189668.3333333333,138768.0,92485.0,53940.0,1.628333333333332,-0.4333333333333318,-0.3533333333333335,2.442000000000002,0.5900000000000016,-1.158888888888887,33.713393205779,29.01210464662241,19.67981257321358,-0.1428757923726062,-0.1219949541104281,-0.0879062207051802,18.59683794466403,11.38833992094861,7.894158981115495,-29201.484,-15520.21,694.0799999999999,729.1121372796806,805.3309619290667,684.7352014110256,-0.8136666666666695,-1.0233333333333334,0.8055555555555547,-0.051689541308162,-0.0164330843281901,0.0384063726442811,-0.0383703796145757,-0.0151818042747658,0.0046056254490449,0.0111682465268876,48060.65000000002,,,,,,,,,,,,,,,,,,
1992,SWE,0.0,1676782.0,1001966.0,682850.0,10.015,13.329166666666667,93.2448262397501,0.4648828053739459,111.82476943346512,-61907.97,16969.002863903235,0,0,0,1631309.0,1546931.0,1336944.0,992543.0,883454.0,742677.0,661790.0,636460.0,571680.0,10.690833333333332,13.155,11.18,11.47,13.48166666666667,11.511666666666668,105.5447090980086,100.0,89.49629051151894,0.4089396702762488,0.4219817081683881,0.4672615372526519,109.32147562582348,100.0,90.51383399209486,-25612.644,-36113.924,-19328.608,17276.292063667857,17608.9024069798,17524.055039243372,-3.3141666666666687,-0.7791666666666686,-0.3266666666666697,-0.331666666666667,0.054545419285023,0.1234801132826383,0.0397982591207617,0.0554470909800859,-0.0188887606748335,0.027875160377341,0.1434163017737162,0.0828936300207949,110389.20000000011,181267.4000000001,590088.8333333334,606853.0,496082.5,397199.3333333334,345732.4,256194.25,140970.0,138768.0,92485.0,-1.1072222222222248,1.628333333333332,-0.4333333333333318,0.0233333333333334,2.442000000000002,0.5900000000000016,33.63920343615776,33.713393205779,29.01210464662241,-0.1321051982026445,-0.1428757923726062,-0.1219949541104281,24.818840579710155,18.59683794466403,11.38833992094861,-13833.289999999995,-29201.484,-15520.21,274.9831044211241,729.1121372796806,805.3309619290667,-1.1305555555555566,-0.8136666666666695,-1.0233333333333334,-0.1438711319630168,-0.0792198208955923,-0.0427917841016247,-0.0926139596574734,-0.0358759697445726,-0.0587310059128745,0.0477612749224596,-9570.766666666515,,,,,,,,,,,,,,,,,,
1993,SWE,0.0,1569771.0,1040565.0,710060.0,8.539166666666667,8.500833333333333,81.49160484185865,0.5878421007862895,117.0289855072464,-33861.672999999995,16524.277933878264,0,0,0,1676782.0,1631309.0,1546931.0,1001966.0,992543.0,883454.0,682850.0,661790.0,636460.0,10.015,10.690833333333332,13.155,13.329166666666667,11.47,13.48166666666667,93.2448262397501,105.5447090980086,100.0,0.4648828053739459,0.4089396702762488,0.4219817081683881,111.82476943346512,109.32147562582348,100.0,-61907.97,-25612.644,-36113.924,16969.002863903235,17276.292063667857,17608.9024069798,0.0383333333333339,-3.3141666666666687,-0.7791666666666686,-0.3266666666666697,0.0278751603773411,0.0094937952310378,0.0318227836624911,-0.1165371809100999,-0.0177867564771524,-0.0638192680980592,0.0798284992879581,0.068205014350068,11399.300000000074,110389.20000000011,551263.4285714286,590088.8333333334,606853.0,349879.5714285715,397199.3333333334,345732.4,141891.42857142852,140970.0,138768.0,-1.6248809523809538,-1.1072222222222248,1.628333333333332,1.8791666666666664,0.0233333333333334,2.442000000000002,16.533720087019574,33.63920343615776,33.713393205779,-0.057289891933141,-0.1321051982026445,-0.1428757923726062,23.77658573310748,24.818840579710155,18.59683794466403,-48152.43171428572,-13833.289999999995,-29201.484,-71.58939597508652,274.9831044211241,729.1121372796806,-3.50404761904762,-1.1305555555555566,-0.8136666666666695,-0.1465628688768626,-0.1800028354645941,-0.0436352955429578,-0.249162571604747,-0.0287946372561294,-0.1105726072160578,0.0235204042672407,-78056.27499999992,,,,,,,,,,,,,,,,,,
1994,SWE,0.0,1534432.0,1030739.0,712330.0,9.518333333333333,7.269166666666668,85.5525185474424,0.6756596556015623,119.59815546772072,5543.8945,17066.26514891598,0,0,0,1569771.0,1676782.0,1631309.0,1040565.0,1001966.0,992543.0,710060.0,682850.0,661790.0,8.539166666666667,10.015,10.690833333333332,8.500833333333333,13.329166666666667,11.47,81.49160484185865,93.2448262397501,105.5447090980086,0.5878421007862895,0.4648828053739459,0.4089396702762488,117.0289855072464,111.82476943346512,109.32147562582348,-33861.672999999995,-61907.97,-25612.644,16524.277933878264,16969.002863903235,17276.292063667857,2.2491666666666648,0.0383333333333339,-3.3141666666666687,-0.7791666666666686,-0.0638192680980592,0.0385232632644221,0.0398476971516438,-0.1260469011725293,-0.0262080767851715,-0.0225122008241966,0.0062004371881015,0.0620878009259573,-39764.20000000007,11399.300000000074,375344.5,551263.4285714286,590088.8333333334,344743.625,349879.5714285715,397199.3333333334,151365.0,141891.42857142852,140970.0,-2.8976041666666674,-1.6248809523809538,-1.1072222222222248,-3.1840625000000014,1.8791666666666664,0.0233333333333334,2.713783678250678,16.533720087019574,33.63920343615776,0.0728306399708451,-0.057289891933141,-0.1321051982026445,26.008728590250342,23.77658573310748,24.818840579710155,-14087.080749999994,-48152.43171428572,-13833.289999999995,-507.36565150317256,-71.58939597508652,274.9831044211241,0.286458333333335,-3.50404761904762,-1.1305555555555566,-0.2173197446555683,-0.1252586766505535,-0.0293767684048111,-0.223077638780784,-0.0331024379561299,-0.1657719014465713,0.0134831234652566,-161434.91999999998,,,,,,,,,,,,,,,,,,
1995,SWE,0.0,1550939.0,1048481.0,749249.213,10.244166666666668,8.601666666666668,86.02108551347129,0.7275582115162654,122.62845849802376,32891.508,17645.71761983985,0,0,0,1534432.0,1569771.0,1676782.0,1030739.0,1040565.0,1001966.0,712330.0,710060.0,682850.0,9.518333333333333,8.539166666666667,10.015,7.269166666666668,8.500833333333333,13.329166666666667,85.5525185474424,81.49160484185865,93.2448262397501,0.6756596556015623,0.5878421007862895,0.4648828053739459,119.59815546772072,117.0289855072464,111.82476943346512,5543.8945,-33861.672999999995,-61907.97,17066.26514891598,16524.277933878264,16969.002863903235,1.6424999999999983,2.2491666666666648,0.0383333333333339,-3.3141666666666687,-0.0225122008241966,-0.0094429468605997,0.0031969129369349,0.0498322951605175,0.0327994492229235,0.0107577266376093,-0.0194854361816383,0.0459220865326114,-41286.80000000007,-39764.20000000007,298300.5555555555,375344.5,551263.4285714286,296612.7777777777,344743.625,349879.5714285715,136816.66666666663,151365.0,141891.42857142852,-1.5964814814814812,-2.8976041666666674,-1.6248809523809538,-4.061944444444444,-3.1840625000000014,1.8791666666666664,6.473165864028815,2.713783678250678,16.533720087019574,0.1525559014560239,0.0728306399708451,-0.057289891933141,25.68803981847462,26.008728590250342,23.77658573310748,26883.71794444444,-14087.080749999994,-48152.43171428572,90.99552481267165,-507.36565150317256,-71.58939597508652,2.465462962962962,0.286458333333335,-3.50404761904762,-0.1488477092997597,-0.1575675521942562,-0.0623554565689186,-0.0193137376001391,0.0300428927964813,-0.1677760746096581,-0.0046087514231258,-185692.6000000001,,,,,,,,,,,,,,,,,,
1996,SWE,0.0,1528801.0,1045638.0,833597.779,8.027499999999998,5.66,86.45060523233113,0.7306489305262613,123.18840579710148,40483.932,17901.289102958424,0,0,0,1550939.0,1534432.0,1569771.0,1048481.0,1030739.0,1040565.0,749249.213,712330.0,710060.0,10.244166666666668,9.518333333333333,8.539166666666667,8.601666666666668,7.269166666666668,8.500833333333333,86.02108551347129,85.5525185474424,81.49160484185865,0.7275582115162654,0.6756596556015623,0.5878421007862895,122.62845849802376,119.59815546772072,117.0289855072464,32891.508,5543.8945,-33861.672999999995,17645.71761983985,17066.26514891598,16524.277933878264,2.367499999999998,1.6424999999999983,2.2491666666666648,0.0383333333333339,0.0107577266376092,0.0172128928855898,0.0518288054693751,0.005476951163852,0.0339530920132618,-0.0142739334042151,-0.0251912474282155,0.0373606076500485,-10640.300000000028,-41286.80000000007,284977.5,298300.5555555555,375344.5,284693.5,296612.7777777777,344743.625,160054.213,136816.66666666663,151365.0,-0.7110000000000003,-1.5964814814814812,-2.8976041666666674,-2.32325,-4.061944444444444,-3.1840625000000014,6.294416243654808,6.473165864028815,2.713783678250678,0.1891988672251248,0.1525559014560239,0.0728306399708451,26.1495388669302,25.68803981847462,26.008728590250342,51542.95965,26883.71794444444,-14087.080749999994,661.3484432552759,90.99552481267165,-507.36565150317256,1.6122499999999993,2.465462962962962,0.286458333333335,-0.0990391474713138,-0.1134042066487048,-0.0067951799732652,-0.0615231107523447,0.0278584363872106,-0.1525098765300281,-0.0125941363777981,-160687.68571428582,,,,,,,,,,,,,,,,,,
1997,SWE,0.0,1573988.0,1047964.0,843265.338,6.617583333333333,4.110833333333333,93.67434595860992,0.7092079726196862,123.84716732542822,58337.062,18374.993537597693,0,0,0,1528801.0,1550939.0,1534432.0,1045638.0,1048481.0,1030739.0,833597.779,749249.213,712330.0,8.027499999999998,10.244166666666668,9.518333333333333,5.66,8.601666666666668,7.269166666666668,86.45060523233113,86.02108551347129,85.5525185474424,0.7306489305262613,0.7275582115162654,0.6756596556015623,123.18840579710148,122.62845849802376,119.59815546772072,40483.932,32891.508,5543.8945,17901.289102958424,17645.71761983985,17066.26514891598,2.5067500000000003,2.367499999999998,1.6424999999999983,2.2491666666666648,-0.0142739334042151,-0.0027115417446763,0.1125774502481859,0.0049931911030414,0.014483484810571,0.0295571496878925,-0.0086761358636008,0.0173269593786024,9653.000000000116,-10640.300000000028,236932.4545454546,284977.5,298300.5555555555,255969.2727272727,284693.5,296612.7777777777,229852.39600000007,160054.213,136816.66666666663,-2.863030303030305,-0.7110000000000003,-1.5964814814814812,-5.053712121212122,-2.32325,-4.061944444444444,6.151716304000573,6.294416243654808,6.473165864028815,0.1750896892146547,0.1891988672251248,0.1525559014560239,24.33225535992335,26.1495388669302,25.68803981847462,54449.66004545455,51542.95965,26883.71794444444,856.7973406233723,661.3484432552759,90.99552481267165,2.190681818181817,1.6122499999999993,2.465462962962962,-0.1141668927660068,-0.1219882206141005,0.054632982802872,-0.0558545597379208,0.0056029855457987,-0.1190492231287436,-0.0312284361628221,-109955.22500000006,,,,0.164713,0.067387,1.0,,,,,,,,,,,,
1998,SWE,0.0,1649275.0,1066838.0,863924.892,4.957666666666667,4.138333333333335,104.56852791878173,0.6830899225237467,123.6495388669302,37394.979,19136.770051265463,0,0,0,1573988.0,1528801.0,1550939.0,1047964.0,1045638.0,1048481.0,843265.338,833597.779,749249.213,6.617583333333333,8.027499999999998,10.244166666666668,4.110833333333333,5.66,8.601666666666668,93.67434595860992,86.45060523233113,86.02108551347129,0.7092079726196862,0.7306489305262613,0.7275582115162654,123.84716732542822,123.18840579710148,122.62845849802376,58337.062,40483.932,32891.508,18374.993537597693,17901.289102958424,17645.71761983985,0.8193333333333328,2.5067500000000003,2.367499999999998,1.6424999999999983,0.0295571496878926,0.0022244792174729,0.011597390544391,0.0835591689250225,0.0264620291820762,0.0478320038018078,0.0086803143070955,0.0219892631243077,34019.50000000002,9653.000000000116,262375.08333333326,236932.4545454546,284977.5,236964.5,255969.2727272727,284693.5,220365.58866666665,229852.39600000007,160054.213,-4.034361111111111,-2.863030303030305,-0.7110000000000003,-6.181736111111113,-5.053712121212122,-2.32325,12.862814004945989,6.151716304000573,6.294416243654808,0.139057923873525,0.1750896892146547,0.1891988672251248,22.963328941589825,24.33225535992335,26.1495388669302,67765.318375,54449.66004545455,51542.95965,1259.101996877358,856.7973406233723,661.3484432552759,2.147375000000001,2.190681818181817,1.6122499999999993,-0.0599570012406256,-0.1059623614143057,-0.0513137117011838,0.027789105332962,0.0170721675949585,-0.0897878506451728,-0.0234432888008346,-77444.67777777769,,,,0.077541,0.106769,2.0,0.19785733333333333,0.115821,3.0,,,,0.164713,,,,,
1999,SWE,0.0,1745614.0,1104204.0,1104883.101,5.021583333333334,3.1151,114.72081218274111,0.6050610000000001,124.24242424242426,50996.55,20012.530037183817,0,0,0,1649275.0,1573988.0,1528801.0,1066838.0,1047964.0,1045638.0,863924.892,843265.338,833597.779,4.957666666666667,6.617583333333333,8.027499999999998,4.138333333333335,4.110833333333333,5.66,104.56852791878173,93.67434595860992,86.45060523233113,0.6830899225237467,0.7092079726196862,0.7306489305262613,123.6495388669302,123.84716732542822,123.18840579710148,37394.979,58337.062,40483.932,19136.770051265463,18374.993537597693,17901.289102958424,1.906483333333334,0.8193333333333328,2.5067500000000003,2.367499999999998,0.0478320038018078,0.0180101606543736,0.0244994701774401,0.1162984576907044,0.0414572398139391,0.0584129390186596,0.0210384066951617,0.0319172930508175,72572.60000000008,34019.50000000002,317479.3846153845,262375.08333333326,236932.4545454546,237610.4615384615,236964.5,255969.2727272727,224073.9435384616,220365.58866666665,229852.39600000007,-5.383942307692306,-4.034361111111111,-2.863030303030305,-5.678717948717948,-6.181736111111113,-5.053712121212122,22.767548733968116,12.862814004945989,6.151716304000573,0.1022431104026989,0.139057923873525,0.1750896892146547,20.99929056450796,22.963328941589825,24.33225535992335,41610.518576923074,67765.318375,54449.66004545455,1924.0245107853295,1259.101996877358,856.7973406233723,0.2947756410256414,2.147375000000001,2.190681818181817,-0.0366857303566583,-0.0813464831928796,-0.0341354894263694,0.0582126353208971,0.0306446975939082,-0.0692672263802727,-0.0113840508015216,-45333.710000000014,,,,0.3356426666666666,0.10713733333333335,3.0,0.165404,0.146773,1.0,,,,0.077541,0.164713,,0.19785733333333333,,
2000,SWE,0.0,1857178.0,1138934.0,1164008.174,5.342916666666667,3.95460833333333,127.52830925419758,0.503479,125.46113306982876,63093.095,20871.246597494053,0,0,0,1745614.0,1649275.0,1573988.0,1104204.0,1066838.0,1047964.0,1104883.101,863924.892,843265.338,5.021583333333334,4.957666666666667,6.617583333333333,3.1151,4.138333333333335,4.110833333333333,114.72081218274111,104.56852791878173,93.67434595860992,0.6050610000000001,0.6830899225237467,0.7092079726196862,124.24242424242426,123.6495388669302,123.84716732542822,50996.55,37394.979,58337.062,20012.530037183817,19136.770051265463,18374.993537597693,1.3883083333333373,1.906483333333334,0.8193333333333328,2.5067500000000003,0.0584129390186597,0.035024999109518,0.2789110618657808,0.0970873786407768,0.0457632078753249,0.0639110364605233,0.0452673641694533,0.0145978483622855,94590.89999999997,72572.60000000008,391141.2857142857,317479.3846153845,262375.08333333326,258004.28571428568,237610.4615384615,236964.5,449026.87085714296,224073.9435384616,220365.58866666665,-4.935458333333333,-5.383942307692306,-4.034361111111111,-6.296328571428573,-5.678717948717948,-6.181736111111113,31.293579516929768,22.767548733968116,12.862814004945989,0.0169111085644739,0.1022431104026989,0.139057923873525,20.09222661396575,20.99929056450796,22.963328941589825,52239.90967857143,41610.518576923074,67765.318375,2662.354174504733,1924.0245107853295,1259.101996877358,1.3608702380952398,0.2947756410256414,2.147375000000001,-0.023282815881602,-0.0580742229536675,0.2229019091409227,0.0345236612462851,0.0325933812249934,-0.0392660000409584,-0.0277548245899268,-2659.3636363635887,,,,,,,0.169483,0.259272,1.0,,,,0.3356426666666666,0.077541,0.164713,0.165404,0.19785733333333333,
2001,SWE,0.0,2028192.0,1206262.0,1164591.601,5.1075,3.99564166666667,137.40726278797345,0.5189710000000001,128.52437417654812,71429.58,21096.05343224548,0,0,0,1857178.0,1745614.0,1649275.0,1138934.0,1104204.0,1066838.0,1164008.174,1104883.101,863924.892,5.342916666666667,5.021583333333334,4.957666666666667,3.95460833333333,3.1151,4.138333333333335,127.52830925419758,114.72081218274111,104.56852791878173,0.503479,0.6050610000000001,0.6830899225237467,125.46113306982876,124.24242424242426,123.6495388669302,63093.095,50996.55,37394.979,20871.246597494053,20012.530037183817,19136.770051265463,1.11185833333333,1.3883083333333373,1.906483333333334,0.8193333333333328,0.0639110364605233,0.0314525214543689,0.0535125145334267,0.1116405718175628,0.0429089454813918,0.0920827190500856,0.0567186597603302,0.0081723166522053,124831.49999999993,94590.89999999997,476629.2,391141.2857142857,317479.3846153845,275534.0,258004.28571428568,237610.4615384615,478216.8191333335,449026.87085714296,224073.9435384616,-4.285094444444443,-4.935458333333333,-5.383942307692306,-5.037065000000003,-6.296328571428573,-5.678717948717948,42.01483795392426,31.293579516929768,22.767548733968116,-0.0857982986731578,0.0169111085644739,0.1022431104026989,19.97145366710585,20.09222661396575,20.99929056450796,60853.79403333333,52239.90967857143,41610.518576923074,3343.5804565146536,2662.354174504733,1924.0245107853295,0.7519705555555604,1.3608702380952398,0.2947756410256414,-0.0161216601624811,-0.0574985418264117,-0.0184182031300687,0.0466108786197651,0.0274110201721322,-0.0247942429084693,-0.0320453697930896,19580.54999999993,0.320288,0.218575,1.0,0.320288,0.218575,1.0,,,,,,,,0.3356426666666666,0.077541,0.169483,0.165404,0.19785733333333333
2002,SWE,0.0,2105135.0,1277542.0,1262171.484,5.30333333333333,4.066575,146.66146036704413,0.498057,131.29117259552044,112818.8,21585.525419413058,0,0,0,2028192.0,1857178.0,1745614.0,1206262.0,1138934.0,1104204.0,1164591.601,1164008.174,1104883.101,5.1075,5.342916666666667,5.021583333333334,3.99564166666667,3.95460833333333,3.1151,137.40726278797345,127.52830925419758,114.72081218274111,0.5189710000000001,0.503479,0.6050610000000001,128.52437417654812,125.46113306982876,124.24242424242426,71429.58,63093.095,50996.55,21096.05343224548,20871.246597494053,20012.530037183817,1.23675833333333,1.11185833333333,1.3883083333333373,1.906483333333334,0.0920827190500856,0.059114926764852,0.0005012224252644,0.0774647887323943,0.0107711263772054,0.0379367436613495,0.0714688981764228,0.0180625158028622,124957.69999999984,124831.49999999993,617853.875,476629.2,391141.2857142857,325641.125,275534.0,258004.28571428568,448911.69493750005,478216.8191333335,449026.87085714296,-4.252692708333333,-4.285094444444443,-4.935458333333333,-4.6812151041666645,-5.037065000000003,-6.296328571428573,49.267864115579854,42.01483795392426,31.293579516929768,-0.0649439050060853,-0.0857982986731578,0.0169111085644739,21.786478919631108,19.97145366710585,20.09222661396575,65386.91690625,60853.79403333333,52239.90967857143,3359.413512733914,3343.5804565146536,2662.354174504733,0.4285223958333306,0.7519705555555604,1.3608702380952398,0.0131247997712466,-0.0260029003941679,-0.0702016150295598,0.0093277036266122,-0.0065542002768629,-0.0082729871417717,-0.019866215657212,48314.95384615373,,,,,,,0.101143,0.110263,1.0,0.320288,,,0.320288,,0.3356426666666666,,0.169483,0.165404
2003,SWE,0.0,2172472.0,1304316.0,1307592.692,4.63833333333333,3.03283333333333,161.1089418196017,0.492731,133.8274044795784,164230.08479999998,22049.978205881405,0,0,0,2105135.0,2028192.0,1857178.0,1277542.0,1206262.0,1138934.0,1262171.484,1164591.601,1164008.174,5.30333333333333,5.1075,5.342916666666667,4.066575,3.99564166666667,3.95460833333333,146.66146036704413,137.40726278797345,127.52830925419758,0.498057,0.5189710000000001,0.503479,131.29117259552044,128.52437417654812,125.46113306982876,112818.8,71429.58,63093.095,21585.525419413058,21096.05343224548,20871.246597494053,1.6055,1.23675833333333,1.11185833333333,1.3883083333333373,0.0379367436613496,0.0590916401246163,0.0837889290256009,0.0673486786018755,0.0232020642505301,0.0319870222099769,0.0646434997239862,0.0270804180086579,102282.5,124957.69999999984,658452.5294117648,617853.875,476629.2,377765.7647058824,325641.125,275534.0,520085.0076470588,448911.69493750005,478216.8191333335,-3.806700980392161,-4.252692708333333,-4.285094444444443,-4.334916176470589,-4.6812151041666645,-5.037065000000003,55.6239520407929,49.267864115579854,42.01483795392426,-0.082037675299845,-0.0649439050060853,-0.0857982986731578,23.27171975509572,21.786478919631108,19.97145366710585,102929.84767647056,65386.91690625,60853.79403333333,3651.2729403289086,3359.413512733914,3343.5804565146536,0.5282151960784286,0.4285223958333306,0.7519705555555604,-0.0418414756031923,-0.024401005759768,0.0174736925101241,-0.0013713879805698,0.0062863751137656,-0.0145468531180903,-0.0095238990742688,44990.08571428552,,,,,,,,,,,0.320288,,,0.320288,,0.101143,,0.169483
2004,SWE,0.0,2313773.0,1442715.0,1360278.618,4.425,2.10916666666667,180.0468566966029,0.484527,134.32147562582347,168391.05345,22942.61216950058,0,0,0,2172472.0,2105135.0,2028192.0,1304316.0,1277542.0,1206262.0,1307592.692,1262171.484,1164591.601,4.63833333333333,5.30333333333333,5.1075,3.03283333333333,4.066575,3.99564166666667,161.1089418196017,146.66146036704413,137.40726278797345,0.492731,0.498057,0.5189710000000001,133.8274044795784,131.29117259552044,128.52437417654812,164230.08479999998,112818.8,71429.58,22049.978205881405,21585.525419413058,21096.05343224548,2.31583333333333,1.6055,1.23675833333333,1.11185833333333,0.031987022209977,0.0209574323192505,0.0359865585427852,0.0985090521831735,0.0215168626866335,0.0650415747590762,0.0540021616404707,0.0331126325713837,92408.00000000026,102282.5,689208.8333333333,658452.5294117648,617853.875,383552.77777777775,377765.7647058824,325641.125,536612.6041111111,520085.0076470588,448911.69493750005,-4.2602175925925945,-3.806700980392161,-4.252692708333333,-5.127829166666671,-4.334916176470589,-4.6812151041666645,66.98121393552864,55.6239520407929,49.267864115579854,-0.0828060266720759,-0.082037675299845,-0.0649439050060853,24.515078319426134,23.27171975509572,21.786478919631108,148622.80760555554,102929.84767647056,65386.91690625,3912.877230112317,3651.2729403289086,3359.413512733914,0.8676115740740751,0.5282151960784286,0.4285223958333306,-0.0453299337837889,-0.0610998602851475,-0.0313565422379929,0.0298696554819381,0.004231386778471,-0.0242790128817251,-0.0028964408194012,19315.54666666668,,,,,,,,,,,,0.320288,,,0.320288,,0.101143,
2005,SWE,0.0,2601957.0,1600756.0,1533038.147,3.38333333333333,1.71666666666667,201.2104646622413,0.486885,134.9472990777339,175894.796,23627.367728791112,0,0,1,2313773.0,2172472.0,2105135.0,1442715.0,1304316.0,1277542.0,1360278.618,1307592.692,1262171.484,4.425,4.63833333333333,5.30333333333333,2.10916666666667,3.03283333333333,4.066575,180.0468566966029,161.1089418196017,146.66146036704413,0.484527,0.492731,0.498057,134.32147562582347,133.8274044795784,131.29117259552044,168391.05345,164230.08479999998,112818.8,22942.61216950058,22049.978205881405,21585.525419413058,1.6666666666666603,2.31583333333333,1.6055,1.23675833333333,0.0650415747590762,0.1061084890471327,0.0402923068646211,0.1175472612699952,0.040482305936297,0.1245515441661735,0.0449884468768009,0.0176194707563648,163176.7,92408.00000000026,794235.6842105263,689208.8333333333,658452.5294117648,501764.78947368416,383552.77777777775,377765.7647058824,561055.7614736842,536612.6041111111,520085.0076470588,-4.249328947368421,-4.2602175925925945,-3.806700980392161,-5.781610087719296,-5.127829166666671,-4.334916176470589,82.39380176329149,66.98121393552864,55.6239520407929,-0.0866518147419666,-0.0828060266720759,-0.082037675299845,23.718882185701418,24.515078319426134,23.27171975509572,144961.52322368423,148622.80760555554,102929.84767647056,4599.570286883474,3912.877230112317,3651.2729403289086,1.5322811403508745,0.8676115740740751,0.5282151960784286,-0.0097570515800347,0.0274456331252428,-0.0253087637918241,0.0472484392642078,0.0229617529848861,-0.0318645504170582,-0.0182192237626906,8233.825000000244,,,,0.070235,0.113863,1.0,0.19346249999999998,0.39514350000000004,2.0,,,,,,,,,0.101143
2006,SWE,0.0,2875437.0,1760051.0,1762550.215,3.705,2.33166666666667,223.037875829754,0.4359599999999999,136.79183135704878,254093.65119,24602.147150810728,0,1,1,2601957.0,2313773.0,2172472.0,1600756.0,1442715.0,1304316.0,1533038.147,1360278.618,1307592.692,3.38333333333333,4.425,4.63833333333333,1.71666666666667,2.10916666666667,3.03283333333333,201.2104646622413,180.0468566966029,161.1089418196017,0.486885,0.484527,0.492731,134.9472990777339,134.32147562582347,133.8274044795784,175894.796,168391.05345,164230.08479999998,23627.367728791112,22942.61216950058,22049.978205881405,1.37333333333333,1.6666666666666603,2.31583333333333,1.6055,0.1245515441661736,0.1095441580630963,0.1270030468125759,0.1175450010843634,0.0298464514080412,0.1051055032807997,0.0738600470450755,0.0469081205266103,239707.89999999988,163176.7,1042707.9,794235.6842105263,689208.8333333333,634717.55,501764.78947368416,383552.77777777775,705762.5024000001,561055.7614736842,536612.6041111111,-5.0785291666666685,-4.249328947368421,-4.2602175925925945,-5.885029583333331,-5.781610087719296,-5.127829166666671,99.43771964076534,82.39380176329149,66.98121393552864,-0.0799612240048682,-0.0866518147419666,-0.0828060266720759,23.158761528326774,23.718882185701418,24.515078319426134,145217.1896125,144961.52322368423,148622.80760555554,5054.347331829835,4599.570286883474,3912.877230112317,0.8065004166666612,1.5322811403508745,0.8676115740740751,0.0502664468575907,0.0294367951346146,0.0627340163557003,0.0447594191173018,0.0111173851416363,-0.0012226974478358,0.012081605105482,78518.18235294116,,,,0.337775,0.056538,1.0,0.1604665,0.27062200000000003,2.0,,,,0.070235,,,0.19346249999999998,,
2007,SWE,0.0,3316756.0,1919099.0,2089485.0,4.1675,3.5525,244.27957828973055,0.388967,139.7891963109355,269600.02381,25376.74189937206,1,1,1,2875437.0,2601957.0,2313773.0,1760051.0,1600756.0,1442715.0,1762550.215,1533038.147,1360278.618,3.705,3.38333333333333,4.425,2.33166666666667,1.71666666666667,2.10916666666667,223.037875829754,201.2104646622413,180.0468566966029,0.4359599999999999,0.486885,0.484527,136.79183135704878,134.9472990777339,134.32147562582347,254093.65119,175894.796,168391.05345,24602.147150810728,23627.367728791112,22942.61216950058,0.6150000000000002,1.37333333333333,1.6666666666666603,2.31583333333333,0.1051055032807998,0.0995123554120678,0.1497106046898648,0.1084804967979815,0.041256369867719,0.1534789320718903,0.0982328740686831,0.0303444210510571,328242.9000000002,239707.89999999988,1266535.142857143,1042707.9,794235.6842105263,763787.9047619047,634717.55,501764.78947368416,901666.8321904762,705762.5024000001,561055.7614736842,-4.515027777777776,-5.0785291666666685,-4.249328947368421,-4.989790079365077,-5.885029583333331,-5.781610087719296,116.53000130157488,99.43771964076534,82.39380176329149,-0.1270785466713032,-0.0799612240048682,-0.0866518147419666,23.900495639626087,23.158761528326774,23.718882185701418,216500.94053523807,145217.1896125,144961.52322368423,5788.443547571838,5054.347331829835,4599.570286883474,0.4747623015872994,0.8065004166666612,1.5322811403508745,0.0283070836293374,0.0179331527268554,0.0823048734152043,0.0334569438750548,0.0219714343442323,0.0232144820730262,-0.0051179683229912,150687.26111111097,,,,0.181952,0.094494,1.0,,,,,,,0.337775,0.070235,,0.1604665,0.19346249999999998,
2008,SWE,1.0,3679231.0,2100849.0,2164492.461,3.88833333333333,3.905,252.2061694650527,0.374978,144.59815546772074,261498.6051,25181.203906078124,0,0,0,3316756.0,2875437.0,2601957.0,1919099.0,1760051.0,1600756.0,2089485.0,1762550.215,1533038.147,4.1675,3.705,3.38333333333333,3.5525,2.33166666666667,1.71666666666667,244.27957828973055,223.037875829754,201.2104646622413,0.388967,0.4359599999999999,0.486885,139.7891963109355,136.79183135704878,134.9472990777339,269600.02381,254093.65119,175894.796,25376.74189937206,24602.147150810728,23627.367728791112,-0.0166666666666697,0.6150000000000002,1.37333333333333,1.6666666666666603,0.1534789320718902,0.0903655632706097,0.1854896287309465,0.0952380952380954,0.0314848433274169,0.1092860011408738,0.1277119931729545,0.0243410862883114,367314.1,328242.9000000002,1650284.3636363635,1266535.142857143,1042707.9,888118.2727272727,763787.9047619047,634717.55,1187616.7611818183,901666.8321904762,705762.5024000001,-3.847299242424242,-4.515027777777776,-5.0785291666666685,-3.5421481060606066,-4.989790079365077,-5.885029583333331,132.4748855205708,116.53000130157488,99.43771964076534,-0.1682952490953347,-0.1270785466713032,-0.0799612240048682,25.811474428075243,23.900495639626087,23.158761528326774,222166.36131272727,216500.94053523807,145217.1896125,6299.927225788997,5788.443547571838,5054.347331829835,-0.3051511363636348,0.4747623015872994,0.8065004166666612,0.0753325560571261,0.0079324009317376,0.1141646177698476,0.0186213545115947,0.0111536490256334,0.0515328770736462,-0.0108654046695873,231291.35263157912,0.1518,0.14322,1.0,0.1518,0.14322,1.0,,,,,,,0.181952,0.337775,0.070235,,0.1604665,0.19346249999999998
2009,SWE,0.0,3762425.0,2328667.0,2135789.558,3.25,0.399166666666667,256.2280359234674,0.407324,144.2028985507247,194195.61091,23877.51513579443,0,0,0,3679231.0,3316756.0,2875437.0,2100849.0,1919099.0,1760051.0,2164492.461,2089485.0,1762550.215,3.88833333333333,4.1675,3.705,3.905,3.5525,2.33166666666667,252.2061694650527,244.27957828973055,223.037875829754,0.374978,0.388967,0.4359599999999999,144.59815546772074,139.7891963109355,136.79183135704878,261498.6051,269600.02381,254093.65119,25181.203906078124,25376.74189937206,24602.147150810728,2.850833333333333,-0.0166666666666697,0.6150000000000002,1.37333333333333,0.1092860011408737,0.0947059010504408,0.0358975828972211,0.0324488491048593,-0.0077054018230281,0.0226117903442322,0.1226234788311879,0.0268032346295442,302343.9,367314.1,1941007.8695652173,1650284.3636363635,1266535.142857143,1031254.4347826086,888118.2727272727,763787.9047619047,1210988.710826087,1187616.7611818183,901666.8321904762,-3.95919202898551,-3.847299242424242,-4.515027777777776,-3.035641666666668,-3.5421481060606066,-4.989790079365077,134.6416990645638,132.4748855205708,116.53000130157488,-0.1749670643520594,-0.1682952490953347,-0.1270785466713032,29.498195566248526,25.811474428075243,23.900495639626087,204405.53558913045,222166.36131272727,216500.94053523807,5830.479353112929,6299.927225788997,5788.443547571838,-0.9235503623188424,-0.3051511363636348,0.4747623015872994,0.0277154180326038,0.0119121750328533,-0.040616728871598,-0.0450143168267139,-0.0285435801714313,0.0439904162045632,-0.0078858561059933,258797.98499999996,,,,0.283314,0.09097450000000001,2.0,0.111037,0.080308,1.0,0.1518,,,0.1518,0.181952,0.337775,,,0.1604665
2010,SWE,0.0,3959681.0,2500433.0,2188006.0,2.89333333333333,0.504166666666667,277.5478328777821,0.381025,146.04743083003962,205685.60688,25306.3711282491,0,0,0,3762425.0,3679231.0,3316756.0,2328667.0,2100849.0,1919099.0,2135789.558,2164492.461,2089485.0,3.25,3.88833333333333,4.1675,0.399166666666667,3.905,3.5525,256.2280359234674,252.2061694650527,244.27957828973055,0.407324,0.374978,0.388967,144.2028985507247,144.59815546772074,139.7891963109355,194195.61091,261498.6051,269600.02381,23877.51513579443,25181.203906078124,25376.74189937206,2.389166666666663,2.850833333333333,-0.0166666666666697,0.6150000000000002,0.0226117903442322,0.1084409207896426,-0.0132608006344079,0.0159467409815761,-0.0517722971128086,0.0524278889280185,0.0951255745189987,0.066572820712186,201196.90000000029,302343.9,1943326.5416666667,1941007.8695652173,1650284.3636363635,1216103.5,1031254.4347826086,888118.2727272727,1131827.944875,1210988.710826087,1187616.7611818183,-4.432559027777778,-3.95919202898551,-3.847299242424242,-6.414989930555556,-3.035641666666668,-3.5421481060606066,133.05349472862167,134.6416990645638,132.4748855205708,-0.1353307700040569,-0.1749670643520594,-0.1682952490953347,27.87384716732548,29.498195566248526,25.811474428075243,128585.64408291668,204405.53558913045,222166.36131272727,4283.853943116199,5830.479353112929,6299.927225788997,1.982430902777779,-0.9235503623188424,-0.3051511363636348,-0.0601638109393682,0.0251292741184528,-0.0880091676696793,-0.0595592807401398,-0.0713694502363669,0.0144929475194393,0.0322421779814664,181504.07142857136,,,,0.141503,0.053357,1.0,,,,,0.1518,,0.283314,0.1518,0.181952,0.111037,,
2011,SWE,0.0,4180708.0,2616193.0,2339371.0,2.60583333333333,1.65416666666667,282.2335025380711,0.371731,149.86824769433474,198867.85576,25800.011929043547,0,0,0,3959681.0,3762425.0,3679231.0,2500433.0,2328667.0,2100849.0,2188006.0,2135789.558,2164492.461,2.89333333333333,3.25,3.88833333333333,0.504166666666667,0.399166666666667,3.905,277.5478328777821,256.2280359234674,252.2061694650527,0.381025,0.407324,0.374978,146.04743083003962,144.2028985507247,144.59815546772074,205685.60688,194195.61091,261498.6051,25306.3711282491,23877.51513579443,25181.203906078124,0.95166666666666,2.389166666666663,2.850833333333333,-0.0166666666666697,0.0524278889280185,0.0737615124876163,0.0244483084976295,0.0832063395306308,0.0598410673945167,0.0558193955523185,0.0614418934710415,0.0440345763319166,170168.70000000007,201196.90000000029,2062849.48,1943326.5416666667,1941007.8695652173,1339225.36,1216103.5,1031254.4347826086,1138771.26908,1131827.944875,1210988.710826087,-4.611923333333337,-4.432559027777778,-3.95919202898551,-6.053390333333333,-6.414989930555556,-3.035641666666668,149.0511518937915,133.05349472862167,134.6416990645638,-0.1562165392038947,-0.1353307700040569,-0.1749670643520594,28.603425559947357,27.87384716732548,29.498195566248526,134932.21428959997,128585.64408291668,204405.53558913045,5541.35577784622,4283.853943116199,5830.479353112929,1.4414669999999976,1.982430902777779,-0.9235503623188424,-0.027840886899775,-0.0105971872718423,-0.0466330098847386,0.0101819545064206,0.0432176413641403,-0.0198208616815369,0.0083020997759158,72106.88636363663,,,,,,,,,,,,0.1518,0.141503,0.283314,0.1518,,0.111037,
2012,SWE,0.0,4369019.0,2728804.0,2412372.0,1.5925,1.253333,279.8516204607575,0.3751489999999999,151.18577075098824,201744.35499,25452.197907316782,0,0,0,4180708.0,3959681.0,3762425.0,2616193.0,2500433.0,2328667.0,2339371.0,2188006.0,2135789.558,2.60583333333333,2.89333333333333,3.25,1.65416666666667,0.504166666666667,0.399166666666667,282.2335025380711,277.5478328777821,256.2280359234674,0.371731,0.381025,0.407324,149.86824769433474,146.04743083003962,144.2028985507247,198867.85576,205685.60688,194195.61091,25800.011929043547,25306.3711282491,23877.51513579443,0.339167,0.95166666666666,2.389166666666663,2.850833333333333,0.0558193955523184,0.0462959815359979,0.0691794263818289,0.0168823860438942,0.0195065818916804,0.0450428492016183,0.0436196916081897,0.0182722334686488,204080.89999999985,170168.70000000007,2204536.1153846155,2062849.48,1943326.5416666667,1403476.6923076925,1339225.36,1216103.5,1246337.3741153846,1138771.26908,1131827.944875,-4.722041666666669,-4.611923333333337,-4.432559027777778,-4.670567628205125,-6.053390333333333,-6.414989930555556,148.0040849427808,149.0511518937915,133.05349472862167,-0.1595022107729756,-0.1562165392038947,-0.1353307700040569,31.324110671936825,28.603425559947357,27.87384716732548,122924.76262,134932.21428959997,128585.64408291668,5821.867510261967,5541.35577784622,4283.853943116199,-0.0514740384615437,1.4414669999999976,1.982430902777779,-0.023335744799484,-0.037638830732587,-3.65716051496795e-05,-0.0565492771605728,0.0011544502067384,-0.036817194307658,-0.0178061639113484,37943.60434782613,,,,,,,,,,,,,,0.141503,0.283314,,,0.111037
2013,SWE,0.0,4491131.0,2866107.0,2487778.492,2.12083333333333,0.9258333,295.18530895047166,0.402248,151.11989459815558,197339.27031,25516.931727101863,0,0,0,4369019.0,4180708.0,3959681.0,2728804.0,2616193.0,2500433.0,2412372.0,2339371.0,2188006.0,1.5925,2.60583333333333,2.89333333333333,1.253333,1.65416666666667,0.504166666666667,279.8516204607575,282.2335025380711,277.5478328777821,0.3751489999999999,0.371731,0.381025,151.18577075098824,149.86824769433474,146.04743083003962,201744.35499,198867.85576,205685.60688,25452.197907316782,25800.011929043547,25306.3711282491,1.1950000333333302,0.339167,0.95166666666666,2.389166666666663,0.0450428492016184,0.0430438427134389,0.031205396664317,-0.0084394023242946,-0.0134811573995909,0.0279495236802587,0.0510967112273184,0.0055102189943167,178266.09999999983,204080.89999999985,2311197.6296296297,2204536.1153846155,2062849.48,1464107.0740740742,1403476.6923076925,1339225.36,1273177.7306296297,1246337.3741153846,1138771.26908,-5.560484567901233,-4.722041666666669,-4.611923333333337,-4.898417308641976,-4.670567628205125,-6.053390333333333,140.14057008980862,148.0040849427808,149.0511518937915,-0.1501767214850877,-0.1595022107729756,-0.1562165392038947,31.481481481481552,31.324110671936825,28.603425559947357,121248.4928640741,122924.76262,134932.21428959997,5258.428765932913,5821.867510261967,5541.35577784622,-0.6620672592592578,-0.0514740384615437,1.4414669999999976,-0.03321476250405,-0.0394433222192773,-0.0380091947224635,-0.0796960933302781,-0.0318776910155613,-0.027867486916223,-0.0298559318292266,70274.82083333313,0.084216,0.16777350000000002,2.0,,,,,,,,,,,,0.141503,,,
2014,SWE,0.0,4752333.0,3032980.0,2589790.383,1.71583333333333,0.4208333,322.9502637527437,0.449982,150.8563899868249,166031.17025,25919.684045336504,0,0,0,4491131.0,4369019.0,4180708.0,2866107.0,2728804.0,2616193.0,2487778.492,2412372.0,2339371.0,2.12083333333333,1.5925,2.60583333333333,0.9258333,1.253333,1.65416666666667,295.18530895047166,279.8516204607575,282.2335025380711,0.402248,0.3751489999999999,0.371731,151.11989459815558,151.18577075098824,149.86824769433474,197339.27031,201744.35499,198867.85576,25516.931727101863,25452.197907316782,25800.011929043547,1.29500003333333,1.1950000333333302,0.339167,0.95166666666666,0.0279495236802586,0.0503161824740802,0.0312582354628556,0.0547922090444509,0.0025433489092298,0.0581595148304514,0.0429372561447318,0.0140537390445448,183698.7000000001,178266.09999999983,2350766.8571428573,2311197.6296296297,2204536.1153846155,1549120.5357142857,1464107.0740740742,1403476.6923076925,1303113.5893928572,1273177.7306296297,1246337.3741153846,-4.833562500000002,-5.560484567901233,-4.722041666666669,-5.050973533333335,-4.898417308641976,-4.670567628205125,150.46923821917252,140.14057008980862,148.0040849427808,-0.1177142671463344,-0.1501767214850877,-0.1595022107729756,30.29126670431026,31.481481481481552,31.324110671936825,112513.1048675,121248.4928640741,122924.76262,5135.361558363238,5258.428765932913,5821.867510261967,0.2174110333333316,-0.6620672592592578,-0.0514740384615437,-0.0490779116363709,-0.0307101186727368,-0.036548607971241,-0.0135127748011518,-0.0146725294839419,-0.0349551155789549,-0.0201641067086436,41649.02799999979,,,,,,,0.29022,0.134581,1.0,0.084216,,,,,,,,
2015,SWE,0.0,5013001.0,3239325.0,2787814.461,0.719166666666667,-0.2891667,365.3283526614748,0.437387,150.7905138339922,139239.13502000002,26798.29558983899,0,0,0,4752333.0,4491131.0,4369019.0,3032980.0,2866107.0,2728804.0,2589790.383,2487778.492,2412372.0,1.71583333333333,2.12083333333333,1.5925,0.4208333,0.9258333,1.253333,322.9502637527437,295.18530895047166,279.8516204607575,0.449982,0.402248,0.3751489999999999,150.8563899868249,151.11989459815558,151.18577075098824,166031.17025,197339.27031,201744.35499,25919.684045336504,25516.931727101863,25452.197907316782,1.008333366666667,1.29500003333333,1.1950000333333302,0.339167,0.0581595148304513,0.058222878629444,0.0410052146234246,0.094059405940594,0.0157837283315247,0.0548505334116948,0.0437172959041095,0.0151485547159484,219314.7999999997,183698.7000000001,2530907.9310344825,2350766.8571428573,2311197.6296296297,1662575.5862068965,1549120.5357142857,1464107.0740740742,1360190.5290344823,1303113.5893928572,1273177.7306296297,-5.071887931034485,-4.833562500000002,-5.560484567901233,-5.381802032183909,-5.050973533333335,-4.898417308641976,173.04559860009385,150.46923821917252,140.14057008980862,-0.065921154486116,-0.1177142671463344,-0.1501767214850877,28.983235654899914,30.29126670431026,31.481481481481552,77325.24257068965,112513.1048675,121248.4928640741,5361.032443550874,5135.361558363238,5258.428765932913,0.3099141011494235,0.2174110333333316,-0.6620672592592578,-0.0171151379277363,-0.0217066325647752,-0.0254963213831276,0.0262370211950323,-0.0009081311515062,-0.0328804419092456,-0.0183224722702532,45479.74230769239,,,,,,,0.311272,0.122705,1.0,,0.084216,,,,,0.29022,,
2016,SWE,0.0,5298554.0,3468660.0,2997943.456,0.54,-0.655,395.4405421295969,0.422554,152.2727272727274,104813.3783,26958.728545811493,0,0,0,5013001.0,4752333.0,4491131.0,3239325.0,3032980.0,2866107.0,2787814.461,2589790.383,2487778.492,0.719166666666667,1.71583333333333,2.12083333333333,-0.2891667,0.4208333,0.9258333,365.3283526614748,322.9502637527437,295.18530895047166,0.437387,0.449982,0.402248,150.7905138339922,150.8563899868249,151.11989459815558,139239.13502000002,166031.17025,197339.27031,26798.29558983899,25919.684045336504,25516.931727101863,1.195,1.008333366666667,1.29500003333333,1.1950000333333302,0.0548505334116948,0.0680337489861456,0.076463361397848,0.1312217194570135,0.033897463524852,0.0569624861435296,0.046986523974135,0.0165693353713781,268293.70000000007,219314.7999999997,2707212.333333333,2530907.9310344825,2350766.8571428573,1813501.4,1662575.5862068965,1549120.5357142857,1512874.9227333334,1360190.5290344823,1303113.5893928572,-5.899491666666665,-5.071887931034485,-4.833562500000002,-5.912408631111112,-5.381802032183909,-5.050973533333335,209.65550088882176,173.04559860009385,150.46923821917252,-0.0763187826699121,-0.065921154486116,-0.1177142671463344,27.9512516469039,28.983235654899914,30.29126670431026,47955.699255000014,77325.24257068965,112513.1048675,6060.94290660166,5361.032443550874,5135.361558363238,0.0129169644444463,0.3099141011494235,0.2174110333333316,-0.0198339421765709,-0.0111472576368745,0.0108410088872655,0.0624946098426575,0.0172369189091143,-0.0284369123424613,-0.0162473176051715,79411.4074074071,,,,,,,,,,,,0.084216,,,,0.311272,0.29022,
2017,SWE,0.0,5641225.0,3705418.0,3242547.458,0.655,-0.695,421.6893842683238,0.40731,155.00658761528337,135121.36183,27309.236336439488,0,0,0,5298554.0,5013001.0,4752333.0,3468660.0,3239325.0,3032980.0,2997943.456,2787814.461,2589790.383,0.54,0.719166666666667,1.71583333333333,-0.655,-0.2891667,0.4208333,395.4405421295969,365.3283526614748,322.9502637527437,0.422554,0.437387,0.449982,152.2727272727274,150.7905138339922,150.8563899868249,104813.3783,139239.13502000002,166031.17025,26958.728545811493,26798.29558983899,25919.684045336504,1.35,1.195,1.008333366666667,1.29500003333333,0.0569624861435296,0.0707971568150772,0.0753740960668614,0.0824249999999999,0.0059866850649014,0.0646725502844738,0.0566575114618919,0.0016754392483016,295222.9000000004,268293.70000000007,2905435.9032258065,2707212.333333333,2530907.9310344825,1984336.3548387096,1813501.4,1662575.5862068965,1674201.5008709675,1512874.9227333334,1360190.5290344823,-5.888352150537633,-5.899491666666665,-5.071887931034485,-6.087519072043012,-5.912408631111112,-5.381802032183909,233.00460968311083,209.65550088882176,173.04559860009385,-0.0886898864547537,-0.0763187826699121,-0.065921154486116,28.5318118067067,27.9512516469039,28.983235654899914,11982.984494516131,47955.699255000014,77325.24257068965,6025.861575264436,6060.94290660166,5361.032443550874,0.1991669215053779,0.0129169644444463,0.3099141011494235,-0.0170608580388505,-0.0080122745533805,0.0093903765933701,0.0116147367242221,-0.0112484235144733,-0.0177853416704815,-0.0305809613970353,125554.18571428576,,,,,,,,,,,,,,,,,0.311272,0.29022
2018,SWE,0.0,5953485.0,3909988.0,3432831.901,0.6516666,-0.6858333,417.7529712683965,0.389087,158.0368906455864,127177.6854,27542.55215390215,0,0,0,5641225.0,5298554.0,5013001.0,3705418.0,3468660.0,3239325.0,3242547.458,2997943.456,2787814.461,0.655,0.54,0.719166666666667,-0.695,-0.655,-0.2891667,421.6893842683238,395.4405421295969,365.3283526614748,0.40731,0.422554,0.437387,155.00658761528337,152.2727272727274,150.7905138339922,135121.36183,104813.3783,139239.13502000002,27309.236336439488,26958.728545811493,26798.29558983899,1.3374999,1.35,1.195,1.008333366666667,0.0646725502844738,0.0682563295335951,0.0815905988855315,0.0663787329376169,0.0130016439771026,0.0553532255848685,0.0588285232798994,0.0051700652614858,316412.30000000075,295222.9000000004,3157312.03125,2905435.9032258065,2707212.333333333,2159083.84375,1984336.3548387096,1813501.4,1866486.7059687504,1674201.5008709675,1512874.9227333334,-5.589341145833332,-5.888352150537633,-5.899491666666665,-5.937284101041668,-6.087519072043012,-5.912408631111112,251.97205776924056,233.00460968311083,209.65550088882176,-0.1011623275030427,-0.0886898864547537,-0.0763187826699121,30.374053030303088,28.5318118067067,27.9512516469039,41916.49975906251,11982.984494516131,47955.699255000014,6188.061191665416,6025.861575264436,6060.94290660166,0.3479429552083348,0.1991669215053779,0.0129169644444463,-0.0088004436385885,-0.0102946413653987,0.0153039640380606,-0.0048061992647487,-0.0038706122308375,-0.0150214851301247,-0.0260669700039499,148153.9310344831,,,,,,,0.066697,0.087557,1.0,,,,,,,,,0.311272
2019,SWE,0.0,6218069.0,4111139.0,3702972.437,0.04666667,-0.4208333,428.1191632751658,0.34898,160.86956521739145,275810.2444,27824.67885543972,0,0,0,5953485.0,5641225.0,5298554.0,3909988.0,3705418.0,3468660.0,3432831.901,3242547.458,2997943.456,0.6516666,0.655,0.54,-0.6858333,-0.695,-0.655,417.7529712683965,421.6893842683238,395.4405421295969,0.389087,0.40731,0.422554,158.0368906455864,155.00658761528337,152.2727272727274,127177.6854,135121.36183,104813.3783,27542.55215390215,27309.236336439488,26958.728545811493,0.46749997,1.3374999,1.35,1.195,0.0553532255848685,0.0552083462648478,0.0586836262120176,-0.0093348638755928,0.0085434764483451,0.0444418689221524,0.0589960873376239,0.0049813756711008,307080.4999999999,316412.30000000075,3373895.909090909,3157312.03125,2905435.9032258065,2298227.0606060605,2159083.84375,1984336.3548387096,2000210.945757576,1866486.7059687504,1674201.5008709675,-5.423300571717171,-5.589341145833332,-5.888352150537633,-5.748199701010101,-5.937284101041668,-6.087519072043012,240.400127867215,251.97205776924056,233.00460968311083,-0.1163198024271929,-0.1011623275030427,-0.0886898864547537,32.483930211203,30.374053030303088,28.5318118067067,32702.62636666665,41916.49975906251,11982.984494516131,6233.860003320035,6188.061191665416,6025.861575264436,0.3248991292929308,0.3479429552083348,0.1991669215053779,-0.0178447544744879,-0.0230209170914772,-0.0080812575116427,-0.0803696023509351,-0.0082078231273814,-0.0143693570359445,-0.0254147895942075,164404.86666666737,,,,,,,0.191544,0.1411995,2.0,,,,,,,0.066697,,
2020,SWE,0.0,6485853.0,4362321.0,4361252.734,-0.03833333,-0.135,446.1024514315403,0.396647,161.66007905138352,284599.68960000004,26912.147706397565,0,0,0,6218069.0,5953485.0,5641225.0,4111139.0,3909988.0,3705418.0,3702972.437,3432831.901,3242547.458,0.04666667,0.6516666,0.655,-0.4208333,-0.6858333,-0.695,428.1191632751658,417.7529712683965,421.6893842683238,0.34898,0.389087,0.40731,160.86956521739145,158.0368906455864,155.00658761528337,275810.2444,127177.6854,135121.36183,27824.67885543972,27542.55215390215,27309.236336439488,0.09666667,0.46749997,1.3374999,1.35,0.0444418689221523,0.0514454264309762,0.0786932025192689,0.0248141670310451,0.0102433027978345,0.0430654597110453,0.0548225482638315,0.0101257755708016,279846.7999999999,307080.4999999999,3539247.6764705884,3373895.909090909,3157312.03125,2431783.147058824,2298227.0606060605,2159083.84375,2211521.7480588234,2000210.945757576,1866486.7059687504,-5.868791661372549,-5.423300571717171,-5.589341145833332,-5.314135003921569,-5.748199701010101,-5.937284101041668,243.69572787788985,240.400127867215,251.97205776924056,-0.1530056317675696,-0.1163198024271929,-0.1011623275030427,34.36119507091381,32.483930211203,30.374053030303088,180373.34341470583,32702.62636666665,41916.49975906251,6332.637881230548,6233.860003320035,6188.061191665416,-0.554656657450979,0.3248991292929308,0.3479429552083348,-0.0282153610016136,-0.0260862333771222,0.0121732053868704,-0.0437851289488142,-0.006259274864941,-0.0180938537023636,-0.0194761775196877,149769.68387096756,,,,,,,,,,,,,,,,0.191544,0.066697,
1989,USA,0.0,3229.703,1970.08,3056.0833333333303,8.49917,9.21,96.9823,0.516,95.30065689742294,-99.506,23059.278193599523,0,0,0,3120.123,2889.206,2667.175,1917.717,1748.01,1530.747,2933.43333333333,2783.76666666667,2613.53333333333,8.84583,8.38417,7.6825,7.57,6.66,6.8,92.1221,87.45,82.1712,0.506,0.492,0.4679999999999999,91.3087417887822,88.12531581606872,85.19454269833248,-121.258,-160.647,-147.174,22499.441620233243,21787.69367412788,21236.08546335124,-0.7108300000000014,1.2758299999999991,1.724169999999999,0.8825000000000003,0.0799240344925214,0.0970858290284381,0.0537640846335277,0.0534259576901086,0.0326674294558555,0.0351204103171574,0.0892250493728881,0.0133369530918866,191.8500999999998,233.79579999999984,463.058,348.21150000000034,252.36100000000036,371.7626666666668,303.0835,171.64100000000008,328.77777777777374,268.6666666666701,196.8666666666604,-0.0508266666666674,-0.7687300000000015,-2.9408000000000003,0.3833333333333337,-0.7899999999999991,-1.2999999999999998,9.92913333333334,7.885550000000009,5.213499999999996,0.0439999999999999,0.045,0.0419999999999999,5.625736904160334,3.663466397170296,1.4653865588681183,22.83399999999999,-24.832499999999985,-22.71900000000001,1252.4075877147045,810.9894624140106,518.7625032747419,-0.434160000000001,0.0212699999999985,-1.6408000000000005,-0.0139515223205501,-0.0370253203505536,-0.0195346104874473,-0.012567289329903,0.0071598907090991,-0.0046505074401834,-0.001695854990543,-232298.7281601265,,,,,,,,,,,,,,,,,,
1990,USA,0.0,3253.868,2032.693,3223.5833333333303,8.55,8.1,100.0,0.544,100.0,-78.952,23200.560312401587,0,0,0,3229.703,3120.123,2889.206,1970.08,1917.717,1748.01,3056.0833333333303,2933.43333333333,2783.76666666667,8.49917,8.84583,8.38417,9.21,7.57,6.66,96.9823,92.1221,87.45,0.516,0.506,0.492,95.30065689742294,91.3087417887822,88.12531581606872,-99.506,-121.258,-160.647,23059.278193599523,22499.441620233243,21787.69367412788,0.450000000000001,-0.7108300000000014,1.2758299999999991,1.724169999999999,0.0351204103171573,0.0273048630220203,0.0418110746224561,0.052758241507738,0.0248822429825472,0.0074821121322921,0.0660967336957961,0.0268776471523838,120.3566000000001,191.8500999999998,456.87350000000015,463.058,348.21150000000034,331.18499999999995,371.7626666666668,303.0835,369.2333333333304,328.77777777777374,268.6666666666701,-0.3847799999999992,-0.0508266666666674,-0.7687300000000015,1.927500000000001,0.3833333333333337,-0.7899999999999991,12.30704999999999,9.92913333333334,7.885550000000009,0.043,0.0439999999999999,0.045,8.211217786760997,5.625736904160334,3.663466397170296,38.8775,22.83399999999999,-24.832499999999985,1499.1422641523095,1252.4075877147045,810.9894624140106,-2.312280000000001,-0.434160000000001,0.0212699999999985,-0.0541046390557308,-0.0944645129067868,-0.0249760836693698,-0.0090459090689726,-0.0030119260005755,-0.0254535693971837,0.0126927665652256,-41.945700000000045,,,,,,,,,,,,,,,,,,
1991,USA,0.0,3136.615,2009.285,3342.18333333333,7.85833,5.69,101.903,0.591,103.63820111167254,2.851,22832.790045888927,0,0,0,3253.868,3229.703,3120.123,2032.693,1970.08,1917.717,3223.5833333333303,3056.0833333333303,2933.43333333333,8.55,8.49917,8.84583,8.1,9.21,7.57,100.0,96.9823,92.1221,0.544,0.516,0.506,100.0,95.30065689742294,91.3087417887822,-78.952,-99.506,-121.258,23200.560312401587,23059.278193599523,22499.441620233243,2.168329999999999,0.450000000000001,-0.7108300000000014,1.2758299999999991,0.007482112132292,0.0317819580930723,0.0548087148583427,0.0311159871440459,0.0061269098545018,-0.0360349590087859,0.0408421856473236,0.0365583378110663,7.364100000000008,120.3566000000001,389.6637999999998,456.87350000000015,463.058,327.5609999999999,331.18499999999995,371.7626666666668,462.8866666666645,369.2333333333304,328.77777777777374,-0.2569939999999988,-0.3847799999999992,-0.0508266666666674,0.4319999999999986,1.927500000000001,0.3833333333333337,12.863339999999994,12.30704999999999,9.92913333333334,0.0624,0.043,0.0439999999999999,11.268317331985855,8.211217786760997,5.625736904160334,51.656000000000006,38.8775,22.83399999999999,1340.595930123909,1499.1422641523095,1252.4075877147045,-0.6889939999999986,-2.312280000000001,-0.434160000000001,-0.0682167774766634,-0.0663712896090381,-0.0057344225161407,-0.0284266861654215,-0.021014277628477,-0.0422235943132616,0.0181425350354996,-92.46634999999972,,,,,,,,,,,,,,,,,,
1992,USA,0.0,3077.769,1990.179,3403.61666666667,7.01,3.52,104.74,0.624,106.2152602324406,-51.605,23284.981879676943,0,0,0,3136.615,3253.868,3229.703,2009.285,2032.693,1970.08,3342.18333333333,3223.5833333333303,3056.0833333333303,7.85833,8.55,8.49917,5.69,8.1,9.21,101.903,100.0,96.9823,0.591,0.544,0.516,103.63820111167254,100.0,95.30065689742294,2.851,-78.952,-99.506,22832.790045888927,23200.560312401587,23059.278193599523,3.49,2.168329999999999,0.450000000000001,-0.7108300000000014,-0.0360349590087859,-0.0115157576672915,0.0367913553757464,0.01903,-0.0158517838173103,-0.0187609891555068,0.0021891878135545,0.0358717567434431,-57.30549999999957,7.364100000000008,207.4668333333334,389.6637999999998,456.87350000000015,249.5595000000003,327.5609999999999,331.18499999999995,504.3388888888867,462.8866666666645,369.2333333333304,-0.9058316666666668,-0.2569939999999988,-0.3847799999999992,-2.049999999999999,0.4319999999999986,1.927500000000001,12.62245,12.863339999999994,12.30704999999999,0.0989999999999999,0.0624,0.043,13.028465554994083,11.268317331985855,8.211217786760997,124.84966666666666,51.656000000000006,38.8775,749.3930085905995,1340.595930123909,1499.1422641523095,1.1441683333333328,-0.6889939999999986,-2.312280000000001,-0.0980904931224087,-0.0963947474475944,-0.0226048974955088,-0.0348273360763831,-0.0387901157745938,-0.0703206935687153,0.0129203202090015,-174.63673333333324,,,,,,,,,,,,,,,,,,
1993,USA,0.0,3195.804,2057.378,3437.95,5.87333,3.02,107.176,0.642,108.89338049519958,-84.7828,23640.11257957278,0,0,0,3077.769,3136.615,3253.868,1990.179,2009.285,2032.693,3403.61666666667,3342.18333333333,3223.5833333333303,7.01,7.85833,8.55,3.52,5.69,8.1,104.74,101.903,100.0,0.624,0.591,0.544,106.2152602324406,103.63820111167254,100.0,-51.605,2.851,-78.952,23284.981879676943,22832.790045888927,23200.560312401587,2.85333,3.49,2.168329999999999,0.450000000000001,-0.0187609891555068,-0.0095088551400124,0.0183811979195256,0.0278402009754373,0.0198044931381232,0.0383508313976781,-0.0157712786773335,0.0219120434175337,-23.303800000000184,-57.30549999999957,118.98271428571388,207.4668333333334,389.6637999999998,194.80214285714283,249.5595000000003,327.5609999999999,493.723809523814,504.3388888888867,462.8866666666645,-1.6247571428571437,-0.9058316666666668,-0.2569939999999988,-3.9271428571428575,-2.049999999999999,0.4319999999999986,13.656242857142844,12.62245,12.863339999999994,0.1178571428571428,0.0989999999999999,0.0624,13.744315310763,13.028465554994083,11.268317331985855,52.558,124.84966666666666,51.656000000000006,1094.5286982942416,749.3930085905995,1340.595930123909,2.3023857142857143,1.1441683333333328,-0.6889939999999986,-0.0644681077487281,-0.0783220536790496,-0.0372475720358115,-0.0202125790882153,0.0033311804766054,-0.0742170213458603,-0.0036234571587082,-195.6471499999995,,,,,,,,,,,,,,,,,,
1994,USA,0.0,3400.197,2137.436,3482.14166666667,7.08,4.21,109.919,0.647,111.16725618999494,-121.642,24312.78895848798,0,0,0,3195.804,3077.769,3136.615,2057.378,1990.179,2009.285,3437.95,3403.61666666667,3342.18333333333,5.87333,7.01,7.85833,3.02,3.52,5.69,107.176,104.74,101.903,0.642,0.624,0.591,108.89338049519958,106.2152602324406,103.63820111167254,-84.7828,-51.605,2.851,23640.11257957278,23284.981879676943,22832.790045888927,2.87,2.85333,3.49,2.168329999999999,0.038350831397678,0.0337653045278842,0.0100873090878809,0.0232575902234104,0.0152514913574312,0.0639566756909997,-0.0054817055888715,0.0389302707752069,90.87810000000012,-23.303800000000184,222.144875,118.98271428571388,207.4668333333334,237.65087500000004,194.80214285714283,249.5595000000003,466.3416666666672,493.723809523814,504.3388888888867,-2.5583325,-1.6247571428571437,-0.9058316666666668,-3.93625,-3.9271428571428575,-2.049999999999999,14.385212500000009,13.656242857142844,12.62245,0.121125,0.1178571428571428,0.0989999999999999,14.704396159676593,13.744315310763,13.028465554994083,12.810450000000005,52.558,124.84966666666666,1312.8433109032994,1094.5286982942416,749.3930085905995,1.3779175000000004,2.3023857142857143,1.1441683333333328,0.0018534424828464,-0.0238590291998601,-0.0402203791480545,-0.0219076785419257,-0.0016977042293159,-0.0515579446997549,0.0139986797254163,-122.5160200000002,,,,,,,,,,,,,,,,,,
1995,USA,0.0,3619.289,2223.956,3552.78333333333,6.58,5.83,113.269,0.6509999999999999,113.84537645275392,-113.561,24637.32985625143,0,0,0,3400.197,3195.804,3077.769,2137.436,2057.378,1990.179,3482.14166666667,3437.95,3403.61666666667,7.08,5.87333,7.01,4.21,3.02,3.52,109.919,107.176,104.74,0.647,0.642,0.624,111.16725618999494,108.89338049519958,106.2152602324406,-121.642,-84.7828,-51.605,24312.78895848798,23640.11257957278,23284.981879676943,0.75,2.87,2.85333,3.49,0.0639566756909998,0.0389126354029254,0.0128540748605041,0.0255934164365155,0.0284548720591312,0.0644350900844863,0.027848839311057,0.0423470411924532,182.89530000000005,90.87810000000012,401.855111111111,222.144875,118.98271428571388,291.3032222222223,237.65087500000004,194.80214285714283,458.7175925925967,466.3416666666672,493.723809523814,-1.067403333333333,-2.5583325,-1.6247571428571437,-2.308888888888889,-3.93625,-3.9271428571428575,15.529855555555557,14.385212500000009,13.656242857142844,0.1126666666666666,0.121125,0.1178571428571428,15.344450058952347,14.704396159676593,13.744315310763,-25.47213333333333,12.810450000000005,52.558,1839.6482108292475,1312.8433109032994,1094.5286982942416,1.241485555555556,1.3779175000000004,2.3023857142857143,0.0272276064658124,-0.0157293196748363,-0.0324260659819245,-0.0168333925110798,0.0117178895010485,-0.0108619791284328,0.0154156387533174,12.085216666666796,,,,,,,,,,,,,,,,,,
1996,USA,0.0,3820.78,2335.782,3728.341667,6.43833,5.3,117.204,0.652,116.87721071248107,-124.727,25263.10164908837,0,0,0,3619.289,3400.197,3195.804,2223.956,2137.436,2057.378,3552.78333333333,3482.14166666667,3437.95,6.58,7.08,5.87333,5.83,4.21,3.02,113.269,109.919,107.176,0.6509999999999999,0.647,0.642,113.84537645275392,111.16725618999494,108.89338049519958,-113.561,-121.642,-84.7828,24637.32985625143,24312.78895848798,23640.11257957278,1.1383299999999998,0.75,2.87,2.85333,0.0644350900844863,0.0404784049674469,0.020286844542509,0.03047698759996,0.0133485672218671,0.0556714315988582,0.055580865724388,0.0149235646632322,209.40199999999987,182.89530000000005,580.7616000000003,401.855111111111,222.144875,348.6929,291.3032222222223,237.65087500000004,483.487499999997,458.7175925925967,466.3416666666672,-1.4606629999999985,-1.067403333333333,-2.5583325,-0.4580000000000002,-2.308888888888889,-3.93625,17.326870000000014,15.529855555555557,14.385212500000009,0.1053999999999998,0.1126666666666666,0.121125,16.48812531581609,15.344450058952347,14.704396159676593,-14.843920000000011,-25.47213333333333,12.810450000000005,1980.224287509769,1839.6482108292475,1312.8433109032994,-1.0026629999999996,1.241485555555556,1.3779175000000004,0.0246807312519863,-0.0124158479242219,-0.0213904000797058,-0.0100794444019598,-0.0046904030585542,0.0182277946759523,-0.0139347926200681,102.37595714285716,,,,,,,,,,,,,,,,,,
1997,USA,0.0,4088.515,2493.539,3925.308333,6.3525,5.46,121.156,0.635,119.40373926225368,-140.725,26074.239422588977,0,0,0,3820.78,3619.289,3400.197,2335.782,2223.956,2137.436,3728.341667,3552.78333333333,3482.14166666667,6.43833,6.58,7.08,5.3,5.83,4.21,117.204,113.269,109.919,0.652,0.6509999999999999,0.647,116.87721071248107,113.84537645275392,111.16725618999494,-124.727,-113.561,-121.642,25263.10164908837,24637.32985625143,24312.78895848798,0.8925000000000001,1.1383299999999998,0.75,2.87,0.0556714315988582,0.0502824696172046,0.0494143090628484,0.0347403084692191,0.0253993349315067,0.0700733881563449,0.0613543991247814,0.0049274039826765,226.6445,209.40199999999987,729.456090909091,580.7616000000003,401.855111111111,428.8195454545457,348.6929,291.3032222222223,615.0924245757583,483.487499999997,458.7175925925967,-1.4695454545454538,-1.4606629999999985,-1.067403333333333,-0.9463636363636364,-0.4580000000000002,-2.308888888888889,19.6867,17.326870000000014,15.529855555555557,0.0968181818181818,0.1053999999999998,0.1126666666666666,18.021039092287225,16.48812531581609,15.344450058952347,-24.660472727272733,-14.843920000000011,-25.47213333333333,2425.9756905730937,1980.224287509769,1839.6482108292475,-0.5231818181818182,-1.0026629999999996,1.241485555555556,0.0134489996411596,-0.001370198482042,0.0098761044486041,-0.0048081790925047,0.0078294049569407,0.0219760175567954,-0.0223826430095052,116.08566249999984,0.071871,0.123105,1.0,0.07444,0.1205825,2.0,0.15044542857142856,0.19914814285714286,7.0,,,,,,,,,
1998,USA,0.0,4435.31,2694.47,4206.025,5.26417,5.35,127.372,0.613,121.02071753410816,-215.037,26893.450858320128,0,0,0,4088.515,3820.78,3619.289,2493.539,2335.782,2223.956,3925.308333,3728.341667,3552.78333333333,6.3525,6.43833,6.58,5.46,5.3,5.83,121.156,117.204,113.269,0.635,0.652,0.6509999999999999,119.40373926225368,116.87721071248107,113.84537645275392,-140.725,-124.727,-113.561,26074.239422588977,25263.10164908837,24637.32985625143,-0.0858299999999996,0.8925000000000001,1.1383299999999998,0.75,0.0700733881563449,0.067539265222525,0.0528295643458257,0.0337189857001468,0.0321076083517985,0.0848217506845396,0.0633933032798964,0.0072572775874012,271.5798000000003,226.6445,936.4030833333333,729.456090909091,580.7616000000003,550.8415833333333,428.8195454545457,348.6929,760.8013885277783,615.0924245757583,483.487499999997,-1.4329133333333337,-1.4695454545454538,-1.4606629999999985,-0.7075000000000005,-0.9463636363636364,-0.4580000000000002,21.998141666666683,19.6867,17.326870000000014,0.0717499999999999,0.0968181818181818,0.1053999999999998,19.04581438436924,18.021039092287225,16.48812531581609,-38.60343333333334,-24.660472727272733,-14.843920000000011,3034.948823192612,2425.9756905730937,1980.224287509769,-0.725413333333333,-0.5231818181818182,-1.0026629999999996,0.0266283198676318,0.0160111606216458,0.0123935320544356,-0.0053923946713493,0.0138259142902379,0.0218173199562309,-0.01781450510383,120.42975555555556,0.092184,0.113405,1.0,,,,,,,0.071871,,,0.07444,,,0.15044542857142856,,
1999,USA,0.0,4768.295,2893.772,4517.133333,5.63667,4.97,133.639,0.591,123.59777665487624,-286.622,27869.81202767119,0,0,0,4435.31,4088.515,3820.78,2694.47,2493.539,2335.782,4206.025,3925.308333,3728.341667,5.26417,6.3525,6.43833,5.35,5.46,5.3,127.372,121.156,117.204,0.613,0.635,0.652,121.02071753410816,119.40373926225368,116.87721071248107,-215.037,-140.725,-124.727,26893.450858320128,26074.239422588977,25263.10164908837,0.6666699999999999,-0.0858299999999996,0.8925000000000001,1.1383299999999998,0.0848217506845396,0.0805806526386792,0.0715145520264024,0.0513057545643632,0.031418421164816,0.0750759247944337,0.0701888568132476,0.0145755025799217,318.934,271.5798000000003,1211.1670769230773,936.4030833333333,729.456090909091,709.4001538461534,550.8415833333333,428.8195454545457,982.994871794872,760.8013885277783,615.0924245757583,-2.41101923076923,-1.4329133333333337,-1.4695454545454538,-0.7630769230769232,-0.7075000000000005,-0.9463636363636364,26.52197692307692,21.998141666666683,19.6867,0.0442307692307691,0.0717499999999999,0.0968181818181818,19.197730011272228,19.04581438436924,18.021039092287225,-109.94593846153846,-38.60343333333334,-24.660472727272733,3620.702657139711,3034.948823192612,2425.9756905730937,-1.6479423076923072,-0.725413333333333,-0.5231818181818182,0.0391576557401905,0.0277182846526628,0.0300457253971427,0.0126437404154794,0.0119845675790689,0.0266294807662883,-0.0088767796473249,153.3220800000003,0.040646,0.109522,1.0,,,,0.1876505,0.169295,2.0,0.092184,0.071871,,,0.07444,,,0.15044542857142856,
2000,USA,0.0,5162.8,3128.31,4790.466667,6.02917,6.24,142.184,0.556,127.79181404749878,-401.928,28701.934318309348,0,0,0,4768.295,4435.31,4088.515,2893.772,2694.47,2493.539,4517.133333,4206.025,3925.308333,5.63667,5.26417,6.3525,4.97,5.35,5.46,133.639,127.372,121.156,0.591,0.613,0.635,123.59777665487624,121.02071753410816,119.40373926225368,-286.622,-215.037,-140.725,27869.81202767119,26893.450858320128,26074.239422588977,-0.2108300000000005,0.6666699999999999,-0.0858299999999996,0.8925000000000001,0.0750759247944336,0.0739670510341552,0.0739673047592442,0.049202336463273,0.0363047931072408,0.0827350237348989,0.0766570212117727,0.0075002299115731,355.5840000000004,318.934,1457.640142857143,1211.1670769230773,936.4030833333333,858.0307142857141,709.4001538461534,550.8415833333333,1223.889285380953,982.994871794872,760.8013885277783,-1.8663035714285716,-2.41101923076923,-1.4329133333333337,-1.088571428571428,-0.7630769230769232,-0.7075000000000005,30.89455000000001,26.52197692307692,21.998141666666683,0.0190714285714285,0.0442307692307691,0.0717499999999999,20.403522702663707,19.197730011272228,19.04581438436924,-173.67765714285716,-109.94593846153846,-38.60343333333334,4338.442208123652,3620.702657139711,3034.948823192612,-0.7777321428571429,-1.6479423076923072,-0.725413333333333,0.0263997024854545,0.0189725073056262,0.0301872684840504,0.0095677268978138,0.0159490497077192,0.0308785217676227,-0.0152123206783964,186.73790909090908,,,,0.17199899999999999,0.261583,2.0,0.233125,0.2663006666666667,3.0,0.040646,0.092184,0.071871,,,0.07444,0.1876505,,0.15044542857142856
2001,USA,0.0,5461.07,3459.282,5203.566667,5.0175,3.88,152.805,0.5479999999999999,131.43001515917135,-394.079,28726.09431927397,0,0,0,5162.8,4768.295,4435.31,3128.31,2893.772,2694.47,4790.466667,4517.133333,4206.025,6.02917,5.63667,5.26417,6.24,4.97,5.35,142.184,133.639,127.372,0.556,0.591,0.613,127.79181404749878,123.59777665487624,121.02071753410816,-401.928,-286.622,-215.037,28701.934318309348,27869.81202767119,26893.450858320128,1.1375000000000002,-0.2108300000000005,0.6666699999999999,-0.0858299999999996,0.0827350237348989,0.0810492326278642,0.0605103533258932,0.0639409154513277,0.0298574776827331,0.0577729139226774,0.0808775664046241,0.0051315583764008,347.17849999999936,355.5840000000004,1754.9691333333335,1457.640142857143,1211.1670769230773,1035.3666666666663,858.0307142857141,709.4001538461534,1415.6300003555557,1223.889285380953,982.994871794872,-1.349383333333333,-1.8663035714285716,-2.41101923076923,0.2540000000000004,-1.088571428571428,-0.7630769230769232,37.37991333333332,30.89455000000001,26.52197692307692,-0.0171999999999999,0.0190714285714285,0.0442307692307691,23.237325248442005,20.403522702663707,19.197730011272228,-277.40514666666667,-173.67765714285716,-109.94593846153846,4881.335018220234,4338.442208123652,3620.702657139711,-1.6033833333333336,-0.7777321428571429,-1.6479423076923072,0.0321731083912445,0.0246995098060763,0.014574083587553,0.023622896821739,0.0083625164469457,0.0327237960552724,-0.016410813699846,207.82641666666703,0.083061,0.143275,1.0,0.3732135,0.17650525,4.0,0.230257,0.11951975000000001,4.0,,0.040646,0.092184,0.17199899999999999,,,0.233125,0.1876505,
2002,USA,0.0,5826.407,3847.093,5591.15,4.61083,1.67,162.483,0.5720000000000001,133.50176856998488,-456.109,28976.93019268436,0,0,0,5461.07,5162.8,4768.295,3459.282,3128.31,2893.772,5203.566667,4790.466667,4517.133333,5.0175,6.02917,5.63667,3.88,6.24,4.97,152.805,142.184,133.639,0.5479999999999999,0.556,0.591,131.43001515917135,127.79181404749878,123.59777665487624,-394.079,-401.928,-286.622,28726.09431927397,28701.934318309348,27869.81202767119,2.94083,1.1375000000000002,-0.2108300000000005,0.6666699999999999,0.0577729139226775,0.105798977722796,0.0862337698424487,0.0746989816013054,0.0008417551478127,0.0668984283299793,0.0718612874840033,0.012787773510176,347.26059999999984,347.17849999999936,1943.5535625,1754.9691333333335,1457.640142857143,1301.6282500000002,1035.3666666666663,858.0307142857141,1740.2531253333336,1415.6300003555557,1223.889285380953,-2.276716875,-1.349383333333333,-1.8663035714285716,-2.121875,0.2540000000000004,-1.088571428571428,45.66466875,37.37991333333332,30.89455000000001,-0.024125,-0.0171999999999999,0.0190714285714285,25.423193532086955,23.237325248442005,20.403522702663707,-252.218325,-277.40514666666667,-173.67765714285716,4600.41158054609,4881.335018220234,4338.442208123652,-0.1548418749999998,-1.6033833333333336,-0.7777321428571429,0.0050661246862734,0.0478026209139363,0.0393258945316049,0.0328061031836008,-0.0212107071844375,0.0213701031307036,-0.0075823975875104,183.4342692307685,0.032223,0.098628,1.0,0.20496533333333333,0.19367366666666666,3.0,0.2065515,0.1461825,4.0,0.083061,,0.040646,0.3732135,0.17199899999999999,,0.230257,0.233125,0.1876505
2003,USA,0.0,6318.384,4263.383,5980.5,4.015,1.13,172.586,0.599,136.533602829712,-522.297,29458.922506871186,0,0,0,5826.407,5461.07,5162.8,3847.093,3459.282,3128.31,5591.15,5203.566667,4790.466667,4.61083,5.0175,6.02917,1.67,3.88,6.24,162.483,152.805,142.184,0.5720000000000001,0.5479999999999999,0.556,133.50176856998488,131.43001515917135,127.79181404749878,-456.109,-394.079,-401.928,28976.93019268436,28726.09431927397,28701.934318309348,2.885,2.94083,1.1375000000000002,-0.2108300000000005,0.0668984283299793,0.1121073679451399,0.0744841678416416,0.0633356238342986,0.0087319866955282,0.0844391749495014,0.0691354553291852,0.01263051657359,383.2089000000001,347.26059999999984,2194.5638823529416,1943.5535625,1754.9691333333335,1612.872882352941,1301.6282500000002,1035.3666666666663,2025.4686274313729,1740.2531253333336,1415.6300003555557,-2.549462352941177,-2.276716875,-1.349383333333333,-4.207058823529412,-2.121875,0.2540000000000004,52.65651176470588,45.66466875,37.37991333333332,0.0012941176470588,-0.024125,-0.0171999999999999,25.999464970424786,25.423193532086955,23.237325248442005,-299.4119529411764,-252.218325,-277.40514666666667,4580.635008042005,4600.41158054609,4881.335018220234,1.6575964705882351,-0.1548418749999998,-1.6033833333333336,0.0138750063006832,0.0511233473291592,0.0251184241225725,0.0193923639676189,-0.0119948064376947,0.0172195974338386,-0.0072341613515956,170.41392142857126,,,,0.18495833333333334,0.30718866666666667,3.0,0.238877,0.200613,1.0,0.032223,0.083061,,0.20496533333333333,0.3732135,0.17199899999999999,0.2065515,0.230257,0.233125
2004,USA,0.0,7081.548,4924.251,6265.25,4.27417,1.35,188.666,0.612,140.22233451238003,-635.887,30199.800860551808,0,0,1,6318.384,5826.407,5461.07,4263.383,3847.093,3459.282,5980.5,5591.15,5203.566667,4.015,4.61083,5.0175,1.13,1.67,3.88,172.586,162.483,152.805,0.599,0.5720000000000001,0.5479999999999999,136.533602829712,133.50176856998488,131.43001515917135,-522.297,-456.109,-394.079,29458.922506871186,28976.93019268436,28726.09431927397,2.92417,2.885,2.94083,1.1375000000000002,0.0844391749495014,0.1082089775318662,0.0696368367867076,0.0621788125526978,0.0166336568774462,0.1207846816527768,0.0697035057340527,0.0135526275577767,535.3411,383.2089000000001,2564.6206666666662,2194.5638823529416,1943.5535625,1939.558833333333,1612.872882352941,1301.6282500000002,2302.292592574074,2025.4686274313729,1740.2531253333336,-3.0036555555555555,-2.549462352941177,-2.276716875,-4.513333333333334,-4.207058823529412,-2.121875,59.83415000000001,52.65651176470588,45.66466875,0.0282222222222221,0.0012941176470588,-0.024125,27.586884509572755,25.999464970424786,25.423193532086955,-348.9659555555556,-299.4119529411764,-252.218325,4808.14759955983,4580.635008042005,4600.41158054609,1.5096777777777777,1.6575964705882351,-0.1548418749999998,0.0305995760789886,0.0442177011906408,0.0187935387074872,0.0170948253938053,-0.0033875594065006,0.0167114229990912,-0.0058599152829342,195.00129333333345,0.334345,0.311781,1.0,0.14059028571428572,0.14417042857142856,7.0,0.2392156,0.1700352,5.0,,0.032223,0.083061,0.18495833333333334,0.20496533333333333,0.3732135,0.238877,0.2065515,0.230257
2005,USA,0.0,7767.335,5481.689,6532.591667,4.29,3.22,209.984,0.616,144.97220818595252,-749.23,30841.645496424466,0,1,1,7081.548,6318.384,5826.407,4924.251,4263.383,3847.093,6265.25,5980.5,5591.15,4.27417,4.015,4.61083,1.35,1.13,1.67,188.666,172.586,162.483,0.612,0.599,0.5720000000000001,140.22233451238003,136.533602829712,133.50176856998488,-635.887,-522.297,-456.109,30199.800860551808,29458.922506871186,28976.93019268436,1.0699999999999998,2.92417,2.885,2.94083,0.120784681652777,0.1550102348299461,0.0476130758297801,0.0931709408642646,0.0251495401268603,0.096841396824536,0.0907074283107525,0.027484547011781,658.5948000000004,535.3411,3192.8046315789475,2564.6206666666662,2194.5638823529416,2498.344789473684,1939.558833333333,1612.872882352941,2465.8692982280704,2302.292592574074,2025.4686274313729,-2.586398421052631,-3.0036555555555555,-2.549462352941177,-4.055789473684211,-4.513333333333334,-4.207058823529412,72.76498421052632,59.83415000000001,52.65651176470588,0.0397368421052631,0.0282222222222221,0.0012941176470588,29.823674902263264,27.586884509572755,25.999464970424786,-444.1893263157895,-348.9659555555556,-299.4119529411764,5295.965553263621,4808.14759955983,4580.635008042005,1.4693910526315788,1.5096777777777777,1.6575964705882351,0.0652451063334314,0.0885624195336851,-0.0042743077331896,0.047137241183494,0.005316521587719,0.0367323206934915,0.0084167050700662,334.9459125,0.11314333333333333,0.15618600000000002,6.0,0.09968516666666666,0.1258435,6.0,0.31448566666666666,0.30070233333333335,9.0,0.334345,,0.032223,0.14059028571428572,0.18495833333333334,0.20496533333333333,0.2392156,0.238877,0.2065515
2006,USA,0.0,8366.093,5935.112,6874.225,4.79167,4.97,225.103,0.62,149.67155128852957,-816.642,31357.53958773589,1,1,1,7767.335,7081.548,6318.384,5481.689,4924.251,4263.383,6532.591667,6265.25,5980.5,4.29,4.27417,4.015,3.22,1.35,1.13,209.984,188.666,172.586,0.616,0.612,0.599,144.97220818595252,140.22233451238003,136.533602829712,-749.23,-635.887,-522.297,30841.645496424466,30199.800860551808,29458.922506871186,-0.1783299999999998,1.0699999999999998,2.92417,2.885,0.0968413968245361,0.1132025966994777,0.042670550576593,0.1129933321319157,0.0212532737827109,0.0770866712971696,0.1006884178089381,0.0184756229183289,682.8914000000004,658.5948000000004,3718.9514,3192.8046315789475,2564.6206666666662,2930.8655500000004,2498.344789473684,1939.558833333333,2609.9175003166665,2465.8692982280704,2302.292592574074,-2.4412484999999995,-2.586398421052631,-3.0036555555555555,-1.983,-4.055789473684211,-4.513333333333334,90.444735,72.76498421052632,59.83415000000001,0.04175,0.0397368421052631,0.0282222222222221,33.08236483072261,29.823674902263264,27.586884509572755,-535.32286,-444.1893263157895,-348.9659555555556,5673.011911473099,5295.965553263621,4808.14759955983,-0.4582485,1.4693910526315788,1.5096777777777777,0.0378678685402731,0.0420936014277596,-0.0089918694214719,0.0644787250204348,0.0011404383179002,0.0446726257087053,-0.0010598137495006,438.4969117647063,0.1538185,0.244694,2.0,0.15179242857142858,0.1900554285714286,7.0,0.18186688888888888,0.23687200000000003,9.0,0.11314333333333333,0.334345,,0.09968516666666666,0.14059028571428572,0.18495833333333334,0.31448566666666666,0.2392156,0.238877
2007,USA,1.0,8972.786,6262.08,7294.466667,4.62917,5.02,227.811,0.626,153.91611925214755,-736.554,31654.92675492241,0,0,0,8366.093,7767.335,7081.548,5935.112,5481.689,4924.251,6874.225,6532.591667,6265.25,4.79167,4.29,4.27417,4.97,3.22,1.35,225.103,209.984,188.666,0.62,0.616,0.612,149.67155128852957,144.97220818595252,140.22233451238003,-816.642,-749.23,-635.887,31357.53958773589,30841.645496424466,30199.800860551808,-0.3908299999999993,-0.1783299999999998,1.0699999999999998,2.92417,0.0770866712971695,0.0827159293422154,0.0522967530215907,0.0720007238646754,0.0167271908812786,0.0725180798253137,0.0982375832581608,0.0218824365571517,627.2472,682.8914000000004,4140.616476190477,3718.9514,3192.8046315789475,3244.723523809524,2930.8655500000004,2498.344789473684,2827.269047587302,2609.9175003166665,2465.8692982280704,-1.8233285714285703,-2.4412484999999995,-2.586398421052631,-0.1385714285714288,-1.983,-4.055789473684211,101.25684285714289,90.444735,72.76498421052632,0.0437619047619047,0.04175,0.0397368421052631,36.20635722707476,33.08236483072261,29.823674902263264,-577.2432952380952,-535.32286,-444.1893263157895,5918.762578428657,5673.011911473099,5295.965553263621,-1.6847571428571426,-0.4582485,1.4693910526315788,0.0162197495858929,0.0095022539991093,0.0010839264945993,0.0202621805021728,-0.003442666499427,0.039870600331154,0.0024027795603484,438.4325722222226,0.12283166666666667,0.19420266666666666,6.0,0.079369,0.2448548,5.0,0.1697505,0.136798,4.0,0.1538185,0.11314333333333333,0.334345,0.15179242857142858,0.09968516666666666,0.14059028571428572,0.18186688888888888,0.31448566666666666,0.2392156
2008,USA,0.0,9296.985,6373.05,7787.558333,3.66667,1.92,217.008,0.677,159.82819605861545,-696.526,31251.266490333088,0,0,0,8972.786,8366.093,7767.335,6262.08,5935.112,5481.689,7294.466667,6874.225,6532.591667,4.62917,4.79167,4.29,5.02,4.97,3.22,227.811,225.103,209.984,0.626,0.62,0.616,153.91611925214755,149.67155128852957,144.97220818595252,-736.554,-816.642,-749.23,31654.92675492241,31357.53958773589,30841.645496424466,1.74667,-0.3908299999999993,-0.1783299999999998,1.0699999999999998,0.0725180798253138,0.0550904515365505,0.0611329520054987,0.0120300484667019,0.0094837532247852,0.0361313643276459,0.0821487159823398,0.0129276509759955,519.5642999999998,627.2472,4559.099636363636,4140.616476190477,3718.9514,3424.2040909090906,3244.723523809524,2930.8655500000004,3118.9984851515155,2827.269047587302,2609.9175003166665,-1.90295,-1.8233285714285703,-2.4412484999999995,-0.0822727272727279,-0.1385714285714288,-1.983,99.3622590909091,101.25684285714289,90.444735,0.0477727272727273,0.0437619047619047,0.04175,38.80518168037115,36.20635722707476,33.08236483072261,-470.9169636363636,-577.2432952380952,-535.32286,5947.115082959328,5918.762578428657,5673.011911473099,-1.820677272727272,-1.6847571428571426,-0.4582485,0.0108787890861375,-0.0185757120922273,0.0098685099311454,-0.0406733606339993,-0.0105221676559477,0.0217882030387753,-0.0066721449988251,359.7129736842105,0.062258,0.260525,1.0,0.12497616666666667,0.21129633333333334,6.0,0.3664282222222222,0.18073577777777777,9.0,0.12283166666666667,0.1538185,0.11314333333333333,0.079369,0.15179242857142858,0.09968516666666666,0.1697505,0.18186688888888888,0.31448566666666666
2009,USA,0.0,8756.681,6175.145,8413.283333,3.25667,0.16,205.521,0.823,159.27235977766546,-379.736,29898.64421649179,0,0,0,9296.985,8972.786,8366.093,6373.05,6262.08,5935.112,7787.558333,7294.466667,6874.225,3.66667,4.62917,4.79167,1.92,5.02,4.97,217.008,227.811,225.103,0.677,0.626,0.62,159.82819605861545,153.91611925214755,149.67155128852957,-696.526,-736.554,-816.642,31251.266490333088,31654.92675492241,31357.53958773589,3.09667,1.74667,-0.3908299999999993,-0.1783299999999998,0.0361313643276458,0.0177209489498697,0.0675980422572544,-0.0474208883679892,-0.0127518938114917,-0.0581160451479699,0.0619120384833764,0.0224432701929139,149.59629999999987,519.5642999999998,4685.076913043479,4559.099636363636,4140.616476190477,3386.295652173913,3424.2040909090906,3244.723523809524,3476.48152136232,3118.9984851515155,2827.269047587302,-2.782713043478261,-1.90295,-1.8233285714285703,-3.1786956521739134,-0.0822727272727279,-0.1385714285714288,84.23916086956521,99.3622590909091,101.25684285714289,0.096695652173913,0.0477727272727273,0.0437619047619047,43.03007667464901,38.80518168037115,36.20635722707476,-410.4143130434782,-470.9169636363636,-577.2432952380952,5284.88459737178,5947.115082959328,5918.762578428657,0.3959826086956521,-1.820677272727272,-1.6847571428571426,-0.0260024168245366,-0.0551008641292615,0.0158850315496673,-0.0982755083489632,-0.032279534344227,0.000513992061775,0.0031611954085134,234.0444249999997,0.1450895,0.1583735,2.0,0.01622,0.201551,1.0,0.33299900000000004,0.133287,2.0,0.062258,0.12283166666666667,0.1538185,0.12497616666666667,0.079369,0.15179242857142858,0.3664282222222222,0.1697505,0.18186688888888888
2010,USA,0.0,8954.963,6080.148,8624.216667,3.21417,0.18,197.492,0.912,161.89994946942898,-432.002,30491.34438076369,0,0,0,8756.681,9296.985,8972.786,6175.145,6373.05,6262.08,8413.283333,7787.558333,7294.466667,3.25667,3.66667,4.62917,0.16,1.92,5.02,205.521,217.008,227.811,0.823,0.677,0.626,159.27235977766546,159.82819605861545,153.91611925214755,-379.736,-696.526,-736.554,29898.64421649179,31251.266490333088,31654.92675492241,3.03417,3.09667,1.74667,-0.3908299999999993,-0.05811604514797,-0.0310534202618839,0.0803493178790676,-0.0529335324043354,-0.0432821586369852,0.0226435107091373,0.0168444663349965,0.0674188918443341,-59.37729999999946,149.59629999999987,3949.561375,4685.076913043479,4559.099636363636,3047.2950000000005,3386.295652173913,3424.2040909090906,3957.353124638888,3476.48152136232,3118.9984851515155,-3.0767666666666664,-2.782713043478261,-1.90295,-4.80625,-3.1786956521739134,-0.0822727272727279,69.24219583333331,84.23916086956521,99.3622590909091,0.2386666666666665,0.096695652173913,0.0477727272727273,40.6813205322553,43.03007667464901,38.80518168037115,-76.52371666666664,-410.4143130434782,-470.9169636363636,3712.058798639988,5284.88459737178,5947.115082959328,1.7294833333333333,0.3959826086956521,-1.820677272727272,-0.1191192864382161,-0.1014795435962647,0.0279456536258428,-0.0995153041962241,-0.0614063411547542,-0.04457694336214,0.0479931263595466,-147.06854761904782,0.135621,0.088028,1.0,0.16977444444444445,0.20364400000000002,9.0,0.2238591,0.1749595,10.0,0.1450895,0.062258,0.12283166666666667,0.01622,0.12497616666666667,0.079369,0.33299900000000004,0.3664282222222222,0.1697505
2011,USA,0.0,9151.247,6102.623,9253.533333,2.78583,0.1,190.362,0.958,167.0035371399697,-455.297,30745.45820562164,0,0,0,8954.963,8756.681,9296.985,6080.148,6175.145,6373.05,8624.216667,8413.283333,7787.558333,3.21417,3.25667,3.66667,0.18,0.16,1.92,197.492,205.521,217.008,0.912,0.823,0.677,161.89994946942898,159.27235977766546,159.82819605861545,-432.002,-379.736,-696.526,30491.34438076369,29898.64421649179,31251.266490333088,2.68583,3.03417,3.09667,1.74667,0.0226435107091373,-0.0153837683163715,0.0250714644510595,-0.039066567406737,0.0198236468510158,0.0219190185375417,0.0002196099629377,0.0509682944753172,-23.89320000000092,-59.37729999999946,3989.86092,3949.561375,4685.076913043479,2830.4062000000004,3047.2950000000005,3386.295652173913,4009.992333653334,3957.353124638888,3476.48152136232,-2.9961960000000003,-3.0767666666666664,-2.782713043478261,-4.594,-4.80625,-3.1786956521739134,58.44350799999998,69.24219583333331,84.23916086956521,0.31812,0.2386666666666665,0.096695652173913,41.68165740272862,40.6813205322553,43.03007667464901,-125.728768,-76.52371666666664,-410.4143130434782,4156.276610966292,3712.058798639988,5284.88459737178,1.5978040000000002,1.7294833333333333,0.3959826086956521,-0.0333964269795165,-0.0815815773342412,-0.0284966020365754,-0.0815018681904496,0.0042580618813616,-0.0592636717619318,0.0294558713227234,-349.3572136363631,0.1798378,0.11859579999999999,5.0,0.25827520000000004,0.122654,5.0,0.27379936363636365,0.1773509090909091,11.0,0.135621,0.1450895,0.062258,0.16977444444444445,0.01622,0.12497616666666667,0.2238591,0.33299900000000004,0.3664282222222222
2012,USA,0.0,9444.211,6141.26,10047.91667,1.8025,0.14,190.243,1.0,170.5406771096513,-418.112,31224.222253421813,0,0,0,9151.247,8954.963,8756.681,6102.623,6080.148,6175.145,9253.533333,8624.216667,8413.283333,2.78583,3.21417,3.25667,0.1,0.18,0.16,190.362,197.492,205.521,0.958,0.912,0.823,167.0035371399697,161.89994946942898,159.27235977766546,-455.297,-432.002,-379.736,30745.45820562164,30491.34438076369,29898.64421649179,1.6625,2.68583,3.03417,3.09667,0.0219190185375416,0.0036964560731086,0.0729708784344481,-0.0361027282117756,0.0083339659178249,0.0320135605562825,-0.0045178386337636,0.0464188219193605,225.88740000000013,-23.89320000000092,4032.6887307692296,3989.86092,3949.561375,2744.0194230769225,2830.4062000000004,3047.2950000000005,4485.078525282051,4009.992333653334,3957.353124638888,-3.309297692307693,-2.9961960000000003,-3.0767666666666664,-4.497307692307693,-4.594,-4.80625,49.06568076923077,58.44350799999998,69.24219583333331,0.3518846153846153,0.31812,0.2386666666666665,45.18210440393359,41.68165740272862,40.6813205322553,-144.1880461538462,-125.728768,-76.52371666666664,4250.533643094768,4156.276610966292,3712.058798639988,1.1880099999999998,1.5978040000000002,1.7294833333333333,-0.0327850620719315,-0.0592380898513914,0.0205426760282762,-0.0752779542678703,-0.0074019415270837,-0.0615318007018861,0.0236790707949865,-298.6836695652184,0.050795,0.050963,1.0,0.1656265,0.169493,8.0,0.2333475,0.09022483333333335,6.0,0.1798378,0.135621,0.1450895,0.25827520000000004,0.16977444444444445,0.01622,0.27379936363636365,0.2238591,0.33299900000000004
2013,USA,0.0,9730.2,6255.0,10724.85833,2.35083,0.11,204.3172025259476,1.007,173.06720565942393,-339.455,31581.707325592328,0,0,0,9444.211,9151.247,8954.963,6141.26,6102.623,6080.148,10047.91667,9253.533333,8624.216667,1.8025,2.78583,3.21417,0.14,0.1,0.18,190.243,190.362,197.492,1.0,0.958,0.912,170.5406771096513,167.0035371399697,161.89994946942898,-418.112,-455.297,-432.002,31224.222253421813,30745.45820562164,30491.34438076369,2.2408300000000003,1.6625,2.68583,3.03417,0.0320135605562826,0.0063312120050674,0.0858464878671876,-0.0006251247622949,0.015571862503992,0.0302819367335187,0.0255253632676539,0.0056306083391405,261.8674999999991,225.88740000000013,4176.293888888888,4032.6887307692296,3989.86092,2681.026074074074,2744.0194230769225,2830.4062000000004,5113.347842827161,4485.078525282051,4009.992333653334,-4.170061111111111,-3.309297692307693,-2.9961960000000003,-4.290740740740741,-4.497307692307693,-4.594,47.12943333333334,49.06568076923077,58.44350799999998,0.3808518518518519,0.3518846153846153,0.31812,47.045833099395466,45.18210440393359,41.68165740272862,-101.66274814814813,-144.1880461538462,-125.728768,4571.8705189284665,4250.533643094768,4156.276610966292,0.1206796296296299,1.1880099999999998,1.5978040000000002,-0.0214295561273469,-0.0543249458482252,0.0326281825368512,-0.03690504488501,0.0001206451178173,-0.0290273267723931,-0.0180563056170329,-36.45791666666656,0.2995623333333333,0.26076866666666665,3.0,0.17043857142857144,0.21142442857142857,7.0,0.283653,0.20994275,4.0,0.050795,0.1798378,0.135621,0.1656265,0.25827520000000004,0.16977444444444445,0.2333475,0.27379936363636365,0.2238591
2014,USA,0.0,10273.2,6461.199999999998,11387.04167,2.54083333333333,0.09,214.71387433589624,1.026,175.99797877716017,-369.978,32072.18365577019,0,0,0,9730.2,9444.211,9151.247,6255.0,6141.26,6102.623,10724.85833,10047.91667,9253.533333,2.35083,1.8025,2.78583,0.11,0.14,0.1,204.3172025259476,190.243,190.362,1.007,1.0,0.958,173.06720565942393,170.5406771096513,167.0035371399697,-339.455,-418.112,-455.297,31581.707325592328,31224.222253421813,30745.45820562164,2.45083333333333,2.2408300000000003,1.6625,2.68583,0.0302819367335187,0.0185206293171107,0.0673713449496589,0.0739801334395882,0.0114489664232177,0.0558056360609235,0.028071505275781,0.0053980968927989,365.18480000000005,261.8674999999991,4313.129535714286,4176.293888888888,4032.6887307692296,2699.015142857143,2681.026074074074,2744.0194230769225,5607.669937011904,5113.347842827161,4485.078525282051,-3.472800357142856,-4.170061111111111,-3.309297692307693,-4.1675,-4.290740740740741,-4.497307692307693,59.52044181166187,47.12943333333334,49.06568076923077,0.3742500000000002,0.3808518518518519,0.3518846153846153,47.89215332418969,47.045833099395466,45.18210440393359,-19.374935714285694,-101.66274814814813,-144.1880461538462,4766.074501137253,4571.8705189284665,4250.533643094768,0.6946996428571433,0.1206796296296299,1.1880099999999998,-0.0223674926861351,-0.0401234935047661,0.0129445884142539,0.0390670668311328,-0.0040067193006538,-0.0253647491191739,-0.0175943437704117,0.9804999999990968,0.168465,0.104446,1.0,0.1745900769230769,0.17162292307692306,13.0,0.20792275,0.156617875,8.0,0.2995623333333333,0.050795,0.1798378,0.17043857142857144,0.1656265,0.25827520000000004,0.283653,0.2333475,0.27379936363636365
2015,USA,0.0,10986.9,6735.0,12043.525,2.135833,0.13,226.0146045641013,1.001,176.30116220313286,-408.884,32703.493039904108,0,0,0,10273.2,9730.2,9444.211,6461.199999999998,6255.0,6141.26,11387.04167,10724.85833,10047.91667,2.54083333333333,2.35083,1.8025,0.09,0.11,0.14,214.71387433589624,204.3172025259476,190.243,1.026,1.007,1.0,175.99797877716017,173.06720565942393,170.5406771096513,-369.978,-339.455,-418.112,32072.18365577019,31581.707325592328,31224.222253421813,2.005833,2.45083333333333,2.2408300000000003,1.6625,0.0558056360609235,0.0329656274980012,0.0617428519449731,0.0508849557522123,0.0155303931203365,0.0694720242962272,0.0393670444502416,0.0142625418797974,517.1067000000011,365.18480000000005,4707.400931034481,4313.129535714286,4176.293888888888,2812.145655172412,2699.015142857143,2681.026074074074,6076.4853481494265,5607.669937011904,5113.347842827161,-3.163045287356325,-3.472800357142856,-4.170061111111111,-4.043793103448276,-4.1675,-4.290740740740741,67.8646845936222,59.52044181166187,47.12943333333334,0.3803448275862069,0.3742500000000002,0.3808518518518519,49.17147287902283,47.89215332418969,47.045833099395466,-49.22983448275863,-19.374935714285694,-101.66274814814813,5092.203434724175,4766.074501137253,4571.8705189284665,0.8807478160919509,0.6946996428571433,0.1206796296296299,0.0039550456657745,-0.0242455134129911,0.0068537886804875,0.0145766367569307,0.0002178045143454,-0.0131297747921513,-0.008078256421546,104.26008846153854,0.2823422857142857,0.14214542857142856,7.0,0.20205977777777778,0.20293733333333333,9.0,0.30249875000000004,0.16693625,4.0,0.168465,0.2995623333333333,0.050795,0.1745900769230769,0.17043857142857144,0.1656265,0.20792275,0.283653,0.2333475
2016,USA,0.0,11698.2,7146.099999999999,12860.225,1.84166667,0.39,238.75575948983112,1.052,178.57503789792818,-397.573,33012.76787083851,0,0,0,10986.9,10273.2,9730.2,6735.0,6461.199999999998,6255.0,12043.525,11387.04167,10724.85833,2.135833,2.54083333333333,2.35083,0.13,0.09,0.11,226.0146045641013,214.71387433589624,204.3172025259476,1.001,1.026,1.007,176.30116220313286,175.99797877716017,173.06720565942393,-408.884,-369.978,-339.455,32703.493039904108,32072.18365577019,31581.707325592328,1.4516666699999998,2.005833,2.45083333333333,2.2408300000000003,0.0694720242962273,0.0423760292205785,0.0576517895538709,0.0526315789473683,0.0196840162462819,0.064740736695519,0.0518531990302231,0.0198917585862695,661.7699999999991,517.1067000000011,5264.187566666668,4707.400931034481,4313.129535714286,2992.2074666666667,2812.145655172412,2699.015142857143,6530.419166544444,6076.4853481494265,5607.669937011904,-3.462610777777777,-3.163045287356325,-3.472800357142856,-3.869,-4.043793103448276,-4.1675,76.90325866870651,67.8646845936222,59.52044181166187,0.3426666666666665,0.3803448275862069,0.3742500000000002,47.8356072090281,49.17147287902283,47.89215332418969,-86.49484000000001,-49.22983448275863,-19.374935714285694,5553.772704367286,5092.203434724175,4766.074501137253,0.4063892222222223,0.8807478160919509,0.6946996428571433,0.0174850530160516,-0.013999059503759,0.0025263887486789,0.015820617305296,0.0043639171397961,-0.0001746996838786,-0.0021605305571616,252.3205037037048,0.208651,0.1968785,2.0,0.26267916666666663,0.12354383333333334,6.0,0.271729,0.10901033333333333,3.0,0.2823422857142857,0.168465,0.2995623333333333,0.20205977777777778,0.1745900769230769,0.17043857142857144,0.30249875000000004,0.20792275,0.283653
2017,USA,0.0,12263.2,7479.9,13592.46667,2.33,1.0,253.5221207276517,1.046,182.41536129358252,-361.702,33543.679861697616,0,0,0,11698.2,10986.9,10273.2,7146.099999999999,6735.0,6461.199999999998,12860.225,12043.525,11387.04167,1.84166667,2.135833,2.54083333333333,0.39,0.13,0.09,238.75575948983112,226.0146045641013,214.71387433589624,1.052,1.001,1.026,178.57503789792818,176.30116220313286,175.99797877716017,-397.573,-408.884,-369.978,33012.76787083851,32703.493039904108,32072.18365577019,1.33,1.4516666699999998,2.005833,2.45083333333333,0.0647407366955189,0.0610393466963622,0.0678123722083028,0.05637314876312,0.0094569357027712,0.0482980287565608,0.0633394656842232,0.0069401161506731,668.1300000000023,661.7699999999991,5805.675064516127,5264.187566666668,4707.400931034481,3306.78464516129,2992.2074666666667,2812.145655172412,7136.460483752689,6530.419166544444,6076.4853481494265,-3.6450799859139775,-3.462610777777777,-3.163045287356325,-3.4841935483870965,-3.869,-4.043793103448276,87.16366331480063,76.90325866870651,67.8646845936222,0.3826129032258064,0.3426666666666665,0.3803448275862069,48.56639880030639,47.8356072090281,49.17147287902283,-72.39368387096772,-86.49484000000001,-49.22983448275863,5683.893577096289,5553.772704367286,5092.203434724175,-0.1608864375268817,0.4063892222222223,0.8807478160919509,0.0121709303148082,0.0051308932888165,0.0126027584448215,0.0190348332108711,-0.0060086273083744,0.0113175910971516,-0.0150376719390628,387.9723571428562,0.257596,0.1464655,2.0,0.093008,0.22488316666666666,6.0,0.15803833333333334,0.110707,6.0,0.208651,0.2823422857142857,0.168465,0.26267916666666663,0.20205977777777778,0.1745900769230769,0.271729,0.30249875000000004,0.20792275
2018,USA,0.0,12814.851,7662.869,14116.525,2.91,1.83,269.2813334344672,1.054,186.8620515411824,-438.241,34338.77075550321,0,0,0,12263.2,11698.2,10986.9,7479.9,7146.099999999999,6735.0,13592.46667,12860.225,12043.525,2.33,1.84166667,2.135833,1.0,0.39,0.13,253.5221207276517,238.75575948983112,226.0146045641013,1.046,1.052,1.001,182.41536129358252,178.57503789792818,176.30116220313286,-361.702,-397.573,-408.884,33543.679861697616,33012.76787083851,32703.493039904108,1.08,1.33,1.4516666699999998,2.005833,0.0482980287565608,0.0467107932998419,0.0569384804698206,0.0618471414862328,0.0160820199304792,0.0449842618566118,0.0608369299161023,0.0111136988580182,604.8852999999992,668.1300000000023,6189.247718749999,5805.675064516127,5264.187566666668,3537.2476249999995,3306.78464516129,2992.2074666666667,7645.687763635417,7136.460483752689,6530.419166544444,-3.0428379063541664,-3.6450799859139775,-3.462610777777777,-2.7653125,-3.4841935483870965,-3.869,99.20616007403368,87.16366331480063,76.90325866870651,0.36465625,0.3826129032258064,0.3426666666666665,50.88902223345116,48.56639880030639,47.8356072090281,-34.26038125000002,-72.39368387096772,-86.49484000000001,6037.183893671139,5683.893577096289,5553.772704367286,-0.2775254063541663,-0.1608864375268817,0.4063892222222223,-0.0046643882794663,-0.0093631727944397,0.0013223261113451,0.0238947990562139,0.0008102836067004,0.008437802292459,-0.0103628335004155,380.9540000000023,,,,0.1110487,0.1817863,10.0,0.029683666666666667,0.28301166666666666,3.0,0.257596,0.208651,0.2823422857142857,0.093008,0.26267916666666663,0.20205977777777778,0.15803833333333334,0.271729,0.30249875000000004
2019,USA,0.0,13455.427,8088.819,14836.525,2.144167,2.16,282.98637068818806,1.068,190.24759979787768,-472.145,34961.83505132533,0,0,0,12814.851,12263.2,11698.2,7662.869,7479.9,7146.099999999999,14116.525,13592.46667,12860.225,2.91,2.33,1.84166667,1.83,1.0,0.39,269.2813334344672,253.5221207276517,238.75575948983112,1.054,1.046,1.052,186.8620515411824,182.41536129358252,178.57503789792818,-438.241,-361.702,-397.573,34338.77075550321,33543.679861697616,33012.76787083851,-0.0158330000000002,1.08,1.33,1.4516666699999998,0.0449842618566117,0.0244614232810599,0.038555057203609,0.0621610952984451,0.0237031505512751,0.0499870033603979,0.0526743424362305,0.0105803433584284,582.3332000000008,604.8852999999992,6553.3457575757575,6189.247718749999,5805.675064516127,3613.0273030303024,3537.2476249999995,3306.78464516129,7938.058585646465,7645.687763635417,7136.460483752689,-2.370630697070707,-3.0428379063541664,-3.6450799859139775,-1.8515151515151511,-2.7653125,-3.4841935483870965,111.95912550587846,99.20616007403368,87.16366331480063,0.3616060606060606,0.36465625,0.3826129032258064,53.79362089821913,50.88902223345116,48.56639880030639,-109.76118787878784,-34.26038125000002,-72.39368387096772,6649.329821001851,6037.183893671139,5683.893577096289,-0.5191155455555554,-0.2775254063541663,-0.1608864375268817,-0.007832393045682,-0.0313199436633954,-0.0171024198458459,0.0234620403979195,0.008406092864787,3.027641862787811e-06,-0.0105619040483791,305.01083333333247,0.07892166666666667,0.14335783333333332,6.0,0.0946526875,0.14822525,16.0,0.13150225,0.1065015,4.0,,0.257596,0.208651,0.1110487,0.093008,0.26267916666666663,0.029683666666666667,0.15803833333333334,0.271729
2020,USA,0.0,14528.895,8896.753,17677.43333,0.8941666,0.37,305.2215031887959,1.281,192.622536634664,-616.087,33646.26175527241,0,0,0,13455.427,12814.851,12263.2,8088.819,7662.869,7479.9,14836.525,14116.525,13592.46667,2.144167,2.91,2.33,2.16,1.83,1.0,282.98637068818806,269.2813334344672,253.5221207276517,1.068,1.054,1.046,190.24759979787768,186.8620515411824,182.41536129358252,-472.145,-438.241,-361.702,34961.83505132533,34338.77075550321,33543.679861697616,0.5241666,-0.0158330000000002,1.08,1.33,0.0499870033603979,0.0555862301704493,0.0510040537596894,0.0508948655256721,0.0181446301691585,0.0797795566056729,0.0477564313245235,0.0025449659078691,743.7661000000011,582.3332000000008,7001.176294117647,6553.3457575757575,6189.247718749999,3932.711794117648,3613.0273030303024,3537.2476249999995,8424.586274303922,7938.058585646465,7645.687763635417,-3.0667392648039216,-2.370630697070707,-3.0428379063541664,-1.4670588235294115,-1.8515151515151511,-2.7653125,122.3712473035441,111.95912550587846,99.20616007403368,0.3649705882352942,0.3616060606060606,0.36465625,55.5970038343786,53.79362089821913,50.88902223345116,-140.4369176470588,-109.76118787878784,-34.26038125000002,7076.825592676858,6649.329821001851,6037.183893671139,-1.5996804412745098,-0.5191155455555554,-0.2775254063541663,-0.0025923062980873,0.0007539524279149,-0.0041351681429217,0.0114848397039974,0.0025928423958586,-0.0049149780836524,-0.0182672219974265,272.6196741935492,0.297061,0.247718,1.0,0.139283125,0.227157875,8.0,0.3412456,0.1973166,5.0,0.07892166666666667,,0.257596,0.0946526875,0.1110487,0.093008,0.13150225,0.029683666666666667,0.15803833333333334
