year,country,iso,ifs,pop,rgdpmad,rgdpbarro,rconsbarro,gdp,iy,cpi,ca,imports,exports,narrowm,money,stir,ltrate,hpnom,unemp,wage,debtgdp,revenue,expenditure,xrusd,tloans,tmort,thh,tbus,bdebt,lev,ltd,noncore,crisisjst,crisisjst_old,peg,peg_strict,peg_type,peg_base,jsttrilemmaiv,eq_tr,housing_tr,bond_tr,bill_rate,rent_ipolated,housing_capgain_ipolated,housing_capgain,housing_rent_rtn,housing_rent_yd,eq_capgain,eq_dp,eq_capgain_interp,eq_tr_interp,eq_dp_interp,bond_rate,eq_div_rtn,capital_tr,risky_tr,safe_tr,P_pos,P_neg,P_neutral,n_speeches,net_sentiment,P_neg_change,P_pos_change,net_sent_change,P_neg_roll3_mean,P_neg_roll3_std,net_sentiment_roll3_mean,net_sentiment_roll3_std,P_neg_slope4,net_sent_slope4,P_pos_lag1,P_pos_lag2,P_neg_lag1,P_neg_lag2,P_neutral_lag1,P_neutral_lag2,net_sentiment_lag1,net_sentiment_lag2,P_neg_change_lag1,P_neg_change_lag2,P_pos_change_lag1,P_pos_change_lag2,net_sent_change_lag1,net_sent_change_lag2,P_neg_roll3_mean_lag1,P_neg_roll3_mean_lag2,P_neg_roll3_std_lag1,P_neg_roll3_std_lag2,P_neg_slope4_lag1,P_neg_slope4_lag2,net_sent_slope4_lag1,net_sent_slope4_lag2,target_h1,target_h2,target_h3,tloans_lag1,tloans_lag2,tloans_lag3,tmort_lag1,tmort_lag2,tmort_lag3,money_lag1,money_lag2,money_lag3,ltrate_lag1,ltrate_lag2,ltrate_lag3,stir_lag1,stir_lag2,stir_lag3,hpnom_lag1,hpnom_lag2,hpnom_lag3,debtgdp_lag1,debtgdp_lag2,debtgdp_lag3,cpi_lag1,cpi_lag2,cpi_lag3,ca_lag1,ca_lag2,ca_lag3,rgdpmad_lag1,rgdpmad_lag2,rgdpmad_lag3,term_spread,term_spread_lag1,term_spread_lag2,term_spread_lag3,tloans_gr_lag1,tmort_gr_lag1,money_gr_lag1,hpnom_gr_lag1,rgdpmad_gr_lag1,tloans_gr_raw,tloans_gr_roll3_mean_lag1,tloans_gr_roll3_std_lag1,tloans_slope4,tloans_slope4_lag1,tloans_lag1_dm,tloans_lag2_dm,tloans_lag3_dm,tmort_lag1_dm,tmort_lag2_dm,tmort_lag3_dm,money_lag1_dm,money_lag2_dm,money_lag3_dm,ltrate_lag1_dm,ltrate_lag2_dm,ltrate_lag3_dm,stir_lag1_dm,stir_lag2_dm,stir_lag3_dm,hpnom_lag1_dm,hpnom_lag2_dm,hpnom_lag3_dm,debtgdp_lag1_dm,debtgdp_lag2_dm,debtgdp_lag3_dm,cpi_lag1_dm,cpi_lag2_dm,cpi_lag3_dm,ca_lag1_dm,ca_lag2_dm,ca_lag3_dm,rgdpmad_lag1_dm,rgdpmad_lag2_dm,rgdpmad_lag3_dm,term_spread_lag1_dm,term_spread_lag2_dm,term_spread_lag3_dm,tloans_gr_lag1_dm,tmort_gr_lag1_dm,money_gr_lag1_dm,hpnom_gr_lag1_dm,rgdpmad_gr_lag1_dm,tloans_gr_roll3_mean_lag1_dm,tloans_gr_roll3_std_lag1_dm,tloans_slope4_lag1_dm,P_pos_lag1_rdm,P_neg_lag1_rdm,P_neutral_lag1_rdm,net_sentiment_lag1_rdm,P_neg_change_lag1_rdm,P_pos_change_lag1_rdm,net_sent_change_lag1_rdm,P_neg_roll3_mean_lag1_rdm,P_neg_roll3_std_lag1_rdm,P_neg_slope4_lag1_rdm,P_pos_lag2_rdm,P_neg_lag2_rdm,P_neutral_lag2_rdm,net_sentiment_lag2_rdm,P_neg_change_lag2_rdm,P_pos_change_lag2_rdm,net_sent_change_lag2_rdm,P_neg_roll3_mean_lag2_rdm,P_neg_roll3_std_lag2_rdm,P_neg_slope4_lag2_rdm
2003,Australia,AUS,193,19767.0,22666.27778851437,96.98194132936084,93.2298,800960.0,0.2642255431176145,137.42260074906366,-42875.38879999999,136544.0,107956.0,198074.8685167553,601112.9571911701,4.80916666666667,5.36677549770342,231.631572023679,5.9287,153.83946051772898,0.13208,183659.0,182268.0,1.3333333333333333,755126.42,419409.0,486353.0,268773.0,572036.0,5.204275170435823,123.07186889648438,41.73241972826925,0.0,0.0,0.0,0.0,FLOAT,USA,0.0,0.1586419343948364,0.2093421518802642,0.0228168983012437,0.0480916649103164,,,0.1820009648799896,0.0273411925882101,0.0231312774121761,0.1110737696290016,0.0428127907216548,,,,0.0536677539348602,0.0475681684911251,0.1907079666852951,0.1961714625358581,0.0354542806744575,0.188713,0.434833,0.376454,6.0,-0.24612,-0.0048419999999999,-0.023223,-0.018381,0.3646616666666666,0.1473657396050159,-0.1890703333333333,0.1622113911700819,0.0700102,-0.0604589,0.211936,0.130977,0.439675,0.459429,0.348389,0.409594,-0.227739,-0.328453,-0.0197539999999999,0.264548,0.080959,-0.0528849999999999,0.100714,-0.317434,0.2825526666666667,0.2095489999999999,0.1531813157416182,0.0267443245007235,0.1003529,0.0658565999999999,-0.0837538,-0.0708882999999999,0,0,0,638061.02,552921.38,501168.72,350989.0,302902.0,267210.0,537277.23965247,502184.66369387,441076.96608717,5.84395771110088,5.61526432840721,6.31456933440806,4.55083333333333,4.80019007719122,5.97608417817581,195.9657969743477,162.67631367390192,150.19367097858657,0.15062,0.17177,0.19559,133.76959490636705,129.81217191011234,124.3326631460674,-28767.20942,-15885.13698,-27114.13059,22236.935272996816,21662.025668109956,21377.823125181403,0.5576088310367506,1.2931243777675503,0.8150742512159894,0.33848515623224973,0.1539814575446513,0.15875431657763897,0.06987982408796196,0.20463632687901515,0.026539974317047393,0.18347054016871311,0.12082880845455923,0.02872804922096844,84701.274,60559.337719999945,182941.9260000001,122252.85750000004,94000.26333333325,113949.4,82328.0,62181.33333333334,116280.14071956195,101484.45595120249,53835.67779267003,-0.23344922448950634,-0.5776782589789704,0.16216899602917323,-0.5815226091543817,-0.41520733162061507,1.0142490258186339,57.0825111452167,29.741284805963602,23.01152281419769,-0.067352,-0.057752499999999984,-0.0452433333333333,12.385429333333349,10.53500792134831,6.740665543071174,-4476.212737999998,10507.324627500002,-962.225309999998,1436.7783500013902,1077.3359313931614,1057.5111846194777,0.34807338466487625,-0.16247092735835578,-0.8520800297894606,0.04538799447078268,0.025583431615325225,-0.019673960178167624,0.1179399944827295,0.0013283786080961653,0.008975280520613027,0.011549281209495808,12691.000909999937,0.06066400000000002,0.1571223333333333,-0.217787,-0.09645799999999999,-0.09275766666666657,0.09153666666666664,0.1842956666666667,0.055679333333333386,0.13277611175264417,0.07767515,-0.03087266666666666,0.24988,-0.21900833333333336,-0.2807536666666667,0.282097,-0.06332099999999986,-0.345419,-0.025986500000000107,0.009508680767624202,0.0863576999999998
2004,Australia,AUS,193,19995.0,23322.00788305354,98.1709022156972,96.1831,861039.0,0.2675819507177675,140.6407249438202,-54443.49597000001,148924.0,117773.0,211328.75215886932,655708.160473812,5.25,5.59077450749734,246.72093839070376,5.3947,160.9876006090929,0.11942,192723.0,189587.0,1.2836970474967908,865325.92,474827.0,549628.0,315698.0,617142.0,4.784511755178226,124.59059143066406,43.48126565073752,0.0,0.0,0.0,0.0,FLOAT,USA,0.0,0.2756807804107666,0.0888470411300659,0.0823613330721855,0.0524999983608722,,,0.0651421248912811,0.0237049181014299,0.0222551692277193,0.2259830683469772,0.0405370220541954,,,,0.0559077449142932,0.0496977008879184,0.1386108547449112,0.1406475752592086,0.067430667579174,0.197748,0.265144,0.537108,8.0,-0.067395,-0.169689,0.009035,0.178725,0.4446456666666666,0.0130296373446603,-0.2674373333333333,0.053634401034535,-0.0587696999999999,0.0764793,0.188713,0.211936,0.434833,0.439675,0.376454,0.348389,-0.24612,-0.227739,-0.0048419999999999,-0.0197539999999999,-0.023223,0.080959,-0.018381,0.100714,0.3646616666666666,0.2825526666666667,0.1473657396050159,0.1531813157416182,0.0700102,0.1003529,-0.0604589,-0.0837538,0,0,0,755126.42,638061.02,552921.38,419409.0,350989.0,302902.0,601112.9571911701,537277.23965247,502184.66369387,5.36677549770342,5.84395771110088,5.61526432840721,4.80916666666667,4.55083333333333,4.80019007719122,231.631572023679,195.9657969743477,162.67631367390192,0.13208,0.15062,0.17177,137.42260074906366,133.76959490636705,129.81217191011234,-42875.38879999999,-28767.20942,-15885.13698,22666.27778851437,22236.935272996816,21662.025668109956,0.34077450749733984,0.5576088310367506,1.2931243777675503,0.8150742512159894,0.18347054016871306,0.19493488399921366,0.11881336641021924,0.1820000000000001,0.01930762986205753,0.14593516672347384,0.14690531481124744,0.040568808894694657,105427.90200000012,84701.274,269517.005,182941.9260000001,122252.85750000004,163377.83333333334,113949.4,82328.0,160735.83480500168,116280.14071956195,101484.45595120249,-0.6717232338053813,-0.23344922448950634,-0.5776782589789704,-0.2262688409619784,-0.5815226091543817,-0.41520733162061507,83.23453433701187,57.0825111452167,29.741284805963602,-0.07466666666666666,-0.067352,-0.057752499999999984,13.974196953807748,12.385429333333349,10.53500792134831,-17838.356661666658,-4476.212737999998,10507.324627500002,1626.65780718538,1436.7783500013902,1077.3359313931614,-0.4454543928434027,0.34807338466487625,-0.16247092735835578,0.06579947820068789,0.056647312713834885,0.03319437417972318,0.07171566870716856,-0.006169641568512928,0.032807966747147976,0.020502720580848073,32602.60355333335,0.013121333333333318,0.07017133333333336,-0.08329299999999995,-0.057049666666666665,-0.08695099999999993,-0.047542666666666705,0.03940833333333333,0.12492844444444443,0.07757594010691456,0.021440733333333323,0.06066400000000002,0.1571223333333333,-0.217787,-0.09645799999999999,-0.09275766666666657,0.09153666666666664,0.1842956666666667,0.055679333333333386,0.13277611175264417,0.07767515
2005,Australia,AUS,193,20232.0,23764.613687385267,100.0,97.9226,922371.0,0.27598881251206,144.38070711610487,-54844.17966,164137.0,139080.0,233036.6396546432,710108.9448927271,5.4575,5.33997311398556,250.24832273624205,5.0325,167.70720034805314,0.10891,211032.0,207932.0,1.362954886193267,985477.6,531848.0,615977.0,369501.0,710925.0,4.907004130195782,129.52720642089844,43.36338977701593,0.0,0.0,0.0,0.0,FLOAT,USA,0.0,0.210878312587738,0.0370575487613678,0.0635770782828331,0.0545749999582767,,,0.0142954997718334,0.0227620508521795,0.022441241890192,0.1617774069309234,0.0422636158764362,,,,0.0533997304737567,0.0491009131073951,0.0860600769519805,0.0867671519517898,0.0590760409832,0.178847,0.22918,0.591973,10.0,-0.050332,-0.0359639999999999,-0.018901,0.0170629999999999,0.379884,0.0993972431257528,-0.180418,0.0983113126094856,-0.0801173999999999,0.0710946,0.197748,0.188713,0.265144,0.434833,0.537108,0.376454,-0.067395,-0.24612,-0.169689,-0.0048419999999999,0.009035,-0.023223,0.178725,-0.018381,0.4446456666666666,0.3646616666666666,0.0130296373446603,0.1473657396050159,-0.0587696999999999,0.0700102,0.0764793,-0.0604589,0,0,0,865325.92,755126.42,638061.02,474827.0,419409.0,350989.0,655708.160473812,601112.9571911701,537277.23965247,5.59077450749734,5.36677549770342,5.84395771110088,5.25,4.80916666666667,4.55083333333333,246.72093839070376,231.631572023679,195.9657969743477,0.11942,0.13208,0.15062,140.6407249438202,137.42260074906366,133.76959490636705,-54443.49597000001,-42875.38879999999,-28767.20942,23322.00788305354,22666.27778851437,22236.935272996816,-0.11752688601443939,0.34077450749733984,0.5576088310367506,1.2931243777675503,0.14593516672347392,0.13213354982844908,0.09082353429503467,0.06514382402707265,0.028929765207035694,0.13885135903475532,0.16112905481227938,0.019762139938365664,115244.92400000001,105427.90200000012,341214.0757142857,269517.005,182941.9260000001,195456.14285714284,163377.83333333334,113949.4,192368.77597264346,160735.83480500168,116280.14071956195,-0.3517637620392646,-0.6717232338053813,-0.23344922448950634,0.24688861250877725,-0.2262688409619784,-0.5815226091543817,86.43325294160636,83.23453433701187,57.0825111452167,-0.07666,-0.07466666666666666,-0.067352,15.19600729802032,13.974196953807748,12.385429333333349,-26858.127165714297,-17838.356661666658,-4476.212737999998,2050.0082149837763,1626.65780718538,1436.7783500013902,-0.5986523745480418,-0.4454543928434027,0.34807338466487625,0.017297525055334106,-0.015595240242568864,-0.00032785363208191753,-0.05709311871695365,0.00448076737121739,0.04047011339875031,-0.004404492491650536,45178.58066500013,0.020539333333333326,-0.17950166666666667,0.15896233333333332,0.20004233333333338,-0.2496730000000001,0.0074179999999999646,0.257092,0.1590578888888889,-0.09606748927112556,-0.13750959999999987,0.013121333333333318,0.07017133333333336,-0.08329299999999995,-0.057049666666666665,-0.08695099999999993,-0.047542666666666705,0.03940833333333333,0.12492844444444443,0.07757594010691456,0.021440733333333323
2006,Australia,AUS,193,20489.0,24097.573450962896,101.2892063714986,100.0,996430.0,0.2737439523095031,149.51231056179776,-58500.405300000006,184750.160008,163753.0,258691.49340122173,802491.625485827,5.805,5.5878722441858,269.84490243367674,4.7823,175.99738960191434,0.09959,225513.0,209797.0,1.2637432073802604,1124441.89,588836.0,685281.0,439161.0,815892.0,4.703203638733361,129.28997802734375,44.17216340154606,0.0,0.0,0.0,0.0,FLOAT,USA,0.0,0.2496554255485534,0.1014699265360832,0.0092427870258688,0.0580499991774559,,,0.0783103182911872,0.023159610107541,0.0214776862412691,0.1986705809831619,0.0425344891846179,,,,0.0558787211775779,0.0509848408401012,0.1454662233591079,0.1479840576648712,0.0336463935673236,0.176564,0.26576,0.557676,6.0,-0.089196,0.03658,-0.002283,-0.0388639999999999,0.309719,0.1098339067455948,-0.1212823333333333,0.1084486918147625,-0.0543183,0.0487835,0.178847,0.197748,0.22918,0.265144,0.591973,0.537108,-0.050332,-0.067395,-0.0359639999999999,-0.169689,-0.018901,0.009035,0.0170629999999999,0.178725,0.379884,0.4446456666666666,0.0993972431257528,0.0130296373446603,-0.0801173999999999,-0.0587696999999999,0.0710946,0.0764793,0,0,0,985477.6,865325.92,755126.42,531848.0,474827.0,419409.0,710108.9448927271,655708.160473812,601112.9571911701,5.33997311398556,5.59077450749734,5.36677549770342,5.4575,5.25,4.80916666666667,250.24832273624205,246.72093839070376,231.631572023679,0.10891,0.11942,0.13208,144.38070711610487,140.6407249438202,137.42260074906366,-54844.17966,-54443.49597000001,-42875.38879999999,23764.613687385267,23322.00788305354,22666.27778851437,-0.2171277558141993,-0.11752688601443939,0.34077450749733984,0.5576088310367506,0.1388513590347553,0.12008794782099586,0.08296493424697546,0.014297061159650603,0.018978031675108836,0.14101212447649747,0.1560856886423141,0.023979004413963386,122809.80899999996,115244.92400000001,418713.99624999997,341214.0757142857,269517.005,228045.125,195456.14285714284,163377.83333333334,222723.46339497808,192368.77597264346,160735.83480500168,-0.5585946852961365,-0.3517637620392646,-0.6717232338053813,0.4235275359451798,0.24688861250877725,-0.2262688409619784,79.15648066944385,86.43325294160636,83.23453433701187,-0.0775875,-0.07666,-0.07466666666666666,17.036488558052454,15.19600729802032,13.974196953807748,-23901.54496,-26858.127165714297,-17838.356661666658,2236.362992442533,2050.0082149837763,1626.65780718538,-0.9821222212413158,-0.5986523745480418,-0.4454543928434027,0.007742642358710611,-0.025412950786797978,-0.008139617446986575,-0.09978372176766803,-0.0061110757851690935,0.028681728328993322,0.0005464540658889419,45959.886532000004,-0.020618666666666674,-0.15070400000000006,0.17132266666666662,0.13008599999999998,0.028797666666666707,-0.041158,-0.06995633333333343,0.015930666666666704,-0.005128321104678674,-0.11731519999999993,0.020539333333333326,-0.17950166666666667,0.15896233333333332,0.20004233333333338,-0.2496730000000001,0.0074179999999999646,0.257092,0.1590578888888889,-0.09606748927112556,-0.13750959999999987
2007,Australia,AUS,193,20750.0,24911.57786781549,104.52805991558324,100.3681,1086590.0,0.2781956015647278,153.03485191011234,-72997.1162,196756.41525,168386.0,292631.305075079,984506.232993645,6.38752653589776,5.99452083739212,300.41556676167505,4.377,183.9895584076572,0.09688,254761.0,224579.0,1.134301270417423,1352075.7899999998,660823.0,772485.0,579591.0,961787.0,4.451882694713134,117.1962890625,37.63911227115846,0.0,0.0,0.0,0.0,FLOAT,USA,0.0,0.1795337051153183,0.135941743850708,0.0277993865311145,0.0638752654194831,,,0.1132909655570983,0.0226507745683193,0.0203457809984684,0.1376078575849533,0.036854401230812,,,,0.0599452070891857,0.0419258549809455,0.1461252123117447,0.1481266319751739,0.045837327837944,0.242618,0.214351,0.543032,8.0,0.028266,-0.0514089999999999,0.066054,0.117462,0.2533613333333333,0.0209439138017071,-0.0689743333333333,0.0194800755730913,-0.0115798999999999,0.0248119,0.176564,0.178847,0.26576,0.22918,0.557676,0.591973,-0.089196,-0.050332,0.03658,-0.0359639999999999,-0.002283,-0.018901,-0.0388639999999999,0.0170629999999999,0.309719,0.379884,0.1098339067455948,0.0993972431257528,-0.0543183,-0.0801173999999999,0.0487835,0.0710946,0,0,0,1124441.89,985477.6,865325.92,588836.0,531848.0,474827.0,802491.625485827,710108.9448927271,655708.160473812,5.5878722441858,5.33997311398556,5.59077450749734,5.805,5.4575,5.25,269.84490243367674,250.24832273624205,246.72093839070376,0.09959,0.10891,0.11942,149.51231056179776,144.38070711610487,140.6407249438202,-58500.405300000006,-54844.17966,-54443.49597000001,24097.573450962896,23764.613687385267,23322.00788305354,-0.3930056985056405,-0.2171277558141993,-0.11752688601443939,0.34077450749733984,0.1410121244764974,0.10715091529910802,0.1300964890775397,0.07830853563038338,0.014010737475373802,0.20244167530969515,0.14193288341157553,0.003630555137314546,159921.38999999998,122809.80899999996,511154.5088888889,418713.99624999997,341214.0757142857,259694.77777777775,228045.125,195456.14285714284,290359.0924997471,222723.46339497808,192368.77597264346,-0.24862947895188103,-0.5585946852961365,-0.3517637620392646,0.7239689208401598,0.4235275359451798,0.24688861250877725,89.95789584805146,79.15648066944385,86.43325294160636,-0.07828666666666666,-0.0775875,-0.07666,20.27514883062841,17.036488558052454,15.19600729802032,-24902.043382222233,-23901.54496,-26858.127165714297,2320.8379790821054,2236.362992442533,2050.0082149837763,-0.9725983997920405,-0.9821222212413158,-0.5986523745480418,0.008935577505613912,-0.035173364460336046,0.04000938956445099,-0.023299282075976757,-0.010314485511757992,0.01043153333697,-0.019880060077315465,45864.79044333329,-0.011872000000000021,-0.043959000000000026,0.055830999999999964,0.03208633333333333,0.10674499999999994,0.008746666666666666,-0.09799966666666651,-0.08667811111111107,0.023236366720451818,-0.031359333333333406,-0.020618666666666674,-0.15070400000000006,0.17132266666666662,0.13008599999999998,0.028797666666666707,-0.041158,-0.06995633333333343,0.015930666666666704,-0.005128321104678674,-0.11731519999999993
2008,Australia,AUS,193,21007.0,25218.3018906546,106.2018600946776,100.6207,1177310.0,0.2827868885624922,159.68854112359548,-55780.94780000001,236528.046,222341.0,331574.19315596984,1145669.75846472,6.67166666666667,5.81794393964159,313.5452751589564,4.2342,191.2116597781162,0.11753,303713.0,281011.0,1.443418013856813,1561969.96,775210.0,879526.0,682444.0,1117401.0,4.044531358688147,118.35212707519533,42.42196331727514,0.0,0.0,0.0,0.0,FLOAT,USA,0.0,-0.4038478434085846,0.0656355917453765,0.2755560278892517,0.0667166635394096,,,0.043702732771635,0.0219328571110963,0.021014466881752,-0.4301043450832367,0.0460724383592605,,,,0.0581794381141662,0.0262564830482006,-0.0327986851334571,-0.0391776338219642,0.1711363494396209,0.184117,0.340125,0.475758,12.0,-0.156009,0.125774,-0.058501,-0.184275,0.2364303333333333,0.0264602876086662,-0.0370873333333333,0.0598405903825601,0.0281426,-0.0199569,0.242618,0.176564,0.214351,0.26576,0.543032,0.557676,0.028266,-0.089196,-0.0514089999999999,0.03658,0.066054,-0.002283,0.117462,-0.0388639999999999,0.2533613333333333,0.309719,0.0209439138017071,0.1098339067455948,-0.0115798999999999,-0.0543183,0.0248119,0.0487835,0,0,0,1352075.7899999998,1124441.89,985477.6,660823.0,588836.0,531848.0,984506.232993645,802491.625485827,710108.9448927271,5.99452083739212,5.5878722441858,5.33997311398556,6.38752653589776,5.805,5.4575,300.41556676167505,269.84490243367674,250.24832273624205,0.09688,0.09959,0.10891,153.03485191011234,149.51231056179776,144.38070711610487,-72997.1162,-58500.405300000006,-54844.17966,24911.57786781549,24097.573450962896,23764.613687385267,-0.8537227270250805,-0.3930056985056405,-0.2171277558141993,-0.11752688601443939,0.20244167530969512,0.12225305518005013,0.2268118466627321,0.11328976034858418,0.033779518029441534,0.15523846484966652,0.1607683862736493,0.03610629434232929,195711.0979999999,159921.38999999998,687672.9579999998,511154.5088888889,418713.99624999997,305712.3,259694.77777777775,228045.125,443337.79075759044,290359.0924997471,222723.46339497808,0.182882062149627,-0.24862947895188103,-0.5585946852961365,1.2340985646539044,0.7239689208401598,0.4235275359451798,111.5327705912446,89.95789584805146,79.15648066944385,-0.07316800000000001,-0.07828666666666666,-0.0775875,21.770175295880136,20.27514883062841,17.036488558052454,-36908.549944,-24902.043382222233,-23901.54496,2902.7585980264885,2320.8379790821054,2236.362992442533,-1.0512165025042777,-0.9725983997920405,-0.9821222212413158,0.0693722863937434,-0.016163072972689943,0.13227925942025995,0.014270751761777015,0.010600348988060625,0.027963094531922528,0.015080686637363713,76424.25852285711,0.05823166666666668,-0.039010333333333314,-0.019220333333333395,0.09724033333333333,0.00494866666666674,0.07010366666666668,0.06515400000000002,-0.12472155555555559,-0.05314301527029554,0.05282190000000004,-0.011872000000000021,-0.043959000000000026,0.055830999999999964,0.03208633333333333,0.10674499999999994,0.008746666666666666,-0.09799966666666651,-0.08667811111111107,0.023236366720451818,-0.031359333333333406
2009,Australia,AUS,193,21388.48305084746,25255.63884313768,106.05046160239094,101.2158,1260140.0,0.2732171709171551,162.515271835206,-58747.7268,208833.954778,196556.0,345265.2056582207,1191375.4291331498,3.2781746031746,5.03951184202271,324.32339399254545,5.5607,198.55775505764635,0.16654,298933.0,324569.0,1.11495149960977,1686967.5,901540.0,1005488.94,681479.0,1057062.0,4.655062152576556,120.7187728881836,44.85163828870131,0.0,0.0,0.0,0.0,FLOAT,USA,0.0,0.3957807421684265,0.0567975603044033,-0.0755839422345161,0.03278174623847,,,0.03437465056777,0.0224229097366333,0.0216777455061674,0.3343262374401092,0.04605657979846,,,,0.0503951199352741,0.0614545010030269,0.1370964795351028,0.1431483328342437,-0.021401097998023,0.237499,0.326129,0.436371,15.0,-0.08863,-0.013996,0.0533819999999999,0.067379,0.273412,0.0632351927094399,-0.072313,0.0932903836040994,0.0306881,-0.0182576999999999,0.184117,0.242618,0.340125,0.214351,0.475758,0.543032,-0.156009,0.028266,0.125774,-0.0514089999999999,-0.058501,0.066054,-0.184275,0.117462,0.2364303333333333,0.2533613333333333,0.0264602876086662,0.0209439138017071,0.0281426,-0.0115798999999999,-0.0199569,0.0248119,0,0,0,1561969.96,1352075.7899999998,1124441.89,775210.0,660823.0,588836.0,1145669.75846472,984506.232993645,802491.625485827,5.81794393964159,5.99452083739212,5.5878722441858,6.67166666666667,6.38752653589776,5.805,313.5452751589564,300.41556676167505,269.84490243367674,0.11753,0.09688,0.09959,159.68854112359548,153.03485191011234,149.51231056179776,-55780.94780000001,-72997.1162,-58500.405300000006,25218.3018906546,24911.57786781549,24097.573450962896,1.7613372388481103,-0.8537227270250805,-0.3930056985056405,-0.2171277558141993,0.15523846484966658,0.1730977886665567,0.16369985285010927,0.043705153294194464,0.01231250884494881,0.08002557232278651,0.1662307548786197,0.032156185391811816,189747.1,195711.0979999999,835051.4045454545,687672.9579999998,511154.5088888889,392307.2727272727,305712.3,259694.77777777775,564197.8807052481,443337.79075759044,290359.0924997471,-0.010320477614506274,0.182882062149627,-0.24862947895188103,1.406047916817914,1.2340985646539044,0.7239689208401598,114.52313620750368,111.5327705912446,89.95789584805146,-0.04586636363636365,-0.07316800000000001,-0.07828666666666666,26.444757664283287,21.770175295880136,20.27514883062841,-16337.058821818187,-36908.549944,-24902.043382222233,2945.5954755904604,2902.7585980264885,2320.8379790821054,-1.4163683944324197,-1.0512165025042777,-0.9725983997920405,0.015231847294340517,0.03629796781108563,0.05593933966561111,-0.05674093046879041,-0.01192669509523816,0.030318452633345983,0.009454945838250274,102660.9342074999,-0.015226000000000017,0.10369466666666668,-0.08846899999999991,-0.11892166666666668,0.14270499999999992,-0.07345766666666667,-0.216162,-0.07789111111111119,-0.050264733615685356,0.0768144666666666,0.05823166666666668,-0.039010333333333314,-0.019220333333333395,0.09724033333333333,0.00494866666666674,0.07010366666666668,0.06515400000000002,-0.12472155555555559,-0.05314301527029554,0.05282190000000004
2010,Australia,AUS,193,21687.800521512385,25584.48835604182,106.5723937548736,101.9216839977132,1301210.0,0.263582320255812,167.16850546816477,-47533.2013,219554.78,231143.0,373261.9431222896,1313270.69386156,4.34604166666667,5.36604166666667,363.5165533874149,5.2113,209.15379595388305,0.20395,292767.0,339239.0,0.983961428711995,1748002.81,995049.0,1099118.0,648885.0,1066960.0,4.573344318073472,118.0559539794922,42.237601292904536,0.0,0.0,0.0,0.0,FLOAT,USA,0.0,0.0330625027418136,0.1434662938117981,0.0738064348697662,0.0434604175388813,,,0.1208486631512641,0.0226176381111145,0.0201790295541286,-0.0073320092633366,0.0406928695738315,,,,0.0536604151129722,0.0403945073485374,0.1134608536958694,0.1159959211945533,0.0586334243416786,0.305607,0.226426,0.467967,24.0,0.079182,-0.099703,0.068108,0.167812,0.293535,0.0689314978511276,-0.0721243333333333,0.0932397269426147,0.0022229,0.0220126999999999,0.237499,0.184117,0.326129,0.340125,0.436371,0.475758,-0.08863,-0.156009,-0.013996,0.125774,0.0533819999999999,-0.058501,0.067379,-0.184275,0.273412,0.2364303333333333,0.0632351927094399,0.0264602876086662,0.0306881,0.0281426,-0.0182576999999999,-0.0199569,0,0,0,1686967.5,1561969.96,1352075.7899999998,901540.0,775210.0,660823.0,1191375.4291331498,1145669.75846472,984506.232993645,5.03951184202271,5.81794393964159,5.99452083739212,3.2781746031746,6.67166666666667,6.38752653589776,324.32339399254545,313.5452751589564,300.41556676167505,0.16654,0.11753,0.09688,162.515271835206,159.68854112359548,153.03485191011234,-58747.7268,-55780.94780000001,-72997.1162,25255.63884313768,25218.3018906546,24911.57786781549,1.0200000000000005,1.7613372388481103,-0.8537227270250805,-0.3930056985056405,0.08002557232278656,0.16296229408805357,0.039894280468464646,0.03437499999999984,0.0014805498262719164,0.03618048954707187,0.14590190416071605,0.06173980961866659,131277.86,189747.1,890461.3275,835051.4045454545,687672.9579999998,485945.0,392307.2727272727,305712.3,562887.0613149073,564197.8807052481,443337.79075759044,-0.7878925354321762,-0.010320477614506274,0.182882062149627,-2.104614806408983,1.406047916817914,1.2340985646539044,115.75766035713411,114.52313620750368,111.5327705912446,0.006965833333333338,-0.04586636363636365,-0.07316800000000001,27.067758570536853,26.444757664283287,21.770175295880136,-17942.41625333333,-16337.058821818187,-36908.549944,2737.4661384410065,2945.5954755904604,2902.7585980264885,1.316722270976806,-1.4163683944324197,-1.0512165025042777,-0.061365758622934086,0.02286265797702927,-0.07295162723108906,-0.06091281735673134,-0.021674409105257038,0.0069577566521077105,0.03809307548128002,85290.16574000001,0.03639933333333331,0.052717000000000014,-0.0891176666666666,-0.016316999999999998,-0.0509776666666667,0.05162533333333324,0.10260466666666664,0.006908444444444439,0.01082248999078387,0.043273299999999966,-0.015226000000000017,0.10369466666666668,-0.08846899999999991,-0.11892166666666668,0.14270499999999992,-0.07345766666666667,-0.216162,-0.07789111111111119,-0.050264733615685356,0.0768144666666666
2011,Australia,AUS,193,22030.157105606257,25883.527952005992,107.69014966377785,104.5209281095393,1416620.0,0.2644300119730789,172.77847872659174,-43589.3974,235789.42,261697.0,380358.4569610715,1416981.40874794,4.69270833333333,4.87958333333334,354.11019513264625,5.0811,217.61583641505337,0.24069,309890.0,356100.0,0.984639621898385,1845646.69,1065010.0,1165541.0,680106.0,1113522.0,4.645921483898625,116.09456634521484,40.78293210842256,0.0,0.0,0.0,0.0,FLOAT,USA,0.0,-0.1143083795905113,-0.0047634057700634,0.196348175406456,0.0469270832836627,,,-0.0258777439594268,0.0211143381893634,0.0216752439737319,-0.1518290042877197,0.0442371033132076,,,,0.0487958341836929,0.0375206284224987,-0.0198827274143695,-0.0289321038872003,0.1216376274824142,0.221366,0.289067,0.489567,30.0,-0.0677,0.062641,-0.084241,-0.146882,0.29756,0.062000052185462,-0.0551523333333333,0.1211167504696743,-0.0252876999999999,0.0432739,0.305607,0.237499,0.226426,0.326129,0.467967,0.436371,0.079182,-0.08863,-0.099703,-0.013996,0.068108,0.0533819999999999,0.167812,0.067379,0.293535,0.273412,0.0689314978511276,0.0632351927094399,0.0022229,0.0306881,0.0220126999999999,-0.0182576999999999,0,0,0,1748002.81,1686967.5,1561969.96,995049.0,901540.0,775210.0,1313270.69386156,1191375.4291331498,1145669.75846472,5.36604166666667,5.03951184202271,5.81794393964159,4.34604166666667,3.2781746031746,6.67166666666667,363.5165533874149,324.32339399254545,313.5452751589564,0.20395,0.16654,0.11753,167.16850546816477,162.515271835206,159.68854112359548,-47533.2013,-58747.7268,-55780.94780000001,25584.48835604182,25255.63884313768,25218.3018906546,0.18687500000000945,1.0200000000000005,1.7613372388481103,-0.8537227270250805,0.036180489547071926,0.1037214100317235,0.10231473786319542,0.12084592145015075,0.013020835265606177,0.055860253451194275,0.0904815089065083,0.060213747003241835,91206.55000000012,131277.86,882999.6123076923,890461.3275,835051.4045454545,542073.6153846154,485945.0,392307.2727272727,641483.321326786,562887.0613149073,564197.8807052481,-0.40075559267804906,-0.7878925354321762,-0.010320477614506274,-0.8748542962700672,-2.104614806408983,1.406047916817914,146.04638433991633,115.75766035713411,114.52313620750368,0.04383999999999999,0.006965833333333338,-0.04586636363636365,29.638856928838948,27.067758570536853,26.444757664283287,-5347.704887692307,-17942.41625333333,-16337.058821818187,2855.741333003527,2737.4661384410065,2945.5954755904604,0.4740987035920188,1.316722270976806,-1.4163683944324197,-0.10009702818007091,-0.03828344757738658,-0.004451867567100851,0.0306341722064805,-0.008327922907151359,-0.049095161934109816,0.033104006003920716,18291.909165999998,0.0841956666666667,-0.06710900000000006,-0.01708666666666664,0.15130633333333332,-0.11982600000000003,0.04779633333333337,0.16762333333333335,0.03913377777777777,0.03205169981118986,-0.0135273666666667,0.03639933333333331,0.052717000000000014,-0.0891176666666666,-0.016316999999999998,-0.0509776666666667,0.05162533333333324,0.10260466666666664,0.006908444444444439,0.01082248999078387,0.043273299999999966
2012,Australia,AUS,193,22427.29074315515,26390.436830679035,109.97280303864164,105.76576228050388,1499460.0,0.2824034442406454,175.69218576779022,-64416.801600000006,251642.32,247749.0,422251.11108058033,1516300.58263611,3.69666666666667,3.37916666666667,351.3666739750055,5.2236,225.9234283228193,0.27536,338109.0,377739.0,0.961076405574243,1932023.94,1136656.0,1235794.9999999998,696229.0,1182333.0,4.696454157850521,111.92512512207033,40.29358611465479,0.0,0.0,0.0,0.0,FLOAT,USA,0.0,0.1884081959724426,0.0143665373325347,0.0790686532855033,0.0369666665792465,,,-0.0077461805194616,0.0221127178519964,0.0222853440791368,0.1346630901098251,0.0473665744066238,,,,0.0337916649878025,0.0537451021373271,0.0556309968233108,0.0554553233087062,0.0580176599323749,0.180997,0.217672,0.601331,20.0,-0.036675,-0.071395,-0.040369,0.0310249999999999,0.2805406666666666,0.0503953948524401,-0.025716,0.091445114839449,-0.0262729999999999,0.0008983,0.221366,0.305607,0.289067,0.226426,0.489567,0.467967,-0.0677,0.079182,0.062641,-0.099703,-0.084241,0.068108,-0.146882,0.167812,0.29756,0.293535,0.062000052185462,0.0689314978511276,-0.0252876999999999,0.0022229,0.0432739,0.0220126999999999,0,0,0,1845646.69,1748002.81,1686967.5,1065010.0,995049.0,901540.0,1416981.40874794,1313270.69386156,1191375.4291331498,4.87958333333334,5.36604166666667,5.03951184202271,4.69270833333333,4.34604166666667,3.2781746031746,354.11019513264625,363.5165533874149,324.32339399254545,0.24069,0.20395,0.16654,172.77847872659174,167.16850546816477,162.515271835206,-43589.3974,-47533.2013,-58747.7268,25883.527952005992,25584.48835604182,25255.63884313768,-0.3174999999999999,0.18687500000000945,1.0200000000000005,1.7613372388481103,0.05586025345119433,0.07030910035586187,0.07897131594509861,-0.02587601078167101,0.011688316444036027,0.046800533638428954,0.05735543844035088,0.021960749179300822,83281.32000000011,91206.55000000012,917572.0914285715,882999.6123076923,890461.3275,573315.0714285714,542073.6153846154,485945.0,699373.7989755386,641483.321326786,562887.0613149073,-0.8585885265343753,-0.40075559267804906,-0.7878925354321762,-0.46569803701268864,-0.8748542962700672,-2.104614806408983,126.20814148943938,146.04638433991633,115.75766035713411,0.07744857142857142,0.04383999999999999,0.006965833333333338,33.13176897806312,29.638856928838948,27.067758570536853,-1021.9220671428557,-5347.704887692307,-17942.41625333333,2950.799405181737,2855.741333003527,2737.4661384410065,-0.3928904895216878,0.4740987035920188,1.316722270976806,-0.0727174928774815,-0.06875087667037232,-0.027452838133882218,-0.11844423481045513,-0.009019832274325248,-0.0781299689057581,-0.007907658987013691,-23442.301667272608,-0.021041666666666653,-0.008492999999999973,0.029534999999999978,-0.012547666666666658,0.05861600000000001,-0.1052373333333333,-0.163854,0.029767555555555547,0.009124392795717431,-0.0456388999999999,0.0841956666666667,-0.06710900000000006,-0.01708666666666664,0.15130633333333332,-0.11982600000000003,0.04779633333333337,0.16762333333333335,0.03913377777777777,0.03205169981118986,-0.0135273666666667
2013,Australia,AUS,193,22789.210560625816,26525.71368012829,110.89037665911334,105.80022194204784,1536310.0,0.2723850745983228,180.04100224719096,-51973.3673,241991.0,261958.0,484251.69276637805,1620778.0,2.7375,3.69666666666667,374.6458060405584,5.662,236.50641722862747,0.30497,376071.0,419640.0,1.12803158488438,2110197.0,1213806.0000000002,1317468.8000000005,792728.1999999997,1274590.0,4.611229392130787,110.67452239990234,39.86604835522664,0.0,0.0,0.0,0.0,FLOAT,USA,0.0,0.1965571194887161,0.0890025570988655,-0.0490879826247692,0.0273749995976686,,,0.0662521123886108,0.0227504428476095,0.0213368330150842,0.1476010829210281,0.0426594577729702,,,,0.0369666665792465,0.0489560402929782,0.1066582351922988,0.1155416965484619,-0.0108564915135502,0.246948,0.153876,0.599175,17.0,0.093072,-0.0637959999999999,0.065951,0.129747,0.2443883333333333,0.0389396400899307,-0.0083976666666666,0.0774163171839977,-0.0289044999999999,0.0072694999999999,0.180997,0.221366,0.217672,0.289067,0.601331,0.489567,-0.036675,-0.0677,-0.071395,0.062641,-0.040369,-0.084241,0.0310249999999999,-0.146882,0.2805406666666666,0.29756,0.0503953948524401,0.062000052185462,-0.0262729999999999,-0.0252876999999999,0.0008983,0.0432739,0,0,0,1932023.94,1845646.69,1748002.81,1136656.0,1065010.0,995049.0,1516300.58263611,1416981.40874794,1313270.69386156,3.37916666666667,4.87958333333334,5.36604166666667,3.69666666666667,4.69270833333333,4.34604166666667,351.3666739750055,354.11019513264625,363.5165533874149,0.27536,0.24069,0.20395,175.69218576779022,172.77847872659174,167.16850546816477,-64416.801600000006,-43589.3974,-47533.2013,26390.436830679035,25883.527952005992,25584.48835604182,0.95916666666667,-0.3174999999999999,0.18687500000000945,1.0200000000000005,0.046800533638428926,0.06727260776894113,0.07009207973725598,-0.007747648035417547,0.019584226679337072,0.09222093800763154,0.04628042554556503,0.00985018584351033,117295.98200000008,83281.32000000011,942777.8686666666,917572.0914285715,882999.6123076923,606740.0666666667,573315.0714285714,542073.6153846154,752068.052932006,699373.7989755386,641483.321326786,-2.3017659580987537,-0.8585885265343753,-0.40075559267804906,-1.4306931678785029,-0.46569803701268864,-0.8748542962700672,115.05074423250267,126.20814148943938,146.04638433991633,0.10695533333333335,0.07744857142857142,0.04383999999999999,33.836691420724065,33.13176897806312,29.638856928838948,-21781.198129333337,-1021.9220671428557,-5347.704887692307,3260.9883235093257,2950.799405181737,2855.741333003527,-0.8710727902202513,-0.3928904895216878,0.4740987035920188,-0.07658310605614108,-0.06687659235226646,-0.03437115733216184,-0.0918555695777406,-0.00047964830514382953,-0.0831949841924087,-0.019409940862264663,-29414.006528333237,-0.073827,-0.06286866666666666,0.13669599999999998,-0.010959,-0.05437566666666667,-0.0527853333333333,0.0015886666666665855,-0.007628333333333348,-0.014326852729569725,-0.028814099999999933,-0.021041666666666653,-0.008492999999999973,0.029534999999999978,-0.012547666666666658,0.05861600000000001,-0.1052373333333333,-0.163854,0.029767555555555547,0.009124392795717431,-0.0456388999999999
2014,Australia,AUS,193,23123.741851368974,26813.654579488142,112.01604063984536,106.7756931151774,1598530.0,0.2644803824571583,184.5202832209737,-49074.871,237012.0,265923.0,541211.6322837244,1736405.0,2.5,3.65541666666667,408.502026324842,6.0768,242.8540352403743,0.34027,382186.0,419020.0,1.21921482565228,2298228.4000000004,1309261.3,1413641.7,884586.7000000003,1355534.875,4.6413072782924285,110.63754272460938,40.11317948721236,0.0,0.0,0.0,0.0,FLOAT,USA,0.0,0.0560994744300842,0.1123388409614563,0.1844140440225601,0.025000000372529,,,0.0905282720923423,0.0218105651438236,0.0199999995529651,0.0110239163041114,0.0428000018000602,,,,0.0365541651844978,0.0432718247175216,0.0995382145047187,0.0991171300411224,0.1047070249915123,0.269949,0.262361,0.46769,21.0,0.007588,0.108485,0.0230009999999999,-0.085484,0.220205,0.0676310852123489,-0.0037676666666666,0.0852882080731759,-0.0143914,0.0355611,0.246948,0.180997,0.153876,0.217672,0.599175,0.601331,0.093072,-0.036675,-0.0637959999999999,-0.071395,0.065951,-0.040369,0.129747,0.0310249999999999,0.2443883333333333,0.2805406666666666,0.0389396400899307,0.0503953948524401,-0.0289044999999999,-0.0262729999999999,0.0072694999999999,0.0008983,0,0,0,2110197.0,1932023.94,1845646.69,1213806.0000000002,1136656.0,1065010.0,1620778.0,1516300.58263611,1416981.40874794,3.69666666666667,3.37916666666667,4.87958333333334,2.7375,3.69666666666667,4.69270833333333,374.6458060405584,351.3666739750055,354.11019513264625,0.30497,0.27536,0.24069,180.04100224719096,175.69218576779022,172.77847872659174,-51973.3673,-64416.801600000006,-43589.3974,26525.71368012829,26390.436830679035,25883.527952005992,1.15541666666667,0.95916666666667,-0.3174999999999999,0.18687500000000945,0.09222093800763155,0.06787453723905934,0.06890284061109737,0.06625310192966359,0.0051259799266374995,0.0891060881993484,0.06496057503241826,0.024038826363338393,153591.8190000002,117295.98200000008,1062027.3118750001,942777.8686666666,917572.0914285715,645968.8125000002,606740.0666666667,573315.0714285714,809541.2169876456,752068.052932006,699373.7989755386,-1.8404055857175825,-2.3017659580987537,-0.8585885265343753,-2.3004415115527665,-1.4306931678785029,-0.46569803701268864,131.13920478352415,115.05074423250267,126.20814148943938,0.12988062500000003,0.10695533333333335,0.07744857142857142,36.07071468632955,33.836691420724065,33.13176897806312,-7976.438946249997,-21781.198129333337,-1021.9220671428557,3192.453402739251,3260.9883235093257,2950.799405181737,0.4600359258351843,-0.8710727902202513,-0.3928904895216878,-0.026057161283195712,-0.06181622339199716,-0.033268985969509654,-0.01173111497414342,-0.01490591850416715,-0.05857233583466914,-0.0038348759951319818,6863.271358461599,0.010957999999999996,-0.0905123333333333,0.07955333333333336,0.10146966666666667,-0.02764366666666656,0.084785,0.11242866666666672,-0.046156888888888886,-0.02150267487307919,-0.012458566666666632,-0.073827,-0.06286866666666666,0.13669599999999998,-0.010959,-0.05437566666666667,-0.0527853333333333,0.0015886666666665855,-0.007628333333333348,-0.014326852729569725,-0.028814099999999933
2015,Australia,AUS,193,23461.207627118645,27043.29298405261,112.8364540144044,107.719716615054,1624600.0,0.2583371838859105,187.26003760299625,-75024.028,208499.0,249613.0,616593.3089400745,1838907.0,2.10916666666667,2.71020833333333,445.47658268794106,6.0542,245.97563628453352,0.37699,395636.0,430889.0,1.36873802354229,2504150.4000000004,1409386.1,1522663.2000000002,981487.2000000002,1472085.625,5.2477068597075895,113.06571197509766,42.683181060298864,0.0,0.0,0.0,0.0,FLOAT,USA,0.0,0.0256051253527402,0.1104531288146972,0.0223712045699358,0.021091666072607,,,0.090268887579441,0.0201842430979013,0.018513087183237,-0.0212530028074979,0.0478999987244606,,,,0.0271020829677581,0.0468819811940193,0.086075559258461,0.0914582386612892,0.0217314362525939,0.252248,0.21013,0.537622,28.0,0.042119,-0.052231,-0.0177009999999999,0.034531,0.211303,0.054522214986187,0.0213283333333333,0.0659558077225451,0.0085859,0.0150898,0.269949,0.246948,0.262361,0.153876,0.46769,0.599175,0.007588,0.093072,0.108485,-0.0637959999999999,0.0230009999999999,0.065951,-0.085484,0.129747,0.220205,0.2443883333333333,0.0676310852123489,0.0389396400899307,-0.0143914,-0.0289044999999999,0.0355611,0.0072694999999999,0,0,0,2298228.4000000004,2110197.0,1932023.94,1309261.3,1213806.0000000002,1136656.0,1736405.0,1620778.0,1516300.58263611,3.65541666666667,3.69666666666667,3.37916666666667,2.5,2.7375,3.69666666666667,408.502026324842,374.6458060405584,351.3666739750055,0.34027,0.30497,0.27536,184.5202832209737,180.04100224719096,175.69218576779022,-49074.871,-51973.3673,-64416.801600000006,26813.654579488142,26525.71368012829,26390.436830679035,0.60104166666666,1.15541666666667,0.95916666666667,-0.3174999999999999,0.08910608819934838,0.07864131500420973,0.07134043033654208,0.090368608799049,0.01085516125342039,0.08960031996819806,0.07604251994846963,0.025372148014101828,190441.0780000002,153591.8190000002,1187586.517058824,1062027.3118750001,942777.8686666666,703425.9470588235,645968.8125000002,606740.0666666667,877548.1454001371,809541.2169876456,752068.052932006,-1.773396433616547,-1.8404055857175825,-2.3017659580987537,-2.402621422637898,-2.3004415115527665,-1.4306931678785029,157.28135419818872,131.13920478352415,115.05074423250267,0.15754058823529415,0.12988062500000003,0.10695533333333335,38.42818891385761,36.07071468632955,33.836691420724065,-4608.7403552941105,-7976.438946249997,-21781.198129333337,3292.6029254673813,3192.453402739251,3260.9883235093257,0.62922498902135,0.4600359258351843,-0.8710727902202513,-0.027543438511279147,-0.04718593166484694,-0.02875208462097059,0.013117586581125953,-0.008245117270873811,-0.04358556852963982,-0.002245895944693082,42668.87469000017,0.053512000000000004,0.042156,-0.09566766666666665,0.011355666666666665,0.1326683333333333,0.0425539999999999,-0.09011399999999996,-0.05395799999999998,0.017186056169737958,0.012430333333333233,0.010957999999999996,-0.0905123333333333,0.07955333333333336,0.10146966666666667,-0.02764366666666656,0.084785,0.11242866666666672,-0.046156888888888886,-0.02150267487307919,-0.012458566666666632
2016,Australia,AUS,193,23857.363102998697,27319.882367187696,114.1655625268149,108.95465527889012,1660710.0,0.245362679304243,189.65188666666663,-54421.4667,196269.0,258469.0,669057.3098295303,1961535.0,1.7325,2.33354166666667,469.97779473577776,5.7099,250.0543832934524,0.40508,420093.0,450102.0,1.38197899391929,2667510.0,1516309.5999999996,1626470.8999999997,1041039.1,1500321.25,5.360131595190229,113.24504852294922,43.42702037506663,0.0,0.0,0.0,0.0,FLOAT,USA,0.0,0.1193000003695488,0.0736533403396606,0.0141924265772104,0.019867,,,0.0550010204315185,0.0186523161828517,0.0176799036562442,0.0724999979138374,0.0436363667249679,,,,0.0233730357140302,0.046799998730421,0.0831993147730827,0.0950816124677658,0.0170297138392925,0.216589,0.23193,0.551481,21.0,-0.01534,0.0217999999999999,-0.035659,-0.0574589999999999,0.208789,0.0542549308081763,0.0475929999999999,0.0430040936539769,0.0181931,-0.0290705,0.252248,0.269949,0.21013,0.262361,0.537622,0.46769,0.042119,0.007588,-0.052231,0.108485,-0.0177009999999999,0.0230009999999999,0.034531,-0.085484,0.211303,0.220205,0.054522214986187,0.0676310852123489,0.0085859,-0.0143914,0.0150898,0.0355611,0,0,0,2504150.4000000004,2298228.4000000004,2110197.0,1409386.1,1309261.3,1213806.0000000002,1838907.0,1736405.0,1620778.0,2.71020833333333,3.65541666666667,3.69666666666667,2.10916666666667,2.5,2.7375,445.47658268794106,408.502026324842,374.6458060405584,0.37699,0.34027,0.30497,187.26003760299625,184.5202832209737,180.04100224719096,-75024.028,-49074.871,-51973.3673,27043.29298405261,26813.654579488142,26525.71368012829,0.6010416666666702,0.60104166666666,1.15541666666667,0.95916666666667,0.0896003199681981,0.07647426835269631,0.059031159205369714,0.09051254089422014,0.00856423371471842,0.06523553856829034,0.090309115391726,0.001674026746007348,187786.09999999998,190441.0780000002,1327531.4883333337,1187586.517058824,1062027.3118750001,764471.5277777779,703425.9470588235,645968.8125000002,931297.4706556849,877548.1454001371,809541.2169876456,-2.620082742860079,-1.773396433616547,-1.8404055857175825,-2.6599757880469004,-2.402621422637898,-2.3004415115527665,185.51805755027726,157.28135419818872,131.13920478352415,0.18550833333333333,0.15754058823529415,0.12988062500000003,39.03304391177696,38.42818891385761,36.07071468632955,-30301.856224444447,-4608.7403552941105,-7976.438946249997,3339.3189452836596,3292.6029254673813,3192.453402739251,0.039893045186820464,0.62922498902135,0.4600359258351843,-0.025429004477060063,-0.046577335277251705,-0.03937005665679175,0.012489895936230871,-0.010051037911289085,-0.026594875053280967,-0.025803648716244246,76673.54204400019,0.0196166666666667,-0.0011730000000000074,-0.018443333333333256,0.020790666666666662,-0.043329000000000034,-0.033895333333333194,0.009435000000000048,-0.037075,0.0022001749346137675,0.031775533333333265,0.053512000000000004,0.042156,-0.09566766666666665,0.011355666666666665,0.1326683333333333,0.0425539999999999,-0.09011399999999996,-0.05395799999999998,0.017186056169737958,0.012430333333333233
2017,Australia,AUS,193,24231.99902216428,27547.33906570701,114.84115611556284,109.56025132411962,1763630.0,0.2421087492323848,193.43535700374525,-45554.5629,228779.0,301334.0,730875.1853120679,2049361.0,1.74,2.63916666666667,509.1797340123165,5.5911,253.9438764411574,0.41074,459576.0,463877.0,1.28205128205128,2764799.7,1600576.2000000002,1708326.3000000005,1056473.4,1503138.375,5.811115289644978,113.82003389474886,41.58573559304941,0.0,0.0,0.0,0.0,FLOAT,USA,0.0,0.1231999993324279,0.1012798622250557,0.0361241474747657,0.0174,,,0.0834879875183105,0.0177918765693902,0.0164209268987178,0.0772999972105026,0.0426065176725387,,,,-0.0353162661194801,0.0459000021219253,0.0991972535848617,0.1120199784636497,0.0267620738595724,0.22573,0.15701,0.61726,29.0,0.068721,-0.0749199999999999,0.0091409999999999,0.084061,0.234807,0.0262340844513393,0.0114556666666666,0.0289240955663846,-0.0294252999999999,0.012594,0.216589,0.252248,0.23193,0.21013,0.551481,0.537622,-0.01534,0.042119,0.0217999999999999,-0.052231,-0.035659,-0.0177009999999999,-0.0574589999999999,0.034531,0.208789,0.211303,0.0542549308081763,0.054522214986187,0.0181931,0.0085859,-0.0290705,0.0150898,0,0,0,2667510.0,2504150.4000000004,2298228.4000000004,1516309.5999999996,1409386.1,1309261.3,1961535.0,1838907.0,1736405.0,2.33354166666667,2.71020833333333,3.65541666666667,1.7325,2.10916666666667,2.5,469.97779473577776,445.47658268794106,408.502026324842,0.40508,0.37699,0.34027,189.65188666666663,187.26003760299625,184.5202832209737,-54421.4667,-75024.028,-49074.871,27319.882367187696,27043.29298405261,26813.654579488142,0.8991666666666702,0.6010416666666702,0.60104166666666,1.15541666666667,0.06523553856829031,0.07586530050211189,0.06668526467080717,0.054999999999999875,0.010227651761869091,0.036472103197363825,0.08131398224527893,0.013926533293174665,156307.34999999998,187786.09999999998,1421021.0099999998,1327531.4883333337,1187586.517058824,831159.684210526,764471.5277777779,703425.9470588235,1004909.8143053857,931297.4706556849,877548.1454001371,-2.8588503177972613,-2.620082742860079,-1.773396433616547,-2.8966437290268905,-2.6599757880469004,-2.402621422637898,200.25516130599408,185.51805755027726,157.28135419818872,0.20383473684210526,0.18550833333333333,0.15754058823529415,39.37052224324856,39.03304391177696,38.42818891385761,-8104.460386315783,-30301.856224444447,-4608.7403552941105,3440.154699719609,3339.3189452836596,3292.6029254673813,0.03779341122962965,0.039893045186820464,0.62922498902135,-0.04838106340602008,-0.04459867339021105,-0.029528725821532528,-0.02371652806555779,-0.0078292288690668,-0.03402560378482916,-0.012033280479886088,69226.46766624994,-0.03979266666666667,0.023140999999999967,0.016652,-0.06293299999999999,0.02431399999999987,-0.059409333333333335,-0.08372366666666654,-0.016509777777777762,0.0005572840453540936,0.029763099999999966,0.0196166666666667,-0.0011730000000000074,-0.018443333333333256,0.020790666666666662,-0.043329000000000034,-0.033895333333333194,0.009435000000000048,-0.037075,0.0022001749346137675,0.031775533333333265
2018,Australia,AUS,193,24621.307366362453,27883.914290433742,116.42591838327208,110.95117167664158,1848560.0,0.240302891365264,197.1753391760299,-38671.8752,235385.0,344615.0,749908.2198414191,2098891.0,1.5,2.684167,501.8544003414463,5.2984,260.05655862519046,0.4164,492477.0,488225.0,1.4168319637291,2886285.6999999997,1667654.7999999998,1770865.9999999998,1115419.6999999995,1590557.375,5.808321102923579,116.71440632429623,41.31117397464443,0.0,0.0,0.0,0.0,FLOAT,USA,0.0,-0.0373000018298625,0.0021444112062454,0.0304690450429916,0.019483,,,-0.0143835544586181,0.0165279656648635,0.0167691651731729,-0.0772999972105026,0.0433510355651378,,,,-0.0011172886006534,0.0399999991059303,-0.0081456070765852,-0.0148791056126356,0.0249760225415229,0.224384,0.178201,0.597415,32.0,0.046183,0.0211909999999999,-0.0013459999999999,-0.022538,0.19969,0.0385356562160292,0.0318333333333333,0.0429640446691573,-0.0170706999999999,0.0096252999999999,0.22573,0.216589,0.15701,0.23193,0.61726,0.551481,0.068721,-0.01534,-0.0749199999999999,0.0217999999999999,0.0091409999999999,-0.035659,0.084061,-0.0574589999999999,0.234807,0.208789,0.0262340844513393,0.0542549308081763,-0.0294252999999999,0.0181931,0.012594,-0.0290705,0,0,0,2764799.7,2667510.0,2504150.4000000004,1600576.2000000002,1516309.5999999996,1409386.1,2049361.0,1961535.0,1838907.0,2.63916666666667,2.33354166666667,2.71020833333333,1.74,1.7325,2.10916666666667,509.1797340123165,469.97779473577776,445.47658268794106,0.41074,0.40508,0.37699,193.43535700374525,189.65188666666663,187.26003760299625,-45554.5629,-54421.4667,-75024.028,27547.33906570701,27319.882367187696,27043.29298405261,1.184167,0.8991666666666702,0.6010416666666702,0.60104166666666,0.0364721031973639,0.055573479189210816,0.04477411822883609,0.08341232227488134,0.008325683671043079,0.04394025361041498,0.06376932057795075,0.026594439281710378,124369.55999999975,156307.34999999998,1447259.6595,1421021.0099999998,1327531.4883333337,873868.3000000002,831159.684210526,764471.5277777779,1042490.3235901163,1004909.8143053857,931297.4706556849,-2.4102828019073983,-2.8588503177972613,-2.620082742860079,-2.744311542575546,-2.8966437290268905,-2.6599757880469004,229.4443425172331,200.25516130599408,185.51805755027726,0.19930299999999998,0.20383473684210526,0.18550833333333333,41.18546646816475,39.37052224324856,39.03304391177696,1167.6664330000058,-8104.460386315783,-30301.856224444447,3495.6036632529394,3440.154699719609,3339.3189452836596,0.33402874066814814,0.03779341122962965,0.039893045186820464,-0.07459812701873492,-0.06254319610362732,-0.04988572879921242,0.005944032528563556,-0.009319132282573504,-0.04967995413077794,0.0013031410908655172,33675.57250941171,-0.020531999999999995,-0.077797,0.09832900000000011,0.05726533333333334,-0.10093799999999986,0.019260666666666565,0.12019833333333332,0.021374666666666653,-0.03256865921756476,-0.033554499999999904,-0.03979266666666667,0.023140999999999967,0.016652,-0.06293299999999999,0.02431399999999987,-0.059409333333333335,-0.08372366666666654,-0.016509777777777762,0.0005572840453540936,0.029763099999999966
2019,Australia,AUS,193,24999.855932203394,27986.814400679978,117.14564934159554,111.19968128748307,1952680.0,0.2272988610896266,200.2629988764044,13824.9744,221564.0,389934.0,917388.3369851288,2149081.0,1.1716666666666666,1.493333,481.4530453930816,5.1633,267.2286273656734,0.4660499999999999,487722.0,576838.0,1.42734798743934,2984482.2,1742405.1999999995,1868726.1,1115756.1000000003,1658421.5,6.115676424886756,119.9283023052588,42.57341346895006,0.0,0.0,0.0,0.0,FLOAT,USA,0.0,0.2381000071763992,-0.0238243844360113,0.1006792709231376,0.013442,,,-0.0406534671783447,0.0168290827423334,0.0175422355532646,0.1817999929189682,0.0476391948759555,,,,0.1045413464307785,0.0562999993562698,0.0952813252806663,0.1033756658434867,0.0570606365799903,0.202141,0.291458,0.506401,26.0,-0.089317,0.113257,-0.022243,-0.1355,0.189047,0.038619663217071,0.033188,0.0435110956998329,0.0199774999999999,-0.0244468999999999,0.224384,0.22573,0.178201,0.15701,0.597415,0.61726,0.046183,0.068721,0.0211909999999999,-0.0749199999999999,-0.0013459999999999,0.0091409999999999,-0.022538,0.084061,0.19969,0.234807,0.0385356562160292,0.0262340844513393,-0.0170706999999999,-0.0294252999999999,0.0096252999999999,0.012594,0,0,0,2886285.6999999997,2764799.7,2667510.0,1667654.7999999998,1600576.2000000002,1516309.5999999996,2098891.0,2049361.0,1961535.0,2.684167,2.63916666666667,2.33354166666667,1.5,1.74,1.7325,501.8544003414463,509.1797340123165,469.97779473577776,0.4164,0.41074,0.40508,197.1753391760299,193.43535700374525,189.65188666666663,-38671.8752,-45554.5629,-54421.4667,27883.914290433742,27547.33906570701,27319.882367187696,0.3216663333333334,1.184167,0.8991666666666702,0.6010416666666702,0.04394025361041508,0.04190903250966722,0.024168509110888713,-0.014386538154507515,0.012218066649701487,0.034021753286585854,0.048549298458689716,0.014925356759368165,107240.2599999998,124369.55999999975,1499828.5328571424,1447259.6595,1421021.0099999998,899334.1238095236,873868.3000000002,831159.684210526,1042377.9272286822,1042490.3235901163,1004909.8143053857,-2.2505070970546686,-2.4102828019073983,-2.8588503177972613,-2.853630040548139,-2.744311542575546,-2.8966437290268905,211.1930877741138,229.4443425172331,200.25516130599408,0.19547238095238095,0.19930299999999998,0.20383473684210526,42.964235951489144,41.18546646816475,39.37052224324856,7994.750969523811,1167.6664330000058,-8104.460386315783,3665.721570681915,3495.6036632529394,3440.154699719609,0.6031229434934708,0.33402874066814814,0.03779341122962965,-0.06340007025474698,-0.07308048297798955,-0.06799705147719917,-0.09215202952725346,-0.004960792689786421,-0.06228524182210328,-0.010434527804680146,-133.08263000028091,-0.007138333333333302,-0.021489000000000008,0.028627333333333338,0.01434966666666667,0.0563079999999999,0.01339366666666677,-0.042915666666666685,-0.018609666666666663,-0.006468087199204997,-0.016188599999999935,-0.020531999999999995,-0.077797,0.09832900000000011,0.05726533333333334,-0.10093799999999986,0.019260666666666565,0.12019833333333332,0.021374666666666653,-0.03256865921756476,-0.033554499999999904
2020,Australia,AUS,193,25132.885919165587,27183.90781478999,115.3508770172791,106.54870895936422,1985760.0,0.224366713002159,202.0460136329588,52900.646400000005,211109.0,363142.0,1173528.7736791463,2422093.0,0.3241666666666666,0.9208333,507.4347054531415,6.46,276.03437024146194,0.57332,,,1.29836406128278,3032807.500000001,1800721.0000000002,1909627.6,1123179.900000001,1624922.0,6.2487879708694,108.96295621590768,46.22992488705515,0.0,0.0,0.0,0.0,FLOAT,USA,0.0,0.0491999983787536,0.0713433772325515,0.009823489934206,0.002567,,,0.0539650917053222,0.0173782892525196,0.0164884869009256,0.0176999997347593,0.0309521462768316,,,,0.0394294522702693,0.0315000005066394,0.0496248677372932,0.0597154609858989,0.0061952448450028,0.283308,0.309627,0.407065,18.0,-0.026319,0.0181689999999999,0.081167,0.062998,0.2088896666666666,0.072287010398365,0.008529,0.0854831571012677,0.0571108,-0.042062,0.202141,0.224384,0.291458,0.178201,0.506401,0.597415,-0.089317,0.046183,0.113257,0.0211909999999999,-0.022243,-0.0013459999999999,-0.1355,-0.022538,0.189047,0.19969,0.038619663217071,0.0385356562160292,0.0199774999999999,-0.0170706999999999,-0.0244468999999999,0.0096252999999999,0,0,0,2984482.2,2886285.6999999997,2764799.7,1742405.1999999995,1667654.7999999998,1600576.2000000002,2149081.0,2098891.0,2049361.0,1.493333,2.684167,2.63916666666667,1.1716666666666666,1.5,1.74,481.4530453930816,501.8544003414463,509.1797340123165,0.4660499999999999,0.4164,0.41074,200.2629988764044,197.1753391760299,193.43535700374525,13824.9744,-38671.8752,-45554.5629,27986.814400679978,27883.914290433742,27547.33906570701,0.5966666333333334,0.3216663333333334,1.184167,0.8991666666666702,0.03402175328658576,0.044823664945526906,0.023912628145053745,-0.04065193995406687,0.0036903036343623272,0.01619218905041575,0.03814470336478822,0.005166464522136438,90221.99000000038,107240.2599999998,1529851.0086363638,1499828.5328571424,1447259.6595,933205.6999999995,899334.1238095236,873868.3000000002,1045187.1123546513,1042377.9272286822,1042490.3235901163,-3.3390453199158197,-2.2505070970546686,-2.4102828019073983,-3.052252917492921,-2.853630040548139,-2.744311542575546,181.1920470178348,211.1930877741138,229.4443425172331,0.23623727272727263,0.19547238095238095,0.19930299999999998,44.098975835886876,42.964235951489144,41.18546646816475,60128.20279818182,7994.750969523811,1167.6664330000058,3601.997973169884,3665.721570681915,3495.6036632529394,-0.28679240242289905,0.6031229434934708,0.33402874066814814,-0.07029951961406454,-0.06668582754317799,-0.06501497761078656,-0.11402923944456267,-0.01325232748180242,-0.06957557482489962,-0.019671693651677865,-17255.378281052836,-0.020093333333333324,0.102411,-0.08231766666666673,-0.122505,0.12390000000000004,-0.012954999999999998,-0.13685466666666668,-0.02538166666666669,-0.0010552272747772692,0.029411799999999835,-0.007138333333333302,-0.021489000000000008,0.028627333333333338,0.01434966666666667,0.0563079999999999,0.01339366666666677,-0.042915666666666685,-0.018609666666666663,-0.006468087199204997,-0.016188599999999935
2003,Belgium,BEL,124,10396.0,21294.789764994453,96.60004487475122,96.4956,11343620.2199,0.2096470770646678,129.35666359127515,402309.8227,8378193.831,9115946.021406673,2743113.2,11335511.9,2.22,4.18083333333333,202.40492084201924,7.6796,155.64315368062387,1.017,3032059.8357200003,3197037.92475,31.93974663499604,8431321.4793,3366647.0343,4285186.5573,4146134.922,9286041.0,3.246652603149414,100.5199203491211,63.31586837768555,0.0,0.0,1.0,1.0,PEG,DEU,-0.95999998,0.1868713200092315,0.1096186488866806,0.0508148893713951,0.0221999995410442,,,0.0603226982057094,0.0492959544062614,0.0464914627373218,0.1506700068712234,0.0314610674977302,,,,0.0418083332479,0.0362013056874275,0.097637802362442,0.12317655980587,0.0365074425935745,0.164312,0.077556,0.758132,3.0,0.086757,0.0132879999999999,-0.171346,-0.184633,0.0832946666666666,0.0696268463621133,0.1838499999999999,0.1581589919195238,0.0061002,-0.0306269,0.335658,0.161731,0.064268,0.160457,0.600076,0.677812,0.27139,0.001275,-0.0961889999999999,0.1352979999999999,0.173927,-0.1423129999999999,0.270115,-0.2776099999999999,0.0715203333333333,0.0942996923076923,0.0770446718296167,0.1164918014760274,0.0241267,-0.0208800230769231,-0.0040822999999999,0.0243825461538461,0,0,0,8407036.8595,8285008.662,8297675.3906,3152684.2047,2950661.9855,2967201.3445,10601325.72,9830834.0,9278177.0,4.98666666666667,5.13083333333333,5.5925,3.21,4.15,4.24,190.88986854632407,180.3333167445372,172.10536291036277,1.054,1.082,1.096,127.4236468682833,125.4811979244134,122.49836279046556,505458.947,376209.9074,431959.6492,21162.974678941075,20920.25111546414,20809.35868631145,1.9608333333333294,1.77666666666667,0.9808333333333294,1.3525,0.014728795403642116,0.06846674413835538,0.07837501070611107,0.05853910964628589,0.011602325523593499,0.0028886063194260014,0.020405914949460462,0.0252542156188878,52296.64636000043,145590.7330900001,585340.0273200013,579139.7872750005,789075.3544999994,453081.61367999995,313824.2431000001,440484.8028000002,1561960.8200000003,989336.375,582239.166666666,-0.2088333333333301,-0.08083333333333798,0.5077777777777772,-0.41999999999999993,0.6500000000000004,0.9866666666666668,28.410060424984778,22.316885778997403,18.78524259309731,-0.09939999999999993,-0.08925000000000005,-0.10033333333333316,6.993997360131928,6.314435520327521,4.442133848506259,50957.36168000003,-97864.59739999997,-56153.14080000005,1068.8232675077343,1032.6246300384992,1228.9762678477455,0.21116666666667006,-0.7308333333333381,-0.47888888888889003,-0.01711462857190888,-0.006662681235334936,0.016898861973973153,-0.001135046602718487,-0.010968767040126028,-0.02230565193729647,-0.027732617154267662,-201491.75727000047,0.10659766666666667,-0.007252333333333319,-0.09934333333333323,0.11384966666666668,-0.07340964102564093,0.17921756410256415,0.2526259487179487,-0.08064721367521369,-0.005530498672181763,0.0699259346153846,-0.07261989743589742,0.06615730769230768,0.006462487179487164,-0.13877628205128206,0.19166848717948706,-0.16828823076923063,-0.35995571794871783,-0.08680178205128203,0.0508749464613434,0.049838423076923
2004,Belgium,BEL,124,10446.0,21954.94806866455,98.68257495289592,97.501,11973689.118,0.2266706017154521,131.75881683416512,393919.1235,9291489.167,9952119.82338758,3186852.1,12404519.25,2.01,4.1525,215.02661999997693,7.3634,158.70260514270186,0.972,3224541.66857,3245833.06779,29.61596064899787,8999186.251600001,3683597.6286,4656999.4156,4342186.836,9628245.0,2.9017882347106934,97.54014587402344,63.60881423950195,0.0,0.0,1.0,1.0,PEG,DEU,-0.26967001,0.3925911784172058,0.1097278892993927,0.093602567911148,0.0200999993830919,,,0.062360119074583,0.0473677702248096,0.0445872992277145,0.3592905402183532,0.0244985371828079,,,,0.0415249988436698,0.0333006307482719,0.1444609761238098,0.1747465133666992,0.0568512827157974,0.37551,0.116916,0.507574,2.0,0.258594,0.03936,0.211198,0.171837,0.1007603333333333,0.0521240035332411,0.1198073333333333,0.1380571320371871,-0.0117334999999999,0.0587324,0.164312,0.335658,0.077556,0.064268,0.758132,0.600076,0.086757,0.27139,0.0132879999999999,-0.0961889999999999,-0.171346,0.173927,-0.184633,0.270115,0.0832946666666666,0.0715203333333333,0.0696268463621133,0.0770446718296167,0.0061002,0.0241267,-0.0306269,-0.0040822999999999,0,0,0,8431321.4793,8407036.8595,8285008.662,3366647.0343,3152684.2047,2950661.9855,11335511.9,10601325.72,9830834.0,4.18083333333333,4.98666666666667,5.13083333333333,2.22,3.21,4.15,202.40492084201924,190.88986854632407,180.3333167445372,1.017,1.054,1.082,129.35666359127515,127.4236468682833,125.4811979244134,402309.8227,505458.947,376209.9074,21294.789764994453,21162.974678941075,20920.25111546414,2.1425,1.9608333333333294,1.77666666666667,0.9808333333333294,0.0028886063194260604,0.06786687651145823,0.06925418569254183,0.06032301443437142,0.006228570796549966,0.06735181118335754,0.005363620766810222,0.008405548760472798,216681.73886000036,52296.64636000043,512067.97589999903,585340.0273200013,579139.7872750005,591530.841,453081.61367999995,313824.2431000001,2035820.1966666672,1561960.8200000003,989336.375,-0.9798611111111155,-0.2088333333333301,-0.08083333333333798,-1.3399999999999999,-0.41999999999999993,0.6500000000000004,35.190102649849166,28.410060424984778,22.316885778997403,-0.11983333333333346,-0.09939999999999993,-0.08925000000000005,7.761347856435123,6.993997360131928,6.314435520327521,-60684.65623333334,50957.36168000003,-97864.59739999997,1022.5011423098258,1068.8232675077343,1032.6246300384992,0.36013888888888457,0.21116666666667006,-0.7308333333333381,-0.02553189194174316,-0.005930012615165098,0.004398264565609281,0.0008758675059107393,-0.014148768359144354,-0.0317715331356226,-0.03764812972411574,-227621.92491,-0.10283233333333336,-0.00573866666666667,0.10857033333333344,-0.09709299999999998,0.0015136666666665365,-0.20943,-0.2109426666666667,-0.022202068376068446,-0.03049235153078443,0.028590789743589737,0.10659766666666667,-0.007252333333333319,-0.09934333333333323,0.11384966666666668,-0.07340964102564093,0.17921756410256415,0.2526259487179487,-0.08064721367521369,-0.005530498672181763,0.0699259346153846
2005,Belgium,BEL,124,10511.0,22304.690386988525,100.0,97.9879,12506861.5763,0.2368106320007638,135.10153801724786,261846.2909,10333835.87709,10843335.52813597,3670930.9,13291997.05,2.07,3.42833333333333,243.93380237180276,8.4402,161.72788063558173,0.951,3391318.91714,3736208.92618,34.19504958887853,9434252.0731,4174897.2707,5188477.5981,4245774.475,9585751.0,2.617547512054444,107.7662124633789,66.10372161865234,0.0,0.0,1.0,1.0,PEG,DEU,0.04167,0.2718643844127655,0.1799088716506958,0.0606720559298992,0.0207000002264976,,,0.1344342827796936,0.0454745814204216,0.0400856919586658,0.2378166913986206,0.0275062378495931,,,,0.0342833325266838,0.034047681838274,0.1636156588792801,0.2031738609075546,0.0406860262155532,0.101461,0.031313,0.867226,1.0,0.070148,-0.085603,-0.274049,-0.188446,0.0862466666666666,0.0273788009476919,0.2055803333333333,0.1031027294126268,-0.0059504999999999,-0.0431889,0.37551,0.164312,0.116916,0.077556,0.507574,0.758132,0.258594,0.086757,0.03936,0.0132879999999999,0.211198,-0.171346,0.171837,-0.184633,0.1007603333333333,0.0832946666666666,0.0521240035332411,0.0696268463621133,-0.0117334999999999,0.0061002,0.0587324,-0.0306269,0,0,1,8999186.251600001,8431321.4793,8407036.8595,3683597.6286,3366647.0343,3152684.2047,12404519.25,11335511.9,10601325.72,4.1525,4.18083333333333,4.98666666666667,2.01,2.22,3.21,215.02661999997693,202.40492084201924,190.88986854632407,0.972,1.017,1.054,131.75881683416512,129.35666359127515,127.4236468682833,393919.1235,402309.8227,505458.947,21954.94806866455,21294.789764994453,21162.974678941075,1.3583333333333303,2.1425,1.9608333333333294,1.77666666666667,0.06735181118335765,0.09414428987382724,0.09430604982206402,0.0623586576129202,0.031000930788962388,0.048345018020117925,0.028323070968808556,0.03431442031331088,364951.0413100014,216681.73886000036,1006780.1802142877,512067.97589999903,585340.0273200013,823977.029442857,591530.841,453081.61367999995,2813996.09,2035820.1966666672,1561960.8200000003,-0.8682142857142852,-0.9798611111111155,-0.2088333333333301,-1.358571428571429,-1.3399999999999999,-0.41999999999999993,42.78464428639981,35.190102649849166,28.410060424984778,-0.1477142857142857,-0.11983333333333346,-0.09939999999999993,9.054737119834357,7.761347856435123,6.993997360131928,-60406.11882857146,-60684.65623333334,50957.36168000003,1536.587854221376,1022.5011423098258,1068.8232675077343,0.49035714285714294,0.36013888888888457,0.21116666666667006,0.04318662824581229,0.021335736183064752,0.028717084600863252,0.0027655327668077226,0.012981719693125459,-0.0024577763064997406,-0.004209632226454513,-6331.351182500075,0.15494299999999997,0.016155666666666665,-0.17109933333333338,0.13878666666666667,0.02189433333333337,0.2577753333333333,0.23587966666666663,0.01772210256410256,-0.03559710302267804,-0.014849125641025534,-0.10283233333333336,-0.00573866666666667,0.10857033333333344,-0.09709299999999998,0.0015136666666665365,-0.20943,-0.2109426666666667,-0.022202068376068446,-0.03049235153078443,0.028590789743589737
2006,Belgium,BEL,124,10585.0,22867.0218044584,101.8781832101995,100.0,13116558.8249,0.2397054911325951,138.2467018222894,252971.5129,11297322.11667,11783227.251558686,3751610.7,13953571.41,2.9,3.815,272.49979740080266,8.2459,167.31231588475018,0.915,3528284.97961,3543117.9608400003,30.630144267274105,10173803.4598,4660186.2677,5740448.4498,4433355.01,9427662.0,2.954118013381958,107.3031005859375,65.66677856445312,0.0,0.0,1.0,1.0,PEG,DEU,0.74583,0.2311711907386779,0.1585942804813385,-0.0029505807906389,0.0289999991655349,,,0.117105446755886,0.0414888262748718,0.0371395796537399,0.1988506913185119,0.0269595701247453,,,,0.0381500013172626,0.032320499420166,0.1415700167417526,0.1777492314577102,0.013024709187448,0.178874,0.0352,0.785925,3.0,0.143674,0.003887,0.077413,0.073526,0.0752616666666666,0.0428475947555208,0.1384996666666666,0.104335762777359,-0.0212670999999999,-0.0017694999999999,0.101461,0.37551,0.031313,0.116916,0.867226,0.507574,0.070148,0.258594,-0.085603,0.03936,-0.274049,0.211198,-0.188446,0.171837,0.0862466666666666,0.1007603333333333,0.0273788009476919,0.0521240035332411,-0.0059504999999999,-0.0117334999999999,-0.0431889,0.0587324,0,1,1,9434252.0731,8999186.251600001,8431321.4793,4174897.2707,3683597.6286,3366647.0343,13291997.05,12404519.25,11335511.9,3.42833333333333,4.1525,4.18083333333333,2.07,2.01,2.22,243.93380237180276,215.02661999997693,202.40492084201924,0.951,0.972,1.017,135.10153801724786,131.75881683416512,129.35666359127515,261846.2909,393919.1235,402309.8227,22304.690386988525,21954.94806866455,21294.789764994453,0.915,1.3583333333333303,2.1425,1.9608333333333294,0.04834501802011793,0.13337494798168964,0.07154471544715453,0.1344353660576022,0.01592999979914082,0.07839003886791307,0.03952847850763382,0.03312362785178726,566251.1763000004,364951.0413100014,1315998.4791875007,1006780.1802142877,512067.97589999903,1212279.5428625,823977.029442857,591530.841,3349724.37875,2813996.09,2035820.1966666672,-1.4838541666666698,-0.8682142857142852,-0.9798611111111155,-1.1287500000000001,-1.358571428571429,-1.3399999999999999,66.34374612242567,42.78464428639981,35.190102649849166,-0.1502500000000001,-0.1477142857142857,-0.11983333333333346,11.265616162937803,9.054737119834357,7.761347856435123,-184928.18657500003,-60406.11882857146,-60684.65623333334,1694.2566907676774,1536.587854221376,1022.5011423098258,-0.35510416666666966,0.49035714285714294,0.36013888888888457,0.018010316761742248,0.05751843197906077,0.0018533095686875944,0.07444716510194577,-0.003943742681428317,0.009157260616742147,-0.004698819316902386,143204.221504001,-0.19036566666666668,-0.05493366666666665,0.24529866666666666,-0.13543233333333332,-0.07108933333333334,-0.34530866666666665,-0.274219,0.0010548888888888552,-0.038886372960631806,-0.012114966666666602,0.15494299999999997,0.016155666666666665,-0.17109933333333338,0.13878666666666667,0.02189433333333337,0.2577753333333333,0.23587966666666663,0.01772210256410256,-0.03559710302267804,-0.014849125641025534
2007,Belgium,BEL,124,10667.0,23496.542128109177,104.85133331128334,100.579,13861556.0981,0.2460327415051965,140.75726192738216,271205.1477,12113975.15424,12685323.050983412,4042057.98,15204108.31,3.89,4.32833333333333,298.7050035662604,7.4579,171.4686404128993,0.8730000000000001,3658715.97828,3779215.29357,27.40296175531552,11566861.2265,5173350.1356,6294516.9763,5272344.2502,10216844.0,4.358264446258545,108.27645111083984,65.61543273925781,0.0,0.0,1.0,1.0,PEG,DEU,1.02334,-0.0415355190634727,0.1339661628007888,-0.0086051300168037,0.0388999991118907,,,0.0961651355028152,0.0378010272979736,0.0344847925007343,-0.0630297288298606,0.0229401160031557,,,,0.0432833321392536,0.0214942060410976,0.0782936513423919,0.0954204052686691,0.0151474345475435,0.388223,0.04559,0.566187,5.0,0.342632,0.0103899999999999,0.2093489999999999,0.198958,0.061143,0.0483399197247989,0.157472,0.0949776938654545,-0.0210091,0.032564,0.178874,0.101461,0.0352,0.031313,0.785925,0.867226,0.143674,0.070148,0.003887,-0.085603,0.077413,-0.274049,0.073526,-0.188446,0.0752616666666666,0.0862466666666666,0.0428475947555208,0.0273788009476919,-0.0212670999999999,-0.0059504999999999,-0.0017694999999999,-0.0431889,1,1,1,10173803.4598,9434252.0731,8999186.251600001,4660186.2677,4174897.2707,3683597.6286,13953571.41,13291997.05,12404519.25,3.815,3.42833333333333,4.1525,2.9,2.07,2.01,272.49979740080266,243.93380237180276,215.02661999997693,0.915,0.951,0.972,138.2467018222894,135.10153801724786,131.75881683416512,252971.5129,261846.2909,393919.1235,22867.0218044584,22304.690386988525,21954.94806866455,0.43833333333332947,0.915,1.3583333333333303,2.1425,0.0783900388679131,0.1162397456832828,0.04977238239757203,0.11710552105222281,0.025211352756454856,0.13692595617798453,0.06469562269046285,0.015197609102041373,844257.6311400002,566251.1763000004,1909327.8126444425,1315998.4791875007,1006780.1802142877,1562870.8128777775,1212279.5428625,823977.029442857,3639107.1411111113,3349724.37875,2813996.09,-0.9323148148148142,-1.4838541666666698,-0.8682142857142852,-0.17333333333333334,-1.1287500000000001,-1.358571428571429,87.5382138044894,66.34374612242567,42.78464428639981,-0.16955555555555546,-0.1502500000000001,-0.1477142857142857,13.159044838764018,11.265616162937803,9.054737119834357,-173255.38828888888,-184928.18657500003,-60406.11882857146,2068.3373648189227,1694.2566907676774,1536.587854221376,-0.758981481481481,-0.35510416666666966,0.49035714285714294,0.04580404801431963,0.03319342568327133,-0.020150687176980854,0.047811424458823165,0.005830578111064258,0.03301622471146515,-0.021953578164233645,320636.9862433332,-0.034887,-0.040061666666666655,0.07494766666666652,0.005174333333333336,0.014872000000000031,0.15547866666666665,0.14060666666666666,-0.014838888888888901,-0.006862288858827968,-0.0174058333333333,-0.19036566666666668,-0.05493366666666665,0.24529866666666666,-0.13543233333333332,-0.07108933333333334,-0.34530866666666665,-0.274219,0.0010548888888888552,-0.038886372960631806,-0.012114966666666602
2008,Belgium,BEL,124,10753.0,23701.29614233056,104.49121854016762,99.9342,14189237.1058,0.259367703303917,147.07509472600822,-142722.5662,12789499.05166,12941749.576013632,4070295.91,15938294.49,3.67,4.4175,313.2815883220357,6.9756,177.66176773936257,0.932,3829918.51388,4051719.38605,28.986060214126592,13286026.7448,5656541.4578,6832449.5428,6453335.1626,14332885.0,3.8359341621398926,109.81647491455078,65.21831512451172,1.0,1.0,1.0,1.0,PEG,DEU,-0.04084,-0.5605587363243103,0.0839402228593826,0.0322677381336689,0.0366999991238117,,,0.0488006547093391,0.0351395644247531,0.0335045233368873,-0.5744388699531555,0.0326161347329616,,,,0.0441749989986419,0.0138801587745547,0.0266308039426803,0.0240734331309795,0.0344838686287403,0.379156,0.046306,0.574538,2.0,0.332849,0.000716,-0.0090669999999999,-0.0097829999999999,0.0373676666666666,0.0073812103569361,0.1854846666666666,0.140971562555479,0.0055368999999999,0.0987061,0.388223,0.178874,0.04559,0.0352,0.566187,0.785925,0.342632,0.143674,0.0103899999999999,0.003887,0.2093489999999999,0.077413,0.198958,0.073526,0.061143,0.0752616666666666,0.0483399197247989,0.0428475947555208,-0.0210091,-0.0212670999999999,0.032564,-0.0017694999999999,0,0,0,11566861.2265,10173803.4598,9434252.0731,5173350.1356,4660186.2677,4174897.2707,15204108.31,13953571.41,13291997.05,4.32833333333333,3.815,3.42833333333333,3.89,2.9,2.07,298.7050035662604,272.49979740080266,243.93380237180276,0.8730000000000001,0.915,0.951,140.75726192738216,138.2467018222894,135.10153801724786,271205.1477,252971.5129,261846.2909,23496.542128109177,22867.0218044584,22304.690386988525,0.7475000000000005,0.43833333333332947,0.915,1.3583333333333303,0.13692595617798448,0.11011660015754438,0.08962127782596128,0.09616596568295491,0.027529615751187977,0.14862852459588116,0.08788700435533851,0.04504764051905449,1294838.1781800003,844257.6311400002,3111452.798080001,1909327.8126444425,1315998.4791875007,1919747.59949,1562870.8128777775,1212279.5428625,4525733.327000001,3639107.1411111113,3349724.37875,-0.32575000000000376,-0.9323148148148142,-1.4838541666666698,0.8340000000000001,-0.17333333333333334,-1.1287500000000001,104.98959858949823,87.5382138044894,66.34374612242567,-0.1946,-0.16955555555555546,-0.1502500000000001,14.353700459980388,13.159044838764018,11.265616162937803,-137696.21466000006,-173255.38828888888,-184928.18657500003,2491.0239519878087,2068.3373648189227,1694.2566907676774,-1.1597500000000034,-0.758981481481481,-0.35510416666666966,0.09925062665613327,0.02338212174828054,0.02193717349329516,0.021559488594130455,0.007500999093456907,0.05208057828740767,0.010640650523308676,552838.1573342853,0.16960799999999998,-0.015552999999999997,-0.15405466666666656,0.18516,0.02450866666666656,0.2044949999999999,0.17998566666666665,-0.026279888888888825,0.007556453312647628,-0.0080254000000001,-0.034887,-0.040061666666666655,0.07494766666666652,0.005174333333333336,0.014872000000000031,0.15547866666666665,0.14060666666666666,-0.014838888888888901,-0.006862288858827968,-0.0174058333333333
2009,Belgium,BEL,124,10840.0,23020.27204796463,101.55927776501144,98.9743,13976686.1727,0.2217328459838694,147.06692370583409,231631.7058,10261151.44527,10730266.45376137,4590680.62,16793500.37,0.66,3.90166666666667,309.26766116243334,7.9076,178.65025515586933,1.002,3575490.7305900003,4114903.77142,28.00215188116061,12968914.7909,5947109.7575,7075941.1792,5892771.9122,13607906.0,4.023786544799805,96.13729858398438,59.62690734863281,0.0,0.0,1.0,1.0,PEG,DEU,-3.192497,0.5247774124145508,0.0213650614023208,0.1088800057768821,0.0065999999642372,,,-0.0128127373754978,0.0341777987778186,0.0346213951706886,0.4925259351730346,0.0216086506843566,,,,0.039016667753458,0.0322514697909355,0.0897303894162178,0.1000118851661682,0.0577400028705596,0.322018,0.069449,0.608532,3.0,0.252569,0.0231429999999999,-0.0571379999999999,-0.08028,0.0423653333333333,0.0062156789921408,0.2730516666666667,0.1121510688595224,0.0103462999999999,0.0316902,0.379156,0.388223,0.046306,0.04559,0.574538,0.566187,0.332849,0.342632,0.000716,0.0103899999999999,-0.0090669999999999,0.2093489999999999,-0.0097829999999999,0.198958,0.0373676666666666,0.061143,0.0073812103569361,0.0483399197247989,0.0055368999999999,-0.0210091,0.0987061,0.032564,0,0,0,13286026.7448,11566861.2265,10173803.4598,5656541.4578,5173350.1356,4660186.2677,15938294.49,15204108.31,13953571.41,4.4175,4.32833333333333,3.815,3.67,3.89,2.9,313.2815883220357,298.7050035662604,272.49979740080266,0.932,0.8730000000000001,0.915,147.07509472600822,140.75726192738216,138.2467018222894,-142722.5662,271205.1477,252971.5129,23701.29614233056,23496.542128109177,22867.0218044584,3.24166666666667,0.7475000000000005,0.43833333333332947,0.915,0.1486285245958811,0.09340008109541194,0.04828867073494293,0.04879926543494216,0.008714219015930617,-0.023868080351720944,0.12131483988059293,0.03763165467233016,1010449.9511599997,1294838.1781800003,4547758.971099999,3111452.798080001,1909327.8126444425,2228416.412645455,1919747.59949,1562870.8128777775,4848489.204545455,4525733.327000001,3639107.1411111113,-0.20696969696969614,-0.32575000000000376,-0.9323148148148142,0.5381818181818177,0.8340000000000001,-0.17333333333333334,110.02167438259184,104.98959858949823,87.5382138044894,-0.11790909090909085,-0.1946,-0.16955555555555546,19.366651398608226,14.353700459980388,13.159044838764018,-539106.0908636365,-137696.21466000006,-173255.38828888888,2469.321243301205,2491.0239519878087,2068.3373648189227,-0.745151515151514,-1.1597500000000034,-0.758981481481481,0.10102813240841657,0.004327390511320042,-0.0215891509470527,-0.027963160513295324,-0.012064497551146143,0.07972168289183901,0.002042370173994494,934313.9347074998,0.15630333333333332,0.00893833333333334,-0.16524133333333335,0.14736433333333335,0.02449133333333337,-0.01330466666666654,-0.03779566666666656,-0.03684944444444447,-0.03214089478573444,0.0216124666666665,0.16960799999999998,-0.015552999999999997,-0.15405466666666656,0.18516,0.02450866666666656,0.2044949999999999,0.17998566666666665,-0.026279888888888825,0.007556453312647628,-0.0080254000000001
2010,Belgium,BEL,124,10951.0,23556.82309859749,103.51811675439056,100.72791008559776,14649031.286,0.2312677669031869,150.49875217896258,237884.3903,11903170.93881,12406212.516919063,4635054.51,16244877.73,0.43,3.4625,325.458592164428,8.2925,181.2506702246912,1.003,3875095.16789,4318583.96051,30.190016464601108,13294740.1632,6405250.0018,7537106.916,5757391.2078,13377959.0,4.566390037536621,79.876708984375,54.37467575073242,0.0,0.0,1.0,1.0,PEG,DEU,-0.24250001,0.1146034598350524,0.0873553529381752,0.0146451508626341,0.0043000001460313,,,0.0523526519536972,0.035002700984478,0.0332613810896873,0.0925613418221473,0.0201747231185436,,,,0.0346250012516975,0.0220421217381954,0.0716246291995048,0.0916357114911079,0.0094725750386714,0.242856,0.032328,0.724816,3.0,0.210528,-0.0371209999999999,-0.079162,-0.0420409999999999,0.0537816666666666,0.0135730307718408,0.3093499999999999,0.0494164774442696,-0.0016642999999999,-0.0476591999999999,0.322018,0.379156,0.069449,0.046306,0.608532,0.574538,0.252569,0.332849,0.0231429999999999,0.000716,-0.0571379999999999,-0.0090669999999999,-0.08028,-0.0097829999999999,0.0423653333333333,0.0373676666666666,0.0062156789921408,0.0073812103569361,0.0103462999999999,0.0055368999999999,0.0316902,0.0987061,0,0,0,12968914.7909,13286026.7448,11566861.2265,5947109.7575,5656541.4578,5173350.1356,16793500.37,15938294.49,15204108.31,3.90166666666667,4.4175,4.32833333333333,0.66,3.67,3.89,309.26766116243334,313.2815883220357,298.7050035662604,1.002,0.932,0.8730000000000001,147.06692370583409,147.07509472600822,140.75726192738216,231631.7058,-142722.5662,271205.1477,23020.27204796463,23701.29614233056,23496.542128109177,3.0324999999999998,3.24166666666667,0.7475000000000005,0.43833333333332947,-0.02386808035172096,0.051368544165680194,0.053657301948873755,-0.012812521735162652,-0.028733622426227557,0.025123564889841354,0.08722880014071492,0.0963904827680452,486652.48562000063,1010449.9511599997,3851667.102941666,4547758.971099999,3111452.798080001,2333283.3446250004,2228416.412645455,1919747.59949,5299654.317500001,4848489.204545455,4525733.327000001,-0.7055555555555522,-0.20696969696969614,-0.32575000000000376,-2.516666666666666,0.5381818181818177,0.8340000000000001,96.83927435777352,110.02167438259184,104.98959858949823,-0.03808333333333325,-0.11790909090909085,-0.1946,17.74459276188341,19.366651398608226,14.353700459980388,-119826.31129166664,-539106.0908636365,-137696.21466000006,1582.5203786601778,2469.321243301205,2491.0239519878087,1.8111111111111147,-0.745151515151514,-1.1597500000000034,-0.0806528482126779,-0.03809754555580443,-0.014257869647026182,-0.08703284218219147,-0.048415566488654666,0.0376634748627771,0.06059696125231008,546113.0482755548,0.006600333333333375,0.02708366666666668,-0.033684666666666696,-0.020482666666666705,0.018145333333333267,-0.14970299999999992,-0.16784700000000005,-0.015558777777777769,-0.026640562620277804,0.022592733333333233,0.15630333333333332,0.00893833333333334,-0.16524133333333335,0.14736433333333335,0.02449133333333337,-0.01330466666666654,-0.03779566666666656,-0.03684944444444447,-0.03214089478573444,0.0216124666666665
2011,Belgium,BEL,124,11113.648616236162,23630.01600715963,103.9115213972362,100.28638435035715,15166511.523200002,0.2450693915808747,155.54354003446144,-294198.8907,13531910.53727,13785418.823270263,4497898.85,15546997.46,1.01,4.23333333333333,337.8837078192568,7.1396,188.3245200429252,1.035,4104629.19889,4667552.33344,31.17698431099776,14272296.9599,6910507.2493,8105980.1858,6166034.3948,15218061.0,4.737210273742676,81.19329071044922,56.54572677612305,0.0,0.0,1.0,1.0,PEG,DEU,0.425834,-0.132323071360588,0.0717976242303848,0.0065366607159376,0.0100999996066093,,,0.0381768532097339,0.0336207710206508,0.0323844365775585,-0.1526573449373245,0.0239976979792118,,,,0.0423333346843719,0.0203342735767364,0.035897497087717,0.0452019199728965,0.0083183301612734,0.294634,0.106475,0.598892,1.0,0.188159,0.0741469999999999,0.051778,-0.022369,0.049361,0.0187481180122167,0.2653153333333333,0.0621486807610052,0.0143386,-0.0476110999999999,0.242856,0.322018,0.032328,0.069449,0.724816,0.608532,0.210528,0.252569,-0.0371209999999999,0.0231429999999999,-0.079162,-0.0571379999999999,-0.0420409999999999,-0.08028,0.0537816666666666,0.0423653333333333,0.0135730307718408,0.0062156789921408,-0.0016642999999999,0.0103462999999999,-0.0476591999999999,0.0316902,0,0,0,13294740.1632,12968914.7909,13286026.7448,6405250.0018,5947109.7575,5656541.4578,16244877.73,16793500.37,15938294.49,3.4625,3.90166666666667,4.4175,0.43,0.66,3.67,325.458592164428,309.26766116243334,313.2815883220357,1.003,1.002,0.932,150.49875217896258,147.06692370583409,147.07509472600822,237884.3903,231631.7058,-142722.5662,23556.82309859749,23020.27204796463,23701.29614233056,3.22333333333333,3.0324999999999998,3.24166666666667,0.7475000000000005,0.025123564889841462,0.0770357809055451,-0.03266874849867887,0.05235248632572315,0.02330776324080414,0.07352959025148054,0.04996133637800052,0.08889013358627483,328463.60175999894,486652.48562000063,3881210.3904,3851667.102941666,4547758.971099999,2611940.2547230767,2333283.3446250004,2228416.412645455,4343365.9607692305,5299654.317500001,4848489.204545455,-1.0904487179487181,-0.7055555555555522,-0.20696969696969614,-2.553076923076923,-2.516666666666666,0.5381818181818177,105.58103040917021,96.83927435777352,110.02167438259184,-0.0341538461538462,-0.03808333333333325,-0.11790909090909085,19.81145256102087,17.74459276188341,19.366651398608226,-104356.21823076918,-119826.31129166664,-539106.0908636365,1997.339092473023,1582.5203786601778,2469.321243301205,1.4626282051282053,1.8111111111111147,-0.745151515151514,-0.024940132286725657,-0.009255513352955824,-0.09939576429065997,-0.014615097272789715,0.007660449719098249,-0.0030279411601897566,0.0475877974112388,-32295.722091999778,-0.12027633333333335,-0.02145366666666665,0.1417303333333333,-0.09882199999999997,-0.04853733333333316,-0.1268766666666667,-0.07833933333333326,0.006822999999999975,-0.007072572252784466,4.433333333349939e-05,0.006600333333333375,0.02708366666666668,-0.033684666666666696,-0.020482666666666705,0.018145333333333267,-0.14970299999999992,-0.16784700000000005,-0.015558777777777769,-0.026640562620277804,0.022592733333333233
2012,Belgium,BEL,124,11189.41660516605,23642.929689311823,104.03247709195796,101.12892874326413,15578260.8825,0.2368992582890593,159.6274159174843,-12666.7286,13787669.537260002,14002056.55564469,5022317.55,17342123.01,0.13,3.0,343.1052282760788,7.5417,193.64047270821465,1.048,4358056.55266,4911895.14173,30.57442777019858,14463830.8051,7203536.2829,8371981.4864,6091566.9394,14682786.0,5.558399200439453,73.25347137451172,44.73638916015625,0.0,0.0,1.0,1.0,PEG,DEU,-0.55416697,0.3901649713516235,0.0482450611889362,0.2432106137275695,0.001300000003539,,,0.015452048741281,0.0327930115163326,0.032294001430273,0.3532236218452453,0.0272987969219684,,,,0.0299999993294477,0.0369413755834102,0.108751431107521,0.1043310016393661,0.1222553104162216,0.294634,0.106475,0.598892,,0.188159,0.0,0.0,0.0,0.0694173333333333,0.0370735101431377,0.2170853333333333,0.0327018499527677,0.0185224999999999,-0.0215599,0.294634,0.242856,0.106475,0.032328,0.598892,0.724816,0.188159,0.210528,0.0741469999999999,-0.0371209999999999,0.051778,-0.079162,-0.022369,-0.0420409999999999,0.049361,0.0537816666666666,0.0187481180122167,0.0135730307718408,0.0143386,-0.0016642999999999,-0.0476110999999999,-0.0476591999999999,0,0,0,14272296.9599,13294740.1632,12968914.7909,6910507.2493,6405250.0018,5947109.7575,15546997.46,16244877.73,16793500.37,4.23333333333333,3.4625,3.90166666666667,1.01,0.43,0.66,337.8837078192568,325.458592164428,309.26766116243334,1.035,1.003,1.002,155.54354003446144,150.49875217896258,147.06692370583409,-294198.8907,237884.3903,231631.7058,23630.01600715963,23556.82309859749,23020.27204796463,2.87,3.22333333333333,3.0324999999999998,3.24166666666667,0.07352959025148065,0.07888173722462252,-0.042960019865905114,0.03817725496874082,0.0031070789238339803,0.013419973374863226,0.024928358263200317,0.048699128728887396,546230.4839299989,328463.60175999894,4581537.873499999,3881210.3904,3851667.102941666,2930630.341171429,2611940.2547230767,2333283.3446250004,3335245.2649999987,4343365.9607692305,5299654.317500001,-0.24172619047619381,-1.0904487179487181,-0.7055555555555522,-1.7907142857142857,-2.553076923076923,-2.516666666666666,110.46464389191541,105.58103040917021,96.83927435777352,0.0002857142857142225,-0.0341538461538462,-0.03808333333333325,23.441136662161114,19.81145256102087,17.74459276188341,-628985.483642857,-104356.21823076918,-119826.31129166664,1927.8649230013762,1997.339092473023,1582.5203786601778,1.548988095238092,1.4626282051282053,1.8111111111111147,0.02538436478927704,-0.006697594468266413,-0.10204120763552774,-0.027666090378018995,-0.013129499960879466,-0.02780859084497415,0.003431142769581466,-187548.6312163651,-0.020042666666666653,0.057114000000000005,-0.03707000000000005,-0.07715633333333335,0.07856766666666656,0.1002336666666666,0.021665666666666604,0.004856111111111165,0.0096914779719108,0.009598966666666701,-0.12027633333333335,-0.02145366666666665,0.1417303333333333,-0.09882199999999997,-0.04853733333333316,-0.1268766666666667,-0.07833933333333326,0.006822999999999975,-0.007072572252784466,4.433333333349939e-05
2013,Belgium,BEL,124,11252.05147601476,23619.124656363343,104.0187984985944,102.33354093527912,15848739.912,0.2242819690490735,161.61951063593366,151314.9649,13719313.57671,14238752.067303777,5316798.820000001,17503482.61,0.05,2.41,347.1219283320624,8.4253,197.6687008203976,1.055,4499217.96473,4907970.06946,29.250888260459725,14739876.7408,7520244.8378,8669649.6085,6099029.8209,15106554.0,6.614171028137207,74.20460510253906,34.83740997314453,0.0,0.0,1.0,1.0,PEG,DEU,-0.16583334,0.1895981281995773,0.0443472638726234,0.0010905904928222,0.0005000000237487,,,0.0117075769230723,0.0326396860182285,0.0322619751095771,0.1574814766645431,0.0277470108121633,,,,0.024100000038743,0.0321166515350341,0.0544208064675331,0.0712427571415901,0.0007952952291816,0.294634,0.106475,0.598892,,0.188159,0.0,0.0,0.0,0.0817593333333333,0.0428087904096032,0.1956153333333333,0.0129147481715027,0.0222441,-0.0067106999999999,0.294634,0.294634,0.106475,0.106475,0.598892,0.598892,0.188159,0.188159,0.0,0.0741469999999999,0.0,0.051778,0.0,-0.022369,0.0694173333333333,0.049361,0.0370735101431377,0.0187481180122167,0.0185224999999999,0.0143386,-0.0215599,-0.0476110999999999,0,0,0,14463830.8051,14272296.9599,13294740.1632,7203536.2829,6910507.2493,6405250.0018,17342123.01,15546997.46,16244877.73,3.0,4.23333333333333,3.4625,0.13,1.01,0.43,343.1052282760788,337.8837078192568,325.458592164428,1.048,1.035,1.003,159.6274159174843,155.54354003446144,150.49875217896258,-12666.7286,-294198.8907,237884.3903,23642.929689311823,23630.01600715963,23556.82309859749,2.3600000000000003,2.87,3.22333333333333,3.0324999999999998,0.013419973374863295,0.0424034044142971,0.11546445251686563,0.015453602337094918,0.0005464948541837914,0.019085257524076304,0.03735770950539504,0.03186765179800888,452694.3578000008,546230.4839299989,4467635.8604666665,4581537.873499999,3881210.3904,3028284.018693333,2930630.341171429,2611940.2547230767,4908021.130666668,3335245.2649999987,4343365.9607692305,-1.4589444444444437,-0.24172619047619381,-1.0904487179487181,-2.5513333333333335,-1.7907142857142857,-2.553076923076923,108.32185475594304,110.46464389191541,105.58103040917021,0.01326666666666676,0.0002857142857142225,-0.0341538461538462,25.962270101039906,23.441136662161114,19.81145256102087,-305520.95596666663,-628985.483642857,-104356.21823076918,1812.254276953474,1927.8649230013762,1997.339092473023,1.0923888888888895,1.548988095238092,1.4626282051282053,-0.036538421000860105,-0.04269752767371565,0.06367192243549498,-0.04841359369694925,-0.01475226260475255,-0.01324011723008911,-0.013664268220495629,45847.30355499865,0.008131333333333324,0.03705766666666668,-0.045187999999999895,-0.02892633333333333,-0.020056333333333298,0.028173999999999966,0.04822999999999997,0.02091466666666667,0.024227900884404935,0.010848966666666567,-0.020042666666666653,0.057114000000000005,-0.03707000000000005,-0.07715633333333335,0.07856766666666656,0.1002336666666666,0.021665666666666604,0.004856111111111165,0.0096914779719108,0.009598966666666701
2014,Belgium,BEL,124,11295.491789667898,23899.98018736695,105.19275019769351,102.44264500425749,16257141.0596,0.2313618771856211,162.41209959282284,125457.089,13773127.00331,14332828.377222983,6067120.96,18745951.53,0.05,1.71333333333333,345.2102708176528,8.5227,200.2452142931361,1.07,4620370.7864,5030655.80733,33.22617576805864,14591183.8694,7888306.0854,9084021.0613,5506840.0889,19232380.0,6.108495235443115,78.49821472167969,36.390621185302734,0.0,0.0,1.0,1.0,PEG,DEU,0.0075,0.1793061643838882,0.0274293627589941,0.1568618565797805,0.0005000000237487,,,-0.0055068894289433,0.0329362526535987,0.0331186316907405,0.1568993330001831,0.0193680003285408,,,,0.0171333327889442,0.0224068257957696,0.0636230781674385,0.0590801835060119,0.0786809250712394,0.294634,0.106475,0.598892,,0.188159,0.0,0.0,0.0,0.106475,0.0,0.188159,0.0,6.0081431876315056e-18,1.8983400121629505e-17,0.294634,0.294634,0.106475,0.106475,0.598892,0.598892,0.188159,0.188159,0.0,0.0,0.0,0.0,0.0,0.0,0.0817593333333333,0.0694173333333333,0.0428087904096032,0.0370735101431377,0.0222441,0.0185224999999999,-0.0067106999999999,-0.0215599,0,0,0,14739876.7408,14463830.8051,14272296.9599,7520244.8378,7203536.2829,6910507.2493,17503482.61,17342123.01,15546997.46,2.41,3.0,4.23333333333333,0.05,0.13,1.01,347.1219283320624,343.1052282760788,337.8837078192568,1.055,1.048,1.035,161.61951063593366,159.6274159174843,155.54354003446144,151314.9649,-12666.7286,-294198.8907,23619.124656363343,23642.929689311823,23630.01600715963,1.66333333333333,2.3600000000000003,2.87,3.22333333333333,0.01908525752407629,0.04396570551769322,0.009304489416143159,0.011706904252568229,-0.0010068563101653578,-0.01008779612033106,0.035344940383473356,0.03318997552393727,123270.66642000039,452694.3578000008,4464454.5548875015,4467635.8604666665,4581537.873499999,3155724.8224250004,3028284.018693333,2930630.341171429,4762629.409999998,4908021.130666668,3335245.2649999987,-1.957760416666666,-1.4589444444444437,-0.24172619047619381,-2.4718750000000003,-2.5513333333333335,-1.7907142857142857,105.56843888968021,108.32185475594304,110.46464389191541,0.019437499999999996,0.01326666666666676,0.0002857142857142225,26.331722938174266,25.962270101039906,23.441136662161114,-122444.20271875002,-305520.95596666663,-628985.483642857,1675.183351695403,1812.254276953474,1927.8649230013762,0.514114583333334,1.0923888888888895,1.548988095238092,-0.028437242118256427,-0.038288724725405156,-0.04673283549426049,-0.04893271886834599,-0.015322129595451529,-0.014307163692718713,-0.011365925335960404,-51215.53823307634,0.017259333333333293,0.024715666666666664,-0.041974666666666716,-0.007456333333333343,-0.012341999999999999,0.009128000000000002,0.021469999999999965,0.024239333333333328,0.019677237433871463,0.011845166666666665,0.008131333333333324,0.03705766666666668,-0.045187999999999895,-0.02892633333333333,-0.020056333333333298,0.028173999999999966,0.04822999999999997,0.02091466666666667,0.024227900884404935,0.010848966666666567
2015,Belgium,BEL,124,11352.065221402216,24265.37404213519,106.7200367688904,103.465200849381,16809717.009800002,0.2362795037405681,163.41876927827386,232478.8437,13658283.342,14430547.521955963,6728695.32,20581416.98,-0.22,0.84,350.7628466806068,8.482,200.58313688713207,1.052,4423822.69163,4638822.25666,37.053274547625605,15455708.2663,8255842.9143,9479432.7611,5975993.1259,22123710.0,6.12782621383667,81.67491149902344,33.834815979003906,0.0,0.0,1.0,1.0,PEG,DEU,-0.20416667,0.0995749086141586,0.0412169210612773,0.0226253606379032,-0.002199999988079,,,0.0077803740277886,0.0334365479648113,0.0331784076988697,0.0820111483335495,0.0162325147539377,,,,0.0083999997004866,0.0175637621432542,0.0440460033714771,0.0540765300393104,0.010212680324912,0.131023,0.019401,0.849577,1.0,0.111622,-0.087074,-0.163611,-0.076537,0.106475,0.0,0.188159,0.0,-0.0261221999999999,-0.0229610999999999,0.294634,0.294634,0.106475,0.106475,0.598892,0.598892,0.188159,0.188159,0.0,0.0,0.0,0.0,0.0,0.0,0.106475,0.0817593333333333,0.0,0.0428087904096032,6.0081431876315056e-18,0.0222441,1.8983400121629505e-17,-0.0067106999999999,0,0,0,14591183.8694,14739876.7408,14463830.8051,7888306.0854,7520244.8378,7203536.2829,18745951.53,17503482.61,17342123.01,1.71333333333333,2.41,3.0,0.05,0.05,0.13,345.2102708176528,347.1219283320624,343.1052282760788,1.07,1.055,1.048,162.41209959282284,161.61951063593366,159.6274159174843,125457.089,151314.9649,-12666.7286,23899.98018736695,23619.124656363343,23642.929689311823,1.06,1.66333333333333,2.3600000000000003,2.87,-0.010087796120331076,0.0489427213526301,0.07098409771836839,-0.005507164366121079,0.01189102200398183,0.05924977744355919,0.007472478259536157,0.015469204515584969,282693.9512199992,123270.66642000039,4053146.7096705884,4464454.5548875015,4467635.8604666665,3338155.1981176473,3155724.8224250004,3028284.018693333,5724943.658823531,4762629.409999998,4908021.130666668,-2.5392647058823554,-1.957760416666666,-1.4589444444444437,-2.3264705882352943,-2.4718750000000003,-2.5513333333333335,97.44687320528942,105.56843888968021,108.32185475594304,0.03329411764705892,0.019437499999999996,0.01326666666666676,25.57538701634732,26.331722938174266,25.962270101039906,-141099.47845882355,-122444.20271875002,-305520.95596666663,1857.4986855404568,1675.183351695403,1812.254276953474,-0.2127941176470618,0.514114583333334,1.0923888888888895,-0.05583296813027277,-0.030918663595130458,0.017867575026356018,-0.06308849255776368,-0.001466618181588622,-0.041225814903808,-0.02832896798858201,-376980.9768821427,0.0,0.0,0.0,0.0,-0.024715666666666632,-0.01725933333333333,0.007456333333333333,0.03962911111111114,-0.0328768061883192,-0.018368399999999962,0.017259333333333293,0.024715666666666664,-0.041974666666666716,-0.007456333333333343,-0.012341999999999999,0.009128000000000002,0.021469999999999965,0.024239333333333328,0.019677237433871463,0.011845166666666665
2016,Belgium,BEL,124,11426.822970479709,24412.360983552782,107.52606002076416,104.55892737718604,17349585.8915,0.2425221229370081,166.31131041991074,95686.2428,13830534.715,14522526.07539327,7575833.220000001,21206685.43,-0.58,0.475833333333333,360.0247396472082,7.8297,203.99849944978567,1.05,4319326.21467,4762286.5546,38.26951902096575,16833840.27,8600547.3598,9865969.6829,6964280.336,26263270.0,6.542012691497803,85.17912292480469,35.85490036010742,0.0,0.0,1.0,1.0,PEG,DEU,-0.21250001,-0.0241999998688697,0.0598974153399467,0.049659177660942,-0.002637,,,0.0264065265655517,0.0334908887743949,0.0326292626559734,-0.0478999987244606,0.0248923413455486,,,,0.0465542040765285,0.0236999988555908,0.0249023586511611,0.0255627278238534,0.0235110893845558,0.131023,0.019401,0.849577,,0.111622,0.0,0.0,0.0,0.0774503333333333,0.0502721973394175,0.1626466666666666,0.0441886575529663,-0.0348295999999999,-0.0306147999999999,0.131023,0.294634,0.019401,0.106475,0.849577,0.598892,0.111622,0.188159,-0.087074,0.0,-0.163611,0.0,-0.076537,0.0,0.106475,0.106475,0.0,0.0,-0.0261221999999999,6.0081431876315056e-18,-0.0229610999999999,1.8983400121629505e-17,0,0,0,15455708.2663,14591183.8694,14739876.7408,8255842.9143,7888306.0854,7520244.8378,20581416.98,18745951.53,17503482.61,0.84,1.71333333333333,2.41,-0.22,0.05,0.05,350.7628466806068,345.2102708176528,347.1219283320624,1.052,1.07,1.055,163.41876927827386,162.41209959282284,161.61951063593366,232478.8437,125457.089,151314.9649,24265.37404213519,23899.98018736695,23619.124656363343,1.055833333333333,1.06,1.66333333333333,2.3600000000000003,0.05924977744355914,0.04659261759381425,0.09791263180546585,0.01608461952711412,0.015288458480035932,0.08916653834007149,0.022749079615768147,0.034813682240918555,714641.498449999,282693.9512199992,4692496.289366666,4053146.7096705884,4464454.5548875015,3520238.9604555555,3338155.1981176473,3155724.8224250004,7242356.683333334,5724943.658823531,4762629.409999998,-3.271527777777777,-2.5392647058823554,-1.957760416666666,-2.4672222222222224,-2.3264705882352943,-2.4718750000000003,97.58573389017178,97.44687320528942,105.56843888968021,0.013444444444444592,0.03329411764705892,0.019437499999999996,25.161201867556798,25.57538701634732,26.331722938174266,-26238.86384444445,-141099.47845882355,-122444.20271875002,2119.698168889783,1857.4986855404568,1675.183351695403,-0.8043055555555549,-0.2127941176470618,0.514114583333334,0.01678889767657466,-0.03145002243658569,0.043745075288373715,-0.03778562086701297,0.002017089952205989,-0.02337260011608801,-0.007213929763962054,-192425.62695666775,-0.163611,-0.087074,0.25068500000000005,-0.076537,-0.087074,-0.163611,-0.076537,0.02059111111111113,-0.0266274335175803,-0.03971106666666654,0.0,0.0,0.0,0.0,-0.024715666666666632,-0.01725933333333333,0.007456333333333333,0.03962911111111114,-0.0328768061883192,-0.018368399999999962
2017,Belgium,BEL,124,11468.242804428046,24719.49220292041,108.8495183082083,106.12123044353504,17953272.495,0.2445641513168967,170.0111483547502,125376.4092,14626440.942,15353560.373993512,8088149.95,21916667.67,-0.68,0.7225,373.1160859924452,7.0862,206.45680889358889,1.02,4571402.18179,4797914.75428,33.63620445259737,16608219.2093,9093500.9378,10334961.3603,6307183.7049,25172576.0,7.267611448864273,88.62561150275141,36.55910160973265,0.0,0.0,1.0,1.0,PEG,DEU,-0.035,0.0419999994337558,0.0693451538681984,0.0317667499184608,-0.003291,,,0.0363633632659912,0.0329817906022071,0.0318245440721511,0.0097000002861022,0.0319897010922431,,,,-0.0088805966079235,0.0322999991476535,0.0443921312689781,0.0584304817020893,0.0142378751188516,0.336047,0.011044,0.652909,1.0,0.325003,-0.008357,0.2050239999999999,0.213381,0.0484256666666666,0.0502721973394175,0.1371343333333333,0.0441886575529663,-0.0286293,0.0410532,0.131023,0.131023,0.019401,0.019401,0.849577,0.849577,0.111622,0.111622,0.0,-0.087074,0.0,-0.163611,0.0,-0.076537,0.0774503333333333,0.106475,0.0502721973394175,0.0,-0.0348295999999999,-0.0261221999999999,-0.0306147999999999,-0.0229610999999999,0,0,0,16833840.27,15455708.2663,14591183.8694,8600547.3598,8255842.9143,7888306.0854,21206685.43,20581416.98,18745951.53,0.475833333333333,0.84,1.71333333333333,-0.58,-0.22,0.05,360.0247396472082,350.7628466806068,345.2102708176528,1.05,1.052,1.07,166.31131041991074,163.41876927827386,162.41209959282284,95686.2428,232478.8437,125457.089,24412.360983552782,24265.37404213519,23899.98018736695,1.4025,1.055833333333333,1.06,1.66333333333333,0.08916653834007152,0.041752786369388714,0.0303802430419443,0.02640499999999996,0.006057476845910512,-0.01340282770189305,0.04610950655443321,0.05091518208328504,742923.8023400006,714641.498449999,5823654.804152632,4692496.289366666,4053146.7096705884,3679667.671194737,3520238.9604555555,3338155.1981176473,7486448.465789475,7242356.683333334,5724943.658823531,-3.4635087719298245,-3.271527777777777,-2.5392647058823554,-2.6973684210526314,-2.4672222222222224,-2.3264705882352943,101.71153559939575,97.58573389017178,97.44687320528942,0.010736842105263378,0.013444444444444592,0.03329411764705892,26.729469226690696,25.161201867556798,25.57538701634732,-161650.4719105263,-26238.86384444445,-141099.47845882355,2155.1220487868595,2119.698168889783,1857.4986855404568,-0.7661403508771929,-0.8043055555555549,-0.2127941176470618,0.04577294203549956,-0.03454263019231203,-0.026217595435613045,-0.02536603923484863,-0.007325952234819765,0.0013626856529351736,0.009311918888049261,251548.52195812383,-0.109074,-0.05804933333333333,0.1671233333333334,-0.05102466666666666,0.029024666666666667,0.054537,0.02551233333333333,-0.020786111111111116,0.036002600536216435,-0.03353689999999993,-0.163611,-0.087074,0.25068500000000005,-0.076537,-0.087074,-0.163611,-0.076537,0.02059111111111113,-0.0266274335175803,-0.03971106666666654
2018,Belgium,BEL,124,11515.724077490777,25057.95737558562,110.29248185748088,107.61653252918494,18571279.763,0.2536879164679474,173.93977485446487,-152484.822,15537719.283,16000637.565719135,8685180.47,22888859.26,-0.62,0.795,383.78804560270265,5.9482,211.74106078499344,0.999,4888861.05883,4930685.46715,35.23135371179039,17570204.8046,9397341.0646,10660302.6538,6909902.1508,26281836.0,7.262486963262178,93.2509901241624,34.50650034554171,0.0,0.0,1.0,1.0,PEG,DEU,-0.00666667,-0.2066999971866607,0.0607519000768661,0.0024249353446066,-0.003221,,,0.0286000967025756,0.0321518033742904,0.031257826834917,-0.2330999970436096,0.0344243049621582,,,,0.0070721129886806,0.026400001719594,-0.017231972888112,-0.0257690250873565,-0.0003980323381256,0.16686,0.175719,0.65742,4.0,-0.008859,0.164675,-0.1691869999999999,-0.333862,0.0166153333333333,0.004824916199619,0.1827489999999999,0.1231955777899515,0.0460596999999999,-0.0148061999999999,0.336047,0.131023,0.011044,0.019401,0.652909,0.849577,0.325003,0.111622,-0.008357,0.0,0.2050239999999999,0.0,0.213381,0.0,0.0484256666666666,0.0774503333333333,0.0502721973394175,0.0502721973394175,-0.0286293,-0.0348295999999999,0.0410532,-0.0306147999999999,0,0,0,16608219.2093,16833840.27,15455708.2663,9093500.9378,8600547.3598,8255842.9143,21916667.67,21206685.43,20581416.98,0.7225,0.475833333333333,0.84,-0.68,-0.58,-0.22,373.1160859924452,360.0247396472082,350.7628466806068,1.02,1.05,1.052,170.0111483547502,166.31131041991074,163.41876927827386,125376.4092,95686.2428,232478.8437,24719.49220292041,24412.360983552782,24265.37404213519,1.415,1.4025,1.055833333333333,1.06,-0.013402827701893083,0.057316535492162334,0.033479170629636776,0.036362352092984926,0.012580971564960457,0.05792226024818614,0.04500449602724588,0.05274765155469101,611786.8554200017,742923.8023400006,5306851.003245,5823654.804152632,4692496.289366666,3988637.865635,3679667.671194737,3520238.9604555555,7822108.2825000025,7486448.465789475,7242356.683333334,-3.043666666666666,-3.4635087719298245,-3.271527777777777,-2.6625,-2.6973684210526314,-2.4672222222222224,109.71730516466295,101.71153559939575,97.58573389017178,-0.01980000000000004,0.010736842105263378,0.013444444444444592,29.092833700195627,26.729469226690696,25.161201867556798,-123877.781915,-161650.4719105263,-26238.86384444445,2354.4971657151473,2155.1220487868595,2119.698168889783,-0.3811666666666662,-0.7661403508771929,-0.8043055555555549,-0.05920552621885975,-0.017160847901521982,-0.021738794403940928,-0.01407363244529268,-0.00041688108235825305,0.0001819703672514411,0.01062705953234138,265033.85396823584,0.15048699999999995,-0.03738166666666667,-0.11310633333333342,0.18786866666666666,0.020667666666666668,0.25956099999999993,0.23889333333333332,-0.0483744444444445,0.03351479822627833,-0.008312033333333402,-0.109074,-0.05804933333333333,0.1671233333333334,-0.05102466666666666,0.029024666666666667,0.054537,0.02551233333333333,-0.020786111111111116,0.036002600536216435,-0.03353689999999993
2019,Belgium,BEL,124,11573.307749077492,25378.411616464226,111.65577563139644,108.59553232870832,19215628.9857,0.2496476602949594,176.11163201674478,30940.7033,15413068.992,16101894.657441787,9241871.09,23744065.14,-0.59,0.1933333,399.09358241761095,5.36,216.85580668844943,0.977,4738151.19243,5112489.32847,35.90875912408758,18715091.5065,10071219.0941,11370042.8544,7345048.6521,26783390.0,6.916266000377921,92.04332786402874,34.593624701758486,0.0,0.0,1.0,1.0,PEG,DEU,-0.03083333,0.2487999945878982,0.0714736133813858,0.0904631316661834,-0.003563,,,0.0398797988891601,0.0315938107669353,0.0303821768611669,0.2162999957799911,0.026720380410552,,,,0.0723374411463737,0.0324999988079071,0.106386661529541,0.1354644745588302,0.0434500649571418,0.366917,0.023549,0.609535,1.0,0.343368,-0.1521699999999999,0.2000569999999999,0.352227,0.0687213333333333,0.0927568615593118,0.1425886666666666,0.1690714629804016,0.0177119,0.0361376,0.16686,0.336047,0.175719,0.011044,0.65742,0.652909,-0.008859,0.325003,0.164675,-0.008357,-0.1691869999999999,0.2050239999999999,-0.333862,0.213381,0.0166153333333333,0.0484256666666666,0.004824916199619,0.0502721973394175,0.0460596999999999,-0.0286293,-0.0148061999999999,0.0410532,0,0,0,17570204.8046,16608219.2093,16833840.27,9397341.0646,9093500.9378,8600547.3598,22888859.26,21916667.67,21206685.43,0.795,0.7225,0.475833333333333,-0.62,-0.68,-0.58,383.78804560270265,373.1160859924452,360.0247396472082,0.999,1.02,1.05,173.93977485446487,170.0111483547502,166.31131041991074,-152484.822,125376.4092,95686.2428,25057.95737558562,24719.49220292041,24412.360983552782,0.7833333,1.415,1.4025,1.055833333333333,0.05792226024818622,0.03341288782816237,0.044358549604270194,0.028602250106347638,0.013692238088338438,0.06516069190043017,0.04456199029545486,0.052573675185115375,660573.930480001,611786.8554200017,6016129.4079142865,5306851.003245,5823654.804152632,4102542.8559761904,3988637.865635,3679667.671194737,8421818.525714286,7822108.2825000025,7486448.465789475,-2.826230158730158,-3.043666666666666,-3.4635087719298245,-2.4757142857142855,-2.6625,-2.6973684210526314,115.16463119565071,109.71730516466295,101.71153559939575,-0.0398571428571427,-0.01980000000000004,0.010736842105263378,31.63608716656765,29.092833700195627,26.729469226690696,-395840.0711190476,-123877.781915,-161650.4719105263,2580.843425727253,2354.4971657151473,2155.1220487868595,-0.3505158730158724,-0.3811666666666662,-0.7661403508771929,0.015079838042162536,-0.04020645317044585,-0.00977247570911046,-0.021130052809665335,0.0007152294951376405,-0.0002701127522896571,0.009893764240010941,119172.80405000149,-0.03250433333333333,0.15910366666666667,-0.12660099999999996,-0.19160799999999997,0.19648533333333332,-0.1829913333333332,-0.3794766666666667,-0.060835,-0.028689882026659334,0.0759200666666665,0.15048699999999995,-0.03738166666666667,-0.11310633333333342,0.18786866666666666,0.020667666666666668,0.25956099999999993,0.23889333333333332,-0.0483744444444445,0.03351479822627833,-0.008312033333333402
2020,Belgium,BEL,124,11639.983579335796,23645.52704500508,104.03256683280703,98.52443682857808,18200435.0623,0.2416106706845302,176.8650000767982,154905.216,13991490.916,14827911.009393454,10621495.67,25825603.980000004,-0.6,-0.1483333,415.9880749178873,5.55,211.703158903588,1.128,4401115.36192,5716514.78713,32.87417488387254,19197112.9716,10526333.8459,11849361.5462,7347751.4254,28599122.0,6.898774220198891,85.00254694290352,36.01486952493147,0.0,0.0,1.0,1.0,PEG,DEU,-0.06833334,-0.1031000018119812,0.073529228568077,0.0443721301853656,-0.004252,,,0.0423321723937988,0.0311970543116331,0.0299300495535135,-0.1203000023961067,0.0195521190762519,,,,0.0337039567530155,0.0172000005841255,0.0176464598625898,0.016395203769207,0.0200600642710924,0.366917,0.023549,0.609535,,0.343368,0.0,0.0,0.0,0.070104,0.0916787321301947,0.2198373333333333,0.1982695840675854,-0.0114654999999999,0.0407321999999999,0.366917,0.16686,0.023549,0.175719,0.609535,0.65742,0.343368,-0.008859,-0.1521699999999999,0.164675,0.2000569999999999,-0.1691869999999999,0.352227,-0.333862,0.0687213333333333,0.0166153333333333,0.0927568615593118,0.004824916199619,0.0177119,0.0460596999999999,0.0361376,-0.0148061999999999,0,0,0,18715091.5065,17570204.8046,16608219.2093,10071219.0941,9397341.0646,9093500.9378,23744065.14,22888859.26,21916667.67,0.1933333,0.795,0.7225,-0.59,-0.62,-0.68,399.09358241761095,383.78804560270265,373.1160859924452,0.977,0.999,1.02,176.11163201674478,173.93977485446487,170.0111483547502,30940.7033,-152484.822,125376.4092,25378.411616464226,25057.95737558562,24719.49220292041,0.4516667,0.7833333,1.415,1.4025,0.06516069190043014,0.07170943619770428,0.03736341205498762,0.03988018123616228,0.012788522068076768,0.025755763199586168,0.03656004148224109,0.043420213564988666,891156.7988800001,660573.930480001,6887555.682181817,6016129.4079142865,5306851.003245,4589941.66475,4102542.8559761904,3988637.865635,8894214.472727273,8421818.525714286,7822108.2825000025,-3.299431851515151,-2.826230158730158,-3.043666666666666,-2.333181818181818,-2.4757142857142855,-2.6625,125.23541204712035,115.16463119565071,109.71730516466295,-0.060045454545454624,-0.0398571428571427,-0.01980000000000004,32.369940366730845,31.63608716656765,29.092833700195627,-194421.81531363638,-395840.0711190476,-123877.781915,2783.986601800072,2580.843425727253,2354.4971657151473,-0.9662500333333328,-0.3505158730158724,-0.3811666666666662,0.021600182168589194,4.688207212541484e-06,-0.01630225727224492,-0.008845928688914248,-0.0002225450725115343,-0.00825855592788894,0.00024561440788368333,161687.626265264,0.155607,-0.045172333333333314,-0.11043366666666654,0.20077933333333334,-0.20427599999999987,0.18811133333333324,0.39238733333333337,0.021224222222222235,0.057633757933160466,0.02351163333333333,-0.03250433333333333,0.15910366666666667,-0.12660099999999996,-0.19160799999999997,0.19648533333333332,-0.1829913333333332,-0.3794766666666667,-0.060835,-0.028689882026659334,0.0759200666666665
2003,Canada,CAN,156,31889.0,23406.98027019085,96.18813354146516,91.8679,1254.747,0.2067345572743641,131.13252904132696,13.483534637309225,334.330694,381.654504,283.95,605.479,2.870083333333333,5.278333333333333,137.60115826055485,7.5738,138.45102173686368,0.7656183155768953,203.136,198.741,1.2924,808.0475,431.247,599.057,222.502,1499.510009765625,4.688697814941406,100.32903289794922,57.55320358276367,0.0,0.0,0.0,0.0,FLOAT,USA,0.0,,,,,,,,,,,,,,,,,,,,0.287351,0.216691,0.495958,14.0,0.07066,0.0615,-0.0412449999999999,-0.102746,0.1728636666666666,0.067127052976675,0.1705266666666667,0.0956814983229952,0.0209182,-0.048226,0.328596,0.320497,0.155191,0.247059,0.516213,0.432445,0.173406,0.073438,-0.091868,0.130718,0.008099,-0.06058,0.099968,-0.191298,0.1947913333333333,0.2103,0.0691805457215634,0.0891028034968597,-0.0066631,-0.0244210999999999,-0.0069897,0.0316375,0,0,0,775.79275,743.24425,708.4739999999999,405.953,372.854,350.241,570.306,540.224,510.32,5.661666666666667,5.7825,5.885833333333333,2.58575,3.76858333333333,5.489833333333333,124.95347148003496,115.92730545453658,113.7428495263996,0.8055399187270418,0.8265914473019219,0.8212687062792537,127.63283666010685,124.79300604441946,121.7400285915097,19.765396119036005,25.09591131608721,27.745335543210174,23155.136569813305,22686.64558523288,22487.70818622514,2.4082500000000002,3.075916666666667,2.01391666666667,0.3959999999999999,0.04379246795383885,0.0887720126376544,0.05568430873119297,0.07786056951904391,0.02065051806889308,0.04157650351849784,0.04309207988053935,0.006364747572780556,33.12689999999998,31.13867499999993,86.76944999999989,67.77618749999999,44.007916666666574,61.7826,35.85449999999997,17.655333333333317,84.67700000000002,68.24375000000003,51.1196666666666,-0.18799999999999972,-0.08395833333333425,0.025833333333331154,-1.807716666666665,-0.7811041666666694,1.2535277777777791,11.997828261459759,3.714577794951694,2.040162489086285,-0.08973535269675814,-0.08585478015234749,-0.12157002823335428,8.268565690188382,6.78591884312624,4.977255186955318,14.276170591832544,24.508357236104686,36.21037528430354,1692.815631690235,1530.4058088872625,1775.2912131726953,1.6197166666666651,0.6971458333333349,-1.2276944444444469,0.002219180639859486,0.0520861212465681,0.00791104047562663,0.06703223206465454,-0.011959349411849673,0.006136518423094456,-0.026073648830568334,8.313899999999922,-0.023232999999999948,-0.03960033333333332,0.06283299999999997,0.016368333333333346,-0.07635933333333338,0.003099000000000035,0.07945933333333334,-0.0567782777777778,0.021831099103408934,0.032424249999999905,-0.026332000000000022,0.036758999999999986,-0.010425999999999935,-0.06309100000000001,0.18237633333333333,-0.08166566666666666,-0.264042,-0.06190441666666663,0.06263003531805786,0.0293325
2004,Canada,CAN,156,32135.0,23952.908626048556,97.89425754775624,94.0405,1335.731,0.2161085425733518,133.54606598256956,27.96630554442056,354.85914,395.8971,311.74,644.388,2.2199166666666663,5.0808333333333335,152.7145508927851,7.1853,143.64054874978015,0.7260071608622163,212.09,201.667,1.2036,875.8405,462.098,653.533,239.215,1601.93603515625,4.429810523986816,101.31180572509766,56.32152938842773,0.0,0.0,0.0,0.0,FLOAT,USA,0.0,,,,,,,,,,,,,,,,,,,,0.296123,0.117818,0.586059,19.0,0.178305,-0.0988729999999999,0.008772,0.1076449999999999,0.2063136666666666,0.0468049050990741,0.1058346666666666,0.0585349736254602,-0.0326222999999999,0.0211855,0.287351,0.328596,0.216691,0.155191,0.495958,0.516213,0.07066,0.173406,0.0615,-0.091868,-0.0412449999999999,0.008099,-0.102746,0.099968,0.1728636666666666,0.1947913333333333,0.067127052976675,0.0691805457215634,0.0209182,-0.0066631,-0.048226,-0.0069897,0,0,0,808.0475,775.79275,743.24425,431.247,405.953,372.854,605.479,570.306,540.224,5.278333333333333,5.661666666666667,5.7825,2.870083333333333,2.58575,3.76858333333333,137.60115826055485,124.95347148003496,115.92730545453658,0.7656183155768953,0.8055399187270418,0.8265914473019219,131.13252904132696,127.63283666010685,124.79300604441946,13.483534637309225,19.765396119036005,25.09591131608721,23406.98027019085,23155.136569813305,22686.64558523288,2.860916666666667,2.4082500000000002,3.075916666666667,2.01391666666667,0.041576503518497766,0.06230770557182738,0.06167390839303812,0.10121917086986043,0.010876364283934516,0.08389729564165482,0.044815545663351664,0.0038538128956156813,43.00435000000005,33.12689999999998,104.56262500000003,86.76944999999989,67.77618749999999,76.77950000000004,61.7826,35.85449999999997,105.73716666666672,84.67700000000002,68.24375000000003,-0.5400000000000009,-0.18799999999999972,-0.08395833333333425,-1.2220972222222213,-1.807716666666665,-0.7811041666666694,22.64587699840301,11.997828261459759,3.714577794951694,-0.11470106373077815,-0.08973535269675814,-0.08585478015234749,10.390163789710428,8.268565690188382,6.78591884312624,5.61494734480034,14.276170591832544,24.508357236104686,1662.5233934527387,1692.815631690235,1530.4058088872625,0.6820972222222206,1.6197166666666651,0.6971458333333349,-0.0004406199234534905,0.015204589931427467,0.012318432042346457,0.07698438700254015,-0.0193416333144383,0.006325854600133157,-0.022066171300091125,7.530824999999993,-0.056039000000000005,0.04382733333333333,0.012211333333333296,-0.09986666666666669,0.08342766666666666,-0.0328059999999999,-0.116235,-0.04948622222222224,0.0019662780880804753,0.0491974666666666,-0.023232999999999948,-0.03960033333333332,0.06283299999999997,0.016368333333333346,-0.07635933333333338,0.003099000000000035,0.07945933333333334,-0.0567782777777778,0.021831099103408934,0.032424249999999905
2005,Canada,CAN,156,32386.0,24484.344653524106,100.0,96.8255,1421.59,0.2269256902383962,136.52501639021645,25.541092034565956,380.8583,436.3507,340.19,683.068,2.72608333333333,4.385833333333333,167.37794364729797,6.7581,150.20276075601186,0.7160815084671124,224.217,223.834,1.1645,949.87725,498.658,714.13,262.554,1590.238037109375,4.4347991943359375,101.01931762695312,56.533782958984375,0.0,0.0,0.0,0.0,FLOAT,USA,0.0,,,,,,,,,,,,,,,,,,,,0.245367,0.193949,0.560683,23.0,0.051418,0.076131,-0.050756,-0.126887,0.1632333333333333,0.0499247120806252,0.1407903333333333,0.0607840257825469,0.0017401,-0.0258319,0.296123,0.287351,0.117818,0.216691,0.586059,0.495958,0.178305,0.07066,-0.0988729999999999,0.0615,0.008772,-0.0412449999999999,0.1076449999999999,-0.102746,0.2063136666666666,0.1728636666666666,0.0468049050990741,0.067127052976675,-0.0326222999999999,0.0209182,0.0211855,-0.048226,0,0,0,875.8405,808.0475,775.79275,462.098,431.247,405.953,644.388,605.479,570.306,5.0808333333333335,5.278333333333333,5.661666666666667,2.2199166666666663,2.870083333333333,2.58575,152.7145508927851,137.60115826055485,124.95347148003496,0.7260071608622163,0.7656183155768953,0.8055399187270418,133.54606598256956,131.13252904132696,127.63283666010685,27.96630554442056,13.483534637309225,19.765396119036005,23952.908626048556,23406.98027019085,23155.136569813305,1.6597500000000034,2.860916666666667,2.4082500000000002,3.075916666666667,0.08389729564165474,0.07153904838758299,0.06426151856629213,0.10983477772485215,0.02332331422319163,0.08453222932714355,0.05642208903799717,0.023820009614396228,59.00464999999996,43.00435000000005,157.41810714285725,104.56262500000003,86.76944999999989,96.66199999999998,76.77950000000004,61.7826,129.54085714285713,105.73716666666672,84.67700000000002,-0.6603571428571433,-0.5400000000000009,-0.18799999999999972,-1.697678571428571,-1.2220972222222213,-1.807716666666665,34.52414434514712,22.64587699840301,11.997828261459759,-0.13792635219820315,-0.11470106373077815,-0.08973535269675814,11.31939161813726,10.390163789710428,8.268565690188382,19.295582916940198,5.61494734480034,14.276170591832544,1970.948407388627,1662.5233934527387,1692.815631690235,1.0373214285714278,0.6820972222222206,1.6197166666666651,0.0419536088536124,0.021901834425278488,0.012852970208542716,0.07276926269044184,-0.003671077822774805,0.01666722705475203,0.002313259678707647,15.525568750000069,-0.016024999999999956,-0.08849566666666664,0.10452033333333327,0.07247033333333332,-0.1323229999999999,0.040013999999999966,0.1723369999999999,0.013661999999999952,-0.02833189563262526,-0.02923363333333327,-0.056039000000000005,0.04382733333333333,0.012211333333333296,-0.09986666666666669,0.08342766666666666,-0.0328059999999999,-0.116235,-0.04948622222222224,0.0019662780880804753,0.0491974666666666
2006,Canada,CAN,156,32657.0,24967.16720744424,103.11869304898995,100.0,1496.604,0.2381104572393332,139.27933300534156,20.96402314252409,397.0439,440.3651,376.251,746.542,4.03416666666667,4.299166666666666,186.5004927987792,6.3203,156.72837542887015,0.7025527352704934,235.315,223.505,1.1653,1029.36625,536.492,771.67,299.357,1727.1639404296875,4.500441074371338,102.40001678466795,59.10261917114258,0.0,0.0,0.0,0.0,FLOAT,USA,0.0,,,,,,,,,,,,,,,,,,,,0.302182,0.196291,0.501528,19.0,0.105891,0.0023419999999999,0.056815,0.054473,0.1761526666666667,0.0517831984559985,0.1001276666666666,0.0683837351007776,0.0014930999999999,-0.0021193999999999,0.245367,0.296123,0.193949,0.117818,0.560683,0.586059,0.051418,0.178305,0.076131,-0.0988729999999999,-0.050756,0.008772,-0.126887,0.1076449999999999,0.1632333333333333,0.2063136666666666,0.0499247120806252,0.0468049050990741,0.0017401,-0.0326222999999999,-0.0258319,0.0211855,0,0,0,949.87725,875.8405,808.0475,498.658,462.098,431.247,683.068,644.388,605.479,4.385833333333333,5.0808333333333335,5.278333333333333,2.72608333333333,2.2199166666666663,2.870083333333333,167.37794364729797,152.7145508927851,137.60115826055485,0.7160815084671124,0.7260071608622163,0.7656183155768953,136.52501639021645,133.54606598256956,131.13252904132696,25.541092034565956,27.96630554442056,13.483534637309225,24484.344653524106,23952.908626048556,23406.98027019085,0.2649999999999961,1.6597500000000034,2.860916666666667,2.4082500000000002,0.08453222932714345,0.07911741665187905,0.06002594710019421,0.09601830780884438,0.022186701238346374,0.08368344436083719,0.0700020094957654,0.024619257254108975,73.79929999999993,59.00464999999996,211.77759375000005,157.41810714285725,104.56262500000003,121.13925,96.66199999999998,76.77950000000004,152.02824999999996,129.54085714285713,105.73716666666672,-1.2728125000000006,-0.6603571428571433,-0.5400000000000009,-0.9793020833333359,-1.697678571428571,-1.2220972222222213,44.87201905651659,34.52414434514712,22.64587699840301,-0.13061121056853175,-0.13792635219820315,-0.11470106373077815,12.883418073516992,11.31939161813726,10.390163789710428,14.45842154246807,19.295582916940198,5.61494734480034,2256.0158839405995,1970.948407388627,1662.5233934527387,-0.29351041666666466,1.0373214285714278,0.6820972222222206,0.03659516984572791,0.026351369200249053,0.006781260141224418,0.04855718381865667,-0.004283251118652232,0.027469276336728264,0.0027269640386357874,28.420754999999968,-0.058656333333333366,0.03071566666666667,0.027939666666666696,-0.08937233333333333,0.11921133333333331,-0.04263133333333337,-0.16184266666666663,-0.028089555555555507,-0.011112789185145626,0.007862499999999967,-0.016024999999999956,-0.08849566666666664,0.10452033333333327,0.07247033333333332,-0.1323229999999999,0.040013999999999966,0.1723369999999999,0.013661999999999952,-0.02833189563262526,-0.02923363333333327
2007,Canada,CAN,156,32386.0,25300.08385970836,109.1364869158222,102.452,1577.661,0.239064142664046,142.24679645768902,10.919305198826509,407.3009,450.3208,402.643,797.896,4.15166666666667,4.335,207.06475351501263,6.0361,163.78329705785745,0.6651826078770181,249.091,234.368,0.9881,1141.7925,586.254,844.511,350.722,2005.6319580078125,4.249608516693115,102.66705322265624,58.14248275756836,0.0,0.0,0.0,0.0,FLOAT,USA,0.0,,,,,,,,,,,,,,,,,,,,0.265564,0.207499,0.526937,25.0,0.058065,0.0112079999999999,-0.0366179999999999,-0.047826,0.1693526666666666,0.0446456900756761,0.1118713333333333,0.0636545440823616,0.0271385,-0.0306247,0.302182,0.245367,0.196291,0.193949,0.501528,0.560683,0.105891,0.051418,0.0023419999999999,0.076131,0.056815,-0.050756,0.054473,-0.126887,0.1761526666666667,0.1632333333333333,0.0517831984559985,0.0499247120806252,0.0014930999999999,0.0017401,-0.0021193999999999,-0.0258319,0,0,0,1029.36625,949.87725,875.8405,536.492,498.658,462.098,746.542,683.068,644.388,4.299166666666666,4.385833333333333,5.0808333333333335,4.03416666666667,2.72608333333333,2.2199166666666663,186.5004927987792,167.37794364729797,152.7145508927851,0.7025527352704934,0.7160815084671124,0.7260071608622163,139.27933300534156,136.52501639021645,133.54606598256956,20.96402314252409,25.541092034565956,27.96630554442056,24967.16720744424,24484.344653524106,23952.908626048556,0.18333333333333002,0.2649999999999961,1.6597500000000034,2.860916666666667,0.08368344436083719,0.0758716394803652,0.0929248625319881,0.11424772425079273,0.01971964374593297,0.10921890046424187,0.08403765644321186,0.0004414576375113548,87.73450000000012,73.79929999999993,267.73575000000005,211.77759375000005,157.41810714285725,145.51333333333332,121.13925,96.66199999999998,198.6102222222222,152.02824999999996,129.54085714285713,-1.218055555555556,-1.2728125000000006,-0.6603571428571433,0.4375925925925972,-0.9793020833333359,-1.697678571428571,59.008788312829296,44.87201905651659,34.52414434514712,-0.12962762703531383,-0.13061121056853175,-0.13792635219820315,14.206243791584654,12.883418073516992,11.31939161813726,8.274861367929752,14.45842154246807,19.295582916940198,2488.1700063117787,2256.0158839405995,1970.948407388627,-1.6556481481481535,-0.29351041666666466,1.0373214285714278,0.031171988648705656,0.01981167087870407,0.03883251805536525,0.06071695228327294,-0.006214902221234105,0.03758074095035639,-0.02184040186919552,38.47861249999994,0.025901666666666656,0.020138333333333286,-0.04603866666666667,0.005763333333333329,-0.010577333333333466,0.08455799999999997,0.0951356666666667,-0.004650888888888788,-0.0028356915961262608,0.0048144333333331995,-0.058656333333333366,0.03071566666666667,0.027939666666666696,-0.08937233333333333,0.11921133333333331,-0.04263133333333337,-0.16184266666666663,-0.028089555555555507,-0.011112789185145626,0.007862499999999967
2008,Canada,CAN,156,33213.0,25262.071135439157,109.04885594353688,104.445,1657.041,0.2412088837856558,145.63927725611464,3.891711378718545,443.592,483.4881,451.954,908.547,2.39,4.04,223.04684156335824,6.1371,169.07086445810046,0.7111408254117143,244.023,244.447,1.2246,1242.41575,620.283,917.525,386.518,2255.326904296875,4.455684661865234,98.58535766601562,63.104957580566406,0.0,0.0,0.0,0.0,FLOAT,USA,0.0,,,,,,,,,,,,,,,,,,,,0.218354,0.298698,0.482947,18.0,-0.080344,0.091199,-0.04721,-0.138409,0.1992463333333333,0.0072423146392112,0.0717913333333333,0.0297176059320619,0.0325455,-0.0443111999999999,0.265564,0.302182,0.207499,0.196291,0.526937,0.501528,0.058065,0.105891,0.0112079999999999,0.0023419999999999,-0.0366179999999999,0.056815,-0.047826,0.054473,0.1693526666666666,0.1761526666666667,0.0446456900756761,0.0517831984559985,0.0271385,0.0014930999999999,-0.0306247,-0.0021193999999999,0,0,0,1141.7925,1029.36625,949.87725,586.254,536.492,498.658,797.896,746.542,683.068,4.335,4.299166666666666,4.385833333333333,4.15166666666667,4.03416666666667,2.72608333333333,207.06475351501263,186.5004927987792,167.37794364729797,0.6651826078770181,0.7025527352704934,0.7160815084671124,142.24679645768902,139.27933300534156,136.52501639021645,10.919305198826509,20.96402314252409,25.541092034565956,25300.08385970836,24967.16720744424,24484.344653524106,1.65,0.18333333333333002,0.2649999999999961,1.6597500000000034,0.10921890046424193,0.09275441199495997,0.06878916390504476,0.11026384117076202,0.013334178022601537,0.08812743996829542,0.0924781913840742,0.01450408957362933,99.0041749999999,87.73450000000012,353.388425,267.73575000000005,211.77759375000005,180.724,145.51333333333332,121.13925,230.10320000000002,198.6102222222222,152.02824999999996,-1.0604166666666677,-1.218055555555556,-1.2728125000000006,0.511333333333337,0.4375925925925972,-0.9793020833333359,73.67217019777982,59.008788312829296,44.87201905651659,-0.1540349917252577,-0.12962762703531383,-0.13061121056853175,15.753082864773631,14.206243791584654,12.883418073516992,-2.597342712560806,8.274861367929752,14.45842154246807,2572.269657944722,2488.1700063117787,2256.0158839405995,-1.5717500000000044,-1.6556481481481535,-0.29351041666666466,0.05324389045780977,0.03449314662899839,0.010382095200048,0.04998674117176745,-0.011909823253317305,0.04132368327242419,-0.005047719699428105,46.916867857143,-0.015659999999999952,0.03814633333333331,-0.022486333333333386,-0.053806333333333324,0.0180079999999999,-0.041561666666666566,-0.059569666666666625,-0.012547222222222265,-0.004858581802889832,0.03693486666666666,0.025901666666666656,0.020138333333333286,-0.04603866666666667,0.005763333333333329,-0.010577333333333466,0.08455799999999997,0.0951356666666667,-0.004650888888888788,-0.0028356915961262608,0.0048144333333331995
2009,Canada,CAN,156,33595.16108918943,24361.021416833475,104.65372922314867,103.609,1571.334,0.2279942657772948,146.0757815574922,-42.67539127723346,373.9842,367.2108,506.972,992.156,0.35,3.89083333333333,217.6226310808068,8.344,170.83704680570247,0.8330140583458961,229.536,259.125,1.0466,1268.50225,613.882,956.081,341.214,2181.93310546875,5.525597095489502,97.08304595947266,56.99478149414063,0.0,0.0,0.0,0.0,FLOAT,USA,0.0,,,,,,,,,,,,,,,,,,,,0.295136,0.278736,0.426128,18.0,0.016399,-0.019962,0.076782,0.096743,0.2341626666666666,0.0561694912949489,0.0278706666666666,0.0967193989349257,0.0338534,-0.0406885,0.218354,0.265564,0.298698,0.207499,0.482947,0.526937,-0.080344,0.058065,0.091199,0.0112079999999999,-0.04721,-0.0366179999999999,-0.138409,-0.047826,0.1992463333333333,0.1693526666666666,0.0072423146392112,0.0446456900756761,0.0325455,0.0271385,-0.0443111999999999,-0.0306247,0,0,0,1242.41575,1141.7925,1029.36625,620.283,586.254,536.492,908.547,797.896,746.542,4.04,4.335,4.299166666666666,2.39,4.15166666666667,4.03416666666667,223.04684156335824,207.06475351501263,186.5004927987792,0.7111408254117143,0.6651826078770181,0.7025527352704934,145.63927725611464,142.24679645768902,139.27933300534156,3.891711378718545,10.919305198826509,20.96402314252409,25262.071135439157,25300.08385970836,24967.16720744424,3.54083333333333,1.65,0.18333333333333002,0.2649999999999961,0.08812743996829535,0.0580448065173116,0.13867847438763958,0.07718401020474439,-0.0015024742400059972,0.020996594738919017,0.09367659493112483,0.01364220364176358,81.80312499999995,99.0041749999999,421.8854545454544,353.388425,267.73575000000005,198.32354545454547,180.724,145.51333333333332,319.83572727272724,230.10320000000002,198.6102222222222,-1.2590151515151522,-1.0604166666666677,-1.218055555555556,-1.296818181818181,0.511333333333337,0.4375925925925972,82.95678822814546,73.67217019777982,59.008788312829296,-0.09407359312462893,-0.1540349917252577,-0.12962762703531383,17.713465220947114,15.753082864773631,14.206243791584654,-9.388814467890514,-2.597342712560806,8.274861367929752,2300.414237498724,2572.269657944722,2488.1700063117787,0.03780303030302945,-1.5717500000000044,-1.6556481481481535,0.026828040916082214,-0.0036657735115498136,0.07923319616263802,0.011908236088573068,-0.02555549319059311,0.03793056645587213,-0.005348747886912952,52.321934374999906,-0.052683666666666684,0.09945166666666669,-0.04676900000000006,-0.15213533333333334,0.061305333333333406,-0.0370236666666667,-0.098329,0.029666777777777792,-0.041542218898222065,0.02242160000000003,-0.015659999999999952,0.03814633333333331,-0.022486333333333386,-0.053806333333333324,0.0180079999999999,-0.041561666666666566,-0.059569666666666625,-0.012547222222222265,-0.004858581802889832,0.03693486666666666
2010,Canada,CAN,156,33972.320069881614,24941.23562562982,106.6940878262535,107.4850637390628,1666.048,0.2392678519669694,148.66034649985934,-58.2150168438426,413.67,403.9667,550.28,1046.533,0.5975,3.6575,234.28069720633232,8.0555,173.6257269412,0.8395317516594774,233.171,279.771,1.0009,1357.42,672.994,1047.18,339.554,2286.674072265625,5.560049533843994,97.25648498535156,57.79903030395508,0.0,0.0,0.0,0.0,FLOAT,USA,0.0,,,,,,,,,,,,,,,,,,,,0.295318,0.276357,0.428325,13.0,0.018961,-0.0023789999999999,0.000182,0.0025619999999999,0.2616443333333333,0.0479417167228432,-0.0019599999999999,0.0710074114511998,0.0186612,-0.0020569,0.295136,0.218354,0.278736,0.298698,0.426128,0.482947,0.016399,-0.080344,-0.019962,0.091199,0.076782,-0.04721,0.096743,-0.138409,0.2341626666666666,0.1992463333333333,0.0561694912949489,0.0072423146392112,0.0338534,0.0325455,-0.0406885,-0.0443111999999999,0,0,0,1268.50225,1242.41575,1141.7925,613.882,620.283,586.254,992.156,908.547,797.896,3.89083333333333,4.04,4.335,0.35,2.39,4.15166666666667,217.6226310808068,223.04684156335824,207.06475351501263,0.8330140583458961,0.7111408254117143,0.6651826078770181,146.0757815574922,145.63927725611464,142.24679645768902,-42.67539127723346,3.891711378718545,10.919305198826509,24361.021416833475,25262.071135439157,25300.08385970836,3.06,3.54083333333333,1.65,0.18333333333333002,0.02099659473891901,-0.010319483203634579,0.09202495853269002,-0.0243187056339045,-0.035668085715332934,0.07009664350220901,0.07278097839048543,0.046069829814016916,67.29690000000001,81.80312499999995,412.81483333333335,421.8854545454544,353.388425,175.39558333333332,198.32354545454547,180.724,376.79175,319.83572727272724,230.10320000000002,-1.303263888888893,-1.2590151515151522,-1.0604166666666677,-3.2287499999999993,-1.296818181818181,0.511333333333337,70.6195120599152,82.95678822814546,73.67217019777982,0.035639105903271906,-0.09407359312462893,-0.1540349917252577,16.67384742057908,17.713465220947114,15.753082864773631,-55.173515918184975,-9.388814467890514,-2.597342712560806,1207.663332434815,2300.414237498724,2572.269657944722,1.9254861111111072,0.03780303030302945,-1.5717500000000044,-0.04274171712384706,-0.07169681109508237,0.025376662474721368,-0.09067704666721882,-0.05739787801222976,0.013241893269645512,0.02761375307403168,29.30733611111107,0.03310266666666667,0.044573333333333326,-0.07767600000000002,-0.011471666666666672,-0.054878333333333265,0.08578633333333331,0.1406636666666667,0.052578777777777724,0.021612423571320302,0.013461033333333365,-0.052683666666666684,0.09945166666666669,-0.04676900000000006,-0.15213533333333334,0.061305333333333406,-0.0370236666666667,-0.098329,0.029666777777777792,-0.041542218898222065,0.02242160000000003
2011,Canada,CAN,156,34312.4634476942,25470.997020197392,108.97980486621168,108.86268915700984,1774.063,0.2397407327673984,152.95774411020514,-50.79167555140203,456.0449,456.6125,596.155,1113.83,0.921666666666667,3.21416666666667,249.7846603846032,7.5111,179.0196810455487,0.8177793009605633,249.029,275.572,1.021,1487.8113503423904,754.1424,1179.1994,377.019,2446.529052734375,4.91893482208252,120.79976654052734,62.23024368286133,0.0,0.0,0.0,0.0,FLOAT,USA,0.0,,,,,,,,,,,,,,,,,,,,0.307815,0.2367,0.455485,22.0,0.071115,-0.039657,0.0124969999999999,0.052154,0.284597,0.0122696194317516,-0.0149946666666666,0.0566086785425461,-0.0188372999999999,0.0456939,0.295318,0.295136,0.276357,0.278736,0.428325,0.426128,0.018961,0.016399,-0.0023789999999999,-0.019962,0.000182,0.076782,0.0025619999999999,0.096743,0.2616443333333333,0.2341626666666666,0.0479417167228432,0.0561694912949489,0.0186612,0.0338534,-0.0020569,-0.0406885,0,0,0,1357.42,1268.50225,1242.41575,672.994,613.882,620.283,1046.533,992.156,908.547,3.6575,3.89083333333333,4.04,0.5975,0.35,2.39,234.28069720633232,217.6226310808068,223.04684156335824,0.8395317516594774,0.8330140583458961,0.7111408254117143,148.66034649985934,146.0757815574922,145.63927725611464,-58.2150168438426,-42.67539127723346,3.891711378718545,24941.23562562982,24361.021416833475,25262.071135439157,2.292500000000003,3.06,3.54083333333333,1.65,0.07009664350220905,0.09629212128715305,0.05480690536568841,0.07654565172194851,0.023817318611912375,0.09605822099452666,0.05974022606980781,0.03474304436614945,82.5104551027171,67.29690000000001,469.9775961538463,412.81483333333335,421.8854545454544,221.0156153846154,175.39558333333332,198.32354545454547,402.1847692307691,376.79175,319.83572727272724,-1.4363461538461535,-1.303263888888893,-1.2590151515151522,-2.7328846153846147,-3.2287499999999993,-1.296818181818181,81.84530802698572,70.6195120599152,82.95678822814546,0.03941532953198601,0.035639105903271906,-0.09407359312462893,17.975808715209382,16.67384742057908,17.713465220947114,-66.46902487570296,-55.173515918184975,-9.388814467890514,1694.9803618130973,1207.663332434815,2300.414237498724,1.2965384615384612,1.9254861111111072,0.03780303030302945,0.00992014139976357,0.04088952765362878,-0.013956112565173692,0.017743731244235762,0.006870682816034694,-0.0010026675300907825,0.013776626437615878,11.870377500000018,0.03563333333333335,0.014712666666666707,-0.05034566666666668,0.020920999999999995,-0.029860666666666535,0.002530666666666633,0.032392666666666584,0.06072377777777785,0.011922551386231134,-0.012517933333333332,0.03310266666666667,0.044573333333333326,-0.07767600000000002,-0.011471666666666672,-0.054878333333333265,0.08578633333333331,0.1406636666666667,0.052578777777777724,0.021612423571320302,0.013461033333333365
2012,Canada,CAN,156,34679.6182113919,25645.574336158857,109.7026112490434,109.72873121111722,1827.201,0.2416758362676056,155.2972540061849,-64.27243689260132,474.8003,461.5112,645.79,1175.022,0.9725,2.33166666666667,259.2317230348579,7.2918,184.12263274081053,0.8540521814513018,255.67,275.829,0.9952,1590.9324896293133,856.6814671257857,1293.6384671257856,427.699,2555.39306640625,5.269389152526856,122.5848388671875,62.63121032714844,0.0,0.0,0.0,0.0,FLOAT,USA,0.0,,,,,,,,,,,,,,,,,,,,0.276815,0.244625,0.47856,22.0,0.03219,0.007925,-0.031,-0.0389249999999999,0.2639309999999999,0.0236127175691408,0.0354916666666666,0.0308772953694672,-0.0141989999999999,0.0099527,0.307815,0.295318,0.2367,0.276357,0.455485,0.428325,0.071115,0.018961,-0.039657,-0.0023789999999999,0.0124969999999999,0.000182,0.052154,0.0025619999999999,0.284597,0.2616443333333333,0.0122696194317516,0.0479417167228432,-0.0188372999999999,0.0186612,0.0456939,-0.0020569,0,0,0,1487.8113503423904,1357.42,1268.50225,754.1424,672.994,613.882,1113.83,1046.533,992.156,3.21416666666667,3.6575,3.89083333333333,0.921666666666667,0.5975,0.35,249.7846603846032,234.28069720633232,217.6226310808068,0.8177793009605633,0.8395317516594774,0.8330140583458961,152.95774411020514,148.66034649985934,146.0757815574922,-50.79167555140203,-58.2150168438426,-42.67539127723346,25470.997020197392,24941.23562562982,24361.021416833475,1.35916666666667,2.292500000000003,3.06,3.54083333333333,0.0960582209945266,0.12057819237615777,0.06430470897716559,0.06617686972570537,0.021240382895191683,0.06931062816747002,0.06238381974521823,0.038120567568753906,109.768206923033,82.5104551027171,566.7991181995333,469.9775961538463,412.81483333333335,286.3771857142857,221.0156153846154,175.39558333333332,440.75428571428563,402.1847692307691,376.79175,-1.77708333333333,-1.4363461538461535,-1.303263888888893,-2.2135119047619045,-2.7328846153846147,-3.2287499999999993,91.5031777747576,81.84530802698572,70.6195120599152,0.014847498152215755,0.03941532953198601,0.035639105903271906,20.989219988754513,17.975808715209382,16.67384742057908,-54.29789609214075,-66.46902487570296,-55.173515918184975,2103.6717305368766,1694.9803618130973,1207.663332434815,0.4364285714285743,1.2965384615384612,1.9254861111111072,0.03511863109209931,0.06203025046158513,-0.0033847618332985413,0.006010046844589875,0.0037652330365421025,0.001724481772827191,0.016006097437085677,26.00480737544438,0.03821233333333335,-0.047896999999999995,0.009684999999999944,0.08610966666666667,-0.0626096666666667,0.0025789999999999026,0.06518866666666671,0.0529125555555556,-0.024848221453916165,-0.04719066666666657,0.03563333333333335,0.014712666666666707,-0.05034566666666668,0.020920999999999995,-0.029860666666666535,0.002530666666666633,0.032392666666666584,0.06072377777777785,0.011922551386231134,-0.012517933333333332
2013,Canada,CAN,156,35048.773818488495,25966.337119654458,111.07785834589582,111.42851003060684,1902.247,0.2374007704258624,156.7331234186111,-61.82916868517761,487.3701,479.2247,705.3,1256.092,0.969166666666666,2.71833333333333,265.90138582645125,7.0736,188.8862348384916,0.8612908838862671,265.095,276.764,1.064,1678.8342132399878,870.9131955185967,1321.7301955185967,461.635,2613.2099609375,5.441660404205322,120.9320831298828,61.29339599609375,0.0,0.0,0.0,0.0,FLOAT,USA,0.0,,,,,,,,,,,,,,,,,,,,0.333926,0.210465,0.455608,22.0,0.123461,-0.0341599999999999,0.057111,0.0912709999999999,0.2525606666666666,0.0209857217253384,0.0407553333333333,0.0271115036531234,-0.0189750999999999,0.0274574999999999,0.276815,0.307815,0.244625,0.2367,0.47856,0.455485,0.03219,0.071115,0.007925,-0.039657,-0.031,0.0124969999999999,-0.0389249999999999,0.052154,0.2639309999999999,0.284597,0.0236127175691408,0.0122696194317516,-0.0141989999999999,-0.0188372999999999,0.0099527,0.0456939,0,0,0,1590.9324896293133,1487.8113503423904,1357.42,856.6814671257857,754.1424,672.994,1175.022,1113.83,1046.533,2.33166666666667,3.21416666666667,3.6575,0.9725,0.921666666666667,0.5975,259.2317230348579,249.7846603846032,234.28069720633232,0.8540521814513018,0.8177793009605633,0.8395317516594774,155.2972540061849,152.95774411020514,148.66034649985934,-64.27243689260132,-50.79167555140203,-58.2150168438426,25645.574336158857,25470.997020197392,24941.23562562982,1.7491666666666643,1.35916666666667,2.292500000000003,3.06,0.06931062816747005,0.135967778931122,0.0549383658188413,0.0378208278911471,0.006853964759331301,0.05525169935473229,0.07848849755473523,0.015220901462780647,106.73637790068862,109.768206923033,632.1336496064873,566.7991181995333,469.9775961538463,369.82444045911905,286.3771857142857,221.0156153846154,472.5626666666666,440.75428571428563,402.1847692307691,-2.541111111111108,-1.77708333333333,-1.4363461538461535,-2.015111111111111,-2.2135119047619045,-2.7328846153846147,94.85002857336181,91.5031777747576,81.84530802698572,0.050130545432806595,0.014847498152215755,0.03941532953198601,21.929448552150603,20.989219988754513,17.975808715209382,-64.15879769386399,-54.29789609214075,-66.46902487570296,2138.00426446255,2103.6717305368766,1694.9803618130973,-0.5259999999999971,0.4364285714285743,1.2965384615384612,0.005862564615607094,0.07298910484072185,-0.01250933628924436,-0.02277528405029624,-0.010890130316214146,0.017696507138280568,-0.008124806933278788,51.09549191447326,-0.022608000000000072,-0.019305999999999962,0.04191399999999995,-0.003301666666666668,0.028590999999999964,-0.060820333333333296,-0.08941133333333318,0.0037963333333332905,-0.015180891580707099,-0.0254247666666666,0.03821233333333335,-0.047896999999999995,0.009684999999999944,0.08610966666666667,-0.0626096666666667,0.0025789999999999026,0.06518866666666671,0.0529125555555556,-0.024848221453916165,-0.04719066666666657
2014,Canada,CAN,156,35406.924786891155,26441.103335942946,113.12283072232152,113.15796819788038,1994.898,0.2365918946681307,159.74270570705642,-48.56955975217181,524.6607,529.3336,753.656,1315.913,0.910833333333333,2.59833333333333,280.06705343984714,6.9141,194.88694332601776,0.8557941308277416,278.597,270.957,1.1599,1776.1965043222615,891.5427164089059,1352.7447164089058,518.101,2851.499267578125,5.378974437713623,122.19088745117188,63.46890640258789,0.0,0.0,0.0,0.0,FLOAT,USA,0.0,,,,,,,,,,,,,,,,,,,,0.292523,0.2029,0.504577,17.0,0.089622,-0.007565,-0.041403,-0.033839,0.2305966666666666,0.0178791612871895,0.0755886666666666,0.0457996629936654,-0.013556,0.0146792,0.333926,0.276815,0.210465,0.244625,0.455608,0.47856,0.123461,0.03219,-0.0341599999999999,0.007925,0.057111,-0.031,0.0912709999999999,-0.0389249999999999,0.2525606666666666,0.2639309999999999,0.0209857217253384,0.0236127175691408,-0.0189750999999999,-0.0141989999999999,0.0274574999999999,0.0099527,0,0,0,1678.8342132399878,1590.9324896293133,1487.8113503423904,870.9131955185967,856.6814671257857,754.1424,1256.092,1175.022,1113.83,2.71833333333333,2.33166666666667,3.21416666666667,0.969166666666666,0.9725,0.921666666666667,265.90138582645125,259.2317230348579,249.7846603846032,0.8612908838862671,0.8540521814513018,0.8177793009605633,156.7331234186111,155.2972540061849,152.95774411020514,-61.82916868517761,-64.27243689260132,-50.79167555140203,25966.337119654458,25645.574336158857,25470.997020197392,1.687499999999997,1.7491666666666643,1.35916666666667,2.292500000000003,0.05525169935473224,0.016612625507773864,0.06899445286981876,0.025728574857701712,0.012507529731683262,0.0579939879199709,0.07354018283890966,0.0207294452801751,95.30571855502896,106.73637790068862,680.5270201167563,632.1336496064873,566.7991181995333,360.9421413232351,369.82444045911905,286.3771857142857,524.0975000000001,472.5626666666666,440.75428571428563,-1.995625000000004,-2.541111111111108,-1.77708333333333,-1.8925000000000005,-2.015111111111111,-2.2135119047619045,95.59156457912005,94.85002857336181,91.5031777747576,0.0542360887782215,0.050130545432806595,0.014847498152215755,21.9947274300674,21.929448552150603,20.989219988754513,-57.70560463057379,-64.15879769386399,-54.29789609214075,2325.14178142924,2138.00426446255,2103.6717305368766,-0.10312500000000302,-0.5259999999999971,0.4364285714285743,-0.008587201838171195,-0.051231988905341065,0.002380706514349379,-0.033349184813721885,-0.004510556656114575,0.0114841561982921,-0.0020359197635072754,44.1332404371694,0.040610000000000035,-0.04209566666666664,0.0014846666666666342,0.08270566666666666,-0.022789666666666597,0.06321800000000004,0.08600733333333324,-0.017496777777777806,-0.006955629515906798,-0.014183399999999964,-0.022608000000000072,-0.019305999999999962,0.04191399999999995,-0.003301666666666668,0.028590999999999964,-0.060820333333333296,-0.08941133333333318,0.0037963333333332905,-0.015180891580707099,-0.0254247666666666
2015,Canada,CAN,156,35693.045392933505,26402.305924722383,113.02182810850596,114.92348445951302,1990.441,0.2347896154911489,161.52956542029793,-75.69859974871379,548.7067,524.0461,815.904,1395.35,0.503333333333333,2.02333333333334,295.11807527908024,6.9065,198.4344404216822,0.911923036151285,290.921,282.998,1.384,1906.6763456596773,979.547838782566,1444.062838782566,592.729,3120.621337890625,5.522345066070557,121.47589874267578,65.48077392578125,0.0,0.0,0.0,0.0,FLOAT,USA,0.0,,,,,,,,,,,,,,,,,,,,0.29087,0.242822,0.466308,17.0,0.048048,0.039922,-0.0016529999999999,-0.0415739999999999,0.21933,0.0222302738399688,0.0817576666666666,0.0461409217976118,-0.0012974,0.0013735,0.292523,0.333926,0.2029,0.210465,0.504577,0.455608,0.089622,0.123461,-0.007565,-0.0341599999999999,-0.041403,0.057111,-0.033839,0.0912709999999999,0.2305966666666666,0.2525606666666666,0.0178791612871895,0.0209857217253384,-0.013556,-0.0189750999999999,0.0146792,0.0274574999999999,0,0,0,1776.1965043222615,1678.8342132399878,1590.9324896293133,891.5427164089059,870.9131955185967,856.6814671257857,1315.913,1256.092,1175.022,2.59833333333333,2.71833333333333,2.33166666666667,0.910833333333333,0.969166666666666,0.9725,280.06705343984714,265.90138582645125,259.2317230348579,0.8557941308277416,0.8612908838862671,0.8540521814513018,159.74270570705642,156.7331234186111,155.2972540061849,-48.56955975217181,-61.82916868517761,-64.27243689260132,26441.103335942946,25966.337119654458,25645.574336158857,1.5200000000000071,1.687499999999997,1.7491666666666643,1.35916666666667,0.05799398791997091,0.023687229676230926,0.047624696280208705,0.05327413984461727,0.018283911746995216,0.07346025117147881,0.06085210514739107,0.007452516045246978,104.45938591733662,95.30571855502896,737.8583100156914,680.5270201167563,632.1336496064873,360.3397715474716,360.9421413232351,369.82444045911905,553.0892352941177,524.0975000000001,472.5626666666666,-1.9982352941176504,-1.995625000000004,-2.541111111111108,-1.8395098039215685,-1.8925000000000005,-2.015111111111111,104.13419898197947,95.59156457912005,94.85002857336181,0.045548977556271186,0.0542360887782215,0.050130545432806595,23.710502222626417,21.9947274300674,21.929448552150603,-41.051548366357764,-57.70560463057379,-64.15879769386399,2663.134951751301,2325.14178142924,2138.00426446255,-0.15872549019608195,-0.10312500000000302,-0.5259999999999971,-0.005308213158046825,-0.040955385430300195,-0.019137844232407504,-0.0037192957759487125,0.0015477351502045412,-0.0019695319064459635,-0.01517712101420158,29.550206774569062,-0.013662333333333387,-0.027696666666666675,0.04135933333333336,0.014033333333333328,0.014398999999999967,-0.0542723333333333,-0.06867233333333332,-0.03643288888888893,-0.0010768582882207667,0.0037811333333332368,0.040610000000000035,-0.04209566666666664,0.0014846666666666342,0.08270566666666666,-0.022789666666666597,0.06321800000000004,0.08600733333333324,-0.017496777777777806,-0.006955629515906798,-0.014183399999999964
2016,Canada,CAN,156,36067.20310852736,26389.803801027017,112.86829627720049,116.02036606418667,2025.535,0.23208922,163.84865406241207,-63.45946652873121,547.341,522.3009000000001,895.146,1515.7,0.5,1.80416666666667,324.3347647317092,6.9989,196.5003819650646,0.9173260397870192,296.241,298.754,1.3427,1998.8838913165337,1059.1155307381998,1527.8745307381998,623.88,3203.765869140625,5.717219829559326,117.0716323852539,63.93707275390625,0.0,0.0,0.0,0.0,FLOAT,USA,0.0,,,,,,,,,,,,,,,,,,,,0.240833,0.282778,0.476389,24.0,-0.041946,0.0399559999999999,-0.050037,-0.0899939999999999,0.218729,0.0212052303217862,0.0870436666666666,0.0377725561000752,0.0256860999999999,-0.0537795,0.29087,0.292523,0.242822,0.2029,0.466308,0.504577,0.048048,0.089622,0.039922,-0.007565,-0.0016529999999999,-0.041403,-0.0415739999999999,-0.033839,0.21933,0.2305966666666666,0.0222302738399688,0.0178791612871895,-0.0012974,-0.013556,0.0013735,0.0146792,0,0,0,1906.6763456596773,1776.1965043222615,1678.8342132399878,979.547838782566,891.5427164089059,870.9131955185967,1395.35,1315.913,1256.092,2.02333333333334,2.59833333333333,2.71833333333333,0.503333333333333,0.910833333333333,0.969166666666666,295.11807527908024,280.06705343984714,265.90138582645125,0.911923036151285,0.8557941308277416,0.8612908838862671,161.52956542029793,159.74270570705642,156.7331234186111,-75.69859974871379,-48.56955975217181,-61.82916868517761,26402.305924722383,26441.103335942946,25966.337119654458,1.30416666666667,1.5200000000000071,1.687499999999997,1.7491666666666643,0.07346025117147871,0.09871105529092404,0.0603664527974113,0.05374077976817706,-0.0014673143827482922,0.048360355372717434,0.062235312815393996,0.009817304490907237,109.06288755670556,104.45938591733662,827.3460230189021,737.8583100156914,680.5270201167563,428.3260177240501,360.3397715474716,360.9421413232351,601.7990555555555,553.0892352941177,524.0975000000001,-2.462222222222215,-1.9982352941176504,-1.995625000000004,-2.144814814814815,-1.8395098039215685,-1.8925000000000005,113.39998754443593,104.13419898197947,95.59156457912005,0.09914738412668844,0.045548977556271186,0.0542360887782215,24.180111812388674,23.710502222626417,21.9947274300674,-65.89994678699098,-41.051548366357764,-57.70560463057379,2476.385598766781,2663.134951751301,2325.14178142924,-0.3174074074074005,-0.15872549019608195,-0.10312500000000302,0.010470297926287259,0.03647758050382235,-0.005270332172122118,-0.0030338737479213493,-0.018294534223668647,-0.0004632284942901674,-0.011863762505153724,36.73386035190545,-0.01021799999999995,0.023492000000000013,-0.013273666666666739,-0.03370966666666666,0.05118866666666663,0.003444333333333438,-0.04774299999999989,-0.02969944444444439,0.0014044069794125688,0.014279299999999936,-0.013662333333333387,-0.027696666666666675,0.04135933333333336,0.014033333333333328,0.014398999999999967,-0.0542723333333333,-0.06867233333333332,-0.03643288888888893,-0.0010768582882207667,0.0037811333333332368
2017,Canada,CAN,156,36510.38992138317,26862.50104274103,114.91247043102128,118.8552760560259,2140.641,0.2299245242,166.47533784087707,-58.00301964263396,575.0243,550.5246999999999,961.536,1604.356,0.7100000000000001,2.180833333,363.8805868191059,6.3397,201.4024976904467,0.8884123961000466,315.573,318.404,1.2545,2118.6385237063537,1076.0491460934672,1557.1481460934672,670.388,3396.023193359375,5.826380729675293,119.2472915649414,64.17798614501953,0.0,0.0,0.0,0.0,FLOAT,USA,0.0,,,,,,,,,,,,,,,,,,,,0.284654,0.186566,0.528781,24.0,0.098088,-0.0962119999999999,0.043821,0.140034,0.2428333333333333,0.0399390012060059,0.031908,0.0672525788055743,-0.0009045999999999,-0.0064596,0.240833,0.29087,0.282778,0.242822,0.476389,0.466308,-0.041946,0.048048,0.0399559999999999,0.039922,-0.050037,-0.0016529999999999,-0.0899939999999999,-0.0415739999999999,0.218729,0.21933,0.0212052303217862,0.0222302738399688,0.0256860999999999,-0.0012974,-0.0537795,0.0013735,0,0,0,1998.8838913165337,1906.6763456596773,1776.1965043222615,1059.1155307381998,979.547838782566,891.5427164089059,1515.7,1395.35,1315.913,1.80416666666667,2.02333333333334,2.59833333333333,0.5,0.503333333333333,0.910833333333333,324.3347647317092,295.11807527908024,280.06705343984714,0.9173260397870192,0.911923036151285,0.8557941308277416,163.84865406241207,161.52956542029793,159.74270570705642,-63.45946652873121,-75.69859974871379,-48.56955975217181,26389.803801027017,26402.305924722383,26441.103335942946,1.4708333329999999,1.30416666666667,1.5200000000000071,1.687499999999997,0.04836035537271752,0.08122900057083964,0.08625076145769889,0.09899999999999999,-0.00047352393124339414,0.059910749648868,0.05993819815472238,0.012662391454810337,111.95336038091334,109.06288755670556,876.0090411484477,827.3460230189021,737.8583100156914,485.3502350626286,428.3260177240501,360.3397715474716,690.4754210526316,601.7990555555555,553.0892352941177,-2.551798245614032,-2.462222222222215,-1.9982352941176504,-2.0352631578947364,-2.144814814814815,-1.8395098039215685,136.6482565999893,113.39998754443593,104.13419898197947,0.09933210438733375,0.09914738412668844,0.045548977556271186,25.226562990692884,24.180111812388674,23.710502222626417,-50.1923953150615,-65.89994678699098,-41.051548366357764,2333.5473909257926,2476.385598766781,2663.134951751301,-0.5165350877192956,-0.3174074074074005,-0.15872549019608195,-0.015211281090600992,0.016968993533525586,0.020906772719950034,0.042393895025452766,-0.016284380759737715,-0.0027330944200035304,-0.008320807158594522,39.041495719280306,-0.06494000000000003,0.06404899999999994,0.0008913333333333551,-0.12898966666666667,0.04055699999999987,-0.05472200000000003,-0.09527999999999988,-0.015433444444444416,0.0008401780376206362,0.036962266666666535,-0.01021799999999995,0.023492000000000013,-0.013273666666666739,-0.03370966666666666,0.05118866666666663,0.003444333333333438,-0.04774299999999989,-0.02969944444444439,0.0014044069794125688,0.014279299999999936
2018,Canada,CAN,156,37018.604144703146,27137.2663834969,116.05338104415188,120.15766349732247,2231.168,0.2256015683265446,170.25094872324863,-56.13317438958968,607.3434,587.5121,1004.057,1688.026,1.4016666666666666,2.325,378.5942586855271,5.8308,208.3562885541131,0.8883185847054099,340.531,333.778,1.3641,2255.5910083744056,1121.4577111343228,1611.8427111343228,762.885,3648.478271484375,5.637668030545271,119.82662657965552,66.00086248066299,0.0,0.0,0.0,0.0,FLOAT,USA,0.0,,,,,,,,,,,,,,,,,,,,0.24678,0.157688,0.595532,26.0,0.089093,-0.028878,-0.037874,-0.0089949999999999,0.2373886666666667,0.048335577676628,0.03473,0.0709606026750054,-0.0351613999999999,0.0263168999999999,0.284654,0.240833,0.186566,0.282778,0.528781,0.476389,0.098088,-0.041946,-0.0962119999999999,0.0399559999999999,0.043821,-0.050037,0.140034,-0.0899939999999999,0.2428333333333333,0.218729,0.0399390012060059,0.0212052303217862,-0.0009045999999999,0.0256860999999999,-0.0064596,-0.0537795,0,0,0,2118.6385237063537,1998.8838913165337,1906.6763456596773,1076.0491460934672,1059.1155307381998,979.547838782566,1604.356,1515.7,1395.35,2.180833333,1.80416666666667,2.02333333333334,0.7100000000000001,0.5,0.503333333333333,363.8805868191059,324.3347647317092,295.11807527908024,0.8884123961000466,0.9173260397870192,0.911923036151285,166.47533784087707,163.84865406241207,161.52956542029793,-58.00301964263396,-63.45946652873121,-75.69859974871379,26862.50104274103,26389.803801027017,26402.305924722383,0.9233333333333336,1.4708333329999999,1.30416666666667,1.5200000000000071,0.05991074964886805,0.0159884496674926,0.05849178597347757,0.12192902638762491,0.017912116561306802,0.06464174191851613,0.060577118731021416,0.012563209307036438,116.64986205340053,111.95336038091334,951.9632214808455,876.0090411484477,827.3460230189021,478.0163386647646,485.3502350626286,428.3260177240501,744.6076499999999,690.4754210526316,601.7990555555555,-2.047541667000001,-2.551798245614032,-2.462222222222215,-1.7234999999999996,-2.0352631578947364,-2.144814814814815,169.36166585738653,136.6482565999893,113.39998754443593,0.06545185548099453,0.09933210438733375,0.09914738412668844,26.591918619623243,25.226562990692884,24.180111812388674,-42.22632866321118,-50.1923953150615,-65.89994678699098,2689.5672630935187,2333.5473909257926,2476.385598766781,-0.3240416670000008,-0.5165350877192956,-0.3174074074074005,-0.0028602930728398937,-0.04916466229263858,-0.007952559223216013,0.06309166378015912,0.002958332404377626,-0.001942335264815416,-0.00795772224200206,39.63540997176571,0.009912000000000032,-0.05626733333333331,0.04635633333333322,0.06617999999999999,-0.12031633333333319,0.07485199999999997,0.1951696666666666,0.01994811111111111,0.01950077938969107,-0.004515499999999864,-0.06494000000000003,0.06404899999999994,0.0008913333333333551,-0.12898966666666667,0.04055699999999987,-0.05472200000000003,-0.09527999999999988,-0.015433444444444416,0.0008401780376206362,0.036962266666666535
2019,Canada,CAN,156,37549.82806711045,27251.07653688964,116.55265562118552,120.43116171415164,2310.712,0.2228365109974761,173.56960602350765,-46.27327167377434,613.5274000000001,598.1667,1078.238,1818.013,1.655833333333333,1.725833333,383.025490566784,5.6626,213.1387140816813,0.8682055574212624,344.181,353.056,1.3059,2373.7566914804306,1176.7081858788674,1672.1241858788674,813.393,3881.32470703125,5.704767960103065,119.61533129823384,66.02886727763769,0.0,0.0,0.0,0.0,FLOAT,USA,0.0,,,,,,,,,,,,,,,,,,,,0.226816,0.400296,0.372888,15.0,-0.173481,0.242608,-0.019964,-0.262574,0.2090106666666666,0.0654957962111564,0.0484116666666666,0.0783811740811103,0.0323675999999999,-0.0403599999999999,0.24678,0.284654,0.157688,0.186566,0.595532,0.528781,0.089093,0.098088,-0.028878,-0.0962119999999999,-0.037874,0.043821,-0.0089949999999999,0.140034,0.2373886666666667,0.2428333333333333,0.048335577676628,0.0399390012060059,-0.0351613999999999,-0.0009045999999999,0.0263168999999999,-0.0064596,0,0,0,2255.5910083744056,2118.6385237063537,1998.8838913165337,1121.4577111343228,1076.0491460934672,1059.1155307381998,1688.026,1604.356,1515.7,2.325,2.180833333,1.80416666666667,1.4016666666666666,0.7100000000000001,0.5,378.5942586855271,363.8805868191059,324.3347647317092,0.8883185847054099,0.8884123961000466,0.9173260397870192,170.25094872324863,166.47533784087707,163.84865406241207,-56.13317438958968,-58.00301964263396,-63.45946652873121,27137.2663834969,26862.50104274103,26389.803801027017,0.06999999966666692,0.9233333333333336,1.4708333329999999,1.30416666666667,0.06464174191851606,0.042199341178522094,0.05215176681484662,0.040435440634638116,0.010228583716709327,0.05238790306722607,0.05763761564670052,0.008375335253426335,126.15708851597421,116.64986205340053,1043.584124173619,951.9632214808455,876.0090411484477,500.66222091205987,478.0163386647646,485.3502350626286,792.8201428571429,744.6076499999999,690.4754210526316,-1.8058730158571432,-2.047541667000001,-2.551798245614032,-0.9497619047619048,-1.7234999999999996,-2.0352631578947364,176.01049649250362,169.36166585738653,136.6482565999893,0.062241289063453276,0.06545185548099453,0.09933210438733375,29.101247662965136,26.591918619623243,25.226562990692884,-38.34570585477589,-42.22632866321118,-50.1923953150615,2836.2579722735027,2689.5672630935187,2333.5473909257926,-0.8561111110952386,-0.3240416670000008,-0.5165350877192956,0.0020137138504501134,-0.02049553766697717,-0.01389495042068617,-0.021556505161835632,-0.004873117060438728,-0.004779610177303925,-0.011726768809191003,42.12994442359924,-0.025339,-0.0797006666666667,0.10503933333333332,0.05436300000000001,-0.023433333333333334,-0.035251000000000025,-0.011816999999999947,0.010424555555555576,0.020544075887374367,-0.04298943333333323,0.009912000000000032,-0.05626733333333331,0.04635633333333322,0.06617999999999999,-0.12031633333333319,0.07485199999999997,0.1951696666666666,0.01994811111111111,0.01950077938969107,-0.004515499999999864
2020,Canada,CAN,156,37989.01319316845,25505.010962201755,109.16432855215012,112.06235200356213,2204.905,0.2297509416505473,174.81410251110478,-37.55973837315849,561.1588,524.1049,1390.49,2141.864,0.4191666666666667,1.075833333,405.5044361931711,9.46,220.0511654628477,1.17459527734755,336.656,575.15,1.2856,2480.07639600897,1365.6796072002887,1834.7146072002888,831.638,4176.11865234375,5.431318683641572,107.25259187858418,64.56690343747583,0.0,0.0,0.0,0.0,FLOAT,USA,0.0,,,,,,,,,,,,,,,,,,,,0.235684,0.270694,0.493623,21.0,-0.03501,-0.129602,0.008868,0.138471,0.2481833333333333,0.1325223839256347,0.0045666666666666,0.1542593796510712,0.0494991999999999,-0.0661867999999999,0.226816,0.24678,0.400296,0.157688,0.372888,0.595532,-0.173481,0.089093,0.242608,-0.028878,-0.019964,-0.037874,-0.262574,-0.0089949999999999,0.2090106666666666,0.2373886666666667,0.0654957962111564,0.048335577676628,0.0323675999999999,-0.0351613999999999,-0.0403599999999999,0.0263168999999999,0,0,0,2373.7566914804306,2255.5910083744056,2118.6385237063537,1176.7081858788674,1121.4577111343228,1076.0491460934672,1818.013,1688.026,1604.356,1.725833333,2.325,2.180833333,1.655833333333333,1.4016666666666666,0.7100000000000001,383.025490566784,378.5942586855271,363.8805868191059,0.8682055574212624,0.8883185847054099,0.8884123961000466,173.56960602350765,170.25094872324863,166.47533784087707,-46.27327167377434,-56.13317438958968,-58.00301964263396,27251.07653688964,27137.2663834969,26862.50104274103,0.6566666663333334,0.06999999966666692,0.9233333333333336,1.4708333329999999,0.05238790306722603,0.04926665909556259,0.07700533048661563,0.01170443497120656,0.004193869485024919,0.04478963868122099,0.058980131544870064,0.006179698956256908,120.24793000138736,126.15708851597421,1114.3141652717522,1043.584124173619,951.9632214808455,533.1553219787836,500.66222091205987,478.0163386647646,886.7698636363637,792.8201428571429,744.6076499999999,-2.3229545457727276,-1.8058730158571432,-2.047541667000001,-0.6524242424242426,-0.9497619047619048,-1.7234999999999996,172.44125126046492,176.01049649250362,169.36166585738653,0.03929911227642158,0.062241289063453276,0.06545185548099453,31.097120978543927,29.101247662965136,26.591918619623243,-26.74281650919801,-38.34570585477589,-42.22632866321118,2821.1473087447193,2836.2579722735027,2689.5672630935187,-1.6705303033484853,-0.8561111110952386,-0.3240416670000008,-0.010336016136575643,-0.012452241765794896,0.011620277556829803,-0.04926101057946549,-0.010675778098768914,-0.003198113770269184,-0.013336066665900877,49.419805390194014,-0.030606333333333374,0.1912853333333333,-0.1606793333333334,-0.22189266666666665,0.270986,-0.005267333333333329,-0.2762556666666667,-0.023973000000000078,0.029002526476349703,0.03582756666666653,-0.025339,-0.0797006666666667,0.10503933333333332,0.05436300000000001,-0.023433333333333334,-0.035251000000000025,-0.011816999999999947,0.010424555555555576,0.020544075887374367,-0.04298943333333323
2003,Switzerland,CHE,146,7408.319,22516.4820417724,95.79891794702006,96.73,488937.34,0.2580872759028632,123.99678019353284,49642.89034734779,134986.73,141157.51,290522.0,557415.3,0.09,2.66083333333333,97.2054213605266,4.1158,138.90631815388917,0.56681,49356.62,52118.1,1.2369,675572.0,578713.0,507258.0,168314.0,356280.0,5.392558097839356,105.27962493896484,69.21998596191406,0.0,0.0,0.0,0.0,FLOAT,DEU,0.0,0.2206378132104873,0.1162580102682113,-0.002538071013987,0.00089999998454,,,0.0631014853715896,0.0531565211713314,0.050001360476017,0.1968478411436081,0.0198771879076957,,,,0.0277999993413686,0.0237899702042341,0.1434319168329239,0.1661926656961441,-0.0008190355147235,0.196183,0.143477,0.66034,6.0,0.052706,-0.088152,0.0126529999999999,0.100805,0.207821,0.0918783536694035,-0.0257136666666666,0.0579640167460238,0.0057462,0.0058850999999999,0.18353,0.216306,0.231629,0.285452,0.584841,0.498241,-0.048099,-0.069147,-0.0538229999999999,0.1790699999999999,-0.032776,0.0698179999999999,0.0210479999999999,-0.109252,0.144968,0.0610806666666666,0.125713635012277,0.0395055401346865,0.0744747,0.0818298,-0.0549118,-0.0352750999999999,0,0,0,665687.0,660809.0,644457.0,545733.0,526963.0,512262.0,519280.2,498211.9,472051.1,3.2,3.38333333333333,3.92583333333333,0.44,1.65,3.5,91.44312834163418,84.87007192378977,81.36083166172175,0.57508,0.5094299999999999,0.52109,123.21294510804124,122.42782082010638,121.22757334544735,30514.478612906427,32942.06727037861,48605.45258001442,22621.667640612588,22692.35686926238,22521.38119434273,2.57083333333333,2.7600000000000002,1.7333333333333303,0.4258333333333302,0.007381860719209333,0.03561919907090251,0.04228782973670438,0.07744846055682358,-0.0031151117998476545,0.014849321077323063,0.01577244719087482,0.009056573133129475,9822.300000000061,10779.20000000003,32627.599999999977,34687.0,24446.666666666628,41279.0,28136.25,17913.666666666686,40954.90000000002,24858.25,-1736.7333333333372,-0.09466666666666557,0.11083333333333023,0.871111111111107,-1.18375,0.03281249999999991,2.5104166666666665,9.92258468015649,4.186910327890104,0.9035600877627701,0.044961999999999946,-0.025860000000000105,-0.018933333333333358,3.25085288088097,3.0821607411826335,2.5092176886981434,-9148.064021338792,-8400.59420483325,9683.721473070073,678.203036607596,936.1153315717347,1020.186208869447,1.089083333333334,0.07802083333333032,-1.63930555555556,-0.013311942416162582,0.011404856371883314,0.027820789952327698,0.06595573897679181,-0.021858275292344034,-0.005661750034045999,-0.0019879120384314556,-2713.8499999999694,0.015400999999999998,0.08666099999999999,-0.1020616666666666,-0.07125933333333334,-0.13771033333333316,-0.08395999999999992,0.053751666666666566,0.07229805555555562,0.0690585654122475,0.037733050000000004,0.09936099999999999,0.2243713333333333,-0.3237333333333334,-0.125011,0.18937499999999993,0.06491799999999989,-0.12445666666666667,-0.017383916666666693,-0.02572429419801451,0.09017629999999999
2004,Switzerland,CHE,146,7450.867,22959.647174249545,97.67499326124342,97.68,504278.2,0.2644480140587414,124.98946607482978,58735.072270598095,143996.16,152756.51,276297.0,567029.0000000001,0.55,2.74,99.65220309508736,4.3157,138.5950853923828,0.57574,51128.23,53322.44,1.1316,695383.0,601118.0,534636.0,160747.0,350169.0,4.944190979003906,106.35272216796876,72.02745819091797,0.0,0.0,0.0,0.0,FLOAT,DEU,0.0,0.0689068511128425,0.0757242813706398,0.060954637825489,0.0054999999701976,,,0.0251002982258796,0.0506239831447601,0.049384418874979,0.0512279644608497,0.0168173667043447,,,,0.0238000005483627,0.0176788866519927,0.0668494552373886,0.072462260723114,0.0332273170351982,0.311404,0.149134,0.539462,27.0,0.16227,0.0056569999999999,0.115221,0.109564,0.220186,0.0716758804829072,-0.0215133333333333,0.0651316870373655,-0.0497106,0.0795055999999999,0.196183,0.18353,0.143477,0.231629,0.66034,0.584841,0.052706,-0.048099,-0.088152,-0.0538229999999999,0.0126529999999999,-0.032776,0.100805,0.0210479999999999,0.207821,0.144968,0.0918783536694035,0.125713635012277,0.0057462,0.0744747,0.0058850999999999,-0.0549118,0,0,0,675572.0,665687.0,660809.0,578713.0,545733.0,526963.0,557415.3,519280.2,498211.9,2.66083333333333,3.2,3.38333333333333,0.09,0.44,1.65,97.2054213605266,91.44312834163418,84.87007192378977,0.56681,0.57508,0.5094299999999999,123.99678019353284,123.21294510804124,122.42782082010638,49642.89034734779,30514.478612906427,32942.06727037861,22516.4820417724,22621.667640612588,22692.35686926238,2.1900000000000004,2.57083333333333,2.7600000000000002,1.7333333333333303,0.014849321077323126,0.060432482550991054,0.07343838644338843,0.06301504687552166,-0.004649772090690092,0.029324779594180894,0.01586816018604183,0.009038887406939243,11360.70000000002,9822.300000000061,37074.66666666663,32627.599999999977,34687.0,67379.16666666669,41279.0,28136.25,72264.18333333335,40954.90000000002,24858.25,-0.6180555555555585,-0.09466666666666557,0.11083333333333023,-1.3364583333333333,-1.18375,0.03281249999999991,14.031113585689496,9.92258468015649,4.186910327890104,0.029198333333333326,0.044961999999999946,-0.025860000000000105,3.4928791528924137,3.25085288088097,3.0821607411826335,11505.025049992371,-9148.064021338792,-8400.59420483325,459.98359833280847,678.203036607596,936.1153315717347,0.7184027777777751,1.089083333333334,0.07802083333333032,-0.003182093574816275,0.03393716857759519,0.05340718866854621,0.03833117750013153,-0.019021280524717663,-0.004150599530367487,-0.0015086197550138233,-2766.1333333332823,0.014074999999999976,-0.06434400000000001,0.05026933333333339,0.07841966666666667,-0.151005,-0.0013260000000000632,0.14967900000000003,0.11534288888888893,0.017715572932040305,-0.043573133333333326,0.015400999999999998,0.08666099999999999,-0.1020616666666666,-0.07125933333333334,-0.13771033333333316,-0.08395999999999992,0.053751666666666566,0.07229805555555562,0.0690585654122475,0.037733050000000004
2005,Switzerland,CHE,146,7489.37,23480.64036641517,100.0,98.95,523662.57,0.2642374027446527,126.4552892527968,64416.63764374849,157544.48,162991.13,290301.0,594872.0000000001,0.63,2.09583333333333,101.85949310126534,4.4367,142.1764278041214,0.5464,54130.72,53922.03,1.3143,718310.0,646199.0,557980.0,160330.0,361436.0,4.759636402130127,105.39884948730467,74.55120086669922,0.0,0.0,0.0,0.0,FLOAT,DEU,0.0,0.356081873178482,0.0722161382436752,0.065028078854084,0.0063000000081956,,,0.0221776217222213,0.0500385165214538,0.0489528588950634,0.329081267118454,0.0203152317553758,,,,0.0196000002324581,0.0270005948841571,0.1993212550878524,0.223236933350563,0.035664040595293,0.302646,0.212204,0.48515,26.0,0.090442,0.06307,-0.0087579999999999,-0.071828,0.1747466666666667,0.0493426822977159,0.0556256666666666,0.1052148866859311,-0.0052618,0.0525187,0.311404,0.196183,0.149134,0.143477,0.539462,0.66034,0.16227,0.052706,0.0056569999999999,-0.088152,0.115221,0.0126529999999999,0.109564,0.100805,0.220186,0.207821,0.0716758804829072,0.0918783536694035,-0.0497106,0.0057462,0.0795055999999999,0.0058850999999999,0,0,1,695383.0,675572.0,665687.0,601118.0,578713.0,545733.0,567029.0000000001,557415.3,519280.2,2.74,2.66083333333333,3.2,0.55,0.09,0.44,99.65220309508736,97.2054213605266,91.44312834163418,0.57574,0.56681,0.57508,124.98946607482978,123.99678019353284,123.21294510804124,58735.072270598095,49642.89034734779,30514.478612906427,22959.647174249545,22516.4820417724,22621.667640612588,1.4658333333333302,2.1900000000000004,2.57083333333333,2.7600000000000002,0.029324779594180932,0.038715218078736784,0.017246925227922646,0.02517124765588798,0.019681810491309796,0.032970319953176785,0.01718532046357109,0.011156414838011776,17767.999999999985,11360.70000000002,51589.28571428568,37074.66666666663,32627.599999999977,80158.57142857142,67379.16666666669,41279.0,71554.4285714287,72264.18333333335,40954.90000000002,-0.45059523809523716,-0.6180555555555585,-0.09466666666666557,-0.6855357142857141,-1.3364583333333333,-1.18375,14.473450522294613,14.031113585689496,9.92258468015649,0.0339571428571428,0.029198333333333326,0.044961999999999946,3.9865822980618617,3.4928791528924137,3.25085288088097,18953.63196610091,11505.025049992371,-9148.064021338792,837.4367881909784,459.98359833280847,678.203036607596,0.23494047619047742,0.7184027777777751,1.089083333333334,0.011823713871177578,0.006563709342408394,-0.011685470658343942,-0.00590115130285741,0.0084805154780685,-0.0020033193467647314,0.0009106316270614742,-536.2000000000025,0.11273100000000003,-0.071052,-0.04167866666666675,0.18378333333333333,-0.006708000000000101,0.09865600000000008,0.10536366666666669,0.08222944444444444,-0.014023295789215129,-0.1037275,0.014074999999999976,-0.06434400000000001,0.05026933333333339,0.07841966666666667,-0.151005,-0.0013260000000000632,0.14967900000000003,0.11534288888888893,0.017715572932040305,-0.043573133333333326
2006,Switzerland,CHE,146,7523.934,24262.435535186774,103.364296543979,100.0,556438.83,0.2629071917358285,127.79992740109904,69001.46769652651,177148.14,185216.07,278368.0,610606.0000000001,1.94,2.5175,103.2842400713899,3.9999,144.6655479915,0.4825,58013.06,54824.67,1.2203,753474.0,666605.0,586937.0,166537.0,383944.0,4.384696960449219,107.4145050048828,76.72476959228516,0.0,0.0,0.0,0.0,FLOAT,DEU,0.0,0.2066675871610641,0.0638991296291351,-0.0213891919702291,0.0194000005722045,,,0.0139407031238079,0.0499584265053272,0.0492715463042259,0.1846220195293426,0.0186097864061594,,,,0.0249000005424022,0.022045562043786,0.1282389909029007,0.1439909487962722,-0.0009945956990122,0.346109,0.065203,0.588688,25.0,0.280906,-0.147001,0.0434629999999999,0.190464,0.1682716666666666,0.0381515117175365,0.101806,0.0556589875581652,-0.0171751999999999,0.0612772,0.302646,0.311404,0.212204,0.149134,0.48515,0.539462,0.090442,0.16227,0.06307,0.0056569999999999,-0.0087579999999999,0.115221,-0.071828,0.109564,0.1747466666666667,0.220186,0.0493426822977159,0.0716758804829072,-0.0052618,-0.0497106,0.0525187,0.0795055999999999,0,1,1,718310.0,695383.0,675572.0,646199.0,601118.0,578713.0,594872.0000000001,567029.0000000001,557415.3,2.09583333333333,2.74,2.66083333333333,0.63,0.55,0.09,101.85949310126534,99.65220309508736,97.2054213605266,0.5464,0.57574,0.56681,126.4552892527968,124.98946607482978,123.99678019353284,64416.63764374849,58735.072270598095,49642.89034734779,23480.64036641517,22959.647174249545,22516.4820417724,0.5775000000000001,1.4658333333333302,2.1900000000000004,2.57083333333333,0.03297031995317688,0.07499525883437196,0.0491033086491167,0.02214993685660723,0.02269168982483083,0.04895379432278535,0.02571480687489358,0.009584705386195862,25663.299999999985,17767.999999999985,68067.625,51589.28571428568,37074.66666666663,115219.75,80158.57142857142,67379.16666666669,90453.12500000012,71554.4285714287,72264.18333333335,-1.0384375000000023,-0.45059523809523716,-0.6180555555555585,-0.51984375,-0.6855357142857141,-1.3364583333333333,14.871559213185776,14.473450522294613,14.031113585689496,0.00037249999999999783,0.0339571428571428,0.029198333333333326,4.954082688771152,3.9865822980618617,3.4928791528924137,22265.99334348869,18953.63196610091,11505.025049992371,1253.7503818327314,837.4367881909784,459.98359833280847,-0.5185937500000024,0.23494047619047742,0.7184027777777751,0.013780152248576729,0.04190607733484236,0.021840265714042108,-0.008079440487444241,0.01027889260043689,0.00686005362235188,-0.0008128497625980186,5978.339999999964,0.07227366666666671,0.037457333333333315,-0.10973099999999997,0.03481633333333333,0.10850933333333333,-0.0404573333333332,-0.14896699999999996,-0.01624499999999998,-0.04707994075714666,-0.015431899999999995,0.11273100000000003,-0.071052,-0.04167866666666675,0.18378333333333333,-0.006708000000000101,0.09865600000000008,0.10536366666666669,0.08222944444444444,-0.014023295789215129,-0.1037275
2007,Switzerland,CHE,146,7554.661,25025.24076171636,106.5380585030628,100.31,592442.27,0.264665057913341,128.73846677977974,47684.95090184663,193216.29,206251.62,271171.0,624218.0000000001,2.0,2.9275,105.85992022027138,3.6519,148.73836446305657,0.4449499999999999,60480.9,64027.71,1.1255,786246.0,681341.0,591358.0,194888.0,446243.0,4.036149501800537,109.534912109375,77.96089172363281,0.0,0.0,0.0,0.0,FLOAT,DEU,0.0,-0.0005397464265115,0.0753708854317665,-0.0139455907046794,0.0199999995529651,,,0.0249806344509124,0.050390250980854,0.0491621494293212,-0.0203004088252782,0.0201701242476701,,,,0.0310999993234872,0.019760662689805,0.0315091200172901,0.034735694527626,0.0030272044241428,0.277667,0.197923,0.524409,25.0,0.079744,0.13272,-0.068442,-0.201162,0.1421803333333333,0.0737467871187167,0.1778726666666666,0.0961858421459901,-6.339999999998606e-05,-0.0057113999999999,0.346109,0.302646,0.065203,0.212204,0.588688,0.48515,0.280906,0.090442,-0.147001,0.06307,0.0434629999999999,-0.0087579999999999,0.190464,-0.071828,0.1682716666666666,0.1747466666666667,0.0381515117175365,0.0493426822977159,-0.0171751999999999,-0.0052618,0.0612772,0.0525187,1,1,1,753474.0,718310.0,695383.0,666605.0,646199.0,601118.0,610606.0000000001,594872.0000000001,567029.0000000001,2.5175,2.09583333333333,2.74,1.94,0.63,0.55,103.2842400713899,101.85949310126534,99.65220309508736,0.4825,0.5464,0.57574,127.79992740109904,126.4552892527968,124.98946607482978,69001.46769652651,64416.63764374849,58735.072270598095,24262.435535186774,23480.64036641517,22959.647174249545,0.9275000000000002,0.5775000000000001,1.4658333333333302,2.1900000000000004,0.048953794322785425,0.03157850754953195,0.026449387431245707,0.013987375420257814,0.033295308670108596,0.043494533321654094,0.03708296462338101,0.010440782510974073,30775.300000000007,25663.299999999985,95668.5555555555,68067.625,51589.28571428568,122823.5555555555,115219.75,80158.57142857142,96136.77777777787,90453.12500000012,71554.4285714287,-0.5013888888888878,-1.0384375000000023,-0.45059523809523716,0.8479166666666667,-0.51984375,-0.6855357142857141,14.643910715178578,14.871559213185776,14.473450522294613,-0.06356888888888895,0.00037249999999999783,0.0339571428571428,5.748267204987698,4.954082688771152,3.9865822980618617,24376.824135879084,22265.99334348869,18953.63196610091,1896.23995262292,1253.7503818327314,837.4367881909784,-1.3493055555555544,-0.5185937500000024,0.23494047619047742,0.028041107587113184,-0.0067489336168529285,-0.0035436887180841543,-0.015232071862863128,0.019597649870660046,0.01724820371050333,0.0001593487568370515,12877.249999999967,0.07603133333333334,-0.10306866666666668,0.027037333333333358,0.17909999999999998,-0.14052599999999996,0.003757666666666562,0.14428366666666664,-0.032646222222222326,-0.03281412709913903,-0.0007664666666665626,0.07227366666666671,0.037457333333333315,-0.10973099999999997,0.03481633333333333,0.10850933333333333,-0.0404573333333332,-0.14896699999999996,-0.01624499999999998,-0.04707994075714666,-0.015431899999999995
2008,Switzerland,CHE,146,7581.52,25293.204039277472,108.09153373128268,101.87,617696.48,0.2605200162997076,131.86478270464346,9847.68713537907,197520.48,215984.07,328752.0,637700.0000000001,0.01,2.89666666666667,110.19670355652842,3.3497,152.3313121035643,0.44572,67734.2,62015.47,1.0637,828694.0,700738.0,628658.2407284904,200035.75927150965,469806.0,4.567243099212647,113.94303131103516,74.7251205444336,1.0,1.0,0.0,0.0,FLOAT,DEU,0.0,-0.3404650092124939,0.0913460403680801,0.1094891652464866,9.999999747378752e-05,,,0.0409975424408912,0.0503484942018985,0.0483656227588653,-0.3591339886188507,0.0291308630257844,,,,0.0215000007301569,0.0186689794063568,-0.0693012550473213,-0.0853609219193458,0.0547945834696292,0.347593,0.244017,0.40839,27.0,0.103576,0.046094,0.0699259999999999,0.023832,0.1584433333333333,0.081063595777225,0.1503639999999999,0.1131791594066681,0.0228158999999999,-0.0161759999999999,0.277667,0.346109,0.197923,0.065203,0.524409,0.588688,0.079744,0.280906,0.13272,-0.147001,-0.068442,0.0434629999999999,-0.201162,0.190464,0.1421803333333333,0.1682716666666666,0.0737467871187167,0.0381515117175365,-6.339999999998606e-05,-0.0171751999999999,-0.0057113999999999,0.0612772,0,0,0,786246.0,753474.0,718310.0,681341.0,666605.0,646199.0,624218.0000000001,610606.0000000001,594872.0000000001,2.9275,2.5175,2.09583333333333,2.0,1.94,0.63,105.85992022027138,103.2842400713899,101.85949310126534,0.4449499999999999,0.4825,0.5464,128.73846677977974,127.79992740109904,126.4552892527968,47684.95090184663,69001.46769652651,64416.63764374849,25025.24076171636,24262.435535186774,23480.64036641517,2.8866666666666703,0.9275000000000002,0.5775000000000001,1.4658333333333302,0.0434945333216541,0.022106044809144847,0.022292607671722843,0.024937784768529724,0.03143976314427794,0.05398819199080185,0.041806215865872076,0.00812438767567176,36392.399999999965,30775.300000000007,118873.69999999995,95668.5555555555,68067.625,125277.19999999995,122823.5555555555,115219.75,100135.1000000001,96136.77777777787,90453.12500000012,-0.0412499999999989,-0.5013888888888878,-1.0384375000000023,0.8231249999999999,0.8479166666666667,-0.51984375,15.7551997925422,14.643910715178578,14.871559213185776,-0.09476200000000007,-0.06356888888888895,0.00037249999999999783,6.111979863169637,5.748267204987698,4.954082688771152,622.624927611294,24376.824135879084,22265.99334348869,2469.421183890212,1896.23995262292,1253.7503818327314,-0.864374999999999,-1.3493055555555544,-0.5185937500000024,0.019466167965191506,-0.015471514844256379,-0.007306725286708778,-0.0025892100853842047,0.015564587692533827,0.019815429489181476,-0.002176964673069893,16149.642857142853,-0.04238599999999998,0.05574266666666666,-0.013357666666666601,-0.09812866666666666,0.15881133333333336,-0.11841733333333335,-0.2772286666666667,-0.04555444444444448,0.02069009561933017,0.023985799999999988,0.07603133333333334,-0.10306866666666668,0.027037333333333358,0.17909999999999998,-0.14052599999999996,0.003757666666666562,0.14428366666666664,-0.032646222222222326,-0.03281412709913903,-0.0007664666666665626
2009,Switzerland,CHE,146,7690.3552008428815,24538.194701964352,104.52935434864808,102.93,607377.28,0.2454161652403377,131.2330735074545,36289.95553939985,168998.16,187447.55,396652.0,678440.0000000001,0.05,2.20333333333333,117.27162480646172,4.1161,154.59809923595807,0.42765,64601.69,62415.7,1.0305,835867.8489171987,733808.363,618658.0919974977,217209.7569197009,520651.0,5.150627613067627,113.9256820678711,70.62964630126953,0.0,0.0,0.0,0.0,FLOAT,DEU,0.0,0.2318147271871566,0.1137524843215942,0.0425098277628421,0.0005000000237487,,,0.0641560778021812,0.0495964102447032,0.0466063320636749,0.1942003816366195,0.0314975194633007,,,,0.0197000000625848,0.0376143492758274,0.1515668183565139,0.1663786023855209,0.0215049143880605,0.337336,0.202697,0.459967,22.0,0.134638,-0.04132,-0.0102569999999999,0.031062,0.1690476666666666,0.0928383019304712,0.1547419999999999,0.1099090861939994,0.0458576,-0.0414972,0.347593,0.277667,0.244017,0.197923,0.40839,0.524409,0.103576,0.079744,0.046094,0.13272,0.0699259999999999,-0.068442,0.023832,-0.201162,0.1584433333333333,0.1421803333333333,0.081063595777225,0.0737467871187167,0.0228158999999999,-6.339999999998606e-05,-0.0161759999999999,-0.0057113999999999,0,0,0,828694.0,786246.0,753474.0,700738.0,681341.0,666605.0,637700.0000000001,624218.0000000001,610606.0000000001,2.89666666666667,2.9275,2.5175,0.01,2.0,1.94,110.19670355652842,105.85992022027138,103.2842400713899,0.44572,0.4449499999999999,0.4825,131.86478270464346,128.73846677977974,127.79992740109904,9847.68713537907,47684.95090184663,69001.46769652651,25293.204039277472,25025.24076171636,24262.435535186774,2.15333333333333,2.8866666666666703,0.9275000000000002,0.5775000000000001,0.05398819199080186,0.028468857737902167,0.021598223697490294,0.04096718878337659,0.01070772026181838,0.008656812909467959,0.0488121732117471,0.005248262614471931,28962.954675159723,36392.399999999965,150515.0,118873.69999999995,95668.5555555555,133285.36363636365,125277.19999999995,122823.5555555555,104513.90909090918,100135.1000000001,96136.77777777787,-0.06833333333332936,-0.0412499999999989,-0.5013888888888878,-1.2417045454545454,0.8231249999999999,0.8479166666666667,18.659692238568127,15.7551997925422,14.643910715178578,-0.08537727272727269,-0.09476200000000007,-0.06356888888888895,8.682661255017933,6.111979863169637,5.748267204987698,-37271.241105002744,622.624927611294,24376.824135879084,2512.8916265522166,2469.421183890212,1896.23995262292,1.1733712121212165,-0.864374999999999,-1.3493055555555544,0.028013209837820116,-0.007561550431073417,-0.007270436732270451,0.013699114938001081,-0.006723913959179113,0.024619672447369668,-0.004811204770595289,19748.037499999955,0.03878566666666661,0.08557366666666669,-0.12435900000000005,-0.04678799999999997,0.029831000000000003,0.08117166666666657,0.05134066666666667,-0.0032895555555555456,0.027316602065901953,0.0303160333333332,-0.04238599999999998,0.05574266666666666,-0.013357666666666601,-0.09812866666666666,0.15881133333333336,-0.11841733333333335,-0.2772286666666667,-0.04555444444444448,0.02069009561933017,0.023985799999999988
2010,Switzerland,CHE,146,7774.228199657579,25033.238641853637,106.8269999863005,103.772910481249,629325.24,0.244496616845608,132.13551521772445,76810.68725898478,183436.23,203483.8,432179.0,726050.0000000001,0.04,1.63166666666667,123.40993509316534,4.8029,154.2768980761247,0.41144,67095.97,63738.55,0.9396,837389.4652293124,767087.971,632440.1229771441,204949.3422521684,541945.0,5.337452411651611,115.25738525390624,71.31761932373047,0.0,0.0,0.0,0.0,FLOAT,DEU,0.0,0.0291874017566442,0.0994781851768493,0.0523080676794052,0.0003999999898951,,,0.0523578077554702,0.047120377421379,0.0447760038077831,0.0011412752792239,0.0280141551047563,,,,0.0166999995708465,0.0280461274087429,0.0639462992548942,0.0681375339627265,0.0263540334999561,0.240147,0.158046,0.601807,16.0,0.082102,-0.0446509999999999,-0.097189,-0.052536,0.2148789999999999,0.0253468943265246,0.1059859999999999,0.0275262399175768,-0.0160950999999999,0.0038136,0.337336,0.347593,0.202697,0.244017,0.459967,0.40839,0.134638,0.103576,-0.04132,0.046094,-0.0102569999999999,0.0699259999999999,0.031062,0.023832,0.1690476666666666,0.1584433333333333,0.0928383019304712,0.081063595777225,0.0458576,0.0228158999999999,-0.0414972,-0.0161759999999999,0,0,0,835867.8489171987,828694.0,786246.0,733808.363,700738.0,681341.0,678440.0000000001,637700.0000000001,624218.0000000001,2.20333333333333,2.89666666666667,2.9275,0.05,0.01,2.0,117.27162480646172,110.19670355652842,105.85992022027138,0.42765,0.44572,0.4449499999999999,131.2330735074545,131.86478270464346,128.73846677977974,36289.95553939985,9847.68713537907,47684.95090184663,24538.194701964352,25293.204039277472,25025.24076171636,1.59166666666667,2.15333333333333,2.8866666666666703,0.9275000000000002,0.008656812909468051,0.04719362015475115,0.06388583973655322,0.0642026578073093,-0.029850284532583402,0.0018204029669102173,0.03537984607397463,0.023730141048877853,16060.424460513615,28962.954675159723,145145.9322505321,150515.0,118873.69999999995,155248.613,133285.36363636365,125277.19999999995,136544.41666666674,104513.90909090918,100135.1000000001,-0.7559722222222254,-0.06833333333332936,-0.0412499999999989,-1.0982291666666666,-1.2417045454545454,0.8231249999999999,24.179639135287417,18.659692238568127,15.7551997925422,-0.09633250000000004,-0.08537727272727269,-0.09476200000000007,7.327396953244147,8.682661255017933,6.111979863169637,-7723.035942231734,-37271.241105002744,622.624927611294,1548.474653693076,2512.8916265522166,2469.421183890212,0.3422569444444419,1.1733712121212165,-0.864374999999999,-0.019864824683315525,0.01185062566132769,0.03567812810063525,0.035689209876660966,-0.046670653848200974,0.008725378064860234,0.014151794140870162,10124.365786270828,0.013546333333333327,0.03364933333333331,-0.04719533333333337,-0.020103999999999955,-0.051924333333333336,-0.025239333333333166,0.026684000000000003,0.01274922222222219,0.028517670392645134,0.043998499999999996,0.03878566666666661,0.08557366666666669,-0.12435900000000005,-0.04678799999999997,0.029831000000000003,0.08117166666666657,0.05134066666666667,-0.0032895555555555456,0.027316602065901953,0.0303160333333332
2011,Switzerland,CHE,146,7858.101198472277,25220.957647835698,107.67466241283864,104.06304126204748,641200.31,0.2463232172834593,132.43718858944325,46109.72819144031,184539.79,208202.78,483411.0,778579.0,0.07,1.47166666666667,129.36290623975103,4.4022,154.3461824938308,0.41545,67671.0,67502.77,0.9409,863380.8674329534,809368.075,659388.124472192,203992.74296076145,588098.0,5.607224941253662,113.5707550048828,70.28912353515625,0.0,0.0,0.0,0.0,FLOAT,DEU,0.0,-0.0772110745310783,0.0935936719179153,0.1186187490820884,0.0006999999750405,,,0.0482132732868194,0.0453803986310958,0.0432930961251258,-0.1053627282381057,0.0314671136438846,,,,0.0074000000022351,0.0281516518443822,0.0295532718300819,0.0261084381490945,0.0596593730151653,0.215148,0.311302,0.47355,14.0,-0.096154,0.153256,-0.0249989999999999,-0.178256,0.2015866666666666,0.0429962537941776,0.1067719999999999,0.0264134177266025,0.0157203999999999,-0.0651725999999999,0.240147,0.337336,0.158046,0.202697,0.601807,0.459967,0.082102,0.134638,-0.0446509999999999,-0.04132,-0.097189,-0.0102569999999999,-0.052536,0.031062,0.2148789999999999,0.1690476666666666,0.0253468943265246,0.0928383019304712,-0.0160950999999999,0.0458576,0.0038136,-0.0414972,0,0,0,837389.4652293124,835867.8489171987,828694.0,767087.971,733808.363,700738.0,726050.0000000001,678440.0000000001,637700.0000000001,1.63166666666667,2.20333333333333,2.89666666666667,0.04,0.05,0.01,123.40993509316534,117.27162480646172,110.19670355652842,0.41144,0.42765,0.44572,132.13551521772445,131.2330735074545,131.86478270464346,76810.68725898478,36289.95553939985,9847.68713537907,25033.238641853637,24538.194701964352,25293.204039277472,1.40166666666667,1.59166666666667,2.15333333333333,2.8866666666666703,0.00182040296691019,0.04535190613519896,0.07017569718766581,0.05234267280626443,0.020174423827913276,0.03103860662556035,0.021488469289060008,0.028352391556855677,10558.221861097378,16060.424460513615,135502.47685106634,145145.9322505321,150515.0,176586.02000000002,155248.613,133285.36363636365,173651.0,136544.41666666674,104513.90909090918,-1.2694871794871756,-0.7559722222222254,-0.06833333333332936,-1.02375,-1.0982291666666666,-1.2417045454545454,28.457977180815078,24.179639135287417,18.659692238568127,-0.10513230769230769,-0.09633250000000004,-0.08537727272727269,7.666192744033779,7.327396953244147,8.682661255017933,33391.77546521717,-7723.035942231734,-37271.241105002744,1924.4051586828973,1548.474653693076,2512.8916265522166,-0.24573717948717566,0.3422569444444419,1.1733712121212165,-0.025045832568930424,0.009021359503331529,0.03899480821002822,0.020855124052561014,0.00724327566631245,-0.005959214907768958,0.01748751790876888,-3790.601007002362,-0.08071833333333334,-0.05683299999999997,0.13755166666666668,-0.02388399999999999,-0.09048233333333323,-0.09426466666666666,-0.0037799999999999986,0.05832188888888884,-0.05720266728227969,-0.0389651333333332,0.013546333333333327,0.03364933333333331,-0.04719533333333337,-0.020103999999999955,-0.051924333333333336,-0.025239333333333166,0.026684000000000003,0.01274922222222219,0.028517670392645134,0.043998499999999996
2012,Switzerland,CHE,146,7942.972685368102,25285.386005433727,107.83416704066369,105.21478579910304,648980.52,0.252490322440634,131.5192764498544,59927.391465756125,277543.67,292958.2,538549.0,855170.0,-0.2,0.646666666666667,136.00613220858662,4.4846,155.30324937539493,0.42211,67109.27,66677.56,0.9166,917673.0897246049,847858.792,695937.8685204617,221735.22120414316,622615.8125,5.653100490570068,114.6217803955078,68.01750946044922,0.0,0.0,1.0,1.0,PEG,DEU,0.0,0.1772239953279495,0.0949576199054718,0.0418540723621845,-0.0001999999949475,,,0.0514069274067878,0.0435506962239742,0.0414213500916957,0.1382675915956497,0.0342243015766143,,,,0.0055999998003244,0.0389564149081707,0.1177491843700409,0.1282346397638321,0.0208270363509655,0.187992,0.218446,0.593562,15.0,-0.030455,-0.092856,-0.027156,0.065699,0.224015,0.0788206396002976,0.0401953333333333,0.1209684394763086,0.0200503,-0.0673535,0.215148,0.240147,0.311302,0.158046,0.47355,0.601807,-0.096154,0.082102,0.153256,-0.0446509999999999,-0.0249989999999999,-0.097189,-0.178256,-0.052536,0.2015866666666666,0.2148789999999999,0.0429962537941776,0.0253468943265246,0.0157203999999999,-0.0160950999999999,-0.0651725999999999,0.0038136,0,0,0,863380.8674329534,837389.4652293124,835867.8489171987,809368.075,767087.971,733808.363,778579.0,726050.0000000001,678440.0000000001,1.47166666666667,1.63166666666667,2.20333333333333,0.07,0.04,0.05,129.36290623975103,123.40993509316534,117.27162480646172,0.41545,0.41144,0.42765,132.43718858944325,132.13551521772445,131.2330735074545,46109.72819144031,76810.68725898478,36289.95553939985,25220.957647835698,25033.238641853637,24538.194701964352,0.8466666666666669,1.40166666666667,1.59166666666667,2.15333333333333,0.031038606625560402,0.05511767306803451,0.07234901177604831,0.04823737361251856,0.007498790255137377,0.06288328168896729,0.013838607500646175,0.01528280414873075,27140.712462585954,10558.221861097378,151815.1307082026,135502.47685106634,145145.9322505321,206252.83685714274,176586.02000000002,155248.613,213776.35714285704,173651.0,136544.41666666674,-1.3388095238095203,-1.2694871794871756,-0.7559722222222254,-0.920625,-1.02375,-1.0982291666666666,32.37823567162826,28.457977180815078,24.179639135287417,-0.09361285714285716,-0.10513230769230769,-0.09633250000000004,7.420280919750169,7.666192744033779,7.327396953244147,305.6895787286121,33391.77546521717,-7723.035942231734,1974.666653330467,1924.4051586828973,1548.474653693076,-0.4181845238095201,-0.24573717948717566,0.3422569444444419,0.006098973595022126,0.018093175705141573,0.0381685221668701,0.015145584547079684,-0.005989532957718252,-0.01311247545386871,0.002960637341579881,-8948.203514872932,-0.09321066666666666,0.10971533333333336,-0.016504666666666667,-0.202926,0.1665483333333333,-0.012492333333333236,-0.179042,0.020796666666666686,-0.023420010217229337,-0.0018057333333334306,-0.08071833333333334,-0.05683299999999997,0.13755166666666668,-0.02388399999999999,-0.09048233333333323,-0.09426466666666666,-0.0037799999999999986,0.05832188888888884,-0.05720266728227969,-0.0389651333333332
2013,Switzerland,CHE,146,8026.845684182801,25485.441732448504,108.54322722370534,106.36548411607974,660648.77,0.2511656218329829,131.23565191234098,64298.84161011691,298394.3,332137.25,554429.0,920683.0,0.01,0.949166666666667,142.3555266584229,4.7467,156.840560819227,0.41566,69180.36,68248.47,0.8915,944512.1044301612,883972.711,720775.4236913007,223736.6807388604,613540.1875,6.010419845581055,108.39119720458984,66.16887664794922,0.0,0.0,1.0,1.0,PEG,DEU,-0.16583334,0.2460019141435623,0.0882396027445793,-0.0404563285410404,9.999999747378752e-05,,,0.0466548539698123,0.0415847487747669,0.0397311002016067,0.2101702988147735,0.0296087432652711,,,,0.0125000001862645,0.0358316227793693,0.1420834958553314,0.1577694565057754,-0.0201781634241342,0.351087,0.151664,0.497249,13.0,0.199422,-0.066782,0.163095,0.229877,0.2292646666666666,0.0771986596083982,-0.0148356666666666,0.0901486165414275,-0.0112001999999999,0.0417658999999999,0.187992,0.215148,0.218446,0.311302,0.593562,0.47355,-0.030455,-0.096154,-0.092856,0.153256,-0.027156,-0.0249989999999999,0.065699,-0.178256,0.224015,0.2015866666666666,0.0788206396002976,0.0429962537941776,0.0200503,0.0157203999999999,-0.0673535,-0.0651725999999999,0,0,0,917673.0897246049,863380.8674329534,837389.4652293124,847858.792,809368.075,767087.971,855170.0,778579.0,726050.0000000001,0.646666666666667,1.47166666666667,1.63166666666667,-0.2,0.07,0.04,136.00613220858662,129.36290623975103,123.40993509316534,0.42211,0.41545,0.41144,131.5192764498544,132.43718858944325,132.13551521772445,59927.391465756125,46109.72819144031,76810.68725898478,25285.386005433727,25220.957647835698,25033.238641853637,0.939166666666667,0.8466666666666669,1.40166666666667,1.59166666666667,0.06288328168896738,0.04755650511666162,0.09837280481492565,0.05135340695364065,0.002554556353396782,0.029246814585802916,0.03191409709381262,0.030540852184020056,37566.01398941972,27140.712462585954,195986.3442859738,151815.1307082026,135502.47685106634,230993.36473333335,206252.83685714274,176586.02000000002,276115.6,213776.35714285704,173651.0,-2.074555555555555,-1.3388095238095203,-1.2694871794871756,-1.12925,-0.920625,-1.02375,36.86291259568864,32.37823567162826,28.457977180815078,-0.080712,-0.09361285714285716,-0.10513230769230769,6.007683385511314,7.420280919750169,7.666192744033779,14102.973547795853,305.6895787286121,33391.77546521717,1907.4505673731292,1974.666653330467,1924.4051586828973,-0.9453055555555552,-0.4181845238095201,-0.24573717948717566,0.0375080076873561,0.009239638060544286,0.061465992193828145,0.017179790420553225,-0.010505943076764687,0.005971666097287637,0.017990944042901504,8379.970712855058,-0.07621833333333339,-0.005568999999999991,0.08178733333333343,-0.07065033333333333,-0.11528433333333336,0.01699233333333327,0.13227566666666668,0.028843888888888947,0.0250934895832398,0.004889333333333341,-0.09321066666666666,0.10971533333333336,-0.016504666666666667,-0.202926,0.1665483333333333,-0.012492333333333236,-0.179042,0.020796666666666686,-0.023420010217229337,-0.0018057333333334306
2014,Switzerland,CHE,146,8127.692980376664,25778.98587099018,109.8506104254852,106.10295334290932,672818.21,0.2528246888729405,131.2201814830221,54150.53854399111,252504.86,285178.88,567531.0,950999.0,-2.0,0.6925,146.25567807372212,4.8259,156.78883286399136,0.41608,68607.11,68626.72,0.9891,1029932.03103692,918552.63,785961.0189874194,243971.0120495053,629057.4375,5.637481212615967,109.17366027832033,66.83167266845703,0.0,0.0,1.0,1.0,PEG,DEU,0.0075,0.1300114840269088,0.0530706495046615,0.0970676019787788,-0.0199999995529651,,,0.0128712058067321,0.0401994436979293,0.0396886020898819,0.0973252803087234,0.0297871623188257,,,,0.0038000000640749,0.0326862074434757,0.0840553194284439,0.0881840959191322,0.0385337993502616,0.240249,0.207692,0.552059,10.0,0.032557,0.0560279999999999,-0.1108379999999999,-0.1668649999999999,0.2271373333333333,0.0801731078188524,0.0242709999999999,0.1552014634306004,-0.0377612,0.061601,0.351087,0.187992,0.151664,0.218446,0.497249,0.593562,0.199422,-0.030455,-0.066782,-0.092856,0.163095,-0.027156,0.229877,0.065699,0.2292646666666666,0.224015,0.0771986596083982,0.0788206396002976,-0.0112001999999999,0.0200503,0.0417658999999999,-0.0673535,0,0,0,944512.1044301612,917673.0897246049,863380.8674329534,883972.711,847858.792,809368.075,920683.0,855170.0,778579.0,0.949166666666667,0.646666666666667,1.47166666666667,0.01,-0.2,0.07,142.3555266584229,136.00613220858662,129.36290623975103,0.41566,0.42211,0.41545,131.23565191234098,131.5192764498544,132.43718858944325,64298.84161011691,59927.391465756125,46109.72819144031,25485.441732448504,25285.386005433727,25220.957647835698,2.6925,0.939166666666667,0.8466666666666669,1.40166666666667,0.029246814585802836,0.04259426138026059,0.07660815978109616,0.046684618897172084,0.007911911132058072,0.09043814918422255,0.041056234300110184,0.018923996088696344,52649.2505517456,37566.01398941972,210576.21247365687,195986.3442859738,151815.1307082026,252670.19843750005,230993.36473333335,206252.83685714274,324371.375,276115.6,213776.35714285704,-1.6423958333333326,-2.074555555555555,-1.3388095238095203,-0.848671875,-1.12925,-0.920625,40.90837500829437,36.86291259568864,32.37823567162826,-0.08211750000000001,-0.080712,-0.09361285714285716,5.348578636403431,6.007683385511314,7.420280919750169,17592.987845419404,14102.973547795853,305.6895787286121,1988.2906339270849,1907.4505673731292,1974.666653330467,-0.793723958333333,-0.9453055555555552,-0.4181845238095201,0.0013710067383678123,0.003661418453440299,0.03560361434707677,0.011365683002714441,-0.004448192092985751,0.014687255725207512,0.005089020515941969,18160.659107930744,0.136658,-0.07760066666666668,-0.05905733333333324,0.21425766666666668,-0.07203166666666669,0.21287633333333328,0.284908,0.01577111111111107,0.028144063701398263,-0.017758733333333228,-0.07621833333333339,-0.005568999999999991,0.08178733333333343,-0.07065033333333333,-0.11528433333333336,0.01699233333333327,0.13227566666666668,0.028843888888888947,0.0250934895832398,0.004889333333333341
2015,Switzerland,CHE,146,8225.544812327145,25887.977990460484,110.40768715967836,107.4883267165296,675735.65,0.2524344598508867,129.72212824397397,65835.8217941507,243771.93,279154.85,559290.0,966560.0,-1.0,-0.0691666666666667,150.00582366535602,4.8007,155.51077686134585,0.41657,72851.16,70684.63,0.9921,1008210.19182588,943588.0094557836,769384.6640764948,238825.52774938,639116.875,5.724527835845947,109.2025909423828,66.51456451416016,0.0,0.0,0.0,0.0,FLOAT,DEU,0.0,0.0267516318708658,0.0626555159687995,0.0420987978577613,-0.0099999997764825,,,0.0226317346096038,0.0400237813591957,0.0391380190849304,-0.0024930946528911,0.0293178185820579,,,,-0.0003999999898951,0.0292447265237569,0.0437688864767551,0.0462063662707805,0.0160493999719619,0.251769,0.31733,0.4309,16.0,-0.065561,0.109638,0.01152,-0.098118,0.1926006666666666,0.035857637085192,0.0671746666666666,0.1187840305610705,0.035268,-0.0272182999999999,0.240249,0.351087,0.207692,0.151664,0.552059,0.497249,0.032557,0.199422,0.0560279999999999,-0.066782,-0.1108379999999999,0.163095,-0.1668649999999999,0.229877,0.2271373333333333,0.2292646666666666,0.0801731078188524,0.0771986596083982,-0.0377612,-0.0112001999999999,0.061601,0.0417658999999999,0,0,0,1029932.03103692,944512.1044301612,917673.0897246049,918552.63,883972.711,847858.792,950999.0,920683.0,855170.0,0.6925,0.949166666666667,0.646666666666667,-2.0,0.01,-0.2,146.25567807372212,142.3555266584229,136.00613220858662,0.41608,0.41566,0.42211,131.2201814830221,131.23565191234098,131.5192764498544,54150.53854399111,64298.84161011691,59927.391465756125,25778.98587099018,25485.441732448504,25285.386005433727,0.9308333333333333,2.6925,0.939166666666667,0.8466666666666669,0.0904381491842225,0.03911876302253859,0.03292772865361911,0.02739726027397244,0.01151811067759241,-0.021090556033266483,0.06085608181966425,0.030645995039588994,35703.12329105839,52649.2505517456,283609.30305255356,210576.21247365687,195986.3442859738,272387.1645882353,252670.19843750005,230993.36473333335,335606.7058823529,324371.375,276115.6,-1.8024509803921571,-1.6423958333333326,-2.074555555555555,-2.80875,-0.848671875,-1.12925,42.40215142310569,40.90837500829437,36.86291259568864,-0.07686705882352945,-0.08211750000000001,-0.080712,5.018485934354928,5.348578636403431,6.007683385511314,6409.803141327757,17592.987845419404,14102.973547795853,2164.8764998848164,1988.2906339270849,1907.4505673731292,1.0062990196078432,-0.793723958333333,-0.9453055555555552,0.06247665341563948,-4.291855762171559e-05,-0.010302042677092574,-0.008632030808154854,-0.0005639805416398028,0.03350795286308108,0.016471751432438488,31946.705733975854,-0.011160000000000003,-0.019445333333333342,0.030605333333333373,0.008286000000000026,0.058155333333333226,-0.14781799999999992,-0.20597166666666658,0.008848555555555554,0.013834590151227913,-0.04595136666666666,0.136658,-0.07760066666666668,-0.05905733333333324,0.21425766666666668,-0.07203166666666669,0.21287633333333328,0.284908,0.01577111111111107,0.028144063701398263,-0.017758733333333228
2016,Switzerland,CHE,146,8314.41025154748,26120.518572067667,111.44207882657716,108.05385969450892,685440.98,0.253979800906104,129.15874677627687,56561.641162308144,266137.16,298408.0,594550.0,995030.0,-0.9,-0.3625,152.40591684400172,4.9179,154.1837656423416,0.4048299999999999,72537.96,72165.77,1.016,1010305.39255617,967510.0,770983.552208277,239321.840347893,681198.0,6.108583450317383,108.30299377441406,65.96711730957031,0.0,0.0,0.0,0.0,FLOAT,DEU,0.0,-0.0078999996185302,0.0554497838020324,-0.002418739022687,-0.009,,,0.0161945819854736,0.0392552018165588,0.0386296100914478,-0.0408000014722347,0.0342994183301925,,,,-0.00362,0.0328999981284141,,,-0.0057093696668744,0.27618,0.205205,0.518615,9.0,0.070975,-0.112125,0.0244109999999999,0.136536,0.225562,0.0842662955397946,0.0554726666666666,0.133969561491905,0.0270260999999999,-0.0483459,0.251769,0.240249,0.31733,0.207692,0.4309,0.552059,-0.065561,0.032557,0.109638,0.0560279999999999,0.01152,-0.1108379999999999,-0.098118,-0.1668649999999999,0.1926006666666666,0.2271373333333333,0.035857637085192,0.0801731078188524,0.035268,-0.0377612,-0.0272182999999999,0.061601,0,0,0,1008210.19182588,1029932.03103692,944512.1044301612,943588.0094557836,918552.63,883972.711,966560.0,950999.0,920683.0,-0.0691666666666667,0.6925,0.949166666666667,-1.0,-2.0,0.01,150.00582366535602,146.25567807372212,142.3555266584229,0.41657,0.41608,0.41566,129.72212824397397,131.2201814830221,131.23565191234098,65835.8217941507,54150.53854399111,64298.84161011691,25887.977990460484,25778.98587099018,25485.441732448504,0.5375000000000001,0.9308333333333333,2.6925,0.939166666666667,-0.021090556033266428,0.027255247699615903,0.016362793231118014,0.025641025641025605,0.004227944420147169,0.0020781388120025834,0.03286480257891966,0.05585230881271734,17565.802516698768,35703.12329105839,246131.39144970488,283609.30305255356,210576.21247365687,282289.923789117,272387.1645882353,252670.19843750005,332522.8888888889,335606.7058823529,324371.375,-2.4639814814814813,-1.8024509803921571,-1.6423958333333326,-1.6527083333333334,-2.80875,-0.848671875,43.79662193567816,42.40215142310569,40.90837500829437,-0.07210666666666665,-0.07686705882352945,-0.08211750000000001,3.2416279211759615,5.018485934354928,5.348578636403431,17738.986216969133,6409.803141327757,17592.987845419404,2153.597702694853,2164.8764998848164,1988.2906339270849,-0.8112731481481482,1.0062990196078432,-0.793723958333333,-0.05272714906159293,-0.011903909259507829,-0.026260975589176457,-0.009880498922974934,-0.007820971473106234,0.0034224265683939215,0.04064858074103943,12870.79809102359,-0.008006999999999986,0.12472933333333333,-0.11672333333333335,-0.13273566666666664,0.1441746666666667,0.003152999999999965,-0.1410216666666667,-0.03420500000000007,-0.042873165257324077,0.0449050333333333,-0.011160000000000003,-0.019445333333333342,0.030605333333333373,0.008286000000000026,0.058155333333333226,-0.14781799999999992,-0.20597166666666658,0.008848555555555554,0.013834590151227913,-0.04595136666666666
2017,Switzerland,CHE,146,8407.269643092324,26259.9504401359,112.15673911420946,108.2943648146569,693694.13,0.2597353310381659,129.8471808809685,43040.770415029736,265571.54,294893.86,637053.0,1031170.0,-1.0,-0.0725,155.40603331730884,4.7967,154.67569168242372,0.4120499999999999,78079.93,72891.49,0.9753,1063037.339631932,995286.0,811224.3191792099,251813.02045272195,731980.625,5.903562545776367,105.26526641845705,65.9438247680664,0.0,0.0,0.0,0.0,FLOAT,DEU,0.0,0.2004999965429306,0.0583946071565151,0.0053974967449903,-0.01,,,0.0193421840667724,0.0390524230897426,0.0383113957941532,0.165800005197525,0.0297649689018726,,,,-0.000721,0.0346999987959861,,,-0.0023012515157461,0.327162,0.145046,0.527793,12.0,0.182116,-0.0601589999999999,0.050982,0.111141,0.243409,0.0640295398468551,0.0126569999999999,0.0704097104382627,-0.0300062999999999,0.0585212999999999,0.27618,0.251769,0.205205,0.31733,0.518615,0.4309,0.070975,-0.065561,-0.112125,0.109638,0.0244109999999999,0.01152,0.136536,-0.098118,0.225562,0.1926006666666666,0.0842662955397946,0.035857637085192,0.0270260999999999,0.035268,-0.0483459,-0.0272182999999999,0,0,0,1010305.39255617,1008210.19182588,1029932.03103692,967510.0,943588.0094557836,918552.63,995030.0,966560.0,950999.0,-0.3625,-0.0691666666666667,0.6925,-0.9,-1.0,-2.0,152.40591684400172,150.00582366535602,146.25567807372212,0.4048299999999999,0.41657,0.41608,129.15874677627687,129.72212824397397,131.2201814830221,56561.641162308144,65835.8217941507,54150.53854399111,26120.518572067667,25887.977990460484,25778.98587099018,0.9275,0.5375000000000001,0.9308333333333333,2.6925,0.0020781388120026827,0.025352156136461947,0.029454974341996357,0.016000000000000056,0.008982570276167293,0.05219406672901661,0.023808577320986218,0.05885424360415254,10141.112651532547,17565.802516698768,235272.30841948418,246131.39144970488,283609.30305255356,291354.5499233798,282289.923789117,272387.1645882353,343491.6842105263,332522.8888888889,335606.7058823529,-2.6276315789473683,-2.4639814814814813,-1.8024509803921571,-1.4657236842105263,-1.6527083333333334,-2.80875,43.89162974928817,43.79662193567816,42.40215142310569,-0.08005157894736847,-0.07210666666666665,-0.07686705882352945,2.5076344576275176,3.2416279211759615,5.018485934354928,7531.174731601888,17738.986216969133,6409.803141327757,2272.7910367917793,2153.597702694853,2164.8764998848164,-1.161907894736842,-0.8112731481481482,1.0062990196078432,-0.026629168157346443,-0.013145672530466904,-0.011709851390010531,-0.01897260795716854,-0.002631847201913541,-0.005835117899445047,0.041259422547707605,-6070.947564025009,-0.004854999999999998,-0.020357000000000014,0.025212333333333392,0.015502333333333347,-0.1450863333333333,0.00315199999999987,0.14823799999999995,0.009227777777777835,0.01985649403564707,0.03159056666666654,-0.008006999999999986,0.12472933333333333,-0.11672333333333335,-0.13273566666666664,0.1441746666666667,0.003152999999999965,-0.1410216666666667,-0.03420500000000007,-0.042873165257324077,0.0449050333333333
2018,Switzerland,CHE,146,8471.172880284475,26828.437275195964,114.58108516145282,108.21152776529632,719271.62,0.255763942039166,131.06035352028297,44085.26198413066,273389.09,303885.76,671722.0,1063992.0,-0.95,0.0325,160.11865959460675,4.7133,156.22153825514587,0.39234,78365.58,73047.97,0.9847,1070820.3514600687,1031837.5130322912,817163.6857809797,253656.66567908908,720796.0,5.976469399060992,106.73064091636536,64.8228623251524,0.0,0.0,0.0,0.0,FLOAT,DEU,0.0,-0.0905999988317489,0.0687418654561042,0.0084915980696678,-0.0095,,,0.0302796363830566,0.0384622290730476,0.0373318344354629,-0.1176000013947486,0.0305983684957027,,,,0.000332,0.0270000007003545,,,-0.0005042009870521,0.230693,0.096396,0.672911,9.0,0.134297,-0.04865,-0.096469,-0.047819,0.222527,0.0874384522221202,0.0625099999999999,0.1240552951348712,-0.0722960999999999,0.0710715,0.327162,0.27618,0.145046,0.205205,0.527793,0.518615,0.182116,0.070975,-0.0601589999999999,-0.112125,0.050982,0.0244109999999999,0.111141,0.136536,0.243409,0.225562,0.0640295398468551,0.0842662955397946,-0.0300062999999999,0.0270260999999999,0.0585212999999999,-0.0483459,0,0,0,1063037.339631932,1010305.39255617,1008210.19182588,995286.0,967510.0,943588.0094557836,1031170.0,995030.0,966560.0,-0.0725,-0.3625,-0.0691666666666667,-1.0,-0.9,-1.0,155.40603331730884,152.40591684400172,150.00582366535602,0.4120499999999999,0.4048299999999999,0.41657,129.8471808809685,129.15874677627687,129.72212824397397,43040.770415029736,56561.641162308144,65835.8217941507,26259.9504401359,26120.518572067667,25887.977990460484,0.9824999999999999,0.9275,0.5375000000000001,0.9308333333333333,0.052194066729016636,0.028708747196411408,0.03632051294935831,0.019685039370078712,0.005338020670743382,0.007321484898010766,0.011060549835917569,0.037458934370914056,24056.2425978329,10141.112651532547,276240.64007427206,235272.30841948418,246131.39144970488,304562.82242721075,291354.5499233798,282289.923789117,362457.1,343491.6842105263,332522.8888888889,-2.20625,-2.6276315789473683,-2.4639814814814813,-1.4924374999999999,-1.4657236842105263,-1.6527083333333334,44.69716473513088,43.89162974928817,43.79662193567816,-0.06882900000000008,-0.08005157894736847,-0.07210666666666665,3.070686839437755,2.5076344576275176,3.2416279211759615,-6366.2547522566165,7531.174731601888,17738.986216969133,2298.5833530204254,2272.7910367917793,2153.597702694853,-0.7138125000000002,-1.161907894736842,-0.8112731481481482,0.02488829492584364,-0.009097203968913926,-0.004228004814753279,-0.014289010273554698,-0.00613787853355253,-0.018258972167877856,0.01757192317292981,-13138.522866601526,0.07109600000000005,-0.098363,0.02726833333333334,0.16945900000000003,-0.07800599999999985,0.075951,0.15395666666666663,0.028309,-0.0027361403010912333,-0.0381839333333332,-0.004854999999999998,-0.020357000000000014,0.025212333333333392,0.015502333333333347,-0.1450863333333333,0.00315199999999987,0.14823799999999995,0.009227777777777835,0.01985649403564707,0.03159056666666654
2019,Switzerland,CHE,146,8532.080653233244,26968.575907835817,115.14437625071216,108.90285603123102,727212.15,0.2549666070573166,131.53365988760393,38543.03255938109,276058.12,311976.71,675753.0,1072273.0,-1.0,-0.49,165.879119535661,4.39,158.52694527763447,0.39793,80287.64,74331.51,0.9682,1104113.300939456,1064720.294111856,842570.1783546414,261543.12258481467,824738.3125,5.474937205837563,108.03953271111564,65.28172647913566,0.0,0.0,0.0,0.0,FLOAT,DEU,0.0,0.2989999949932098,0.0736410915851593,0.026516979560256,-0.01,,,0.0361262559890747,0.0375148355960845,0.0362068191170692,0.2601999938488006,0.0307887624949216,,,,-0.00489,0.0388000011444091,,,0.0082584898918867,0.237106,0.122519,0.640375,11.0,0.114587,0.026123,0.006413,-0.01971,0.1488823333333333,0.0545058502395231,0.1291293333333333,0.0557504175260896,-0.0296708,0.0083016999999999,0.230693,0.327162,0.096396,0.145046,0.672911,0.527793,0.134297,0.182116,-0.04865,-0.0601589999999999,-0.096469,0.050982,-0.047819,0.111141,0.222527,0.243409,0.0874384522221202,0.0640295398468551,-0.0722960999999999,-0.0300062999999999,0.0710715,0.0585212999999999,0,0,0,1070820.3514600687,1063037.339631932,1010305.39255617,1031837.5130322912,995286.0,967510.0,1063992.0,1031170.0,995030.0,0.0325,-0.0725,-0.3625,-0.95,-1.0,-0.9,160.11865959460675,155.40603331730884,152.40591684400172,0.39234,0.4120499999999999,0.4048299999999999,131.06035352028297,129.8471808809685,129.15874677627687,44085.26198413066,43040.770415029736,56561.641162308144,26828.437275195964,26259.9504401359,26120.518572067667,0.51,0.9824999999999999,0.9275,0.5375000000000001,0.00732148489801067,0.036724632952027055,0.03182986316514251,0.03032460308458971,0.021648435184827435,0.031091069042526343,0.02053123014634332,0.027545863299054892,28920.673697799477,24056.2425978329,270869.3357083957,276240.64007427206,235272.30841948418,326611.3439153491,304562.82242721075,291354.5499233798,378019.2380952381,362457.1,343491.6842105263,-1.996190476190476,-2.20625,-2.6276315789473683,-1.3713690476190474,-1.4924374999999999,-1.4657236842105263,47.28135459647018,44.69716473513088,43.89162974928817,-0.08526142857142849,-0.06882900000000008,-0.08005157894736847,4.137636295921865,3.070686839437755,2.5076344576275176,-5018.608194952991,-6366.2547522566165,7531.174731601888,2757.6138379366566,2298.5833530204254,2272.7910367917793,-0.6248214285714284,-0.7138125000000002,-1.161907894736842,-0.02122870165145451,-0.0006264580148525808,-0.008507254358231423,-0.002934996045365963,0.010479429907209152,-0.007827293322300644,0.006734014039337495,1506.5250167322483,-0.05434400000000003,-0.126131,0.180475,0.07178700000000002,-0.027768000000000025,-0.12543999999999997,-0.09767200000000001,0.002003111111111122,0.02605396139817296,-0.0830586999999999,0.07109600000000005,-0.098363,0.02726833333333334,0.16945900000000003,-0.07800599999999985,0.075951,0.15395666666666663,0.028309,-0.0027361403010912333,-0.0381839333333332
2020,Switzerland,CHE,146,8592.988426182013,26106.34192738905,111.58738228034032,104.14092520193591,706241.81,0.2574120894293234,130.5792453996545,17883.253885983322,273557.21,299396.11,736521.0,1141632.0,-0.85,-0.525,173.0534423658934,4.82,154.7169931475854,0.42381,74884.74,92086.35,0.8806,1124874.2243209414,1097974.3813777429,858413.2398424989,266460.98447844246,831698.0625,5.1736787856259605,105.6157178420021,64.85944787304453,0.0,0.0,0.0,0.0,FLOAT,DEU,0.0,0.0399999991059303,0.0797750502824783,-0.0090361274778842,-0.0085,,,0.0432503223419189,0.0365247316658496,0.0350105166435241,0.0080000003799796,0.0317460335791111,,,,-0.005238,0.0320000015199184,,,-0.0087680639699101,0.321618,0.229608,0.448774,10.0,0.092011,0.107089,0.084512,-0.022576,0.1213203333333333,0.0243471400031569,0.1436666666666666,0.0347258470067084,0.0279809,-0.0290024999999999,0.237106,0.230693,0.122519,0.096396,0.640375,0.672911,0.114587,0.134297,0.026123,-0.04865,0.006413,-0.096469,-0.01971,-0.047819,0.1488823333333333,0.222527,0.0545058502395231,0.0874384522221202,-0.0296708,-0.0722960999999999,0.0083016999999999,0.0710715,0,0,0,1104113.300939456,1070820.3514600687,1063037.339631932,1064720.294111856,1031837.5130322912,995286.0,1072273.0,1063992.0,1031170.0,-0.49,0.0325,-0.0725,-1.0,-0.95,-1.0,165.879119535661,160.11865959460675,155.40603331730884,0.39793,0.39234,0.4120499999999999,131.53365988760393,131.06035352028297,129.8471808809685,38543.03255938109,44085.26198413066,43040.770415029736,26968.575907835817,26828.437275195964,26259.9504401359,0.32499999999999996,0.51,0.9824999999999999,0.9275,0.031091069042526395,0.03186817756114645,0.0077829532552876335,0.03597619387795749,0.005223510829287752,0.018803254488303445,0.03020220688985124,0.022449492354837834,21880.36035464145,28920.673697799477,291850.04265558324,270869.3357083957,276240.64007427206,344648.15481694345,326611.3439153491,304562.82242721075,369117.5454545454,378019.2380952381,362457.1,-2.4279545454545453,-1.996190476190476,-2.20625,-1.3590340909090908,-1.3713690476190474,-1.4924374999999999,50.892662055866694,47.28135459647018,44.69716473513088,-0.07579590909090911,-0.08526142857142849,-0.06882900000000008,4.422868286155477,4.137636295921865,3.070686839437755,-10332.719065386511,-5018.608194952991,-6366.2547522566165,2772.406387033938,2757.6138379366566,2298.5833530204254,-1.0689204545454545,-0.6248214285714284,-0.7138125000000002,0.003551773047892382,-0.005453082071692587,-0.032149056917694326,0.002856356464447811,-0.0064445149201023955,0.002235048087322309,0.0013009423931535646,6291.665326344493,-0.0409056666666667,-0.026363333333333364,0.06726866666666664,-0.014542333333333324,0.09976766666666664,0.013438333333333365,-0.08632933333333331,-0.081617,-0.024072245630066873,-0.004578700000000033,-0.05434400000000003,-0.126131,0.180475,0.07178700000000002,-0.027768000000000025,-0.12543999999999997,-0.09767200000000001,0.002003111111111122,0.02605396139817296,-0.0830586999999999
2003,Germany,DEU,134,82479.0,19087.572240241872,98.0506280749674,98.95,4325.454953099999,0.2013767546531145,131.37834850614416,55.61261497125925,1045.45763322,1299.55711099,1458.73429137,2937.265494,2.318,4.070833333333333,116.85374665437853,9.779,143.37988333038717,0.633089,472.4816,549.1012,1.5485589865399845,4384.18,2199.3132,1935.01801297,2449.16,3323.451904296875,4.549333572387695,112.79603576660156,67.82482147216797,0.0,0.0,0.0,0.0,FLOAT,USA,0.0,0.3757628500461578,0.0395192392170429,0.0408715344965457,0.0231800004839897,,,-0.0095523856580257,0.0490716248750686,0.0495448969304561,0.3397007286548614,0.026918064802885,,,,0.0407083332538604,0.0360621511936187,0.0844337195158004,0.0992487668991088,0.0320257693529129,0.262577,0.134362,0.603062,6.0,0.128215,-0.055316,0.086418,0.141735,0.121797,0.0588115210736807,0.0730746666666666,0.0757571979770459,0.0244757,-0.0072899,0.176159,0.21667,0.189678,0.089566,0.634163,0.693764,-0.01352,0.127104,0.100112,0.003419,-0.0405109999999999,0.0248829999999999,-0.140624,0.0214639999999999,0.0886496666666666,0.0857313333333333,0.0021931097403762,0.0047262289759736,0.0301745,0.0022176,-0.0204729999999999,0.0181488999999999,0,0,0,4383.4,4373.85,4277.93,1973.2819,1919.3792,1868.2167,2842.603322,2803.877888,2637.827921,4.782500000000001,4.7975,5.263333333333333,3.278,4.373,4.112,117.98099657561474,121.34849524325504,121.34496191365132,0.597035,0.579365,0.590658,129.95744724594516,128.2829844814009,125.8908948177662,74.22970878925503,-15.59431454333154,-70.87662150479989,19140.37834615822,19156.68989625507,18943.516375383148,1.7528333333333328,1.5045000000000006,0.4245000000000001,1.1513333333333327,0.002183431073310532,0.028083403217040108,0.01381138392857141,-0.027750642155799473,-0.0008514806151368323,0.00017794406168736288,0.023020931119980565,0.021143297944173717,32.830000000000226,95.86000000000027,340.88799999999947,414.1725000000001,424.3366666666666,310.81604000000016,321.1416750000001,359.9722333333332,214.77418613333384,220.06094016666748,72.01463088889022,-0.1703333333333319,-0.19416666666666593,0.362222222222222,-0.28500000000000014,1.0125000000000002,1.0020000000000002,-2.915862588811706,0.5645450985357456,0.7480156919093588,0.005948999999999982,-0.014651250000000005,-0.004477666666666713,5.111417193254596,4.296193035887896,2.5388044963376046,113.10461374709485,29.100738018135345,-34.90875859111066,696.8471769218195,891.4484087733363,904.3665172018846,0.11466666666666803,-1.2066666666666657,-0.6397777777777778,-0.046814476794171736,-0.06944878072926824,-0.01975698835700812,-0.02783201204206115,-0.020721017524643684,-0.03228502788859379,0.009954989763232667,-103.52300000000014,-0.010698000000000013,0.10102833333333334,-0.09033033333333329,-0.11172733333333333,0.09719366666666664,-0.05873266666666653,-0.15592699999999993,0.006389388888888833,-0.0027953619707627997,0.0271255,0.04803466666666667,0.0038346666666666807,-0.05186933333333321,0.04419966666666665,0.0001546666666666671,0.0182843333333332,0.01812966666666657,0.005206583333333292,-0.0003933641027480993,-0.0016627999999999999
2004,Germany,DEU,134,82462.0,19283.670487293424,99.24203099176567,99.11,4425.1044916,0.1918204268830481,133.6779440361183,183.08675605462915,1125.47846184,1430.77570152,1531.1938812099995,2963.669199,2.04833,4.036666666666667,114.60713791468775,10.7267,143.8394908962348,0.649877,457.3552,535.119,1.4358931062330225,4350.09,2205.6404,1980.3365499000008,2369.75,3321.032470703125,4.32387113571167,108.45059967041016,67.83305358886719,0.0,0.0,0.0,0.0,FLOAT,USA,0.0,0.0846646726131439,0.0307930838316679,0.0670132040977478,0.0204833000898361,,,-0.0192291233688592,0.0500222072005271,0.051002949476242,0.0627376437187194,0.0206325892359018,,,,0.040366668254137,0.0219270288944244,0.0411849319934845,0.0404268912971019,0.0437482520937919,0.219616,0.146535,0.633849,14.0,0.073081,0.0121729999999999,-0.042961,-0.055134,0.1378686666666666,0.0501480375421943,0.0805996666666666,0.0815119152046701,0.0115591,-0.0020334,0.262577,0.176159,0.134362,0.189678,0.603062,0.634163,0.128215,-0.01352,-0.055316,0.100112,0.086418,-0.0405109999999999,0.141735,-0.140624,0.121797,0.0886496666666666,0.0588115210736807,0.0021931097403762,0.0244757,0.0301745,-0.0072899,-0.0204729999999999,0,0,0,4384.18,4383.4,4373.85,2199.3132,1973.2819,1919.3792,2937.265494,2842.603322,2803.877888,4.070833333333333,4.782500000000001,4.7975,2.318,3.278,4.373,116.85374665437853,117.98099657561474,121.34849524325504,0.633089,0.597035,0.579365,131.37834850614416,129.95744724594516,128.2829844814009,55.61261497125925,74.22970878925503,-15.59431454333154,19087.572240241872,19140.37834615822,19156.68989625507,1.988336666666667,1.7528333333333328,1.5045000000000006,0.4245000000000001,0.00017794406168742413,0.11454587405884588,0.033301224714462736,-0.009554504148587625,-0.002758885167332512,-0.00777568439252041,0.008261144800659906,0.012304638086116693,-7.04999999999953,32.830000000000226,284.85333333333347,340.88799999999947,414.1725000000001,485.0446666666669,310.81604000000016,321.1416750000001,273.6406604444451,214.77418613333384,220.06094016666748,-0.8536111111111113,-0.1703333333333319,-0.19416666666666593,-1.1974999999999998,-0.28500000000000014,1.0125000000000002,-3.5571354119126397,-2.915862588811706,0.5645450985357456,0.04101149999999998,0.005948999999999982,-0.014651250000000005,5.680415587911156,5.111417193254596,4.296193035887896,75.63675097124992,113.10461374709485,29.100738018135345,527.8998748518352,696.8471769218195,891.4484087733363,0.3438888888888889,0.11466666666666803,-1.2066666666666657,-0.039457068446960494,0.03090344625839117,0.0036842501002848325,-0.004069471626437072,-0.018484218571910627,-0.03897355723576601,-0.0013724175356325235,-132.04533333333347,0.06770499999999999,0.012565000000000007,-0.08026900000000003,0.05514033333333333,-0.08846333333333337,0.078403,0.16686766666666675,0.03618100000000003,0.0541425377569991,0.012384866666666666,-0.010698000000000013,0.10102833333333334,-0.09033033333333329,-0.11172733333333333,0.09719366666666664,-0.05873266666666653,-0.15592699999999993,0.006389388888888833,-0.0027953619707627997,0.0271255
2005,Germany,DEU,134,82415.0,19417.057021603057,100.0,99.03,4475.5453473,0.1909482983723561,136.2566166935165,220.6458601187648,1221.624130895,1526.3594606159998,1701.21027145,3112.312279,2.09,3.353333333333333,112.3598519534896,11.1667,144.35213010429558,0.6734650000000001,489.0416,550.5329,1.657904552004747,4354.91,2257.9958,2008.57091178,2346.33,3327.639404296875,4.38466739654541,104.71192932128906,67.78368377685547,0.0,0.0,0.0,0.0,FLOAT,USA,0.0,0.282017707824707,0.0319321528077125,0.0408163256943225,0.0208999998867511,,,-0.0196061320602893,0.0515382848680019,0.0525689572095871,0.2507081031799316,0.025033501908183,,,,0.0335333347320556,0.0313096046447753,0.0706529319286346,0.082300029695034,0.0308581627905368,0.149204,0.065019,0.785777,12.0,0.084185,-0.081516,-0.070412,0.011104,0.1568583333333333,0.0290670495980127,0.062592,0.0714473015375668,-0.0361804,0.0237981,0.219616,0.262577,0.146535,0.134362,0.633849,0.603062,0.073081,0.128215,0.0121729999999999,-0.055316,-0.042961,0.086418,-0.055134,0.141735,0.1378686666666666,0.121797,0.0501480375421943,0.0588115210736807,0.0115591,0.0244757,-0.0020334,-0.0072899,0,0,1,4350.09,4384.18,4383.4,2205.6404,2199.3132,1973.2819,2963.669199,2937.265494,2842.603322,4.036666666666667,4.070833333333333,4.782500000000001,2.04833,2.318,3.278,114.60713791468775,116.85374665437853,117.98099657561474,0.649877,0.633089,0.597035,133.6779440361183,131.37834850614416,129.95744724594516,183.08675605462915,55.61261497125925,74.22970878925503,19283.670487293424,19087.572240241872,19140.37834615822,1.2633333333333332,1.988336666666667,1.7528333333333328,1.5045000000000006,-0.007775684392520413,0.002876898115284433,0.008989212944466543,-0.019225816920835463,0.010273608638301452,0.001108023052396545,-0.0018047697525075401,0.0052672915969392865,-11.95599999999964,-7.04999999999953,210.07000000000062,284.85333333333347,340.88799999999947,422.0797714285716,485.0446666666669,310.81604000000016,260.95284252381,273.6406604444451,214.77418613333384,-0.7658333333333331,-0.8536111111111113,-0.1703333333333319,-1.2960985714285718,-1.1974999999999998,-0.28500000000000014,-5.295581949901603,-3.5571354119126397,-2.915862588811706,0.05194071428571434,0.04101149999999998,0.005948999999999982,7.16852317675513,5.680415587911156,5.111417193254596,192.30564191586984,75.63675097124992,113.10461374709485,648.5838540674085,527.8998748518352,696.8471769218195,0.5302652380952391,0.3438888888888889,0.11466666666666803,-0.040834518826674916,-0.08591610406156881,-0.02124180335309217,-0.013062539127612065,-0.0023710216709582257,-0.04124476034178025,-0.008135280517683426,-138.91399999999985,0.0011473333333333335,0.008666333333333331,-0.00981399999999999,-0.0075186666666666735,-0.0038986666666667724,-0.06655766666666667,-0.06265899999999996,0.039142666666666645,0.02823775094551747,-0.007396833333333332,0.06770499999999999,0.012565000000000007,-0.08026900000000003,0.05514033333333333,-0.08846333333333337,0.078403,0.16686766666666675,0.03618100000000003,0.0541425377569991,0.012384866666666666
2006,Germany,DEU,134,82322.0,20040.620318052523,103.93361022545812,100.0,4664.8110164,0.1984649820098736,138.68857451821177,257.6367017998274,1412.328899709,1726.081974811,1797.6991886700002,3266.431683,2.83583,3.7625,112.35496418087114,10.2502,145.890047728478,0.6670470000000001,497.8526,553.0833,1.485064540622627,4385.43,2303.072,2030.28649227,2355.14,3472.525146484375,4.691741943359375,101.31134033203124,67.692626953125,0.0,0.0,0.0,0.0,FLOAT,USA,0.0,0.2408724278211593,0.0530705004930496,0.0026881722733378,0.0283582992851734,,,-4.449982225196436e-05,0.0531149990856647,0.0531173646450042,0.2132661938667297,0.0227536372840404,,,,0.0376249998807907,0.0276062190532684,0.0781885981559753,0.0959122627973556,0.0155232362449169,0.179576,0.070921,0.749502,12.0,0.108655,0.005902,0.030372,0.02447,0.1153053333333333,0.043972513827769,0.0951603333333333,0.0291596115429086,-0.0271839,-0.0047575999999999,0.149204,0.219616,0.065019,0.146535,0.785777,0.633849,0.084185,0.073081,-0.081516,0.0121729999999999,-0.070412,-0.042961,0.011104,-0.055134,0.1568583333333333,0.1378686666666666,0.0290670495980127,0.0501480375421943,-0.0361804,0.0115591,0.0237981,-0.0020334,0,1,1,4354.91,4350.09,4384.18,2257.9958,2205.6404,2199.3132,3112.312279,2963.669199,2937.265494,3.353333333333333,4.036666666666667,4.070833333333333,2.09,2.04833,2.318,112.3598519534896,114.60713791468775,116.85374665437853,0.6734650000000001,0.649877,0.633089,136.2566166935165,133.6779440361183,131.37834850614416,220.6458601187648,183.08675605462915,55.61261497125925,19417.057021603057,19283.670487293424,19087.572240241872,0.9266700000000001,1.2633333333333332,1.988336666666667,1.7528333333333328,0.00110802305239655,0.023737051606417762,0.05015508480168953,-0.01960860381027064,0.006917071850897133,0.007008181569768457,-0.002163239092812167,0.004882716294635857,0.8569999999998225,-11.95599999999964,188.63124999999945,210.07000000000062,284.85333333333347,421.67520000000013,422.0797714285716,485.0446666666669,376.97681720833407,260.95284252381,273.6406604444451,-1.3534375000000005,-0.7658333333333331,-0.8536111111111113,-1.0924162500000003,-1.2960985714285718,-1.1974999999999998,-6.8809201673620635,-5.295581949901603,-3.5571354119126397,0.06903612500000011,0.05194071428571434,0.04101149999999998,8.851130437058927,7.16852317675513,5.680415587911156,205.82654074052175,192.30564191586984,75.63675097124992,700.8974066186165,648.5838540674085,527.8998748518352,-0.26102124999999976,0.5302652380952391,0.3438888888888889,-0.026117308692232968,-0.05278222141878279,0.022958611840286844,-0.011579248998816948,-0.005388841076797083,-0.034729102958454834,-0.007163975733706284,-116.03719999999998,-0.07024666666666668,-0.09183933333333336,0.16208566666666657,0.021593,-0.10050566666666665,-0.07139400000000003,0.029111666666666668,0.04075322222222223,-0.007983839854071036,-0.05825016666666667,0.0011473333333333335,0.008666333333333331,-0.00981399999999999,-0.0075186666666666735,-0.0038986666666667724,-0.06655766666666667,-0.06265899999999996,0.039142666666666645,0.02823775094551747,-0.007396833333333332
2007,Germany,DEU,134,82212.0,20546.93610742278,107.17035848847374,99.9,4888.694876500001,0.2014146846739173,141.8636748650762,313.2550451914068,1505.557643902,1885.49444154,1879.49004344,3616.916419,3.85917,4.216666666666667,113.5376579324722,8.6583,147.3926109245183,0.639942,543.8518,572.6631,1.3285986006385428,4476.81,2281.9119,2013.09083491,2463.72,3701.9658203125,4.6153178215026855,96.62252044677734,67.43142700195312,0.0,0.0,0.0,0.0,FLOAT,USA,0.0,0.2042311728000641,0.0643095597624778,0.0251379925757646,0.0385917015373706,,,0.0105291260406374,0.0537804365158081,0.0532200746238231,0.175582081079483,0.0243701227009296,,,,0.0421666651964187,0.028649078682065,0.0847330540418624,0.0987472757697105,0.0318648479878902,0.241957,0.080404,0.677639,10.0,0.161553,0.009483,0.0623809999999999,0.052898,0.0941583333333333,0.0454554156216103,0.0886403333333333,0.0182006831007337,-0.0192491,0.0289886,0.179576,0.149204,0.070921,0.065019,0.749502,0.785777,0.108655,0.084185,0.005902,-0.081516,0.030372,-0.070412,0.02447,0.011104,0.1153053333333333,0.1568583333333333,0.043972513827769,0.0290670495980127,-0.0271839,-0.0361804,-0.0047575999999999,0.0237981,1,1,1,4385.43,4354.91,4350.09,2303.072,2257.9958,2205.6404,3266.431683,3112.312279,2963.669199,3.7625,3.353333333333333,4.036666666666667,2.83583,2.09,2.04833,112.35496418087114,112.3598519534896,114.60713791468775,0.6670470000000001,0.6734650000000001,0.649877,138.68857451821177,136.2566166935165,133.6779440361183,257.6367017998274,220.6458601187648,183.08675605462915,20040.620318052523,19417.057021603057,19283.670487293424,0.3574966666666666,0.9266700000000001,1.2633333333333332,1.988336666666667,0.007008181569768477,0.019962924643172484,0.049519260981587244,-4.3501059617657866e-05,0.03211420225813316,0.02083718130263179,0.00011350674321486398,0.0074419399496806005,41.06800000000049,0.8569999999998225,198.19222222222288,188.63124999999945,210.07000000000062,419.8986,421.67520000000013,422.0797714285716,489.2099081851852,376.97681720833407,260.95284252381,-0.7938888888888886,-1.3534375000000005,-0.7658333333333331,-0.22520666666666678,-1.0924162500000003,-1.2960985714285718,-6.121261254718078,-6.8809201673620635,-5.295581949901603,0.05494744444444455,0.06903612500000011,0.05194071428571434,10.299629324303197,8.851130437058927,7.16852317675513,219.9477667837486,205.82654074052175,192.30564191586984,1246.5832134437915,700.8974066186165,648.5838540674085,-0.5686822222222219,-0.26102124999999976,0.5302652380952391,-0.016952486588331917,-0.049958570704680225,0.0194529615401487,0.009433259876688154,0.02048189446503858,-0.027491056699791402,-0.003581326973846356,-83.8846666666672,-0.030889666666666676,-0.04438433333333333,0.07527266666666665,0.013494666666666669,0.04745500000000003,0.039357,-0.008098333333333332,-0.023535999999999987,-0.0020363555768602368,-0.027135366666666667,-0.07024666666666668,-0.09183933333333336,0.16208566666666657,0.021593,-0.10050566666666665,-0.07139400000000003,0.029111666666666668,0.04075322222222223,-0.007983839854071036,-0.05825016666666667
2008,Germany,DEU,134,82056.0,20801.43744384757,108.40499281157814,100.37,4980.5015367,0.2036000781860829,145.75799683747348,299.69195228249873,1575.870123568,1923.080017816,2007.7964031000004,3957.622005,3.81833,3.98416666666667,114.24432385321371,7.5245,150.71592716987803,0.655222,572.6416,595.781,1.4053531651936473,4610.92,2263.7031,2004.49496206,2606.42,3883.572265625,4.753914833068848,91.9026336669922,66.14948272705078,1.0,1.0,0.0,0.0,FLOAT,USA,0.0,-0.4257866144180298,0.0600625462830066,0.1014399155974388,0.0381833016872406,,,0.006218182388693,0.0538443624973297,0.0535116158425807,-0.4435808956623077,0.0319799445569515,,,,0.0398416668176651,0.0177942514419555,0.0067067216150462,-0.0120556652545928,0.06981161236763,0.17559,0.143446,0.680964,14.0,0.032144,0.0630419999999999,-0.066367,-0.129409,0.0721146666666666,0.0077616484288675,0.118131,0.0395448832088299,0.0244763999999999,-0.0103224999999999,0.241957,0.179576,0.080404,0.070921,0.677639,0.749502,0.161553,0.108655,0.009483,0.005902,0.0623809999999999,0.030372,0.052898,0.02447,0.0941583333333333,0.1153053333333333,0.0454554156216103,0.043972513827769,-0.0192491,-0.0271839,0.0289886,-0.0047575999999999,0,0,0,4476.81,4385.43,4354.91,2281.9119,2303.072,2257.9958,3616.916419,3266.431683,3112.312279,4.216666666666667,3.7625,3.353333333333333,3.85917,2.83583,2.09,113.5376579324722,112.35496418087114,112.3598519534896,0.639942,0.6670470000000001,0.6734650000000001,141.8636748650762,138.68857451821177,136.2566166935165,313.2550451914068,257.6367017998274,220.6458601187648,20546.93610742278,20040.620318052523,19417.057021603057,0.16583666666666996,0.3574966666666666,0.9266700000000001,1.2633333333333332,0.020837181302631694,-0.00918777181086829,0.1072989641338843,0.01052640406432903,0.025264476914128833,0.029956598560135328,0.00965112864159893,0.010126638051894583,85.94100000000061,41.06800000000049,269.7530000000006,198.19222222222288,188.63124999999945,356.74864,419.8986,421.67520000000013,790.7736533666671,489.2099081851852,376.97681720833407,-0.26033333333333264,-0.7938888888888886,-1.3534375000000005,0.8206540000000002,-0.22520666666666678,-1.0924162500000003,-4.326441377645196,-6.121261254718078,-6.8809201673620635,0.02234769999999997,0.05494744444444455,0.06903612500000011,12.444766738737343,10.299629324303197,8.851130437058927,253.57133349695314,219.9477667837486,205.82654074052175,1628.2406814696697,1246.5832134437915,700.8974066186165,-1.080987333333333,-0.5686822222222219,-0.26102124999999976,-0.001239877234542934,-0.07355831485820097,0.07507122452131812,0.018955025014336158,0.011356403069363297,-0.01451705271393341,-0.0004489629999015806,-31.690142857142654,0.05915833333333334,-0.013754333333333327,-0.04540366666666662,0.07291266666666667,0.030630000000000032,0.0900479999999999,0.059418,-0.042519111111111105,0.004392881965618302,-0.001980700000000002,-0.030889666666666676,-0.04438433333333333,0.07527266666666665,0.013494666666666669,0.04745500000000003,0.039357,-0.008098333333333332,-0.023535999999999987,-0.0020363555768602368,-0.027135366666666667
2009,Germany,DEU,134,81770.50477935714,19789.8454371839,102.49195886061952,100.4,4783.432105899999,0.1918919689013717,146.1168102870187,273.0727148145284,1298.951390439,1570.553982045,2355.7698533800003,3887.994457,0.625833,3.2225,114.83318267608496,7.7416,151.26392080608093,0.729901,552.6374,620.1468,1.3576495904484234,4611.05,2259.1089,2015.38111184,2595.67,3793.7666015625,5.044615745544434,88.9836196899414,62.845703125,0.0,0.0,0.0,0.0,FLOAT,USA,0.0,0.254040002822876,0.059235967695713,0.0492471829056739,0.0062583298422396,,,0.0051556318067014,0.0540803372859954,0.0538029484450817,0.202718436717987,0.0426713041961193,,,,0.0322250016033649,0.0513215661048889,0.0755668804049491,0.0901338383555412,0.0277527570724487,0.173648,0.076931,0.749421,12.0,0.096718,-0.0665149999999999,-0.0019419999999999,0.0645739999999999,0.098257,0.0394210110600933,0.100784,0.0650625606704808,0.0081072,-0.0165219999999999,0.17559,0.241957,0.143446,0.080404,0.680964,0.677639,0.032144,0.161553,0.0630419999999999,0.009483,-0.066367,0.0623809999999999,-0.129409,0.052898,0.0721146666666666,0.0941583333333333,0.0077616484288675,0.0454554156216103,0.0244763999999999,-0.0192491,-0.0103224999999999,0.0289886,0,0,0,4610.92,4476.81,4385.43,2263.7031,2281.9119,2303.072,3957.622005,3616.916419,3266.431683,3.98416666666667,4.216666666666667,3.7625,3.81833,3.85917,2.83583,114.24432385321371,113.5376579324722,112.35496418087114,0.655222,0.639942,0.6670470000000001,145.75799683747348,141.8636748650762,138.68857451821177,299.69195228249873,313.2550451914068,257.6367017998274,20801.43744384757,20546.93610742278,20040.620318052523,2.596667,0.16583666666666996,0.3574966666666666,0.9266700000000001,0.029956598560135377,-0.007979624454388394,0.09419780457470395,0.006224066390041371,0.012386339992211719,2.819393960429295e-05,0.019267320477511857,0.011554471335748093,81.09699999999958,85.94100000000061,379.33999999999924,269.7530000000006,198.19222222222288,306.1081454545456,356.74864,419.8986,1059.590725424243,790.7736533666671,489.2099081851852,-0.4691666666666632,-0.26033333333333264,-0.7938888888888886,0.7052090909090909,0.8206540000000002,-0.22520666666666678,-3.226462604390491,-4.326441377645196,-6.121261254718078,0.03559609090909077,0.02234769999999997,0.05494744444444455,15.207746280340302,12.444766738737343,10.299629324303197,216.95630117923116,253.57133349695314,219.9477667837486,1734.7201377608544,1628.2406814696697,1246.5832134437915,-1.1743757575757539,-1.080987333333333,-0.5686822222222219,0.008003527746415044,-0.06499433601590099,0.054462942510005954,0.012757184838614884,-0.0026573741594901456,-0.003287855020916771,0.0010287550617187717,17.1441250000003,-0.014655666666666678,0.07133133333333333,-0.05667533333333319,-0.08598700000000001,0.08508566666666657,-0.07381399999999996,-0.15889966666666666,-0.049992666666666685,-0.03173667792026316,0.0520141999999999,0.05915833333333334,-0.013754333333333327,-0.04540366666666662,0.07291266666666667,0.030630000000000032,0.0900479999999999,0.059418,-0.042519111111111105,0.004392881965618302,-0.001980700000000002
2010,Germany,DEU,134,81569.3373285127,20661.4454356808,106.93970693999252,100.9273600862678,5015.530452,0.1943555576226909,147.7514048905024,287.1359427412455,1556.186650448,1857.313864985,2559.27200905,3887.798874,0.383333,2.74333333333333,117.77765345692136,6.9664,155.15290790171466,0.8238160000000001,564.64420934,651.41265146,1.4637254901960783,4601.88,2256.5525,2025.6061910800004,2576.27,3690.592529296875,4.55906867980957,86.23844909667969,65.77339935302734,0.0,0.0,0.0,0.0,FLOAT,USA,0.0,0.1845751404762268,0.0800661295652389,0.0400670915842056,0.0038333300035446,,,0.025645937770605,0.0544201917946338,0.0530594326555728,0.1510989069938659,0.0290819779038429,,,,0.0274333339184522,0.0334762334823608,0.0791653990745544,0.0986094325780868,0.0219502113759517,0.234662,0.099017,0.666321,14.0,0.135645,0.0220859999999999,0.061014,0.0389269999999999,0.1002603333333333,0.0374401760991229,0.096805,0.0647045438667177,-0.0010676,-0.001315,0.173648,0.17559,0.076931,0.143446,0.749421,0.680964,0.096718,0.032144,-0.0665149999999999,0.0630419999999999,-0.0019419999999999,-0.066367,0.0645739999999999,-0.129409,0.098257,0.0721146666666666,0.0394210110600933,0.0077616484288675,0.0081072,0.0244763999999999,-0.0165219999999999,-0.0103224999999999,0,0,0,4611.05,4610.92,4476.81,2259.1089,2263.7031,2281.9119,3887.994457,3957.622005,3616.916419,3.2225,3.98416666666667,4.216666666666667,0.625833,3.81833,3.85917,114.83318267608496,114.24432385321371,113.5376579324722,0.729901,0.655222,0.639942,146.1168102870187,145.75799683747348,141.8636748650762,273.0727148145284,299.69195228249873,313.2550451914068,19789.8454371839,20801.43744384757,20546.93610742278,2.36000033333333,2.596667,0.16583666666666996,0.3574966666666666,2.819393960426751e-05,-0.002029506431298345,-0.01759327897207818,0.005154381443298991,-0.048630870313381626,-0.0019887010550742046,0.016940657934123804,0.015339964848510976,37.53399999999998,81.09699999999958,347.8583333333336,379.33999999999924,269.7530000000006,276.0049333333334,306.1081454545456,356.74864,901.6639503055553,1059.590725424243,790.7736533666671,-1.191736111111111,-0.4691666666666632,-0.26033333333333264,-2.5460553333333333,0.7052090909090909,0.8206540000000002,-2.368731897820041,-3.226462604390491,-4.326441377645196,0.10730875000000006,0.03559609090909077,0.02234769999999997,14.299247539857163,15.207746280340302,12.444766738737343,172.2573719463249,216.95630117923116,253.57133349695314,578.5681196171136,1734.7201377608544,1628.2406814696697,1.3543192222222222,-1.1743757575757539,-1.080987333333333,-0.02265247030560834,-0.05313564199136538,-0.06227931762859489,0.010527755815634785,-0.06343300499603893,-0.005285732062213146,0.004711373068309778,10.395222222221463,-0.025393,-0.021325999999999998,0.046719333333333335,-0.004066,-0.09265733333333319,-0.010737333333333203,0.0819209999999999,0.004397555555555599,0.007024485100677692,0.0154260666666667,-0.014655666666666678,0.07133133333333333,-0.05667533333333319,-0.08598700000000001,0.08508566666666657,-0.07381399999999996,-0.15889966666666666,-0.049992666666666685,-0.03173667792026316,0.0520141999999999
2011,Germany,DEU,134,81560.19335347431,21432.681417956832,113.21667818360504,104.71665647398324,5268.145454799999,0.2026624789132558,151.4192757080756,350.64316172051184,1763.1545368779998,2071.023106259,2713.02176118,4117.608899,0.8091670000000001,2.60666666666667,124.13764674359513,5.8244,159.78433798833302,0.79801,600.7214495200001,635.35528716,1.5115774016539143,4724.657,2283.0735,2049.06246027,2675.59,3697.8662109375,4.658324241638184,85.58490753173828,65.03392791748047,0.0,0.0,0.0,0.0,FLOAT,USA,0.0,-0.1481596529483795,0.1077112853527069,0.082908846437931,0.008091670460999,,,0.0539998970925807,0.0537113919854164,0.0509595796465873,-0.1738988906145095,0.0311574880033731,,,,0.0260666664689779,0.0257392358034849,0.0634275823831558,0.0695555657148361,0.0455002598464489,0.217624,0.107277,0.675099,23.0,0.110348,0.00826,-0.0170379999999999,-0.0252969999999999,0.1064646666666666,0.0338771620761441,0.088169,0.0522774167399269,-0.0086420999999999,0.0273539,0.234662,0.173648,0.099017,0.076931,0.666321,0.749421,0.135645,0.096718,0.0220859999999999,-0.0665149999999999,0.061014,-0.0019419999999999,0.0389269999999999,0.0645739999999999,0.1002603333333333,0.098257,0.0374401760991229,0.0394210110600933,-0.0010676,0.0081072,-0.001315,-0.0165219999999999,0,0,0,4601.88,4611.05,4610.92,2256.5525,2259.1089,2263.7031,3887.798874,3887.994457,3957.622005,2.74333333333333,3.2225,3.98416666666667,0.383333,0.625833,3.81833,117.77765345692136,114.83318267608496,114.24432385321371,0.8238160000000001,0.729901,0.655222,147.7514048905024,146.1168102870187,145.75799683747348,287.1359427412455,273.0727148145284,299.69195228249873,20661.4454356808,19789.8454371839,20801.43744384757,1.79749966666667,2.36000033333333,2.596667,0.16583666666666996,-0.0019887010550742397,-0.001131596622013394,-5.030434126457783e-05,0.025641288625971436,0.04404278958436006,0.026679748276791315,0.00933203048155514,0.017889845518502426,33.204100000000146,37.53399999999998,311.9299999999994,347.8583333333336,379.33999999999924,252.21738461538416,276.0049333333334,306.1081454545456,832.1096018974358,901.6639503055553,1059.590725424243,-1.5792307692307728,-1.191736111111111,-0.4691666666666632,-2.5927049230769232,-2.5460553333333333,0.7052090909090909,0.7579490290025177,-2.368731897820041,-3.226462604390491,0.1929692307692309,0.10730875000000006,0.03559609090909077,14.83390002489034,14.299247539857163,15.207746280340302,173.0700328002478,172.2573719463249,216.95630117923116,1405.6628781434629,578.5681196171136,1734.7201377608544,1.0134741538461507,1.3543192222222222,-1.1743757575757539,-0.022781659441486152,-0.047809762016133316,-0.039546399862065054,0.030137350013671,0.034526738651372665,-0.01241383841821698,0.006832947095727612,-34.20730000000029,0.03759699999999999,-0.0012433333333333324,-0.03635366666666662,0.03883999999999997,0.020082666666666568,0.06298999999999999,0.04290599999999993,0.012083666666666673,0.006560817728932539,-0.005512433333333302,-0.025393,-0.021325999999999998,0.046719333333333335,-0.004066,-0.09265733333333319,-0.010737333333333203,0.0819209999999999,0.004397555555555599,0.007024485100677692,0.0154260666666667
2012,Germany,DEU,134,81713.60893467386,21483.78039850607,113.47725867112727,106.08861039479348,5369.3596573,0.2011217216651077,154.6757071035036,372.8821478429012,1758.012073059,2132.890898734,3100.00619664,4411.570148,0.255,1.49513,135.97092462328325,5.3794,163.99151493724585,0.811354,656.09295265,699.21509249,1.482363195391845,4764.223,2289.4065,2069.8,2694.42,3793.7998046875,5.005053997039795,85.53599548339844,63.944618225097656,0.0,0.0,0.0,0.0,FLOAT,USA,0.0,0.2926276624202728,0.1484805345535278,0.046400036662817,0.0025500000920146,,,0.0953213348984718,0.0531592033803463,0.0485329739749431,0.2476362437009811,0.0360613279044628,,,,0.0149499997496604,0.0449914187192916,0.1363033950328827,0.1736976504325866,0.0244750175625085,0.182342,0.114107,0.703551,29.0,0.068235,0.00683,-0.035282,-0.042113,0.0944083333333333,0.0156891613967521,0.1142369999999999,0.0197527484922984,0.0119788,-0.0110745999999999,0.217624,0.234662,0.107277,0.099017,0.675099,0.666321,0.110348,0.135645,0.00826,0.0220859999999999,-0.0170379999999999,0.061014,-0.0252969999999999,0.0389269999999999,0.1064646666666666,0.1002603333333333,0.0338771620761441,0.0374401760991229,-0.0086420999999999,-0.0010676,0.0273539,-0.001315,0,0,0,4724.657,4601.88,4611.05,2283.0735,2256.5525,2259.1089,4117.608899,3887.798874,3887.994457,2.60666666666667,2.74333333333333,3.2225,0.8091670000000001,0.383333,0.625833,124.13764674359513,117.77765345692136,114.83318267608496,0.79801,0.8238160000000001,0.729901,151.4192757080756,147.7514048905024,146.1168102870187,350.64316172051184,287.1359427412455,273.0727148145284,21432.681417956832,20661.4454356808,19789.8454371839,1.2401300000000002,1.79749966666667,2.36000033333333,2.596667,0.026679748276791232,0.011752884100857475,0.05911057450447725,0.054000000000000145,0.037327300487126895,0.008374364530589151,0.008239747053773802,0.016001318701393184,58.22960000000002,33.204100000000146,412.42628571428577,311.9299999999994,347.8583333333336,260.72285714285704,252.21738461538416,276.0049333333334,1002.4832267619045,832.1096018974358,901.6639503055553,-1.6030952380952348,-1.5792307692307728,-1.191736111111111,-1.9816777142857145,-2.5927049230769232,-2.5460553333333333,7.06380309931896,0.7579490290025177,-2.368731897820041,0.15337971428571429,0.1929692307692309,0.10730875000000006,17.442206554971335,14.83390002489034,14.299247539857163,224.21510657949642,173.0700328002478,172.2573719463249,2076.494369123535,1405.6628781434629,578.5681196171136,0.3785824761904797,1.0134741538461507,1.3543192222222222,0.007639225232032098,-0.03124760729202143,0.022656509742297166,0.0561778036943404,0.02515534658095699,-0.012471635311146903,0.004375008020641068,-35.42744545454554,0.022990666666666687,0.0008123333333333316,-0.02380300000000002,0.02217899999999999,0.002055666666666698,-0.014606333333333268,-0.016660999999999832,0.016253999999999977,0.005669550213449535,-0.0191474333333332,0.03759699999999999,-0.0012433333333333324,-0.03635366666666662,0.03883999999999997,0.020082666666666568,0.06298999999999999,0.04290599999999993,0.012083666666666673,0.006560817728932539,-0.005512433333333302
2013,Germany,DEU,134,81937.12832450101,21517.887790133365,113.66321456563762,106.18230592080108,5498.5226705000005,0.1969938858695652,157.14753308925944,348.0004779910781,1739.5459085309997,2128.081708347,3277.53101825,4526.572952,0.0891666666666666,1.571408,144.4385435087557,5.2306,167.17341347003708,0.787169,655.63724426,680.8576721100001,1.4181930244362266,4604.073,2306.95,2098.48,2505.59,4012.821533203125,5.753893852233887,83.76699829101562,60.787864685058594,0.0,0.0,0.0,0.0,FLOAT,USA,0.0,0.2674599885940552,0.1113569140434265,-0.0048566716723144,0.0008916666847653,,,0.0622746273875236,0.0490822903811931,0.0462048985064029,0.227613627910614,0.0324584022164344,,,,0.0156999994069337,0.0398463755846023,0.1087262108922004,0.1433668434619903,-0.001982502406463,0.18738,0.105353,0.707267,49.0,0.082027,-0.0087539999999999,0.0050379999999999,0.0137919999999999,0.1068003333333333,0.0075562843602751,0.1047426666666666,0.034052780302544,0.0025838,-0.0202966999999999,0.182342,0.217624,0.114107,0.107277,0.703551,0.675099,0.068235,0.110348,0.00683,0.00826,-0.035282,-0.0170379999999999,-0.042113,-0.0252969999999999,0.0944083333333333,0.1064646666666666,0.0156891613967521,0.0338771620761441,0.0119788,-0.0086420999999999,-0.0110745999999999,0.0273539,0,0,0,4764.223,4724.657,4601.88,2289.4065,2283.0735,2256.5525,4411.570148,4117.608899,3887.798874,1.49513,2.60666666666667,2.74333333333333,0.255,0.8091670000000001,0.383333,135.97092462328325,124.13764674359513,117.77765345692136,0.811354,0.79801,0.8238160000000001,154.6757071035036,151.4192757080756,147.7514048905024,372.8821478429012,350.64316172051184,287.1359427412455,21483.78039850607,21432.681417956832,20661.4454356808,1.4822413333333333,1.2401300000000002,1.79749966666667,2.36000033333333,0.008374364530589163,0.002773892299131011,0.07139125065311357,0.09532384566729885,0.002384161811243416,-0.03361513514375791,0.011021803917435421,0.014516428563999609,4.614500000000144,58.22960000000002,424.4971999999998,412.42628571428577,311.9299999999994,249.67433333333315,260.72285714285704,252.21738461538416,1229.6122606444442,1002.4832267619045,832.1096018974358,-2.6077588888888887,-1.6030952380952348,-1.5792307692307728,-2.403732866666667,-1.9816777142857145,-2.5927049230769232,18.426160772385828,7.06380309931896,0.7579490290025177,0.15649840000000004,0.15337971428571429,0.1929692307692309,19.53582418006792,17.442206554971335,14.83390002489034,231.50641892991933,224.21510657949642,173.0700328002478,1989.160391731206,2076.494369123535,1405.6628781434629,-0.2040260222222221,0.3785824761904797,1.0134741538461507,-0.011211817459315118,-0.03799462714431778,0.033318863766483686,0.09348894909775765,-0.011584602564994847,-0.008730221885089368,0.0025535788047366427,-7.449658333333545,-0.02630266666666667,0.01969866666666667,0.006603999999999943,-0.04600199999999999,0.01888633333333333,-0.049293333333333404,-0.06818099999999996,-0.007252333333333319,-0.021223621681701336,0.012512966666666632,0.022990666666666687,0.0008123333333333316,-0.02380300000000002,0.02217899999999999,0.002055666666666698,-0.014606333333333268,-0.016660999999999832,0.016253999999999977,0.005669550213449535,-0.0191474333333332
2014,Germany,DEU,134,82278.50339260067,21903.314593546904,115.69135476624218,106.8515719801027,5725.5554169,0.2000208015768277,158.35633573261617,448.9032025650593,1777.017264335,2200.375639386,3497.55798159,4747.190576,0.0966666666666666,1.163472,148.96199681518544,4.9806,171.99929291143712,0.756694,682.4418944099999,675.47718378,1.6109299069269414,4664.23,2397.22562606,2138.03316697,2526.19696792,4037.20263671875,5.915974140167236,82.93114471435547,61.0811882019043,0.0,0.0,0.0,0.0,FLOAT,USA,0.0,0.0309445112943649,0.09792460501194,0.0710037648677825,0.0009666666737757,,,0.051090870052576,0.0468337312340736,0.044557262212038,0.003986882045865,0.0268505793064832,,,,0.0116333337500691,0.0269576292484998,0.0727094113826751,0.0840694159269332,0.0359852164983749,0.20818,0.115324,0.676495,44.0,0.092856,0.0099709999999999,0.0208,0.0108289999999999,0.1089123333333333,0.0046004201257427,0.08687,0.0214701462267959,0.0015387,-0.0038684,0.18738,0.182342,0.105353,0.114107,0.707267,0.703551,0.082027,0.068235,-0.0087539999999999,0.00683,0.0050379999999999,-0.035282,0.0137919999999999,-0.042113,0.1068003333333333,0.0944083333333333,0.0075562843602751,0.0156891613967521,0.0025838,0.0119788,-0.0202966999999999,-0.0110745999999999,0,0,0,4604.073,4764.223,4724.657,2306.95,2289.4065,2283.0735,4526.572952,4411.570148,4117.608899,1.571408,1.49513,2.60666666666667,0.0891666666666666,0.255,0.8091670000000001,144.4385435087557,135.97092462328325,124.13764674359513,0.787169,0.811354,0.79801,157.14753308925944,154.6757071035036,151.4192757080756,348.0004779910781,372.8821478429012,350.64316172051184,21517.887790133365,21483.78039850607,21432.681417956832,1.0668053333333334,1.4822413333333333,1.2401300000000002,1.79749966666667,-0.033615135143757885,0.00766290302748759,0.026068451853165604,0.062275217359391934,0.0015875879847322477,0.013066039569745946,0.0004796592212075179,0.03091299113020106,-34.143100000000096,4.614500000000144,237.81612500000028,424.4971999999998,412.42628571428577,251.61318749999964,249.67433333333315,260.72285714285704,1267.7642983541673,1229.6122606444442,1002.4832267619045,-2.3684959583333334,-2.6077588888888887,-1.6030952380952348,-2.4193328958333336,-2.403732866666667,-1.9816777142857145,25.742144609584173,18.426160772385828,7.06380309931896,0.12253225000000001,0.15649840000000004,0.15337971428571429,20.786661154569515,19.53582418006792,17.442206554971335,192.15559789497632,231.50641892991933,224.21510657949642,1898.945258875301,1989.160391731206,2076.494369123535,0.05083693749999996,-0.2040260222222221,0.3785824761904797,-0.05245386263637449,-0.030572641273006688,-0.01422519261789652,0.054207724183333555,-0.01160886955383969,-0.01864877930381089,0.018767742884885474,-60.49170769230776,-0.024162666666666666,-0.0014473333333333283,0.02560999999999991,-0.022715666666666662,-0.021145999999999866,0.002139999999999863,0.023286333333333235,0.00642255555555557,-0.021445882163731264,0.0018274333333332992,-0.02630266666666667,0.01969866666666667,0.006603999999999943,-0.04600199999999999,0.01888633333333333,-0.049293333333333404,-0.06818099999999996,-0.007252333333333319,-0.021223621681701336,0.012512966666666632
2015,Germany,DEU,134,82993.76544004754,22037.585410165317,116.4052924692794,107.98220942679224,5918.6936294,0.2001982697658434,159.43277608125177,518.4999282385141,1853.396924244,2338.824933426,3939.12572069,5186.469994,-0.1075,0.4951937,155.98114849757638,4.6242,176.77214071062397,0.72207,708.5620040599999,667.4973973799999,1.7964820428033434,4772.176,2451.2515181500003,2201.88123732,2570.29506693,4159.5888671875,6.214084075824957,82.16059665367236,58.92035459681261,0.0,0.0,0.0,0.0,FLOAT,USA,0.0,0.1132978498935699,0.0968135148286819,0.0051290746778249,-0.0010750000365078,,,0.0517369471490383,0.0450765676796436,0.0428591668605804,0.0862742587924003,0.0248773265630006,,,,0.0049583334475755,0.0270235985517501,0.0780294463038444,0.1004225686192512,0.0020270373206585,0.192,0.115726,0.692274,43.0,0.076274,0.0004019999999999,-0.01618,-0.016582,0.1115946666666666,0.0054395840220864,0.0810393333333333,0.012340179266661,0.0014827999999999,0.0034946,0.20818,0.18738,0.115324,0.105353,0.676495,0.707267,0.092856,0.082027,0.0099709999999999,-0.0087539999999999,0.0208,0.0050379999999999,0.0108289999999999,0.0137919999999999,0.1089123333333333,0.1068003333333333,0.0046004201257427,0.0075562843602751,0.0015387,0.0025838,-0.0038684,-0.0202966999999999,0,0,0,4664.23,4604.073,4764.223,2397.22562606,2306.95,2289.4065,4747.190576,4526.572952,4411.570148,1.163472,1.571408,1.49513,0.0966666666666666,0.0891666666666666,0.255,148.96199681518544,144.4385435087557,135.97092462328325,0.756694,0.787169,0.811354,158.35633573261617,157.14753308925944,154.6757071035036,448.9032025650593,348.0004779910781,372.8821478429012,21903.314593546904,21517.887790133365,21483.78039850607,0.6026937,1.0668053333333334,1.4822413333333333,1.2401300000000002,0.013066039569746014,0.039132025427512686,0.04873833390943646,0.031317494600432066,0.017911925518557116,0.023143369859548235,-0.004058243681140938,0.02570428618670341,8.401599999999814,-34.143100000000096,283.98394117646967,237.81612500000028,424.4971999999998,327.08803782470613,251.61318749999964,249.67433333333315,1413.8075518627452,1267.7642983541673,1229.6122606444442,-2.6371086666666663,-2.3684959583333334,-2.6077588888888887,-2.2695191960784316,-2.4193328958333336,-2.403732866666667,28.751354115450127,25.742144609584173,18.426160772385828,0.08484947058823522,0.12253225000000001,0.15649840000000004,20.772719024128037,20.786661154569515,19.53582418006792,281.7550520045471,192.15559789497632,231.50641892991933,2172.6694000020543,1898.945258875301,1989.160391731206,-0.3675894705882352,0.05083693749999996,-0.2040260222222221,-0.0024943215080971883,0.0028072712065813216,0.009333763976992863,0.019862018662915343,0.005441022327100158,-0.021943430252571953,0.012307855082395461,-94.92847142857173,0.01239800000000002,0.006411666666666663,-0.018810666666666753,0.005985999999999991,0.007858999999999868,0.03656066666666666,0.02870166666666657,0.006354555555555572,-0.014440449151981066,-0.00043480000000003377,-0.024162666666666666,-0.0014473333333333283,0.02560999999999991,-0.022715666666666662,-0.021145999999999866,0.002139999999999863,0.023286333333333235,0.00642255555555557,-0.021445882163731264,0.0018274333333332992
2016,Germany,DEU,134,83666.35560398198,22347.948539301786,118.04439782649118,109.7276485977502,6131.0185342,0.2029830225154239,160.03079849716042,547.5042360550319,1865.393594298,2357.731159704,4250.059662430001,5480.626826,-0.32,0.09149919,167.72226885066104,4.1218,180.8202227328973,0.6927679999999999,719.05112035,709.28370533,1.8554501470448723,4913.002,2463.83924003,2277.53860921,2635.46332253,4327.10205078125,6.248506145714933,81.90734932518775,58.254928829204935,0.0,0.0,0.0,0.0,FLOAT,USA,0.0,0.0568000003695488,0.1185994893312454,0.0406448766589164,-0.002637,,,0.0752688646316528,0.0433306209743022,0.0402974747121334,0.0287999995052814,0.0272161737084388,,,,0.000915,0.0279999990016222,0.0823944509029388,0.1031231358647346,0.019003938883543,0.178449,0.146539,0.675012,44.0,0.031911,0.030813,-0.013551,-0.0443629999999999,0.1121343333333333,0.005876245598453,0.083719,0.0084194910178702,0.0123959999999999,-0.016693,0.192,0.20818,0.115726,0.115324,0.692274,0.676495,0.076274,0.092856,0.0004019999999999,0.0099709999999999,-0.01618,0.0208,-0.016582,0.0108289999999999,0.1115946666666666,0.1089123333333333,0.0054395840220864,0.0046004201257427,0.0014827999999999,0.0015387,0.0034946,-0.0038684,0,0,0,4772.176,4664.23,4604.073,2451.2515181500003,2397.22562606,2306.95,5186.469994,4747.190576,4526.572952,0.4951937,1.163472,1.571408,-0.1075,0.0966666666666666,0.0891666666666666,155.98114849757638,148.96199681518544,144.4385435087557,0.72207,0.756694,0.787169,159.43277608125177,158.35633573261617,157.14753308925944,518.4999282385141,448.9032025650593,348.0004779910781,22037.585410165317,21903.314593546904,21517.887790133365,0.41149919,0.6026937,1.0668053333333334,1.4822413333333333,0.02314336985954827,0.0225368407139862,0.09253460777851023,0.04712041884816757,0.006130159709159793,0.029509808523407344,0.0008647580951787562,0.030282592768268616,103.47329999999995,8.401599999999814,376.1530555555555,283.98394117646967,237.81612500000028,362.9423722577776,327.08803782470613,251.61318749999964,1774.542105870371,1413.8075518627452,1267.7642983541673,-3.158880929629629,-2.6371086666666663,-2.3684959583333334,-2.347601462962963,-2.2695191960784316,-2.4193328958333336,34.17320834698273,28.751354115450127,25.742144609584173,0.04551161111111113,0.08484947058823522,0.12253225000000001,20.69511942697875,20.772719024128037,20.786661154569515,335.6987192333049,281.7550520045471,192.15559789497632,2186.236361064799,2172.6694000020543,1898.945258875301,-0.8112794666666668,-0.3675894705882352,0.05083693749999996,0.00772973357629902,-0.013953047107332299,0.052580992906243525,0.034496588871655826,-0.006660803619185411,-0.01564896408546651,0.01611692072131095,-46.05520666666703,-0.0006339999999999957,0.004131333333333334,-0.0034970000000000834,-0.004765333333333344,-0.002280333333333432,-0.01303199999999997,-0.010751333333333262,0.008220999999999964,-0.0038423712721702323,-0.0038843000000001004,0.01239800000000002,0.006411666666666663,-0.018810666666666753,0.005985999999999991,0.007858999999999868,0.03656066666666666,0.02870166666666657,0.006354555555555572,-0.014440449151981066,-0.00043480000000003377
2017,Germany,DEU,134,83979.28274973998,22861.229874936176,120.75612068377905,110.86569498916018,6390.0095428,0.2041148887718997,162.76894379880093,470.54716366536223,2013.825249075,2507.269618678,4532.43848617,5718.064587999999,-0.355,0.3163361,177.98039472691866,3.7455,185.557716103942,0.6465770000000001,795.53580833,735.66198454,1.630809638956059,5104.912,2550.989069,2360.657,2744.255073,4496.83251953125,6.590694222301538,82.6475241938063,56.40418147518367,0.0,0.0,0.0,0.0,FLOAT,USA,0.0,0.1638000011444091,0.1020183339715004,0.0113844694569706,-0.003291,,,0.0611628293991088,0.0408555045723915,0.0385006926953792,0.135900005698204,0.024562019854784,,,,0.003163,0.0278999991714954,0.0930601730942726,0.1192497909069061,0.0040467348881065,0.168616,0.109668,0.721716,58.0,0.058948,-0.036871,-0.009833,0.027037,0.1258629999999999,0.0179070693582173,0.0670136666666666,0.0315101346606664,0.0013844999999999,-0.0146086999999999,0.178449,0.192,0.146539,0.115726,0.675012,0.692274,0.031911,0.076274,0.030813,0.0004019999999999,-0.013551,-0.01618,-0.0443629999999999,-0.016582,0.1121343333333333,0.1115946666666666,0.005876245598453,0.0054395840220864,0.0123959999999999,0.0014827999999999,-0.016693,0.0034946,0,0,0,4913.002,4772.176,4664.23,2463.83924003,2451.2515181500003,2397.22562606,5480.626826,5186.469994,4747.190576,0.09149919,0.4951937,1.163472,-0.32,-0.1075,0.0966666666666666,167.72226885066104,155.98114849757638,148.96199681518544,0.6927679999999999,0.72207,0.756694,160.03079849716042,159.43277608125177,158.35633573261617,547.5042360550319,518.4999282385141,448.9032025650593,22347.948539301786,22037.585410165317,21903.314593546904,0.6713361,0.41149919,0.6026937,1.0668053333333334,0.029509808523407354,0.005135222471784463,0.056716192774718996,0.07527268818172014,0.014083354567207136,0.03906165721080512,0.02190640598423384,0.008291377694447061,146.28720000000024,103.47329999999995,497.1815263157896,376.1530555555555,283.98394117646967,356.4278640189473,362.9423722577776,327.08803782470613,1975.3019849298248,1774.542105870371,1413.8075518627452,-3.3963185485964913,-3.158880929629629,-2.6371086666666663,-2.43654349122807,-2.347601462962963,-2.2695191960784316,44.11573878706828,34.17320834698273,28.751354115450127,0.01381426315789469,0.04551161111111113,0.08484947058823522,20.20392503094115,20.69511942697875,20.772719024128037,347.03467340596455,335.6987192333049,281.7550520045471,2381.534418566276,2186.236361064799,2172.6694000020543,-0.9597750573684212,-0.8112794666666668,-0.3675894705882352,0.013666742597030379,-0.03057949606579335,0.013841411629883206,0.06073238104567197,0.0016624358843722337,0.0063132111027336645,-0.006822348512587718,51.89494374999978,-0.017404333333333327,0.03440466666666667,-0.017000000000000126,-0.051808,0.030273333333333367,-0.016770333333333304,-0.0470426666666665,0.0030318888888889034,1.0816095751600523e-05,0.010527566666666599,-0.0006339999999999957,0.004131333333333334,-0.0034970000000000834,-0.004765333333333344,-0.002280333333333432,-0.01303199999999997,-0.010751333333333262,0.008220999999999964,-0.0038423712721702323,-0.0038843000000001004
2018,Germany,DEU,134,84232.26605913528,23040.320451191405,121.70126693461734,112.11828897383118,6586.9616238,0.2105719952729626,165.91852852258663,534.1321438544414,2126.830759479,2583.127854309,4851.13316135,5977.407646,-0.361666666666667,0.396364,189.799115895384,3.3835,191.0022980378292,0.612715,779.28286103,754.94646834,1.7081484716157205,5333.60904073,2703.32475604,2431.9768135,2901.63222723,4776.34619140625,6.790594802390795,83.7050497175332,55.32465306346334,0.0,0.0,0.0,0.0,FLOAT,USA,0.0,-0.168500006198883,0.1055053025484085,0.0253237299621105,-0.003221,,,0.0664036273956298,0.0391016788780689,0.0366668663918972,-0.1904000043869018,0.027050394564867,,,,0.003964,0.0219000000506639,0.0386222079396247,0.0468208193778991,0.0110513651743531,0.187004,0.103833,0.709163,46.0,0.08317,-0.005835,0.018388,0.0242219999999999,0.1239776666666666,0.0197720803744405,0.055711,0.0223579419670057,-0.0072549999999999,0.0047724999999999,0.168616,0.178449,0.109668,0.146539,0.721716,0.675012,0.058948,0.031911,-0.036871,0.030813,-0.009833,-0.013551,0.027037,-0.0443629999999999,0.1258629999999999,0.1121343333333333,0.0179070693582173,0.005876245598453,0.0013844999999999,0.0123959999999999,-0.0146086999999999,-0.016693,0,0,0,5104.912,4913.002,4772.176,2550.989069,2463.83924003,2451.2515181500003,5718.064587999999,5480.626826,5186.469994,0.3163361,0.09149919,0.4951937,-0.355,-0.32,-0.1075,177.98039472691866,167.72226885066104,155.98114849757638,0.6465770000000001,0.6927679999999999,0.72207,162.76894379880093,160.03079849716042,159.43277608125177,470.54716366536223,547.5042360550319,518.4999282385141,22861.229874936176,22347.948539301786,22037.585410165317,0.758030666666667,0.6713361,0.41149919,0.6026937,0.039061657210805095,0.03537155653424009,0.04332310327599735,0.06116138272247795,0.022967716017947604,0.04479940902605173,0.0305716118645869,0.008012086981604816,187.62091221899945,146.28720000000024,664.2324500000004,497.1815263157896,376.1530555555555,425.756299788,356.4278640189473,362.9423722577776,2113.9746476833325,1975.3019849298248,1774.542105870371,-3.001665711166667,-3.3963185485964913,-3.158880929629629,-2.3497163166666666,-2.43654349122807,-2.347601462962963,52.1680777239725,44.11573878706828,34.17320834698273,-0.03306744999999989,0.01381426315789469,0.04551161111111113,21.931874081034607,20.20392503094115,20.69511942697875,252.7258673459966,347.03467340596455,335.6987192333049,2775.7390332723553,2381.534418566276,2186.236361064799,-0.6519493944999999,-0.9597750573684212,-0.8112794666666668,0.022499289042479154,0.0012662851580198184,-0.00028017321777965704,0.043424634478762825,0.010459300709619427,0.014627683032934855,-0.006722619863619536,91.6562000000001,-0.024260333333333356,-0.016194999999999973,0.04045566666666667,-0.00806566666666668,-0.0505996666666666,-0.0068560000000000045,0.04374233333333334,0.014982555555555485,0.012601652776123268,-0.0037546666666667013,-0.017404333333333327,0.03440466666666667,-0.017000000000000126,-0.051808,0.030273333333333367,-0.016770333333333304,-0.0470426666666665,0.0030318888888889034,1.0816095751600523e-05,0.010527566666666599
2019,Germany,DEU,134,84422.25754048835,23229.87496788937,122.70878889311852,113.6172759647393,6793.2821305,0.2136893776901262,168.16390335351838,504.2005111572316,2155.624488739,2602.063418037,5179.673484749999,6252.397344,-0.3925,-0.2536345,200.75915869467175,3.14,197.4368039596959,0.5892499999999999,805.40101485,776.47037749,1.7409916325440622,5603.14979635,2957.39685219,2550.99102483,3052.15877152,4993.5322265625,6.609986769187221,85.21191401370127,56.930380160342864,0.0,0.0,0.0,0.0,FLOAT,USA,0.0,0.2276999950408935,0.0949440002441406,0.0585341416299343,-0.003563,,,0.057748794555664,0.0371952056884765,0.0351644977927207,0.1916999965906143,0.030208945274353,,,,-0.002536,0.0359999984502792,0.106398120522499,0.1275862902402877,0.0274855699390172,0.145332,0.088949,0.765719,32.0,0.056383,-0.0148839999999999,-0.041672,-0.0267869999999999,0.1200133333333333,0.023156425681295,0.0580096666666666,0.0256423794202747,-0.0178605,0.0097638,0.187004,0.168616,0.103833,0.109668,0.709163,0.721716,0.08317,0.058948,-0.005835,-0.036871,0.018388,-0.009833,0.0242219999999999,0.027037,0.1239776666666666,0.1258629999999999,0.0197720803744405,0.0179070693582173,-0.0072549999999999,0.0013844999999999,0.0047724999999999,-0.0146086999999999,0,0,0,5333.60904073,5104.912,4913.002,2703.32475604,2550.989069,2463.83924003,5977.407646,5718.064587999999,5480.626826,0.396364,0.3163361,0.09149919,-0.361666666666667,-0.355,-0.32,189.799115895384,177.98039472691866,167.72226885066104,0.612715,0.6465770000000001,0.6927679999999999,165.91852852258663,162.76894379880093,160.03079849716042,534.1321438544414,470.54716366536223,547.5042360550319,23040.320451191405,22861.229874936176,22347.948539301786,0.13886550000000003,0.758030666666667,0.6713361,0.41149919,0.04479940902605169,0.05971632293184075,0.045355041729374816,0.06640462387219226,0.007833811970526294,0.05053627919887971,0.03779029158675473,0.007723681039189067,229.91404297799957,187.62091221899945,861.2993740633337,664.2324500000004,497.1815263157896,557.8178773142859,425.756299788,356.4278640189473,2272.6522462698413,2113.9746476833325,1975.3019849298248,-2.778701348730159,-3.001665711166667,-3.3963185485964913,-2.244491730158731,-2.3497163166666666,-2.43654349122807,61.50260471510583,52.1680777239725,44.11573878706828,-0.06535480952380956,-0.03306744999999989,0.01381426315789469,24.03708384858055,21.931874081034607,20.20392503094115,304.2762824233617,252.7258673459966,347.03467340596455,2822.6515603241387,2775.7390332723553,2381.534418566276,-0.5342096185714282,-0.6519493944999999,-0.9597750573684212,0.02711207640560179,0.02554773729771949,0.0017657738964867858,0.04649664390453899,-0.005197568373282854,0.021076484700737693,-0.006657203707950047,127.89790110788817,0.0073156666666666925,-0.020144666666666672,0.01282900000000009,0.027458999999999983,-0.00394966666666663,0.031576,0.03552466666666654,0.007446999999999995,0.010031114048188268,-0.012342766666666467,-0.024260333333333356,-0.016194999999999973,0.04045566666666667,-0.00806566666666668,-0.0505996666666666,-0.0068560000000000045,0.04374233333333334,0.014982555555555485,0.012601652776123268,-0.0037546666666667013
2020,Germany,DEU,134,84491.34535188948,22152.35037955646,116.89387833353928,106.77176817122792,6586.3748748,0.2185169677748874,168.78903611894825,428.87630657820006,2003.876528614,2361.29116147,5815.85022051,6763.651306,-0.460833333333333,-0.511024,216.32221668807463,3.81,198.1438925225384,0.687242,746.79652473,1000.82363679,1.5938635808002606,5853.85199741,3132.90912473,2678.7438846,3175.10811281,5220.21044921875,6.091804185581244,83.30632095272847,57.50032677979655,0.0,0.0,0.0,0.0,FLOAT,USA,0.0,0.0759000033140182,0.1131850779056549,0.0320801883935928,-0.004252,,,0.0775210857391357,0.0356639921665191,0.0330981835722923,0.050000000745058,0.0246666669845581,,,,-0.00511,0.0258999988436698,0.0834122598171234,0.1037548929452896,0.0139140943065285,0.238483,0.083233,0.678284,21.0,0.15525,-0.0057159999999999,0.093151,0.098867,0.1008166666666666,0.0106837699494766,0.066167,0.014780775114993,-0.0094189,0.0262119,0.145332,0.187004,0.088949,0.103833,0.765719,0.709163,0.056383,0.08317,-0.0148839999999999,-0.005835,-0.041672,0.018388,-0.0267869999999999,0.0242219999999999,0.1200133333333333,0.1239776666666666,0.023156425681295,0.0197720803744405,-0.0178605,-0.0072549999999999,0.0097638,0.0047724999999999,0,0,0,5603.14979635,5333.60904073,5104.912,2957.39685219,2703.32475604,2550.989069,6252.397344,5977.407646,5718.064587999999,-0.2536345,0.396364,0.3163361,-0.3925,-0.361666666666667,-0.355,200.75915869467175,189.799115895384,177.98039472691866,0.5892499999999999,0.612715,0.6465770000000001,168.16390335351838,165.91852852258663,162.76894379880093,504.2005111572316,534.1321438544414,470.54716366536223,23229.87496788937,23040.320451191405,22861.229874936176,-0.05019066666666705,0.13886550000000003,0.758030666666667,0.6713361,0.050536279198879624,0.09398504400269721,0.04600484261501216,0.057745489211492695,0.008227078138931128,0.04474308383176062,0.04479911514524552,0.005737310999682318,251.63607478500015,229.91404297799957,1091.6901581349994,861.2993740633337,664.2324500000004,786.5346154045455,557.8178773142859,425.756299788,2444.339569439394,2272.6522462698413,2113.9746476833325,-3.302395241969697,-2.778701348730159,-3.001665711166667,-2.173302712121212,-2.244491730158731,-2.3497163166666666,69.66707457279784,61.50260471510583,52.1680777239725,-0.08584913636363645,-0.06535480952380956,-0.03306744999999989,25.189863959122277,24.03708384858055,21.931874081034607,260.51390961599907,304.2762824233617,252.7258673459966,2883.903733371004,2822.6515603241387,2775.7390332723553,-1.1290925298484848,-0.5342096185714282,-0.6519493944999999,0.031557895321020116,0.05859989944963692,0.002331490310862862,0.03562338334362329,-0.004556798949007408,0.027031484024191595,-0.008310713562059292,163.45956338752575,-0.032691000000000026,-0.031064333333333347,0.0637553333333335,-0.001626666666666679,-0.010919666666666564,-0.04000666666666667,-0.029085666666666562,-0.000644999999999965,0.008637960570924733,-0.020035666666666636,0.0073156666666666925,-0.020144666666666672,0.01282900000000009,0.027458999999999983,-0.00394966666666663,0.031576,0.03552466666666654,0.007446999999999995,0.010031114048188268,-0.012342766666666467
2003,Denmark,DNK,128,5394.138,23079.65495889984,96.08936634780096,89.09,1436.75124,0.1926443395754949,130.22657020039688,45.87041,369.7009000000001,429.272,469.138,603.6094,2.375261,4.308333333333334,206.25412759212787,5.3984,148.2732915200818,0.5664719291720003,523.637,525.58,5.9576,2009.27,1356.52,1022.89,986.378,1235.5179443359375,5.933396816253662,100.37727355957033,57.39339828491211,0.0,0.0,1.0,1.0,PEG,DEU,-0.95999998,0.3308322727680206,0.0688959434628486,0.0425905957818031,0.0237526092678308,,,0.0315743125975132,0.0373216308653354,0.0361792929470539,0.3003722429275512,0.0228879563510417,,,,0.043083332479,0.0297628622502088,0.1065226718783378,0.1231604889035224,0.0331716015934944,0.157298,0.23128,0.611422,3.0,-0.073982,0.014912,0.064439,0.0495279999999999,0.216855,0.1111193003892662,-0.0311686666666666,0.1208743963887031,0.0264051,-0.0586742,0.092859,0.25258,0.216368,0.328217,0.690772,0.419204,-0.12351,-0.075637,-0.1118489999999999,0.2222369999999999,-0.159721,0.040959,-0.047873,-0.181278,0.2085185333333333,0.1753778923076923,0.1121078432860668,0.0629477802918066,0.02972652,0.0212887169230769,-0.0593951599999999,0.0018258594871794,0,0,0,1883.8,1779.8,1621.6,1247.2679,1154.48,1055.754,564.0340665095184,531.8484689457214,499.4319297606768,5.055833333333334,5.079166666666667,5.641666666666667,3.4848,4.6186,4.9074,199.94056267335887,192.96658301413288,182.32069739796592,0.582495408807368,0.5838596838003851,0.6039998021583289,127.67054816232984,124.72129196456022,121.90258950781184,27.31893,40.34961,18.28277,23074.607093618422,23048.49108354821,22966.1184617287,1.9330723333333335,1.5710333333333342,0.4605666666666668,0.7342666666666666,0.05843353185751208,0.08037202896542169,0.060516480620125275,0.0361408672439166,0.0011330897964445168,0.06660473510988418,0.09251026004842895,0.03185425248454462,126.701,147.19900000000024,393.32400000000007,361.655,271.2733333333333,235.97130000000004,178.9792500000001,107.0043333333333,55.01130265981686,28.532131370024786,-5.179210420026436,-0.30866666666666553,-0.35666666666666647,0.2744444444444447,-0.6428600000000007,0.6136749999999997,1.2032999999999996,29.146744155329543,27.71595562012945,22.760093338616628,-0.06311168585363502,-0.08232988114749062,-0.09328464418432025,8.394762841331485,6.806883304452342,5.317574463605283,12.815153000000002,32.30729125,13.653935,788.9170666926366,953.5013207780321,1161.5049319446916,0.33419333333333423,-0.9703416666666664,-0.9288555555555555,-0.03583134280069506,0.00919244082949508,0.03637684589658355,-0.03406878907257416,-0.01779200116045808,0.004012263274157227,0.0030156088414738623,14.81650000000019,-0.13034346666666669,0.007849466666666666,0.12249262222222224,-0.13819395555555553,-0.14498964102564094,-0.18471343589743583,-0.03972471794871794,0.011278964102564099,0.07604627464944183,0.0341975546153846,0.05436996923076923,0.15283910769230769,-0.20720822393162386,-0.0984692376068376,0.25166715384615373,0.045791435897435936,-0.20587571794871792,-0.03279251538461536,0.04032931748277245,0.051519503076923004
2004,Denmark,DNK,128,5413.392,23525.718634718723,97.89024731551054,93.22,1506.0008,0.2080786606431039,131.37953275664495,52.38096,400.1245,452.3997,536.546,680.7305,2.161666666666667,4.305,224.67969885087837,5.2041,153.3908023987082,0.5359870302506989,575.725,549.349,5.4676,2192.1,1449.173,1125.49,1066.61,1319.3929443359375,5.717918872833252,103.24017333984376,56.59328842163086,0.0,0.0,1.0,1.0,PEG,DEU,-0.26967001,0.2403134852647781,0.1265471279621124,0.0851976573467254,0.0216166675090789,,,0.089336447417736,0.037210676819086,0.034159030765295,0.2157532721757888,0.0198016241192817,,,,0.0430499985814094,0.0240738894790411,0.1338360756635666,0.1500020921230316,0.0534071624279022,0.143708,0.134813,0.721479,3.0,0.008896,-0.096467,-0.0135899999999999,0.082878,0.2586216666666667,0.0607307562305404,-0.0910429999999999,0.0281294209503146,-0.05653,0.0303126999999999,0.157298,0.092859,0.23128,0.216368,0.611422,0.690772,-0.073982,-0.12351,0.014912,-0.1118489999999999,0.064439,-0.159721,0.0495279999999999,-0.047873,0.216855,0.2085185333333333,0.1111193003892662,0.1121078432860668,0.0264051,0.02972652,-0.0586742,-0.0593951599999999,0,0,0,2009.27,1883.8,1779.8,1356.52,1247.2679,1154.48,603.6094,564.0340665095184,531.8484689457214,4.308333333333334,5.055833333333334,5.079166666666667,2.375261,3.4848,4.6186,206.25412759212787,199.94056267335887,192.96658301413288,0.5664719291720003,0.582495408807368,0.5838596838003851,130.22657020039688,127.67054816232984,124.72129196456022,45.87041,27.31893,40.34961,23079.65495889984,23074.607093618422,23048.49108354821,2.1433333333333326,1.9330723333333335,1.5710333333333342,0.4605666666666668,0.0666047351098843,0.0875931305535883,0.07016479294484913,0.031577208918249465,0.00021876278373608184,0.09099324630338379,0.07419874480232069,0.020638122548094974,136.2369999999998,126.701,453.24,393.32400000000007,361.655,305.8948499999999,235.97130000000004,178.9792500000001,85.41808570699561,55.01130265981686,28.532131370024786,-1.004722222222222,-0.30866666666666553,-0.35666666666666647,-1.6452556666666664,-0.6428600000000007,0.6136749999999997,30.602518381543604,29.146744155329543,27.71595562012945,-0.06651282831827576,-0.06311168585363502,-0.08232988114749062,9.551657739176605,8.394762841331485,6.806883304452342,29.230774166666667,12.815153000000002,32.30729125,662.4787541919468,788.9170666926366,953.5013207780321,0.6405334444444446,0.33419333333333423,-0.9703416666666664,-0.020493870988183838,0.014575054251762684,0.038749789041990695,-0.031818689583726474,-0.015147927941074899,-0.015302317790490336,-0.008954423305344246,-10.620333333333463,-0.028388666666666673,0.014425000000000021,0.013963666666666708,-0.04281333333333334,0.006575533333333305,0.10195480000000003,0.09538062222222213,0.020620176068376073,0.045825980542725284,0.019476949743589735,-0.13034346666666669,0.007849466666666666,0.12249262222222224,-0.13819395555555553,-0.14498964102564094,-0.18471343589743583,-0.03972471794871794,0.011278964102564099,0.07604627464944183,0.0341975546153846
2005,Denmark,DNK,128,5432.335,24016.885909203032,100.0,96.89,1585.98417,0.2117276166456494,133.5816440509796,67.569035,435.1274,493.6786,643.536,781.4231,2.1994750833333336,3.4041666666666672,264.1658961828028,4.8299,158.63170129845608,0.4535869784682926,631.177,547.75,6.3241,2521.81,1615.658,1304.72,1217.09,1507.1529541015625,5.711240768432617,113.6417007446289,58.358028411865234,0.0,0.0,1.0,1.0,PEG,DEU,0.041669998,0.4315419495105743,0.2107134908437729,0.0786141455173492,0.0219947509467601,,,0.175743281841278,0.0349702090024948,0.0297430641949176,0.3956402838230133,0.0250790230929851,,,,0.0340416654944419,0.0350012965500354,0.2349425107240677,0.2608046233654022,0.0503044500946998,0.276726,0.134302,0.588972,2.0,0.142425,-0.0005109999999999,0.133018,0.133529,0.1941536666666666,0.0519285853488551,-0.0628653333333333,0.066899345417824,-0.0342665,0.0880683,0.143708,0.157298,0.134813,0.23128,0.721479,0.611422,0.008896,-0.073982,-0.096467,0.014912,-0.0135899999999999,0.064439,0.082878,0.0495279999999999,0.2586216666666667,0.216855,0.0607307562305404,0.1111193003892662,-0.05653,0.0264051,0.0303126999999999,-0.0586742,0,0,1,2192.1,2009.27,1883.8,1449.173,1356.52,1247.2679,680.7305,603.6094,564.0340665095184,4.305,4.308333333333334,5.055833333333334,2.161666666666667,2.375261,3.4848,224.67969885087837,206.25412759212787,199.94056267335887,0.5359870302506989,0.5664719291720003,0.582495408807368,131.37953275664495,130.22657020039688,127.67054816232984,52.38096,45.87041,27.31893,23525.718634718723,23079.65495889984,23074.607093618422,1.2046915833333336,2.1433333333333326,1.9330723333333335,1.5710333333333342,0.09099324630338378,0.06830197859228027,0.1277665655968909,0.08933431526368031,0.019327137975556102,0.15040828429359987,0.07201050442359332,0.016939613561234437,209.6860000000003,136.2369999999998,571.3214285714287,453.24,393.32400000000007,354.8485857142857,305.8948499999999,235.97130000000004,150.3366020345677,85.41808570699561,55.01130265981686,-0.8645238095238099,-1.004722222222222,-0.30866666666666553,-1.6238134761904757,-1.6452556666666664,-0.6428600000000007,44.65630130007361,30.602518381543604,29.146744155329543,-0.08591225585319784,-0.06651282831827576,-0.06311168585363502,9.340097761256601,9.551657739176605,8.394762841331485,31.56549928571429,29.230774166666667,12.815153000000002,1013.9026079834075,662.4787541919468,788.9170666926366,0.7592896666666658,0.6405334444444446,0.33419333333333423,0.007310285370012937,-0.0071452734181724625,0.08989326352036733,0.031241531692325457,0.006485101907590938,-0.014430094611119645,-0.010862047631135931,1.5707499999996912,-0.023871000000000003,-0.1238086666666667,0.14767966666666654,0.099939,-0.13823366666666667,0.0045176666666667635,0.14275233333333337,0.058371191452991494,-0.03466088509183947,-0.08233677897435897,-0.028388666666666673,0.014425000000000021,0.013963666666666708,-0.04281333333333334,0.006575533333333305,0.10195480000000003,0.09538062222222213,0.020620176068376073,0.045825980542725284,0.019476949743589735
2006,Denmark,DNK,128,5450.661,24748.725842375054,103.5720357286734,100.0,1682.26021,0.2327171134755989,136.09834267307636,53.05553100000001,499.9485,539.7677,699.268,867.8161,3.181489816017316,3.811666666666667,321.1398758420288,3.897,164.88521673338556,0.4102239437137638,647.12,556.848,5.6614,2862.4,1778.392,1464.61,1397.79,1848.4940185546875,6.181905269622803,131.1616668701172,60.49385833740234,0.0,0.0,1.0,1.0,PEG,DEU,0.74583,0.2244341820478439,0.2460252791643142,-0.0121410023421049,0.0318148992955684,,,0.2156749963760376,0.0303502883762121,0.0249657910317182,0.15219047665596,0.0590017102658748,,,,0.038116667419672,0.0679812058806419,0.2175173163414001,0.2411953955888748,0.0098369484767317,0.349151,0.108793,0.542056,2.0,0.240358,-0.025509,0.0724249999999999,0.0979329999999999,0.1667983333333333,0.0558433459091889,0.0257796666666666,0.1091869546343945,-0.0367971999999999,0.1076549,0.276726,0.143708,0.134302,0.134813,0.588972,0.721479,0.142425,0.008896,-0.0005109999999999,-0.096467,0.133018,-0.0135899999999999,0.133529,0.082878,0.1941536666666666,0.2586216666666667,0.0519285853488551,0.0607307562305404,-0.0342665,-0.05653,0.0880683,0.0303126999999999,0,1,1,2521.81,2192.1,2009.27,1615.658,1449.173,1356.52,781.4231,680.7305,603.6094,3.4041666666666672,4.305,4.308333333333334,2.1994750833333336,2.161666666666667,2.375261,264.1658961828028,224.67969885087837,206.25412759212787,0.4535869784682926,0.5359870302506989,0.5664719291720003,133.5816440509796,131.37953275664495,130.22657020039688,67.569035,52.38096,45.87041,24016.885909203032,23525.718634718723,23079.65495889984,0.630176850649351,1.2046915833333336,2.1433333333333326,1.9330723333333335,0.15040828429359976,0.11488276416963324,0.1479184493716676,0.17574439316892493,0.02087788611734289,0.13505775613547422,0.10266875523562262,0.043104487533979045,288.90999999999985,209.6860000000003,829.61625,571.3214285714287,453.24,476.9775124999999,354.8485857142857,305.8948499999999,232.23712678024663,150.3366020345677,85.41808570699561,-1.6572916666666662,-0.8645238095238099,-1.004722222222222,-1.3830283749999999,-1.6238134761904757,-1.6452556666666664,78.56046096948882,44.65630130007361,30.602518381543604,-0.15603912822800442,-0.08591225585319784,-0.06651282831827576,10.374696835434179,9.340097761256601,9.551657739176605,42.807886875,31.56549928571429,29.230774166666667,1378.3320564697933,1013.9026079834075,662.4787541919468,-0.2742632916666663,0.7592896666666658,0.6405334444444446,0.06568099687879851,0.040456265504633715,0.09720325250652014,0.11318853364152358,0.007109406919721879,0.018633171969429596,0.017113167613464663,74.70560000000026,0.1454376666666667,-0.059851666666666664,-0.08558566666666667,0.20529033333333332,0.06395700000000007,0.16930866666666664,0.10535133333333338,-0.033844733333333404,-0.042724047953102695,-0.034133706666666666,-0.023871000000000003,-0.1238086666666667,0.14767966666666654,0.099939,-0.13823366666666667,0.0045176666666667635,0.14275233333333337,0.058371191452991494,-0.03466088509183947,-0.08233677897435897
2007,Denmark,DNK,128,5468.12,25060.28763084936,104.05131066273592,101.5,1738.8453,0.2351621808143547,138.35236087649176,24.071912,528.9594000000001,553.4892,755.095,986.3487,4.3275,4.285833333333333,335.8076872275789,3.801,169.5873746516259,0.3406389801234498,712.148,624.983,5.0753,3228.84,1953.2841,1599.86,1628.98,1873.093017578125,5.692542552947998,132.36778259277344,59.92905807495117,0.0,0.0,1.0,1.0,PEG,DEU,1.02334,0.0713431760668754,0.0711543932557106,0.0030361106619238,0.0432749986648559,,,0.0456747822463512,0.0254796091467142,0.0243666674941778,0.0549323372542858,0.0153180053457617,,,,0.0428583323955535,0.0161594599485397,0.0670603737235069,0.0711969137191772,0.0231555551290512,0.178711,0.389596,0.431693,6.0,-0.210885,0.280803,-0.1704399999999999,-0.4512429999999999,0.1259693333333333,0.0148773351220344,0.1305596666666666,0.1161862899069134,0.073884,-0.0561409999999999,0.349151,0.276726,0.108793,0.134302,0.542056,0.588972,0.240358,0.142425,-0.025509,-0.0005109999999999,0.0724249999999999,0.133018,0.0979329999999999,0.133529,0.1667983333333333,0.1941536666666666,0.0558433459091889,0.0519285853488551,-0.0367971999999999,-0.0342665,0.1076549,0.0880683,1,1,1,2862.4,2521.81,2192.1,1778.392,1615.658,1449.173,867.8161,781.4231,680.7305,3.811666666666667,3.4041666666666672,4.305,3.181489816017316,2.1994750833333336,2.161666666666667,321.1398758420288,264.1658961828028,224.67969885087837,0.4102239437137638,0.4535869784682926,0.5359870302506989,136.09834267307636,133.5816440509796,131.37953275664495,53.05553100000001,67.569035,52.38096,24748.725842375054,24016.885909203032,23525.718634718723,-0.04166666666666696,0.630176850649351,1.2046915833333336,2.1433333333333326,0.1350577561354742,0.10072304906112566,0.11055854376457522,0.21567500000000012,0.030471891149367842,0.12801844605925106,0.1254864289108193,0.03084225046062252,345.0810000000002,288.90999999999985,1078.0266666666669,829.61625,571.3214285714287,586.7140111111112,476.9775124999999,354.8485857142857,292.82600158244145,232.23712678024663,150.3366020345677,-1.065648148148148,-1.6572916666666662,-0.8645238095238099,-0.24734382287157297,-1.3830283749999999,-1.6238134761904757,126.80550052099386,78.56046096948882,44.65630130007361,-0.1798972719540327,-0.15603912822800442,-0.08591225585319784,11.738651364704921,10.374696835434179,9.340097761256601,23.537951000000007,42.807886875,31.56549928571429,1957.0239833673913,1378.3320564697933,1013.9026079834075,-0.8183043252765749,-0.2742632916666663,0.7592896666666658,0.04212034411082313,0.021239517208046912,0.04769294033611274,0.13897057376740832,0.015814736086781595,0.03878896393470775,0.0024061923096131872,141.47866666666644,0.15657366666666664,-0.05800533333333335,-0.09856833333333337,0.21457833333333332,0.0018463333333333005,0.011135999999999875,0.009287999999999921,-0.05641177777777781,-0.018749534747031664,-0.015333399999999903,0.1454376666666667,-0.059851666666666664,-0.08558566666666667,0.20529033333333332,0.06395700000000007,0.16930866666666664,0.10535133333333338,-0.033844733333333404,-0.042724047953102695,-0.034133706666666666
2008,Denmark,DNK,128,5484.723,24788.599964993653,102.91210430998316,100.16,1801.46991,0.2294199278379128,143.38575812068527,47.975275,552.4937,588.8968000000001,755.19,1064.7392,4.880833333333333,4.281666666666667,320.6643772288997,3.4337,176.8484554987541,0.4217385360204591,718.412,657.933,5.2849,3473.11,2096.29,1641.7,1831.41,2072.2041015625,4.890776634216309,135.5818634033203,62.72137069702149,1.0,1.0,1.0,1.0,PEG,DEU,-0.04084,-0.4795536398887634,-0.0201621148735284,0.1200997158885002,0.0488083325326442,,,-0.0450971983373165,0.024935083463788,0.0261126924306154,-0.4896236658096313,0.0193488299846649,,,,0.0428166650235652,0.0098751848563551,-0.0633444488048553,-0.0850802212953567,0.0844540223479271,0.179278,0.370885,0.449838,3.0,-0.191607,-0.0187109999999999,0.0005669999999999,0.0192779999999999,0.210897,0.155282570564117,0.0572993333333333,0.2373601601076586,0.0990552,-0.1453339,0.178711,0.349151,0.389596,0.108793,0.431693,0.542056,-0.210885,0.240358,0.280803,-0.025509,-0.1704399999999999,0.0724249999999999,-0.4512429999999999,0.0979329999999999,0.1259693333333333,0.1667983333333333,0.0148773351220344,0.0558433459091889,0.073884,-0.0367971999999999,-0.0561409999999999,0.1076549,0,0,0,3228.84,2862.4,2521.81,1953.2841,1778.392,1615.658,986.3487,867.8161,781.4231,4.285833333333333,3.811666666666667,3.4041666666666672,4.3275,3.181489816017316,2.1994750833333336,335.8076872275789,321.1398758420288,264.1658961828028,0.3406389801234498,0.4102239437137638,0.4535869784682926,138.35236087649176,136.09834267307636,133.5816440509796,24.071912,53.05553100000001,67.569035,25060.28763084936,24748.725842375054,24016.885909203032,-0.5991666666666662,-0.04166666666666696,0.630176850649351,1.2046915833333336,0.128018446059251,0.09834282880264869,0.1365872331707144,0.04567421391408065,0.012589003185806363,0.07565255633602153,0.13782816216277505,0.011449129932320414,322.0340000000001,345.0810000000002,1336.6640000000002,1078.0266666666669,829.61625,702.9347100000002,586.7140111111112,476.9775124999999,382.07600142419733,292.82600158244145,232.23712678024663,-0.4849166666666678,-1.065648148148148,-1.6572916666666662,0.9234007433982683,-0.24734382287157297,-1.3830283749999999,128.7927618544446,126.80550052099386,78.56046096948882,-0.22949364977167647,-0.1798972719540327,-0.15603912822800442,12.818804431649824,11.738651364704921,10.374696835434179,-7.7994631000000005,23.537951000000007,42.807886875,2072.883373504963,1957.0239833673913,1378.3320564697933,-1.4083174100649354,-0.8183043252765749,-0.2742632916666663,0.030400995800064043,0.0164993505931203,0.06842241414935049,-0.04647138718155651,-0.0038253447753111725,0.046282076694825036,-0.01728770225739057,177.43842857142872,-0.07781733333333335,0.2636266666666667,-0.18580933333333327,-0.3414446666666666,0.321632,-0.2343909999999999,-0.5560229999999998,-0.08055522222222222,-0.0412902273741604,0.11641523333333331,0.15657366666666664,-0.05800533333333335,-0.09856833333333337,0.21457833333333332,0.0018463333333333005,0.011135999999999875,0.009287999999999921,-0.05641177777777781,-0.018749534747031664,-0.015333399999999903
2009,Denmark,DNK,128,5519.778753287071,23275.489000110894,97.34045127192572,95.23,1722.14251,0.2016723767493177,144.8800479275552,56.91144,428.2661,491.6131,820.3,1025.5548,1.80916666666667,3.5875,282.2150310394928,6.41,183.4303975896429,0.4178016060537078,679.322,717.189,5.1901,3505.81,2213.239,1738.66,1767.15,1953.324951171875,5.5941338539123535,119.81888580322266,59.47108459472656,0.0,0.0,1.0,1.0,PEG,DEU,-3.192497,0.3547301888465881,-0.0930314138531684,0.0057649952359497,0.0180916674435138,,,-0.1199043244123458,0.0268729105591774,0.030534079298377,0.3214316964149475,0.0245794113725423,,,,0.0358750000596046,0.0324800126254558,-0.0048723081126809,-0.0071623888798058,0.0119283311069011,0.150986,0.406657,0.442358,2.0,-0.255671,0.0357719999999999,-0.0282919999999999,-0.0640639999999999,0.289758,0.1569992796129969,-0.0540446666666666,0.2551423287624642,0.0874881,-0.1468808999999999,0.179278,0.178711,0.370885,0.389596,0.449838,0.431693,-0.191607,-0.210885,-0.0187109999999999,0.280803,0.0005669999999999,-0.1704399999999999,0.0192779999999999,-0.4512429999999999,0.210897,0.1259693333333333,0.155282570564117,0.0148773351220344,0.0990552,0.073884,-0.1453339,-0.0561409999999999,0,0,0,3473.11,3228.84,2862.4,2096.29,1953.2841,1778.392,1064.7392,986.3487,867.8161,4.281666666666667,4.285833333333333,3.811666666666667,4.880833333333333,4.3275,3.181489816017316,320.6643772288997,335.8076872275789,321.1398758420288,0.4217385360204591,0.3406389801234498,0.4102239437137638,143.38575812068527,138.35236087649176,136.09834267307636,47.975275,24.071912,53.05553100000001,24788.599964993653,25060.28763084936,24748.725842375054,1.77833333333333,-0.5991666666666662,-0.04166666666666696,0.630176850649351,0.0756525563360216,0.07321305692295343,0.07947544311661786,-0.045095185651353224,-0.010841362631499063,0.009415192723524424,0.1129095861769156,0.03245693571505569,217.45000000000005,322.0340000000001,1459.4190909090912,1336.6640000000002,1078.0266666666669,782.0374545454545,702.9347100000002,586.7140111111112,425.732319476543,382.07600142419733,292.82600158244145,-0.4449999999999994,-0.4849166666666678,-1.065648148148148,1.3927885546044863,0.9234007433982683,-0.24734382287157297,101.94101895990678,128.7927618544446,126.80550052099386,-0.12544472889749947,-0.22949364977167647,-0.1798972719540327,16.68685581842061,12.818804431649824,11.738651364704921,16.812942000000003,-7.7994631000000005,23.537951000000007,1612.7517646033484,2072.883373504963,1957.0239833673913,-1.8377885546044859,-1.4083174100649354,-0.8183043252765749,-0.02500499350317177,-0.01028035634588699,0.004468382680318919,-0.13259364802883475,-0.02687317611508548,0.016221047742873917,0.0056409593317214325,132.21162500000005,-0.08891800000000005,0.15998800000000002,-0.0710690000000001,-0.24890633333333334,-0.1036386666666666,-0.011100666666666769,0.09253833333333322,0.04858988888888893,0.11439948177075754,0.09811509999999996,-0.07781733333333335,0.2636266666666667,-0.18580933333333327,-0.3414446666666666,0.321632,-0.2343909999999999,-0.5560229999999998,-0.08055522222222222,-0.0412902273741604,0.11641523333333331
2010,Denmark,DNK,128,5543.81698411249,23512.631491157776,98.72218740940484,95.550851379208,1810.9256,0.1811254072560605,148.06524462114643,118.85107338,465.0139,540.8948,800.4,977.6977,0.701866666666667,2.9275,289.9947166820764,7.75,190.12895616883264,0.426,717.728,765.158,5.6133,3541.93,2281.1799,1776.58,1765.35,2041.6669921875,5.83685827255249,120.03690338134766,59.686790466308594,0.0,0.0,1.0,1.0,PEG,DEU,-0.24250001,0.326783537864685,0.0590042024850845,0.0763423815369606,0.0070186667144298,,,0.0275676343590021,0.0314365699887275,0.0305931884795427,0.3118236660957336,0.0112752877175807,,,,0.0292750000953674,0.0147911896929144,0.111448049545288,0.120916299521923,0.04168052226305,0.162962,0.320282,0.516756,4.0,-0.15732,-0.0863749999999999,0.0119759999999999,0.098351,0.389046,0.0178923411268625,-0.2193876666666666,0.0328674691653214,-0.0172169999999999,0.0096631,0.150986,0.179278,0.406657,0.370885,0.442358,0.449838,-0.255671,-0.191607,0.0357719999999999,-0.0187109999999999,-0.0282919999999999,0.0005669999999999,-0.0640639999999999,0.0192779999999999,0.289758,0.210897,0.1569992796129969,0.155282570564117,0.0874881,0.0990552,-0.1468808999999999,-0.1453339,0,0,0,3505.81,3473.11,3228.84,2213.239,2096.29,1953.2841,1025.5548,1064.7392,986.3487,3.5875,4.281666666666667,4.285833333333333,1.80916666666667,4.880833333333333,4.3275,282.2150310394928,320.6643772288997,335.8076872275789,0.4178016060537078,0.4217385360204591,0.3406389801234498,144.8800479275552,143.38575812068527,138.35236087649176,56.91144,47.975275,24.071912,23275.489000110894,24788.599964993653,25060.28763084936,2.225633333333333,1.77833333333333,-0.5991666666666662,-0.04166666666666696,0.009415192723524396,0.05578855978896053,-0.036801875989913864,-0.11990526207393654,-0.06104059797727855,0.010302897190663574,0.07102873170626567,0.059436670003539825,97.19699999999987,217.45000000000005,1370.5008333333335,1459.4190909090912,1336.6640000000002,833.8166666666668,782.0374545454545,702.9347100000002,351.07022618683106,425.732319476543,382.07600142419733,-1.1020833333333333,-0.4449999999999994,-0.4849166666666678,-1.7949438249458842,1.3927885546044863,0.9234007433982683,54.99658785717432,101.94101895990678,128.7927618544446,-0.11797759260084179,-0.12544472889749947,-0.22949364977167647,16.79057430708886,16.68685581842061,12.818804431649824,24.348028499999998,16.812942000000003,-7.7994631000000005,-34.755180663025385,1612.7517646033484,2072.883373504963,0.6928604916125507,-1.8377885546044859,-1.4083174100649354,-0.0889691758881079,-0.026770275630253797,-0.11221515303351454,-0.1953497564487967,-0.07462939545040265,-0.02728191150206341,0.03205659768703342,12.937444444444424,-0.08472733333333332,0.11689899999999998,-0.032171000000000005,-0.20162633333333332,-0.04308900000000013,0.004190666666666794,0.04728000000000014,0.1218697777777778,0.08166486241455014,0.0421074333333333,-0.08891800000000005,0.15998800000000002,-0.0710690000000001,-0.24890633333333334,-0.1036386666666666,-0.011100666666666769,0.09253833333333322,0.04858988888888893,0.11439948177075754,0.09811509999999996
2011,Denmark,DNK,128,5569.8584008400285,23715.906279706047,99.63081714024663,95.4206560030872,1846.85361,0.1816016026855812,151.99758621817264,121.63380444,514.9515,604.4182,775.2,947.4795,0.887733333333333,2.73058333333333,281.90463611147794,7.77,193.5849389223945,0.461,743.6,784.29,5.7456,3527.31,2333.6001,1816.9,1710.41,1981.468994140625,6.275284767150879,109.87681579589844,59.70756149291992,0.0,0.0,1.0,1.0,PEG,DEU,0.425834,-0.1632012575864792,0.0036418531090021,0.1424882709980011,0.008877333253622,,,-0.0278970319777727,0.0315388850867748,0.0324439741671085,-0.1771508157253265,0.0166701339185237,,,,0.0273058339953422,0.0137170059606432,-0.0152856418862938,-0.0302552189677953,0.0756828039884567,0.295045,0.3143,0.390655,4.0,-0.019255,-0.0059819999999999,0.132083,0.138065,0.3659413333333334,0.043399193959489,-0.2015326666666666,0.0499211272342016,-0.0256129999999999,0.0615406999999999,0.162962,0.150986,0.320282,0.406657,0.516756,0.442358,-0.15732,-0.255671,-0.0863749999999999,0.0357719999999999,0.0119759999999999,-0.0282919999999999,0.098351,-0.0640639999999999,0.389046,0.289758,0.0178923411268625,0.1569992796129969,-0.0172169999999999,0.0874881,0.0096631,-0.1468808999999999,0,0,0,3541.93,3505.81,3473.11,2281.1799,2213.239,2096.29,977.6977,1025.5548,1064.7392,2.9275,3.5875,4.281666666666667,0.701866666666667,1.80916666666667,4.880833333333333,289.9947166820764,282.2150310394928,320.6643772288997,0.426,0.4178016060537078,0.4217385360204591,148.06524462114643,144.8800479275552,143.38575812068527,118.85107338,56.91144,47.975275,23512.631491157776,23275.489000110894,24788.599964993653,1.842849999999997,2.225633333333333,1.77833333333333,-0.5991666666666662,0.010302897190663468,0.030697498101199216,-0.04666459559255131,0.027566517679545138,0.010188507362648815,-0.004127693093878171,0.03179021541673651,0.037988494547624985,19.871999999999957,97.19699999999987,1301.1976923076923,1370.5008333333335,1459.4190909090912,837.6178230769231,833.8166666666668,782.0374545454545,276.2077241724596,351.07022618683106,425.732319476543,-1.6773076923076928,-1.1020833333333333,-0.4449999999999994,-2.764171223026973,-1.7949438249458842,1.3927885546044863,58.54576674151372,54.99658785717432,101.94101895990678,-0.09994773260447937,-0.11797759260084179,-0.12544472889749947,18.684188361673222,16.79057430708886,16.68685581842061,84.41473661076924,24.348028499999998,16.812942000000003,205.0607858194744,-34.755180663025385,1612.7517646033484,1.0868635307192807,0.6928604916125507,-1.8377885546044859,-0.08066737343029318,-0.04963048101549397,-0.11272660988335909,-0.03159883032458198,0.002818826177058268,-0.06404025401867772,0.007694186077751911,-108.60930000000018,-0.006696333333333332,-0.06876399999999999,0.0754596666666667,0.06206766666666666,-0.1856629999999999,0.07803099999999986,0.263694,0.18017122222222223,-0.09116072063952028,-0.10402609999999991,-0.08472733333333332,0.11689899999999998,-0.032171000000000005,-0.20162633333333332,-0.04308900000000013,0.004190666666666794,0.04728000000000014,0.1218697777777778,0.08166486241455014,0.0421074333333333
2012,Denmark,DNK,128,5589.890259861211,23685.473022240287,99.481423433292,95.54940917196096,1895.00225,0.1877572559366754,155.57601707146648,119.04402564,528.6781,614.5469,851.4,1018.8917,0.0800866666666667,1.40333333333333,272.7711002509576,7.8,197.88082771605903,0.449,765.454,832.775,5.6591,3519.09,2389.8689,1844.84,1674.25,2054.302001953125,6.41616678237915,102.19996643066406,56.61376190185547,0.0,0.0,1.0,1.0,PEG,DEU,-0.55416697,0.2664151787757873,0.0009321980178356,0.0611034482717514,0.0008008666918613,,,-0.0324009843170642,0.0333331823348999,0.0344493761658668,0.2420123666524887,0.0192692186683416,,,,0.0140333333984017,0.0239326078444719,0.0592370331287384,0.0636771470308303,0.0309521574527025,0.199717,0.325505,0.474778,4.0,-0.125788,0.0112049999999999,-0.095328,-0.106533,0.3470796666666667,0.0516821058620229,-0.144082,0.1187626403672468,-0.0249437999999999,0.0527713999999999,0.295045,0.162962,0.3143,0.320282,0.390655,0.516756,-0.019255,-0.15732,-0.0059819999999999,-0.0863749999999999,0.132083,0.0119759999999999,0.138065,0.098351,0.3659413333333334,0.389046,0.043399193959489,0.0178923411268625,-0.0256129999999999,-0.0172169999999999,0.0615406999999999,0.0096631,0,0,0,3527.31,3541.93,3505.81,2333.6001,2281.1799,2213.239,947.4795,977.6977,1025.5548,2.73058333333333,2.9275,3.5875,0.887733333333333,0.701866666666667,1.80916666666667,281.90463611147794,289.9947166820764,282.2150310394928,0.461,0.426,0.4178016060537078,151.99758621817264,148.06524462114643,144.8800479275552,121.63380444,118.85107338,56.91144,23715.906279706047,23512.631491157776,23275.489000110894,1.3232466666666634,1.842849999999997,2.225633333333333,1.77833333333333,-0.004127693093878166,0.022979423937585994,-0.030907508527431356,-0.027897337796907753,0.008645344040913302,-0.0023303877459026623,0.0051967989401032755,0.008087435846674923,2.5220000000004092,19.871999999999957,1193.6349999999998,1301.1976923076923,1370.5008333333335,830.2081785714288,837.6178230769231,833.8166666666668,226.26040101728393,276.2077241724596,351.07022618683106,-1.7544166666666703,-1.6773076923076928,-1.1020833333333333,-2.3808637547155236,-2.764171223026973,-1.7949438249458842,46.27384568937856,58.54576674151372,54.99658785717432,-0.057259445481057936,-0.09994773260447937,-0.11797759260084179,21.281945075722774,18.684188361673222,16.79057430708886,81.16784362714287,84.41473661076924,24.348028499999998,393.6883753806396,205.0607858194744,-34.755180663025385,0.6264470880488531,1.0868635307192807,0.6928604916125507,-0.0888927811432738,-0.05353082587022305,-0.08829824513490384,-0.08463200654529779,0.0010588300724721188,-0.08529698266042113,-0.022848054796344143,-176.06072727272738,0.13063633333333333,-0.05164133333333337,-0.07899566666666669,0.18227766666666667,0.017122666666666744,0.13733266666666671,0.12021,0.06937433333333337,-0.06665886980850314,-0.08205509999999994,-0.006696333333333332,-0.06876399999999999,0.0754596666666667,0.06206766666666666,-0.1856629999999999,0.07803099999999986,0.263694,0.18017122222222223,-0.09116072063952028,-0.10402609999999991
2013,Denmark,DNK,128,5611.925304784513,23812.608841195244,99.99219359369155,95.41774985154557,1929.67703,0.1905477535368192,156.3892253137315,149.72363843,545.9699,620.2704,878.2493000000001,1023.7736,-0.0231016666666667,1.74583333333333,283.3870642927169,7.38,200.7823089611637,0.44,779.085,807.141,5.4127,3549.7399417579345,2386.37860014605,1780.6421016364302,1769.0978401215043,1933.93603515625,7.398605346679687,96.5702133178711,50.5769157409668,0.0,0.0,1.0,1.0,PEG,DEU,-0.16583334,0.3064801096916199,0.0741401463747024,-0.0671686232089996,-0.0002310166601091,,,0.0389193296432495,0.0352208204567432,0.0339014008641243,0.2796801030635834,0.0205131266266107,,,,0.0174583327025175,0.0262502394616603,0.1167134717106819,0.1380001455545425,-0.0336998216807842,0.271363,0.305581,0.423056,5.0,-0.034219,-0.0199239999999999,0.071646,0.091569,0.3200289999999999,0.0056067827673279,-0.1007876666666666,0.0723481067916317,-0.0032897999999999,0.026277,0.199717,0.295045,0.325505,0.3143,0.474778,0.390655,-0.125788,-0.019255,0.0112049999999999,-0.0059819999999999,-0.095328,0.132083,-0.106533,0.138065,0.3470796666666667,0.3659413333333334,0.0516821058620229,0.043399193959489,-0.0249437999999999,-0.0256129999999999,0.0527713999999999,0.0615406999999999,0,0,0,3519.09,3527.31,3541.93,2389.8689,2333.6001,2281.1799,1018.8917,947.4795,977.6977,1.40333333333333,2.73058333333333,2.9275,0.0800866666666667,0.887733333333333,0.701866666666667,272.7711002509576,281.90463611147794,289.9947166820764,0.449,0.461,0.426,155.57601707146648,151.99758621817264,148.06524462114643,119.04402564,121.63380444,118.85107338,23685.473022240287,23715.906279706047,23512.631491157776,1.7689349999999968,1.3232466666666634,1.842849999999997,2.225633333333333,-0.0023303877459026285,0.024112443258808493,0.07537070722902182,-0.032399381530243875,-0.0012832424410363845,0.0087096214526865,0.0012816054502942469,0.007864181783701818,1.5209825273806115,2.5220000000004092,1105.8393333333333,1193.6349999999998,1301.1976923076923,831.1297666666667,830.2081785714288,837.6178230769231,282.58857428279816,226.26040101728393,276.2077241724596,-2.9647055555555593,-1.7544166666666703,-1.6773076923076928,-3.029786171067821,-2.3808637547155236,-2.764171223026973,34.05538678289966,46.27384568937856,58.54576674151372,-0.06516948508955384,-0.057259445481057936,-0.09994773260447937,23.441579590635087,21.281945075722774,18.684188361673222,73.166875252,81.16784362714287,84.41473661076924,337.0092262228354,393.6883753806396,205.0607858194744,0.06508061551226252,0.6264470880488531,1.0868635307192807,-0.08074599142792156,-0.048574176129698894,0.024286988131185343,-0.08308890695396978,-0.008945387128939861,-0.08265086979173623,-0.021313766182675387,-178.73899999999963,-0.003280666666666654,-0.021574666666666686,0.02485499999999996,0.018293999999999977,0.03006666666666654,-0.133917,-0.1639836666666667,-0.0011687777777777963,-0.021081499037759896,-0.0398298333333333,0.13063633333333333,-0.05164133333333337,-0.07899566666666669,0.18227766666666667,0.017122666666666744,0.13733266666666671,0.12021,0.06937433333333337,-0.06665886980850314,-0.08205509999999994
2014,Denmark,DNK,128,5635.9635356099325,24091.598009098896,101.09752202160593,95.80039549979932,1981.16499,0.191574369089162,156.93975313731517,176.79916459999998,555.2432,620.6228000000001,946.0664,1087.4353,0.0641158333333333,1.32666666666667,294.08091577546094,6.93,205.85885204249104,0.443,841.417,822.746,6.1214,3567.7748507270217,2409.748902381541,1774.5964517156365,1793.1783990113852,2408.073974609375,7.588757038116455,92.03229522705078,51.62076187133789,0.0,0.0,1.0,1.0,PEG,DEU,0.0075,0.1976830512285232,0.0722550898790359,0.1434582769870758,0.0006411583162844,,,0.0377125889062881,0.0345425009727478,0.0332871563732624,0.1756408959627151,0.0184039901942014,,,,0.0132666667923331,0.0216364841908216,0.1055741161108017,0.1101787462830543,0.0720497146248817,0.208561,0.229823,0.561616,6.0,-0.021262,-0.0757579999999999,-0.062802,0.012957,0.3151286666666666,0.009987815593679,-0.059754,0.0576744934178013,-0.0273354999999999,0.0085547999999999,0.271363,0.199717,0.305581,0.325505,0.423056,0.474778,-0.034219,-0.125788,-0.0199239999999999,0.0112049999999999,0.071646,-0.095328,0.091569,-0.106533,0.3200289999999999,0.3470796666666667,0.0056067827673279,0.0516821058620229,-0.0032897999999999,-0.0249437999999999,0.026277,0.0527713999999999,0,0,0,3549.7399417579345,3519.09,3527.31,2386.37860014605,2389.8689,2333.6001,1023.7736,1018.8917,947.4795,1.74583333333333,1.40333333333333,2.73058333333333,-0.0231016666666667,0.0800866666666667,0.887733333333333,283.3870642927169,272.7711002509576,281.90463611147794,0.44,0.449,0.461,156.3892253137315,155.57601707146648,151.99758621817264,149.72363843,119.04402564,121.63380444,23812.608841195244,23685.473022240287,23715.906279706047,1.2625508333333366,1.7689349999999968,1.3232466666666634,1.842849999999997,0.00870962145268645,-0.0014604566191685625,0.004791382636643299,0.03891894717582725,0.005367670674576726,0.005080628233333551,0.0007505135376352223,0.006951124062411744,15.204449393900267,1.5209825273806115,1067.3743167579346,1105.8393333333333,1193.6349999999998,775.6938563960498,831.1297666666667,830.2081785714288,269.8086883901234,282.58857428279816,226.26040101728393,-2.436911458333336,-2.9647055555555593,-1.7544166666666703,-2.943612868709416,-3.029786171067821,-2.3808637547155236,42.54288915072772,34.05538678289966,46.27384568937856,-0.06982485275025024,-0.06516948508955384,-0.057259445481057936,22.78968910848542,23.441579590635087,21.281945075722774,99.27355833875,73.166875252,81.16784362714287,443.08196853886693,337.0092262228354,393.6883753806396,0.5067014103760796,0.06508061551226252,0.6264470880488531,-0.06432291613413771,-0.07090879759902935,-0.04791146900327221,-0.006231317784300673,-0.0016981148713974279,-0.07727832814784266,-0.020704412033774364,-165.9908636264656,0.052121666666666705,-0.014447999999999961,-0.03767366666666666,0.06656866666666666,0.007126666666666743,0.05540233333333336,0.048274666666666674,-0.047326666666666795,-0.0320510975487969,0.01930146666666667,-0.003280666666666654,-0.021574666666666686,0.02485499999999996,0.018293999999999977,0.03006666666666654,-0.133917,-0.1639836666666667,-0.0011687777777777963,-0.021081499037759896,-0.0398298333333333
2015,Denmark,DNK,128,5669.016102994885,24514.557239993457,102.73752119090491,97.2954194045006,2036.35622,0.1985062936589226,157.2936638810475,167.8975522,573.0576,636.1338000000001,1043.6434,1157.5873,-0.126008333333333,0.69,314.52504361011864,6.28,210.29130650961565,0.3979999999999999,800.631,832.542,6.83,3590.98465083291,2463.339910740465,1789.4956195281184,1801.489031304792,2628.888916015625,8.942802442739557,98.24615309055471,48.7539368707184,0.0,0.0,1.0,1.0,PEG,DEU,-0.20416667,0.3398592174053192,0.0278839748352766,-0.0289440583437681,-0.0012600832851603,,,-0.0060418532229959,0.0339258275926113,0.0341320484876632,0.2927439510822296,0.0351643562316894,,,,0.0068999999202787,0.045458510518074,0.1207794621586799,0.1362034529447555,-0.0151020707562565,0.187304,0.337832,0.474864,2.0,-0.150528,0.108009,-0.0212569999999999,-0.129266,0.2869696666666666,0.0504831415160876,-0.060423,0.0569772619647523,-0.0038777,-0.0061262999999999,0.208561,0.271363,0.229823,0.305581,0.561616,0.423056,-0.021262,-0.034219,-0.0757579999999999,-0.0199239999999999,-0.062802,0.071646,0.012957,0.091569,0.3151286666666666,0.3200289999999999,0.009987815593679,0.0056067827673279,-0.0273354999999999,-0.0032897999999999,0.0085547999999999,0.026277,0,0,0,3567.7748507270217,3549.7399417579345,3519.09,2409.748902381541,2386.37860014605,2389.8689,1087.4353,1023.7736,1018.8917,1.32666666666667,1.74583333333333,1.40333333333333,0.0641158333333333,-0.0231016666666667,0.0800866666666667,294.08091577546094,283.3870642927169,272.7711002509576,0.443,0.44,0.449,156.93975313731517,156.3892253137315,155.57601707146648,176.79916459999998,149.72363843,119.04402564,24091.598009098896,23812.608841195244,23685.473022240287,0.816008333333333,1.2625508333333366,1.7689349999999968,1.3232466666666634,0.005080628233333551,0.00979320809952825,0.0621833772623167,0.037735849056603786,0.011716026990751523,0.006505399325060779,0.0038199539800391293,0.00562693748462902,23.37188614678161,15.204449393900267,1022.6225012118489,1067.3743167579346,1105.8393333333333,753.4351082553028,775.6938563960498,831.1297666666667,317.59928907305743,269.8086883901234,282.58857428279816,-2.7127303921568595,-2.436911458333336,-2.9647055555555593,-2.683241670550039,-2.943612868709416,-3.029786171067821,50.7342177422525,42.54288915072772,34.05538678289966,-0.06246079945335953,-0.06982485275025024,-0.06516948508955384,21.999646984511145,22.78968910848542,23.441579590635087,120.50946342999998,99.27355833875,73.166875252,696.0074912343516,443.08196853886693,337.0092262228354,-0.02948872160682048,0.5067014103760796,0.06508061551226252,-0.063931727095107,-0.05522333303039321,0.012474992435105713,-0.007024958542005348,0.00475637362423971,-0.06905699916224924,-0.020648304475972133,-140.4509065009127,-0.04681399999999997,-0.08530566666666667,0.1321196666666667,0.038492,-0.07085766666666658,-0.09893566666666667,-0.028076666666666663,-0.029221333333333377,-0.023574878602600935,-0.009386633333333335,0.052121666666666705,-0.014447999999999961,-0.03767366666666666,0.06656866666666666,0.007126666666666743,0.05540233333333336,0.048274666666666674,-0.047326666666666795,-0.0320510975487969,0.01930146666666667
2016,Denmark,DNK,128,5716.090971694665,25099.862459640422,105.24779114713674,98.87776356649142,2107.8082200000003,0.2102477289990336,157.32040380390728,163.86107166000002,568.2477,637.3154000000001,1122.3316,1221.8437,-0.440208333333333,0.320833333,329.3911069615107,5.99,210.852358004538,0.372,811.539,821.394,7.0528,3645.955928917205,2505.259517479396,1786.3587610891743,1859.5971678280305,2749.658935546875,8.474193928448052,96.47187508989246,48.4231736195434,0.0,0.0,1.0,1.0,PEG,DEU,-0.21250001,-0.0606000013649463,0.0867428034543991,0.0472623407840728,-0.0044,,,0.052150011062622,0.034592792391777,0.0328781940042972,-0.0826999992132186,0.0240924451500177,,,,0.0032029999999999,0.0220999997109174,0.0368925221264362,0.0385310240089893,0.0214311704039573,0.238639,0.141555,0.619806,3.0,0.097085,-0.196277,0.0513349999999999,0.247613,0.2910786666666667,0.0554456876080848,-0.0686696666666666,0.071186803653018,-0.0384069,0.0264646,0.187304,0.208561,0.337832,0.229823,0.474864,0.561616,-0.150528,-0.021262,0.108009,-0.0757579999999999,-0.0212569999999999,-0.062802,-0.129266,0.012957,0.2869696666666666,0.3151286666666666,0.0504831415160876,0.009987815593679,-0.0038777,-0.0273354999999999,-0.0061262999999999,0.0085547999999999,0,0,0,3590.98465083291,3567.7748507270217,3549.7399417579345,2463.339910740465,2409.748902381541,2386.37860014605,1157.5873,1087.4353,1023.7736,0.69,1.32666666666667,1.74583333333333,-0.126008333333333,0.0641158333333333,-0.0231016666666667,314.52504361011864,294.08091577546094,283.3870642927169,0.3979999999999999,0.443,0.44,157.2936638810475,156.93975313731517,156.3892253137315,167.8975522,176.79916459999998,149.72363843,24514.557239993457,24091.598009098896,23812.608841195244,0.761041666333333,0.816008333333333,1.2625508333333366,1.7689349999999968,0.0065053993250608,0.02223925003387701,0.06451142426588488,0.0695187165775401,0.017556296213095464,0.015308135074190377,0.006765216337026943,0.001828394543392622,31.18577615836974,23.37188614678161,989.0199401393015,1022.6225012118489,1067.3743167579346,765.1686106000432,753.4351082553028,775.6938563960498,370.10688412455397,317.59928907305743,269.8086883901234,-3.1986898148148146,-2.7127303921568595,-2.436911458333336,-2.7242968555194804,-2.683241670550039,-2.943612868709416,68.35977792456282,50.7342177422525,42.54288915072772,-0.10378663477963257,-0.06246079945335953,-0.06982485275025024,21.131355117992854,21.999646984511145,22.78968910848542,104.91288083944445,120.50946342999998,99.27355833875,1080.299639282559,696.0074912343516,443.08196853886693,-0.4743929592953342,-0.02948872160682048,0.5067014103760796,-0.0587462661742558,-0.03952885974131544,0.014069216354255912,0.02517114183434304,0.010316856162804844,-0.06179567435762085,-0.02315632838746027,-122.92007598130382,-0.03924299999999997,0.0508623333333334,-0.011619333333333315,-0.09010499999999999,0.13616799999999996,0.007571000000000095,-0.128597,-0.04044277777777777,0.028057573441744327,0.014645333333333234,-0.04681399999999997,-0.08530566666666667,0.1321196666666667,0.038492,-0.07085766666666658,-0.09893566666666667,-0.028076666666666663,-0.029221333333333377,-0.023574878602600935,-0.009386633333333335
2017,Denmark,DNK,128,5758.157875639151,25621.121158169743,107.5236221472866,100.49167943485462,2192.96,0.2122570993431188,158.9845707677688,175.6341664,607.349,669.193,1180.7776,1285.1412,-0.435566666666667,0.515,344.0204896258828,5.83,214.1867974040397,0.359,851.274,816.476,6.2077,3686.01250337661,2567.6912064871067,1796.3981349158714,1889.6143684607384,2808.424072265625,7.735770027221274,95.9817821519965,44.68045914664855,0.0,0.0,1.0,1.0,PEG,DEU,-0.035,0.1871999949216842,0.0788543969392776,0.0317108184099197,-0.0044,,,0.0454545021057128,0.033399898558855,0.0319477319717407,0.1568000018596649,0.026279391720891,,,,0.004764,0.0304000005125999,0.1064467802643776,0.1157515794038772,0.0136554092168807,0.150898,0.113748,0.735355,6.0,0.03715,-0.0278069999999999,-0.0877409999999999,-0.059935,0.2364033333333333,0.0983038187067691,-0.0249016666666666,0.1238466181303847,-0.0544501999999999,0.0422848999999999,0.238639,0.187304,0.141555,0.337832,0.619806,0.474864,0.097085,-0.150528,-0.196277,0.108009,0.0513349999999999,-0.0212569999999999,0.247613,-0.129266,0.2910786666666667,0.2869696666666666,0.0554456876080848,0.0504831415160876,-0.0384069,-0.0038777,0.0264646,-0.0061262999999999,0,0,0,3645.955928917205,3590.98465083291,3567.7748507270217,2505.259517479396,2463.339910740465,2409.748902381541,1221.8437,1157.5873,1087.4353,0.320833333,0.69,1.32666666666667,-0.440208333333333,-0.126008333333333,0.0641158333333333,329.3911069615107,314.52504361011864,294.08091577546094,0.372,0.3979999999999999,0.443,157.32040380390728,157.2936638810475,156.93975313731517,163.86107166000002,167.8975522,176.79916459999998,25099.862459640422,24514.557239993457,24091.598009098896,0.950566666666667,0.761041666333333,0.816008333333333,1.2625508333333366,0.015308135074190411,0.017017386255204384,0.055508902006786,0.04726511816279984,0.023875822594588352,0.010986576700421358,0.008964720877528235,0.005539555119210089,40.96842360330611,31.18577615836974,991.9375371636329,989.0199401393015,1022.6225012118489,766.8161852021301,765.1686106000432,753.4351082553028,414.883974433788,370.10688412455397,317.59928907305743,-3.3995043862982453,-3.1986898148148146,-2.7127303921568595,-2.8951128104921393,-2.7242968555194804,-2.683241670550039,79.62795822729365,68.35977792456282,50.7342177422525,-0.12402071062520853,-0.10378663477963257,-0.06246079945335953,20.04591845569513,21.131355117992854,21.999646984511145,95.35466972894739,104.91288083944445,120.50946342999998,1608.7469831778108,1080.299639282559,696.0074912343516,-0.5043915758061059,-0.4743929592953342,-0.02948872160682048,-0.04667984897100087,-0.042554675756581645,0.004285070964365027,0.0015191466510281748,0.01606322386858635,-0.055961130149024214,-0.018083030847674552,-107.42368122088422,0.01622966666666667,-0.14952366666666672,0.13329399999999997,0.16575466666666666,-0.20038600000000006,0.05547266666666653,0.25585966666666665,-0.016297111111110985,0.03341977431571996,-0.026905900000000066,-0.03924299999999997,0.0508623333333334,-0.011619333333333315,-0.09010499999999999,0.13616799999999996,0.007571000000000095,-0.128597,-0.04044277777777777,0.028057573441744327,0.014645333333333234
2018,Denmark,DNK,128,5790.208850073045,25984.599086668277,109.12043949684238,103.4843754855688,2253.31625,0.2172730153689137,160.11236633779592,164.0863983,641.1618000000001,685.1537,1229.0721,1325.9652,-0.490816666666667,0.456666667,360.22171512530304,5.13,217.5347755793371,0.34,853.733,836.331,6.5194,3773.311323394056,2641.9618537182578,1792.590698911635,1980.7206244824208,2798.320068359375,8.12671100912581,90.19994212686473,43.46582159556674,0.0,0.0,1.0,1.0,PEG,DEU,-0.00666667,-0.0794999971985817,0.0760586261749267,0.02056778781116,-0.0049,,,0.043728232383728,0.032330397516489,0.0309758782386779,-0.1014999970793724,0.0244852546602487,,,,0.004548,0.0219999998807907,0.0277442410588264,0.0297080129384994,0.007833894342184,0.222281,0.086009,0.69171,7.0,0.136272,-0.027739,0.071383,0.099122,0.1977116666666666,0.1221416725459961,-0.0054309999999999,0.129181676769579,-0.0783276,0.0800465,0.150898,0.238639,0.113748,0.141555,0.735355,0.619806,0.03715,0.097085,-0.0278069999999999,-0.196277,-0.0877409999999999,0.0513349999999999,-0.059935,0.247613,0.2364033333333333,0.2910786666666667,0.0983038187067691,0.0554456876080848,-0.0544501999999999,-0.0384069,0.0422848999999999,0.0264646,0,0,0,3686.01250337661,3645.955928917205,3590.98465083291,2567.6912064871067,2505.259517479396,2463.339910740465,1285.1412,1221.8437,1157.5873,0.515,0.320833333,0.69,-0.435566666666667,-0.440208333333333,-0.126008333333333,344.0204896258828,329.3911069615107,314.52504361011864,0.359,0.372,0.3979999999999999,158.9845707677688,157.32040380390728,157.2936638810475,175.6341664,163.86107166000002,167.8975522,25621.121158169743,25099.862459640422,24514.557239993457,0.947483333666667,0.950566666666667,0.761041666333333,0.816008333333333,0.010986576700421408,0.024920248210662334,0.0518049076162525,0.0444134111552732,0.02076739262485933,0.023683810062357535,0.010933370366557504,0.0044016090640496075,58.70365921428434,40.96842360330611,982.397234764856,991.9375371636329,989.0199401393015,790.9070649497341,766.8161852021301,765.1686106000432,457.43727571209877,414.883974433788,370.10688412455397,-3.0353624999833326,-3.3995043862982453,-3.1986898148148146,-2.745715503300866,-2.8951128104921393,-2.7242968555194804,90.27594298030112,79.62795822729365,68.35977792456282,-0.13049330480282917,-0.12402071062520853,-0.10378663477963257,20.707789496771852,20.04591845569513,21.131355117992854,102.3600309825,95.35466972894739,104.91288083944445,2049.5683325482423,1608.7469831778108,1080.299639282559,-0.28964699668246685,-0.5043915758061059,-0.4743929592953342,-0.04854457318840141,-0.032412094024461505,0.000355546523075477,-0.001412515443394692,0.012109361063668573,-0.05088352898504916,-0.018216364077964228,-91.32199370413115,-0.060603333333333315,-0.1226553333333333,0.1832596666666667,0.06205166666666667,0.026868333333333418,-0.0768329999999999,-0.103703,-0.06132233333333331,0.05966493713415197,-0.03124349999999993,0.01622966666666667,-0.14952366666666672,0.13329399999999997,0.16575466666666666,-0.20038600000000006,0.05547266666666653,0.25585966666666665,-0.016297111111110985,0.03341977431571996,-0.026905900000000066
2019,Denmark,DNK,128,5815.2486738495245,26420.26913823733,111.0296260927955,104.37889515293676,2318.04186,0.2130150212852238,161.27791238715446,202.89821626000003,648.3356,733.6877,1308.6801,1392.4675,-0.550208333333333,-0.181666667,369.6606352813439,5.02,219.9879007695225,0.336,926.364,837.009,6.6759,3859.9512346877887,2735.349033836877,1800.9122552247013,2059.038979463088,3139.545654296875,7.273869936502527,92.05579165269684,49.17100196989775,0.0,0.0,1.0,1.0,PEG,DEU,-0.03083333,0.2971000075340271,0.0549626573920249,0.0694472566246986,-0.0055,,,0.0237118005752563,0.0312508568167686,0.0305270068347454,0.2687000036239624,0.0223851185292005,,,,-0.001834,0.0283999983221292,0.1281717270612716,0.1368006467819214,0.0319736264646053,0.162276,0.184777,0.652947,6.0,-0.022501,0.098768,-0.060005,-0.158773,0.1137706666666666,0.0277730069371923,0.090169,0.0499215986623024,0.0101927,-0.0259636,0.222281,0.150898,0.086009,0.113748,0.69171,0.735355,0.136272,0.03715,-0.027739,-0.0278069999999999,0.071383,-0.0877409999999999,0.099122,-0.059935,0.1977116666666666,0.2364033333333333,0.1221416725459961,0.0983038187067691,-0.0783276,-0.0544501999999999,0.0800465,0.0422848999999999,0,0,0,3773.311323394056,3686.01250337661,3645.955928917205,2641.9618537182578,2567.6912064871067,2505.259517479396,1325.9652,1285.1412,1221.8437,0.456666667,0.515,0.320833333,-0.490816666666667,-0.435566666666667,-0.440208333333333,360.22171512530304,344.0204896258828,329.3911069615107,0.34,0.359,0.372,160.11236633779592,158.9845707677688,157.32040380390728,164.0863983,175.6341664,163.86107166000002,25984.599086668277,25621.121158169743,25099.862459640422,0.36854166633333296,0.947483333666667,0.950566666666667,0.761041666333333,0.02368381006235746,0.02892506974495651,0.031766159236043534,0.04709378071358136,0.014186651952294953,0.022961241166764124,0.016659507278989755,0.006455585867200178,72.92847373291994,58.70365921428434,1022.9152340792143,982.397234764856,991.9375371636329,827.5154709928026,790.9070649497341,766.8161852021301,476.4785482972369,457.43727571209877,414.883974433788,-2.949154761555555,-3.0353624999833326,-3.3995043862982453,-2.670217146000825,-2.745715503300866,-2.8951128104921393,102.17831405208796,90.27594298030112,79.62795822729365,-0.14296863956268763,-0.13049330480282917,-0.12402071062520853,20.84949985266701,20.707789496771852,20.04591845569513,85.93797569285715,102.3600309825,95.35466972894739,2315.4477690206695,2049.5683325482423,1608.7469831778108,-0.2789376155547303,-0.28964699668246685,-0.5043915758061059,-0.0334201111670453,-0.02678666778894425,-0.01970097918328726,0.001338479887083209,0.004923152337920768,-0.042479311599719585,-0.015203631270710274,-68.51331399847894,0.030000666666666703,-0.11170266666666664,0.08170166666666667,0.141703,0.010952666666666652,0.09060399999999996,0.07965133333333334,-0.07377222222222227,0.05406412326901561,-0.046082666666666695,-0.060603333333333315,-0.1226553333333333,0.1832596666666667,0.06205166666666667,0.026868333333333418,-0.0768329999999999,-0.103703,-0.06132233333333331,0.05966493713415197,-0.03124349999999993
2020,Denmark,DNK,128,5832.275754017531,25801.54394040855,108.42338766780848,102.7006055501023,2329.5614,0.2236533111137115,161.81585671762764,191.93253079,631.4569,700.4281,1465.3546,1532.0273,-0.147475,-0.358333333,388.5369029720636,5.64,222.44339932333247,0.421,919.975,929.868,6.0576,3933.189158857717,2834.204571553108,1813.92394290934,2119.2652159483773,3038.8369140625,6.950581450814679,91.38091300507958,51.91221686322748,0.0,0.0,1.0,1.0,PEG,DEU,-0.06833334,0.3057000041007995,0.0818787515163421,0.0173440538346767,-0.0015,,,0.0510637760162353,0.0308149755001068,0.0293178930878639,0.2854999899864197,0.0157137289643287,,,,-0.003593,0.0201999992132186,0.1537830978631973,0.16861592233181,0.007922027260065,0.162276,0.184777,0.652947,0.0,-0.022501,0.0,0.0,0.0,0.128178,0.0509406333981037,0.050307,0.0802000397069727,0.0311854999999999,-0.0337725999999999,0.162276,0.222281,0.184777,0.086009,0.652947,0.69171,-0.022501,0.136272,0.098768,-0.027739,-0.060005,0.071383,-0.158773,0.099122,0.1137706666666666,0.1977116666666666,0.0277730069371923,0.1221416725459961,0.0101927,-0.0783276,-0.0259636,0.0800465,0,0,0,3859.9512346877887,3773.311323394056,3686.01250337661,2735.349033836877,2641.9618537182578,2567.6912064871067,1392.4675,1325.9652,1285.1412,-0.181666667,0.456666667,0.515,-0.550208333333333,-0.490816666666667,-0.435566666666667,369.6606352813439,360.22171512530304,344.0204896258828,0.336,0.34,0.359,161.27791238715446,160.11236633779592,158.9845707677688,202.89821626000003,164.0863983,175.6341664,26420.26913823733,25984.599086668277,25621.121158169743,-0.21085833299999998,0.36854166633333296,0.947483333666667,0.950566666666667,0.022961241166764023,0.0353476640804588,0.05015388035824762,0.026203084821684163,0.016766471944244066,0.01897379518988984,0.019210542643181006,0.007131320938155345,82.81698777370511,72.92847373291994,1063.0589983693462,1022.9152340792143,982.397234764856,883.2883115208399,827.5154709928026,790.9070649497341,521.3227324655443,476.4785482972369,457.43727571209877,-3.4534356063939393,-2.949154761555555,-3.0353624999833326,-2.60823530603109,-2.670217146000825,-2.745715503300866,106.97276538757939,102.17831405208796,90.27594298030112,-0.1401606091073216,-0.14296863956268763,-0.13049330480282917,21.067341363267957,20.84949985266701,20.707789496771852,120.84352203045457,85.93797569285715,102.3600309825,2645.8701947251466,2315.4477690206695,2049.5683325482423,-0.8452003003628492,-0.2789376155547303,-0.28964699668246685,-0.03255124619754132,-0.019088517844444618,-0.0003751161952123619,-0.019615953142294144,0.007268536504254606,-0.03780431065554235,-0.013767714636219595,-50.68253558518656,-0.04166333333333333,0.07100633333333332,-0.029343333333333388,-0.11266999999999999,0.18270899999999998,-0.071664,-0.254373,-0.1279605555555556,-0.0641907193497577,0.06725426666666665,0.030000666666666703,-0.11170266666666664,0.08170166666666667,0.141703,0.010952666666666652,0.09060399999999996,0.07965133333333334,-0.07377222222222227,0.05406412326901561,-0.046082666666666695
2003,Spain,ESP,184,42196.231,16555.1049798743,96.63573911068966,93.604678745963,133485830.676,0.2765460401855945,160.7764507384674,-5183254.80514908,37155491.274,34210958.232,38513373.8299806,113718341.946,2.3116666666666665,4.1241666666666665,234.77408513816235,11.2834,175.81511304545546,0.477117,23151613.584,24021313.206,131.73871733966746,133476920.372928,71693168.0,61897714.087044,71579206.285884,110365880.0,5.970907211303711,124.6050796508789,54.79531478881836,0.0,0.0,1.0,1.0,PEG,DEU,-0.95999998,0.3297805488109588,0.2235008478164672,0.0505461022257804,0.0231166668236255,,,0.1997265070676803,0.0237743332982063,0.0198164600878953,0.2744365036487579,0.043426290154457,,,,0.04124166816473,0.0553440488874912,0.215136706829071,0.2369084954261779,0.0368313863873481,0.233635,0.067485,0.69888,5.0,0.166151,-0.1121279999999999,-0.1358489999999999,-0.02372,0.1736463333333333,0.0051672849092472,0.172357,0.0151675689218806,-0.0300583999999999,0.0033923999999999,0.369484,0.334263,0.179613,0.170663,0.450903,0.495074,0.189871,0.1636,0.0089499999999999,0.0,0.035221,0.0,0.026271,0.0,0.1775615333333333,0.1969388923076923,0.0119486102310408,0.0294650528342832,-0.0035236799999999,-0.019509183076923,0.05274694,0.0793928594871794,0,0,0,116746912.563336,103966924.699572,93077512.070004,58961420.0,49425376.0,41733148.0,103940502.27,96745472.472,84956358.828,4.95916666666667,5.116666666666666,5.525833333333334,3.275,4.36083333333333,4.11166666666667,195.68707991038045,167.30769230769198,152.79126213592198,0.5124989999999999,0.5404950000000001,0.578153,156.03371014859266,151.3359826273017,146.0919601372892,-4651867.973385599,-5102799.681787501,-4645892.8025466,16368.2759640002,16181.1816495428,15652.5359751821,1.8125,1.6841666666666701,0.755833333333336,1.414166666666664,0.1229235922933538,0.19293821861871116,0.07437071331769425,0.1696239259011268,0.011562463020905989,0.14330150101841754,0.13758751051171578,0.030678386903093796,13397821.277253605,12304898.829920404,35902410.85430999,28903028.7381825,24018154.811486006,23084085.6,16935052.0,12323765.333333332,23139833.4552,19931004.571500003,10855854.569999993,-0.3618333333333297,-0.25541666666666707,0.20500000000000096,-0.9293333333333327,0.19562499999999794,-0.07138888888888406,51.32935026138881,28.68745332337545,18.89469753547391,-0.08594940000000006,-0.07244174999999997,-0.0463783333333333,13.55752704772567,11.074749408043374,7.774302557374483,-1623732.9319691034,-2593330.800463756,-2848565.2282971395,1407.0289112896207,1524.9182460402735,1328.3634289060992,0.5675000000000023,-0.4510416666666648,0.27638888888888413,-0.029645175377059588,-0.00025791492326834864,-0.004097870491992103,0.09751934242943165,-0.030471415222569596,-0.01977602209847812,0.014076180782639915,709987.6389968991,0.0781732,0.0020514666666666403,-0.08022471111111112,0.07612171111111114,0.028327358974358834,-0.016999102564102503,-0.0453263846153846,-0.026865035897435885,-0.012952049253076369,0.011643854615384648,0.09517230256410256,-0.02627589230769231,-0.06889655726495725,0.12144809572649573,0.007869153846153835,-0.036048230769230735,-0.0439173846153846,-0.011231515384615365,0.006846590025249049,-0.008683296923076898
2004,Spain,ESP,184,42859.172,16814.7121295838,98.20142880333874,95.868846101654,142998284.68199998,0.2852371665389705,165.6624147283815,-7839165.96626724,41629943.586,36338702.4,42677484.53278942,123331958.64,2.040833333333333,4.10333333333333,277.81926811052966,11.0902,179.68052365261113,0.453655,25088679.396,26576336.622,122.15402687027384,157350792.62166,88457840.0,73449880.09062,83900912.53104,124804216.0,6.466372489929199,128.19442749023438,54.33646011352539,0.0,0.0,1.0,1.0,PEG,DEU,-0.26967001,0.2308199852705001,0.2036819607019424,0.1024674773216247,0.020408334210515,,,0.1830530762672424,0.0206288900226354,0.0174369942396879,0.1869848221540451,0.0369298420846462,,,,0.0410333350300788,0.043835163116455,0.1934670209884643,0.207173466682434,0.0614379048347473,0.277713,0.03155,0.690737,11.0,0.246163,-0.035935,0.0440779999999999,0.080012,0.1392536666666666,0.0623143784477814,0.1732073333333333,0.01448741662041,-0.0529466999999999,0.0223969,0.233635,0.369484,0.067485,0.179613,0.69888,0.450903,0.166151,0.189871,-0.1121279999999999,0.0089499999999999,-0.1358489999999999,0.035221,-0.02372,0.026271,0.1736463333333333,0.1775615333333333,0.0051672849092472,0.0119486102310408,-0.0300583999999999,-0.0035236799999999,0.0033923999999999,0.05274694,0,0,0,133476920.372928,116746912.563336,103966924.699572,71693168.0,58961420.0,49425376.0,113718341.946,103940502.27,96745472.472,4.1241666666666665,4.95916666666667,5.116666666666666,2.3116666666666665,3.275,4.36083333333333,234.77408513816235,195.68707991038045,167.30769230769198,0.477117,0.5124989999999999,0.5404950000000001,160.7764507384674,156.03371014859266,151.3359826273017,-5183254.80514908,-4651867.973385599,-5102799.681787501,16555.1049798743,16368.2759640002,16181.1816495428,2.062499999999997,1.8125,1.6841666666666701,0.755833333333336,0.14330150101841752,0.2159335375572705,0.09407150689536493,0.19974239099322616,0.01141409249727981,0.17886142549610495,0.12773934746202187,0.013799586940650557,17688161.1575856,13397821.277253605,46648683.52151699,35902410.85430999,28903028.7381825,31968486.0,23084085.6,16935052.0,29061034.222000003,23139833.4552,19931004.571500003,-1.1365277777777782,-0.3618333333333297,-0.25541666666666707,-1.7377777777777768,-0.9293333333333327,0.19562499999999794,81.86146377893925,51.32935026138881,28.68745332337545,-0.1070065,-0.08594940000000006,-0.07244174999999997,16.040679796312787,13.55752704772567,11.074749408043374,-1884497.6084043998,-1623732.9319691034,-2593330.800463756,1359.3531086154508,1407.0289112896207,1524.9182460402735,0.6012499999999985,0.5675000000000023,-0.4510416666666648,-0.0033382315765839443,0.022788986999944638,0.016422497184076998,0.1081339390356447,-0.024525502701681856,-0.024680179623552484,-0.0063216643754633005,1566247.5399978012,-0.11236833333333326,-0.10616133333333334,0.21852966666666657,-0.006205999999999989,-0.10821279999999989,-0.19054153333333318,-0.0823277111111111,-0.019456490598290604,-0.015578714766443933,-0.01877215025641023,0.0781732,0.0020514666666666403,-0.08022471111111112,0.07612171111111114,0.028327358974358834,-0.016999102564102503,-0.0453263846153846,-0.026865035897435885,-0.012952049253076369,0.011643854615384648
2005,Spain,ESP,184,43662.613,17105.212509267,100.0,97.90753860128493,154299221.802,0.2989170032002028,171.2419891842005,-11192865.549517078,45954981.27,38542817.742,83717357.33044903,137604716.106,2.086666666666667,3.3875,318.38125466766155,9.1463,186.48177626177463,0.424302,28048686.336,27275324.208,141.04094261252862,200098562.612652,118081120.0,95880487.064538,104218075.54811402,150774112.0,6.073286533355713,129.6324005126953,54.05338668823242,0.0,0.0,1.0,1.0,PEG,DEU,0.041669998,0.2578282356262207,0.1638371795415878,0.0701842829585075,0.0208666659891605,,,0.1456549912691116,0.0181821938604116,0.0158705674111843,0.205565869808197,0.0433509051799774,,,,0.0338749997317791,0.0522623732686042,0.1651934385299682,0.1758624762296676,0.0455254763364791,0.221135,0.024673,0.754192,8.0,0.196462,-0.006877,-0.0565779999999999,-0.0497009999999999,0.0928826666666666,0.0772298135199958,0.2007283333333333,0.0410961227043784,-0.0500755,0.0099785,0.277713,0.233635,0.03155,0.067485,0.690737,0.69888,0.246163,0.166151,-0.035935,-0.1121279999999999,0.0440779999999999,-0.1358489999999999,0.080012,-0.02372,0.1392536666666666,0.1736463333333333,0.0623143784477814,0.0051672849092472,-0.0529466999999999,-0.0300583999999999,0.0223969,0.0033923999999999,0,0,1,157350792.62166,133476920.372928,116746912.563336,88457840.0,71693168.0,58961420.0,123331958.64,113718341.946,103940502.27,4.10333333333333,4.1241666666666665,4.95916666666667,2.040833333333333,2.3116666666666665,3.275,277.81926811052966,234.77408513816235,195.68707991038045,0.453655,0.477117,0.5124989999999999,165.6624147283815,160.7764507384674,156.03371014859266,-7839165.96626724,-5183254.80514908,-4651867.973385599,16814.7121295838,16555.1049798743,16368.2759640002,1.3008333333333333,2.062499999999997,1.8125,1.6841666666666701,0.178861425496105,0.23383918534608486,0.08453883981675624,0.1833472503876892,0.015681395558958942,0.27167178047699014,0.14836217293595877,0.028310211868642823,27392882.239668008,17688161.1575856,63858458.124318,46648683.52151699,35902410.85430999,44166231.428571425,31968486.0,23084085.6,34523074.598571435,29061034.222000003,23139833.4552,-0.9950000000000037,-1.1365277777777782,-0.3618333333333297,-1.760357142857142,-1.7377777777777768,-0.9293333333333327,113.21215192574383,81.86146377893925,51.32935026138881,-0.11518185714285717,-0.1070065,-0.08594940000000006,18.635118101039353,16.040679796312787,13.55752704772567,-4271194.825464789,-1884497.6084043998,-1623732.9319691034,1424.7669570941707,1359.3531086154508,1407.0289112896207,0.7653571428571384,0.6012499999999985,0.5675000000000023,0.03277806483053419,0.036896470288768246,0.004152747241455465,0.07371647525750027,-0.016170615856389084,0.000878681775094925,0.009453293427621624,5465025.535330344,-0.03474766666666668,-0.10770366666666667,0.14245133333333337,0.07295566666666664,-0.00154233333333334,0.07762066666666653,0.07916166666666667,-0.04346191965811971,0.046787395789591,-0.0352496123076923,-0.11236833333333326,-0.10616133333333334,0.21852966666666657,-0.006205999999999989,-0.10821279999999989,-0.19054153333333318,-0.0823277111111111,-0.019456490598290604,-0.015578714766443933,-0.01877215025641023
2006,Spain,ESP,184,44360.521,17520.684152159,102.36220472440944,100.0,167022093.678,0.3002730561065048,177.2614640829975,-14783125.511439782,51669674.826,42158551.908,95213707.35903116,155406853.40399998,2.8275,3.785,361.7017708602335,8.4522,192.15482488512492,0.3906389999999999,31063434.27,29713045.494,126.33712984054668,251014164.10686,147058736.0,116519190.361068,134494973.74579197,192509184.0,5.911002159118652,131.81222534179688,51.67378616333008,0.0,0.0,1.0,1.0,PEG,DEU,0.74583,0.4054714739322662,0.1170055717229843,-0.0161145683377981,0.0282749999314546,,,0.1004429906606674,0.0165625791996717,0.0150508284568786,0.3448508381843567,0.0450761057436466,,,,0.0378499999642372,0.0606206394731998,0.1465500295162201,0.1574465930461883,0.0060802157968282,0.341083,0.050031,0.608886,10.0,0.291052,0.025358,0.119948,0.0945899999999999,0.041236,0.0229908847807125,0.2029253333333333,0.0403956810108869,-0.0059239,0.0325001999999999,0.221135,0.277713,0.024673,0.03155,0.754192,0.690737,0.196462,0.246163,-0.006877,-0.035935,-0.0565779999999999,0.0440779999999999,-0.0497009999999999,0.080012,0.0928826666666666,0.1392536666666666,0.0772298135199958,0.0623143784477814,-0.0500755,-0.0529466999999999,0.0099785,0.0223969,0,1,1,200098562.612652,157350792.62166,133476920.372928,118081120.0,88457840.0,71693168.0,137604716.106,123331958.64,113718341.946,3.3875,4.10333333333333,4.1241666666666665,2.086666666666667,2.040833333333333,2.3116666666666665,318.38125466766155,277.81926811052966,234.77408513816235,0.424302,0.453655,0.477117,171.2419891842005,165.6624147283815,160.7764507384674,-11192865.549517078,-7839165.96626724,-5183254.80514908,17105.212509267,16814.7121295838,16555.1049798743,0.9575,1.3008333333333333,2.062499999999997,1.8125,0.2716717804769901,0.33488586201064824,0.11572635043980362,0.14600134408602072,0.017276559803369607,0.25445260990090035,0.1979449023305042,0.06627870305109174,39535950.1192788,27392882.239668008,98623920.84977025,63858458.124318,46648683.52151699,68268732.5,44166231.428571425,31968486.0,44480447.73975001,34523074.598571435,29061034.222000003,-1.5864583333333329,-0.9950000000000037,-1.1365277777777782,-1.4944791666666655,-1.760357142857142,-1.7377777777777768,139.62261949215772,113.21215192574383,81.86146377893925,-0.13013712500000002,-0.11518185714285717,-0.1070065,21.885302794228437,18.635118101039353,16.040679796312787,-7090995.055531528,-4271194.825464789,-1884497.6084043998,1537.171467140599,1424.7669570941707,1359.3531086154508,-0.09197916666666739,0.7653571428571384,0.6012499999999985,0.12090583912134298,0.13267222262636472,0.03474700825858064,0.025839643919046043,-0.012265363632494263,0.05031496420712453,0.045846235705466934,14076741.510346685,-0.07247566666666663,-0.06820966666666667,0.14068533333333322,-0.0042663333333333164,0.039493999999999994,-0.0377279999999999,-0.0772219999999999,-0.07060451111111114,0.05075305565730601,-0.02123257333333343,-0.03474766666666668,-0.10770366666666667,0.14245133333333337,0.07295566666666664,-0.00154233333333334,0.07762066666666653,0.07916166666666667,-0.04346191965811971,0.046787395789591,-0.0352496123076923
2007,Spain,ESP,184,45236.004,17802.3340562168,104.03543307086612,101.29377754095444,178954632.054,0.2986223651583066,182.20267138435537,-16879000.89533328,56841118.092,46500893.736,94216785.8507018,178454808.51,3.8475,4.307499999999999,397.1785621098264,8.2321,200.7938416601885,0.357646,34476011.13,32269399.998,113.02628897493368,292874730.33588,169511504.0,131320122.713538,161554607.622342,224173456.0,5.936588287353516,133.0890350341797,52.28050231933594,0.0,0.0,1.0,1.0,PEG,DEU,1.02334,0.0916206240653991,0.0704866796731948,0.0103573985397815,0.0384749993681907,,,0.0547783747315406,0.0157083012163639,0.0148925138637423,0.0560025200247764,0.0337291806936264,,,,0.0430749990046024,0.0356181003153324,0.0702429339289665,0.0734406411647796,0.0244161989539861,0.400728,0.139156,0.460116,6.0,0.261571,0.089125,0.0596449999999999,-0.0294809999999999,0.035418,0.0131140424354963,0.2445589999999999,0.0473153953486599,0.0348176,0.0140814,0.341083,0.221135,0.050031,0.024673,0.608886,0.754192,0.291052,0.196462,0.025358,-0.006877,0.119948,-0.0565779999999999,0.0945899999999999,-0.0497009999999999,0.041236,0.0928826666666666,0.0229908847807125,0.0772298135199958,-0.0059239,-0.0500755,0.0325001999999999,0.0099785,1,1,1,251014164.10686,200098562.612652,157350792.62166,147058736.0,118081120.0,88457840.0,155406853.40399998,137604716.106,123331958.64,3.785,3.3875,4.10333333333333,2.8275,2.086666666666667,2.040833333333333,361.7017708602335,318.38125466766155,277.81926811052966,0.3906389999999999,0.424302,0.453655,177.2614640829975,171.2419891842005,165.6624147283815,-14783125.511439782,-11192865.549517078,-7839165.96626724,17520.684152159,17105.212509267,16814.7121295838,0.4599999999999991,0.9575,1.3008333333333333,2.062499999999997,0.2544526099009003,0.24540431188322062,0.1293715637208727,0.13606490821135678,0.024289183350800946,0.16676575355006418,0.2349952719579985,0.0493698440121872,45748741.463686794,39535950.1192788,138581308.91622603,98623920.84977025,63858458.124318,89660933.77777778,68268732.5,44166231.428571425,57340313.06666665,44480447.73975001,34523074.598571435,-1.0126851851851848,-1.5864583333333329,-0.9950000000000037,-0.5875925925925913,-1.4944791666666655,-1.760357142857142,167.42951129671218,139.62261949215772,113.21215192574383,-0.14934044444444455,-0.13013712500000002,-0.11518185714285717,25.4730773825556,21.885302794228437,18.635118101039353,-9893366.677950729,-7090995.055531528,-4271194.825464789,1781.8462803503116,1537.171467140599,1424.7669570941707,-0.42509259259259324,-0.09197916666666739,0.7653571428571384,0.0885734386550853,0.026606644670641527,0.04404884550732713,0.012673252554501344,-0.0037195696310011427,0.0801774818050296,0.022387914422924263,23873685.8048997,0.09692200000000006,0.008794999999999997,-0.10571699999999995,0.08812666666666666,0.07700466666666662,0.16939766666666664,0.09239299999999986,-0.09402488888888885,-0.02524627417829563,0.03843629999999993,-0.07247566666666663,-0.06820966666666667,0.14068533333333322,-0.0042663333333333164,0.039493999999999994,-0.0377279999999999,-0.0772219999999999,-0.07060451111111114,0.05075305565730601,-0.02123257333333343
2008,Spain,ESP,184,45983.169,17681.9141763058,103.34645669291338,99.0003240055144,184612088.826,0.2783646570969437,189.6277816521101,-16436014.26817878,56047124.1,47304870.888,89765210.03146933,196494212.244,3.85,4.36666666666667,391.5060128537649,11.2545,215.3335060856517,0.39712,29002743.66,34595975.436,119.5559387799094,311122127.717742,177125984.0,136338661.904346,174783465.81339604,239175152.0,5.60120153427124,130.5260772705078,52.92464447021485,1.0,1.0,1.0,1.0,PEG,DEU,-0.04084,-0.3694705069065094,0.0176277998834848,0.0973037034273147,0.0384999997913837,,,0.0021031307987868,0.0155246695503592,0.0154920872300863,-0.4056248068809509,0.0608274266123771,,,,0.0436666682362556,0.0361543148756027,-0.0096380645409226,-0.015987541526556,0.0679018497467041,0.281416,0.288842,0.429742,3.0,-0.007425,0.1496859999999999,-0.1193119999999999,-0.268996,0.0712866666666666,0.0601285443556829,0.249695,0.0484003776534852,0.0881632,-0.0641141999999999,0.400728,0.341083,0.139156,0.050031,0.460116,0.608886,0.261571,0.291052,0.089125,0.025358,0.0596449999999999,0.119948,-0.0294809999999999,0.0945899999999999,0.035418,0.041236,0.0131140424354963,0.0229908847807125,0.0348176,-0.0059239,0.0140814,0.0325001999999999,0,0,0,292874730.33588,251014164.10686,200098562.612652,169511504.0,147058736.0,118081120.0,178454808.51,155406853.40399998,137604716.106,4.307499999999999,3.785,3.3875,3.8475,2.8275,2.086666666666667,397.1785621098264,361.7017708602335,318.38125466766155,0.357646,0.3906389999999999,0.424302,182.20267138435537,177.2614640829975,171.2419891842005,-16879000.89533328,-14783125.511439782,-11192865.549517078,17802.3340562168,17520.684152159,17105.212509267,0.5166666666666697,0.4599999999999991,0.9575,1.3008333333333333,0.16676575355006412,0.15267891327448918,0.148307198821431,0.0980829902082552,0.01607528002969538,0.06230444450067507,0.23096338130931823,0.056259457127392616,37493126.15442899,45748741.463686794,166583744.25362337,138581308.91622603,98623920.84977025,103147608.4,89660933.77777778,68268732.5,74654236.866,57340313.06666665,44480447.73975001,-0.3889166666666668,-1.0126851851851848,-1.5864583333333329,0.4911666666666674,-0.5875925925925913,-1.4944791666666655,186.16335141663382,167.42951129671218,139.62261949215772,-0.16739939999999998,-0.14934044444444455,-0.13013712500000002,27.86697694565794,25.4730773825556,21.885302794228437,-10999905.394049153,-9893366.677950729,-7090995.055531528,1885.3115563730826,1781.8462803503116,1537.171467140599,-0.8800833333333349,-0.42509259259259324,-0.09197916666666739,-0.008954910879649253,-0.06907504779038343,0.05809016444040466,-0.026716804621322587,-0.011520187437551028,0.06612340593072064,0.02647903823526415,26675950.60575059,0.120751,0.103738,-0.224489,0.017012000000000027,0.094943,0.023828999999999906,-0.07111466666666656,-0.055706111111111074,-0.04106431648066694,0.07113296666666663,0.09692200000000006,0.008794999999999997,-0.10571699999999995,0.08812666666666666,0.07700466666666662,0.16939766666666664,0.09239299999999986,-0.09402488888888885,-0.02524627417829563,0.03843629999999993
2009,Spain,ESP,184,46367.55,16888.1328330741,98.72047244094487,94.63450174465213,177920376.678,0.2311322210407893,189.08353273196053,-7273384.998596641,42582004.278,41031453.144,99121354.0854228,193540694.358,0.675833333333334,3.97916666666667,365.639187524166,17.8567,226.72759682821604,0.532613,23592536.484,40296193.41,115.49770928779668,305657287.865028,178860896.0,135428109.527766,170229178.33726203,237790752.0,5.878785610198975,128.7443084716797,53.18405151367188,0.0,0.0,1.0,1.0,PEG,DEU,-3.192497,0.3560526967048645,-0.0597293898463249,0.05009076744318,0.006758333183825,,,-0.0756976604461669,0.0159682687371969,0.0172760225832462,0.272293210029602,0.0658334866166114,,,,0.0397916659712791,0.0837595015764236,-0.0113620040938258,-0.0158537458628416,0.0284245498478412,0.228455,0.297956,0.473588,6.0,-0.069501,0.009114,-0.052961,-0.0620759999999999,0.1593429999999999,0.1206785385103747,0.1817326666666666,0.164477200500049,0.0893461,-0.1350654999999999,0.281416,0.400728,0.288842,0.139156,0.429742,0.460116,-0.007425,0.261571,0.1496859999999999,0.089125,-0.1193119999999999,0.0596449999999999,-0.268996,-0.0294809999999999,0.0712866666666666,0.035418,0.0601285443556829,0.0131140424354963,0.0881632,0.0348176,-0.0641141999999999,0.0140814,0,0,0,311122127.717742,292874730.33588,251014164.10686,177125984.0,169511504.0,147058736.0,196494212.244,178454808.51,155406853.40399998,4.36666666666667,4.307499999999999,3.785,3.85,3.8475,2.8275,391.5060128537649,397.1785621098264,361.7017708602335,0.39712,0.357646,0.3906389999999999,189.6277816521101,182.20267138435537,177.2614640829975,-16436014.26817878,-16879000.89533328,-14783125.511439782,17681.9141763058,17802.3340562168,17520.684152159,3.3033333333333363,0.5166666666666697,0.4599999999999991,0.9575,0.06230444450067518,0.04492013710172733,0.1010866778240337,-0.014282113379757188,-0.006764274815354879,-0.01756493468594378,0.1611742693172132,0.09619603884055075,18217676.8656366,37493126.15442899,169687164.88515604,166583744.25362337,138581308.91622603,101385033.0909091,103147608.4,89660933.77777778,85906891.79399998,74654236.866,57340313.06666665,-0.2943939393939363,-0.3889166666666668,-1.0126851851851848,0.44901515151515214,0.4911666666666674,-0.5875925925925913,163.56686112269654,186.16335141663382,167.42951129671218,-0.11270727272727282,-0.16739939999999998,-0.14934044444444455,32.758725672898294,27.86697694565794,25.4730773825556,-9556927.367435638,-10999905.394049153,-9893366.677950729,1593.499716791799,1885.3115563730826,1781.8462803503116,-0.7434090909090885,-0.8800833333333349,-0.42509259259259324,-0.11252072884107325,-0.16992631918410694,0.005060626998966894,-0.13641022774720274,-0.033207723538846184,-0.011012751164797774,0.06347350458894849,15085841.470773961,-0.03956599999999999,0.21755533333333332,-0.1779893333333334,-0.25712,0.11381733333333324,-0.1603169999999999,-0.27413200000000004,0.014774444444444389,0.0223502974436147,0.0952238,0.120751,0.103738,-0.224489,0.017012000000000027,0.094943,0.023828999999999906,-0.07111466666666656,-0.055706111111111074,-0.04106431648066694,0.07113296666666663
2010,Spain,ESP,184,46562.483,16840.7465287583,98.42519685039368,94.47018923081032,178483759.674,0.21788947421901,192.48611150718125,-6525366.25368144,48148780.68,46319532.996,96801717.27015065,183856696.386,0.453333333333333,4.25083333333333,359.17915477189007,19.8597,229.03631869418533,0.605153,28473968.952,37138519.902,124.52177817691964,306807457.71178794,176268560.0,135235448.682576,171572009.02921194,241713040.0,5.479434490203857,128.01426696777344,53.13203811645508,0.0,0.0,1.0,1.0,PEG,DEU,-0.24250001,-0.1466962099075317,-0.0090170633047819,-0.0603542476892471,0.0045333332382142,,,-0.0264849308878183,0.0174678675830364,0.0179430898278951,-0.1916615664958953,0.0556268878281116,,,,0.0425083339214324,0.0449653528630733,-0.0223130490630865,-0.0215868540108203,-0.0279104579240083,0.189252,0.184359,0.626389,9.0,0.004892,-0.113597,-0.0392029999999999,0.0743929999999999,0.2419846666666666,0.0891687572265831,0.0615483333333333,0.1759834021416034,0.0144723,-0.0832113,0.228455,0.281416,0.297956,0.288842,0.473588,0.429742,-0.069501,-0.007425,0.009114,0.1496859999999999,-0.052961,-0.1193119999999999,-0.0620759999999999,-0.268996,0.1593429999999999,0.0712866666666666,0.1206785385103747,0.0601285443556829,0.0893461,0.0881632,-0.1350654999999999,-0.0641141999999999,0,0,0,305657287.865028,311122127.717742,292874730.33588,178860896.0,177125984.0,169511504.0,193540694.358,196494212.244,178454808.51,3.97916666666667,4.36666666666667,4.307499999999999,0.675833333333334,3.85,3.8475,365.639187524166,391.5060128537649,397.1785621098264,0.532613,0.39712,0.357646,189.08353273196053,189.6277816521101,182.20267138435537,-7273384.998596641,-16436014.26817878,-16879000.89533328,16888.1328330741,17681.9141763058,17802.3340562168,3.7974999999999968,3.3033333333333363,0.5166666666666697,0.4599999999999991,-0.017564934685943796,0.009794791034160182,-0.01503106810256781,-0.0660700589016513,-0.04489227440631877,0.0037629393848046533,0.07050175445493183,0.09243834471827539,3633334.2275010184,18217676.8656366,150081727.95867902,169687164.88515604,166583744.25362337,94671192.33333333,101385033.0909091,103147608.4,75794466.25850001,85906891.79399998,74654236.866,-0.6573611111111082,-0.2943939393939363,-0.3889166666666668,-2.762569444444443,0.44901515151515214,0.4911666666666674,124.06946403287293,163.56686112269654,186.16335141663382,0.03217800000000004,-0.11270727272727282,-0.16739939999999998,29.484582946673868,32.758725672898294,27.86697694565794,402112.5160994688,-9556927.367435638,-10999905.394049153,666.9267304941186,1593.499716791799,1885.3115563730826,2.1052083333333353,-0.7434090909090885,-0.8800833333333349,-0.18216095086032194,-0.1896038180531189,-0.11151717592754071,-0.17579724347389658,-0.06831683917173315,-0.1005839909105994,0.05336846000777828,-5865812.425882202,-0.11262066666666662,0.13861300000000001,-0.025993333333333424,-0.25123366666666663,-0.0789423333333333,-0.07305466666666667,0.005886333333333431,0.11002944444444437,0.08860071465307748,0.050327133333333336,-0.03956599999999999,0.21755533333333332,-0.1779893333333334,-0.25712,0.11381733333333324,-0.1603169999999999,-0.27413200000000004,0.014774444444444389,0.0223502974436147,0.0952238
2011,Spain,ESP,184,46736.257000000005,16641.4906711182,97.24409448818896,91.8175226437026,176995270.518,0.2002175296565118,198.6385795631577,-4821351.16891032,51785645.868,52275486.252,95047992.17426932,175204957.158,1.0175,5.44,331.7240156398179,21.3905,230.2302967347151,0.6985039999999999,29634677.688,36123232.53,128.59262694180384,296592015.368418,165691344.0,132015684.245412,164576331.123006,235131616.0,6.474504470825195,129.82167053222656,56.82513046264648,0.0,0.0,1.0,1.0,PEG,DEU,0.425834,-0.0877072066068649,-0.0373394303023815,0.0940739661455154,0.0101749999448657,,,-0.0554687082767486,0.0181292779743671,0.0191939417272806,-0.1455371528863906,0.0676798820495605,,,,0.0544000007212162,0.0578299462795257,-0.0292743295431137,-0.0415491834282875,0.0521244816482067,0.29025,0.144005,0.565745,7.0,0.146245,-0.040354,0.100998,0.141353,0.2570523333333332,0.0631189890788289,-0.0240113333333333,0.0398736686590702,-0.0548107999999999,0.0535403,0.189252,0.228455,0.184359,0.297956,0.626389,0.473588,0.004892,-0.069501,-0.113597,0.009114,-0.0392029999999999,-0.052961,0.0743929999999999,-0.0620759999999999,0.2419846666666666,0.1593429999999999,0.0891687572265831,0.1206785385103747,0.0144723,0.0893461,-0.0832113,-0.1350654999999999,0,0,0,306807457.71178794,305657287.865028,311122127.717742,176268560.0,178860896.0,177125984.0,183856696.386,193540694.358,196494212.244,4.25083333333333,3.97916666666667,4.36666666666667,0.453333333333333,0.675833333333334,3.85,359.17915477189007,365.639187524166,391.5060128537649,0.605153,0.532613,0.39712,192.48611150718125,189.08353273196053,189.6277816521101,-6525366.25368144,-7273384.998596641,-16436014.26817878,16840.7465287583,16888.1328330741,17681.9141763058,4.4225,3.7974999999999968,3.3033333333333363,0.5166666666666697,0.003762939384804745,-0.01449358723999683,-0.05003597824283467,-0.01766778007581306,-0.0028058936286312996,-0.033295938826122806,0.016167483066511983,0.041354370517244256,-4244016.720121227,3633334.2275010184,139687149.50092515,150081727.95867902,169687164.88515604,84796456.92307693,94671192.33333333,101385033.0909091,60280124.728153855,75794466.25850001,85906891.79399998,-0.33512820512820873,-0.6573611111111082,-0.2943939393939363,-2.772564102564102,-2.762569444444443,0.44901515151515214,108.06562635499137,124.06946403287293,163.56686112269654,0.10224276923076925,0.03217800000000004,-0.11270727272727282,30.61911687984275,29.484582946673868,32.758725672898294,1119199.5290070185,402112.5160994688,-9556927.367435638,568.2383699864622,666.9267304941186,1593.499716791799,2.4374358974358934,2.1052083333333353,-0.7434090909090885,-0.14565299755121325,-0.19809187815618268,-0.13722898807384584,-0.11274519435856697,-0.020537388463067914,-0.1457742631253284,-0.0025671923757781545,-19863573.821429558,-0.114281,-0.05762566666666666,0.17190699999999992,-0.056656333333333316,-0.19623866666666664,-0.001660333333333229,0.19457733333333316,0.15330211111111108,0.024528382126065132,-0.05630333333333332,-0.11262066666666662,0.13861300000000001,-0.025993333333333424,-0.25123366666666663,-0.0789423333333333,-0.07305466666666667,0.005886333333333431,0.11002944444444437,0.08860071465307748,0.050327133333333336
2012,Spain,ESP,184,46766.403,16117.7703341578,94.19291338582676,88.71315048037616,171560438.214,0.1852760986093478,203.49589887306388,147541.97686404,50421779.826,53964803.31,93931951.1340363,176711915.16,0.27,5.845,282.6998416087512,24.7872,228.3744190899074,0.863068,30852623.208,44731711.398,126.10732150977718,267038617.57419,144446096.0,125736099.07155,141302518.50264,217033072.0,5.703851699829102,121.8874282836914,59.20125961303711,0.0,0.0,1.0,1.0,PEG,DEU,-0.55416697,0.0501080714166164,-0.0680356249213218,0.0648556873202323,0.0027000000700354,,,-0.0873351320624351,0.0192995071411132,0.021146323531866,-0.0384189337491989,0.0920640081167221,,,,0.0584499984979629,0.0885270088911056,-0.0422914214432239,-0.056966982781887,0.0337778441607952,0.2493,0.17669,0.57401,8.0,0.072611,0.032685,-0.04095,-0.073634,0.2087733333333333,0.0798265141061121,0.0272119999999999,0.1095911535161483,-0.0404152,0.0567688999999999,0.29025,0.189252,0.144005,0.184359,0.565745,0.626389,0.146245,0.004892,-0.040354,-0.113597,0.100998,-0.0392029999999999,0.141353,0.0743929999999999,0.2570523333333332,0.2419846666666666,0.0631189890788289,0.0891687572265831,-0.0548107999999999,0.0144723,0.0535403,-0.0832113,0,0,0,296592015.368418,306807457.71178794,305657287.865028,165691344.0,176268560.0,178860896.0,175204957.158,183856696.386,193540694.358,5.44,4.25083333333333,3.97916666666667,1.0175,0.453333333333333,0.675833333333334,331.7240156398179,359.17915477189007,365.639187524166,0.6985039999999999,0.605153,0.532613,198.6385795631577,192.48611150718125,189.08353273196053,-4821351.16891032,-6525366.25368144,-7273384.998596641,16641.4906711182,16840.7465287583,16888.1328330741,5.574999999999999,4.4225,3.7974999999999968,3.3033333333333363,-0.03329593882612284,-0.06000625409318599,-0.047056970989166606,-0.07643856489808988,-0.011831771073796356,-0.09964326840531301,-0.015699311375753977,0.018599745329297892,-12607145.32158838,-4244016.720121227,119494053.62177485,139687149.50092515,150081727.95867902,68162351.14285715,84796456.92307693,94671192.33333333,47322662.30528571,60280124.728153855,75794466.25850001,0.8779761904761907,-0.33512820512820873,-0.6573611111111082,-2.0103571428571425,-2.772564102564102,-2.762569444444443,72.89151391184839,108.06562635499137,124.06946403287293,0.1882907142857142,0.10224276923076925,0.03217800000000004,34.58450515868756,30.61911687984275,29.484582946673868,2743271.7902776366,1119199.5290070185,402112.5160994688,328.3940573473301,568.2383699864622,666.9267304941186,2.8883333333333328,2.4374358974358934,2.1052083333333353,-0.1715077990274321,-0.22836670822812702,-0.12369390481449732,-0.16284327192249248,-0.027983466795689284,-0.1654932023071503,-0.025107884865743006,-25935145.33074003,0.05720900000000004,-0.11304733333333328,0.0558386666666667,0.17025633333333337,-0.05542166666666664,0.17148999999999992,0.22691266666666665,0.09951422222222217,-0.026872957618717996,-0.11880466666666656,-0.114281,-0.05762566666666666,0.17190699999999992,-0.056656333333333316,-0.19623866666666664,-0.001660333333333229,0.19457733333333316,0.15330211111111108,0.024528382126065132,-0.05630333333333332
2013,Spain,ESP,184,46591.857,15935.3071380821,93.11023622047244,86.43426175030983,169771622.328,0.173705441672841,206.362412922423,3459945.6630446394,49291020.57,55961102.538,99014259.23812774,167475661.914,0.149166666666667,4.56166666666666,256.89975219712204,26.0936,230.5840297989024,0.957822,30446641.368,38725176.798,120.64824885795085,240967542.988986,127100681.738052,118963309.52154,122004233.467446,191215280.0,7.688910961151123,110.2055892944336,52.95099639892578,0.0,0.0,1.0,1.0,PEG,DEU,-0.16583334,0.2988026738166809,-0.1346131265163421,0.1590183079242706,0.0014916666550561,,,-0.1557201296091079,0.0211069956421852,0.0249999985098838,0.2270886451005935,0.0584424287080764,,,,0.0456166677176952,0.0717140436172485,-0.0522502623498439,-0.080444112420082,0.0802549868822097,0.268129,0.115435,0.616436,16.0,0.152694,-0.061255,0.018829,0.080083,0.1683513333333333,0.0214303838120862,0.0745826666666666,0.0706971233808938,-0.0174086999999999,0.0369772,0.2493,0.29025,0.17669,0.144005,0.57401,0.565745,0.072611,0.146245,0.032685,-0.040354,-0.04095,0.100998,-0.073634,0.141353,0.2087733333333333,0.2570523333333332,0.0798265141061121,0.0631189890788289,-0.0404152,-0.0548107999999999,0.0567688999999999,0.0535403,0,0,0,267038617.57419,296592015.368418,306807457.71178794,144446096.0,165691344.0,176268560.0,176711915.16,175204957.158,183856696.386,5.845,5.44,4.25083333333333,0.27,1.0175,0.453333333333333,282.6998416087512,331.7240156398179,359.17915477189007,0.863068,0.6985039999999999,0.605153,203.49589887306388,198.6385795631577,192.48611150718125,147541.97686404,-4821351.16891032,-6525366.25368144,16117.7703341578,16641.4906711182,16840.7465287583,4.412499999999993,5.574999999999999,4.4225,3.7974999999999968,-0.09964326840531298,-0.12822183396617268,0.00860111509653821,-0.147786026093138,-0.0314707586784478,-0.09763035332506098,-0.04305875594887706,0.052389840627859466,-22707314.19626339,-12607145.32158838,81974385.58609518,119494053.62177485,139687149.50092515,42372946.400000006,68162351.14285715,84796456.92307693,45674776.15359999,47322662.30528571,60280124.728153855,1.224444444444444,0.8779761904761907,-0.33512820512820873,-2.623833333333333,-2.0103571428571425,-2.772564102564102,19.007905619991845,72.89151391184839,108.06562635499137,0.3403019999999999,0.1882907142857142,0.10224276923076925,37.13619079134793,34.58450515868756,30.61911687984275,7529280.150033488,2743271.7902776366,1119199.5290070185,-217.21921676956117,328.3940573473301,568.2383699864622,3.848277777777777,2.8883333333333328,2.4374358974358934,-0.22560457153323424,-0.2802703803705332,-0.05920053981347128,-0.2225590708373626,-0.045623635343505775,-0.18012240054895415,0.010613586191721876,-32137011.82131218,0.013314333333333345,-0.032083333333333325,0.018769333333333305,0.04539900000000001,0.080964,-0.0438946666666667,-0.12485733333333335,-0.010686666666666594,-0.011162247499150138,-0.0567510666666667,0.05720900000000004,-0.11304733333333328,0.0558386666666667,0.17025633333333337,-0.05542166666666664,0.17148999999999992,0.22691266666666665,0.09951422222222217,-0.026872957618717996,-0.11880466666666656
2014,Spain,ESP,184,46455.122544336,16223.9740631564,94.78346456692913,88.15760730304295,171736640.988,0.177797391484637,206.0514135394804,2917805.53038612,52178815.986,57501836.898,110892393.00303204,174117125.49,0.115,2.72333333333333,257.70089487549143,24.4413,230.16468513456425,1.007005,31377571.038,37567962.168,137.0447244872745,229629484.986,118839037.482,114800017.332,114829467.654,185151184.0,7.902853012084961,107.04427337646484,51.93962097167969,0.0,0.0,1.0,1.0,PEG,DEU,0.0075,0.0908464267849922,0.0279739871621131,0.2909969389438629,0.0011500000255182,,,0.003145863302052,0.0248281229287385,0.0247502624988555,0.0301191732287406,0.0589516796171665,,,,0.0272333342581987,0.0607272572815418,0.056016843765974,0.0361984893679618,0.1460734754800796,0.292588,0.106967,0.600444,14.0,0.185621,-0.0084679999999999,0.024459,0.032927,0.1453766666666666,0.0306505278638611,0.1238499999999999,0.0444912771338382,-0.0172369,0.0198210999999999,0.268129,0.2493,0.115435,0.17669,0.616436,0.57401,0.152694,0.072611,-0.061255,0.032685,0.018829,-0.04095,0.080083,-0.073634,0.1683513333333333,0.2087733333333333,0.0214303838120862,0.0798265141061121,-0.0174086999999999,-0.0404152,0.0369772,0.0567688999999999,0,0,0,240967542.988986,267038617.57419,296592015.368418,127100681.738052,144446096.0,165691344.0,167475661.914,176711915.16,175204957.158,4.56166666666666,5.845,5.44,0.149166666666667,0.27,1.0175,256.89975219712204,282.6998416087512,331.7240156398179,0.957822,0.863068,0.6985039999999999,206.362412922423,203.49589887306388,198.6385795631577,3459945.6630446394,147541.97686404,-4821351.16891032,15935.3071380821,16117.7703341578,16641.4906711182,2.60833333333333,4.412499999999993,5.574999999999999,4.4225,-0.09763035332506097,-0.12008226419596695,-0.05226729186674948,-0.09126319019073169,-0.011320622660133834,-0.04705222065323633,-0.07685652018549893,0.037737993362859226,-22695866.57324581,-22707314.19626339,50779911.90176025,81974385.58609518,119494053.62177485,22379222.988051996,42372946.400000006,68162351.14285715,33583849.398,45674776.15359999,47322662.30528571,-0.13541666666667318,1.224444444444444,0.8779761904761907,-2.580677083333333,-2.623833333333333,-2.0103571428571425,-7.980177892886843,19.007905619991845,72.89151391184839,0.4137871249999999,0.3403019999999999,0.1882907142857142,37.68169291624781,37.13619079134793,34.58450515868756,10371103.826836994,7529280.150033488,2743271.7902776366,-386.10621179716327,-217.21921676956117,328.3940573473301,2.4452604166666596,3.848277777777777,2.8883333333333328,-0.20855135168409994,-0.25344611857562527,-0.11612224412252753,-0.15119896354579876,-0.02243192363562476,-0.20105427903207929,-0.004796374372687068,-39765102.86357856,0.025194999999999995,-0.05291633333333333,0.027721333333333265,0.07811133333333335,-0.02083299999999999,0.011880666666666633,0.032712333333333364,-0.06758544444444445,-0.0559410363250885,0.009509200000000068,0.013314333333333345,-0.032083333333333325,0.018769333333333305,0.04539900000000001,0.080964,-0.0438946666666667,-0.12485733333333335,-0.010686666666666594,-0.011162247499150138,-0.0567510666666667
2015,Spain,ESP,184,46410.149,16886.7171082425,98.72047244094487,90.82653413000772,179295889.74,0.1801445818910717,205.02020505919705,3632534.726132399,54839660.898,60290965.416,128561727.6068424,184357684.632,-0.0758333333333333,1.73583333333333,266.9389619044314,22.0573,233.38641148122008,0.99303,32352426.612,37130533.374,152.82998071093965,220814687.478,113414354.724,110364998.502,110449688.976,179487568.0,8.23540210723877,105.21129608154295,50.1983642578125,0.0,0.0,1.0,1.0,PEG,DEU,-0.20416667,-0.0319905988872051,0.0604859814047813,0.0158710237592458,-0.0007583333062939,,,0.035854909569025,0.0246310718357563,0.0237784963101148,-0.0741803050041198,0.045570109039545,,,,0.0173583328723907,0.0421897061169147,0.0409986823797225,0.0484309867024421,0.0075563453137874,0.461013,0.203499,0.335488,9.0,0.257513,0.096532,0.168425,0.0718919999999999,0.1330306666666666,0.0380464163402195,0.1369753333333333,0.0581216172033549,0.0071958999999999,0.0587633,0.292588,0.268129,0.106967,0.115435,0.600444,0.616436,0.185621,0.152694,-0.0084679999999999,-0.061255,0.024459,0.018829,0.032927,0.080083,0.1453766666666666,0.1683513333333333,0.0306505278638611,0.0214303838120862,-0.0172369,-0.0174086999999999,0.0198210999999999,0.0369772,0,0,0,229629484.986,240967542.988986,267038617.57419,118839037.482,127100681.738052,144446096.0,174117125.49,167475661.914,176711915.16,2.72333333333333,4.56166666666666,5.845,0.115,0.149166666666667,0.27,257.70089487549143,256.89975219712204,282.6998416087512,1.007005,0.957822,0.863068,206.0514135394804,206.362412922423,203.49589887306388,2917805.53038612,3459945.6630446394,147541.97686404,16223.9740631564,15935.3071380821,16117.7703341578,1.8116666666666632,2.60833333333333,4.412499999999993,5.574999999999999,-0.047052220653236346,-0.06500078632999647,0.03965629095056478,0.0031185031185030575,0.01811492697146987,-0.0383870455857942,-0.08144194746120344,0.029799378168429043,-15000984.829155589,-22695866.57324581,36454800.25749424,50779911.90176025,81974385.58609518,12801153.850349888,22379222.988051996,42372946.400000006,38249792.42117646,33583849.398,45674776.15359999,-1.9657843137254938,-0.13541666666667318,1.224444444444444,-2.463039215686274,-2.580677083333333,-2.623833333333333,-6.7096129855241315,-7.980177892886843,19.007905619991845,0.43862970588235295,0.4137871249999999,0.3403019999999999,35.15412336176121,37.68169291624781,37.13619079134793,9218898.763188064,10371103.826836994,7529280.150033488,-74.72715661714574,-386.10621179716327,-217.21921676956117,0.4972549019607806,2.4452604166666596,3.848277777777777,-0.14493875953201907,-0.1825242582986782,-0.016941021047555314,-0.047367335014951585,0.008405621223205489,-0.19223608770564515,-0.012415231275604774,-36913290.75030537,0.023361666666666725,-0.038409666666666675,0.015046999999999922,0.061771000000000034,0.014506666666666768,-0.0018333333333333292,-0.01634033333333333,-0.06601566666666667,-0.024141434468481302,0.02030799999999993,0.025194999999999995,-0.05291633333333333,0.027721333333333265,0.07811133333333335,-0.02083299999999999,0.011880666666666633,0.032712333333333364,-0.06758544444444445,-0.0559410363250885,0.009509200000000068
2016,Spain,ESP,184,46450.439000000006,17373.7168394817,101.5748031496063,93.19425246517244,185327382.24,0.179602097249156,204.6048571990829,5885997.6599424,55399050.63,62789084.82,149999861.40695485,195650801.61,-0.2075,1.39333333333,279.2788519161437,19.6347,232.44819699946856,0.991663,31958923.722,36625551.864,157.84650412674318,212331830.04,108384838.716,108564868.368,103766961.672,175095808.0,8.591602325439453,102.70086669921876,48.64445495605469,0.0,0.0,1.0,1.0,PEG,DEU,-0.21250001,0.0227000005543231,0.0699837356805801,0.0554942898452281,-0.0021,,,0.0462261438369751,0.0237575881183147,0.0227078907191753,-0.0131999999284744,0.0363802202045917,,,,0.013933,0.0359000004827976,0.0464900396764278,0.0564213320612907,0.0266971457749605,0.281367,0.134644,0.583989,11.0,0.146723,-0.068855,-0.179646,-0.11079,0.141967,0.0534562159528711,0.1986093333333333,0.0536029690626679,0.0154159,0.0053978999999999,0.461013,0.292588,0.203499,0.106967,0.335488,0.600444,0.257513,0.185621,0.096532,-0.0084679999999999,0.168425,0.024459,0.0718919999999999,0.032927,0.1330306666666666,0.1453766666666666,0.0380464163402195,0.0306505278638611,0.0071958999999999,-0.0172369,0.0587633,0.0198210999999999,0,0,0,220814687.478,229629484.986,240967542.988986,113414354.724,118839037.482,127100681.738052,184357684.632,174117125.49,167475661.914,1.73583333333333,2.72333333333333,4.56166666666666,-0.0758333333333333,0.115,0.149166666666667,266.9389619044314,257.70089487549143,256.89975219712204,0.99303,1.007005,0.957822,205.02020505919705,206.0514135394804,206.362412922423,3632534.726132399,2917805.53038612,3459945.6630446394,16886.7171082425,16223.9740631564,15935.3071380821,1.60083333333,1.8116666666666632,2.60833333333333,4.412499999999993,-0.03838704558579415,-0.0456473131467565,0.05881419827705651,0.0358480207583421,0.040849611969680594,-0.038416182976257596,-0.06102320652136384,0.03199740165338335,-9472193.635495776,-15000984.829155589,25614736.068522334,36454800.25749424,50779911.90176025,6665295.878441557,12801153.850349888,22379222.988051996,46365363.09533334,38249792.42117646,33583849.398,-2.8440740740740775,-1.9657843137254938,-0.13541666666667318,-2.5170370370370367,-2.463039215686274,-2.580677083333333,2.9012103203893957,-6.7096129855241315,-7.980177892886843,0.4002863888888889,0.43862970588235295,0.4137871249999999,32.16990802804668,35.15412336176121,37.68169291624781,9421466.916535007,9218898.763188064,10371103.826836994,592.1673971699074,-74.72715661714574,-386.10621179716327,-0.3270370370370401,0.4972549019607806,2.4452604166666596,-0.12774777508034046,-0.15243406403904539,0.003213416928792602,-0.011851503550703628,0.030645857914168833,-0.15980259128420277,-0.009441255835925172,-26757522.95619479,0.19100733333333336,0.07046833333333336,-0.2614753333333334,0.12053766666666668,0.10887799999999997,0.16764566666666667,0.05876666666666657,-0.041136444444444475,-0.005922725587133637,0.03221616666666653,0.023361666666666725,-0.038409666666666675,0.015046999999999922,0.061771000000000034,0.014506666666666768,-0.0018333333333333292,-0.01634033333333333,-0.06601566666666667,-0.024141434468481302,0.02030799999999993
2017,Spain,ESP,184,46549.045,17874.2695008575,104.42913385826768,95.78747335654629,193318402.662,0.1867098385615565,208.60692820589696,5358786.12179064,60978638.754,67950378.53999999,170474329.4671085,198342427.932,-0.286222222222222,1.555,296.5831268609097,17.2236,232.9358632668852,0.985566,32807492.322,36312579.798,138.73592929208715,208638726.384,,107607483.324,101031243.06,172810000.0,8.761937371738483,104.24398775788713,50.2967876717722,0.0,0.0,1.0,1.0,PEG,DEU,-0.035,0.0971999987959861,0.0847639665007591,0.0323343835771083,-0.0029,,,0.0619623661041259,0.022801598533988,0.0214711930602788,0.0654999986290931,0.0297512914985418,,,,0.015579,0.031700000166893,0.0649192556738853,0.0888345912098884,0.0147171914577484,0.282095,0.126206,0.591699,15.0,0.15589,-0.008438,0.000728,0.009167,0.14837,0.0497082393874496,0.1966189999999999,0.0562078555719749,-0.0011137999999999,-0.0199982999999999,0.281367,0.461013,0.134644,0.203499,0.583989,0.335488,0.146723,0.257513,-0.068855,0.096532,-0.179646,0.168425,-0.11079,0.0718919999999999,0.141967,0.1330306666666666,0.0534562159528711,0.0380464163402195,0.0154159,0.0071958999999999,0.0053978999999999,0.0587633,0,0,0,212331830.04,220814687.478,229629484.986,108384838.716,113414354.724,118839037.482,195650801.61,184357684.632,174117125.49,1.39333333333,1.73583333333333,2.72333333333333,-0.2075,-0.0758333333333333,0.115,279.2788519161437,266.9389619044314,257.70089487549143,0.991663,0.99303,1.007005,204.6048571990829,205.02020505919705,206.0514135394804,5885997.6599424,3632534.726132399,2917805.53038612,17373.7168394817,16886.7171082425,16223.9740631564,1.8412222222222219,1.60083333333,1.8116666666666632,2.60833333333333,-0.03841618297625764,-0.04434637943529813,0.06125655678819371,0.04622738443153988,0.02883921890309238,-0.01739307599479678,-0.04128514973842937,0.00499445116596386,-7145513.324399997,-9472193.635495776,15783734.626915872,25614736.068522334,36454800.25749424,1284974.8242077976,6665295.878441557,12801153.850349888,55218197.80515793,46365363.09533334,38249792.42117646,-3.036885964915613,-2.8440740740740775,-1.9657843137254938,-2.5162280701754383,-2.5170370370370367,-2.463039215686274,15.088405052081214,2.9012103203893957,-6.7096129855241315,0.3778516842105263,0.4002863888888889,0.43862970588235295,30.0614071138248,32.16990802804668,35.15412336176121,11179063.170527374,9421466.916535007,9218898.763188064,1048.0004232949013,592.1673971699074,-74.72715661714574,-0.5206578947401754,-0.3270370370370401,0.4972549019607806,-0.1206798138552295,-0.14266457121430673,0.005477252277219111,-0.0008137230135778703,0.01693291718568235,-0.13066438207278577,-0.03588883833299612,-19556386.577772804,-0.059209666666666716,-0.007322999999999996,0.06653299999999995,-0.05188633333333331,-0.07779133333333337,-0.250217,-0.17242399999999997,-0.00695255555555549,0.023413773280815505,0.0245658,0.19100733333333336,0.07046833333333336,-0.2614753333333334,0.12053766666666668,0.10887799999999997,0.16764566666666667,0.05876666666666657,-0.041136444444444475,-0.005922725587133637,0.03221616666666653
2003,Finland,FIN,172,5219.732,21053.137627512053,94.29680867668988,88.5537,902258.58177,0.2203722918141152,127.0949671450467,38923.4352175578,218652.15817626304,275752.94241238805,264318.021723,407050.62153,2.10633333333333,4.067210381804597,119.63534071661238,10.4693,149.09966184001846,0.427482,233375.84823,232781.27523,4.707624703087887,549539.6875,214323.8906,333377.0938,216162.59370000003,696803.875,10.039422988891602,125.98917388916016,56.10245895385742,0.0,0.0,1.0,1.0,PEG,DEU,-0.95999998,0.0850438624620437,0.1287488937377929,0.0435829125344753,0.021063333377242,,,0.061638668179512,0.0671102181077003,0.0632138028740882,0.0444209985435009,0.0388950891792774,,,,0.0413416661322116,0.0406228490173816,0.0934789404273033,0.1076591908931732,0.0323231220245361,0.262224,0.234807,0.502969,1.0,0.027417,0.169534,0.168396,-0.001138,0.0548873333333333,0.0179885023371411,0.0872693333333333,0.1016962084658682,0.0602072999999999,-0.0531843,0.093828,0.093828,0.065273,0.065273,0.840899,0.840899,0.028555,0.028555,0.0,0.0311569999999999,0.0,-0.144985,0.0,-0.176143,0.0445016666666666,0.034116,0.0179885023371411,0.0,0.0124627999999999,0.0093471,-0.0704572,-0.0528429,0,0,0,495815.4688,456364.5625,400266.0,191844.9219,170474.0,154180.0,388113.47148,367868.26083,347028.47718,4.930846706071634,4.932487369037506,5.425407678087801,2.33346666666667,3.31859166666667,4.26178333333333,112.68891205211726,104.16293941368076,105.51792508143323,0.4017949999999999,0.409236,0.424547,125.47538631740282,123.00700783056988,119.81309457990804,69021.8122325004,65998.78620026998,58069.08120860281,20683.000708640797,20360.39155957848,19950.891924312196,1.960877048471267,2.597380039404964,1.6138957023708365,1.1636243447544707,0.08644603359183914,0.1253617671903046,0.05503386077483803,0.08185226613638265,0.015844938350930097,0.1083552694110701,0.1019485329091719,0.03328147402411972,48727.19687999999,43091.85625000005,133695.44378000003,117805.67185000004,82276.1458,50820.52189999999,36812.0,27357.33333333333,45188.071224240004,31178.575717800006,13785.056090399972,-0.25097163321096794,-0.31166371280636973,0.24167546165856724,-1.3673283333333304,-0.4777541666666627,0.6205833333333302,15.86148312703584,9.169388110749168,14.032498371335521,-0.05115480000000011,-0.05464225,-0.052441666666666664,7.992116488783623,6.904672502438331,4.947679002368673,23892.707619054956,26087.10198353068,24209.86265581801,1668.7776896509677,1682.7106757358124,1697.6147206260393,1.116356700122362,0.1660904538602932,-0.37890787167476336,-0.04982787715759021,0.020355367485222375,0.023174335195165582,0.023394154498074776,-0.02320811225767332,-0.044167587205177675,-0.026485666433263687,-2526.5218649999515,-0.09665666666666667,0.020771333333333336,0.0758846666666666,-0.11742866666666665,-0.010385666666666633,0.048328333333333334,0.058714333333333334,-0.01050627777777783,-0.014213264068139667,0.0190708999999999,-0.144985,0.031156999999999997,0.1138269999999999,-0.176143,0.05622733333333323,-0.03713166666666666,-0.09336033333333332,-0.03133791666666664,-0.04830264960792115,0.031910400000000005
2004,Finland,FIN,172,5236.611,21879.093145856463,97.62879823874452,91.2513,943932.20334,0.2229345583270758,127.282201922809,52888.52135314021,242167.72902138604,290847.187007769,274438.55198823,425910.47709,2.18468333333333,4.012259490758669,128.13049120521174,10.3578,154.45526361617826,0.4264159999999999,241462.04103,242062.55976,4.365120035239704,606861.8125,247001.6719,382007.2188,224854.59370000003,715087.0,8.651765823364258,133.28372192382812,60.5143928527832,0.0,0.0,1.0,1.0,PEG,DEU,-0.26967001,0.0757320895791053,0.1354326605796814,0.0965012609958648,0.0218468327075243,,,0.0710076466202735,0.0644250139594078,0.0601536445319652,0.0325249992311,0.0418460369110107,,,,0.0410999990999698,0.0432070791721344,0.0982228145003318,0.1074030101299285,0.059174045920372,0.339771,0.132796,0.527433,3.0,0.206975,-0.1020109999999999,0.0775469999999999,0.179558,0.1217843333333333,0.097880500536794,0.0281756666666666,0.0006570246063351,0.0372103,0.0534121999999999,0.262224,0.093828,0.234807,0.065273,0.502969,0.840899,0.027417,0.028555,0.169534,0.0,0.168396,0.0,-0.001138,0.0,0.0548873333333333,0.0445016666666666,0.0179885023371411,0.0179885023371411,0.0602072999999999,0.0124627999999999,-0.0531843,-0.0704572,0,0,0,549539.6875,495815.4688,456364.5625,214323.8906,191844.9219,170474.0,407050.62153,388113.47148,367868.26083,4.067210381804597,4.930846706071634,4.932487369037506,2.10633333333333,2.33346666666667,3.31859166666667,119.63534071661238,112.68891205211726,104.16293941368076,0.427482,0.4017949999999999,0.409236,127.0949671450467,125.47538631740282,123.00700783056988,38923.4352175578,69021.8122325004,65998.78620026998,21053.137627512053,20683.000708640797,20360.39155957848,1.8275761574253386,1.960877048471267,2.597380039404964,1.6138957023708365,0.10835526941107011,0.11717260210680629,0.048792818187388926,0.06164252132705369,0.01789570691822405,0.10430934526453095,0.11165150245733457,0.027004886825272648,50521.596869999994,48727.19687999999,165137.08851666673,133695.44378000003,117805.67185000004,64829.40361666668,50820.52189999999,36812.0,56593.87607020006,45188.071224240004,31178.575717800006,-1.0727793519428435,-0.25097163321096794,-0.31166371280636973,-1.3665736111111149,-1.3673283333333304,-0.4777541666666627,20.164331270358318,15.86148312703584,9.169388110749168,-0.016942000000000013,-0.05115480000000011,-0.05464225,8.279677901630208,7.992116488783623,6.904672502438331,-10187.787332396794,23892.707619054956,26087.10198353068,1760.784993580397,1668.7776896509677,1682.7106757358124,0.2937942591682712,1.116356700122362,0.1660904538602932,-0.01795306590684119,0.008095128904679602,0.012298425568683359,-0.0014944212108691304,-0.016515721238844705,-0.023422720855720586,-0.02614083702379484,3950.9927199999656,0.12006766666666668,0.17991966666666667,-0.29998766666666665,-0.05985233333333333,0.15914833333333336,0.21672433333333332,0.057576333333333334,0.008952666666666671,-0.0024820288072462324,0.06045843333333327,-0.09665666666666667,0.020771333333333336,0.0758846666666666,-0.11742866666666665,-0.010385666666666633,0.048328333333333334,0.058714333333333334,-0.01050627777777783,-0.014213264068139667,0.0190708999999999
2005,Finland,FIN,172,5255.58,22478.604138269035,100.0,94.6538,979184.43651,0.2295760082730093,128.26830508569043,28171.1362383927,279607.517551278,311871.41790468304,293533.60873557004,455734.25877,3.079225,3.276569288605266,136.03049576547232,8.3836,159.48891694971303,0.3992969999999999,250630.35669,250226.04705,5.0400356022717645,682748.6875,288305.0938,437879.2188,244869.46870000003,781429.4375,9.07801342010498,141.86557006835938,62.04010391235352,0.0,0.0,1.0,1.0,PEG,DEU,0.04167,0.3520565927028656,0.1234870254993438,0.0709369927644729,0.030792249366641,,,0.0616639368236064,0.061823084950447,0.0582322552800178,0.3112969994544983,0.03108343295753,,,,0.0335166677832603,0.0407596118748188,0.2110308855772018,0.2417027354240417,0.0508646219968795,0.2963,0.115107,0.588592,2.0,0.181193,-0.0176889999999999,-0.0434709999999999,-0.025782,0.1442919999999999,0.085349650268762,0.0876489999999999,0.1033409138144229,0.0047491,0.0637471999999999,0.339771,0.262224,0.132796,0.234807,0.527433,0.502969,0.206975,0.027417,-0.1020109999999999,0.169534,0.0775469999999999,0.168396,0.179558,-0.001138,0.1217843333333333,0.0548873333333333,0.097880500536794,0.0179885023371411,0.0372103,0.0602072999999999,0.0534121999999999,-0.0531843,0,0,0,606861.8125,549539.6875,495815.4688,247001.6719,214323.8906,191844.9219,425910.47709,407050.62153,388113.47148,4.012259490758669,4.067210381804597,4.930846706071634,2.18468333333333,2.10633333333333,2.33346666666667,128.13049120521174,119.63534071661238,112.68891205211726,0.4264159999999999,0.427482,0.4017949999999999,127.282201922809,127.0949671450467,125.47538631740282,52888.52135314021,38923.4352175578,69021.8122325004,21879.093145856463,21053.137627512053,20683.000708640797,0.1973442886052661,1.8275761574253386,1.960877048471267,2.597380039404964,0.10430934526453105,0.15246914941922005,0.046332948686113255,0.07100870393074193,0.03923194409108211,0.1250480314247817,0.09970354942248005,0.011658201836031999,61812.178110000066,50521.596869999994,198868.2008714286,165137.08851666673,133695.44378000003,88245.84154285712,64829.40361666668,50820.52189999999,67368.8921916,56593.87607020006,45188.071224240004,-0.9744760498540801,-1.0727793519428435,-0.25097163321096794,-1.0929988095238126,-1.3665736111111149,-1.3673283333333304,25.77886300604935,20.164331270358318,15.86148312703584,-0.015587714285714371,-0.016942000000000013,-0.05115480000000011,7.28410155058819,8.279677901630208,7.992116488783623,5232.696993528014,-10187.787332396794,23892.707619054956,2335.1997985561757,1760.784993580397,1668.7776896509677,0.11852275966973291,0.2937942591682712,1.116356700122362,-0.019006812402240073,0.04204248806631343,0.007788818472627128,0.008120831594630631,0.007573136140487477,-0.030686129719430993,-0.03625935460827652,4757.644529999983,0.18981099999999998,0.011011666666666683,-0.2008226666666666,0.1787993333333333,-0.16890799999999986,0.06974333333333323,0.23865166666666665,0.07728266666666667,0.0858881656453666,0.0098712333333334,0.12006766666666668,0.17991966666666667,-0.29998766666666665,-0.05985233333333333,0.15914833333333336,0.21672433333333332,0.057576333333333334,0.008952666666666671,-0.0024820288072462324,0.06045843333333327
2006,Finland,FIN,172,5276.955,23434.467453076344,103.62894134922118,100.0,1027998.87981,0.2278547013498638,129.90348881148114,40410.63596533109,328517.282794638,365598.37137936,306199.96978074,480545.79006,4.27760833333333,3.705516536598744,147.34757850162867,7.7189,165.0951586552804,0.381117,254043.20571,255898.27347,4.514601366742597,760159.8125,328837.625,494339.875,265819.9375,812281.875,9.17831039428711,153.14907836914062,63.962181091308594,0.0,0.0,1.0,1.0,PEG,DEU,0.74583,0.2182711809873581,0.1427658647298813,-0.014735666103661,0.0427760817110538,,,0.0831942707300186,0.0595715939998626,0.0549962222576141,0.1785829961299896,0.0336744897067546,,,,0.0378333330154418,0.0396881811320781,0.1578629165887832,0.1828736662864685,0.0140202082693576,0.189303,0.115761,0.694936,6.0,0.073542,0.000654,-0.106997,-0.107651,0.1609033333333333,0.0646106735790096,0.1385283333333333,0.0970848813015359,-0.0374826999999999,0.0112593,0.2963,0.339771,0.115107,0.132796,0.588592,0.527433,0.181193,0.206975,-0.0176889999999999,-0.1020109999999999,-0.0434709999999999,0.0775469999999999,-0.025782,0.179558,0.1442919999999999,0.1217843333333333,0.085349650268762,0.097880500536794,0.0047491,0.0372103,0.0637471999999999,0.0534121999999999,0,0,0,682748.6875,606861.8125,549539.6875,288305.0938,247001.6719,214323.8906,455734.25877,425910.47709,407050.62153,3.276569288605266,4.012259490758669,4.067210381804597,3.079225,2.18468333333333,2.10633333333333,136.03049576547232,128.13049120521174,119.63534071661238,0.3992969999999999,0.4264159999999999,0.427482,128.26830508569043,127.282201922809,127.0949671450467,28171.1362383927,52888.52135314021,38923.4352175578,22478.604138269035,21879.093145856463,21053.137627512053,-0.5720917967345858,0.1973442886052661,1.8275761574253386,1.960877048471267,0.12504803142478174,0.1672191997012956,0.07002359247832707,0.061655929716277,0.02740108963456327,0.11338158010007149,0.11257088203346093,0.010993262402485007,70774.72500000005,61812.178110000066,249896.55076250003,198868.2008714286,165137.08851666673,118518.53324999998,88245.84154285712,64829.40361666668,88771.56234765,67368.8921916,56593.87607020006,-1.5883567457757222,-0.9744760498540801,-1.0727793519428435,-0.06183229166666626,-1.0929988095238126,-1.3665736111111149,30.45650969055376,25.77886300604935,20.164331270358318,-0.04075825000000005,-0.015587714285714371,-0.016942000000000013,7.359692019646104,7.28410155058819,8.279677901630208,-20138.775245410496,5232.696993528014,-10187.787332396794,2642.8108161492273,2335.1997985561757,1760.784993580397,-1.5265244541090564,0.11852275966973291,0.2937942591682712,0.004447132672616344,0.05078646862462992,0.03036677391160849,-0.002392061419067247,-0.005339594907529579,-0.012704442155211618,-0.030881068273777422,15096.696864000063,0.06435899999999997,-0.029184999999999975,-0.03517500000000007,0.093544,-0.0401966666666666,-0.12545199999999984,-0.08525533333333332,0.0705675555555555,0.04073048186506993,-0.03187769999999994,0.18981099999999998,0.011011666666666683,-0.2008226666666666,0.1787993333333333,-0.16890799999999986,0.06974333333333323,0.23865166666666665,0.07728266666666667,0.0858881656453666,0.0098712333333334
2007,Finland,FIN,172,5300.484,24651.340279395088,108.6573422209533,102.3933,1112279.60256,0.2417193697073641,131.95995078723703,44802.62239111679,354460.873941762,390560.8284851071,319007.53596768,555991.15803,4.63423333333333,4.237804883222464,155.71595765472313,6.854,170.55520661648012,0.339041,272885.22408,262563.4368,4.03894436519258,849058.5,369655.9063,550497.3125,298561.1875,909179.4375,7.732727527618408,149.5443572998047,64.02931213378906,0.0,0.0,1.0,1.0,PEG,DEU,1.02334,0.2504150569438934,0.1131309419870376,0.0133876195177435,0.0463423319160938,,,0.0567907281219959,0.056340217590332,0.0533125586807727,0.2049839943647384,0.0377026237547397,,,,0.0429254546761512,0.0454310588538646,0.1691743731498718,0.1893268078565597,0.0298649761825799,0.326224,0.041248,0.632528,4.0,0.284977,-0.074513,0.136921,0.2114349999999999,0.1212213333333333,0.0100292876284078,0.1539033333333333,0.0707787807350008,-0.0273989999999999,0.0126354999999999,0.189303,0.2963,0.115761,0.115107,0.694936,0.588592,0.073542,0.181193,0.000654,-0.0176889999999999,-0.106997,-0.0434709999999999,-0.107651,-0.025782,0.1609033333333333,0.1442919999999999,0.0646106735790096,0.085349650268762,-0.0374826999999999,0.0047491,0.0112593,0.0637471999999999,0,0,0,760159.8125,682748.6875,606861.8125,328837.625,288305.0938,247001.6719,480545.79006,455734.25877,425910.47709,3.705516536598744,3.276569288605266,4.012259490758669,4.27760833333333,3.079225,2.18468333333333,147.34757850162867,136.03049576547232,128.13049120521174,0.381117,0.3992969999999999,0.4264159999999999,129.90348881148114,128.26830508569043,127.282201922809,40410.63596533109,28171.1362383927,52888.52135314021,23434.467453076344,22478.604138269035,21879.093145856463,-0.39642845011086614,-0.5720917967345858,0.1973442886052661,1.8275761574253386,0.1133815801000716,0.14058902208685162,0.0544429803389477,0.08319518849411477,0.042523250506466534,0.11694736559096897,0.11424631892979471,0.010396350602305987,80400.11874999997,70774.72500000005,299541.39234444447,249896.55076250003,198868.2008714286,145882.33853333336,118518.53324999998,88245.84154285712,103719.58671013336,88771.56234765,67368.8921916,-0.9829254149182751,-1.5883567457757222,-0.9744760498540801,1.1434212962962933,-0.06183229166666626,-1.0929988095238126,38.389535794426365,30.45650969055376,25.77886300604935,-0.054409555555555544,-0.04075825000000005,-0.015587714285714371,8.177132187698362,7.359692019646104,7.28410155058819,-5661.633824537617,-20138.775245410496,5232.696993528014,3305.0284847177354,2642.8108161492273,2335.1997985561757,-2.1263467112145684,-1.5265244541090564,0.11852275966973291,-0.0077752102361708375,0.017807982432107197,0.010990315033278061,0.01944620503615392,0.010450015327814886,-0.00921408495099045,-0.02706639889198824,21543.127610000032,-0.11012866666666671,-0.04514233333333331,0.1552713333333332,-0.06498633333333334,-0.015957333333333407,-0.17448766666666665,-0.15853033333333333,0.053915444444444446,-0.002462210801889436,-0.07153826666666654,0.06435899999999997,-0.029184999999999975,-0.03517500000000007,0.093544,-0.0401966666666666,-0.12545199999999984,-0.08525533333333332,0.0705675555555555,0.04073048186506993,-0.03187769999999994
2008,Finland,FIN,172,5326.314,24694.0578673912,109.00057598148956,103.4508,1155047.23845,0.2456391221975004,137.12763065347642,29372.8512737835,371027.63148864,389922.27551487,330263.80768605,629694.42711,1.22835833333333,4.454329089876309,157.22307491856677,6.3686,177.8673475228777,0.325607,286857.68958,280929.79677,4.2722785082992,947563.0,402122.5,607606.04016,352651.09338999994,1096357.0,5.962889671325684,148.52903747558594,70.2789535522461,0.0,0.0,1.0,1.0,PEG,DEU,-0.04084,-0.5130674242973328,0.0650252625346183,0.11503367125988,0.0122835831716656,,,0.0096778748556971,0.0553473904728889,0.0548168793320655,-0.5341200232505798,0.0451884493231773,,,,0.0428973212838172,0.0210523940622806,-0.1023853048682212,-0.1351170837879181,0.0636586248874664,0.218973,0.135122,0.645905,5.0,0.083851,0.0938739999999999,-0.107251,-0.2011259999999999,0.0907053333333333,0.0428325553094061,0.1799039999999999,0.1057233935654734,-0.0014467999999999,-0.0080591,0.326224,0.189303,0.041248,0.115761,0.632528,0.694936,0.284977,0.073542,-0.074513,0.000654,0.136921,-0.106997,0.2114349999999999,-0.107651,0.1212213333333333,0.1609033333333333,0.0100292876284078,0.0646106735790096,-0.0273989999999999,-0.0374826999999999,0.0126354999999999,0.0112593,0,0,0,849058.5,760159.8125,682748.6875,369655.9063,328837.625,288305.0938,555991.15803,480545.79006,455734.25877,4.237804883222464,3.705516536598744,3.276569288605266,4.63423333333333,4.27760833333333,3.079225,155.71595765472313,147.34757850162867,136.03049576547232,0.339041,0.381117,0.3992969999999999,131.95995078723703,129.90348881148114,128.26830508569043,44802.62239111679,40410.63596533109,28171.1362383927,24651.340279395088,23434.467453076344,22478.604138269035,3.2259707565429787,-0.39642845011086614,-0.5720917967345858,0.1973442886052661,0.11694736559096908,0.12412898706466444,0.15699933186508627,0.056793462357455395,0.05192662597327339,0.11601615200837156,0.11845899237194073,0.0059783177626880814,88334.16249999999,80400.11874999997,358485.94061000005,299541.39234444447,249896.55076250003,172112.38598,145882.33853333336,118518.53324999998,168792.99600912008,103719.58671013336,88771.56234765,-0.3523445268027281,-0.9829254149182751,-1.5883567457757222,1.3857041666666636,1.1434212962962933,-0.06183229166666626,42.918961368078186,38.389535794426365,30.45650969055376,-0.09104459999999998,-0.054409555555555544,-0.04075825000000005,9.415880944684432,8.177132187698362,7.359692019646104,-703.4840162981418,-5661.633824537617,-20138.775245410496,4191.398462564703,3305.0284847177354,2642.8108161492273,-1.738048693469392,-2.1263467112145684,-1.5265244541090564,-0.0033455124968099215,-0.0006307173047585685,0.11232552044460797,-0.009116210548967003,0.018692277980420086,-0.003849650889970635,-0.028101131870107612,28090.93170142851,0.05109933333333333,-0.07997333333333334,0.028874333333333224,0.13107366666666667,-0.03483100000000007,0.16122799999999998,0.1960599999999999,-0.021105222222222206,-0.07258432049978072,-0.028891233333333266,-0.11012866666666671,-0.04514233333333331,0.1552713333333332,-0.06498633333333334,-0.015957333333333407,-0.17448766666666665,-0.15853033333333333,0.053915444444444446,-0.002462210801889436,-0.07153826666666654
2009,Finland,FIN,172,5351.427,22561.739564366093,99.72132589165342,100.9689,1080618.59031,0.2304603129885267,139.3682068273652,21569.147062587603,259558.68485001003,267934.8687393,391122.08220876,633101.3304,0.810958333333333,5.1424499080288,158.39705537459287,8.2495,182.7875498262157,0.4153139999999999,250618.46523,299706.41211000003,4.127259475218656,958280.25,427262.5,607606.04016,331606.25373,1065837.5,6.202650547027588,148.84498596191406,70.2185287475586,0.0,0.0,1.0,1.0,PEG,DEU,-3.192497,0.2621223330497741,0.0646318346261978,0.0519933030009269,0.0081095835193991,,,0.0074671008624136,0.0571647323668003,0.056741040199995,0.1948010027408599,0.0563452281057834,,,,0.0373884551227092,0.0673213377594947,0.1216949224472045,0.1420831978321075,0.0300514437258243,0.418201,0.01915,0.562649,1.0,0.399051,-0.1159719999999999,0.199228,0.3152,0.0973769999999999,0.0495637020509969,0.1474566666666666,0.119207593845079,-0.0195959,0.0775401,0.218973,0.326224,0.135122,0.041248,0.645905,0.632528,0.083851,0.284977,0.0938739999999999,-0.074513,-0.107251,0.136921,-0.2011259999999999,0.2114349999999999,0.0907053333333333,0.1212213333333333,0.0428325553094061,0.0100292876284078,-0.0014467999999999,-0.0273989999999999,-0.0080591,0.0126354999999999,0,0,0,947563.0,849058.5,760159.8125,402122.5,369655.9063,328837.625,629694.42711,555991.15803,480545.79006,4.454329089876309,4.237804883222464,3.705516536598744,1.22835833333333,4.63423333333333,4.27760833333333,157.22307491856677,155.71595765472313,147.34757850162867,0.325607,0.339041,0.381117,137.12763065347642,131.95995078723703,129.90348881148114,29372.8512737835,44802.62239111679,40410.63596533109,24694.0578673912,24651.340279395088,23434.467453076344,4.331491574695467,3.2259707565429787,-0.39642845011086614,-0.5720917967345858,0.11601615200837162,0.08782923022918308,0.13256194458405962,0.00967863080022567,0.001732870809941972,0.011310329761714977,0.115448365899804,0.00184945730974952,69286.58125000006,88334.16249999999,424400.8096454546,358485.94061000005,299541.39234444447,188932.39913636365,172112.38598,145882.33853333336,227151.44727010909,168792.99600912008,103719.58671013336,-0.10378899953045373,-0.3523445268027281,-0.9829254149182751,-2.1461439393939417,1.3857041666666636,1.1434212962962933,40.52435487118744,42.918961368078186,38.389535794426365,-0.09620181818181817,-0.09104459999999998,-0.054409555555555544,13.727571634134307,9.415880944684432,8.177132187698362,-16069.302041240695,-703.4840162981418,-5661.633824537617,3853.079826691297,4191.398462564703,3305.0284847177354,2.0423549398634884,-1.738048693469392,-2.1263467112145684,-0.0039421748297263914,-0.03686740240976406,0.07665558111912052,-0.05531942105130003,-0.03337070498095334,-0.00643253837433283,-0.029107644337478665,32513.608988749977,-0.05163600000000004,0.044416666666666674,0.007219666666666513,-0.09605299999999999,0.12438999999999986,-0.10273533333333337,-0.22712666666666653,-0.05143355555555554,-0.010497315182653705,0.01859740000000003,0.05109933333333333,-0.07997333333333334,0.028874333333333224,0.13107366666666667,-0.03483100000000007,0.16122799999999998,0.1960599999999999,-0.021105222222222206,-0.07258432049978072,-0.028891233333333266
2010,Finland,FIN,172,5375.276,23290.483285665083,102.4287267069094,103.59014499474728,1118647.47939,0.224206306787814,141.71800328828203,16656.660968117103,308579.90280222,311785.67988351,417830.7088553224,674424.1539,1.3906,5.648493552404196,172.81892117263845,8.3944,188.0120872366031,0.469047,255963.6765,315016.66686,4.449730579254603,1017966.5,456314.0,645087.92208,351919.87966999994,1123743.0,5.314390659332275,147.52371215820312,73.92847442626953,0.0,0.0,1.0,1.0,PEG,DEU,-0.24250001,0.2345185875892639,0.1489359736442566,0.0760173350572586,0.0139060001820325,,,0.091049700975418,0.0578862689435482,0.0530555732548236,0.1867640018463134,0.0402393452823162,,,,0.0301290974020957,0.0477546080946922,0.1587202399969101,0.1864207088947296,0.0449616685509681,0.175574,0.213304,0.611121,2.0,-0.03773,0.194154,-0.2426269999999999,-0.436781,0.0651733333333333,0.0615767194427677,0.2559596666666666,0.1595909277663781,0.0400195999999999,-0.0652921,0.418201,0.218973,0.01915,0.135122,0.562649,0.645905,0.399051,0.083851,-0.1159719999999999,0.0938739999999999,0.199228,-0.107251,0.3152,-0.2011259999999999,0.0973769999999999,0.0907053333333333,0.0495637020509969,0.0428325553094061,-0.0195959,-0.0014467999999999,0.0775401,-0.0080591,0,0,0,958280.25,947563.0,849058.5,427262.5,402122.5,369655.9063,633101.3304,629694.42711,555991.15803,5.1424499080288,4.454329089876309,4.237804883222464,0.810958333333333,1.22835833333333,4.63423333333333,158.39705537459287,157.22307491856677,155.71595765472313,0.4153139999999999,0.325607,0.339041,139.3682068273652,137.12763065347642,131.95995078723703,21569.147062587603,29372.8512737835,44802.62239111679,22561.739564366093,24694.0578673912,24651.340279395088,4.257893552404196,4.331491574695467,3.2259707565429787,-0.39642845011086614,0.011310329761715053,0.06251826246976978,0.0054104072440914015,0.007466973004020946,-0.0863494495103155,0.062284754381612295,0.0814246157870185,0.06072253797654262,51744.124999999985,69286.58125000006,399751.3255083334,424400.8096454546,358485.94061000005,198328.03254166667,188932.39913636365,172112.38598,211629.0632876,227151.44727010909,168792.99600912008,0.592980901916242,-0.10378899953045373,-0.3523445268027281,-2.3846986111111104,-2.1461439393939417,1.3857041666666636,38.321305754614585,40.52435487118744,42.918961368078186,0.0015219999999999678,-0.09620181818181817,-0.09104459999999998,14.824183505178596,13.727571634134307,9.415880944684432,-22533.897748999865,-16069.302041240695,-703.4840162981418,1399.671538108585,3853.079826691297,4191.398462564703,2.9776795130273523,2.0423549398634884,-1.738048693469392,-0.10828961754640784,-0.05882678813192607,-0.05746464541349503,-0.05250204057011383,-0.11841932484839687,-0.03981303464968507,0.032676200763062296,9853.404517777824,0.17336766666666664,-0.07822699999999998,-0.09514066666666665,0.2515943333333333,-0.12264366666666654,0.22500366666666666,0.3476473333333333,-0.02689966666666674,0.010406196545389067,0.002513599999999904,-0.05163600000000004,0.044416666666666674,0.007219666666666513,-0.09605299999999999,0.12438999999999986,-0.10273533333333337,-0.22712666666666653,-0.05143355555555554,-0.010497315182653705,0.01859740000000003
2011,Finland,FIN,172,5401.267,23783.247093498445,104.55248016519168,106.09554191957696,1177242.64854,0.2274609003956946,146.42851823881847,-16952.294138976,359923.18993155,338045.68018746,443082.3053392229,710538.51792,0.573183333333333,9.449968696387224,178.2226996742671,7.781,194.3343338290533,0.482712,284437.77747000003,322377.4806,4.595200556457223,1086997.875,486246.3125,680429.3412,383832.06228,1128392.5,4.09065055847168,147.6305389404297,79.60012817382812,0.0,0.0,1.0,1.0,PEG,DEU,0.425834,-0.2702140212059021,0.0860973373055458,0.1128613874316215,0.0057318331673741,,,0.0312697105109691,0.0548276267945766,0.0531651675701141,-0.3010799884796142,0.0441623665392398,,,,0.0300587508827447,0.0308659616857767,-0.0132598299533128,-0.0345277525484561,0.0592966116964817,0.319648,0.141367,0.538985,4.0,0.17828,-0.071937,0.1440739999999999,0.2160099999999999,0.1225253333333333,0.0976880286285547,0.1483906666666667,0.2254294499845424,0.0212889,-0.0153493999999999,0.175574,0.418201,0.213304,0.01915,0.611121,0.562649,-0.03773,0.399051,0.194154,-0.1159719999999999,-0.2426269999999999,0.199228,-0.436781,0.3152,0.0651733333333333,0.0973769999999999,0.0615767194427677,0.0495637020509969,0.0400195999999999,-0.0195959,-0.0652921,0.0775401,0,0,0,1017966.5,958280.25,947563.0,456314.0,427262.5,402122.5,674424.1539,633101.3304,629694.42711,5.648493552404196,5.1424499080288,4.454329089876309,1.3906,0.810958333333333,1.22835833333333,172.81892117263845,158.39705537459287,157.22307491856677,0.469047,0.4153139999999999,0.325607,141.71800328828203,139.3682068273652,137.12763065347642,16656.660968117103,21569.147062587603,29372.8512737835,23290.483285665083,22561.739564366093,24694.0578673912,8.87678536305389,4.257893552404196,4.331491574695467,3.2259707565429787,0.06228475438161227,0.06799449986834791,0.06527047332832465,0.09104882514349365,0.03229997931763933,0.06781301251072613,0.06320374538389961,0.05235896018289351,47799.087499999994,51744.124999999985,428687.47354615387,399751.3255083334,424400.8096454546,212123.53003846155,198328.03254166667,188932.39913636365,236672.72807316924,211629.0632876,227151.44727010909,1.05341063075962,0.592980901916242,-0.10378899953045373,-1.6216185897435889,-2.3846986111111104,-2.1461439393939417,49.79537880230521,38.321305754614585,40.52435487118744,0.05513792307692311,0.0015219999999999678,-0.09620181818181817,16.03365815800474,14.824183505178596,13.727571634134307,-25713.007093547305,-22533.897748999865,-16069.302041240695,2020.7482180146035,1399.671538108585,3853.079826691297,2.675029220503209,2.9776795130273523,2.0423549398634884,-0.04829105813097663,-0.04844831838902078,0.0071841411218628165,0.03545498161686835,0.010098381050257697,-0.054414538266468956,0.021342059263680255,-8674.392184000033,-0.14555866666666667,0.1481306666666667,-0.0025730000000000475,-0.2936896666666666,0.22635766666666665,-0.3189263333333332,-0.545284,-0.03792788888888887,0.027434871113164096,0.056166833333333166,0.17336766666666664,-0.07822699999999998,-0.09514066666666665,0.2515943333333333,-0.12264366666666654,0.22500366666666666,0.3476473333333333,-0.02689966666666674,0.010406196545389067,0.002513599999999904
2012,Finland,FIN,172,5426.674,23338.12735748588,102.60195830883818,105.99820595863464,1195311.72201,0.2322153428798807,151.05789811899123,-24563.655887305504,353873.70099732,338181.45687774004,486819.57571275,731170.20102,0.220666666666667,6.074160458666865,183.1281537459284,7.6891,200.0197614752253,0.5362250000000001,290805.6543,334702.97889,4.506389267849023,1144008.625,513388.625,714528.1027500001,403646.3254,1194657.75,4.166785717010498,153.4248809814453,78.08242797851562,0.0,0.0,1.0,1.0,PEG,DEU,-0.55416697,0.141029879450798,0.0821183174848556,0.1047490313649177,0.0022066666278988,,,0.0275216996669769,0.0545966178178787,0.0531342737376689,0.0833289995789527,0.0532625801861286,,,,0.0188419111073017,0.0577008984982967,0.0910216346383094,0.1023087427020073,0.0534778498113155,0.165296,0.170507,0.664197,6.0,-0.005211,0.02914,-0.154352,-0.183491,0.1246069999999999,0.0981560855423646,0.179867,0.2183948246112988,0.0382134,-0.0996776,0.319648,0.175574,0.141367,0.213304,0.538985,0.611121,0.17828,-0.03773,-0.071937,0.194154,0.1440739999999999,-0.2426269999999999,0.2160099999999999,-0.436781,0.1225253333333333,0.0651733333333333,0.0976880286285547,0.0615767194427677,0.0212889,0.0400195999999999,-0.0153493999999999,-0.0652921,0,0,0,1086997.875,1017966.5,958280.25,486246.3125,456314.0,427262.5,710538.51792,674424.1539,633101.3304,9.449968696387224,5.648493552404196,5.1424499080288,0.573183333333333,1.3906,0.810958333333333,178.2226996742671,172.81892117263845,158.39705537459287,0.482712,0.469047,0.4153139999999999,146.42851823881847,141.71800328828203,139.3682068273652,-16952.294138976,16656.660968117103,21569.147062587603,23783.247093498445,23290.483285665083,22561.739564366093,5.853493792000198,8.87678536305389,4.257893552404196,4.331491574695467,0.06781301251072604,0.06559586710028621,0.05354844397425722,0.03126844251174616,0.021157302825770483,0.05244789461984922,0.0471360322180178,0.03114885434251457,62621.65000000002,47799.087499999994,467098.31472142856,428687.47354615387,399751.3255083334,226904.1618214286,212123.53003846155,198328.03254166667,255881.89723079995,236672.72807316924,211629.0632876,4.779642158259818,1.05341063075962,0.592980901916242,-2.3232053571428564,-1.6216185897435889,-2.3846986111111104,51.642344532340616,49.79537880230521,38.321305754614585,0.06486449999999999,0.05513792307692311,0.0015219999999999678,19.59891181154083,16.03365815800474,14.824183505178596,-57485.3188368156,-25713.007093547305,-22533.897748999865,2369.172867418354,2020.7482180146035,1399.671538108585,7.102847515402674,2.675029220503209,2.9776795130273523,-0.03904810322255696,-0.04712015743485011,-0.005090514472347915,-0.027052707293099776,-0.0018210939839386625,-0.06594770657681168,-0.0016465515153387122,-11830.848576363664,0.048732,0.018841666666666673,-0.06757333333333337,0.029889333333333296,-0.12928900000000002,0.19429066666666653,0.32357899999999984,0.038106777777777795,0.0463637030274978,0.01496326666666667,-0.14555866666666667,0.1481306666666667,-0.0025730000000000475,-0.2936896666666666,0.22635766666666665,-0.3189263333333332,-0.545284,-0.03792788888888887,0.027434871113164096,0.056166833333333166
2013,Finland,FIN,172,5451.27,23019.30032876388,101.2094285114342,104.96026435969596,1214837.49933,0.221144104889396,154.4047197714923,-21842.778237953404,347272.25211,333243.59351577,541017.14025723,749744.66154,0.209933333333333,3.730121560082133,186.03720233479132,8.1934,202.88284170926252,0.562292,300740.96913,345607.44771000004,4.311311725038069,1183210.5,525085.8125,733316.60955,423589.98093,1150724.75,5.05702543258667,155.5426025390625,74.17881774902344,0.0,0.0,1.0,1.0,PEG,DEU,-0.16583334,0.3224339783191681,0.0709127634763717,-0.0291298516094684,0.0020993333309888,,,0.0158861689269542,0.0550265945494174,0.0541661009192466,0.2647149860858917,0.0456379279494285,,,,0.018608771264553,0.0577189698815345,0.1292739808559417,0.1704122126102447,-0.0135152591392397,0.153753,0.105541,0.740706,9.0,0.048213,-0.064966,-0.0115429999999999,0.053424,0.1750593333333333,0.0361839162658401,0.045113,0.1164665563885187,-0.0294149,0.0074338,0.165296,0.319648,0.170507,0.141367,0.664197,0.538985,-0.005211,0.17828,0.02914,-0.071937,-0.154352,0.1440739999999999,-0.183491,0.2160099999999999,0.1246069999999999,0.1225253333333333,0.0981560855423646,0.0976880286285547,0.0382134,0.0212889,-0.0996776,-0.0153493999999999,0,0,0,1144008.625,1086997.875,1017966.5,513388.625,486246.3125,456314.0,731170.20102,710538.51792,674424.1539,6.074160458666865,9.449968696387224,5.648493552404196,0.220666666666667,0.573183333333333,1.3906,183.1281537459284,178.2226996742671,172.81892117263845,0.5362250000000001,0.482712,0.469047,151.05789811899123,146.42851823881847,141.71800328828203,-24563.655887305504,-16952.294138976,16656.660968117103,23338.12735748588,23783.247093498445,23290.483285665083,3.5201882267488003,5.853493792000198,8.87678536305389,4.257893552404196,0.05244789461984919,0.055820089124069196,0.02903668496452005,0.027524294495745293,-0.018715683954452427,0.034267114900466744,0.06084855383739588,0.007782590568219895,55274.27499999995,62621.65000000002,492969.1770733333,467098.31472142856,428687.47354615387,238919.53020000004,226904.1618214286,212123.53003846155,259454.78718208004,255881.89723079995,236672.72807316924,1.0851911099888047,4.779642158259818,1.05341063075962,-2.5208416666666658,-2.3232053571428564,-1.6216185897435889,53.104975635179215,51.642344532340616,49.79537880230521,0.11405320000000008,0.06486449999999999,0.05513792307692311,22.921697570944218,19.59891181154083,16.03365815800474,-61264.32599602406,-57485.3188368156,-25713.007093547305,1766.1082735778946,2369.172867418354,2020.7482180146035,3.6060327766554696,7.102847515402674,2.675029220503209,-0.05162407088325118,-0.0535302098800064,-0.0292386653054888,-0.028864519073879224,-0.04156400262245167,-0.047162284451525004,-0.024886157480761173,3977.617971666681,-0.1391783333333333,0.04590000000000001,0.09327866666666673,-0.185078,0.027058333333333295,-0.18791033333333332,-0.2149673333333333,0.029581777777777735,0.02854660216825816,0.024309200000000038,0.048732,0.018841666666666673,-0.06757333333333337,0.029889333333333296,-0.12928900000000002,0.19429066666666653,0.32357899999999984,0.038106777777777795,0.0463637030274978,0.01496326666666667
2014,Finland,FIN,172,5471.753,22831.816702445525,100.42393366684136,105.16089363576448,1230153.69981,0.2162074033697694,156.2723866796712,-16385.647281469202,343478.87637,332802.07549743,581785.8217212299,772665.45069,0.2099273911475,2.330095723877164,185.29601826174436,8.663,205.4789804668405,0.598259,303553.29942,349519.73805,4.897232517914504,1113021.5533491285,533700.61626,756475.2279,356546.3254491284,1192035.625,4.981262416712818,158.64648385819373,76.40116280623327,0.0,0.0,1.0,1.0,PEG,DEU,0.0075,0.1074277982115745,0.0504060424864292,0.1726951748132705,0.0020992739591747,,,-0.0057208240032196,0.0561268664896488,0.0564498044550418,0.0574529990553855,0.0472596026957035,,,,0.0144916670396924,0.0499748103320598,0.0767398625612258,0.0734630674123764,0.0873972252011299,0.170358,0.095616,0.734026,14.0,0.074742,-0.0099249999999999,0.016605,0.026529,0.1391383333333333,0.0325402904924546,0.0737606666666667,0.0943755753589525,-0.0202218999999999,-0.025719,0.153753,0.165296,0.105541,0.170507,0.740706,0.664197,0.048213,-0.005211,-0.064966,0.02914,-0.0115429999999999,-0.154352,0.053424,-0.183491,0.1750593333333333,0.1246069999999999,0.0361839162658401,0.0981560855423646,-0.0294149,0.0382134,0.0074338,-0.0996776,0,0,0,1183210.5,1144008.625,1086997.875,525085.8125,513388.625,486246.3125,749744.66154,731170.20102,710538.51792,3.730121560082133,6.074160458666865,9.449968696387224,0.209933333333333,0.220666666666667,0.573183333333333,186.03720233479132,183.1281537459284,178.2226996742671,0.562292,0.5362250000000001,0.482712,154.4047197714923,151.05789811899123,146.42851823881847,-21842.778237953404,-24563.655887305504,-16952.294138976,23019.30032876388,23338.12735748588,23783.247093498445,2.120168332729664,3.5201882267488003,5.853493792000198,8.87678536305389,0.03426711490046677,0.022784274778195564,0.025403743880820284,0.015885315989691777,-0.013661208709606862,-0.05932076046559043,0.051509340677014036,0.016792631546223295,11727.29100473855,55274.27499999995,501360.47850624996,492969.1770733333,467098.31472142856,235684.24706249998,238919.53020000004,226904.1618214286,261813.32350319996,259454.78718208004,255881.89723079995,-1.3266722329702283,1.0851911099888047,4.779642158259818,-2.374022395833333,-2.5208416666666658,-2.3232053571428564,52.69496324684343,53.104975635179215,51.642344532340616,0.13299187500000004,0.11405320000000008,0.06486449999999999,24.83591312526127,22.921697570944218,19.59891181154083,-54714.42797192046,-61264.32599602406,-57485.3188368156,1336.899477757277,1766.1082735778946,2369.172867418354,1.047350162863105,3.6060327766554696,7.102847515402674,-0.06636324587708352,-0.08299734356721294,-0.030922362035489315,-0.0385791963083408,-0.03373859386944266,-0.053132763008226495,-0.014098533825560547,-3675.7276415385204,-0.06641966666666665,-0.06951833333333332,0.13593833333333327,0.0030999999999999778,-0.11541833333333334,0.07275866666666676,0.188178,0.07095744444444446,-0.049623028272055565,-0.06258886666666663,-0.1391783333333333,0.04590000000000001,0.09327866666666673,-0.185078,0.027058333333333295,-0.18791033333333332,-0.2149673333333333,0.029581777777777735,0.02854660216825816,0.024309200000000038
2015,Finland,FIN,172,5487.308,22870.008468200183,100.63786618087296,106.49936572316896,1256838.13605,0.2137488568815729,156.0289814685802,-11776.5733347885,324000.66489,320356.61021322,662758.63164,850025.34372,-0.0192770782357739,1.1638176107644125,185.29601826174436,9.3759,208.06855502130972,0.636417,309160.12281000003,346659.84192000004,5.46131165610361,1156457.374071562,546739.60215,783421.2762600001,373036.0978115619,1259186.75,6.040298943669564,155.75355705891437,73.9822302760937,0.0,0.0,1.0,1.0,PEG,DEU,-0.20416667,0.1486377418041229,0.0499776154756546,0.0011106575839221,-0.0001927707780851,,,-0.0082470271736383,0.058224644511938,0.0587088167667388,0.1079540029168129,0.0367197133600711,,,,0.0072313300333917,0.0406837537884712,0.0701918751001358,0.0920095816254615,0.0004589433956425,0.208702,0.119854,0.671444,12.0,0.088848,0.0242379999999999,0.0383439999999999,0.0141059999999999,0.1238879999999999,0.0406770792584718,0.039248,0.0407234449795201,-0.0161884,0.0308706,0.170358,0.153753,0.095616,0.105541,0.734026,0.740706,0.074742,0.048213,-0.0099249999999999,-0.064966,0.016605,-0.0115429999999999,0.026529,0.053424,0.1391383333333333,0.1750593333333333,0.0325402904924546,0.0361839162658401,-0.0202218999999999,-0.0294149,-0.025719,0.0074338,0,0,0,1113021.5533491285,1183210.5,1144008.625,533700.61626,525085.8125,513388.625,772665.45069,749744.66154,731170.20102,2.330095723877164,3.730121560082133,6.074160458666865,0.2099273911475,0.209933333333333,0.220666666666667,185.29601826174436,186.03720233479132,183.1281537459284,0.598259,0.562292,0.5362250000000001,156.2723866796712,154.4047197714923,151.05789811899123,-16385.647281469202,-21842.778237953404,-24563.655887305504,22831.816702445525,23019.30032876388,23338.12735748588,1.1830946890001863,2.120168332729664,3.5201882267488003,5.853493792000198,-0.059320760465590476,0.016406468342734053,0.030571460292788104,-0.003984063745019785,-0.008144627492612461,0.039025138903854284,0.00913141635157518,0.059974249232962976,-3284.269943618489,11727.29100473855,401679.7390020696,501360.47850624996,492969.1770733333,230435.27158352942,235684.24706249998,238919.53020000004,269333.3289177176,261813.32350319996,259454.78718208004,-2.6486585260593007,-1.3266722329702283,1.0851911099888047,-2.2343799617936755,-2.374022395833333,-2.5208416666666658,48.85407545339393,52.69496324684343,53.104975635179215,0.16113582352941175,0.13299187500000004,0.11405320000000008,25.24264396724834,24.83591312526127,22.921697570944218,-46038.80125238211,-54714.42797192046,-61264.32599602406,1070.7747056884946,1336.899477757277,1766.1082735778946,-0.4142785642656257,1.047350162863105,3.6060327766554696,-0.15580341837582304,-0.08418781602972364,-0.023821997996303416,-0.05603737627378106,-0.026113350535608093,-0.09196850313311691,0.030022986116216507,-46960.159662404316,-0.04254099999999997,-0.04352233333333333,0.08606333333333316,0.0009813333333333063,0.025996000000000095,0.023878666666666666,-0.0021186666666666437,-0.0015922222222221893,-0.04480238631979854,-0.030251033333333233,-0.06641966666666665,-0.06951833333333332,0.13593833333333327,0.0030999999999999778,-0.11541833333333334,0.07275866666666676,0.188178,0.07095744444444446,-0.049623028272055565,-0.06258886666666663
2016,Finland,FIN,172,5503.297,23446.339893403805,103.1702972176921,108.77328869127544,1293303.29814,0.2289689132839364,156.63593420649298,-25853.132929818603,327032.98719,308453.43712512,699544.8631500001,862719.4772699999,-0.26,0.724207825054455,186.7820923282036,8.8184,210.31041017117,0.631764,319309.48392,353277.43941,5.640574898017266,1194933.8984871297,559231.58088,816646.0155,378287.8829871295,1252289.625,6.460578356232197,165.66336537697913,72.35810233658322,0.0,0.0,1.0,1.0,PEG,DEU,-0.21250001,0.1064999997615814,0.0640146136283874,0.0378192514181137,-0.002637,,,0.0044251680374145,0.0595894493162632,0.0593269169330596,0.0564000010490417,0.0474252179265022,,,,0.00365,0.0501000024378299,0.0675317347049713,0.0807165503501892,0.0175911262631416,0.182308,0.138015,0.679677,8.0,0.044293,0.0181609999999999,-0.026394,-0.044555,0.1070036666666666,0.0121850197510439,0.070601,0.0206315708805704,0.012166,0.0002346,0.208702,0.170358,0.119854,0.095616,0.671444,0.734026,0.088848,0.074742,0.0242379999999999,-0.0099249999999999,0.0383439999999999,0.016605,0.0141059999999999,0.026529,0.1238879999999999,0.1391383333333333,0.0406770792584718,0.0325402904924546,-0.0161884,-0.0202218999999999,0.0308706,-0.025719,0,0,0,1156457.374071562,1113021.5533491285,1183210.5,546739.60215,533700.61626,525085.8125,850025.34372,772665.45069,749744.66154,1.1638176107644125,2.330095723877164,3.730121560082133,-0.0192770782357739,0.2099273911475,0.209933333333333,185.29601826174436,185.29601826174436,186.03720233479132,0.636417,0.598259,0.562292,156.0289814685802,156.2723866796712,154.4047197714923,-11776.5733347885,-16385.647281469202,-21842.778237953404,22870.008468200183,22831.816702445525,23019.30032876388,0.984207825054455,1.1830946890001863,2.120168332729664,3.5201882267488003,0.03902513890385438,0.0244312738129721,0.10012081290928264,0.0,0.0016727431834439844,0.03327102691221784,0.0046571644462435335,0.055457559044032996,7860.601618382266,-3284.269943618489,422800.0186688326,401679.7390020696,501360.47850624996,230672.29794111114,230435.27158352942,235684.24706249998,331730.2592300667,269333.3289177176,261813.32350319996,-3.667788943279869,-2.6486585260593007,-1.3266722329702283,-2.339452211077301,-2.2343799617936755,-2.374022395833333,46.139960150427584,48.85407545339393,52.69496324684343,0.19034183333333332,0.16113582352941175,0.13299187500000004,23.59686964686577,25.24264396724834,24.83591312526127,-38872.01612501351,-46038.80125238211,-54714.42797192046,1049.4789877937947,1070.7747056884946,1336.899477757277,-1.3283367322025685,-0.4142785642656257,1.047350162863105,-0.04829261204309447,-0.07121078608714891,0.04712864861997368,-0.04875699627736239,-0.01475990041628058,-0.09069472359262876,0.023629859295022995,-58841.043299934405,0.04556633333333332,-0.004033999999999982,-0.04153233333333328,0.04959999999999997,0.039488333333333195,0.0881073333333332,0.04861866666666656,-0.02238022222222226,-0.014949684841747975,-0.012380600000000032,-0.04254099999999997,-0.04352233333333333,0.08606333333333316,0.0009813333333333063,0.025996000000000095,0.023878666666666666,-0.0021186666666666437,-0.0015922222222221893,-0.04480238631979854,-0.030251033333333233
2017,Finland,FIN,172,5513.13,24124.546422643263,106.21436919865424,109.33906447486888,1345524.64473,0.2359747764806759,157.9512585202731,-10804.562897181902,371423.80737,355027.23802035,756504.95655,912931.16712,-0.32905,0.7890011191741148,189.6912398149129,8.6402,211.30921397057992,0.611672,330029.63511000003,354044.43858,4.957666972400572,1233542.162744112,571557.07917,854460.8583000001,379081.304444112,1225997.625,5.824946605505339,171.31848870943054,63.89647416271863,0.0,0.0,1.0,1.0,PEG,DEU,-0.035,0.1098999977111816,0.0758153870701789,-0.0192349217832088,-0.003291,,,0.0156311988830566,0.0601841881871223,0.0592579171061515,0.068400003015995,0.0388431325554847,,,,0.005467,0.0415000021457672,0.0505173504352569,0.076037123799324,-0.0112629607319831,0.111815,0.079591,0.808594,5.0,0.032224,-0.058424,-0.070493,-0.0120689999999999,0.1178283333333333,0.0212719602842176,0.0692943333333333,0.0227715790039544,-0.0029913999999999,-0.0172108999999999,0.182308,0.208702,0.138015,0.119854,0.679677,0.671444,0.044293,0.088848,0.0181609999999999,0.0242379999999999,-0.026394,0.0383439999999999,-0.044555,0.0141059999999999,0.1070036666666666,0.1238879999999999,0.0121850197510439,0.0406770792584718,0.012166,-0.0161884,0.0002346,0.0308706,0,0,0,1194933.8984871297,1156457.374071562,1113021.5533491285,559231.58088,546739.60215,533700.61626,862719.4772699999,850025.34372,772665.45069,0.724207825054455,1.1638176107644125,2.330095723877164,-0.26,-0.0192770782357739,0.2099273911475,186.7820923282036,185.29601826174436,185.29601826174436,0.631764,0.636417,0.598259,156.63593420649298,156.0289814685802,156.2723866796712,-25853.132929818603,-11776.5733347885,-16385.647281469202,23446.339893403805,22870.008468200183,22831.816702445525,1.1180511191741147,0.984207825054455,1.1830946890001863,2.120168332729664,0.03327102691221787,0.022848132238594915,0.014933829495537234,0.008020000000000185,0.025200315338972743,0.03230995815405624,0.004325135116827232,0.055193998492309715,40003.83526005182,7860.601618382266,439023.91052288294,422800.0186688326,401679.7390020696,231023.62941105262,230672.29794111114,230435.27158352942,326964.9054521683,331730.2592300667,269333.3289177176,-3.9143572056593072,-3.667788943279869,-2.6486585260593007,-2.457046069100617,-2.339452211077301,-2.2343799617936755,45.19761526160116,46.139960150427584,48.85407545339393,0.17567084210526313,0.19034183333333332,0.16113582352941175,22.961881877048768,23.59686964686577,25.24264396724834,-50902.68013451659,-38872.01612501351,-46038.80125238211,1570.5746767977435,1049.4789877937947,1070.7747056884946,-1.4573111365586908,-1.3283367322025685,-0.4142785642656257,-0.05136380114344797,-0.06883777287890672,-0.04067659305043694,-0.03802827426195318,0.009587666206819319,-0.0856917691813022,0.021976307020063063,-44018.60653168775,0.0047036666666666616,0.031011333333333335,-0.03571500000000005,-0.026308000000000026,0.03504533333333322,-0.04086266666666667,-0.07590799999999998,-0.0390248888888889,-0.024282075587878267,0.03410773333333329,0.04556633333333332,-0.004033999999999982,-0.04153233333333328,0.04959999999999997,0.039488333333333195,0.0881073333333332,0.04861866666666656,-0.02238022222222226,-0.014949684841747975,-0.012380600000000032
2018,Finland,FIN,172,5517.919,24356.51871945604,107.28488333322868,111.0640677576599,1388137.69164,0.2406453989411825,159.7970813710464,-25611.140410758,395898.19198608,378636.25730931,831528.17769,929281.92462,-0.3220917,0.9358110270116208,191.66464240940047,7.3612,215.63954656195543,0.597786,342242.16453,359704.77354,5.192777292576421,1284662.3932826435,581429.493130285,893405.3898,391257.0034826435,1255345.75,8.40151103328626,172.76629307954053,71.56815572279567,0.0,0.0,1.0,1.0,PEG,DEU,-0.00666667,-0.0252999998629093,0.0685015469789505,-0.0048874276690185,-0.003221,,,0.0085530281066894,0.0599485225975513,0.0594401285052299,-0.0635000020265579,0.0407901778817176,,,,0.006617,0.0381999984383583,0.0476143397390842,0.0678810998797416,-0.004054213874042,0.182094,0.128749,0.689157,9.0,0.053345,0.049158,0.070279,0.0211209999999999,0.1124866666666666,0.0299006545803487,0.0551216666666667,0.0298247273304105,-0.0031739,-0.0118578,0.111815,0.182308,0.079591,0.138015,0.808594,0.679677,0.032224,0.044293,-0.058424,0.0181609999999999,-0.070493,-0.026394,-0.0120689999999999,-0.044555,0.1178283333333333,0.1070036666666666,0.0212719602842176,0.0121850197510439,-0.0029913999999999,0.012166,-0.0172108999999999,0.0002346,0,0,0,1233542.162744112,1194933.8984871297,1156457.374071562,571557.07917,559231.58088,546739.60215,912931.16712,862719.4772699999,850025.34372,0.7890011191741148,0.724207825054455,1.1638176107644125,-0.32905,-0.26,-0.0192770782357739,189.6912398149129,186.7820923282036,185.29601826174436,0.611672,0.631764,0.636417,157.9512585202731,156.63593420649298,156.0289814685802,-10804.562897181902,-25853.132929818603,-11776.5733347885,24124.546422643263,23446.339893403805,22870.008468200183,1.2579027270116208,1.1180511191741147,0.984207825054455,1.1830946890001863,0.03230995815405617,0.022040061240112305,0.058201641637778447,0.015575087795876682,0.028925901966910368,0.041441818595653324,0.03486870799004279,0.003631508191570998,42322.33218902275,40003.83526005182,455680.9792537211,439023.91052288294,422800.0186688326,231797.94623050006,231023.62941105262,230672.29794111114,360828.35002956004,326964.9054521683,331730.2592300667,-3.653846051256682,-3.9143572056593072,-3.667788943279869,-2.403243765645586,-2.457046069100617,-2.339452211077301,45.846881985230425,45.19761526160116,46.139960150427584,0.14679530000000007,0.17567084210526313,0.19034183333333332,23.129112096976428,22.961881877048768,23.59686964686577,-33308.97609515407,-50902.68013451659,-38872.01612501351,2170.252472197313,1570.5746767977435,1049.4789877937947,-1.250602285611097,-1.4573111365586908,-1.3283367322025685,-0.04962151194669136,-0.06602280319955213,0.004732092410248322,-0.02847169834702652,0.012808638823871718,-0.05038754246468096,-0.03080708922623471,-9286.043094036562,-0.07530766666666666,-0.03823733333333333,0.11354500000000001,-0.03707033333333336,-0.06924866666666664,-0.08001133333333331,-0.010762333333333209,-0.005514999999999992,-0.007195502883105831,0.005090033333333401,0.0047036666666666616,0.031011333333333335,-0.03571500000000005,-0.026308000000000026,0.03504533333333322,-0.04086266666666667,-0.07590799999999998,-0.0390248888888889,-0.024282075587878267,0.03410773333333329
2019,Finland,FIN,172,5525.292,24662.280810668915,108.60678811368214,111.66870902503992,1426095.23196,0.2381551957040174,161.61325871534066,-4453.9620397272,391533.4910503801,386792.90700981,873273.1480200001,964694.6925,-0.3563333,0.3280669469718537,193.6102506011488,6.69,220.05513721055385,0.595334,350863.47303,366298.58811,5.292620615987183,1340151.1792909286,596676.4225149387,926647.96623,413503.2130609286,1283891.25,8.115047766055653,180.67931612946128,71.634079586435,0.0,0.0,1.0,1.0,PEG,DEU,-0.03083333,0.2046000063419342,0.0757139474153518,0.0299468748271465,-0.003563,,,0.015570044517517,0.0601438991725444,0.0592218115925788,0.1583999991416931,0.0398825965821743,,,,0.0007,0.0461999997496604,0.0592346116900444,0.0766066163778305,0.0131919374689459,0.277658,0.096513,0.625829,16.0,0.181145,-0.032236,0.095564,0.1278,0.1154516666666666,0.0313999243523504,0.0432873333333333,0.0105963524070002,-0.0075347999999999,0.0431676999999999,0.182094,0.111815,0.128749,0.079591,0.689157,0.808594,0.053345,0.032224,0.049158,-0.058424,0.070279,-0.070493,0.0211209999999999,-0.0120689999999999,0.1124866666666666,0.1178283333333333,0.0299006545803487,0.0212719602842176,-0.0031739,-0.0029913999999999,-0.0118578,-0.0172108999999999,0,0,0,1284662.3932826435,1233542.162744112,1194933.8984871297,581429.493130285,571557.07917,559231.58088,929281.92462,912931.16712,862719.4772699999,0.9358110270116208,0.7890011191741148,0.724207825054455,-0.3220917,-0.32905,-0.26,191.66464240940047,189.6912398149129,186.7820923282036,0.597786,0.611672,0.631764,159.7970813710464,157.9512585202731,156.63593420649298,-25611.140410758,-10804.562897181902,-25853.132929818603,24356.51871945604,24124.546422643263,23446.339893403805,0.6844002469718538,1.2579027270116208,1.1180511191741147,0.984207825054455,0.041441818595653386,0.01727283996660729,0.017910175584848587,0.010403235259641253,0.009615612776663294,0.04319328276318335,0.03567426788730913,0.005017907349630176,48677.20729499286,42322.33218902275,485102.11554207525,455680.9792537211,439023.91052288294,230632.3627512373,231797.94623050006,231023.62941105262,359996.8051471999,360828.35002956004,326964.9054521683,-3.333043474311715,-3.653846051256682,-3.9143572056593072,-2.281845286329129,-2.403243765645586,-2.457046069100617,45.63709972327845,45.846881985230425,45.19761526160116,0.1259190476190477,0.14679530000000007,0.17567084210526313,23.87354865741753,23.129112096976428,22.961881877048768,-46529.411889913295,-33308.97609515407,-50902.68013451659,2298.8794131911673,2170.252472197313,1570.5746767977435,-1.0511981879825862,-1.250602285611097,-1.4573111365586908,-0.03800857590775956,-0.06748888431307953,-0.03579597826319395,-0.03221996596591062,-0.007142082307568945,-0.04693000664822088,-0.027799264319426344,-6451.654882063594,0.014485666666666674,0.016262333333333337,-0.03074800000000011,-0.0017766666666667041,0.054499666666666724,0.08979333333333336,0.03529366666666656,-0.0037533333333333446,0.005189301482437601,-0.0008359666666666989,-0.07530766666666666,-0.03823733333333333,0.11354500000000001,-0.03707033333333336,-0.06924866666666664,-0.08001133333333331,-0.010762333333333209,-0.005514999999999992,-0.007195502883105831,0.005090033333333401
2020,Finland,FIN,172,5533.793,23921.36866045703,105.31520834584406,106.25961047977998,1415054.01135,0.2423103646963124,162.23269377177093,10714.885889341202,355365.34790253,341522.49931653,1022986.62942,1103937.74337,-0.42515,-0.0598722205289158,197.0891833427252,7.76,220.83222084154949,0.6951930000000001,336153.73701,414108.20304,4.845350827153452,1399808.6568435528,616039.31702708,966282.20241,433526.4544335528,1327184.625,7.916525191704155,164.9708217956795,68.6540633728445,0.0,0.0,1.0,1.0,PEG,DEU,-0.06833334,0.1811999976634979,0.0778461098670959,-0.0014356066239997,-0.004252,,,0.0179687738418579,0.059877336025238,0.058820404112339,0.1413999944925308,0.0348694585263729,,,,-0.002192,0.0397999994456768,,,-0.0028438032604753,0.348895,0.085487,0.565618,7.0,0.263408,-0.011026,0.071237,0.0822629999999999,0.1016176666666666,0.0249733949901356,0.0889046666666667,0.0805774998391817,-0.0014547999999999,0.0821351999999999,0.277658,0.182094,0.096513,0.128749,0.625829,0.689157,0.181145,0.053345,-0.032236,0.049158,0.095564,0.070279,0.1278,0.0211209999999999,0.1154516666666666,0.1124866666666666,0.0313999243523504,0.0299006545803487,-0.0075347999999999,-0.0031739,0.0431676999999999,-0.0118578,0,0,0,1340151.1792909286,1284662.3932826435,1233542.162744112,596676.4225149387,581429.493130285,571557.07917,964694.6925,929281.92462,912931.16712,0.3280669469718537,0.9358110270116208,0.7890011191741148,-0.3563333,-0.3220917,-0.32905,193.6102506011488,191.66464240940047,189.6912398149129,0.595334,0.597786,0.611672,161.61325871534066,159.7970813710464,157.9512585202731,-4453.9620397272,-25611.140410758,-10804.562897181902,24662.280810668915,24356.51871945604,24124.546422643263,0.3652777794710842,0.6844002469718538,1.2579027270116208,1.1180511191741147,0.04319328276318339,0.026223178501950054,0.038107668880443334,0.010151106470605397,0.012553604016021938,0.044515483383142485,0.03898168650429764,0.005843875089963782,55428.82683066069,48677.20729499286,518540.80538935703,485102.11554207525,455680.9792537211,235396.00291992578,230632.3627512373,231797.94623050006,379046.0818841454,359996.8051471999,360828.35002956004,-3.789285578246404,-3.333043474311715,-3.653846051256682,-2.2123666460414415,-2.281845286329129,-2.403243765645586,45.508294291241384,45.63709972327845,45.846881985230425,0.11774345454545454,0.1259190476190477,0.14679530000000007,24.6045646991019,23.87354865741753,23.129112096976428,-23257.26025115917,-46529.411889913295,-33308.97609515407,2500.1469856226286,2298.8794131911673,2170.252472197313,-1.5769189322049626,-1.0511981879825862,-1.250602285611097,-0.03444717955414578,-0.05532478938187585,-0.013893914574113778,-0.030937810661331687,-0.0038639919107070157,-0.04127608769882133,-0.025583333363121418,242.78100717302004,0.11891900000000002,-0.01893866666666666,-0.09998033333333334,0.13785766666666663,-0.035200999999999975,0.10443333333333332,0.1396343333333333,0.0030121111111111043,0.01028071281381367,-0.009535033333333266,0.014485666666666674,0.016262333333333337,-0.03074800000000011,-0.0017766666666667041,0.054499666666666724,0.08979333333333336,0.03529366666666656,-0.0037533333333333446,0.005189301482437601,-0.0008359666666666989
2003,France,FRA,132,62171.0,20789.046927320785,97.49439589858774,94.74,10696.46777362,0.2059954306861979,125.37603045321416,89.4224705874632,2187.28205693,2128.86908608,2837.231584071667,5780.01758206,2.2755416666666664,4.13,156.52505117615996,8.3065,138.30329468856016,0.644127,2167.88540844,2570.26255138,5.193642121931908,7599.34055984,3283.64202716,3870.10694258,3729.23361726,8460.4345703125,5.064344882965088,109.32786560058594,73.9642333984375,0.0,0.0,1.0,1.0,PEG,DEU,-0.95999998,0.2122285962104797,0.1577490270137787,0.053240168839693,0.0227554161101579,,,0.1181395426392555,0.0396094843745231,0.035424456000328,0.1744786202907562,0.0321419015526771,,,,0.0412999987602233,0.0377499759197235,0.1441000699996948,0.169989064335823,0.037997793406248,0.293173,0.147936,0.558891,1.0,0.145237,0.105211,0.006166,-0.099045,0.0585183333333333,0.0144462636461251,0.2396313333333333,0.0504749454812319,0.0211572999999999,-0.0369858999999999,0.287007,0.248757,0.042725,0.061765,0.670268,0.689478,0.244282,0.186992,-0.01904,-0.0093,0.03825,-0.1099279999999999,0.05729,-0.100628,0.082565,0.198694,0.028356480740741,0.1844328450222465,-0.022572,-0.1088961,0.0124528,0.0914701,0,0,0,7449.678503981667,7168.606942420833,6600.225121598333,3000.9639175800003,2820.89060194,2671.33240594,5527.95954524,5113.23729156,4780.59493729,4.86,4.939166666666667,5.394166666666667,3.2951333333333337,4.2579,4.240525,139.98655520282983,128.7640043637844,119.3134352361672,0.60258,0.583439,0.588824,122.79912496446728,120.48176391343588,118.54383211182676,119.5696584361244,158.9164065405,106.5907110748655,20719.52566146948,20648.034421101213,20391.877068945985,1.8544583333333335,1.5648666666666666,0.6812666666666667,1.1536416666666671,0.03920867245455594,0.06383562535752327,0.08110757041621125,0.08715596330275226,0.0034623751060395376,0.020089733507069107,0.07056474468012852,0.02715545330647119,327.84178762858363,469.09616930250036,1212.6203676698333,1164.436007636249,794.7389157516654,482.60461978200055,378.1641301774998,304.80791223666665,962.294166656,684.46489122,469.09671593333405,-0.1726666666666663,-0.11687500000000028,0.45083333333333364,-0.2773233333333325,0.8568041666666675,1.1192388888888902,27.808299658013638,20.732186023710256,15.042155861457374,0.0015896000000000798,-0.021939249999999966,-0.02207233333333325,5.439309858980906,3.902436009936878,2.619338944437004,-143.45995503494206,-130.14150866320804,-243.2896055051234,972.518903252203,1126.2845786049184,1160.1696352662584,0.10465666666666595,-0.9736791666666675,-0.6684055555555561,-0.02677713864733896,0.007303172698990779,0.026503308510271835,0.023002036474791085,-0.021779217411934955,0.010821258340442785,0.010151906217136533,64.16216063958461,-0.010171666666666634,-0.03984,0.0500113333333333,0.029668,0.09708899999999998,0.06589999999999997,-0.031188999999999974,-0.22429133333333334,-0.08994914391274016,0.09750344999999995,-0.07607166666666665,-0.13692900000000002,0.2130003333333334,0.060856999999999994,0.10372899999999997,-0.11892066666666656,-0.22264966666666663,-0.1622435,0.099190830553148,0.022358699999999898
2004,France,FRA,132,62534.0,21193.399751471257,99.16191484012492,96.62,11177.63191183,0.2098627559178661,128.06169742062275,59.57677809005391,2339.72646373,2228.19409502,3060.5887689875003,6183.17531383,2.0249083333333333,4.098333333333334,180.2105400522506,8.9136,143.56700390404015,0.659391,2381.7929861400003,2690.4076355,4.815777108876,8028.533771570833,3680.86334808,4261.69359287,3766.840178700833,8720.8427734375,4.742729187011719,111.87480926513672,75.2103271484375,0.0,0.0,1.0,1.0,PEG,DEU,-0.26967001,0.1299782842397689,0.1877371072769165,0.1447709798812866,0.0202490836381912,,,0.151324063539505,0.036413051187992,0.031627107411623,0.0923114567995071,0.0344835966825485,,,,0.0409833341836929,0.0376668274402618,0.158414751291275,0.1759081929922104,0.0825100317597389,0.093254,0.094647,0.812099,1.0,-0.001393,-0.053289,-0.199919,-0.14663,0.084142,0.056061450453944,0.1921703333333333,0.0497251380926523,0.0203857,-0.0664199999999999,0.293173,0.287007,0.147936,0.042725,0.558891,0.670268,0.145237,0.244282,0.105211,-0.01904,0.006166,0.03825,-0.099045,0.05729,0.0585183333333333,0.082565,0.0144462636461251,0.028356480740741,0.0211572999999999,-0.022572,-0.0369858999999999,0.0124528,0,0,0,7599.34055984,7449.678503981667,7168.606942420833,3283.64202716,3000.9639175800003,2820.89060194,5780.01758206,5527.95954524,5113.23729156,4.13,4.86,4.939166666666667,2.2755416666666664,3.2951333333333337,4.2579,156.52505117615996,139.98655520282983,128.7640043637844,0.644127,0.60258,0.583439,125.37603045321416,122.79912496446728,120.48176391343588,89.4224705874632,119.5696584361244,158.9164065405,20789.046927320785,20719.52566146948,20648.034421101213,2.0734250000000003,1.8544583333333335,1.5648666666666666,0.6812666666666667,0.020089733507069194,0.09419577087349769,0.04559693947779363,0.11814345991561197,0.00335535026173828,0.05647769149851989,0.048471308773012124,0.03397349637552327,272.9442543308337,327.84178762858363,1160.1790289165283,1212.6203676698333,1164.436007636249,684.8486260650002,482.60461978200055,378.1641301774998,1053.969842366666,962.294166656,684.46489122,-0.8738888888888887,-0.1726666666666663,-0.11687500000000028,-1.250694444444444,-0.2773233333333325,0.8568041666666675,39.712079021674825,27.808299658013638,20.732186023710256,0.04287166666666664,0.0015896000000000798,-0.021939249999999966,7.109663704564284,5.439309858980906,3.902436009936878,-149.69715037777956,-143.45995503494206,-130.14150866320804,879.9536852281417,972.518903252203,1126.2845786049184,0.37680555555555517,0.10465666666666595,-0.9736791666666675,-0.04054064986535792,0.03620268367516704,-0.014307984130200152,0.049389125792692584,-0.017530398773849223,-0.013977492151784308,0.01443197273190448,-98.47960791419365,-0.004976666666666685,0.08941766666666667,-0.08444099999999999,-0.0943943333333333,0.12925766666666663,0.005195,-0.12406233333333333,-0.1391423333333333,-0.11331152125426973,0.10873159999999985,-0.010171666666666634,-0.03984,0.0500113333333333,0.029668,0.09708899999999998,0.06589999999999997,-0.031188999999999974,-0.22429133333333334,-0.08994914391274016,0.09750344999999995
2005,France,FRA,132,62912.0,21450.00068291843,100.0,98.22,11583.57746085,0.2172121896162528,130.29748736265788,12.046920559284,2579.89855971,2338.76876651,3376.321098428333,6702.64734084,2.0710416666666664,3.41,207.9715868646261,8.4935,147.9530534833707,0.6738299999999999,2430.14357661,2746.51819728,5.560371280834111,8662.204632495834,4176.88491234,4749.16803742,3913.036595075834,9634.5322265625,3.943645715713501,116.07343292236328,77.44038391113281,0.0,0.0,1.0,1.0,PEG,DEU,0.04167,0.2843312919139862,0.1868191808462143,0.1448549926280975,0.0207104161381721,,,0.154047206044197,0.0327719785273075,0.0283974334597587,0.253147155046463,0.0248846430331468,,,,0.0340999998152256,0.0311841201037168,0.1878028661012649,0.2089914381504058,0.0827827006578445,0.254024,0.083011,0.662964,2.0,0.171013,-0.0116359999999999,0.16077,0.172406,0.0951026666666666,0.0526069800913657,0.1293753333333333,0.1236031785931629,0.0067568999999999,-0.0366437,0.093254,0.293173,0.094647,0.147936,0.812099,0.558891,-0.001393,0.145237,-0.053289,0.105211,-0.199919,0.006166,-0.14663,-0.099045,0.084142,0.0585183333333333,0.056061450453944,0.0144462636461251,0.0203857,0.0211572999999999,-0.0664199999999999,-0.0369858999999999,0,0,1,8028.533771570833,7599.34055984,7449.678503981667,3680.86334808,3283.64202716,3000.9639175800003,6183.17531383,5780.01758206,5527.95954524,4.098333333333334,4.13,4.86,2.0249083333333333,2.2755416666666664,3.2951333333333337,180.2105400522506,156.52505117615996,139.98655520282983,0.659391,0.644127,0.60258,128.06169742062275,125.37603045321416,122.79912496446728,59.57677809005391,89.4224705874632,119.5696584361244,21193.399751471257,20789.046927320785,20719.52566146948,1.3389583333333337,2.0734250000000003,1.8544583333333335,1.5648666666666666,0.05647769149851982,0.12096973958624656,0.06975026045272249,0.1513207547169812,0.01945028194722457,0.07892734575880334,0.03859203248671498,0.018201814616525203,406.67715972733424,272.9442543308337,1423.63237937357,1160.1790289165283,1212.6203676698333,984.2344289757143,684.8486260650002,482.60461978200055,1306.5604537985719,1053.969842366666,962.294166656,-0.7807142857142857,-0.8738888888888887,-0.1726666666666663,-1.3226571428571425,-1.250694444444444,-0.2773233333333325,57.724413751811895,39.712079021674825,27.808299658013638,0.05201114285714281,0.04287166666666664,0.0015896000000000798,8.77966442846369,7.109663704564284,5.439309858980906,-158.15753567836322,-149.69715037777956,-143.45995503494206,1158.5988400603092,879.9536852281417,972.518903252203,0.5419428571428568,0.37680555555555517,0.10465666666666595,0.0026040831036523646,0.056942871775388065,0.012230000866428739,0.07433489962861305,0.0014862660406119374,-0.0210612700077246,-0.004226103573474485,-128.75723923339518,-0.18305833333333332,0.010504999999999987,0.17255333333333334,-0.19356333333333334,-0.07891266666666667,-0.17808166666666672,-0.09916900000000001,-0.029117111111111108,-0.019683746015760194,0.0571559666666667,-0.004976666666666685,0.08941766666666667,-0.08444099999999999,-0.0943943333333333,0.12925766666666663,0.005195,-0.12406233333333333,-0.1391423333333333,-0.11331152125426973,0.10873159999999985
2006,France,FRA,132,63293.0,21841.591885557165,101.73752398661304,100.0,12123.07585507,0.2238709329304483,132.48013249125594,30.671381913327107,2857.61763437,2564.2015087,3688.941458535,7248.98736657,2.88915,3.796666666666667,233.01559505281168,8.4478,152.85212826426886,0.646108,2438.87436428,2728.125163,4.980690964312831,9649.260847923331,4739.74193533,5277.29213726,4371.968710663333,10314.54296875,4.160455226898193,124.05677032470705,79.1868667602539,0.0,0.0,1.0,1.0,PEG,DEU,0.74583,0.2256093621253967,0.149802103638649,0.0194550827145576,0.0288915000855922,,,0.1204200536012649,0.0293820444494485,0.0262241326272487,0.1936811953783035,0.0267476420849561,,,,0.0379666648805141,0.0319281555712223,0.1468616724014282,0.1681728363037109,0.0241732914000749,0.165107,0.046195,0.788698,4.0,0.118912,-0.036816,-0.088917,-0.0521009999999999,0.1085313333333333,0.03461784135866,0.1049523333333333,0.0929951503323337,-0.0316859,0.0093430999999999,0.254024,0.093254,0.083011,0.094647,0.662964,0.812099,0.171013,-0.001393,-0.0116359999999999,-0.053289,0.16077,-0.199919,0.172406,-0.14663,0.0951026666666666,0.084142,0.0526069800913657,0.056061450453944,0.0067568999999999,0.0203857,-0.0366437,-0.0664199999999999,0,1,1,8662.204632495834,8028.533771570833,7599.34055984,4176.88491234,3680.86334808,3283.64202716,6702.64734084,6183.17531383,5780.01758206,3.41,4.098333333333334,4.13,2.0710416666666664,2.0249083333333333,2.2755416666666664,207.9715868646261,180.2105400522506,156.52505117615996,0.6738299999999999,0.659391,0.644127,130.29748736265788,128.06169742062275,125.37603045321416,12.046920559284,59.57677809005391,89.4224705874632,21450.00068291843,21193.399751471257,20789.046927320785,0.907516666666667,1.3389583333333337,2.0734250000000003,1.8544583333333335,0.07892734575880338,0.1347568538556947,0.08401379560564762,0.15404785316289715,0.012107587006155563,0.11394976882958918,0.051831590254797444,0.029692690118050022,678.3431725174994,406.67715972733424,1879.3491928768753,1423.63237937357,1160.1790289165283,1357.2266896137494,984.2344289757143,684.8486260650002,1662.7124240837493,1306.5604537985719,1053.969842366666,-1.371458333333333,-0.7807142857142857,-0.8738888888888887,-1.1111916666666666,-1.3226571428571425,-1.250694444444444,78.26990884521092,57.724413751811895,39.712079021674825,0.059948749999999995,0.05201114285714281,0.04287166666666664,9.917996316940858,8.77966442846369,7.109663704564284,-185.9177012493377,-158.15753567836322,-149.69715037777956,1270.3749164999426,1158.5988400603092,879.9536852281417,-0.26026666666666687,0.5419428571428568,0.37680555555555517,0.024681725491985586,0.06259529007692363,0.024746393038435475,0.06644272669901286,-0.006068752620544486,-0.004311500571688026,0.007969122523629416,30.727114009784373,0.02954599999999999,-0.012091666666666667,-0.017455333333333378,0.041637666666666656,-0.022596666666666564,0.21260433333333334,0.235201,0.020027555555555507,0.019652248477762327,0.00043323333333326625,-0.18305833333333332,0.010504999999999987,0.17255333333333334,-0.19356333333333334,-0.07891266666666667,-0.17808166666666672,-0.09916900000000001,-0.029117111111111108,-0.019683746015760194,0.0571559666666667
2007,France,FRA,132,63682.0,22202.17253075663,103.5616710630497,100.54,12734.4868152,0.2313306265097394,134.45143429199993,-12.989176551504,3029.28814084,2633.39185306,3918.6554134116654,8239.036385809999,3.86405,4.304166666666667,248.313703828142,7.6567,156.6731188352702,0.645355,2546.0642976500003,2855.32834444,4.455926907139458,10792.867760970832,5317.24647813,5837.28918773,4955.578573240832,11152.90234375,3.810006618499756,130.21942138671875,80.57838439941406,0.0,0.0,1.0,1.0,PEG,DEU,1.02334,0.0306291673332452,0.0926975160837173,-0.0966138243675232,0.0386404991149902,,,0.0656521469354629,0.027045365422964,0.025379167869687,0.0040707872249186,0.0264507047832012,,,,0.0430416651070117,0.0265583805739879,0.0629694014787674,0.0784309729933738,-0.0289866626262664,0.252152,0.121364,0.626484,19.0,0.130787,0.075169,0.0870449999999999,0.0118749999999999,0.0746176666666666,0.0252929853780323,0.0961773333333333,0.0884228817124467,0.0043335,0.0344439,0.165107,0.254024,0.046195,0.083011,0.788698,0.662964,0.118912,0.171013,-0.036816,-0.0116359999999999,-0.088917,0.16077,-0.0521009999999999,0.172406,0.1085313333333333,0.0951026666666666,0.03461784135866,0.0526069800913657,-0.0316859,0.0067568999999999,0.0093430999999999,-0.0366437,1,1,1,9649.260847923331,8662.204632495834,8028.533771570833,4739.74193533,4176.88491234,3680.86334808,7248.98736657,6702.64734084,6183.17531383,3.796666666666667,3.41,4.098333333333334,2.88915,2.0710416666666664,2.0249083333333333,233.01559505281168,207.9715868646261,180.2105400522506,0.646108,0.6738299999999999,0.659391,132.48013249125594,130.29748736265788,128.06169742062275,30.671381913327107,12.046920559284,59.57677809005391,21841.591885557165,21450.00068291843,21193.399751471257,0.44011666666666693,0.907516666666667,1.3389583333333337,2.0734250000000003,0.11394976882958928,0.1347552146641918,0.08151108031614426,0.12042033513206474,0.01825599954178907,0.11851756637852962,0.08311826869563747,0.028964336596648706,928.0058183627494,678.3431725174994,2657.588831318053,1879.3491928768753,1423.63237937357,1769.2807470911112,1357.2266896137494,984.2344289757143,2024.3066249155554,1662.7124240837493,1306.5604537985719,-0.8324074074074073,-1.371458333333333,-0.7807142857142857,-0.16961759259259246,-1.1111916666666666,-1.3226571428571425,94.61726049503972,78.26990884521092,57.724413751811895,0.0255657777777778,0.059948749999999995,0.05201114285714281,10.998641854767726,9.917996316940858,8.77966442846369,-146.63571753425708,-185.9177012493377,-158.15753567836322,1520.8133506386803,1270.3749164999426,1158.5988400603092,-0.662789814814815,-0.26026666666666687,0.5419428571428568,0.05661893287627329,0.05476923962580528,0.019150378619127682,0.024509867830803833,0.0008382539926570787,0.027591106522250296,0.006102322927423898,297.2719411316521,-0.04837666666666671,-0.062336333333333355,0.11071333333333333,0.013959666666666676,-0.0502446666666667,-0.07792266666666665,-0.027677999999999897,0.029276999999999997,-0.0064203900384849286,-0.04778586666666661,0.02954599999999999,-0.012091666666666667,-0.017455333333333378,0.041637666666666656,-0.022596666666666564,0.21260433333333334,0.235201,0.020027555555555507,0.019652248477762327,0.00043323333333326625
2008,France,FRA,132,64058.0,22057.35045104924,103.24708122791448,100.44,13069.1560766,0.2355328423267698,138.23336752728324,-90.961326293136,3192.52959986,2708.89250376,3972.9763058433336,8906.35456105,3.6189333333333336,4.234166666666666,250.38101582480832,7.0634,160.67378986977425,0.687783,2528.66175844,2980.62925058,4.713350578429257,11921.305668393332,5742.32629284,6253.4348681,5667.870800293332,12067.2802734375,3.20508074760437,130.00869750976562,81.04078674316406,1.0,1.0,1.0,1.0,PEG,DEU,-0.04084,-0.4089254736900329,0.0342683009803295,0.2213167548179626,0.0361893326044082,,,0.0083241378888487,0.0259441640228033,0.0257299840450286,-0.4309470355510711,0.0386986136436462,,,,0.0423416681587696,0.022021559998393,-0.0028775166720151,-0.0286359712481498,0.1287530362606048,0.224779,0.134591,0.640629,20.0,0.090188,0.0132269999999999,-0.0273729999999999,-0.0405989999999999,0.0835233333333333,0.0375871188618302,0.1402373333333333,0.0273058629296593,0.0229908999999999,-0.0230599999999999,0.252152,0.165107,0.121364,0.046195,0.626484,0.788698,0.130787,0.118912,0.075169,-0.036816,0.0870449999999999,-0.088917,0.0118749999999999,-0.0521009999999999,0.0746176666666666,0.1085313333333333,0.0252929853780323,0.03461784135866,0.0043335,-0.0316859,0.0344439,0.0093430999999999,0,0,0,10792.867760970832,9649.260847923331,8662.204632495834,5317.24647813,4739.74193533,4176.88491234,8239.036385809999,7248.98736657,6702.64734084,4.304166666666667,3.796666666666667,3.41,3.86405,2.88915,2.0710416666666664,248.313703828142,233.01559505281168,207.9715868646261,0.645355,0.646108,0.6738299999999999,134.45143429199993,132.48013249125594,130.29748736265788,-12.989176551504,30.671381913327107,12.046920559284,22202.17253075663,21841.591885557165,21450.00068291843,0.6152333333333324,0.44011666666666693,0.907516666666667,1.3389583333333337,0.11851756637852964,0.12184303505962739,0.1365775616889315,0.0656527249683142,0.016508899492710522,0.10455403813091801,0.10379822698897405,0.02165956471136872,1092.0910020739993,928.0058183627494,3535.4368612337494,2657.588831318053,1879.3491928768753,2169.8572151819994,1769.2807470911112,1357.2266896137494,2811.9249816639986,2024.3066249155554,1662.7124240837493,-0.24166666666666625,-0.8324074074074073,-1.371458333333333,0.8222441666666671,-0.16961759259259246,-1.1111916666666666,100.4536432208661,94.61726049503972,78.26990884521092,0.02225620000000006,0.0255657777777778,0.059948749999999995,11.870079470034938,10.998641854767726,9.917996316940858,-175.63270424566247,-146.63571753425708,-185.9177012493377,1729.312660774278,1520.8133506386803,1270.3749164999426,-1.0639108333333336,-0.662789814814815,-0.26026666666666687,0.0548957378834055,0.03577158895170694,0.07208904014534519,-0.0329810609808138,-0.0010019853889389196,0.04482217650030558,-0.0019652393237840765,504.4671668152376,0.08135699999999996,0.04674633333333332,-0.12810299999999997,0.03460966666666665,0.10908266666666663,0.12973366666666658,0.02064999999999987,-0.02130766666666671,-0.022469105256624263,0.0058479333333333675,-0.04837666666666671,-0.062336333333333355,0.11071333333333333,0.013959666666666676,-0.0502446666666667,-0.07792266666666665,-0.027677999999999897,0.029276999999999997,-0.0064203900384849286,-0.04778586666666661
2009,France,FRA,132,64399.24403315361,21244.207306860604,99.76586099430486,100.56,12702.09565854,0.220371325425477,138.35448826488386,-69.86152612197002,2637.55718001,2240.65071845,4109.758099375834,8879.35537093,0.647225,3.64919166666667,232.6021326534785,8.7363,163.33278563148863,0.830389,2314.2818917,3084.82146046,4.553359711231429,12011.083223198331,5990.691291749999,6489.45475627,5521.628466928331,12578.1787109375,4.376982688903809,121.87578582763672,79.5211181640625,0.0,0.0,1.0,1.0,PEG,DEU,-3.192497,0.2903197407722473,-0.0447545424103736,-0.0640435665845871,0.0064722499810159,,,-0.0710077807307243,0.0262532364577054,0.0282599106431007,0.238954409956932,0.0414586029946804,,,,0.0364919155836105,0.0513653196394443,0.0064127356745302,0.0139586608856916,-0.0287856590002775,0.158786,0.06913,0.772084,12.0,0.089656,-0.0654609999999999,-0.065993,-0.000532,0.1007166666666666,0.047678060828156,0.1132956666666666,0.0208740772330981,0.0082031999999999,-0.0128367,0.224779,0.252152,0.134591,0.121364,0.640629,0.626484,0.090188,0.130787,0.0132269999999999,0.075169,-0.0273729999999999,0.0870449999999999,-0.0405989999999999,0.0118749999999999,0.0835233333333333,0.0746176666666666,0.0375871188618302,0.0252929853780323,0.0229908999999999,0.0043335,-0.0230599999999999,0.0344439,0,0,0,11921.305668393332,10792.867760970832,9649.260847923331,5742.32629284,5317.24647813,4739.74193533,8906.35456105,8239.036385809999,7248.98736657,4.234166666666666,4.304166666666667,3.796666666666667,3.6189333333333336,3.86405,2.88915,250.38101582480832,248.313703828142,233.01559505281168,0.687783,0.645355,0.646108,138.23336752728324,134.45143429199993,132.48013249125594,-90.961326293136,-12.989176551504,30.671381913327107,22057.35045104924,22202.17253075663,21841.591885557165,3.00196666666667,0.6152333333333324,0.44011666666666693,0.907516666666667,0.10455403813091799,0.0799435979615327,0.08099468724149782,0.008325404376784242,-0.006522878763633156,0.00753084916218727,0.11234045777967894,0.00711951134713496,821.3905033247495,1092.0910020739993,4342.471417634999,3535.4368612337494,2657.588831318053,2397.677283057273,2169.8572151819994,1769.2807470911112,3223.613613116365,2811.9249816639986,2024.3066249155554,-0.2896969696969709,-0.24166666666666625,-0.8324074074074073,0.5023780303030305,0.8222441666666671,-0.16961759259259246,93.38880583381732,100.4536432208661,94.61726049503972,0.06266090909090904,0.02225620000000006,0.0255657777777778,14.572914571678709,11.870079470034938,10.998641854767726,-237.6382445104161,-175.63270424566247,-146.63571753425708,1427.2803391783164,1729.312660774278,1520.8133506386803,-0.7920750000000014,-1.0639108333333336,-0.662789814814815,0.0354426358474533,-0.009705007041558425,0.009297261683376981,-0.08701027547426238,-0.023933565106388707,0.04838416545764318,-0.01628693276315294,605.4939546745828,0.0010179999999999911,0.051067666666666636,-0.05208633333333346,-0.05004933333333332,0.0043213333333332,-0.08033899999999988,-0.0846589999999999,-0.009227222222222206,8.118325247753744e-05,0.0298560666666666,0.08135699999999996,0.04674633333333332,-0.12810299999999997,0.03460966666666665,0.10908266666666663,0.12973366666666658,0.02064999999999987,-0.02130766666666671,-0.022469105256624263,0.0058479333333333675
2010,France,FRA,132,64707.49770660658,21477.47740245256,101.2094858316042,101.9067066003585,13088.23786573,0.2207155366524893,140.47286524699993,-82.3250161754417,3001.64611286,2558.24541914,4472.155209796666,9552.65587401,0.376258333333334,3.117017,244.53347617709517,8.8713,168.46823266699445,0.852569,2621.08609974,3352.81269281,4.90912288579554,12394.070823849168,6542.61351155,6890.913559409999,5503.157264439169,13215.7822265625,4.5551629066467285,121.90652465820312,78.80329132080078,0.0,0.0,1.0,1.0,PEG,DEU,-0.24250001,0.0418922677636146,0.080005906522274,0.0938982591032981,0.0037625832483172,,,0.0512936264276504,0.0287122819572687,0.0273113828152418,0.0040655070915818,0.0376735962927341,,,,0.0311709996312856,0.0378267578780651,0.0689820498228073,0.0734280496835708,0.0488304197788238,0.187082,0.126089,0.68683,10.0,0.060993,0.056959,0.0282959999999999,-0.028663,0.1083616666666666,0.0346133086302559,0.1035436666666666,0.0235949181887402,-0.0051285999999999,-0.0209913999999999,0.158786,0.224779,0.06913,0.134591,0.772084,0.640629,0.089656,0.090188,-0.0654609999999999,0.0132269999999999,-0.065993,-0.0273729999999999,-0.000532,-0.0405989999999999,0.1007166666666666,0.0835233333333333,0.047678060828156,0.0375871188618302,0.0082031999999999,0.0229908999999999,-0.0128367,-0.0230599999999999,0,0,0,12011.083223198331,11921.305668393332,10792.867760970832,5990.691291749999,5742.32629284,5317.24647813,8879.35537093,8906.35456105,8239.036385809999,3.64919166666667,4.234166666666666,4.304166666666667,0.647225,3.6189333333333336,3.86405,232.6021326534785,250.38101582480832,248.313703828142,0.830389,0.687783,0.645355,138.35448826488386,138.23336752728324,134.45143429199993,-69.86152612197002,-90.961326293136,-12.989176551504,21244.207306860604,22057.35045104924,22202.17253075663,2.7407586666666663,3.00196666666667,0.6152333333333324,0.44011666666666693,0.007530849162187369,0.04325163465888053,-0.003031452423652217,-0.07100731304552943,-0.03686495102814827,0.03188618324708048,0.07686748455721164,0.06045181375448854,489.33867434400105,821.3905033247495,4070.3763543037485,4342.471417634999,3535.4368612337494,2446.2358417124997,2397.677283057273,2169.8572151819994,2927.9799552366667,3223.613613116365,2811.9249816639986,-0.8505305555555522,-0.2896969696969709,-0.24166666666666625,-2.5111951388888887,0.5023780303030305,0.8222441666666671,67.82752217633603,93.38880583381732,100.4536432208661,0.20004516666666672,0.06266090909090904,0.02225620000000006,13.47962576163944,14.572914571678709,11.870079470034938,-196.73525729671542,-237.6382445104161,-175.63270424566247,495.1971667248217,1427.2803391783164,1729.312660774278,1.660664583333336,-0.7920750000000014,-1.0639108333333336,-0.06480261092559125,-0.04551469697679619,-0.07557408358935279,-0.15843296785346128,-0.052099858724868484,0.008072775689411574,0.038674062920515936,267.51634985037936,-0.055226666666666646,-0.03158666666666668,0.08681366666666657,-0.02363966666666667,-0.08265433333333319,-0.056244666666666665,0.02640966666666663,0.011825888888888872,0.015178745628648502,0.009657033333333268,0.0010179999999999911,0.051067666666666636,-0.05208633333333346,-0.05004933333333332,0.0043213333333332,-0.08033899999999988,-0.0846589999999999,-0.009227222222222206,8.118325247753744e-05,0.0298560666666666
2011,France,FRA,132,65021.93707250341,21842.23668701559,102.92967273623202,102.04141201931134,13502.01554133,0.2241538386830476,143.43908739232012,-115.9823135000247,3364.41657214,2759.5455033,4695.790083175833,9931.35296925,0.693358333333333,3.321058,259.06372621080664,8.811,171.29045706226398,0.878344,2576.4154280400003,3183.85784832,5.069611252801608,13194.710619446669,6717.3932542,7221.4962087,5973.2144107466665,13756.5986328125,4.374820709228516,114.44744873046876,78.06526947021484,0.0,0.0,1.0,1.0,PEG,DEU,0.425834,-0.1338900029659271,0.0870425701141357,0.002216957276687,0.0069335834123194,,,0.0594234727323055,0.0276191011071205,0.0260699354112148,-0.1695157140493393,0.0428975187242031,,,,0.0332121662795543,0.0356257148087024,0.0458438955247402,0.0555046871304512,0.0045752702280879,0.2622,0.129634,0.608166,14.0,0.132566,0.0035449999999999,0.0751179999999999,0.071573,0.1099366666666666,0.0355943680142428,0.080279,0.016704283971485,0.0042088,0.0098470999999999,0.187082,0.158786,0.126089,0.06913,0.68683,0.772084,0.060993,0.089656,0.056959,-0.0654609999999999,0.0282959999999999,-0.065993,-0.028663,-0.000532,0.1083616666666666,0.1007166666666666,0.0346133086302559,0.047678060828156,-0.0051285999999999,0.0082031999999999,-0.0209913999999999,-0.0128367,0,0,0,12394.070823849168,12011.083223198331,11921.305668393332,6542.61351155,5990.691291749999,5742.32629284,9552.65587401,8879.35537093,8906.35456105,3.117017,3.64919166666667,4.234166666666666,0.376258333333334,0.647225,3.6189333333333336,244.53347617709517,232.6021326534785,250.38101582480832,0.852569,0.830389,0.687783,140.47286524699993,138.35448826488386,138.23336752728324,-82.3250161754417,-69.86152612197002,-90.961326293136,21477.47740245256,21244.207306860604,22057.35045104924,2.627699666666667,2.7407586666666663,3.00196666666667,0.6152333333333324,0.03188618324708053,0.09212997180476867,0.07582763330819157,0.05129507364144215,0.010980409493397524,0.06459861388373533,0.04799035684672859,0.05047655995520306,420.3202453810848,489.33867434400105,4140.258081546604,4070.3763543037485,4342.471417634999,2809.9860736884616,2446.2358417124997,2397.677283057273,3376.05123099077,2927.9799552366667,3223.613613116365,-1.3172797948717947,-0.8505305555555522,-0.2896969696969709,-2.588992948717948,-2.5111951388888887,0.5023780303030305,74.54136399408071,67.82752217633603,93.38880583381732,0.20683707692307696,0.20004516666666672,0.06266090909090904,14.561108454398621,13.47962576163944,14.572914571678709,-194.06526601967056,-196.73525729671542,-237.6382445104161,690.375172568718,495.1971667248217,1427.2803391783164,1.271713153846153,1.660664583333336,-0.7920750000000014,-0.03504705926356549,0.007156531583824954,0.009582842441603734,-0.02292783384536793,8.715669041635052e-05,-0.021538240720108903,0.02518298521936537,-91.28711411540706,-0.02482366666666666,0.017727333333333317,0.00709766666666678,-0.04255066666666666,0.049314000000000004,0.030402999999999895,-0.018911,0.022075777777777777,-0.0022394130590836017,-0.016971133333333166,-0.055226666666666646,-0.03158666666666668,0.08681366666666657,-0.02363966666666667,-0.08265433333333319,-0.056244666666666665,0.02640966666666663,0.011825888888888872,0.015178745628648502,0.009657033333333268
2012,France,FRA,132,65337.4073871409,21818.118066179795,102.75344387469072,101.11903269161516,13701.65605428,0.2247831712108869,146.24216731964805,-132.220980923802,3410.55002795,2849.6739951,4993.455170313333,10498.32284263,0.0493333333333333,2.535992,257.8824050698545,9.4002,174.89835275921774,0.90604,2656.1666801,3231.50000523,4.971631044414128,13386.3391642725,6939.44781784,7390.51008932,5995.8290749525,14152.37109375,4.733343124389648,113.05118560791016,76.35334014892578,0.0,0.0,1.0,1.0,PEG,DEU,-0.55416697,0.2036869972944259,0.0220594052225351,0.1891279220581054,0.0004933333257213,,,-0.0045625790953636,0.0266219843178987,0.0267440062016248,0.1523066312074661,0.0445891506969928,,,,0.0253618340939283,0.0513803735375404,0.0598497204482555,0.0513194762170314,0.094810627400875,0.243079,0.14605,0.610872,12.0,0.097029,0.016416,-0.019121,-0.0355369999999999,0.1082843333333333,0.0339549425022831,0.094405,0.0360220534256448,0.0234305,0.0093691999999999,0.2622,0.187082,0.129634,0.126089,0.608166,0.68683,0.132566,0.060993,0.0035449999999999,0.056959,0.0751179999999999,0.0282959999999999,0.071573,-0.028663,0.1099366666666666,0.1083616666666666,0.0355943680142428,0.0346133086302559,0.0042088,-0.0051285999999999,0.0098470999999999,-0.0209913999999999,0,0,0,13194.710619446669,12394.070823849168,12011.083223198331,6717.3932542,6542.61351155,5990.691291749999,9931.35296925,9552.65587401,8879.35537093,3.321058,3.117017,3.64919166666667,0.693358333333333,0.376258333333334,0.647225,259.06372621080664,244.53347617709517,232.6021326534785,0.878344,0.852569,0.830389,143.43908739232012,140.47286524699993,138.35448826488386,-115.9823135000247,-82.3250161754417,-69.86152612197002,21842.23668701559,21477.47740245256,21244.207306860604,2.4866586666666666,2.627699666666667,2.7407586666666663,3.00196666666667,0.06459861388373525,0.026714055834331764,0.03964312126749206,0.05942028985507253,0.016983339231513996,0.014523133576223035,0.034671882097667694,0.028635686322194393,492.64076188200147,420.3202453810848,4645.165157033634,4140.258081546604,4070.3763543037485,2784.0525253607148,2809.9860736884616,2446.2358417124997,3513.601809731428,3376.05123099077,2927.9799552366667,-1.0191473809523819,-1.3172797948717947,-0.8505305555555522,-2.0869648809523813,-2.588992948717948,-2.5111951388888887,83.74723088535782,74.54136399408071,67.82752217633603,0.2178380000000001,0.20683707692307696,0.20004516666666672,16.487251424404633,14.561108454398621,13.47962576163944,-213.8607586285628,-194.06526601967056,-196.73525729671542,1005.8219448054078,690.375172568718,495.1971667248217,1.0678174999999996,1.271713153846153,1.660664583333336,0.0003612990087481227,-0.05880988681613695,-0.027338811325372983,-0.013038938105170789,0.0060833820677315634,-0.03306186207582738,0.001243529484742923,-152.0067145223772,0.07198433333333332,0.019697333333333317,-0.09168166666666655,0.052286999999999986,0.0019699999999998954,0.09680799999999988,0.09483766666666664,0.012402777777777776,-0.004365128092504562,-0.004479699999999967,-0.02482366666666666,0.017727333333333317,0.00709766666666678,-0.04255066666666666,0.049314000000000004,0.030402999999999895,-0.018911,0.022075777777777777,-0.0022394130590836017,-0.016971133333333166
2013,France,FRA,132,65669.3728816287,21841.280960321223,102.8149990777683,101.1123661562569,13887.84944873,0.2206306434075544,147.50528358319613,-70.828032188523,3341.81885349,2808.6766826,5241.452833303333,10792.84097606,0.0430666666666666,2.20435,252.4445914624722,9.9206,177.5953053855774,0.934132,2779.59154922,3231.27697985,4.75641360307447,13603.759938338331,7196.24842377,7586.798661999999,6016.961276338332,13218.556640625,5.315672397613525,110.40459442138672,74.90921783447266,0.0,0.0,1.0,1.0,PEG,DEU,-0.16583334,0.2221730053424835,0.0059483628720045,-0.0387177653610706,0.0004306666669435,,,-0.0210848711431026,0.0270332340151071,0.0276155024766922,0.1798592209815979,0.0358634181320667,,,,0.0220460835844278,0.0423137843608856,0.0339666344225406,0.0470263548195362,-0.0191435497254133,0.332027,0.104863,0.56311,10.0,0.227164,-0.041187,0.088948,0.130135,0.1339243333333333,0.0106496760670618,0.0968626666666666,0.0357867899137844,-0.0047262,0.0462976,0.243079,0.2622,0.14605,0.129634,0.610872,0.608166,0.097029,0.132566,0.016416,0.0035449999999999,-0.019121,0.0751179999999999,-0.0355369999999999,0.071573,0.1082843333333333,0.1099366666666666,0.0339549425022831,0.0355943680142428,0.0234305,0.0042088,0.0093691999999999,0.0098470999999999,0,0,0,13386.3391642725,13194.710619446669,12394.070823849168,6939.44781784,6717.3932542,6542.61351155,10498.32284263,9931.35296925,9552.65587401,2.535992,3.321058,3.117017,0.0493333333333333,0.693358333333333,0.376258333333334,257.8824050698545,259.06372621080664,244.53347617709517,0.90604,0.878344,0.852569,146.24216731964805,143.43908739232012,140.47286524699993,-132.220980923802,-115.9823135000247,-82.3250161754417,21818.118066179795,21842.23668701559,21477.47740245256,2.161283333333333,2.4866586666666666,2.627699666666667,2.7407586666666663,0.014523133576222943,0.033056656836513515,0.05708888558643348,-0.004559963520291835,-0.0011042193700854651,0.01624198904552765,0.03700264356901295,0.025426798002824543,382.06958882933156,492.64076188200147,4527.1160247238895,4645.165157033634,4140.258081546604,2820.5035873100005,2784.0525253607148,2809.9860736884616,3846.3315624626657,3513.601809731428,3376.05123099077,-1.7362702222222226,-1.0191473809523819,-1.3172797948717947,-2.591858888888889,-2.0869648809523813,-2.588992948717948,76.98276101871517,83.74723088535782,74.54136399408071,0.2310114666666666,0.2178380000000001,0.20683707692307696,18.19118125677224,16.487251424404633,14.561108454398621,-215.84204214376922,-213.8607586285628,-194.06526601967056,914.6485276492531,1005.8219448054078,690.375172568718,0.8555886666666661,1.0678174999999996,1.271713153846153,-0.04973998837081762,-0.04826657961280255,-0.007940274768904937,-0.07608783875873724,-0.012438703824420153,-0.02818788044480311,-0.0020610149488379213,-67.01897181126242,0.04038966666666663,0.037765666666666656,-0.0781546666666666,0.0026240000000000013,0.01806833333333333,-0.031594666666666604,-0.049662999999999895,0.001946000000000031,-0.005340303321935136,0.0210027,0.07198433333333332,0.019697333333333317,-0.09168166666666655,0.052286999999999986,0.0019699999999998954,0.09680799999999988,0.09483766666666664,0.012402777777777776,-0.004365128092504562,-0.004479699999999967
2014,France,FRA,132,66009.58596604168,21940.470687708923,103.30757411427396,101.45947267834896,14101.53400105,0.2177102803738317,148.2542546748897,-134.81066505003798,3308.5159166000003,2808.0207256,5475.866720085,11201.94167825,0.0572916666666667,1.666442,247.823736705452,10.3594,179.02893704326186,0.948887,2803.2322395,3273.23198957,5.402825137962275,14218.93718491,7473.928141009999,7729.797288000001,6489.139896909999,15116.0830078125,5.27177619934082,110.68717193603516,75.76092529296875,0.0,0.0,1.0,1.0,PEG,DEU,0.0075,0.0270840004086494,0.0101937931030988,0.3238297402858734,0.0005729166441597,,,-0.0175602901726961,0.0277540832757949,0.0282501634210348,-0.0054004350677132,0.0326608195900917,,,,0.016666667535901,0.0324844382703304,0.0433170869946479,0.0135136675089597,0.1622013300657272,0.332469,0.120519,0.547013,10.0,0.21195,0.015656,0.0004419999999999,-0.015214,0.126849,0.0207342569435226,0.152253,0.0672641288726763,-0.0068532,0.0368287,0.332027,0.243079,0.104863,0.14605,0.56311,0.610872,0.227164,0.097029,-0.041187,0.016416,0.088948,-0.019121,0.130135,-0.0355369999999999,0.1339243333333333,0.1082843333333333,0.0106496760670618,0.0339549425022831,-0.0047262,0.0234305,0.0462976,0.0093691999999999,0,0,0,13603.759938338331,13386.3391642725,13194.710619446669,7196.24842377,6939.44781784,6717.3932542,10792.84097606,10498.32284263,9931.35296925,2.20435,2.535992,3.321058,0.0430666666666666,0.0493333333333333,0.693358333333333,252.4445914624722,257.8824050698545,259.06372621080664,0.934132,0.90604,0.878344,147.50528358319613,146.24216731964805,143.43908739232012,-70.828032188523,-132.220980923802,-115.9823135000247,21841.280960321223,21818.118066179795,21842.23668701559,1.6091503333333332,2.161283333333333,2.4866586666666666,2.627699666666667,0.016241989045527615,0.03700591353534126,0.028053827058362766,-0.021086407992469674,0.001061635750213128,0.045221118967115004,0.03178791216849534,0.028427895214312406,329.01004704558346,382.06958882933156,4461.592047244478,4527.1160247238895,4645.165157033634,2901.022719033125,2820.5035873100005,2784.0525253607148,3900.453973238751,3846.3315624626657,3513.601809731428,-1.959395333333334,-1.7362702222222226,-1.0191473809523819,-2.4361343749999995,-2.591858888888889,-2.0869648809523813,66.73352484766318,76.98276101871517,83.74723088535782,0.24466524999999995,0.2310114666666666,0.2178380000000001,18.317348691772054,18.19118125677224,16.487251424404633,-140.95896577450463,-215.84204214376922,-213.8607586285628,880.6458888126035,914.6485276492531,1005.8219448054078,0.4767390416666659,0.8555886666666661,1.0678174999999996,-0.04470513367679178,-0.04109955093978798,-0.03644598164571532,-0.08754176064699927,-0.009443601782493549,-0.031389191813549065,0.001087297616138367,-172.43483933998914,0.10124000000000002,-0.029061333333333342,-0.07217933333333326,0.13030133333333335,-0.06682699999999997,0.060850333333333395,0.1276773333333333,0.025063444444444485,-0.024071196981865463,-0.0122297666666667,0.04038966666666663,0.037765666666666656,-0.0781546666666666,0.0026240000000000013,0.01806833333333333,-0.031594666666666604,-0.049662999999999895,0.001946000000000031,-0.005340303321935136,0.0210027
2015,France,FRA,132,66291.03497223786,22075.0075993006,104.08653823276164,102.5946328141708,14420.76859424,0.215659465864552,148.30987134011397,-53.06842842680319,3332.1303686,2925.1090501,6135.139036089166,11717.89121617,-0.199075,0.8418583,243.20288194843175,10.0568,181.28977948021492,0.955797,2832.35017073,3329.27039608,6.025140075319188,14620.96011107,7776.868762319999,7987.588389,6633.37172207,15612.169921875,5.764798641204834,108.04460144042967,74.33617401123047,0.0,0.0,1.0,1.0,PEG,DEU,-0.20416667,0.1194460019469261,0.0106312483549118,0.0001431030395906,-0.0019907499663531,,,-0.0176358427852392,0.028267091140151,0.0287745539098978,0.0852635875344276,0.031496874988079,,,,0.0084440829232335,0.0341824106872081,0.0264467578381299,0.0332700088620185,-0.0009238234488293,0.170528,0.053839,0.775633,10.0,0.116688,-0.06668,-0.161941,-0.095262,0.1238106666666666,0.0207898663856541,0.1787143333333333,0.0711493971185515,-0.0260977,0.0043762999999999,0.332469,0.332027,0.120519,0.104863,0.547013,0.56311,0.21195,0.227164,0.015656,-0.041187,0.0004419999999999,0.088948,-0.015214,0.130135,0.126849,0.1339243333333333,0.0207342569435226,0.0106496760670618,-0.0068532,-0.0047262,0.0368287,0.0462976,0,0,0,14218.93718491,13603.759938338331,13386.3391642725,7473.928141009999,7196.24842377,6939.44781784,11201.94167825,10792.84097606,10498.32284263,1.666442,2.20435,2.535992,0.0572916666666667,0.0430666666666666,0.0493333333333333,247.823736705452,252.4445914624722,257.8824050698545,0.948887,0.934132,0.90604,148.2542546748897,147.50528358319613,146.24216731964805,-134.81066505003798,-70.828032188523,-132.220980923802,21940.470687708923,21841.280960321223,21818.118066179795,1.0409332999999998,1.6091503333333332,2.161283333333333,2.4866586666666666,0.04522111896711491,0.038586733098706354,0.03790482071378982,-0.01830443159922926,0.004541387822806592,0.02827376764746181,0.025328747196288564,0.01724872334500922,431.90400869641576,329.01004704558346,4814.322702801766,4461.592047244478,4527.1160247238895,3008.0540410358817,2901.022719033125,2820.5035873100005,4080.1162064147056,3900.453973238751,3846.3315624626657,-2.3820447843137256,-1.959395333333334,-1.7362702222222226,-2.2786073529411763,-2.4361343749999995,-2.591858888888889,58.18716862901573,66.73352484766318,76.98276101871517,0.24502817647058828,0.24466524999999995,0.2310114666666666,17.988828683949606,18.317348691772054,18.19118125677224,-196.64989476693114,-140.95896577450463,-215.84204214376922,928.0329168583849,880.6458888126035,914.6485276492531,-0.10343743137254946,0.4767390416666659,0.8555886666666661,-0.012931932900405,-0.03695000944268614,-0.024317114137431053,-0.07928842421332138,-0.005373624598494238,-0.0357557439981859,-0.01016436076090738,-213.17760688516654,0.053367,-0.006330000000000016,-0.04703633333333335,0.059697,0.022731333333333367,-0.04787300000000007,-0.07060433333333335,0.009467222222222252,-0.005998738584339969,-0.014490900000000001,0.10124000000000002,-0.029061333333333342,-0.07217933333333326,0.13030133333333335,-0.06682699999999997,0.060850333333333395,0.1276773333333333,0.025063444444444485,-0.024071196981865463,-0.0122297666666667
2016,France,FRA,132,66464.23436066628,22243.41154401061,104.94947457600556,104.14552373120291,14654.92556453,0.2195701915743191,148.5817750367696,-71.2229382436158,3316.1250178,2898.4771959,6719.916502126667,12336.08477168,-0.55626666667,0.4678833,245.3917078859677,9.41,183.846095946334,0.979568,2887.0045079700003,3425.78790906,6.222910539796983,15238.136933230002,8159.9082929,8252.595017,6985.2352,15843.43359375,6.286256790161133,107.69346618652344,73.59101104736328,0.0,0.0,1.0,1.0,PEG,DEU,-0.21250001,0.0894000008702278,0.0381166785955429,0.0352768450975418,-0.003194,,,0.0092500448226928,0.02886663377285,0.0286020636558532,0.0533999986946582,0.0341750532388687,,,,0.004679,0.0359999984502792,0.0436022989451885,0.0533044971525669,0.0160414222627878,0.299167,0.099238,0.601595,25.0,0.19993,0.045399,0.128639,0.083242,0.0930736666666666,0.0348682790704295,0.1852673333333333,0.0598766245652954,-0.0083554999999999,-0.0176963999999999,0.170528,0.332469,0.053839,0.120519,0.775633,0.547013,0.116688,0.21195,-0.06668,0.015656,-0.161941,0.0004419999999999,-0.095262,-0.015214,0.1238106666666666,0.126849,0.0207898663856541,0.0207342569435226,-0.0260977,-0.0068532,0.0043762999999999,0.0368287,0,0,0,14620.96011107,14218.93718491,13603.759938338331,7776.868762319999,7473.928141009999,7196.24842377,11717.89121617,11201.94167825,10792.84097606,0.8418583,1.666442,2.20435,-0.199075,0.0572916666666667,0.0430666666666666,243.20288194843175,247.823736705452,252.4445914624722,0.955797,0.948887,0.934132,148.30987134011397,148.2542546748897,147.50528358319613,-53.06842842680319,-134.81066505003798,-70.828032188523,22075.0075993006,21940.470687708923,21841.280960321223,1.02414996667,1.0409332999999998,1.6091503333333332,2.161283333333333,0.028273767647461787,0.04053298554581257,0.04605893806087044,-0.018645731108930527,0.0061319063527221504,0.042211784826135856,0.029912291886701487,0.014558882649949102,530.5153910835014,431.90400869641576,4948.883256583889,4814.322702801766,4461.592047244478,3143.8805489549995,3008.0540410358817,2901.022719033125,4369.392621756111,4080.1162064147056,3900.453973238751,-3.0742926629629634,-2.3820447843137256,-1.959395333333334,-2.4083847222222223,-2.2786073529411763,-2.4361343749999995,50.33369339260571,58.18716862901573,66.73352484766318,0.23832550000000008,0.24502817647058828,0.24466524999999995,17.045065977843365,17.988828683949606,18.317348691772054,-103.98266398997794,-196.64989476693114,-140.95896577450463,1011.012444180149,928.0329168583849,880.6458888126035,-0.6659079407407411,-0.10343743137254946,0.4767390416666659,-0.029118582284740176,-0.03283022702836309,-0.01473257831167802,-0.07496569876929787,-0.0034670105039613713,-0.028937465307886354,-0.012218928908410786,-96.07180477532313,-0.13199699999999998,-0.06997166666666668,0.20196800000000004,-0.062026333333333336,-0.06364166666666667,-0.18536399999999997,-0.12172333333333335,0.0007914444444443863,-0.0009897587853017337,-0.030048066666666668,0.053367,-0.006330000000000016,-0.04703633333333335,0.059697,0.022731333333333367,-0.04787300000000007,-0.07060433333333335,0.009467222222222252,-0.005998738584339969,-0.014490900000000001
2017,France,FRA,132,66639.49564657599,22726.543640919503,107.04321509608673,105.37922772567464,15068.91970594,0.2247981864,150.11555907107788,-115.57861414455982,3554.1718131,3051.51852357,7572.868321843332,13431.4411277,-0.6357326768545074,0.8098583,252.93099722636904,9.02,187.910079961066,0.981321,3038.89791089,3527.90729482,5.469498874343369,15974.520821,8615.581942089999,8711.764916999999,7262.7559040000015,16256.4306640625,6.5710425109411466,107.5375786138768,72.65398338709419,0.0,0.0,1.0,1.0,PEG,DEU,-0.035,0.1851000040769577,0.0588767454028129,0.0358444042503833,-0.003534,,,0.0302205085754394,0.0286562368273735,0.0278156343847513,0.1532000005245208,0.0276621580123901,,,,0.008099,0.0318999998271465,0.0778218433260917,0.0989512577652931,0.0161552019417285,0.267427,0.090719,0.641854,29.0,0.176708,-0.008519,-0.0317399999999999,-0.0232219999999999,0.0911986666666666,0.0340591949454674,0.1761893333333333,0.0518789610664414,-0.0044001,-0.0022483999999999,0.299167,0.170528,0.099238,0.053839,0.601595,0.775633,0.19993,0.116688,0.045399,-0.06668,0.128639,-0.161941,0.083242,-0.095262,0.0930736666666666,0.1238106666666666,0.0348682790704295,0.0207898663856541,-0.0083554999999999,-0.0260977,-0.0176963999999999,0.0043762999999999,0,0,0,15238.136933230002,14620.96011107,14218.93718491,8159.9082929,7776.868762319999,7473.928141009999,12336.08477168,11717.89121617,11201.94167825,0.4678833,0.8418583,1.666442,-0.55626666667,-0.199075,0.0572916666666667,245.3917078859677,243.20288194843175,247.823736705452,0.979568,0.955797,0.948887,148.5817750367696,148.30987134011397,148.2542546748897,-71.2229382436158,-53.06842842680319,-134.81066505003798,22243.41154401061,22075.0075993006,21940.470687708923,1.4455909768545074,1.02414996667,1.0409332999999998,1.6091503333333332,0.042211784826135794,0.049253696093713134,0.052756382876889156,0.009000000000000216,0.0076287151409790135,0.04832506040578721,0.03856889048023756,0.009041912883868568,588.3927730429994,530.5153910835014,5305.592538923685,4948.883256583889,4814.322702801766,3361.4526822215785,3143.8805489549995,3008.0540410358817,4757.618144542105,4369.392621756111,4080.1162064147056,-3.2864627859649125,-3.0742926629629634,-2.3820447843137256,-2.6388192982489476,-2.4083847222222223,-2.2786073529411763,49.87337757263609,50.33369339260571,58.18716862901573,0.2495530526315789,0.23832550000000008,0.24502817647058828,16.419860938823064,17.045065977843365,17.988828683949606,-116.66440201784434,-103.98266398997794,-196.64989476693114,1126.2052076175205,1011.012444180149,928.0329168583849,-0.6476434877159654,-0.6659079407407411,-0.10343743137254946,-0.013562866090247275,-0.0222856149788868,-0.007216656922788306,-0.04315520661762836,-0.0017775900210399874,-0.018578662872709907,-0.017017138150467157,8.544065410220242,0.020825666666666687,0.006164333333333327,-0.026990333333333227,0.014662666666666657,0.07613600000000001,0.1528226666666667,0.07668900000000001,-0.03512100000000003,0.017477012605016665,0.004203533333333436,-0.13199699999999998,-0.06997166666666668,0.20196800000000004,-0.062026333333333336,-0.06364166666666667,-0.18536399999999997,-0.12172333333333335,0.0007914444444443863,-0.0009897587853017337,-0.030048066666666668
2018,France,FRA,132,66850.84013840828,23071.73251827475,108.74079069397978,106.12257619003104,15502.27113842,0.2289263430127118,152.89392048052804,-128.82387316027018,3709.27284575,3170.0630726100003,8194.862054906667,14181.18685956,-0.6143559839129322,0.7841083,260.65454535037696,8.6,191.0832989812264,0.977815,3059.32441187,3508.95013752,5.728882096069867,16943.15284419,9100.92452639,9173.78167038,7769.371173810001,16699.478515625,6.451787214614173,109.69896025774342,72.6857404220272,0.0,0.0,1.0,1.0,PEG,DEU,-0.00666667,-0.0745000019669532,0.0587607473134994,0.0095967259258031,-0.003629,,,0.0310170650482177,0.0277436822652816,0.0269090421497821,-0.1002999991178512,0.028676226735115,,,,0.007841,0.0257999990135431,0.0154558597132563,0.019878264516592,0.0029838629998266,0.307829,0.049074,0.643097,24.0,0.258755,-0.0416449999999999,0.0404019999999999,0.082047,0.0812653333333333,0.0241308135033478,0.164442,0.042955194191157,-0.0022813999999999,0.0402979,0.267427,0.299167,0.090719,0.099238,0.641854,0.601595,0.176708,0.19993,-0.008519,0.045399,-0.0317399999999999,0.128639,-0.0232219999999999,0.083242,0.0911986666666666,0.0930736666666666,0.0340591949454674,0.0348682790704295,-0.0044001,-0.0083554999999999,-0.0022483999999999,-0.0176963999999999,0,0,0,15974.520821,15238.136933230002,14620.96011107,8615.581942089999,8159.9082929,7776.868762319999,13431.4411277,12336.08477168,11717.89121617,0.8098583,0.4678833,0.8418583,-0.6357326768545074,-0.55626666667,-0.199075,252.93099722636904,245.3917078859677,243.20288194843175,0.981321,0.979568,0.955797,150.11555907107788,148.5817750367696,148.30987134011397,-115.57861414455982,-71.2229382436158,-53.06842842680319,22726.543640919503,22243.41154401061,22075.0075993006,1.3984642839129322,1.4455909768545074,1.02414996667,1.0409332999999998,0.048325060405787296,0.055842986567200076,0.08879286874994682,0.030723488602576676,0.02172023369495148,0.06063606126555254,0.03960353762646163,0.010276954821880452,770.2962087129993,588.3927730429994,5776.6967997475,5305.592538923685,4948.883256583889,3649.053697300499,3361.4526822215785,3143.8805489549995,5615.093593334999,4757.618144542105,4369.392621756111,-2.7801646466666665,-3.2864627859649125,-3.0742926629629634,-2.586344343521007,-2.6388192982489476,-2.4083847222222223,54.91899803440563,49.87337757263609,50.33369339260571,0.23882839999999994,0.2495530526315789,0.23832550000000008,17.132651926190164,16.419860938823064,17.045065977843365,-155.18685781789614,-116.66440201784434,-103.98266398997794,1553.027044145536,1126.2052076175205,1011.012444180149,-0.19382030314565935,-0.6476434877159654,-0.6659079407407411,-0.006735755453214337,-0.014523397401247917,0.029199652998837172,-0.0191603913509662,0.0124074859024609,-0.016511867789113066,-0.01483669964854043,65.91885528676403,3.900000000001125e-05,-0.00047966666666669766,0.0004403333333333759,0.000518666666666695,-0.0066440000000000015,-0.020786666666666537,-0.014143999999999888,-0.023379111111111142,0.008595060812265336,0.00936869999999997,0.020825666666666687,0.006164333333333327,-0.026990333333333227,0.014662666666666657,0.07613600000000001,0.1528226666666667,0.07668900000000001,-0.03512100000000003,0.017477012605016665,0.004203533333333436
2019,France,FRA,132,66999.29675706122,23443.58862098411,110.50278126673248,107.76345430004658,15989.83741695,0.2347738689344385,154.58837488104194,-46.5304268833245,3792.6121826,3275.68526875,9034.348717305833,15241.38392038,-0.5659576740607989,0.1302,269.2295082282125,8.41,193.86398687358405,0.974591,3005.30635292,3583.38157831,5.839033291792769,17876.65837003,9679.07846662,9728.71473281,8147.94363722,17588.75390625,6.576556581759528,108.35789356151224,72.43736505115807,0.0,0.0,1.0,1.0,PEG,DEU,-0.03083333,0.2836999893188476,0.0594377629458904,0.0774455741047859,-0.003917,,,0.0324159860610961,0.0270217768847942,0.0261733420193195,0.2430000007152557,0.032743364572525,,,,0.001302,0.0407000035047531,0.1093755662441253,0.1335979551076889,0.0367642864584922,0.268319,0.066253,0.665428,23.0,0.202066,0.017179,-0.03951,-0.056689,0.079677,0.0268430819206741,0.2117976666666666,0.0422913547469615,-0.01406,0.0088455,0.307829,0.267427,0.049074,0.090719,0.643097,0.641854,0.258755,0.176708,-0.0416449999999999,-0.008519,0.0404019999999999,-0.0317399999999999,0.082047,-0.0232219999999999,0.0812653333333333,0.0911986666666666,0.0241308135033478,0.0340591949454674,-0.0022813999999999,-0.0044001,0.0402979,-0.0022483999999999,0,0,0,16943.15284419,15974.520821,15238.136933230002,9100.92452639,8615.581942089999,8159.9082929,14181.18685956,13431.4411277,12336.08477168,0.7841083,0.8098583,0.4678833,-0.6143559839129322,-0.6357326768545074,-0.55626666667,260.65454535037696,252.93099722636904,245.3917078859677,0.977815,0.981321,0.979568,152.89392048052804,150.11555907107788,148.5817750367696,-128.82387316027018,-115.57861414455982,-71.2229382436158,23071.73251827475,22726.543640919503,22243.41154401061,0.6961576740607989,1.3984642839129322,1.4455909768545074,1.02414996667,0.06063606126555255,0.05633311685295913,0.055820200135768105,0.030536186583313363,0.015188797857221504,0.055096329143965006,0.05039096883249187,0.009384267355508145,888.4196333590016,770.2962087129993,6470.248022949525,5776.6967997475,5305.592538923685,3960.6318198242852,3649.053697300499,3361.4526822215785,6097.453915988572,5615.093593334999,4757.618144542105,-2.673525853968254,-2.7801646466666665,-3.2864627859649125,-2.441808396126051,-2.586344343521007,-2.6388192982489476,60.027355775822826,54.91899803440563,49.87337757263609,0.223949619047619,0.23882839999999994,0.2495530526315789,19.095172767726496,17.132651926190164,16.419860938823064,-161.04226646132574,-155.18685781789614,-116.66440201784434,1824.2622527319509,1553.027044145536,1126.2052076175205,-0.23171745784220343,-0.19382030314565935,-0.6476434877159654,0.005912033179211636,-0.013307097245426468,-0.005232998265283409,-0.0183896738026812,0.005255675769607879,-0.004855390909971613,-0.014948508186042188,244.16013232972148,0.06212166666666666,-0.03219133333333334,-0.02993033333333328,0.09431300000000001,-0.03171166666666656,0.06208266666666653,0.09379433333333331,-0.021428999999999962,-0.0057749666305025316,0.010669700000000067,3.900000000001125e-05,-0.00047966666666669766,0.0004403333333333759,0.000518666666666695,-0.0066440000000000015,-0.020786666666666537,-0.014143999999999888,-0.023379111111111142,0.008595060812265336,0.00936869999999997
2020,France,FRA,132,67139.50578578899,21525.949965130512,101.60696468666244,99.9351401035076,15105.771370199998,0.2296474818269456,155.3249867137966,-286.858598320098,3281.30026067,2742.25447678,10603.154610585,17671.284792899998,-0.5716440491593455,-0.1452667,284.2508970993145,8.01,188.71257917451075,1.150422,2821.25137829,3846.66959897,5.345587156710943,19296.51009438,10169.216096589998,10181.53496905,9114.97512533,18824.3046875,6.175110602374172,103.4338454545954,72.33210232785409,0.0,0.0,1.0,1.0,PEG,DEU,-0.06833334,-0.0083999997004866,0.0820687413215637,0.0393002554774284,-0.004963,,,0.0557940006256103,0.0262747388333082,0.0248862355947494,-0.0266999993473291,0.0188020132482051,,,,-0.001453,0.018300000578165,0.0431215763092041,0.0527272373437881,0.017168628051877,0.28888,0.052807,0.658313,18.0,0.236073,-0.013446,0.020561,0.034007,0.068682,0.020928486256775,0.2125096666666666,0.0420086917474627,-0.0096557,0.0121405999999999,0.268319,0.307829,0.066253,0.049074,0.665428,0.643097,0.202066,0.258755,0.017179,-0.0416449999999999,-0.03951,0.0404019999999999,-0.056689,0.082047,0.079677,0.0812653333333333,0.0268430819206741,0.0241308135033478,-0.01406,-0.0022813999999999,0.0088455,0.0402979,0,0,0,17876.65837003,16943.15284419,15974.520821,9679.07846662,9100.92452639,8615.581942089999,15241.38392038,14181.18685956,13431.4411277,0.1302,0.7841083,0.8098583,-0.5659576740607989,-0.6143559839129322,-0.6357326768545074,269.2295082282125,260.65454535037696,252.93099722636904,0.974591,0.977815,0.981321,154.58837488104194,152.89392048052804,150.11555907107788,-46.5304268833245,-128.82387316027018,-115.57861414455982,23443.58862098411,23071.73251827475,22726.543640919503,0.42637734915934555,0.6961576740607989,1.3984642839129322,1.4455909768545074,0.05509632914396499,0.06352694592219993,0.07476081313358378,0.032897806812879196,0.016117389641840518,0.0794248955794985,0.05468581693843492,0.006165758326876779,1089.9473345980002,888.4196333590016,7109.651365928181,6470.248022949525,5776.6967997475,4358.7570409713635,3960.6318198242852,3649.053697300499,6880.493980627272,6097.453915988572,5615.093593334999,-3.2059102515151516,-2.673525853968254,-2.7801646466666665,-2.282418795540915,-2.441808396126051,-2.586344343521007,65.87380248203004,60.027355775822826,54.91899803440563,0.21054609090909093,0.223949619047619,0.23882839999999994,19.921664769707377,19.095172767726496,17.132651926190164,-71.42871716341071,-161.04226646132574,-155.18685781789614,2113.1973439534922,1824.2622527319509,1553.027044145536,-0.9234914559742364,-0.23171745784220343,-0.19382030314565935,9.077566813781024e-05,-0.00547959687878441,0.013956805126117196,-0.015152354820606742,0.00593399727948366,-0.0003177732585299825,-0.017419591805371445,349.4330236952122,-0.02315533333333336,-0.013424000000000005,0.0365793333333333,-0.009731666666666666,0.0187673333333333,-0.085277,-0.10404466666666669,-0.0088355555555555,-0.004176347252407463,-0.009047666666666733,0.06212166666666666,-0.03219133333333334,-0.02993033333333328,0.09431300000000001,-0.03171166666666656,0.06208266666666653,0.09379433333333331,-0.021428999999999962,-0.0057749666305025316,0.010669700000000067
2003,UK,GBR,112,60094.65,22762.765048987072,95.11927806638836,94.19,1259.97,0.1819256210495369,135.20261399802453,-19.196,233.501,186.66,39.84424,1006.433,3.56,4.884833333333334,199.78014074511,4.807,171.68191680030185,0.35398,410.383,448.796,0.5603182607721185,1193.615,621.63825,916.161,277.406,933.2860107421876,5.228961313651896,117.46700286865234,77.05176285892618,0.0,0.0,0.0,0.0,FLOAT,DEU,0.0,0.2017573118209839,0.22209432721138,0.0211136657744646,0.0355999991297721,,,0.1895773559808731,0.0325169637799263,0.0273348875343799,0.1656230092048645,0.0309999994933605,,,,0.0488483346998691,0.0361343137919902,0.1960850656032562,0.2150673568248748,0.0283568315207958,0.32025,0.170012,0.509737,6.0,0.150237,-0.060679,0.0252199999999999,0.085898,0.2292816666666667,0.0268397654485529,0.0330349999999999,0.0457125469428251,-0.0119956999999999,0.0371906,0.29503,0.235966,0.230691,0.255389,0.474279,0.508645,0.064339,-0.019423,-0.0246979999999999,0.0536239999999999,0.059064,-0.019988,0.0837619999999999,-0.073612,0.253258,0.281302,0.0504612586743533,0.0713093382874922,-0.0162163,-0.0353251,0.0369611,0.0689792,0,0,0,1090.4,979.148,891.539,546.14125,483.93465625,442.593125,944.9553,884.8511,831.569,5.04675,5.054333333333333,4.912916666666667,3.86,4.76,5.8,167.9424856634055,142.23101020665365,129.07960898949307,0.34215,0.33999,0.36734,133.38643409789282,131.72809207638275,130.12300915002194,-22.221,-22.173,-24.482,22008.006231145475,21567.35402910252,21045.72001977542,1.3248333333333338,1.1867500000000004,0.29433333333333334,-0.887083333333333,0.11362122988557405,0.1285433744961307,0.06792577869881158,0.18077264177055713,0.02043144474043261,0.09465792369772563,0.10668045764065896,0.007782234604355839,101.74799999999993,94.52279999999998,266.6694,194.27175,142.21699999999987,130.03563125,84.786296875,57.92635416666673,163.24059999999997,128.92049999999995,100.85119999999995,-0.44760000000000044,-0.5500208333333338,-0.921916666666668,-1.9199999999999995,-1.2750000000000004,-0.31333333333333346,49.933224715393976,30.277186573302657,22.834380474856104,-0.04657,-0.06091249999999998,-0.04475000000000001,4.627185991000829,3.7110549618634536,2.807962714003523,-6.8902,-8.552749999999998,-14.482333333333331,1663.6635378237443,1528.7641697259896,1342.8402138651836,1.4724,0.7249791666666661,-0.6085833333333337,0.02588047286217615,0.052697370848557995,-0.00023872739694301426,0.08548392310416876,-0.010216880999326435,0.022481583124719304,-0.008773736766167325,23.041249999999962,0.05798400000000001,-0.02256700000000003,-0.03541700000000003,0.080551,0.00334600000000013,0.02575233333333337,0.022406333333333243,-0.011290444444444436,-0.04966868255754655,-0.003837,0.03223166666666666,-0.02591300000000002,-0.006318666666666695,0.05814466666666669,0.03778333333333324,-0.0354303333333333,-0.07321366666666666,0.02513033333333331,-0.043230904416611496,-0.0458916
2004,UK,GBR,112,60270.71,23306.55958095741,97.94023665880268,97.2,1322.795,0.1810602602009231,137.0190922684372,-22.12753641,249.298,188.557,42.182970000000005,1079.428,4.44,4.773583333333333,230.01815994048263,4.5942,179.5302329968871,0.38391,447.869,483.501,0.5177591384487936,1308.052,696.2056875,1015.494,292.565,976.1290283203124,4.913370616521505,115.96451568603516,77.67348104899223,0.0,0.0,0.0,0.0,FLOAT,DEU,0.0,0.1259501129388809,0.1793002486228943,0.0663805454969406,0.0443999990820884,,,0.1513564884662628,0.0279437527060508,0.024270286783576,0.0920951664447784,0.0309999994933605,,,,0.0477358326315879,0.0338549502193927,0.150250032544136,0.1613017469644546,0.0553902722895145,0.141595,0.141546,0.716859,10.0,4.9e-05,-0.0284659999999999,-0.1786549999999999,-0.150188,0.2186973333333333,0.0439339738964429,0.0650509999999999,0.0848322409700462,-0.0402207999999999,0.0144314,0.32025,0.29503,0.170012,0.230691,0.509737,0.474279,0.150237,0.064339,-0.060679,-0.0246979999999999,0.0252199999999999,0.059064,0.085898,0.0837619999999999,0.2292816666666667,0.253258,0.0268397654485529,0.0504612586743533,-0.0119956999999999,-0.0162163,0.0371906,0.0369611,0,0,1,1193.615,1090.4,979.148,621.63825,546.14125,483.93465625,1006.433,944.9553,884.8511,4.884833333333334,5.04675,5.054333333333333,3.56,3.86,4.76,199.78014074511,167.9424856634055,142.23101020665365,0.35398,0.34215,0.33999,135.20261399802453,133.38643409789282,131.72809207638275,-19.196,-22.221,-22.173,22762.765048987072,22008.006231145475,21567.35402910252,0.33358333333333245,1.3248333333333338,1.1867500000000004,0.29433333333333334,0.09465792369772552,0.1382371318775133,0.06505884458238398,0.18957475207026717,0.03429473846538044,0.09587429782635093,0.10218210244924841,0.010069600925409265,108.9926999999999,101.74799999999993,325.43950000000007,266.6694,194.27175,183.86002604166669,130.03563125,84.786296875,197.51153333333332,163.24059999999997,128.92049999999995,-0.5349166666666667,-0.44760000000000044,-0.5500208333333338,-1.9,-1.9199999999999995,-1.2750000000000004,73.44867567786615,49.933224715393976,30.277186573302657,-0.026978333333333326,-0.04657,-0.06091249999999998,5.67216822596572,4.627185991000829,3.7110549618634536,-2.7168333333333337,-6.8902,-8.552749999999998,2141.1450993613835,1663.6635378237443,1528.7641697259896,1.3650833333333332,1.4724,0.7249791666666661,0.0017410721018924075,0.051851654060228985,-0.0030579160339820055,0.07718924878304505,0.0056897889254866815,0.012362832152128925,-0.004292936253572067,22.586033333333262,0.05793333333333328,-0.05926966666666669,0.001334999999999864,0.11720200000000003,-0.03670266666666666,-5.0666666666764754e-05,0.03665100000000004,-0.03739211111111104,-0.04644015193990436,0.001662600000000099,0.05798400000000001,-0.02256700000000003,-0.03541700000000003,0.080551,0.00334600000000013,0.02575233333333337,0.022406333333333243,-0.011290444444444436,-0.04966868255754655,-0.003837
2005,UK,GBR,112,60441.46,23810.43167439161,100.0,98.34,1399.656,0.1800310554324393,139.83749794227387,-16.151274519999998,268.946,209.716,43.64542,1185.56,4.55,4.43875,243.21776716124936,4.7503,187.37854919347237,0.39592,482.283,520.173,0.5807538184563563,1425.522,762.979625,1062.387,363.017,1167.20703125,3.87898110082054,110.88849639892578,78.71475570701577,0.0,0.0,0.0,0.0,FLOAT,DEU,0.0,0.2164361029863357,0.0824828073382377,0.085014171898365,0.045499999076128,,,0.0573868118226528,0.02509599737823,0.0237339790910482,0.1810059249401092,0.0299999993294477,,,,0.0443875007331371,0.0354301780462265,0.1237135156989097,0.1301815211772918,0.0652570873498916,0.144967,0.204399,0.650634,8.0,-0.059432,0.0628529999999999,0.003372,-0.059481,0.1807496666666667,0.0455321959753023,0.0715416666666666,0.0753526219937523,-0.0107342,-0.0521501,0.141595,0.32025,0.141546,0.170012,0.716859,0.509737,4.9e-05,0.150237,-0.0284659999999999,-0.060679,-0.1786549999999999,0.0252199999999999,-0.150188,0.085898,0.2186973333333333,0.2292816666666667,0.0439339738964429,0.0268397654485529,-0.0402207999999999,-0.0119956999999999,0.0144314,0.0371906,0,1,1,1308.052,1193.615,1090.4,696.2056875,621.63825,546.14125,1079.428,1006.433,944.9553,4.773583333333333,4.884833333333334,5.04675,4.44,3.56,3.86,230.01815994048263,199.78014074511,167.9424856634055,0.38391,0.35398,0.34215,137.0190922684372,135.20261399802453,133.38643409789282,-22.12753641,-19.196,-22.221,23306.55958095741,22762.765048987072,22008.006231145475,-0.11125000000000007,0.33358333333333245,1.3248333333333338,1.1867500000000004,0.09587429782635096,0.11995310375447454,0.07252842464426357,0.1513564815931924,0.023889651841507625,0.08980529826031391,0.1013844838032169,0.010614770723772643,111.98029999999993,108.9926999999999,393.3851428571427,325.43950000000007,266.6694,232.16174553571426,183.86002604166669,130.03563125,242.29060000000015,197.51153333333332,163.24059999999997,-0.5697500000000009,-0.5349166666666667,-0.44760000000000044,-0.7485714285714282,-1.9,-1.9199999999999995,93.19402691925791,73.44867567786615,49.933224715393976,0.006805714285714248,-0.026978333333333326,-0.04657,6.678336749811848,5.67216822596572,4.627185991000829,-5.260250695714287,-2.7168333333333337,-6.8902,2379.0617599943835,2141.1450993613835,1663.6635378237443,0.17882142857142722,1.3650833333333332,1.4724,0.0026672675468691065,0.024925683593818748,0.004921316700227912,0.026106103508796108,-0.005663595852633912,0.009092647075671617,-0.0028891792044942743,24.184224999999913,-0.14215366666666665,-0.07715133333333338,0.21930533333333335,-0.06500199999999999,-0.017881666666666574,-0.20008699999999985,-0.18220399999999995,-0.03591655555555556,-0.005602813573689899,-0.019041766666666595,0.05793333333333328,-0.05926966666666669,0.001334999999999864,0.11720200000000003,-0.03670266666666666,-5.0666666666764754e-05,0.03665100000000004,-0.03739211111111104,-0.04644015193990436,0.001662600000000099
2006,UK,GBR,112,60609.15,24285.282650144403,101.941718437045,100.0,1476.722,0.1816089988815513,143.0939111885426,-31.2691626,304.335,245.384,45.84563,1304.358,4.65,4.241083333333333,255.0113659435023,5.3497,196.20790491463072,0.4051599999999999,509.973,549.137,0.5094243504839531,1592.527,846.6403125,1164.318,428.067,1265.8929443359375,3.952366884610196,106.06417083740234,78.4266111710748,0.0,0.0,0.0,0.0,FLOAT,DEU,0.0,0.1643164753913879,0.0729144960641861,-0.0050198640674352,0.0465000011026859,,,0.048487365245819,0.0244271345436573,0.0232974998652935,0.1315028965473175,0.0289999991655349,,,,0.0424108318984508,0.0328135825693607,0.097693808376789,0.1064334362745285,0.0207400694489479,0.160889,0.168004,0.671108,14.0,-0.007115,-0.036395,0.0159219999999999,0.052317,0.1719856666666667,0.0314729474681564,0.0302846666666666,0.1080551666711653,0.0056828999999999,-0.0531537,0.144967,0.141595,0.204399,0.141546,0.650634,0.716859,-0.059432,4.9e-05,0.0628529999999999,-0.0284659999999999,0.003372,-0.1786549999999999,-0.059481,-0.150188,0.1807496666666667,0.2186973333333333,0.0455321959753023,0.0439339738964429,-0.0107342,-0.0402207999999999,-0.0521501,0.0144314,1,1,1,1425.522,1308.052,1193.615,762.979625,696.2056875,621.63825,1185.56,1079.428,1006.433,4.43875,4.773583333333333,4.884833333333334,4.55,4.44,3.56,243.21776716124936,230.01815994048263,199.78014074511,0.39592,0.38391,0.35398,139.83749794227387,137.0190922684372,135.20261399802453,-16.151274519999998,-22.12753641,-19.196,23810.43167439161,23306.55958095741,22762.765048987072,-0.40891666666666726,-0.11125000000000007,0.33358333333333245,1.3248333333333338,0.08980529826031383,0.09591122092061351,0.09832244485042062,0.05738506570169125,0.021619325309853374,0.1171535760233795,0.09344583992813016,0.003210926537858983,131.4206000000002,111.98029999999993,461.6819999999999,393.3851428571427,325.43950000000007,269.9154648437501,232.16174553571426,183.86002604166669,318.13627499999996,242.29060000000015,197.51153333333332,-0.8333645833333341,-0.5697500000000009,-0.5349166666666667,-0.5449999999999999,-0.7485714285714282,-1.9,94.74438077511738,93.19402691925791,73.44867567786615,0.01796500000000001,0.006805714285714248,-0.026978333333333326,8.661950329922064,6.678336749811848,5.67216822596572,1.3735425312500027,-5.260250695714287,-2.7168333333333337,2585.5511334292823,2379.0617599943835,2141.1450993613835,-0.2883645833333337,0.17882142857142722,1.3650833333333332,-0.003782770240149322,-0.002677011182016395,0.030012291663495255,-0.0715947557411045,-0.007124837262483322,-0.0003614379786937155,-0.009811493522992223,22.33497999999996,-0.10732466666666662,0.0236493333333333,0.0836756666666667,-0.13097366666666665,0.10080066666666648,0.034829000000000006,-0.06597166666666665,-0.05299599999999996,0.005120529968852601,0.012076733333333266,-0.14215366666666665,-0.07715133333333338,0.21930533333333335,-0.06500199999999999,-0.017881666666666574,-0.20008699999999985,-0.18220399999999995,-0.03591655555555556,-0.005602813573689899,-0.019041766666666595
2007,UK,GBR,112,60776.24,25002.119099661428,103.53876172930924,101.73,1552.47,0.1848463159031979,146.4177561183055,-36.34984577,312.487,220.938,48.5842,1442.989,5.53,4.632083333333333,276.0476624838477,5.262,206.01830016036223,0.41547,540.524,578.777,0.4991514425476689,1763.498,925.0261875,1267.252,495.739,1312.427978515625,3.407608615287524,105.80948638916016,78.13765142215553,1.0,1.0,0.0,0.0,FLOAT,DEU,0.0,0.0508151166141033,0.1065702363848686,0.0620612576603889,0.0553000010550022,,,0.0824944823980331,0.0240757558494806,0.0222409963607788,0.0202088505029678,0.0299999993294477,,,,0.0463208332657814,0.0306062642484903,0.0844619423151016,0.0874282494187355,0.0586806312203407,0.171368,0.191647,0.636984,13.0,-0.020279,0.023643,0.0104789999999999,-0.0131639999999999,0.1713163333333333,0.0315571476266999,-0.022166,0.0324714765756039,0.0113908,-0.0008667,0.160889,0.144967,0.168004,0.204399,0.671108,0.650634,-0.007115,-0.059432,-0.036395,0.0628529999999999,0.0159219999999999,0.003372,0.052317,-0.059481,0.1719856666666667,0.1807496666666667,0.0314729474681564,0.0455321959753023,0.0056828999999999,-0.0107342,-0.0531537,-0.0521501,0,0,0,1592.527,1425.522,1308.052,846.6403125,762.979625,696.2056875,1304.358,1185.56,1079.428,4.241083333333333,4.43875,4.773583333333333,4.65,4.55,4.44,255.0113659435023,243.21776716124936,230.01815994048263,0.4051599999999999,0.39592,0.38391,143.0939111885426,139.83749794227387,137.0190922684372,-31.2691626,-16.151274519999998,-22.12753641,24285.282650144403,23810.43167439161,23306.55958095741,-0.8979166666666671,-0.40891666666666726,-0.11125000000000007,0.33358333333333245,0.11715357602337959,0.10964996280208661,0.1002041229461183,0.04848987358079805,0.019942980549298533,0.10735830538508928,0.10094439070334811,0.014361805439688992,153.33430000000004,131.4206000000002,577.389,461.6819999999999,393.3851428571427,323.58554513888896,269.9154648437501,232.16174553571426,401.58579999999995,318.13627499999996,242.29060000000015,-0.9384351851851855,-0.8333645833333341,-0.5697500000000009,-0.38444444444444414,-0.5449999999999999,-0.7485714285714282,96.01082613791286,94.74438077511738,93.19402691925791,0.02520888888888878,0.01796500000000001,0.006805714285714248,10.95592465064388,8.661950329922064,6.678336749811848,-13.896961385555556,1.3735425312500027,-5.260250695714287,2773.1186499121577,2585.5511334292823,2379.0617599943835,-0.5539907407407416,-0.2883645833333337,0.17882142857142722,0.024038353802935092,0.01139635709720875,0.028142433301256042,-0.07154060339435962,-0.007910577365227746,0.007188746793480472,0.002741027310693818,38.05278333333358,-0.04138166666666668,-0.003981666666666717,0.04536466666666672,-0.037399666666666664,-0.027630999999999996,0.0659429999999999,0.09357399999999999,-0.037590555555555544,-0.007295697638609641,0.026666466666666496,-0.10732466666666662,0.0236493333333333,0.0836756666666667,-0.13097366666666665,0.10080066666666648,0.034829000000000006,-0.06597166666666665,-0.05299599999999996,0.005120529968852601,0.012076733333333266
2008,UK,GBR,112,60943.91,24602.13363468245,102.4406934978219,101.75,1598.752,0.1794453077672715,151.69160001920542,-62.98233417,343.052,249.514,52.08833,1496.955,4.32,4.5914166666666665,266.16302144439965,5.615,213.8666163569475,0.49327,568.287,644.731,0.6859651529702291,1843.045,978.097625,1335.868,507.025,1481.89794921875,2.681673643200811,97.25270080566406,77.76792366374465,0.0,0.0,0.0,0.0,FLOAT,DEU,0.0,-0.2975106835365295,-0.0127562750130891,0.1597290635108947,0.0432000011205673,,,-0.0358089879155159,0.0230527129024267,0.0239088647067546,-0.3277614116668701,0.0450000017881393,,,,0.0459141656756401,0.0302507374435663,-0.0577688105404377,-0.0811189860105514,0.101464532315731,0.144645,0.298587,0.556768,15.0,-0.153942,0.1069399999999999,-0.0267229999999999,-0.133663,0.1880166666666667,0.018467092254422,-0.028942,0.02721309976831,0.0306206999999999,-0.0296694,0.171368,0.160889,0.191647,0.168004,0.636984,0.671108,-0.020279,-0.007115,0.023643,-0.036395,0.0104789999999999,0.0159219999999999,-0.0131639999999999,0.052317,0.1713163333333333,0.1719856666666667,0.0315571476266999,0.0314729474681564,0.0113908,0.0056828999999999,-0.0008667,-0.0531537,0,0,0,1763.498,1592.527,1425.522,925.0261875,846.6403125,762.979625,1442.989,1304.358,1185.56,4.632083333333333,4.241083333333333,4.43875,5.53,4.65,4.55,276.0476624838477,255.0113659435023,243.21776716124936,0.41547,0.4051599999999999,0.39592,146.4177561183055,143.0939111885426,139.83749794227387,-36.34984577,-31.2691626,-16.151274519999998,25002.119099661428,24285.282650144403,23810.43167439161,0.2714166666666662,-0.8979166666666671,-0.40891666666666726,-0.11125000000000007,0.10735830538508923,0.09258462400465951,0.106282937659753,0.08249160370760097,0.02951731959820373,0.045107507918920264,0.10477239322292757,0.013856308326327725,142.35399999999996,153.33430000000004,690.6211000000001,577.389,461.6819999999999,369.6128656249999,323.58554513888896,269.9154648437501,500.05822,401.58579999999995,318.13627499999996,-0.45359166666666706,-0.9384351851851855,-0.8333645833333341,0.5339999999999998,-0.38444444444444414,-0.5449999999999999,107.44604006446698,96.01082613791286,94.74438077511738,0.03299799999999997,0.02520888888888878,0.01796500000000001,13.184177115342408,10.95592465064388,8.661950329922064,-17.587948417,-13.896961385555556,1.3735425312500027,3212.6432344379646,2773.1186499121577,2585.5511334292823,-0.9875916666666673,-0.5539907407407416,-0.2883645833333337,0.011572154964318626,-0.0069352435999082,0.031094310981417836,-0.029589917334850085,0.0025427147242583145,0.010118155963874886,0.0018929017834958227,54.530371428571485,0.022217666666666636,0.020330666666666636,-0.0425496666666666,0.0018870000000000102,0.02431233333333333,0.06359933333333323,0.03928666666666677,-0.019161222222222274,-0.008755891486600637,0.026481499999999998,-0.04138166666666668,-0.003981666666666717,0.04536466666666672,-0.037399666666666664,-0.027630999999999996,0.0659429999999999,0.09357399999999999,-0.037590555555555544,-0.007295697638609641,0.026666466666666496
2009,UK,GBR,112,61067.49465695664,23489.35501271381,97.4861630607884,97.82,1557.12,0.1613072989056364,154.97620925702367,-51.59645316,309.438,225.844,55.71461,1518.131,0.53,4.544999999999999,239.8007649389642,7.5373,213.3760965946609,0.63193,519.325,666.777,0.617474529175671,1840.727,1000.943625,1347.335,493.374,1459.26904296875,4.523078394067842,95.56864166259766,75.38982684894977,0.0,0.0,0.0,0.0,FLOAT,DEU,0.0,0.2895195484161377,-0.0746546387672424,-0.0151635278016328,0.0052999998442828,,,-0.099044568836689,0.0243899282068014,0.0270711816847324,0.2495344579219818,0.0320000015199184,,,,0.045449998229742,0.039985105395317,0.034544937312603,0.0416660159826278,-0.0049317637458443,0.143049,0.301487,0.555464,17.0,-0.158439,0.0029,-0.0015959999999999,-0.004497,0.2194126666666667,0.0695785825979038,-0.0604453333333333,0.0812375697096689,0.0507389,-0.0587634999999999,0.144645,0.171368,0.298587,0.191647,0.556768,0.636984,-0.153942,-0.020279,0.1069399999999999,0.023643,-0.0267229999999999,0.0104789999999999,-0.133663,-0.0131639999999999,0.1880166666666667,0.1713163333333333,0.018467092254422,0.0315571476266999,0.0306206999999999,0.0113908,-0.0296694,-0.0008667,0,0,0,1843.045,1763.498,1592.527,978.097625,925.0261875,846.6403125,1496.955,1442.989,1304.358,4.5914166666666665,4.632083333333333,4.241083333333333,4.32,5.53,4.65,266.16302144439965,276.0476624838477,255.0113659435023,0.49327,0.41547,0.4051599999999999,151.69160001920542,146.4177561183055,143.0939111885426,-62.98233417,-36.34984577,-31.2691626,24602.13363468245,25002.119099661428,24285.282650144403,4.014999999999999,0.2714166666666662,-0.8979166666666671,-0.40891666666666726,0.04510750791892025,0.05737290275363151,0.03739876048951163,-0.03580773316646522,-0.01599806253960266,-0.0012577012498338203,0.08987312977579635,0.039076303649321215,82.41470000000012,142.35399999999996,707.3843636363638,690.6211000000001,577.389,389.0831335227273,369.6128656249999,323.58554513888896,508.5643818181817,500.05822,401.58579999999995,-0.4530227272727272,-0.45359166666666706,-0.9384351851851855,-0.7245454545454546,0.5339999999999998,-0.38444444444444414,87.79357720097644,107.44604006446698,96.01082613791286,0.10779818181818179,0.03299799999999997,0.02520888888888878,17.25945946030211,13.184177115342408,10.95592465064388,-42.621532415454546,-17.587948417,-13.896961385555556,2520.5992936009934,3212.6432344379646,2773.1186499121577,0.2715227272727267,-0.9875916666666673,-0.5539907407407416,-0.05183585799828222,-0.04145344049094539,-0.040899297286965314,-0.14493026247543125,-0.04322693888597391,-0.005905347034797989,0.02690257468610089,36.73377499999995,-0.014429666666666674,0.11057033333333327,-0.09614066666666665,-0.12499999999999999,0.0902396666666666,-0.036647333333333164,-0.12688700000000003,0.013332777777777804,-0.017720338102297537,0.028507533333333265,0.022217666666666636,0.020330666666666636,-0.0425496666666666,0.0018870000000000102,0.02431233333333333,0.06359933333333323,0.03928666666666677,-0.019161222222222274,-0.008755891486600637,0.026481499999999998
2010,UK,GBR,112,61556.92913172931,23777.155757682725,98.73109257473784,98.01846542311648,1612.195,0.160552372029749,160.08759053994729,-49.93137943,362.383,262.895,57.89951,1556.035,0.5,4.2379,253.60937467195572,7.7866,218.28129421752672,0.74273,554.36,699.95,0.638773554774832,1670.13,1014.428875,1221.319,449.167,1414.4840087890625,4.903718850903951,101.92652893066406,74.2738807213195,0.0,0.0,0.0,0.0,FLOAT,DEU,0.0,0.1415793001651764,0.0850349217653274,0.101185142993927,0.0049999998882412,,,0.057581078261137,0.0274538435041904,0.0259590912610292,0.1094065010547638,0.0289999991655349,,,,0.0423789992928504,0.0321727879345417,0.0953186228871345,0.1041370555758476,0.053092572838068,0.17936,0.260693,0.559947,18.0,-0.081333,-0.040794,0.0363109999999999,0.077106,0.263907,0.0625957921908493,-0.1108866666666666,0.0785007496545945,0.0210038,-0.0187659,0.143049,0.144645,0.301487,0.298587,0.555464,0.556768,-0.158439,-0.153942,0.0029,0.1069399999999999,-0.0015959999999999,-0.0267229999999999,-0.004497,-0.133663,0.2194126666666667,0.1880166666666667,0.0695785825979038,0.018467092254422,0.0507389,0.0306206999999999,-0.0587634999999999,-0.0296694,0,0,0,1840.727,1843.045,1763.498,1000.943625,978.097625,925.0261875,1518.131,1496.955,1442.989,4.544999999999999,4.5914166666666665,4.632083333333333,0.53,4.32,5.53,239.8007649389642,266.16302144439965,276.0476624838477,0.63193,0.49327,0.41547,154.97620925702367,151.69160001920542,146.4177561183055,-51.59645316,-62.98233417,-36.34984577,23489.35501271381,24602.13363468245,25002.119099661428,3.7379,4.014999999999999,0.2714166666666662,-0.8979166666666671,-0.001257701249833826,0.023357586621274132,0.014146049814456788,-0.09904552616803841,-0.04523098030814358,-0.0926791425344442,0.050402704018058575,0.05450127109183475,-28.242199999999844,82.41470000000012,646.1176666666668,707.3843636363638,690.6211000000001,379.5055390625,389.0831335227273,369.6128656249999,487.36001666666675,508.5643818181817,500.05822,-0.4616875000000009,-0.4530227272727272,-0.45359166666666706,-4.454166666666667,-0.7245454545454546,0.5339999999999998,54.11518926212631,87.79357720097644,107.44604006446698,0.237475,0.10779818181818179,0.03299799999999997,19.10578040976185,17.25945946030211,13.184177115342408,-27.6838570375,-42.621532415454546,-17.587948417,1197.770730498938,2520.5992936009934,3212.6432344379646,3.9924791666666652,0.2715227272727267,-0.9875916666666673,-0.09348871643991973,-0.07170026203321682,-0.06043389002684149,-0.19499257707014706,-0.06853013493760811,-0.04478523808905596,0.03963728466000434,-27.287055555555426,-0.01591833333333334,0.0820743333333333,-0.0661560000000001,-0.09799366666666665,-0.028495999999999973,-0.0014886666666665334,0.0270063333333333,0.04230644444444445,0.042412853481477705,0.03484076666666673,-0.014429666666666674,0.11057033333333327,-0.09614066666666665,-0.12499999999999999,0.0902396666666666,-0.036647333333333164,-0.12688700000000003,0.013332777777777804,-0.017720338102297537,0.028507533333333265
2011,UK,GBR,112,62071.86520238192,23967.74031056296,99.21222577012442,97.1568899202995,1669.509,0.1612061718015923,167.2334095835162,-30.06515351,397.006,295.865,61.01739,1577.787,0.48,3.8322,248.77913311061616,8.0377,223.18649184039248,0.79975,580.564,701.12,0.646788694133627,1643.496,1025.8548125,1218.891,424.041,1463.31005859375,4.871960031791744,101.8471221923828,75.74041270246309,0.0,0.0,0.0,0.0,FLOAT,DEU,0.0,-0.0342726185917854,0.0075619518756866,0.1840787678956985,0.0048000002279877,,,-0.019045066088438,0.0266070179641246,0.0271235890686512,-0.0669300705194473,0.0350000001490116,,,,0.0383220016956329,0.0326574482023716,0.0131078641861677,-0.0054585295729339,0.0944393873214721,0.162206,0.239842,0.597952,19.0,-0.077636,-0.020851,-0.017154,0.003697,0.2869223333333333,0.0227615013857463,-0.131238,0.0432774481803166,-0.0217029,0.0306024,0.17936,0.143049,0.260693,0.301487,0.559947,0.555464,-0.081333,-0.158439,-0.040794,0.0029,0.0363109999999999,-0.0015959999999999,0.077106,-0.004497,0.263907,0.2194126666666667,0.0625957921908493,0.0695785825979038,0.0210038,0.0507389,-0.0187659,-0.0587634999999999,0,0,0,1670.13,1840.727,1843.045,1014.428875,1000.943625,978.097625,1556.035,1518.131,1496.955,4.2379,4.544999999999999,4.5914166666666665,0.5,0.53,4.32,253.60937467195572,239.8007649389642,266.16302144439965,0.74273,0.63193,0.49327,160.08759053994729,154.97620925702367,151.69160001920542,-49.93137943,-51.59645316,-62.98233417,23777.155757682725,23489.35501271381,24602.13363468245,3.3522,3.7379,4.014999999999999,0.2714166666666662,-0.09267914253444426,0.01347253697729475,0.0249675423267162,0.057583676751432354,0.012252390276920731,-0.01594726159041515,-0.016276445288452585,0.07011035775948209,-76.92440000000013,-28.242199999999844,425.8193076923078,646.1176666666668,707.3843636363638,363.79805528846157,379.5055390625,389.0831335227273,487.77478461538476,487.36001666666675,508.5643818181817,-0.7332730769230764,-0.4616875000000009,-0.4530227272727272,-4.141538461538461,-4.454166666666667,-0.7245454545454546,63.76109212880041,54.11518926212631,87.79357720097644,0.33000769230769234,0.237475,0.10779818181818179,22.74748627654995,19.10578040976185,17.25945946030211,-23.88925584307692,-27.6838570375,-42.621532415454546,1393.4352654294707,1197.770730498938,2520.5992936009934,3.4082653846153845,3.9924791666666652,0.2715227272727267,-0.17711943135453684,-0.07561028984109479,-0.04457624001234528,-0.02211399272816405,-0.005335919774409791,-0.10739300211474385,0.05164298181310582,-135.21524999999986,0.026339333333333326,-0.00321400000000005,-0.023125000000000062,0.029553666666666673,-0.0852883333333333,0.042257666666666534,0.1275473333333333,0.07099177777777779,0.022728184697840742,-0.009912999999999967,-0.01591833333333334,0.0820743333333333,-0.0661560000000001,-0.09799366666666665,-0.028495999999999973,-0.0014886666666665334,0.0270063333333333,0.04230644444444445,0.042412853481477705,0.03484076666666673
2012,UK,GBR,112,62483.81405890401,24150.282061037648,99.93403743043268,98.14007314528236,1721.355,0.1623917167055298,171.963175277107,-59.8605969,403.976,296.117,63.5643,1660.13,0.313,2.8646,249.52712959990532,7.8846,226.12961041411197,0.8316100000000001,601.053,732.661,0.633713561470215,1628.243,1036.601125,1220.389,406.923,1539.7430419921875,5.09753403415478,102.93154907226562,74.80615745745185,0.0,0.0,0.0,0.0,FLOAT,DEU,0.0,0.1214559599757194,0.0310374163091182,0.0384863913059234,0.0031300000846385,,,0.0030066845938563,0.0280307326465845,0.0279467049986124,0.0824864506721496,0.0359999984502792,,,,0.0286459997296333,0.0389695093035697,0.0525849536061286,0.06006421148777,0.020808195695281,0.116191,0.167848,0.715961,14.0,-0.051657,-0.071994,-0.0460149999999999,0.0259789999999999,0.2673406666666667,0.031355543534331,-0.1058026666666666,0.0456218658357297,-0.0421768,0.0324043,0.162206,0.17936,0.239842,0.260693,0.597952,0.559947,-0.077636,-0.081333,-0.020851,-0.040794,-0.017154,0.0363109999999999,0.003697,0.077106,0.2869223333333333,0.263907,0.0227615013857463,0.0625957921908493,-0.0217029,0.0210038,0.0306024,-0.0187659,0,0,0,1643.496,1670.13,1840.727,1025.8548125,1014.428875,1000.943625,1577.787,1556.035,1518.131,3.8322,4.2379,4.544999999999999,0.48,0.5,0.53,248.77913311061616,253.60937467195572,239.8007649389642,0.79975,0.74273,0.63193,167.2334095835162,160.08759053994729,154.97620925702367,-30.06515351,-49.93137943,-51.59645316,23967.74031056296,23777.155757682725,23489.35501271381,2.5515999999999996,3.3522,3.7379,4.014999999999999,-0.015947261590415124,0.011263419034676071,0.013979120006940687,-0.019045989792717603,0.008015447887144964,-0.009280825751933786,-0.03662803512489773,0.04909420309086686,-66.4085999999998,-76.92440000000013,368.7696428571428,425.8193076923078,646.1176666666668,349.2384174107142,363.79805528846157,379.5055390625,474.6857285714286,487.77478461538476,487.36001666666675,-1.0865964285714287,-0.7332730769230764,-0.4616875000000009,-3.865714285714286,-4.141538461538461,-4.454166666666667,54.3764868439751,63.76109212880041,54.11518926212631,0.36345571428571427,0.33000769230769234,0.237475,28.268484871793845,22.74748627654995,19.10578040976185,-2.3166545057142827,-23.88925584307692,-27.6838570375,1484.4887279218856,1393.4352654294707,1197.770730498938,2.779117857142857,3.4082653846153845,3.9924791666666652,-0.08676297876785104,-0.0720032316420908,-0.052135720792709624,-0.09704258290860908,-0.009162406796923268,-0.11879517510829368,0.026323245326731776,-171.6051545454547,0.0065213333333333234,-0.047080333333333335,0.04055900000000012,0.053602,-0.043866333333333306,-0.01981800000000003,0.024048333333333335,0.06314355555555551,-0.027452320961978735,-0.0558240333333333,0.026339333333333326,-0.00321400000000005,-0.023125000000000062,0.029553666666666673,-0.0852883333333333,0.042257666666666534,0.1275473333333333,0.07099177777777779,0.022728184697840742,-0.009912999999999967
2013,UK,GBR,112,62877.12713382153,24523.87833989095,101.43706355713172,100.0525808986961,1793.155,0.1646586345381526,176.37368477008337,-87.09403712000001,413.303,300.651,66.61022,1722.147,0.302,3.1912,258.376739002406,7.5242,228.58220922554483,0.8415600000000001,626.691,722.525,0.60723828030119,1615.18,1049.76425,1223.055,394.904,1532.6700439453125,5.47017373686551,99.18416595458984,73.03531205320493,0.0,0.0,0.0,0.0,FLOAT,DEU,0.0,0.2053821831941604,0.0641061514616012,-0.0612709410488605,0.0030199999455362,,,0.0354660563170909,0.0286400951445102,0.0276591349393129,0.1668752878904342,0.032999999821186,,,,0.0319119989871978,0.0385068841278553,0.0865097269415855,0.1131121218204498,-0.0291254706680774,0.173725,0.154839,0.671436,25.0,0.018886,-0.0130089999999999,0.0575339999999999,0.070543,0.2227943333333334,0.0487136090875366,-0.0702086666666666,0.0161722046837567,-0.0389555999999999,0.0326636,0.116191,0.162206,0.167848,0.239842,0.715961,0.597952,-0.051657,-0.077636,-0.071994,-0.020851,-0.0460149999999999,-0.017154,0.0259789999999999,0.003697,0.2673406666666667,0.2869223333333333,0.031355543534331,0.0227615013857463,-0.0421768,-0.0217029,0.0324043,0.0306024,0,0,0,1628.243,1643.496,1670.13,1036.601125,1025.8548125,1014.428875,1660.13,1577.787,1556.035,2.8646,3.8322,4.2379,0.313,0.48,0.5,249.52712959990532,248.77913311061616,253.60937467195572,0.8316100000000001,0.79975,0.74273,171.963175277107,167.2334095835162,160.08759053994729,-59.8605969,-30.06515351,-49.93137943,24150.282061037648,23967.74031056296,23777.155757682725,2.8891999999999998,2.5515999999999996,3.3522,3.7379,-0.009280825751933777,0.010475471157376796,0.05218892030419827,0.0030066689273194717,0.007616143537496458,-0.008022758273795616,-0.03930240995893105,0.0463456257593479,-18.01030000000009,-66.4085999999998,328.9319999999998,368.7696428571428,425.8193076923078,336.70216874999994,349.2384174107142,363.79805528846157,525.3830133333336,474.6857285714286,487.77478461538476,-1.981756666666667,-1.0865964285714287,-0.7332730769230764,-3.775,-3.865714285714286,-4.141538461538461,51.49938421033258,54.3764868439751,63.76109212880041,0.37108533333333343,0.36345571428571427,0.33000769230769234,31.113684907265082,28.268484871793845,22.74748627654995,-31.957654261999995,-2.3166545057142827,-23.88925584307692,1568.0645632017804,1484.4887279218856,1393.4352654294707,1.793243333333333,2.779117857142857,3.4082653846153845,-0.07389918730309461,-0.06764809154495502,-0.010201940438829923,-0.06805831112367136,-0.008907253518220111,-0.11233145954938134,0.0215498029700796,-146.7889249999998,-0.04534733333333331,-0.09949266666666673,0.14483999999999986,0.05414566666666667,-0.05241233333333334,-0.05186866666666657,0.0005436666666665674,0.010593333333333399,-0.020289748523835457,-0.05885673333333334,0.0065213333333333234,-0.047080333333333335,0.04055900000000012,0.053602,-0.043866333333333306,-0.01981800000000003,0.024048333333333335,0.06314355555555551,-0.027452320961978735,-0.0558240333333333
2014,UK,GBR,112,63358.71496370807,25034.19310819928,103.57532078028142,101.64111122125084,1876.162,0.17153319304043,178.95055970149247,-90.89616032,409.007,287.963,70.40411999999999,1797.282,0.38,3.0986,278.7749026078591,6.1096,231.5253277992643,0.8606100000000001,640.648,745.695,0.640697078421322,1625.972,1076.945,1253.125,372.738,1477.572265625,5.553087071939062,95.4370574951172,71.5134595476881,0.0,0.0,0.0,0.0,FLOAT,DEU,0.0,0.0119542740285396,0.1282611787319183,0.1559640020132064,0.0038000000640749,,,0.0999615117907524,0.0282996650785207,0.0257278680801391,-0.0213208179920911,0.0340000018477439,,,,0.0309859998524189,0.0332750938832759,0.0875674486160278,0.0894354954361915,0.0798820033669471,0.187125,0.220072,0.592802,21.0,-0.032947,0.0652329999999999,0.0134,-0.051833,0.1875096666666666,0.0457855146780434,-0.0368023333333333,0.0499461706473411,-0.0072318999999999,0.020461,0.173725,0.116191,0.154839,0.167848,0.671436,0.715961,0.018886,-0.051657,-0.0130089999999999,-0.071994,0.0575339999999999,-0.0460149999999999,0.070543,0.0259789999999999,0.2227943333333334,0.2673406666666667,0.0487136090875366,0.031355543534331,-0.0389555999999999,-0.0421768,0.0326636,0.0324043,0,0,0,1615.18,1628.243,1643.496,1049.76425,1036.601125,1025.8548125,1722.147,1660.13,1577.787,3.1912,2.8646,3.8322,0.302,0.313,0.48,258.376739002406,249.52712959990532,248.77913311061616,0.8415600000000001,0.8316100000000001,0.79975,176.37368477008337,171.963175277107,167.2334095835162,-87.09403712000001,-59.8605969,-30.06515351,24523.87833989095,24150.282061037648,23967.74031056296,2.7186,2.8891999999999998,2.5515999999999996,3.3522,-0.008022758273795665,0.01269835106536281,0.03735671302849766,0.03546551998850883,0.015469644532890865,0.006681608241805748,-0.011083615205381517,0.004258752817888627,-6.563499999999905,-18.01030000000009,295.3107500000001,328.9319999999998,368.7696428571428,328.821408203125,336.70216874999994,349.2384174107142,554.5635749999999,525.3830133333336,474.6857285714286,-1.5312968750000002,-1.981756666666667,-1.0865964285714287,-3.5500625,-3.775,-3.865714285714286,57.13028209968749,51.49938421033258,54.3764868439751,0.35784250000000006,0.37108533333333343,0.36345571428571427,33.57958909353738,31.113684907265082,28.268484871793845,-57.19374109062501,-31.957654261999995,-2.3166545057142827,1843.656806854975,1568.0645632017804,1484.4887279218856,2.018765625,1.793243333333333,2.779117857142857,-0.06771450733808354,-0.06091533886730535,-0.024354018351941877,-0.031062239320903906,-0.00045993562161102813,-0.07608898911373314,-0.02207634161209964,-87.09916923076935,0.021139333333333343,-0.0679553333333334,0.04681600000000008,0.08909466666666668,0.031537333333333424,0.06648666666666657,0.03494900000000003,-0.04992899999999997,0.00980933005056106,-0.02466363333333324,-0.04534733333333331,-0.09949266666666673,0.14483999999999986,0.05414566666666667,-0.05241233333333334,-0.05186866666666657,0.0005436666666665674,0.010593333333333399,-0.020289748523835457,-0.05885673333333334
2015,UK,GBR,112,63861.88106703147,25423.86029158919,105.186106295947,103.87451461179984,1935.212,0.1728540772532188,179.02231775406054,-96.44276384,399.08,279.632,74.24507000000001,1866.046,0.44,2.4087,295.62555949932033,5.3003,236.43052542213007,0.8672,664.659,750.348,0.674809366354005,1661.64,1110.176,1292.166,369.375,1471.3341064453125,6.19642049763964,96.67932891845705,70.44191268310469,0.0,0.0,0.0,0.0,FLOAT,DEU,0.0,0.010998629964888,0.0932248458266258,0.0076761436648666,0.0043999999761581,,,0.0667558461427688,0.0264689996838569,0.0248126126825809,-0.0250736456364393,0.0370000004768371,,,,0.0240870006382465,0.0360722765326499,0.0544209033250808,0.0665163248777389,0.0060380715876817,0.170445,0.123236,0.706319,31.0,0.047209,-0.0968359999999999,-0.01668,0.080156,0.1809196666666667,0.0345251708805811,-0.021906,0.0365445819924101,-0.0068602999999999,0.0244765,0.187125,0.173725,0.220072,0.154839,0.592802,0.671436,-0.032947,0.018886,0.0652329999999999,-0.0130089999999999,0.0134,0.0575339999999999,-0.051833,0.070543,0.1875096666666666,0.2227943333333334,0.0457855146780434,0.0487136090875366,-0.0072318999999999,-0.0389555999999999,0.020461,0.0326636,0,0,0,1625.972,1615.18,1628.243,1076.945,1049.76425,1036.601125,1797.282,1722.147,1660.13,3.0986,3.1912,2.8646,0.38,0.302,0.313,278.7749026078591,258.376739002406,249.52712959990532,0.8606100000000001,0.8415600000000001,0.8316100000000001,178.95055970149247,176.37368477008337,171.963175277107,-90.89616032,-87.09403712000001,-59.8605969,25034.19310819928,24523.87833989095,24150.282061037648,1.9687000000000001,2.7186,2.8891999999999998,2.5515999999999996,0.006681608241805814,0.02589224199623867,0.043628679781691104,0.07894736842105253,0.020808893325744617,0.021936417109273743,-0.003540658594641218,0.008875062698456214,11.098300000000078,-6.563499999999905,288.73152941176477,295.3107500000001,328.9319999999998,336.6597224264706,328.821408203125,336.70216874999994,597.077188235294,554.5635749999999,525.3830133333336,-1.5338205882352942,-1.5312968750000002,-1.981756666666667,-3.2632352941176475,-3.5500625,-3.775,74.16784087574717,57.13028209968749,51.49938421033258,0.35584294117647075,0.35784250000000006,0.37108533333333343,34.181194078267794,33.57958909353738,31.113684907265082,-57.63152657941177,-57.19374109062501,-31.957654261999995,2245.5211747600697,1843.656806854975,1568.0645632017804,1.7294147058823528,2.018765625,1.793243333333333,-0.04877798411385183,-0.04391423925722289,-0.016559925451752062,0.014360999069196287,0.0049080591475934125,-0.06347343322874396,-0.015988275624058745,-69.43099999999993,0.03641766666666668,0.032562333333333304,-0.06898099999999985,0.0038553333333333495,0.10051766666666653,0.015278333333333336,-0.08523933333333329,-0.07150944444444454,0.011508630008838762,0.027046533333333404,0.021139333333333343,-0.0679553333333334,0.04681600000000008,0.08909466666666668,0.031537333333333424,0.06648666666666657,0.03494900000000003,-0.04992899999999997,0.00980933005056106,-0.02466363333333324
2016,UK,GBR,112,64389.56793562405,25649.81325519704,106.18997288603688,106.5966596101052,2016.638,0.1761272970161228,180.203267326054,-108.39265008,426.80622,292.09337,80.396,2000.228,0.32,1.9061,316.31934866427275,4.8097,242.316762569569,0.86775,699.712,759.29,0.812875955129247,1719.569,1155.301,1343.13,376.167,1608.0423583984375,6.333213245714726,94.99913024902344,72.09614526068874,0.0,0.0,0.0,0.0,FLOAT,DEU,0.0,0.1541000008583068,0.0950536504387855,0.0712653249502182,0.0020239999999999,,,0.0697506666183471,0.0253029819577932,0.0236531589180231,0.1084000021219253,0.0412306040525436,,,,0.013052,0.0457000024616718,0.102150946855545,0.1307640969753265,0.0366446636617183,0.145605,0.131469,0.722926,23.0,0.014136,0.008233,-0.02484,-0.033073,0.166049,0.0493816848537997,0.0110493333333333,0.0406485681461637,-0.0166945999999999,0.0065905999999999,0.170445,0.187125,0.123236,0.220072,0.706319,0.592802,0.047209,-0.032947,-0.0968359999999999,0.0652329999999999,-0.01668,0.0134,0.080156,-0.051833,0.1809196666666667,0.1875096666666666,0.0345251708805811,0.0457855146780434,-0.0068602999999999,-0.0072318999999999,0.0244765,0.020461,0,0,0,1661.64,1625.972,1615.18,1110.176,1076.945,1049.76425,1866.046,1797.282,1722.147,2.4087,3.0986,3.1912,0.44,0.38,0.302,295.62555949932033,278.7749026078591,258.376739002406,0.8672,0.8606100000000001,0.8415600000000001,179.02231775406054,178.95055970149247,176.37368477008337,-96.44276384,-90.89616032,-87.09403712000001,25423.86029158919,25034.19310819928,24523.87833989095,1.5860999999999998,1.9687000000000001,2.7186,2.8891999999999998,0.021936417109273788,0.030856728988017026,0.038259994814392025,0.06044538706256627,0.015565398161855834,0.03486254543703793,0.006865089025761291,0.014980430444648016,34.88349999999999,11.098300000000078,308.35888888888894,288.73152941176477,295.3107500000001,351.18740451388885,336.6597224264706,328.821408203125,632.6702333333333,597.077188235294,554.5635749999999,-2.1385083333333337,-1.5338205882352942,-1.5312968750000002,-3.0219444444444448,-3.2632352941176475,-3.5500625,86.89806216300025,74.16784087574717,57.13028209968749,0.3426638888888889,0.35584294117647075,0.35784250000000006,32.353996904265415,34.181194078267794,33.57958909353738,-59.97637862277778,-57.63152657941177,-57.19374109062501,2510.4371817744177,2245.5211747600697,1843.656806854975,0.8834361111111113,1.7294147058823528,2.018765625,-0.030653882063216103,-0.036366561720902024,-0.020954497157183373,-0.004985746940419165,-0.0006241453779185103,-0.04910059603154495,-0.00888364065136327,-47.14046666666661,0.011431333333333321,-0.0576836666666667,0.04625266666666661,0.06911500000000001,-0.0902459999999999,-0.024986333333333333,0.06525966666666672,-0.04496188888888886,-0.007426384886055903,0.0225944666666667,0.03641766666666668,0.032562333333333304,-0.06898099999999985,0.0038553333333333495,0.10051766666666653,0.015278333333333336,-0.08523933333333329,-0.07150944444444454,0.011508630008838762,0.027046533333333404
2017,UK,GBR,112,64774.05353504466,25941.29822707525,107.30651198501482,107.07547014222976,2097.143,0.1801894291424094,185.06875554385743,-77.97145133000001,468.40781,327.70571,89.23956000000001,2097.374,0.29,1.8237,330.5093755202401,4.33,248.2029997170079,0.8631399999999999,739.861,780.118,0.740110276431188,1758.358,1204.67,1394.487,363.871,1727.902099609375,6.267202120080238,93.4594342667318,72.50509581252207,0.0,0.0,0.0,0.0,FLOAT,DEU,0.0,0.1406999975442886,0.0693669393658638,0.0374385118484497,0.004123,,,0.0454190969467163,0.0239478405565023,0.02290740609169,0.096900001168251,0.0399307124316692,,,,0.012358,0.0438000001013278,0.0817228332161903,0.1101884171366691,0.0207807552069425,0.174492,0.112176,0.713331,20.0,0.062316,-0.019293,0.0288869999999999,0.04818,0.158259,0.0536896712506231,0.0094659999999999,0.0402815436521489,-0.0315455,0.0252716,0.145605,0.170445,0.131469,0.123236,0.722926,0.706319,0.014136,0.047209,0.008233,-0.0968359999999999,-0.02484,-0.01668,-0.033073,0.080156,0.166049,0.1809196666666667,0.0493816848537997,0.0345251708805811,-0.0166945999999999,-0.0068602999999999,0.0065905999999999,0.0244765,0,0,0,1719.569,1661.64,1625.972,1155.301,1110.176,1076.945,2000.228,1866.046,1797.282,1.9061,2.4087,3.0986,0.32,0.44,0.38,316.31934866427275,295.62555949932033,278.7749026078591,0.86775,0.8672,0.8606100000000001,180.203267326054,179.02231775406054,178.95055970149247,-108.39265008,-96.44276384,-90.89616032,25649.81325519704,25423.86029158919,25034.19310819928,1.5337,1.5860999999999998,1.9687000000000001,2.7186,0.03486254543703802,0.04064670826967977,0.07190712340424621,0.06999999999999999,0.00888743727413425,0.02255739664997458,0.021160190262705807,0.0141064950072087,45.508699999999976,34.88349999999999,350.0584736842104,308.35888888888894,288.73152941176477,377.82885690789476,351.18740451388885,336.6597224264706,733.5538000000001,632.6702333333333,597.077188235294,-2.528555263157895,-2.1385083333333337,-1.5338205882352942,-2.9828947368421055,-3.0219444444444448,-3.2632352941176475,103.01826910884742,86.89806216300025,74.16784087574717,0.3251789473684211,0.3426638888888889,0.35584294117647075,31.83210453392914,32.353996904265415,34.181194078267794,-68.76961335631579,-59.97637862277778,-57.63152657941177,2604.261872657302,2510.4371817744177,2245.5211747600697,0.45433947368421057,0.8834361111111113,1.7294147058823528,-0.016024760287495422,-0.02455621789918916,0.013856770163625444,0.0048458519381489595,-0.0072674315224224035,-0.031917224439803674,-0.009235008991663572,-20.408987500000038,-0.031493333333333345,-0.03458000000000003,0.06607366666666659,0.0030866666666666733,0.023103666666666627,-0.042924666666666625,-0.06602833333333333,-0.031025555555555556,0.0063735866384126635,0.0009879999999999993,0.011431333333333321,-0.0576836666666667,0.04625266666666661,0.06911500000000001,-0.0902459999999999,-0.024986333333333333,0.06525966666666672,-0.04496188888888886,-0.007426384886055903,0.0225944666666667
2018,UK,GBR,112,65162.46245690836,26109.672726731733,107.9942680381239,107.947318890497,2174.38,0.1777352624656223,189.69547443245384,-78.86078144,483.01431,339.92359000000005,96.3787248,2154.778,0.6,1.8363,341.33341829671474,4.0,255.07027638902,0.8577500000000001,764.015,804.258,0.787680674254657,1840.975,1246.17,1435.871,405.104,1761.0484619140625,6.539821860474015,96.24737273342596,72.06842052035051,0.0,0.0,0.0,0.0,FLOAT,DEU,0.0,-0.095499999821186,0.0552191883325576,0.0223302748054265,0.006998,,,0.0321301221847534,0.0230890642851591,0.0223703030496835,-0.1321000009775161,0.0421707592904567,,,,0.014607,0.0366000011563301,-0.0105010569095611,-0.0235158391296863,0.0146641377359628,0.208284,0.106245,0.685471,26.0,0.102039,-0.0059309999999999,0.0337919999999999,0.039723,0.1222936666666667,0.0096809584408427,0.0412203333333333,0.024641960074907,-0.0070266,0.0212669999999999,0.174492,0.145605,0.112176,0.131469,0.713331,0.722926,0.062316,0.014136,-0.019293,0.008233,0.0288869999999999,-0.02484,0.04818,-0.033073,0.158259,0.166049,0.0536896712506231,0.0493816848537997,-0.0315455,-0.0166945999999999,0.0252716,0.0065905999999999,0,0,0,1758.358,1719.569,1661.64,1204.67,1155.301,1110.176,2097.374,2000.228,1866.046,1.8237,1.9061,2.4087,0.29,0.32,0.44,330.5093755202401,316.31934866427275,295.62555949932033,0.8631399999999999,0.86775,0.8672,185.06875554385743,180.203267326054,179.02231775406054,-77.97145133000001,-108.39265008,-96.44276384,25941.29822707525,25649.81325519704,25423.86029158919,1.2363,1.5337,1.5860999999999998,1.9687000000000001,0.02255739664997449,0.04273258657267685,0.048567463309182615,0.044859813084112056,0.011364019261198734,0.04698531243353177,0.02645211973209542,0.007290257149186153,57.6793999999999,45.508699999999976,371.34455,350.0584736842104,308.35888888888894,408.30641406250004,377.82885690789476,351.18740451388885,794.0221099999999,733.5538000000001,632.6702333333333,-2.4845275,-2.528555263157895,-2.1385083333333337,-2.86375,-2.9828947368421055,-3.0219444444444448,112.05738250937236,103.01826910884742,86.89806216300025,0.30430999999999986,0.3251789473684211,0.3426638888888889,35.10598752503611,31.83210453392914,32.353996904265415,-34.909933938500004,-68.76961335631579,-59.97637862277778,2765.5337509026467,2604.261872657302,2510.4371817744177,0.3792225,0.45433947368421057,0.8834361111111113,-0.027486500638374982,-0.021177907075182134,-0.010212193624260547,-0.02054937981658892,-0.004408353139440947,-0.024852115834869414,-0.015538190794593695,-8.583258823529455,0.006766999999999995,-0.04608300000000004,0.03931533333333348,0.05285000000000001,-0.01150300000000001,0.03826033333333324,0.04976333333333333,-0.019900444444444415,0.010458881113148362,-0.021283233333333436,-0.031493333333333345,-0.03458000000000003,0.06607366666666659,0.0030866666666666733,0.023103666666666627,-0.042924666666666625,-0.06602833333333333,-0.031025555555555556,0.0063735866384126635,0.0009879999999999993
2019,UK,GBR,112,65516.5423073952,26341.025966169807,108.8588273963718,108.52099548273846,2255.283,0.1771879626636657,193.10999297223805,-68.63850265999999,487.60517,347.41970000000003,95.414937552,2237.762,0.0,1.3085,344.5732427045538,3.74,263.8996321101784,0.85243,789.337,830.452,0.762107990702283,1891.344,1289.753,1474.749,416.595,1730.3497314453125,6.2038004349530045,95.89707459085112,70.87334584660908,0.0,0.0,0.0,0.0,FLOAT,DEU,0.0,0.183799996972084,0.0327202007174491,0.057201974093914,0.007098,,,0.0100950002670288,0.0226252023130655,0.0223990827798843,0.1290999948978424,0.0484456643462181,,,,0.009358,0.0546999983489513,0.0884314998984336,0.1156729683279991,0.0321499854326248,0.208519,0.103126,0.688354,29.0,0.105393,-0.003119,0.000235,0.0033539999999999,0.11663,0.0131886743458162,0.0594969999999999,0.0440192505956198,-0.009096,0.0313494,0.208284,0.174492,0.106245,0.112176,0.685471,0.713331,0.102039,0.062316,-0.0059309999999999,-0.019293,0.0337919999999999,0.0288869999999999,0.039723,0.04818,0.1222936666666667,0.158259,0.0096809584408427,0.0536896712506231,-0.0070266,-0.0315455,0.0212669999999999,0.0252716,0,0,0,1840.975,1758.358,1719.569,1246.17,1204.67,1155.301,2154.778,2097.374,2000.228,1.8363,1.8237,1.9061,0.6,0.29,0.32,341.33341829671474,330.5093755202401,316.31934866427275,0.8577500000000001,0.8631399999999999,0.86775,189.69547443245384,185.06875554385743,180.203267326054,-78.86078144,-77.97145133000001,-108.39265008,26109.672726731733,25941.29822707525,25649.81325519704,1.3085,1.2363,1.5337,1.5860999999999998,0.04698531243353172,0.03444926826433795,0.02736946295701196,0.03274957861463687,0.006490596506875951,0.0273599587175275,0.03480175150684809,0.012214071364970847,59.794200000000075,57.6793999999999,436.2784761904761,371.34455,350.0584736842104,430.36325148809533,408.30641406250004,377.82885690789476,813.6155333333331,794.0221099999999,733.5538000000001,-2.353616666666666,-2.4845275,-2.528555263157895,-2.4173809523809524,-2.86375,-2.9828947368421055,117.5453594520674,112.05738250937236,103.01826910884742,0.28442904761904775,0.30430999999999986,0.3251789473684211,38.06099272196411,35.10598752503611,31.83210453392914,-34.136886241904755,-34.909933938500004,-68.76961335631579,2802.2161671828108,2765.5337509026467,2604.261872657302,0.06376428571428572,0.3792225,0.45433947368421057,-0.0016842598228989994,-0.028402330029761926,-0.03089958429521817,-0.03163214529523467,-0.009061358236791682,-0.015194477963544666,-0.009796577063304073,4.064288888888768,0.044769999999999976,-0.016048666666666697,-0.028720999999999997,0.06081866666666668,0.030034333333333392,0.03800299999999993,0.007968666666666666,-0.046115555555555535,-0.036184550554158604,0.011340199999999929,0.006766999999999995,-0.04608300000000004,0.03931533333333348,0.05285000000000001,-0.01150300000000001,0.03826033333333324,0.04976333333333333,-0.019900444444444415,0.010458881113148362,-0.021283233333333436
2020,UK,GBR,112,65795.098200853,23646.774125758013,97.64761867264194,96.12147654308168,2152.646,0.1710620324939632,194.84798290898817,-78.42000807000001,422.74503,296.41568,183.19668009984,2547.679,0.0,0.7393,354.3400018487326,4.472,268.8048297330442,1.0447,755.817,1035.089,0.745156482861401,1967.023,1328.254,1509.408,457.615,1828.8658447265625,5.828185091271618,87.57924435235655,69.16150534578492,0.0,0.0,0.0,0.0,FLOAT,DEU,0.0,-0.0944000035524368,0.0511461570858955,0.0575242973864078,0.000394,,,0.0283445119857788,0.0228016432374715,0.0221731550991535,-0.1213999986648559,0.0307307075709104,,,,0.003744,0.0270000007003545,,,0.0289591494947671,0.191917,0.116894,0.69119,24.0,0.075023,0.013768,-0.016602,-0.0303699999999999,0.1071823333333333,0.0045972350748383,0.089916,0.023961058595145,0.0011035,0.0041474999999999,0.208519,0.208284,0.103126,0.106245,0.688354,0.685471,0.105393,0.102039,-0.003119,-0.0059309999999999,0.000235,0.0337919999999999,0.0033539999999999,0.039723,0.11663,0.1222936666666667,0.0131886743458162,0.0096809584408427,-0.009096,-0.0070266,0.0313494,0.0212669999999999,0,0,0,1891.344,1840.975,1758.358,1289.753,1246.17,1204.67,2237.762,2154.778,2097.374,1.3085,1.8363,1.8237,0.0,0.6,0.29,344.5732427045538,341.33341829671474,330.5093755202401,0.85243,0.8577500000000001,0.8631399999999999,193.10999297223805,189.69547443245384,185.06875554385743,-68.63850265999999,-78.86078144,-77.97145133000001,26341.025966169807,26109.672726731733,25941.29822707525,0.7393,1.3085,1.2363,1.5337,0.027359958717527475,0.03497355898472909,0.038511623935273326,0.009491670707210865,0.008860824946350604,0.040013345007571255,0.03230088926701128,0.012941806805977922,67.63639999999965,59.794200000000075,466.81663636363646,436.2784761904761,371.34455,454.3842855113636,430.36325148809533,408.30641406250004,859.6170090909093,813.6155333333331,794.0221099999999,-2.7744340909090908,-2.353616666666666,-2.4845275,-2.9075,-2.4173809523809524,-2.86375,115.44221297572159,117.5453594520674,112.05738250937236,0.2661804545454546,0.28442904761904775,0.30430999999999986,39.74546613802269,38.06099272196411,35.10598752503611,-22.362930814545436,-34.136886241904755,-34.909933938500004,2906.1959444762106,2802.2161671828108,2765.5337509026467,0.1330659090909092,0.06376428571428572,0.3792225,-0.021229410690193764,-0.026525547403191636,-0.01828601454099403,-0.05338376056955427,-0.006259636547946,-0.016935616305204244,-0.008579012769131792,5.965178947368479,0.032392000000000004,-0.013504000000000058,-0.018888666666666665,0.045896000000000006,0.002544666666666627,-0.012377999999999929,-0.014922666666666766,-0.03223722222222224,-0.024395430502605633,0.009326233333333298,0.044769999999999976,-0.016048666666666697,-0.028720999999999997,0.06081866666666668,0.030034333333333392,0.03800299999999993,0.007968666666666666,-0.046115555555555535,-0.036184550554158604,0.011340199999999929
2003,Ireland,IRL,178,3979.9,26603.860546949,92.49410569055335,89.58596305392963,114787.29764167852,0.2574816565445602,145.76213748082617,564.2353142518282,75315.532884,92684.46934,41948.808896,88366.255928,2.333467,4.1325,401.1218044650552,4.48,227.36488632401185,0.2981861381414131,47190.58480597517,43086.695735722365,0.696244379072,97577.604472,43309.719488,54567.159304,43010.445168000006,43010.4453125,,,,0.0,,1.0,1.0,PEG,DEU,,,,,,,,,,,,,,,,,,,,,0.337898,0.297153,0.364948,2.0,0.040745,0.222332,-0.005098,-0.22743,0.1143576666666666,0.0924093784868902,0.1420026666666666,0.1104876511938476,0.0258111999999999,0.0107481,0.342996,0.143579,0.074821,0.048294,0.582184,0.808127,0.268175,0.095285,0.026527,-0.1716639999999999,0.199417,-0.1389269999999999,0.17289,0.0327369999999999,0.119297,0.1330786666666666,0.0895925775218014,0.0752397097305228,-0.0216117999999999,0.0006284,0.0597738999999999,0.0029038999999999,0,0,0,90862.54374769768,82843.62599759798,71784.96832288116,34747.32368,27332.40862,23664.723072,81051.8310849115,75395.97329124303,68957.44207906468,5.01,5.011667,5.5125,3.318592,4.261783,4.391767,353.1787580397217,311.9817697660893,298.2700167353394,0.3087327227884734,0.3355661990067985,0.3640158057125613,140.85898762173153,134.61634502193843,128.3630007491171,264.5382479318424,172.25423929208125,524.3434639871897,26241.315363853,25199.817704593,24305.281428392,1.799033,1.6914079999999996,0.7498839999999998,1.1207330000000004,0.09679583255243088,0.27128655813283403,0.07501538274226864,0.13204934475665075,0.041329571168690356,0.0739035079509589,0.1458911721864383,0.04556615773239955,8539.68261974563,10219.166730825218,31136.979378692427,28897.577035740906,23785.225814698795,14802.11835683928,9234.004121049096,7421.758097398795,20475.39430307594,18524.420636759343,16114.519232774655,-0.2550004000000001,-0.31666675000000044,0.2455550000000004,-1.3083180000000003,-0.4564087499999996,-0.4352330000000002,107.98438464587298,83.48424546530077,93.0299899127345,-0.15550194163456343,-0.16083558177029794,-0.17651463341938023,16.655013733813732,13.015463917525778,9.016159526272602,-249.45577438447117,-427.1747287802905,-100.11400544690935,3876.6569898179987,3543.9491631974997,3532.5505159953354,1.0533175999999995,0.1397419999999996,0.6807880000000004,-0.12168853086119555,0.07183396357287147,-0.06530936023948299,-0.051212742807164174,-0.029584707397442005,-0.0966519788804289,-0.03477404922493784,-1750.5175238553147,0.1444743333333334,-0.044476,-0.09999800000000003,0.18895033333333333,0.04030866666666663,0.2080506666666667,0.167742,0.015178111111111128,0.0645126742782938,-0.041473849999999854,-0.06357633333333332,-0.08478466666666665,0.14836000000000005,0.02120833333333333,-0.21510366666666655,-0.17660233333333322,0.0385013333333332,0.0434396666666666,0.0752397097305228,-0.0384672999999999
2004,Ireland,IRL,178,4045.2,27865.106583741,96.87910177121466,91.48662481458302,123210.83089697332,0.2723849291995158,148.9601541040916,-120.80570119607384,81360.086584,99036.960564,47787.020828,98471.489612,2.106325,4.076667,436.2103058378543,4.49,238.66009850669164,0.2808717126160449,52185.23942551788,46605.8308088225,0.633140026008,127590.093384,58048.192184,72196.779444,55393.31394,55393.3125,,,,0.0,,1.0,1.0,PEG,DEU,,,,,,,,,,,,,,,,,,,,,0.337898,0.297153,0.364948,,0.040745,0.0,0.0,0.0,0.1400893333333333,0.136666261280293,0.134735,0.1187363806926924,0.0968909,-0.0391049999999999,0.337898,0.342996,0.297153,0.074821,0.364948,0.582184,0.040745,0.268175,0.222332,0.026527,-0.005098,0.199417,-0.22743,0.17289,0.1143576666666666,0.119297,0.0924093784868902,0.0895925775218014,0.0258111999999999,-0.0216117999999999,0.0107481,0.0597738999999999,0,0,0,97577.604472,90862.54374769768,82843.62599759798,43309.719488,34747.32368,27332.40862,88366.255928,81051.8310849115,75395.97329124303,4.1325,5.01,5.011667,2.333467,3.318592,4.261783,401.1218044650552,353.1787580397217,311.9817697660893,0.2981861381414131,0.3087327227884734,0.3355661990067985,145.76213748082617,140.85898762173153,134.61634502193843,564.2353142518282,264.5382479318424,172.25423929208125,26603.860546949,26241.315363853,25199.817704593,1.9703419999999996,1.799033,1.6914079999999996,0.7498839999999998,0.0739035079509589,0.24641885766092478,0.09024379517627147,0.13574725357616615,0.01381581594021012,0.30757558636943294,0.10825063134217316,0.04128409727749398,14095.44628835085,8539.68261974563,32662.54353987935,31136.979378692427,28897.577035740906,20897.4944386994,14802.11835683928,9234.004121049096,24377.25342898511,20475.39430307594,18524.420636759343,-1.0900003333333332,-0.2550004000000001,-0.31666675000000044,-2.07539,-1.3083180000000003,-0.4564087499999996,137.93003363022768,107.98438464587298,83.48424546530077,-0.14013153600919653,-0.15550194163456343,-0.16083558177029794,18.782327970606076,16.655013733813732,13.015463917525778,91.81725433292644,-249.45577438447117,-427.1747287802905,3593.0926746110017,3876.6569898179987,3543.9491631974997,0.9853896666666668,1.0533175999999995,0.1397419999999996,-0.1202431492904284,0.03259947038638791,-0.03701907575758355,-0.03727228542621594,-0.05118152114643385,-0.11012952500458678,-0.03036259737360894,-2846.4957936497976,0.08153766666666662,0.18279533333333337,-0.26433466666666666,-0.10125766666666666,0.2272713333333333,-0.06293666666666667,-0.290208,0.0003527777777777297,0.03746528273611547,0.019773766666666564,0.1444743333333334,-0.044476,-0.09999800000000003,0.18895033333333333,0.04030866666666663,0.2080506666666667,0.167742,0.015178111111111128,0.0645126742782938,-0.041473849999999854
2005,Ireland,IRL,178,4133.8,28762.763149421004,100.0,95.96561286904524,134286.87429649837,0.3033134140680546,152.58267042414298,-4745.382658173199,92075.682368,106668.455724,56347.841508000005,115680.550576,2.184675,3.329167,477.0178687490265,4.34,251.56790821860557,0.2605357451869592,58008.57308477356,51624.69170571449,0.6330439432,165922.408392,74596.486952,92252.884268,73669.524124,73669.5234375,,,,0.0,,1.0,1.0,PEG,DEU,,,,,,,,,,,,,,,,,,,,,0.337898,0.297153,0.364948,,0.040745,0.0,0.0,0.0,0.2230423333333333,0.1283634400494679,0.116555,0.1313067717217965,0.0666996,-0.068229,0.337898,0.337898,0.297153,0.297153,0.364948,0.364948,0.040745,0.040745,0.0,0.222332,0.0,-0.005098,0.0,-0.22743,0.1400893333333333,0.1143576666666666,0.136666261280293,0.0924093784868902,0.0968909,0.0258111999999999,-0.0391049999999999,0.0107481,0,0,1,127590.093384,97577.604472,90862.54374769768,58048.192184,43309.719488,34747.32368,98471.489612,88366.255928,81051.8310849115,4.076667,4.1325,5.01,2.106325,2.333467,3.318592,436.2103058378543,401.1218044650552,353.1787580397217,0.2808717126160449,0.2981861381414131,0.3087327227884734,148.9601541040916,145.76213748082617,140.85898762173153,-120.80570119607384,564.2353142518282,264.5382479318424,27865.106583741,26603.860546949,26241.315363853,1.144492,1.9703419999999996,1.799033,1.6914079999999996,0.3075755863694329,0.3403040442246144,0.11435625033421871,0.08747592622045039,0.047408384003751004,0.30043331728454503,0.15942497562427427,0.12881175113139887,25519.208284490694,14095.44628835085,58008.95480332515,32662.54353987935,31136.979378692427,32650.61078631377,20897.4944386994,14802.11835683928,31000.022337415823,24377.25342898511,20475.39430307594,-0.9901190000000009,-1.0900003333333332,-0.2550004000000001,-2.006047714285714,-2.07539,-1.3083180000000003,153.31424448442283,137.93003363022768,107.98438464587298,-0.1374271706761081,-0.14013153600919653,-0.15550194163456343,19.29715488378494,18.782327970606076,16.655013733813732,-606.3405117339651,91.81725433292644,-249.45577438447117,4341.039757887142,3593.0926746110017,3876.6569898179987,1.0159287142857139,0.9853896666666668,1.0533175999999995,0.13346945400978363,0.12105141188567956,-0.0067367746400390505,-0.07933156521089571,-0.009058699558487315,-0.036929275721568317,0.06323757595501774,3420.8918233678705,0.06307366666666664,0.15706366666666668,-0.22013833333333338,-0.09399000000000002,-0.025731666666666698,-0.018464000000000032,0.0072676666666667,0.01784488888888891,0.050919039367221544,0.09528163333333334,0.08153766666666662,0.18279533333333337,-0.26433466666666666,-0.10125766666666666,0.2272713333333333,-0.06293666666666667,-0.290208,0.0003527777777777297,0.03746528273611547,0.019773766666666564
2006,Ireland,IRL,178,4232.9,29375.982964321003,102.13199201938409,100.0,145806.05405186687,0.3187995286333611,158.59344344165805,-7796.059057192477,103381.163588,115100.903472,67631.270936,140062.744452,3.079225,3.765,544.800159157414,4.41,260.7193077289732,0.2364529980815906,65228.30451712998,56641.26470123577,0.627241959212,209247.091596,87658.23589200001,108108.12271600004,101138.96888,101138.96875,,,,0.0,,1.0,1.0,PEG,DEU,,,,,,,,,,,,,,,,,,,,,0.337898,0.297153,0.364948,,0.040745,0.0,0.0,0.0,0.297153,0.0,0.040745,0.0,7.735274891629186e-18,3.44376866965985e-19,0.337898,0.337898,0.297153,0.297153,0.364948,0.364948,0.040745,0.040745,0.0,0.0,0.0,0.0,0.0,0.0,0.2230423333333333,0.1400893333333333,0.1283634400494679,0.136666261280293,0.0666996,0.0968909,-0.068229,-0.0391049999999999,0,1,1,165922.408392,127590.093384,97577.604472,74596.486952,58048.192184,43309.719488,115680.550576,98471.489612,88366.255928,3.329167,4.076667,4.1325,2.184675,2.106325,2.333467,477.0178687490265,436.2103058378543,401.1218044650552,0.2605357451869592,0.2808717126160449,0.2981861381414131,152.58267042414298,148.9601541040916,145.76213748082617,-4745.382658173199,-120.80570119607384,564.2353142518282,28762.763149421004,27865.106583741,26603.860546949,0.685775,1.144492,1.9703419999999996,1.799033,0.30043331728454503,0.285078555341492,0.17476186286820267,0.09355020357162522,0.03221435966815136,0.26111411727850076,0.22730413720164563,0.13289683138735933,37334.07763800001,25519.208284490694,89090.15046090951,58008.95480332515,32662.54353987935,45117.57920602456,32650.61078631377,20897.4944386994,44334.08050923883,31000.022337415823,24377.25342898511,-1.6138541249999996,-0.9901190000000009,-1.0900003333333332,-1.6769417500000001,-2.006047714285714,-2.07539,174.95752683504213,153.31424448442283,137.93003363022768,-0.14058474177068025,-0.1374271706761081,-0.14013153600919653,20.507526843363195,19.29715488378494,18.782327970606076,-5155.124904744344,-606.3405117339651,91.81725433292644,4696.066353831255,4341.039757887142,3593.0926746110017,0.06308762500000009,1.0159287142857139,0.9853896666666668,0.10726012006635527,0.04853286416174582,0.05463123427109334,-0.06192420711530722,-0.02295862395716021,0.03710476514273109,0.05678306021847525,14160.475454834143,-0.0016993333333333305,0.07411066666666666,-0.07241199999999998,-0.07581,-0.082953,-0.06477300000000001,0.018179999999999998,0.098461,0.022140700953139705,0.03300283333333333,0.06307366666666664,0.15706366666666668,-0.22013833333333338,-0.09399000000000002,-0.025731666666666698,-0.018464000000000032,0.0072676666666667,0.01784488888888891,0.050919039367221544,0.09528163333333334
2007,Ireland,IRL,178,4375.8,30066.844156117,104.53392116717497,103.2370988587426,155388.68062226824,0.2922840539142605,166.30756608283096,-10103.070836758794,112616.926616,125462.88302,72438.561592,155463.558472,4.277608,4.305833,547.3419950477285,4.98,276.44612808454144,0.2394232740182252,69179.95652927985,62366.31593956426,0.574663399008,243912.50862,97438.993208,120508.317896,123404.190724,123404.1875,,,,0.0,,1.0,1.0,PEG,DEU,,,,,,,,,,,,,,,,,,,,,0.337898,0.297153,0.364948,,0.040745,0.0,0.0,0.0,0.297153,0.0,0.040745,0.0,7.735274891629186e-18,3.44376866965985e-19,0.337898,0.337898,0.297153,0.297153,0.364948,0.364948,0.040745,0.040745,0.0,0.0,0.0,0.0,0.0,0.0,0.297153,0.2230423333333333,0.0,0.1283634400494679,7.735274891629186e-18,0.0666996,3.44376866965985e-19,-0.068229,1,1,1,209247.091596,165922.408392,127590.093384,87658.23589200001,74596.486952,58048.192184,140062.744452,115680.550576,98471.489612,3.765,3.329167,4.076667,3.079225,2.184675,2.106325,544.800159157414,477.0178687490265,436.2103058378543,0.2364529980815906,0.2605357451869592,0.2808717126160449,158.59344344165805,152.58267042414298,148.9601541040916,-7796.059057192477,-4745.382658173199,-120.80570119607384,29375.982964321003,28762.763149421004,27865.106583741,0.028224999999999945,0.685775,1.144492,1.9703419999999996,0.2611141172785008,0.1750987140775777,0.21077176547479662,0.1420959147424513,0.021319920193840755,0.1656673780246829,0.28970767364415956,0.025018924859939846,39229.1928912,37334.07763800001,122515.92805814178,89090.15046090951,58008.95480332515,53166.2637897996,45117.57920602456,32650.61078631377,63790.26543976787,44334.08050923883,31000.022337415823,-0.9987040000000005,-1.6138541249999996,-0.9901190000000009,-0.5960648888888889,-1.6769417500000001,-2.006047714285714,223.30009203953603,174.95752683504213,153.31424448442283,-0.14904696201263995,-0.14058474177068025,-0.1374271706761081,24.23968576717124,20.507526843363195,19.29715488378494,-7633.009647680918,-5155.124904744344,-606.3405117339651,4787.5010183055565,4696.066353831255,4341.039757887142,-0.40263911111111095,0.06308762500000009,1.0159287142857139,0.05453340505201665,-0.06751358512238673,0.08381223259380063,-0.00563797005506772,-0.030983235436825782,0.09420762085056916,-0.059206712054440704,23615.2655658711,0.0,0.0,0.0,0.0,-0.07411066666666667,0.0016993333333333311,0.07580999999999999,0.13798988888888894,-0.11914635993888371,-0.06313389999999995,-0.0016993333333333305,0.07411066666666666,-0.07241199999999998,-0.07581,-0.082953,-0.06477300000000001,0.018179999999999998,0.098461,0.022140700953139705,0.03300283333333333
2008,Ireland,IRL,178,4485.1,28248.441720917,98.21184972447838,101.22220584948955,147672.43083884456,0.2460310274859002,173.0496200906075,-9225.41642689922,111664.76174,124389.433288,62873.596812,155628.15934800002,4.634233,4.525833,474.0523935436596,6.77,290.6504178446928,0.4251373980427212,65721.4655317894,67564.63047126101,0.5354828775720001,243773.109792,90552.533592,113862.852864,129910.25692800002,129910.2578125,,,,1.0,,1.0,1.0,PEG,DEU,,,,,,,,,,,,,,,,,,,,,0.337898,0.297153,0.364948,,0.040745,0.0,0.0,0.0,0.297153,0.0,0.040745,0.0,7.735274891629186e-18,3.44376866965985e-19,0.337898,0.337898,0.297153,0.297153,0.364948,0.364948,0.040745,0.040745,0.0,0.0,0.0,0.0,0.0,0.0,0.297153,0.297153,0.0,0.0,7.735274891629186e-18,7.735274891629186e-18,3.44376866965985e-19,3.44376866965985e-19,0,0,0,243912.50862,209247.091596,165922.408392,97438.993208,87658.23589200001,74596.486952,155463.558472,140062.744452,115680.550576,4.305833,3.765,3.329167,4.277608,3.079225,2.184675,547.3419950477285,544.800159157414,477.0178687490265,0.2394232740182252,0.2364529980815906,0.2605357451869592,166.30756608283096,158.59344344165805,152.58267042414298,-10103.070836758794,-7796.059057192477,-4745.382658173199,30066.844156117,29375.982964321003,28762.763149421004,-0.10839999999999961,0.028224999999999945,0.685775,1.144492,0.16566737802468295,0.1115783042685281,0.10995653469633321,0.004665629860031003,0.023517891899484413,-0.0005715115997482201,0.2424049375292429,0.06930360489408716,26821.75212240003,39229.1928912,144929.7522763276,122515.92805814178,89090.15046090951,57630.394726819635,53166.2637897996,45117.57920602456,72812.05291579108,63790.26543976787,44334.08050923883,-0.35800060000000045,-0.9987040000000005,-1.6138541249999996,0.6619245999999994,-0.5960648888888889,-1.6769417500000001,203.51191872589692,223.30009203953603,174.95752683504213,-0.13117198987474135,-0.14904696201263995,-0.14058474177068025,29.529839831627015,24.23968576717124,20.507526843363195,-9176.720462479143,-7633.009647680918,-5155.124904744344,4999.6121082710015,4787.5010183055565,4696.066353831255,-1.0199251999999999,-0.40263911111111095,0.06308762500000009,-0.04697260142980306,-0.12353248547339335,-0.02631546847286287,-0.1424418138202583,-0.02534268201597926,0.035128932129331325,-0.007521193013488303,22136.771452518075,0.0,0.0,0.0,0.0,0.0,0.0,0.0,0.07705811111111113,-0.08834323377658697,-0.05453016666666667,0.0,0.0,0.0,0.0,-0.07411066666666667,0.0016993333333333311,0.07580999999999999,0.13798988888888894,-0.11914635993888371,-0.06313389999999995
2009,Ireland,IRL,178,4533.4,26622.466118757,92.55879200636852,95.45448404794736,133666.32569854677,0.2023444894503853,165.29625798166447,-6233.99048762282,106853.533264,124904.500144,70894.93615200001,149620.621156,1.228358,5.225,387.6299732729656,12.61,291.0085663499551,0.6175387982152284,58930.82558159016,68536.68934227867,0.564650310312,224875.511612,86797.42844,110325.90294,114549.60867200002,114549.609375,,,,0.0,,1.0,1.0,PEG,DEU,,,,,,,,,,,,,,,,,,,,,0.337898,0.297153,0.364948,,0.040745,0.0,0.0,0.0,0.297153,0.0,0.040745,0.0,7.735274891629186e-18,3.44376866965985e-19,0.337898,0.337898,0.297153,0.297153,0.364948,0.364948,0.040745,0.040745,0.0,0.0,0.0,0.0,0.0,0.0,0.297153,0.297153,0.0,0.0,7.735274891629186e-18,7.735274891629186e-18,3.44376866965985e-19,3.44376866965985e-19,0,0,0,243773.109792,243912.50862,209247.091596,90552.533592,97438.993208,87658.23589200001,155628.15934800002,155463.558472,140062.744452,4.525833,4.305833,3.765,4.634233,4.277608,3.079225,474.0523935436596,547.3419950477285,544.800159157414,0.4251373980427212,0.2394232740182252,0.2364529980815906,173.0496200906075,166.30756608283096,158.59344344165805,-9225.41642689922,-10103.070836758794,-7796.059057192477,28248.441720917,30066.844156117,29375.982964321003,3.9966419999999996,-0.10839999999999961,0.028224999999999945,0.685775,-0.0005715115997481674,-0.07067457687395928,0.001058774658304615,-0.13390092879256957,-0.06047865967436604,-0.07752125817373545,0.1420699945678118,0.13242911111179115,4674.586122000034,26821.75212240003,131614.92142320692,144929.7522763276,122515.92805814178,45504.8083174724,57630.394726819635,53166.2637897996,66357.3762539919,72812.05291579108,63790.26543976787,-0.105455090909091,-0.35800060000000045,-0.9987040000000005,0.9583746363636361,0.6619245999999994,-0.5960648888888889,111.72123370129202,203.51191872589692,223.30009203953603,0.06646686050200384,-0.13117198987474135,-0.14904696201263995,33.587362945619304,29.529839831627015,24.23968576717124,-7464.818737848738,-9176.720462479143,-7633.009647680918,2726.69948141,4999.6121082710015,4787.5010183055565,-1.0638297272727268,-1.0199251999999999,-0.40263911111111095,-0.20851423091125387,-0.2934321180685414,-0.13258168166360515,-0.26676419109083305,-0.10680496538823178,-0.06910922551313656,0.0564400013168255,6962.2342521533465,0.0,0.0,0.0,0.0,0.0,0.0,0.0,0.024703555555555534,-0.04278781334982263,-0.0222332,0.0,0.0,0.0,0.0,0.0,0.0,0.0,0.07705811111111113,-0.08834323377658697,-0.05453016666666667
2010,Ireland,IRL,178,4554.8,26967.291937765003,93.75765394190876,95.90087748455782,131965.53367086998,0.1724351750824285,163.7338137195448,-1574.3288243926495,114137.7127,136088.696508,77965.685744,145472.521568,0.81095,5.739167,333.4041409462557,14.53,287.82027823943963,0.8617791247490891,56670.1773774113,65898.47805872015,0.5940666132760001,175429.88100000002,78424.047992,102454.20076000002,72975.68024000002,72975.6796875,,,,0.0,,1.0,1.0,PEG,DEU,,,,,,,,,,,,,,,,,,,,,0.213797,0.20953,0.576673,5.0,0.004267,-0.087623,-0.1241009999999999,-0.036478,0.297153,0.0,0.040745,0.0,-0.0262868999999999,-0.0109433999999999,0.337898,0.337898,0.297153,0.297153,0.364948,0.364948,0.040745,0.040745,0.0,0.0,0.0,0.0,0.0,0.0,0.297153,0.297153,0.0,0.0,7.735274891629186e-18,7.735274891629186e-18,3.44376866965985e-19,3.44376866965985e-19,0,0,0,224875.511612,243773.109792,243912.50862,86797.42844,90552.533592,97438.993208,149620.621156,155628.15934800002,155463.558472,5.225,4.525833,4.305833,1.228358,4.634233,4.277608,387.6299732729656,474.0523935436596,547.3419950477285,0.6175387982152284,0.4251373980427212,0.2394232740182252,165.29625798166447,173.0496200906075,166.30756608283096,-6233.99048762282,-9225.41642689922,-10103.070836758794,26622.466118757,28248.441720917,30066.844156117,4.928217,3.9966419999999996,-0.10839999999999961,0.028224999999999945,-0.0775212581737355,-0.04146880272747834,-0.0386018713911957,-0.18230563002680977,-0.057559833502462604,-0.21988001386879963,0.029191536083733077,0.12429624873490173,-22434.548103999972,4674.586122000034,101749.41312460635,131614.92142320692,144929.7522763276,37957.63580568303,45504.8083174724,57630.394726819635,54820.056707492564,66357.3762539919,72812.05291579108,0.6024998333333329,-0.105455090909091,-0.35800060000000045,-2.5273649166666665,0.9583746363636361,0.6619245999999994,15.988710622156987,111.72123370129202,203.51191872589692,0.2533293556326774,0.06646686050200384,-0.13117198987474135,23.03505392454133,33.587362945619304,29.529839831627015,-3851.3245704182764,-7464.818737848738,-9176.720462479143,873.4989224658311,2726.69948141,4999.6121082710015,3.1298647499999994,-1.0638297272727268,-1.0199251999999999,-0.26650813831149084,-0.23755069682492036,-0.16018944756186865,-0.29091760222590657,-0.09417659690830729,-0.17507676144590162,0.04266313880825352,-15958.513331819246,0.0,0.0,0.0,0.0,0.0,0.0,0.0,0.0,0.0,0.0,0.0,0.0,0.0,0.0,0.0,0.0,0.0,0.024703555555555534,-0.04278781334982263,-0.0222332
2011,Ireland,IRL,178,4574.9,26959.115473970003,93.72922668771028,93.86345940018244,135371.84871934637,0.170491994858011,167.96632540220455,-2213.397677635115,114309.401652,139637.459892,73259.990844,140384.85812800002,1.3906,9.601666,268.1636864281828,15.35,287.7074862376584,1.1050983429547263,59887.982497510944,69166.34383693461,0.565797003496,156309.402208,63316.995344,86858.07086800001,69451.33134,69451.328125,,,,0.0,,1.0,1.0,PEG,DEU,,,,,,,,,,,,,,,,,,,,,0.331343,0.122208,0.546448,8.0,0.209135,-0.087322,0.117546,0.204868,0.2679453333333333,0.0505891626372026,0.0285856666666666,0.021060583119499,-0.0612457999999999,0.0468691999999999,0.213797,0.337898,0.20953,0.297153,0.576673,0.364948,0.004267,0.040745,-0.087623,0.0,-0.1241009999999999,0.0,-0.036478,0.0,0.297153,0.297153,0.0,0.0,-0.0262868999999999,7.735274891629186e-18,-0.0109433999999999,3.44376866965985e-19,0,0,0,175429.88100000002,224875.511612,243773.109792,78424.047992,86797.42844,90552.533592,145472.521568,149620.621156,155628.15934800002,5.739167,5.225,4.525833,0.81095,1.228358,4.634233,333.4041409462557,387.6299732729656,474.0523935436596,0.8617791247490891,0.6175387982152284,0.4251373980427212,163.7338137195448,165.29625798166447,173.0496200906075,-1574.3288243926495,-6233.99048762282,-9225.41642689922,26967.291937765003,26622.466118757,28248.441720917,8.211065999999999,4.928217,3.9966419999999996,-0.10839999999999961,-0.21988001386879966,-0.09647037473913433,-0.027724116876075854,-0.13989071038251344,0.01295243714349424,-0.10899214365881038,-0.09932426121409443,0.11126806818695593,-31183.67533639997,-22434.548103999972,44476.90457994433,101749.41312460635,131614.92142320692,26664.437218784347,37957.63580568303,45504.8083174724,46455.02968045465,54820.056707492564,66357.3762539919,1.0703206923076927,0.6024998333333329,-0.105455090909091,-2.7503602307692305,-2.5273649166666665,0.9583746363636361,-39.467022521641866,15.988710622156987,111.72123370129202,0.4780828086563322,0.2533293556326774,0.06646686050200384,19.700682437456948,23.03505392454133,33.587362945619304,1104.5928289979151,-3851.3245704182764,-7464.818737848738,1151.1325166687748,873.4989224658311,2726.69948141,3.820680923076923,3.1298647499999994,-1.0638297272727268,-0.3866578824805974,-0.27275637743449965,-0.13596257241659307,-0.22425954906278472,-0.0158162765199915,-0.2876764895213745,0.025756491095921055,-41471.79622463733,-0.12410099999999999,-0.087623,0.211725,-0.036478000000000003,-0.087623,-0.1241009999999999,-0.036478,0.0,0.0,-0.026286899999999908,0.0,0.0,0.0,0.0,0.0,0.0,0.0,0.0,0.0,0.0
2012,Ireland,IRL,178,4593.7,26826.81709839754,93.52868703412636,92.9076455874611,138391.79932945393,0.2021447812985115,170.80940320336745,-4672.950750866957,120023.966036,144134.450332,75588.817592,139032.61074,0.5731834,6.171667,259.69090012713434,15.45,288.4962984552846,1.1966992918020998,61058.913434678194,69268.77577583832,0.612990988632,153795.49792,66921.675772,87479.458864,66316.03905600001,66316.0390625,,,,0.0,,1.0,1.0,PEG,DEU,,,,,,,,,,,,,,,,,,,,,0.179795,0.193992,0.626212,16.0,-0.014197,0.071784,-0.151548,-0.2233319999999999,0.2096303333333333,0.0874725431568863,0.0847156666666666,0.1092830682280348,-0.0396805,0.0040042,0.331343,0.213797,0.122208,0.20953,0.546448,0.576673,0.209135,0.004267,-0.087322,-0.087623,0.117546,-0.1241009999999999,0.204868,-0.036478,0.2679453333333333,0.297153,0.0505891626372026,0.0,-0.0612457999999999,-0.0262868999999999,0.0468691999999999,-0.0109433999999999,0,0,0,156309.402208,175429.88100000002,224875.511612,63316.995344,78424.047992,86797.42844,140384.85812800002,145472.521568,149620.621156,9.601666,5.739167,5.225,1.3906,0.81095,1.228358,268.1636864281828,333.4041409462557,387.6299732729656,1.1050983429547263,0.8617791247490891,0.6175387982152284,167.96632540220455,163.7338137195448,165.29625798166447,-2213.397677635115,-1574.3288243926495,-6233.99048762282,26959.115473970003,26967.291937765003,26622.466118757,5.5984836,8.211065999999999,4.928217,3.9966419999999996,-0.10899214365881037,-0.19263291088393023,-0.034973363939538135,-0.1956797966963151,-0.0003031992909732881,-0.016082873150872756,-0.1354644719004485,0.07478029120471205,-23236.051986799997,-31183.67533639997,22179.50403223402,44476.90457994433,101749.41312460635,9652.781912299746,26664.437218784347,37957.63580568303,38049.14983470793,46455.02968045465,54820.056707492564,4.856368214285714,1.0703206923076927,0.6024998333333329,-1.9742559285714285,-2.7503602307692305,-2.5273649166666665,-101.8884040024547,-39.467022521641866,15.988710622156987,0.6872532548150885,0.4780828086563322,0.2533293556326774,22.526002517441185,19.700682437456948,23.03505392454133,386.6244879698843,1104.5928289979151,-3851.3245704182764,1060.732301683147,1151.1325166687748,873.4989224658311,6.8306241428571415,3.820680923076923,3.1298647499999994,-0.2460270982336391,-0.3479376537766417,-0.13275316006339435,-0.26279790083329524,-0.02785527629907506,-0.29984365941428065,-0.012877660144316252,-46450.76016388847,0.034812000000000065,-0.14573733333333333,0.1109250000000001,0.1805493333333333,-0.05811433333333332,0.15891299999999997,0.21702733333333332,-0.029207666666666687,0.0505891626372026,-0.05248349999999994,-0.12410099999999999,-0.087623,0.211725,-0.036478000000000003,-0.087623,-0.1241009999999999,-0.036478,0.0,0.0,-0.026286899999999908
2013,Ireland,IRL,178,4614.7,27015.914178220304,94.26659859669915,92.36521307023888,141465.36786162085,0.1876978288975079,171.6691042699675,2195.5987784889367,120068.857184,146679.069616,91191.247996,149084.290072,0.2206667,3.79,276.63647272923123,13.73,284.0567983160441,1.2003820454222582,61913.2159065798,67775.54207243242,0.59299237598,147420.954904,65621.40760800001,84789.14024000001,62631.814664000005,62631.81640625,,,,0.0,,1.0,1.0,PEG,DEU,-0.16583334,,,,,,,,,,,,,,,,,,,,0.185111,0.134834,0.680055,16.0,0.050277,-0.0591579999999999,0.0053159999999999,0.064474,0.1752433333333333,0.046582371100378,0.0664016666666666,0.1239549642302934,-0.0152304,-0.0085301999999999,0.179795,0.331343,0.193992,0.122208,0.626212,0.546448,-0.014197,0.209135,0.071784,-0.087322,-0.151548,0.117546,-0.2233319999999999,0.204868,0.2096303333333333,0.2679453333333333,0.0874725431568863,0.0505891626372026,-0.0396805,-0.0612457999999999,0.0040042,0.0468691999999999,0,0,0,153795.49792,156309.402208,175429.88100000002,66921.675772,63316.995344,78424.047992,139032.61074,140384.85812800002,145472.521568,6.171667,9.601666,5.739167,0.5731834,1.3906,0.81095,259.69090012713434,268.1636864281828,333.4041409462557,1.1966992918020998,1.1050983429547263,0.8617791247490891,170.80940320336745,167.96632540220455,163.7338137195448,-4672.950750866957,-2213.397677635115,-1574.3288243926495,26826.81709839754,26959.115473970003,26967.291937765003,3.5693333000000003,5.5984836,8.211065999999999,4.928217,-0.01608287315087279,0.056930693069306926,-0.009632430491663613,-0.03159557661927346,-0.004907370781515529,-0.04144817697664882,-0.11498501022616092,0.10203065460179696,-8654.068257600002,-23236.051986799997,18186.96614208506,22179.50403223402,44476.90457994433,12613.943546146424,9652.781912299746,26664.437218784347,34160.29245772738,38049.14983470793,46455.02968045465,1.102611333333333,4.856368214285714,1.0703206923076927,-2.660055466666667,-1.9742559285714285,-2.7503602307692305,-103.56863003667286,-101.8884040024547,-39.467022521641866,0.7330373200081227,0.6872532548150885,0.4780828086563322,23.86734681744133,22.526002517441185,19.700682437456948,-2098.703551126616,386.6244879698843,1104.5928289979151,857.7184393318057,1060.732301683147,1151.1325166687748,3.7626668,6.8306241428571415,3.820680923076923,-0.1355444635661559,-0.07352136026793016,-0.09792985803956308,-0.07994240212530393,-0.030469785196826228,-0.2562993008619715,0.015363292494639122,-34632.240133964464,-0.11455099999999993,-0.015638333333333337,0.13018900000000005,-0.09891266666666668,0.13009900000000002,-0.14936300000000002,-0.2794619999999999,-0.07778677777777776,0.07060948894448543,-0.010502933333333405,0.034812000000000065,-0.14573733333333333,0.1109250000000001,0.1805493333333333,-0.05811433333333332,0.15891299999999997,0.21702733333333332,-0.029207666666666687,0.0505891626372026,-0.05248349999999994
2014,Ireland,IRL,178,4645.4,29137.841163477693,101.50279935069696,93.971598963187,153705.23556937533,0.2223716494369103,172.00620697035637,1648.410031610105,141103.116496,168814.3434,93061.712496,141152.73302800002,0.2099333,2.3675,326.20227259036454,11.86,285.10348629914665,1.0433646939159362,65852.1903487189,67835.88791003378,0.592821474592,123603.444416,61659.96068800001,76293.687372,47309.757044000005,47309.7578125,,,,0.0,,1.0,1.0,PEG,DEU,0.0075,,,,,,,,,,,,,,,,,,,,0.172361,0.153156,0.674483,6.0,0.019205,0.0183219999999999,-0.01275,-0.031072,0.1503446666666666,0.0383232468527047,0.0817383333333333,0.114941973087873,0.0033686,-0.0505316,0.185111,0.179795,0.134834,0.193992,0.680055,0.626212,0.050277,-0.014197,-0.0591579999999999,0.071784,0.0053159999999999,-0.151548,0.064474,-0.2233319999999999,0.1752433333333333,0.2096303333333333,0.046582371100378,0.0874725431568863,-0.0152304,-0.0396805,-0.0085301999999999,0.0040042,0,0,0,147420.954904,153795.49792,156309.402208,65621.40760800001,66921.675772,63316.995344,149084.290072,139032.61074,140384.85812800002,3.79,6.171667,9.601666,0.2206667,0.5731834,1.3906,276.63647272923123,259.69090012713434,268.1636864281828,1.2003820454222582,1.1966992918020998,1.1050983429547263,171.6691042699675,170.80940320336745,167.96632540220455,2195.5987784889367,-4672.950750866957,-2213.397677635115,27015.914178220304,26826.81709839754,26959.115473970003,2.1575667000000003,3.5693333000000003,5.5984836,8.211065999999999,-0.04144817697664879,-0.01942970119920436,0.07229727816013821,0.06525285481239816,0.007048807882395408,-0.1615612278696057,-0.05550773126211065,0.04802381114206452,-10449.241639200018,-8654.068257600002,10675.737742204772,18186.96614208506,22179.50403223402,10525.30391051228,12613.943546146424,9652.781912299746,42076.95351111941,34160.29245772738,38049.14983470793,-1.3479688750000003,1.102611333333333,4.856368214285714,-2.8463187000000003,-2.660055466666667,-1.9742559285714285,-80.15001805728389,-103.56863003667286,-101.8884040024547,0.6909052411277735,0.7330373200081227,0.6872532548150885,23.235338707951314,23.86734681744133,22.526002517441185,4901.014950174691,-2098.703551126616,386.6244879698843,993.2081166963326,857.7184393318057,1060.732301683147,1.4983498250000005,3.7626668,6.8306241428571415,-0.15187346982085484,-0.14498033051857942,-0.00947149218512372,0.022235522781387948,-0.016482287519793543,-0.17851492897920895,-0.03974092900042466,-17386.237932921045,-0.056534,-0.0404093333333333,0.09694399999999992,-0.016124666666666662,-0.024770999999999897,0.05801699999999986,0.08278799999999996,-0.08299955555555555,0.0005618025023483714,0.027173999999999934,-0.11455099999999993,-0.015638333333333337,0.13018900000000005,-0.09891266666666668,0.13009900000000002,-0.14936300000000002,-0.2794619999999999,-0.07778677777777776,0.07060948894448543,-0.010502933333333405
2015,Ireland,IRL,178,4687.8,36113.720371508665,125.74772890596248,96.05781564292396,207217.49878231523,0.257140465618853,171.4996611136874,9100.895560520492,192863.397704,252465.45366,106143.150536,148633.803464,-0.01936667,1.1825,349.50243491824773,9.91,287.7982220861037,0.7674237642389511,69831.33540705085,68216.33341183512,0.709828282944,109299.707048,60665.267356,72426.74813200001,36872.958916,36872.95703125,,,,0.0,,1.0,1.0,PEG,DEU,-0.20416667,,,,,,,,,,,,,,,,,,,,0.150943,0.226231,0.622826,12.0,-0.075289,0.073075,-0.0214179999999999,-0.094494,0.1606606666666666,0.0302846042954723,0.0184283333333333,0.0322440161477028,0.0115039,-0.0214347999999999,0.172361,0.185111,0.153156,0.134834,0.674483,0.680055,0.019205,0.050277,0.0183219999999999,-0.0591579999999999,-0.01275,0.0053159999999999,-0.031072,0.064474,0.1503446666666666,0.1752433333333333,0.0383232468527047,0.046582371100378,0.0033686,-0.0152304,-0.0505316,-0.0085301999999999,0,0,0,123603.444416,147420.954904,153795.49792,61659.96068800001,65621.40760800001,66921.675772,141152.73302800002,149084.290072,139032.61074,2.3675,3.79,6.171667,0.2099333,0.2206667,0.5731834,326.20227259036454,276.63647272923123,259.69090012713434,1.0433646939159362,1.2003820454222582,1.1966992918020998,172.00620697035637,171.6691042699675,170.80940320336745,1648.410031610105,2195.5987784889367,-4672.950750866957,29137.841163477693,27015.914178220304,26826.81709839754,1.20186667,2.1575667000000003,3.5693333000000003,5.5984836,-0.16156122786960572,-0.060368210076570436,-0.05320182991896366,0.17917304747320062,0.07854359364851864,-0.11572280558670611,-0.07303075933237575,0.07771153424112531,-15730.488310399996,-10449.241639200018,-13769.757318866134,10675.737742204772,18186.96614208506,5944.721466364499,10525.30391051228,12613.943546146424,31670.281554700647,42076.95351111941,34160.29245772738,-2.6911765882352934,-1.3479688750000003,1.102611333333333,-2.6896215882352945,-2.8463187000000003,-2.660055466666667,-25.86951125160448,-80.15001805728389,-103.56863003667286,0.49324640484922944,0.6909052411277735,0.7330373200081227,22.20565677846068,23.235338707951314,23.86734681744133,4065.5312062267603,4901.014950174691,-2098.703551126616,3056.711095089231,993.2081166963326,857.7184393318057,-0.001554999999999751,1.4983498250000005,3.7626668,-0.26249442885000834,-0.17685756873853428,-0.13437863200265537,0.13476599526835364,0.05604264121631678,-0.18413696178419348,-0.0074038106346688976,-17939.537176455273,-0.05972199999999997,0.0028113333333333324,0.056911333333333425,-0.06253333333333333,0.04322066666666653,-0.003187999999999965,-0.046408666666666716,-0.06726166666666672,-0.023224778778784275,0.042087499999999965,-0.056534,-0.0404093333333333,0.09694399999999992,-0.016124666666666662,-0.024770999999999897,0.05801699999999986,0.08278799999999996,-0.08299955555555555,0.0005618025023483714,0.027173999999999934
2016,Ireland,IRL,178,4739.6,36407.51059780754,128.784248882099,100.96652507655855,212940.4234632972,0.3757261732347955,171.4996611136874,-8956.51753475732,225150.371448,258506.06954000003,116714.622108,153083.540064,-0.2636917,0.7358333,380.8517442321269,8.37,293.1345975902083,0.742940128114961,72051.22791586374,69423.05222110276,0.7115018564440001,102788.91546,57861.539516,69438.730316,33350.185144,33350.18359375,,,,0.0,,1.0,1.0,PEG,DEU,-0.21250001,,,,,,,,,,,,,,,,,,,,0.243702,0.142147,0.614152,15.0,0.101555,-0.0840839999999999,0.092759,0.176844,0.1714069999999999,0.0483547014570455,-0.0019356666666666,0.0653980193074172,0.0095014,0.0059339999999999,0.150943,0.172361,0.226231,0.153156,0.622826,0.674483,-0.075289,0.019205,0.073075,0.0183219999999999,-0.0214179999999999,-0.01275,-0.094494,-0.031072,0.1606606666666666,0.1503446666666666,0.0302846042954723,0.0383232468527047,0.0115039,0.0033686,-0.0214347999999999,-0.0505316,0,0,0,109299.707048,123603.444416,147420.954904,60665.267356,61659.96068800001,65621.40760800001,148633.803464,141152.73302800002,149084.290072,1.1825,2.3675,3.79,-0.01936667,0.2099333,0.2206667,349.50243491824773,326.20227259036454,276.63647272923123,0.7674237642389511,1.0433646939159362,1.2003820454222582,171.4996611136874,172.00620697035637,171.6691042699675,9100.895560520492,1648.410031610105,2195.5987784889367,36113.720371508665,29137.841163477693,27015.914178220304,0.999525,1.20186667,2.1575667000000003,3.5693333000000003,-0.1157228055867061,-0.01613191641547045,0.052999827034989,0.07142857142857144,0.2394096106466104,-0.059568243720367176,-0.1062440701443202,0.06061494096255137,-14819.985570000012,-15730.488310399996,-27308.508169151333,-13769.757318866134,10675.737742204772,4619.76583067757,5944.721466364499,10525.30391051228,37391.89190432837,31670.281554700647,42076.95351111941,-3.726666777777778,-2.6911765882352934,-1.3479688750000003,-2.769498136666667,-2.6896215882352945,-2.8463187000000003,-1.1321538541876635,-25.86951125160448,-80.15001805728389,0.18990289712506503,0.49324640484922944,0.6909052411277735,20.46546332298834,22.20565677846068,23.235338707951314,11292.15389034677,4065.5312062267603,4901.014950174691,9862.773020059689,3056.711095089231,993.2081166963326,-0.9571686411111109,-0.001554999999999751,1.4983498250000005,-0.2012151578112259,-0.12221788868104992,-0.020272349636781803,0.019094107737350735,0.21361203226050757,-0.20584171248462582,-0.02403766574857604,-22024.814702558237,-0.028145999999999977,0.06557033333333334,-0.03742400000000001,-0.09371733333333333,0.062759,0.031576000000000146,-0.03118400000000006,-0.01774544444444448,-0.027174782741184025,0.028684666666666657,-0.05972199999999997,0.0028113333333333324,0.056911333333333425,-0.06253333333333333,0.04322066666666653,-0.003187999999999965,-0.046408666666666716,-0.06726166666666672,-0.023224778778784275,0.042087499999999965
2017,Ireland,IRL,178,4792.5,39217.02711678162,137.69551335905032,102.13465755816895,234125.02216871752,0.346658711599149,171.9882293384962,1148.5879078338926,231565.867792,283251.33042,126008.664872,159837.68892800002,-0.32905,0.8016667,427.0284295728408,6.71,299.67828482809944,0.6778508106122648,76087.97387384476,72149.66100413924,0.6971563781840001,103300.044496,58908.999636,70809.09167600001,32490.952819999995,32490.953125,,,,0.0,,1.0,1.0,PEG,DEU,-0.035,,,,,,,,,,,,,,,,,,,,0.195934,0.089172,0.714895,20.0,0.106762,-0.0529749999999999,-0.047768,0.0052069999999999,0.1738446666666666,0.0457006067829885,0.015157,0.0884914674530826,-0.0276035999999999,0.0439514999999999,0.243702,0.150943,0.142147,0.226231,0.614152,0.622826,0.101555,-0.075289,-0.0840839999999999,0.073075,0.092759,-0.0214179999999999,0.176844,-0.094494,0.1714069999999999,0.1606606666666666,0.0483547014570455,0.0302846042954723,0.0095014,0.0115039,0.0059339999999999,-0.0214347999999999,0,0,0,102788.91546,109299.707048,123603.444416,57861.539516,60665.267356,61659.96068800001,153083.540064,148633.803464,141152.73302800002,0.7358333,1.1825,2.3675,-0.2636917,-0.01936667,0.2099333,380.8517442321269,349.50243491824773,326.20227259036454,0.742940128114961,0.7674237642389511,1.0433646939159362,171.4996611136874,171.4996611136874,172.00620697035637,-8956.51753475732,9100.895560520492,1648.410031610105,36407.51059780754,36113.720371508665,29137.841163477693,1.1307167,0.999525,1.20186667,2.1575667000000003,-0.05956824372036713,-0.0462163600721806,0.029937581467312426,0.08969696969696969,0.008135141527280941,0.004972608512431531,-0.11228409239222632,0.05108337073101325,-6742.0991348000025,-14819.985570000012,-32382.009853511772,-27308.508169151333,-13769.757318866134,1572.8924206419106,4619.76583067757,5944.721466364499,39873.63419357424,37391.89190432837,31670.281554700647,-3.9771931210526312,-3.726666777777778,-2.6911765882352934,-2.868060106842105,-2.769498136666667,-2.6896215882352945,30.27674250464878,-1.1321538541876635,-25.86951125160448,0.15542437167870304,0.18990289712506503,0.49324640484922944,19.388333674410006,20.46546332298834,22.20565677846068,-7359.583093896661,11292.15389034677,4065.5312062267603,9637.469929513318,9862.773020059689,3056.711095089231,-1.1091330142105262,-0.9571686411111109,-0.001554999999999751,-0.13388197606648547,-0.1455124496332573,-0.04220835355797051,0.03630172224256283,-0.029529771984405657,-0.19977339870402455,-0.03215525564196263,-19737.76104324836,0.07423033333333334,-0.02925999999999998,-0.044969333333333306,0.10349066666666668,-0.09483033333333322,0.10237633333333332,0.197208,0.00932411111111106,0.00995796070752717,0.009620699999999994,-0.028145999999999977,0.06557033333333334,-0.03742400000000001,-0.09371733333333333,0.062759,0.031576000000000146,-0.03118400000000006,-0.01774544444444448,-0.027174782741184025,0.028684666666666657
2018,Ireland,IRL,178,4857.0,42227.923151757226,147.28261993069248,104.75079185955862,257084.53179407312,0.2855183560467589,172.81879532067325,12606.536948,242489.380472,315813.951564,135967.411652,167954.323512,-0.3220917,0.9508333,453.71770642114336,5.74,307.62713506316373,0.631361901021324,81554.55295555913,75108.51870000444,0.666887930972,104182.116176,59954.097064,71982.562036,32199.55414,32199.5546875,,,,0.0,,1.0,1.0,PEG,DEU,-0.00666667,,,,,,,,,,,,,,,,,,,,0.256902,0.101591,0.641507,16.0,0.155311,0.012419,0.060968,0.048549,0.1525166666666666,0.0691154097168883,0.0443426666666666,0.1036367693646097,-0.0426895,0.0697007,0.195934,0.243702,0.089172,0.142147,0.714895,0.614152,0.106762,0.101555,-0.0529749999999999,-0.0840839999999999,-0.047768,0.092759,0.0052069999999999,0.176844,0.1738446666666666,0.1714069999999999,0.0457006067829885,0.0483547014570455,-0.0276035999999999,0.0095014,0.0439514999999999,0.0059339999999999,0,0,0,103300.044496,102788.91546,109299.707048,58908.999636,57861.539516,60665.267356,159837.68892800002,153083.540064,148633.803464,0.8016667,0.7358333,1.1825,-0.32905,-0.2636917,-0.01936667,427.0284295728408,380.8517442321269,349.50243491824773,0.6778508106122648,0.742940128114961,0.7674237642389511,171.9882293384962,171.4996611136874,171.4996611136874,1148.5879078338926,-8956.51753475732,9100.895560520492,39217.02711678162,36407.51059780754,36113.720371508665,1.2729249999999999,1.1307167,0.999525,1.20186667,0.004972608512431506,0.018102873320720362,0.04412067333415659,0.12124582869855384,0.07716859716146782,0.008538928364490106,-0.05677281359821392,0.060396246309820226,-1484.1643580000084,-6742.0991348000025,-30251.78032483619,-32382.009853511772,-27308.508169151333,2541.707919609813,1572.8924206419106,4619.76583067757,44634.10134789554,39873.63419357424,37391.89190432837,-3.7125000650000004,-3.9771931210526312,-3.726666777777778,-2.7900154015000003,-2.868060106842105,-2.769498136666667,74.93959072013018,30.27674250464878,-1.1321538541876635,0.0825638355920717,0.15542437167870304,0.18990289712506503,18.907485215498326,19.388333674410006,20.46546332298834,3113.501503389385,-7359.583093896661,11292.15389034677,11965.112952011728,9637.469929513318,9862.773020059689,-0.9224846634999999,-1.1091330142105262,-0.9571686411111109,-0.06229470404071391,-0.0735346662596586,-0.025803769398601573,0.0659399642840121,0.041057882175276256,-0.13316359775978856,-0.02105597697193551,-10498.829840798448,0.006931999999999994,-0.08467266666666665,0.07774133333333333,0.09160499999999999,-0.05541266666666656,-0.06729833333333336,-0.011885666666666784,0.013040555555555555,0.006713089247914326,-0.035728233333333234,0.07423033333333334,-0.02925999999999998,-0.044969333333333306,0.10349066666666668,-0.09483033333333322,0.10237633333333332,0.197208,0.00932411111111106,0.00995796070752717,0.009620699999999994
2019,Ireland,IRL,178,4921.5,43729.410638202986,,106.81455513871936,257084.53179407312,0.5469750178185652,174.36999943444306,-55737.47940800001,349319.286816,359205.577708,160582.724472,194755.126432,-0.3563333,0.3333333,455.41226368135307,4.95,320.8282560747202,0.5721485935146351,86930.36451928665,78592.54589181065,0.703512019664,102861.371348,60243.133052000005,72485.027868,30376.34348,30376.34375,,,,0.0,,1.0,1.0,PEG,DEU,-0.03083333,,,,,,,,,,,,,,,,,,,,0.204755,0.084163,0.711082,22.0,0.120592,-0.017428,-0.052147,-0.034719,0.1109699999999999,0.0277049072729004,0.1212093333333333,0.0296474444823381,-0.0161533,0.0105659999999999,0.256902,0.195934,0.101591,0.089172,0.641507,0.714895,0.155311,0.106762,0.012419,-0.0529749999999999,0.060968,-0.047768,0.048549,0.0052069999999999,0.1525166666666666,0.1738446666666666,0.0691154097168883,0.0457006067829885,-0.0426895,-0.0276035999999999,0.0697007,0.0439514999999999,0,0,0,104182.116176,103300.044496,102788.91546,59954.097064,58908.999636,57861.539516,167954.323512,159837.68892800002,153083.540064,0.9508333,0.8016667,0.7358333,-0.3220917,-0.32905,-0.2636917,453.71770642114336,427.0284295728408,380.8517442321269,0.631361901021324,0.6778508106122648,0.742940128114961,172.81879532067325,171.9882293384962,171.4996611136874,12606.536948,1148.5879078338926,-8956.51753475732,42227.923151757226,39217.02711678162,36407.51059780754,0.6896666,1.2729249999999999,1.1307167,0.999525,0.008538928364490194,0.017740878888755213,0.05078048011352428,0.06249999999999997,0.07677522383350666,-0.012677270115811434,-0.015352235614481846,0.03833368217294803,109.94393439999324,-1484.1643580000084,-27929.14767698686,-30251.78032483619,-32382.009853511772,3465.7716371522038,2541.707919609813,1572.8924206419106,50625.30253437671,44634.10134789554,39873.63419357424,-3.3865477476190478,-3.7125000650000004,-3.9771931210526312,-2.650199225238095,-2.7900154015000003,-2.868060106842105,98.06031562937892,74.93959072013018,30.27674250464878,0.032143314782460686,0.0825638355920717,0.15542437167870304,18.837694758842105,18.907485215498326,19.388333674410006,14423.188567203619,3113.501503389385,-7359.583093896661,14406.241703558211,11965.112952011728,9637.469929513318,-0.7363485223809523,-0.9224846634999999,-1.1091330142105262,-0.05561364898661952,-0.07021992737864081,-0.0178537741493038,0.0038971373712576238,0.03861161473855128,-0.08473440936764655,-0.04201033179449531,-4657.626739509651,0.060042333333333364,-0.05092566666666666,-0.00911733333333331,0.11096833333333334,0.03374699999999993,0.0531103333333333,0.019363333333333347,-0.01612077777777776,0.027668772205052865,-0.040490066666666706,0.006931999999999994,-0.08467266666666665,0.07774133333333333,0.09160499999999999,-0.05541266666666656,-0.06729833333333336,-0.011885666666666784,0.013040555555555555,0.006713089247914326,-0.035728233333333234
2020,Ireland,IRL,178,4977.4,45887.56980177752,,94.63062658411438,257084.53179407312,0.408819985382208,174.16235793889837,-7790.583088,319612.372736,385021.925628,200746.12578,235713.179816,-0.42515,-0.06083333,465.5796072426112,5.62,321.1764881681265,0.5843373714863072,85854.52207706282,92298.92432774875,0.6895170073839998,97086.164536,58098.596280000005,70327.10250800001,26759.062028,26759.062028,,,,0.0,0.0,1.0,1.0,PEG,DEU,-0.06833334,,,,,,,,,,,,,,,,,,,,0.249749,0.168027,0.582223,10.0,0.081722,0.083864,0.044994,-0.03887,0.0916419999999999,0.0089727070051358,0.127555,0.0250122745267196,0.0219137,-0.0109838999999999,0.204755,0.256902,0.084163,0.101591,0.711082,0.641507,0.120592,0.155311,-0.017428,0.012419,-0.052147,0.060968,-0.034719,0.048549,0.1109699999999999,0.1525166666666666,0.0277049072729004,0.0691154097168883,-0.0161533,-0.0426895,0.0105659999999999,0.0697007,0,0,0,102861.371348,104182.116176,103300.044496,60243.133052000005,59954.097064,58908.999636,194755.126432,167954.323512,159837.68892800002,0.3333333,0.9508333,0.8016667,-0.3563333,-0.3220917,-0.32905,455.41226368135307,453.71770642114336,427.0284295728408,0.5721485935146351,0.631361901021324,0.6778508106122648,174.36999943444306,172.81879532067325,171.9882293384962,-55737.47940800001,12606.536948,1148.5879078338926,43729.410638202986,42227.923151757226,39217.02711678162,0.36431666999999995,0.6896666,1.2729249999999999,1.1307167,-0.012677270115811391,0.004820954732942807,0.15957197385326685,0.0037348272642390734,0.03555674478827118,-0.05614553584417381,0.0002780889203700676,0.01136048657140537,-1996.2384707999972,109.94393439999324,-27980.38579239654,-27929.14767698686,-30251.78032483619,3597.2725507362047,3465.7716371522038,2541.707919609813,75124.95533917776,50625.30253437671,44634.10134789554,-3.850113759090909,-3.3865477476190478,-3.7125000650000004,-2.5639772240909093,-2.650199225238095,-2.7900154015000003,95.29758581552596,98.06031562937892,74.93959072013018,-0.02853105248706722,0.032143314782460686,0.0825638355920717,19.532640019937276,18.837694758842105,18.907485215498326,-54576.42726912383,14423.188567203619,3113.501503389385,15252.900021660414,14406.241703558211,11965.112952011728,-1.2861365349999998,-0.7363485223809523,-0.9224846634999999,-0.07418157846755828,-0.07979604546880366,0.09178789931183418,-0.05505361333456316,-0.004445512627567594,-0.06486736436441232,-0.0668830108063132,-2818.3801976617724,-0.027424333333333384,-0.02680699999999997,0.05423066666666665,-0.0006173333333333308,0.0241186666666666,-0.08746666666666666,-0.11158566666666665,-0.054952777777777795,-0.026685332046073696,0.004110599999999957,0.060042333333333364,-0.05092566666666666,-0.00911733333333331,0.11096833333333334,0.03374699999999993,0.0531103333333333,0.019363333333333347,-0.01612077777777776,0.027668772205052865,-0.040490066666666706
2003,Italy,ITA,136,57998.35,19006.70848985905,99.37619634752171,98.96,2700502.602364,0.2051329276768616,155.36910186591135,-29750.796215360253,620310.040518,634340.640192,1051272.0,1599586.5898131002,2.18798333333333,4.24833,161.26734603854638,8.8657,163.40891896661392,1.0015686612764791,672063.82684,746230.71292,1533.0720506730008,2011230.75678,876293.8125,702091.5020000001,1309139.2548,1898152.625,6.3641133308410645,148.45346069335938,64.84156036376953,0.0,0.0,1.0,1.0,PEG,DEU,-0.95999998,0.172159194946289,0.0997839868068695,0.0474719628691673,0.0218798331916332,,,0.0627402141690254,0.0370437763631343,0.0348568484187126,0.1364069879055023,0.0314607322216033,,,,0.0424832999706268,0.0357521958649158,0.0898174047470092,0.1087882369756698,0.0346758961677551,0.158999,0.270538,0.570462,0.0,-0.11154,0.0,0.0,0.0,0.207876,0.108533767703881,-0.037114,0.1289096134041212,0.0563958,-0.0669834,0.158999,0.158999,0.270538,0.270538,0.570462,0.570462,-0.11154,-0.11154,0.0,0.187986,0.0,-0.0352909999999999,0.0,-0.223278,0.1825179999999999,0.1569756666666666,0.0945606378785591,0.0644533790606305,0.0416208,0.0117968999999999,-0.1110195,-0.0559515999999999,0,0,0,1898034.47631,1792530.99655,1663161.05277,772368.4375,705571.0,659767.0,1498672.1667666,1385985.93854,1307137.1516,5.03583,5.18917,5.57583,3.2643,4.05160833333333,4.52789166666667,145.66864812046742,132.79070805890575,122.28765842978017,1.0164529144965664,1.0453446590352495,1.0488658988582051,151.1182054108509,147.27261796998187,143.9273641447176,-17298.4777629446,-1432.4838760921366,-12029.636614723267,19100.471045688388,19062.439916661428,18761.37160268521,2.0603466666666703,1.7715299999999998,1.1375616666666701,1.04793833333333,0.058857269393420585,0.09467146112864616,0.08130401982671184,0.09697922580433142,0.0019950819094107257,0.05963868511496506,0.09326356306201807,0.04422557140040288,114971.25917900006,145878.58180000016,407504.28616799996,377501.00801,330841.4189733332,173064.83750000002,132834.25,116040.33333333337,216197.0160206,129388.48474249989,67386.26373666665,-0.4120040000000005,-0.32333000000000034,0.08443999999999985,-1.2379866666666657,-0.5633479166666708,-0.11608611111110712,30.631145640193978,22.191506973290387,15.584609792219737,-0.06870773123562612,-0.04976998337117866,-0.0616649913976306,10.155220974712392,7.887041917304202,6.05571745605323,-35745.03316521883,-24848.79909795796,-47261.26911545212,790.7665541420502,940.9192813938644,853.1346232235301,0.8259826666666659,0.24001791666667027,0.20052611111110696,-0.04043530982671479,0.0017126866104730243,0.053342685348543147,0.029034729751464247,-0.017105140889422332,-0.008166523795953479,0.011329797711670794,-8681.36335849989,-0.08495166666666665,0.08802000000000001,-0.0030689999999999884,-0.17297233333333334,-0.025542333333333295,0.028585666666666665,0.054128333333333334,0.02257872222222218,0.039542455182035904,0.040669,-0.11353733333333332,0.11356233333333335,-2.599999999997049e-05,-0.22710066666666667,0.19904000000000002,-0.056549333333333195,-0.25559033333333336,-0.004445416666666702,0.01415279454616096,0.0216901999999998
2004,Italy,ITA,136,58057.48,19210.519703975657,99.54733859573945,98.65,2812081.71013,0.2152000582750009,158.8753157303043,-10454.5055384,662729.8436780002,681734.527355,1118706.0,1729272.281142,2.0795,4.25833,175.93175300566642,7.8656,170.6216331801942,0.9969548736562398,683710.49089,768581.07753,1421.5329270978636,2122564.34551,985970.0,795806.97,1326757.3755,2009000.25,6.332449436187744,149.74237060546875,65.65532684326172,0.0,0.0,1.0,1.0,PEG,DEU,-0.26967001,0.2637886106967926,0.1050056815147399,0.104919396340847,0.0207950007170438,,,0.069176085293293,0.0358295962214469,0.0335114076733589,0.2050923407077789,0.0487068630754947,,,,0.0425833016633987,0.0586962662637233,0.110881507396698,0.1266067624092102,0.0628571957349777,0.321485,0.130425,0.54809,7.0,0.19106,-0.140113,0.162486,0.3026,0.270538,0.0,-0.11154,0.0,-0.0420338999999999,0.09078,0.158999,0.158999,0.270538,0.270538,0.570462,0.570462,-0.11154,-0.11154,0.0,0.0,0.0,0.0,0.0,0.0,0.207876,0.1825179999999999,0.108533767703881,0.0945606378785591,0.0563958,0.0416208,-0.0669834,-0.1110195,0,0,0,2011230.75678,1898034.47631,1792530.99655,876293.8125,772368.4375,705571.0,1599586.5898131002,1498672.1667666,1385985.93854,4.24833,5.03583,5.18917,2.18798333333333,3.2643,4.05160833333333,161.26734603854638,145.66864812046742,132.79070805890575,1.0015686612764791,1.0164529144965664,1.0453446590352495,155.36910186591135,151.1182054108509,147.27261796998187,-29750.796215360253,-17298.4777629446,-1432.4838760921366,19006.70848985905,19100.471045688388,19062.439916661428,2.17883,2.0603466666666703,1.7715299999999998,1.1375616666666701,0.05963868511496515,0.13455414534595092,0.06733588925203306,0.1070834261136198,-0.004908913272612822,0.05535594976095437,0.06542717749942757,0.010709817909030741,110329.63273499977,114971.25917900006,452783.1856099998,407504.28616799996,377501.00801,248146.07291666663,173064.83750000002,132834.25,281078.60306366696,216197.0160206,129388.48474249989,-1.1308366666666663,-0.4120040000000005,-0.32333000000000034,-2.1079722222222257,-1.2379866666666657,-0.5633479166666708,41.1246526182406,30.631145640193978,22.191506973290387,-0.07214069591644234,-0.06870773123562612,-0.04976998337117866,12.713580600654126,10.155220974712392,7.887041917304202,-42239.84609009801,-35745.03316521883,-24848.79909795796,565.2095726223743,790.7665541420502,940.9192813938644,0.9771355555555588,0.8259826666666659,0.24001791666667027,-0.03156683213982726,0.04125283350568318,0.028706017704155734,0.03333198411045979,-0.020588107893561414,-0.033961278409555595,-0.02501840520761904,-36694.89819333337,-0.011763666666666645,0.06266199999999997,-0.05089866666666665,-0.07442599999999999,-0.025357999999999995,0.07318799999999996,0.09854633333333333,0.03870155555555563,0.04042658203731957,0.04188766666666667,-0.08495166666666665,0.08802000000000001,-0.0030689999999999884,-0.17297233333333334,-0.025542333333333295,0.028585666666666665,0.054128333333333334,0.02257872222222218,0.039542455182035904,0.040669
2005,Italy,ITA,136,58103.03,19283.733171442167,100.0,98.5,2892081.222331,0.2115862254145129,162.3815295946972,-26436.1367325,721271.030858,719592.478395,1210988.0,1888562.437097,2.1724,3.55583,188.13783601175683,7.7305,176.35610682433935,1.0150090646753502,693577.72281,798202.13599,1641.3240654403662,2309319.5232800003,1108280.25,903269.955,1406049.5683,2164788.5,6.639402389526367,152.0869140625,66.5276107788086,0.0,0.0,1.0,1.0,PEG,DEU,0.04167,0.2089715600013733,0.1053636595606803,0.0648841708898544,0.0217240005731582,,,0.0710334181785583,0.034330241382122,0.0320533812046051,0.1545159071683883,0.0471675172448158,,,,0.0355582982301712,0.0544556491076946,0.1019798219203949,0.1203269809484481,0.0433040857315063,0.280473,0.278293,0.441234,3.0,0.00218,0.147868,-0.041012,-0.18888,0.2238336666666666,0.080894278266966,-0.0106733333333333,0.1747061914567807,-0.0116847999999999,0.064376,0.321485,0.158999,0.130425,0.270538,0.54809,0.570462,0.19106,-0.11154,-0.140113,0.0,0.162486,0.0,0.3026,0.0,0.270538,0.207876,0.0,0.108533767703881,-0.0420338999999999,0.0563958,0.09078,-0.0669834,0,0,1,2122564.34551,2011230.75678,1898034.47631,985970.0,876293.8125,772368.4375,1729272.281142,1599586.5898131002,1498672.1667666,4.25833,4.24833,5.03583,2.0795,2.18798333333333,3.2643,175.93175300566642,161.26734603854638,145.66864812046742,0.9969548736562398,1.0015686612764791,1.0164529144965664,158.8753157303043,155.36910186591135,151.1182054108509,-10454.5055384,-29750.796215360253,-17298.4777629446,19210.519703975657,19006.70848985905,19100.471045688388,1.3834299999999997,2.17883,2.0603466666666703,1.7715299999999998,0.05535594976095439,0.125159148604624,0.08107450522203537,0.09093227691373389,0.010723119903972237,0.08798563782768509,0.057950634756446684,0.0022807773459597356,134518.8729640001,110329.63273499977,499433.46210999973,452783.1856099998,407504.28616799996,322372.8214285715,248146.07291666663,173064.83750000002,370610.2082406145,281078.60306366696,216197.0160206,-0.9592885714285719,-1.1308366666666663,-0.4120040000000005,-1.9153166666666657,-2.1079722222222257,-1.2379866666666657,49.91410921132628,41.1246526182406,30.631145640193978,-0.06644866983433262,-0.07214069591644234,-0.06870773123562612,14.40356866495361,12.713580600654126,10.155220974712392,-16909.2916859809,-42239.84609009801,-35745.03316521883,688.2765620786413,565.2095726223743,790.7665541420502,0.9560280952380944,0.9771355555555588,0.8259826666666659,-0.0305884288038668,0.024982364513409044,0.03766029739013209,0.01162550422549724,-0.001524723401382785,-0.03464556547062536,-0.02844376472916624,-32162.800089000302,0.16248600000000002,-0.140113,-0.02237200000000006,0.3026,-0.20277499999999998,0.17424966666666664,0.377026,0.08808144444444449,-0.08918259488102354,-0.07863839999999986,-0.011763666666666645,0.06266199999999997,-0.05089866666666665,-0.07442599999999999,-0.025357999999999995,0.07318799999999996,0.09854633333333333,0.03870155555555563,0.04042658203731957,0.04188766666666667
2006,Italy,ITA,136,58133.51,19629.60635333147,101.48515733893936,100.0,3006420.870236,0.2148530836293186,166.00216083630204,-45396.04186656,822039.943214,798472.245655,1291113.0,2029653.978576,3.18271666666667,4.0475,199.3891680704801,6.7766,182.22580962263464,1.0211856609420804,767401.8891,852615.19553,1470.2126044039485,2560128.44892,1232728.25,1072089.46376,1541650.4289,2380462.0,6.061980724334717,156.2637481689453,67.75315856933594,0.0,0.0,1.0,1.0,PEG,DEU,0.74583,0.2223227769136428,0.0901071429252624,-0.0071440152823925,0.0318271666765213,,,0.0572609193623065,0.0328462198376655,0.0310672782361507,0.1723479181528091,0.0426280125975608,,,,0.0404749996960163,0.049974862486124,0.0876699984073638,0.1101262047886848,0.0123415756970644,0.225945,0.15344,0.620616,6.0,0.072505,-0.124853,-0.0545279999999999,0.070325,0.2264186666666666,0.0832233322832806,0.0272333333333333,0.1528477743813541,-0.0203426,0.0363255,0.280473,0.321485,0.278293,0.130425,0.441234,0.54809,0.00218,0.19106,0.147868,-0.140113,-0.041012,0.162486,-0.18888,0.3026,0.2238336666666666,0.270538,0.080894278266966,0.0,-0.0116847999999999,-0.0420338999999999,0.064376,0.09078,0,1,1,2309319.5232800003,2122564.34551,2011230.75678,1108280.25,985970.0,876293.8125,1888562.437097,1729272.281142,1599586.5898131002,3.55583,4.25833,4.24833,2.1724,2.0795,2.18798333333333,188.13783601175683,175.93175300566642,161.26734603854638,1.0150090646753502,0.9969548736562398,1.0015686612764791,162.3815295946972,158.8753157303043,155.36910186591135,-26436.1367325,-10454.5055384,-29750.796215360253,19283.733171442167,19210.519703975657,19006.70848985905,0.8647833333333304,1.3834299999999997,2.17883,2.0603466666666703,0.08798563782768515,0.12405068105520452,0.09211398210223186,0.06937964749147514,0.003811113316802078,0.10860728587431145,0.06766009090120151,0.017732212183583795,183344.8254189999,134518.8729640001,623759.4571162504,499433.46210999973,452783.1856099998,404386.46875,322372.8214285715,248146.07291666663,483574.08816553745,370610.2082406145,281078.60306366696,-1.5418775000000005,-0.9592885714285719,-1.1308366666666663,-1.5830020833333323,-1.9153166666666657,-2.1079722222222257,55.880928566000904,49.91410921132628,41.1246526182406,-0.04008839508593076,-0.06644866983433262,-0.07214069591644234,16.10933644622733,14.40356866495361,12.713580600654126,-30777.261419333285,-16909.2916859809,-42239.84609009801,675.4554592853201,688.2765620786413,565.2095726223743,0.04112458333333224,0.9560280952380944,0.9771355555555588,0.006411034806273488,0.020304987747788286,0.043319731786023996,-0.011587911514689686,-0.008218912359783975,-0.01916184841409964,-0.008251702436681142,-1540.9998421999044,0.06731199999999996,0.05445933333333333,-0.1217706666666667,0.01285333333333334,0.19457233333333332,-0.09517399999999998,-0.28974666666666665,0.0035229999999999706,0.0131961430728193,-0.030345699999999934,0.16248600000000002,-0.140113,-0.02237200000000006,0.3026,-0.20277499999999998,0.17424966666666664,0.377026,0.08808144444444449,-0.08918259488102354,-0.07863839999999986
2007,Italy,ITA,136,58147.73,19841.538671196064,102.47557345192438,99.71,3126765.859546,0.2157057654075546,169.3629288822052,-43887.314156796005,865899.944,854863.205,1325214.0,2153009.9064614,4.03571666666667,4.48732,208.7600400165844,6.0754,186.23058316183693,0.992961773906488,812191.68674,869592.4108899999,1315.311459819305,2814000.5537,1361393.375,1190174.82598,1683412.5007,2663279.25,6.616278648376465,165.28860473632812,70.12306213378906,0.0,0.0,1.0,1.0,PEG,DEU,1.02334,-0.0419545918703079,0.0769107565283775,0.018521400168538,0.0403571650385856,,,0.0450400151312351,0.0318707413971424,0.0304971504956483,-0.0784801468253135,0.0396362096071243,,,,0.0448732003569603,0.0365255549550056,0.053848959505558,0.0608280152082443,0.0294392816722393,0.197767,0.112292,0.689941,6.0,0.085474,-0.0411479999999999,-0.028178,0.0129689999999999,0.187386,0.0795643421577781,0.0885816666666666,0.0954607668538931,-0.0179251999999999,-0.0246433,0.225945,0.280473,0.15344,0.278293,0.620616,0.441234,0.072505,0.00218,-0.124853,0.147868,-0.0545279999999999,-0.041012,0.070325,-0.18888,0.2264186666666666,0.2238336666666666,0.0832233322832806,0.080894278266966,-0.0203426,-0.0116847999999999,0.0363255,0.064376,1,1,1,2560128.44892,2309319.5232800003,2122564.34551,1232728.25,1108280.25,985970.0,2029653.978576,1888562.437097,1729272.281142,4.0475,3.55583,4.25833,3.18271666666667,2.1724,2.0795,199.3891680704801,188.13783601175683,175.93175300566642,1.0211856609420804,1.0150090646753502,0.9969548736562398,166.00216083630204,162.3815295946972,158.8753157303043,-45396.04186656,-26436.1367325,-10454.5055384,19629.60635333147,19283.733171442167,19210.519703975657,0.45160333333333025,0.8647833333333304,1.3834299999999997,2.17883,0.10860728587431143,0.11228928784032739,0.07470843362524922,0.05980366468135722,0.017936007453241285,0.09916381534961549,0.08398295782098364,0.026850368431205335,232511.75502099973,183344.8254189999,805261.7764099997,623759.4571162504,499433.46210999973,483902.6388888889,404386.46875,322372.8214285715,570935.1754039223,483574.08816553745,370610.2082406145,-0.8788877777777779,-1.5418775000000005,-0.9592885714285719,-0.39679629629629254,-1.5830020833333323,-1.9153166666666657,60.92326856183519,55.880928566000904,49.91410921132628,-0.029457532698541566,-0.04008839508593076,-0.06644866983433262,17.940041416029118,16.10933644622733,14.40356866495361,-46317.47084013403,-30777.261419333285,-16909.2916859809,946.2780345873653,675.4554592853201,688.2765620786413,-0.4820914814814852,0.04112458333333224,0.9560280952380944,0.026231303502115583,0.00600547106443762,0.020499216835788356,-0.019715405385471403,0.006933345821628228,-0.00010157457801755754,0.0020452684447519916,47541.78591983323,-0.027707333333333306,-0.07297866666666669,0.10068733333333335,0.04527166666666667,-0.127438,-0.09501933333333323,0.032418333333333334,-0.007663888888888942,0.02008065029299827,-0.021234966666666733,0.06731199999999996,0.05445933333333333,-0.1217706666666667,0.01285333333333334,0.19457233333333332,-0.09517399999999998,-0.28974666666666665,0.0035229999999999706,0.0131961430728193,-0.030345699999999934
2008,Italy,ITA,136,58145.32,19460.4958473145,100.8196290505496,97.34,3171028.217238,0.21241269452273,175.2777255007884,-88630.27114305,877130.3099999999,852152.427,1416224.0,2314138.3571544,3.7577,4.68115,206.2585045012352,6.7232,191.97937140011075,1.06164,818885.37213,899331.58182,1391.2984120140827,2949473.62052,1414985.5,1233498.86723,1775900.3735,2800094.25,4.203999996185303,161.20465087890625,71.30433654785156,1.0,1.0,1.0,1.0,PEG,DEU,-0.04084,-0.468401163816452,0.0469318851828575,0.0747871100902557,0.037576999515295,,,0.015672305598855,0.0312595777213573,0.0307772289961576,-0.4990692436695099,0.0612221956253051,,,,0.0468114987015724,0.0306680798530578,0.0208967328071594,0.0099318409338593,0.0561820566654205,0.260984,0.10759,0.631426,6.0,0.153394,-0.0047019999999999,0.063217,0.06792,0.1813416666666666,0.0864462853587899,0.0533863333333333,0.0448175765780942,-0.0553257,0.0466611,0.197767,0.225945,0.112292,0.15344,0.689941,0.620616,0.085474,0.072505,-0.0411479999999999,-0.124853,-0.028178,-0.0545279999999999,0.0129689999999999,0.070325,0.187386,0.2264186666666666,0.0795643421577781,0.0832233322832806,-0.0179251999999999,-0.0203426,-0.0246433,0.0363255,0,0,0,2814000.5537,2560128.44892,2309319.5232800003,1361393.375,1232728.25,1108280.25,2153009.9064614,2029653.978576,1888562.437097,4.48732,4.0475,3.55583,4.03571666666667,3.18271666666667,2.1724,208.7600400165844,199.3891680704801,188.13783601175683,0.992961773906488,1.0211856609420804,1.0150090646753502,169.3629288822052,166.00216083630204,162.3815295946972,-43887.314156796005,-45396.04186656,-26436.1367325,19841.538671196064,19629.60635333147,19283.733171442167,0.9234499999999999,0.45160333333333025,0.8647833333333304,1.3834299999999997,0.09916381534961541,0.10437428119295554,0.06077682658595141,0.04699789881660916,0.010796564844440968,0.04814251604956965,0.09858557968387067,0.010322977254822749,217433.43964999993,232511.75502099973,978607.703549,805261.7764099997,623759.4571162504,564177.5,483902.6388888889,404386.46875,637197.58574893,570935.1754039223,483574.08816553745,-0.35117900000000013,-0.8788877777777779,-1.5418775000000005,0.49588333333333745,-0.39679629629629254,-1.5830020833333323,64.20181365175597,60.92326856183519,55.880928566000904,-0.05473566646427974,-0.029457532698541566,-0.04008839508593076,19.50680532032939,17.940041416029118,16.10933644622733,-40176.99604635663,-46317.47084013403,-30777.261419333285,1063.582548993225,946.2780345873653,675.4554592853201,-0.8470623333333367,-0.4820914814814852,0.04112458333333224,0.01387324369940672,-0.002576810145649519,0.004289919036958502,-0.030330570651833748,-0.0009764685451307802,0.014513744107121668,-0.014737781287224595,89917.03181899973,-0.07820066666666667,-0.07509400000000002,0.15329433333333342,-0.0031076666666666614,-0.002115333333333233,-0.05049333333333336,-0.04837933333333343,-0.052877444444444394,0.024858471974362577,0.0067619000000000325,-0.027707333333333306,-0.07297866666666669,0.10068733333333335,0.04527166666666667,-0.127438,-0.09501933333333323,0.032418333333333334,-0.007663888888888942,0.02008065029299827,-0.021234966666666733
2009,Italy,ITA,136,58558.23632622623,18278.625580046355,95.06130746532357,94.77,3053993.281493,0.199885561701316,176.61970558605384,-57567.77700601201,704415.0260000001,684471.445,1568067.3865094,2520390.4184354,0.955,4.31333,199.2622545919593,7.7486,192.33440060584635,1.1661,814360.30914,955266.54958,1344.0719144800769,2905721.6636,1512834.875,1293819.48654,1676577.4676,2793867.25,5.064099788665772,149.5216522216797,69.60292053222656,0.0,0.0,1.0,1.0,PEG,DEU,-3.192497,0.2256501317024231,0.0247128121554851,0.0944895148277282,0.0095499996095895,,,-0.0069261793978512,0.031638991087675,0.0318596549332141,0.1752136796712875,0.0429168455302715,,,,0.0431332997977733,0.0504364632070064,0.0442718528211116,0.0417939946055412,0.0520197562873363,0.262458,0.10029,0.637252,16.0,0.162168,-0.0073,0.001474,0.008774,0.1244406666666666,0.025223960857354,0.103791,0.0434441244243685,-0.0164152,0.0336909,0.260984,0.197767,0.10759,0.112292,0.631426,0.689941,0.153394,0.085474,-0.0047019999999999,-0.0411479999999999,0.063217,-0.028178,0.06792,0.0129689999999999,0.1813416666666666,0.187386,0.0864462853587899,0.0795643421577781,-0.0553257,-0.0179251999999999,0.0466611,-0.0246433,0,0,0,2949473.62052,2814000.5537,2560128.44892,1414985.5,1361393.375,1232728.25,2314138.3571544,2153009.9064614,2029653.978576,4.68115,4.48732,4.0475,3.7577,4.03571666666667,3.18271666666667,206.2585045012352,208.7600400165844,199.3891680704801,1.06164,0.992961773906488,1.0211856609420804,175.2777255007884,169.3629288822052,166.00216083630204,-88630.27114305,-43887.314156796005,-45396.04186656,19460.4958473145,19841.538671196064,19629.60635333147,3.3583299999999996,0.9234499999999999,0.45160333333333025,0.8647833333333304,0.048142516049569546,0.03936564257189808,0.07483869452223019,-0.011982827341623856,-0.01920429812405232,-0.014833818690769052,0.08530453909116553,0.03252778429736305,117225.27108600005,217433.43964999993,1025116.4336827269,978607.703549,805261.7764099997,566480.7613636364,564177.5,483902.6388888889,740398.9831920273,637197.58574893,570935.1754039223,-0.12542363636363696,-0.35117900000000013,-0.8788877777777779,0.17278636363636357,0.49588333333333745,-0.39679629629629254,55.863749622610754,64.20181365175597,60.92326856183519,0.018918529307803134,-0.05473566646427974,-0.029457532698541566,23.648256000700798,19.50680532032939,17.940041416029118,-81267.49884657821,-40176.99604635663,-46317.47084013403,585.8504024759131,1063.582548993225,946.2780345873653,-0.2982100000000001,-0.8470623333333367,-0.4820914814814852,-0.03853537997057981,-0.06732776775214204,0.017922795069541433,-0.08627823974488338,-0.03087968465911099,-0.000379934719708111,0.009104557009451768,63599.087470624945,0.026255666666666677,-0.07375166666666665,0.047495666666666714,0.10000766666666669,0.001342333333333402,0.10445633333333329,0.10311533333333336,-0.03120444444444448,0.005218967789448317,-0.038674833333333394,-0.07820066666666667,-0.07509400000000002,0.15329433333333342,-0.0031076666666666614,-0.002115333333333233,-0.05049333333333336,-0.04837933333333343,-0.052877444444444394,0.024858471974362577,0.0067619000000000325
2010,Italy,ITA,136,58823.330578624445,18520.425122909404,96.39303591470858,95.61205385211272,3119871.963838,0.1994390775942661,179.4801400163523,-102799.81948852,878485.699,782446.7069999999,1543799.4175421998,2517318.3324533994,1.13333333333333,4.03583,199.76876479767049,8.3625,197.0484057850057,1.19198,820399.53527,948414.09005,1449.0869630294867,3118523.54541,1696683.75,1355547.77414,1830710.3684,2861141.0,5.179999828338623,148.10321044921875,66.26205444335938,0.0,0.0,1.0,1.0,PEG,DEU,-0.24250001,-0.0745914578437805,0.024342805147171,-0.0072300089523196,0.0113333333283662,,,-0.0081221861764788,0.0324649922549724,0.0327308364212513,-0.1113043501973152,0.0413109809160232,,,,0.0403583012521266,0.0367128886282444,0.0128401713445782,0.0165456421673297,0.0020516621880233,0.234233,0.128277,0.637489,10.0,0.105956,0.0279869999999999,-0.028225,-0.056212,0.106724,0.006047682862055,0.1336786666666666,0.041976340780651,0.0040655,0.007022,0.262458,0.260984,0.10029,0.10759,0.637252,0.631426,0.162168,0.153394,-0.0073,-0.0047019999999999,0.001474,0.063217,0.008774,0.06792,0.1244406666666666,0.1813416666666666,0.025223960857354,0.0864462853587899,-0.0164152,-0.0553257,0.0336909,0.0466611,0,0,0,2905721.6636,2949473.62052,2814000.5537,1512834.875,1414985.5,1361393.375,2520390.4184354,2314138.3571544,2153009.9064614,4.31333,4.68115,4.48732,0.955,3.7577,4.03571666666667,199.2622545919593,206.2585045012352,208.7600400165844,1.1661,1.06164,0.992961773906488,176.61970558605384,175.2777255007884,169.3629288822052,-57567.77700601201,-88630.27114305,-43887.314156796005,18278.625580046355,19460.4958473145,19841.538671196064,2.9024966666666696,3.3583299999999996,0.9234499999999999,0.45160333333333025,-0.014833818690769036,0.06915221039367542,0.08912693601199342,-0.03391981303361962,-0.06073176534354553,0.07323546658847979,0.0441575042361387,0.0571031993943093,86981.7018210003,117225.27108600005,895938.1072891667,1025116.4336827269,978607.703549,617123.40625,566480.7613636364,564177.5,884951.1292070248,740398.9831920273,637197.58574893,-0.4827916666666674,-0.12542363636363696,-0.35117900000000013,-2.6443125,0.17278636363636357,0.49588333333333745,44.21218724478399,55.863749622610754,64.20181365175597,0.12180198519881946,0.018918529307803134,-0.05473566646427974,23.019548085907843,23.648256000700798,19.50680532032939,-43432.71313899203,-81267.49884657821,-40176.99604635663,-644.8407316652265,585.8504024759131,1063.582548993225,2.161520833333333,-0.2982100000000001,-0.8470623333333367,-0.09800849834995659,-0.031420493771079056,0.030581691552982723,-0.1003717490964352,-0.06959990781868503,-0.041488976102764134,0.03276951640545285,-43675.64636788881,0.034226000000000034,-0.024150666666666654,-0.010075666666666594,0.058377,0.04960099999999993,0.007970333333333308,-0.041630666666666635,-0.07394144444444446,-0.057854025742595544,0.014782633333333298,0.026255666666666677,-0.07375166666666665,0.047495666666666714,0.10000766666666669,0.001342333333333402,0.10445633333333329,0.10311533333333336,-0.03120444444444448,0.005218967789448317,-0.038674833333333394
2011,Italy,ITA,136,59077.58454560862,18551.19764227564,96.90805180495742,95.50959126890224,3192436.392866,0.1965190839694656,184.74915720084093,-90186.33903839,902599.424699,857886.303351,1502460.8081875,2546690.0767882,2.78583333333333,5.42417,200.49147754263615,8.359,199.55205344778756,1.19692,829962.7727999999,942729.20133,1496.460313780045,3138209.6025,1893051.5,1388826.44663,1817479.8355,2879495.0,5.094699859619141,156.73458862304688,70.50524139404297,0.0,0.0,1.0,1.0,PEG,DEU,0.425834,-0.2131871283054351,0.0392180383205413,-0.064863309264183,0.0278583336621522,,,0.0059635071083903,0.0332545302808284,0.0330573916435241,-0.2455079108476638,0.0428378134965896,,,,0.0542416982352733,0.0323207899928092,0.0124842105433344,0.0235411338508129,-0.0185024887323379,0.213293,0.103648,0.683059,12.0,0.109645,-0.0246289999999999,-0.0209399999999999,0.003689,0.1120523333333333,0.0145173122971618,0.140506,0.0302410754438399,0.0016160999999999,-0.0187458999999999,0.234233,0.262458,0.128277,0.10029,0.637489,0.637252,0.105956,0.162168,0.0279869999999999,-0.0073,-0.028225,0.001474,-0.056212,0.008774,0.106724,0.1244406666666666,0.006047682862055,0.025223960857354,0.0040655,-0.0164152,0.007022,0.0336909,0,0,0,3118523.54541,2905721.6636,2949473.62052,1696683.75,1512834.875,1414985.5,2517318.3324533994,2520390.4184354,2314138.3571544,4.03583,4.31333,4.68115,1.13333333333333,0.955,3.7577,199.76876479767049,199.2622545919593,206.2585045012352,1.19198,1.1661,1.06164,179.4801400163523,176.61970558605384,175.2777255007884,-102799.81948852,-57567.77700601201,-88630.27114305,18520.425122909404,18278.625580046355,19460.4958473145,2.63833666666667,2.9024966666666696,3.3583299999999996,0.9234499999999999,0.07323546658847978,0.12152606873238561,-0.0012188928983103877,0.00254192750527886,0.013228540723926579,0.006312620957752646,0.03551472131576013,0.04537230049577437,77900.98277500023,86981.7018210003,1039821.6731538461,895938.1072891667,1025116.4336827269,753501.25,617123.40625,566480.7613636364,813805.8794398687,884951.1292070248,740398.9831920273,-0.7231538461538465,-0.4827916666666674,-0.12542363636363696,-2.262570512820516,-2.6443125,0.17278636363636357,41.317759970127156,44.21218724478399,55.863749622610754,0.13831260172198734,0.12180198519881946,0.018918529307803134,24.109248048059555,23.019548085907843,23.648256000700798,-85323.7776877314,-43432.71313899203,-81267.49884657821,-353.4380555971584,-644.8407316652265,585.8504024759131,1.5394166666666695,2.161520833333333,-0.2982100000000001,-0.0017718382082113904,0.02357173904855439,-0.06231261165340299,-0.05554569613283379,0.010160390567010841,-0.04636003392289142,0.018059570560967658,-69551.65099609968,-0.006170000000000009,0.021553000000000003,-0.015384000000000064,-0.027722666666666645,0.045703666666666504,-0.040395999999999994,-0.08609966666666663,-0.057665444444444394,-0.057697179929252336,0.03395419999999996,0.034226000000000034,-0.024150666666666654,-0.010075666666666594,0.058377,0.04960099999999993,0.007970333333333308,-0.041630666666666635,-0.07394144444444446,-0.057854025742595544,0.014782633333333298
2012,Italy,ITA,136,59232.30498288192,17951.283874349927,93.76623448542534,91.71406855837267,3145197.020049,0.183598834686667,190.8733957980494,-7265.4019853646,857867.5215319999,892583.099989,1500289.9784397,2707999.0072079,1.895,5.4925,190.2224283762781,10.6545,198.32833453035505,1.26493,861254.83227,970011.24563,1467.5382749734729,3034781.80418,1854237.98518,1373231.72805,1728380.4352,2879072.75,5.492800235748291,139.19052124023438,67.17158508300781,0.0,0.0,1.0,1.0,PEG,DEU,-0.55416697,0.1306787282228469,-0.0108206756412982,0.245454266667366,0.0189500004053115,,,-0.0445938780903816,0.0337732024490833,0.0353495776653289,0.0839424654841423,0.0431169271469116,,,,0.0549249984323978,0.0467362664639949,0.0343243479728698,-0.0009744731360115,0.1322021335363388,0.22697,0.279257,0.493774,5.0,-0.052287,0.1756089999999999,0.0136769999999999,-0.161932,0.1107383333333333,0.0152814483061432,0.1259229999999999,0.0314432377308701,0.0512272,-0.0639675999999999,0.213293,0.234233,0.103648,0.128277,0.683059,0.637489,0.109645,0.105956,-0.0246289999999999,0.0279869999999999,-0.0209399999999999,-0.028225,0.003689,-0.056212,0.1120523333333333,0.106724,0.0145173122971618,0.006047682862055,0.0016160999999999,0.0040655,-0.0187458999999999,0.007022,0,0,0,3138209.6025,3118523.54541,2905721.6636,1893051.5,1696683.75,1512834.875,2546690.0767882,2517318.3324533994,2520390.4184354,5.42417,4.03583,4.31333,2.78583333333333,1.13333333333333,0.955,200.49147754263615,199.76876479767049,199.2622545919593,1.19692,1.19198,1.1661,184.74915720084093,179.4801400163523,176.61970558605384,-90186.33903839,-102799.81948852,-57567.77700601201,18551.19764227564,18520.425122909404,18278.625580046355,3.5974999999999997,2.63833666666667,2.9024966666666696,3.3583299999999996,0.006312620957752646,0.11573621188981152,0.011667870509716063,0.003617746476520686,0.0016615449786934018,-0.03295758136665128,0.02157142295182113,0.045974699902447076,40686.64788299985,77900.98277500023,985234.7535900003,1039821.6731538461,895938.1072891667,896047.4821428572,753501.25,617123.40625,785048.6323861072,813805.8794398687,884951.1292070248,0.7168400000000004,-0.7231538461538465,-0.4827916666666674,-0.4484583333333365,-2.262570512820516,-2.6443125,39.08920414579802,41.317759970127156,44.21218724478399,0.13337313017041663,0.13831260172198734,0.12180198519881946,27.6561760862582,24.109248048059555,23.019548085907843,-66615.74168847772,-85323.7776877314,-43432.71313899203,-297.4199608311246,-353.4380555971584,-644.8407316652265,1.1652983333333367,1.5394166666666695,2.161520833333333,-0.06855838859215303,0.01596867150993765,-0.04463257042588399,-0.05019713130522014,-0.002188173683377017,-0.05643999612658947,0.01715700575422639,-72309.49267881796,-0.03926533333333332,-0.008404333333333347,0.04766999999999999,-0.030860999999999986,-0.029957333333333235,-0.033095333333333234,-0.0031383333333333337,-0.02544977777777778,-0.02472199739557117,0.024174566666666564,-0.006170000000000009,0.021553000000000003,-0.015384000000000064,-0.027722666666666645,0.045703666666666504,-0.040395999999999994,-0.08609966666666663,-0.057665444444444394,-0.057697179929252336,0.03395419999999996
2013,Italy,ITA,136,59401.80762753803,17570.474942178338,90.97912336811169,88.4412424791192,3122721.959651,0.1724417300261747,193.249010833382,34630.958617325,819225.381142,894136.56941,1547602.4454492,2792269.2920598,0.85525,4.31667,179.34425018983794,12.1487,201.1636907342913,1.32455,866416.9280900001,961555.55454,1404.0098615038794,2818990.32149,1775284.63966,1350499.91825,1534662.4304900002,2943643.5,5.763400077819824,127.60047912597656,68.1558837890625,0.0,0.0,1.0,1.0,PEG,DEU,-0.16583334,0.2284296452999115,-0.021374873816967,0.0884993374347686,0.0085525000467896,,,-0.057201225310564,0.035826351493597,0.0379999987781047,0.1851207315921783,0.036543883383274,,,,0.0431667007505893,0.0433089137077331,0.0120927020907402,-0.0012803081190213,0.0485259182751178,0.265783,0.15116,0.583058,11.0,0.114623,-0.128097,0.0388129999999999,0.16691,0.170394,0.0950789749997337,0.0544379999999999,0.0924449641624681,0.0244257999999999,-0.0135931,0.22697,0.213293,0.279257,0.103648,0.493774,0.683059,-0.052287,0.109645,0.1756089999999999,-0.0246289999999999,0.0136769999999999,-0.0209399999999999,-0.161932,0.003689,0.1107383333333333,0.1120523333333333,0.0152814483061432,0.0145173122971618,0.0512272,0.0016160999999999,-0.0639675999999999,-0.0187458999999999,0,0,0,3034781.80418,3138209.6025,3118523.54541,1854237.98518,1893051.5,1696683.75,2707999.0072079,2546690.0767882,2517318.3324533994,5.4925,5.42417,4.03583,1.895,2.78583333333333,1.13333333333333,190.2224283762781,200.49147754263615,199.76876479767049,1.26493,1.19692,1.19198,190.8733957980494,184.74915720084093,179.4801400163523,-7265.4019853646,-90186.33903839,-102799.81948852,17951.283874349927,18551.19764227564,18520.425122909404,3.4614200000000004,3.5974999999999997,2.63833666666667,2.9024966666666696,-0.03295758136665126,-0.020503147864704117,0.0633406207885088,-0.0512193799568077,-0.032338276993965784,-0.07110609480812635,0.015530168726527053,0.05369323280127969,-100202.74700799985,40686.64788299985,816124.6383639998,985234.7535900003,1039821.6731538461,797497.4685133335,896047.4821428572,753501.25,894020.9873133998,785048.6323861072,813805.8794398687,0.7373806666666658,0.7168400000000004,-0.7231538461538465,-1.309394444444444,-0.4484583333333365,-2.262570512820516,26.214208036386736,39.08920414579802,41.317759970127156,0.19249158815905565,0.13337313017041663,0.13831260172198734,31.936669611049467,27.6561760862582,24.109248048059555,20746.244810446184,-66615.74168847772,-85323.7776877314,-877.5057313680991,-297.4199608311246,-353.4380555971584,2.0467751111111103,1.1652983333333367,1.5394166666666695,-0.10293156315997459,-0.12141130763814495,0.010228220597614739,-0.10144874835960423,-0.036031697535794986,-0.05813971218829974,0.023555768979656975,-103498.03651425018,-0.009691333333333302,0.16851866666666665,-0.15882600000000008,-0.17820999999999998,0.1769229999999999,0.029573999999999864,-0.147349,-0.003667333333333328,1.846296728626705e-05,0.0548050666666667,-0.03926533333333332,-0.008404333333333347,0.04766999999999999,-0.030860999999999986,-0.029957333333333235,-0.033095333333333234,-0.0031383333333333337,-0.02544977777777778,-0.02472199739557117,0.024174566666666564
2014,Italy,ITA,136,59469.80578149892,17549.695961443445,90.14410435601351,87.78655800286761,3151096.641112,0.1674065852756197,193.70086250949015,59839.3399226238,826006.005055,917247.307249,1681173.6497871,2894102.5913975,0.4241,2.8925,170.9606051305513,12.6828,202.438994166932,1.35366,869096.72577,972760.74903,1594.8192076435216,2863340.4998348765,1695977.98876191,1340868.91127,1522471.5885648762,2925698.0,6.3368000984191895,117.83477020263672,69.5975570678711,0.0,0.0,1.0,1.0,PEG,DEU,0.0075,0.0346624962985515,-0.0054453127086162,0.1959235817193985,0.0042409999296069,,,-0.043336946517229,0.0378916338086128,0.0396081283688545,0.006424375809729,0.0280578657984733,,,,0.0289249997586011,0.0282381195574998,0.0259746946394443,-0.0022028270177543,0.1000822931528091,0.184988,0.229547,0.585465,9.0,-0.044559,0.078387,-0.0807949999999999,-0.159182,0.1780216666666666,0.0908338707329668,0.0573269999999999,0.0949611334599583,0.02496,-0.0295702,0.265783,0.22697,0.15116,0.279257,0.583058,0.493774,0.114623,-0.052287,-0.128097,0.1756089999999999,0.0388129999999999,0.0136769999999999,0.16691,-0.161932,0.170394,0.1107383333333333,0.0950789749997337,0.0152814483061432,0.0244257999999999,0.0512272,-0.0135931,-0.0639675999999999,0,0,0,2818990.32149,3034781.80418,3138209.6025,1775284.63966,1854237.98518,1893051.5,2792269.2920598,2707999.0072079,2546690.0767882,4.31667,5.4925,5.42417,0.85525,1.895,2.78583333333333,179.34425018983794,190.2224283762781,200.49147754263615,1.32455,1.26493,1.19692,193.249010833382,190.8733957980494,184.74915720084093,34630.958617325,-7265.4019853646,-90186.33903839,17570.474942178338,17951.283874349927,18551.19764227564,2.4684,3.4614200000000004,3.5974999999999997,2.63833666666667,-0.07110609480812641,-0.04257994181493137,0.031119023540111167,-0.05718662241511332,-0.02121346499988871,0.015732646546099183,-0.03258368507234166,0.03871071216780516,-104039.87906853714,-100202.74700799985,549325.3657762501,816124.6383639998,985234.7535900003,668700.53121125,797497.4685133335,896047.4821428572,922414.9604582125,894020.9873133998,785048.6323861072,-0.48453562499999947,0.7373806666666658,0.7168400000000004,-2.2673072916666666,-1.309394444444444,-0.4484583333333365,13.697641847672429,26.214208036386736,39.08920414579802,0.24008086389911454,0.19249158815905565,0.13337313017041663,32.316242795691466,31.936669611049467,27.6561760862582,61345.965112482896,20746.244810446184,-66615.74168847772,-1203.4705553291824,-877.5057313680991,-297.4199608311246,1.7827716666666666,2.0467751111111103,1.1652983333333367,-0.13421797239078476,-0.13539401441249588,-0.022675258023957208,-0.10065274092726956,-0.022504772372664916,-0.1021007294022899,0.006890693419064092,-236426.0439810768,0.04095099999999999,-0.01923400000000003,-0.02171600000000007,0.060185000000000016,-0.18775266666666662,0.05064233333333324,0.23839500000000002,0.06055577777777778,0.08313016051128036,0.005456199999999935,-0.009691333333333302,0.16851866666666665,-0.15882600000000008,-0.17820999999999998,0.1769229999999999,0.029573999999999864,-0.147349,-0.003667333333333328,1.846296728626705e-05,0.0548050666666667
2015,Italy,ITA,136,59419.5462763974,17701.075746228515,90.9332956163015,89.48114853443961,3205214.22585,0.1693546701462828,193.9122437656953,45546.0941493285,855862.5139469999,952460.89435,1825856.720401,3015955.451,0.0486666666666667,1.71416666666667,164.38519724091472,11.896,204.53673122808345,1.3528,887446.7565599999,987259.53879,1778.5156608799489,2835427.0946668126,1687199.14389026,1340119.57478,1495307.519886813,2870677.0,6.817599773406982,113.4970932006836,67.18124389648438,0.0,0.0,1.0,1.0,PEG,DEU,-0.20416667,0.1759445816278457,0.0136368051171302,0.046005044132471,0.0004866666567977,,,-0.0260475650429725,0.0396843701601028,0.040745697915554,0.1437169462442398,0.0281779877841472,,,,0.0171416662633419,0.0322276428341865,0.027150809764862,0.0286190994083881,0.0232458561658859,0.317592,0.12872,0.553688,13.0,0.188872,-0.100827,0.1326039999999999,0.233431,0.219988,0.0645812760248665,0.0059256666666666,0.0942139225450959,-0.0373223999999999,0.0564295,0.184988,0.265783,0.229547,0.15116,0.585465,0.583058,-0.044559,0.114623,0.078387,-0.128097,-0.0807949999999999,0.0388129999999999,-0.159182,0.16691,0.1780216666666666,0.170394,0.0908338707329668,0.0950789749997337,0.02496,0.0244257999999999,-0.0295702,-0.0135931,0,0,0,2863340.4998348765,2818990.32149,3034781.80418,1695977.98876191,1775284.63966,1854237.98518,2894102.5913975,2792269.2920598,2707999.0072079,2.8925,4.31667,5.4925,0.4241,0.85525,1.895,170.9606051305513,179.34425018983794,190.2224283762781,1.35366,1.32455,1.26493,193.70086250949015,193.249010833382,190.8733957980494,59839.3399226238,34630.958617325,-7265.4019853646,17549.695961443445,17570.474942178338,17951.283874349927,1.6655000000000033,2.4684,3.4614200000000004,3.5974999999999997,0.015732646546099124,-0.044672639601770446,0.03646972719546676,-0.046746104491292316,-0.0011826078010567747,-0.009748545508183049,-0.029443676542892816,0.04352588190179883,-55371.39501946834,-104039.87906853714,561362.2873107586,549325.3657762501,816124.6383639998,550058.5549477923,668700.53121125,797497.4685133335,969988.5562395472,922414.9604582125,894020.9873133998,-1.880203529411764,-0.48453562499999947,0.7373806666666658,-2.5650862745098033,-2.2673072916666666,-1.309394444444444,4.508253150287402,13.697641847672429,26.214208036386736,0.25506846014034346,0.24008086389911454,0.19249158815905565,30.867139013229547,32.316242795691466,31.936669611049467,82945.76023469446,61345.965112482896,20746.244810446184,-1153.4571504564738,-1203.4705553291824,-877.5057313680991,0.6848827450980388,1.7827716666666666,2.0467751111111103,-0.038990607762135185,-0.12902458629855396,-0.01590735074210429,-0.08392142669549421,-0.0010673669005414213,-0.09215400557935506,0.011246483591786822,-223375.60147153714,-0.05036066666666664,0.05152533333333334,-0.0011653333333332405,-0.101886,0.07075933333333333,-0.09131166666666653,-0.162071,0.046960111111111064,0.049207958865287234,-0.0007963666666666001,0.04095099999999999,-0.01923400000000003,-0.02171600000000007,0.060185000000000016,-0.18775266666666662,0.05064233333333324,0.23839500000000002,0.06055577777777778,0.08313016051128036,0.005456199999999935
2016,Italy,ITA,136,59290.44833192094,17969.303621967574,92.26609624634332,90.75096346416429,3283501.107236,0.1717099696730744,193.8152798867021,85174.0287670706,855014.2340599999,962981.617395,2022163.4987183,3159256.8574,-0.1675,1.4875,164.87835283263746,11.6882,206.37210524327384,1.34784,920688.63992,1011222.81631,1836.8940328242104,2813484.4662742447,1695698.14934016,1351020.77488,1462463.691394245,2848781.75,6.31820011138916,109.1595230102539,65.9844970703125,0.0,0.0,1.0,1.0,PEG,DEU,-0.21250001,-0.0463000014424324,0.0433679930865764,0.0163262654095888,-0.0017,,,0.0025000572204589,0.0408679358661174,0.0407660193741321,-0.0807000026106834,0.0374197773635387,,,,0.014865,0.034400001168251,0.0209877043962478,0.030518677085638,0.007313132751733,0.244394,0.20053,0.555076,16.0,0.043864,0.07181,-0.0731979999999999,-0.145008,0.169809,0.0529373203231897,0.086312,0.1192629132672852,0.0047283,0.0021153999999999,0.317592,0.184988,0.12872,0.229547,0.553688,0.585465,0.188872,-0.044559,-0.100827,0.078387,0.1326039999999999,-0.0807949999999999,0.233431,-0.159182,0.219988,0.1780216666666666,0.0645812760248665,0.0908338707329668,-0.0373223999999999,0.02496,0.0564295,-0.0295702,0,0,0,2835427.0946668126,2863340.4998348765,2818990.32149,1687199.14389026,1695977.98876191,1775284.63966,3015955.451,2894102.5913975,2792269.2920598,1.71416666666667,2.8925,4.31667,0.0486666666666667,0.4241,0.85525,164.38519724091472,170.9606051305513,179.34425018983794,1.3528,1.35366,1.32455,193.9122437656953,193.70086250949015,193.249010833382,45546.0941493285,59839.3399226238,34630.958617325,17701.075746228515,17549.695961443445,17570.474942178338,1.655,1.6655000000000033,2.4684,3.4614200000000004,-0.009748545508183066,-0.005176272881972175,0.04210384938139308,-0.03846153846153841,0.008625778196821728,-0.0077387383487447226,-0.02170733125673674,0.044637441318150985,-4443.097081533095,-55371.39501946834,502262.0884032082,561362.2873107586,549325.3657762501,510720.9014679317,550058.5549477923,668700.53121125,1037953.1627176278,969988.5562395472,922414.9604582125,-2.9540811111111074,-1.880203529411764,-0.48453562499999947,-2.798014814814814,-2.5650862745098033,-2.2673072916666666,-2.3176132476984606,4.508253150287402,13.697641847672429,0.24003799013254645,0.25506846014034346,0.24008086389911454,29.363679213144167,30.867139013229547,32.316242795691466,64044.41667058281,82945.76023469446,61345.965112482896,-937.9964128682695,-1153.4571504564738,-1203.4705553291824,-0.15606629629629332,0.6848827450980388,1.7827716666666666,-0.06217823465393883,-0.08193853803178193,-0.009337502041936535,-0.07070030615424064,0.008803805385604224,-0.0786580349444893,0.011655137783652299,-159815.41065769922,0.0916783333333333,-0.09126799999999999,-0.0004110000000000502,0.18294633333333335,-0.1427933333333333,0.14203899999999992,0.28483233333333335,0.0669366666666667,-0.0024834886547480672,-0.07086006666666653,-0.05036066666666664,0.05152533333333334,-0.0011653333333332405,-0.101886,0.07075933333333333,-0.09131166666666653,-0.162071,0.046960111111111064,0.049207958865287234,-0.0007963666666666001
2017,Italy,ITA,136,59194.856724178826,18298.50837697321,93.94564724184632,92.28549642166077,3362512.540856,0.1748077614971109,196.38482268002105,86685.58328667581,937147.128547,1033425.637146,2173399.3136289,3296054.333,-0.3358333333,2.111666667,163.0701156629874,11.2106,207.23406770500156,1.34135,930056.31418,1024069.96776,1614.50012507296,2740710.725655347,1697797.08731913,1370985.6548499998,1369725.0708053475,2828114.0,7.438899993896484,109.2153778076172,63.21693801879883,0.0,0.0,1.0,1.0,PEG,DEU,-0.035,0.1799000054597854,0.0301241315901279,0.0315312296152114,-0.0034,,,-0.0107231736183166,0.0408473052084445,0.0412900671362876,0.1437000036239624,0.0316516570746898,,,,0.02113,0.0361999981105327,0.0381582379341125,0.0546744354069232,0.014065614901483,0.22943,0.209295,0.561275,9.0,0.020135,0.0087649999999999,-0.014964,-0.023729,0.1862656666666666,0.051904955315782,0.0627256666666666,0.1178530007778051,0.0011053999999999,0.0049074,0.244394,0.317592,0.20053,0.12872,0.555076,0.553688,0.043864,0.188872,0.07181,-0.100827,-0.0731979999999999,0.1326039999999999,-0.145008,0.233431,0.169809,0.219988,0.0529373203231897,0.0645812760248665,0.0047283,-0.0373223999999999,0.0021153999999999,0.0564295,0,0,0,2813484.4662742447,2835427.0946668126,2863340.4998348765,1695698.14934016,1687199.14389026,1695977.98876191,3159256.8574,3015955.451,2894102.5913975,1.4875,1.71416666666667,2.8925,-0.1675,0.0486666666666667,0.4241,164.87835283263746,164.38519724091472,170.9606051305513,1.34784,1.3528,1.35366,193.8152798867021,193.9122437656953,193.70086250949015,85174.0287670706,45546.0941493285,59839.3399226238,17969.303621967574,17701.075746228515,17549.695961443445,2.4475000003000003,1.655,1.6655000000000033,2.4684,-0.0077387383487447095,0.005037345757717345,0.04751443074283003,0.002999999999999974,0.015153196313292405,-0.025866053817339196,-0.0005848791036095294,0.014167076752146308,-38983.195093115384,-4443.097081533095,453884.6132525769,502262.0884032082,561362.2873107586,492339.8594721509,510720.9014679317,550058.5549477923,1126625.4552903841,1037953.1627176278,969988.5562395472,-3.025269824561404,-2.9540811111111074,-1.880203529411764,-2.866917543859649,-2.798014814814814,-2.5650862745098033,-1.7024780113600002,-2.3176132476984606,4.508253150287402,0.22244441170451767,0.24003799013254645,0.25506846014034346,27.72125853345915,29.363679213144167,30.867139013229547,100301.59251618898,64044.41667058281,82945.76023469446,-620.4003048729828,-937.9964128682695,-1153.4571504564738,-0.15835228070175478,-0.15606629629629332,0.6848827450980388,-0.0567140811248372,-0.06717277839032675,-0.003408170567058673,-0.02531097290635556,0.014842123202874665,-0.0529086395593333,-0.019500823122567217,-98898.64955365777,-0.011726999999999987,0.030721000000000026,-0.018994333333333224,-0.042448,0.12198899999999999,-0.1034053333333332,-0.22539433333333334,-0.019658888888888892,-0.03056072026266598,0.0007071666666666667,0.0916783333333333,-0.09126799999999999,-0.0004110000000000502,0.18294633333333335,-0.1427933333333333,0.14203899999999992,0.28483233333333335,0.0669366666666667,-0.0024834886547480672,-0.07086006666666653
2018,Italy,ITA,136,59067.72974068674,18510.57390934161,95.01077777840494,93.32076464500628,3429891.638824,0.1784613697979306,198.82443387548915,86133.0777813702,992953.527979,1075392.934007,2274928.6185766,3386464.7429116,0.12,2.61,162.16576916825946,10.61,209.47134894092235,1.344,934064.39308,1021835.51218,1691.065502183406,2676745.8651873125,1711458.27378491,1397948.2146,1278797.6505873124,2815785.75,6.9474,100.72330930868918,64.16044199406247,0.0,0.0,1.0,1.0,PEG,DEU,-0.00666667,-0.1242000013589859,0.0359086692333221,0.0069269323721528,0.0012,,,-0.0055457353591918,0.041454404592514,0.0416855812072753,-0.1513999998569488,0.0320527926087379,,,,0.026103,0.0272000003606081,0.009558891877532,0.0134382285177707,0.0040634660981595,0.194974,0.145613,0.659413,19.0,0.049361,-0.063682,-0.0344559999999999,0.029226,0.179515,0.0442075256602311,0.0842903333333333,0.0913441848851548,0.0059443999999999,-0.0442262,0.22943,0.244394,0.209295,0.20053,0.561275,0.555076,0.020135,0.043864,0.0087649999999999,0.07181,-0.014964,-0.0731979999999999,-0.023729,-0.145008,0.1862656666666666,0.169809,0.051904955315782,0.0529373203231897,0.0011053999999999,0.0047283,0.0049074,0.0021153999999999,0,0,0,2740710.725655347,2813484.4662742447,2835427.0946668126,1697797.08731913,1695698.14934016,1687199.14389026,3296054.333,3159256.8574,3015955.451,2.111666667,1.4875,1.71416666666667,-0.3358333333,-0.1675,0.0486666666666667,163.0701156629874,164.87835283263746,164.38519724091472,1.34135,1.34784,1.3528,196.38482268002105,193.8152798867021,193.9122437656953,86685.58328667581,85174.0287670706,45546.0941493285,18298.50837697321,17969.303621967574,17701.075746228515,2.4899999999999998,2.4475000003000003,1.655,1.6655000000000033,-0.02586605381733925,0.0012378016569675864,0.04330052343783828,-0.010967098703888298,0.01832039582230551,-0.023338785764316472,-0.014451112558088989,0.009936573562784453,-54881.7429057397,-38983.195093115384,358416.64197105076,453884.6132525769,502262.0884032082,469821.80447751353,492339.8594721509,510720.9014679317,1207091.658125865,1126625.4552903841,1037953.1627176278,-2.2498396663333327,-3.025269824561404,-2.9540811111111074,-2.8919049999666666,-2.866917543859649,-2.798014814814814,-3.425591280442063,-1.7024780113600002,-2.3176132476984606,0.20483219111929185,0.22244441170451767,0.24003799013254645,28.904738400105146,27.72125853345915,29.363679213144167,96798.06740998474,100301.59251618898,64044.41667058281,-260.1755346237005,-620.4003048729828,-937.9964128682695,0.6420653336333331,-0.15835228070175478,-0.15606629629629332,-0.07185644495528241,-0.06743691310211193,-0.007442700473784175,-0.03794591514148828,0.017228158332789106,-0.06383550414940535,-0.022647947249564225,-127621.17994443666,-0.019561333333333347,0.023029333333333346,-0.0034680000000000266,-0.042590666666666666,-0.007691666666666765,-0.007834333333333363,-0.0001426666666666694,-0.0030072222222222444,-0.017545867044559002,0.0036500999999998663,-0.011726999999999987,0.030721000000000026,-0.018994333333333224,-0.042448,0.12198899999999999,-0.1034053333333332,-0.22539433333333334,-0.019658888888888892,-0.03056072026266598,0.0007071666666666667
2019,Italy,ITA,136,58948.48660113215,18601.359196772417,96.38889476581896,94.68241743169948,3478768.127926,0.1791449929465408,200.0849643024003,111175.9773588604,983684.022608,1099383.900188,2448878.3327897,3572831.9889871003,-0.05725,1.950333333,162.00134253285438,9.95,211.3465524350588,1.34563,959882.61726,1020389.11849,1723.5802029553136,2618377.3695908254,1690068.73088312,1428686.50085,1189690.8687408257,2777086.75,7.088300000000001,95.4397397341412,63.34024544972334,0.0,0.0,1.0,1.0,PEG,DEU,-0.03083333,0.2816999852657318,0.0407955832779407,0.2442525625228881,-0.0006,,,-0.0010139346122741,0.0418095178902149,0.0418519526720047,0.229200005531311,0.0427107065916061,,,,0.019514,0.0524999983608722,0.0968759432435035,0.0794531553983688,0.1218262836337089,0.220231,0.190136,0.589632,19.0,0.030095,0.044523,0.025257,-0.019266,0.185146,0.0345159365076481,0.0377866666666666,0.0155319108397306,-0.0094863999999999,-0.0012081,0.194974,0.22943,0.145613,0.209295,0.659413,0.561275,0.049361,0.020135,-0.063682,0.0087649999999999,-0.0344559999999999,-0.014964,0.029226,-0.023729,0.179515,0.1862656666666666,0.0442075256602311,0.051904955315782,0.0059443999999999,0.0011053999999999,-0.0442262,0.0049074,0,0,0,2676745.8651873125,2740710.725655347,2813484.4662742447,1711458.27378491,1697797.08731913,1695698.14934016,3386464.7429116,3296054.333,3159256.8574,2.61,2.111666667,1.4875,0.12,-0.3358333333,-0.1675,162.16576916825946,163.0701156629874,164.87835283263746,1.344,1.34135,1.34784,198.82443387548915,196.38482268002105,193.8152798867021,86133.0777813702,86685.58328667581,85174.0287670706,18510.57390934161,18298.50837697321,17969.303621967574,2.007583333,2.4899999999999998,2.4475000003000003,1.655,-0.023338785764316528,0.008046418837572292,0.02742989064422074,-0.005545752457776718,0.011589225088710681,-0.021805766604743648,-0.018981192643466798,0.009817909903825674,-64928.61505182921,-54881.7429057397,277384.32236153726,358416.64197105076,453884.6132525769,461110.52406341187,469821.80447751353,492339.8594721509,1240021.5128886146,1207091.658125865,1126625.4552903841,-1.644371111126984,-2.2498396663333327,-3.025269824561404,-2.2983619047634916,-2.8919049999666666,-2.866917543859649,-4.166814380863258,-3.425591280442063,-1.7024780113600002,0.19772827725646835,0.20483219111929185,0.22244441170451767,29.96793348128253,28.904738400105146,27.72125853345915,91636.13012325128,96798.06740998474,100301.59251618898,-35.720691082740814,-260.1755346237005,-620.4003048729828,0.653990793636507,0.6420653336333331,-0.15835228070175478,-0.06573635465449558,-0.05725645026640164,-0.022941198243712508,-0.030627273138302283,0.00963557968255482,-0.06500582085849867,-0.02157461368486173,-136429.66220459228,-0.06883133333333333,-0.033902000000000015,0.10273333333333345,-0.03492933333333331,-0.0569313333333333,-0.0492699999999999,0.0076613333333333325,-0.012505888888888872,-0.012266991561048303,0.016440633333333232,-0.019561333333333347,0.023029333333333346,-0.0034680000000000266,-0.042590666666666666,-0.007691666666666765,-0.007834333333333363,-0.0001426666666666694,-0.0030072222222222444,-0.017545867044559002,0.0036500999999998663
2020,Italy,ITA,136,58775.042034507285,17000.999643522366,88.09629338583096,84.78007109763315,3208323.294589,0.177654058123201,199.7940726654208,113430.7136825555,829997.432033,947498.427967,2766722.9976386,3964058.0919905,-0.2048333333,1.167916667,165.0843419466996,9.16,198.3716135494445,1.5581200000000002,896727.2986699999,1196063.02305,1577.9235596120932,2702113.9631512733,1883325.25659894,1443014.89885,1259099.064301273,2841008.75,6.6477,92.9012655091485,61.94604758817651,0.0,0.0,1.0,1.0,PEG,DEU,-0.06833334,-0.0417999997735023,0.0609653517603874,0.1256023347377777,-0.002,,,0.0190306901931762,0.0419346615672111,0.0411515198647975,-0.0632999986410141,0.0229529198259115,,,,0.0116829999999999,0.0215000007301569,0.0524773001670837,0.0454697757959365,0.0618011690676212,0.291726,0.207613,0.500661,17.0,0.084113,0.0174769999999999,0.0714949999999999,0.054018,0.1816813333333333,0.0326720112991736,0.0331969999999999,0.0148578791218668,0.0039476999999999,0.0172668,0.220231,0.194974,0.190136,0.145613,0.589632,0.659413,0.030095,0.049361,0.044523,-0.063682,0.025257,-0.0344559999999999,-0.019266,0.029226,0.185146,0.179515,0.0345159365076481,0.0442075256602311,-0.0094863999999999,0.0059443999999999,-0.0012081,-0.0442262,0,0,0,2618377.3695908254,2676745.8651873125,2740710.725655347,1690068.73088312,1711458.27378491,1697797.08731913,3572831.9889871003,3386464.7429116,3296054.333,1.950333333,2.61,2.111666667,-0.05725,0.12,-0.3358333333,162.00134253285438,162.16576916825946,163.0701156629874,1.34563,1.344,1.34135,200.0849643024003,198.82443387548915,196.38482268002105,111175.9773588604,86133.0777813702,86685.58328667581,18601.359196772417,18510.57390934161,18298.50837697321,1.3727500003000002,2.007583333,2.4899999999999998,2.4475000003000003,-0.021805766604743624,-0.012497846561275944,0.055032979884286716,-0.00101394169835234,0.004904509599510161,0.03198033810288137,-0.023670202062133106,0.002050331835101385,-17415.878310871023,-64928.61505182921,206407.4484758894,277384.32236153726,358416.64197105076,418761.4118860124,461110.52406341187,469821.80447751353,1370024.144741905,1240021.5128886146,1207091.658125865,-2.2292936367121214,-1.644371111126984,-2.2498396663333327,-2.3711409090924236,-2.2983619047634916,-2.8919049999666666,-4.141840362592717,-4.166814380863258,-3.425591280442063,0.1903706282902653,0.19772827725646835,0.20483219111929185,29.866285113589925,29.96793348128253,28.904738400105146,112513.75105877551,91636.13012325128,96798.06740998474,56.688264124553825,-35.720691082740814,-260.1755346237005,0.1418472723803026,0.653990793636507,0.6420653336333331,-0.06107303289232764,-0.07507421803351647,0.005754329007958824,-0.02463702080086351,0.0024920270656135944,-0.06644453923424004,-0.028263461069342934,-139296.02581359798,-0.0027016666666666578,0.004989999999999967,-0.0022893333333332544,-0.007691666666666649,0.03889200000000004,0.06612966666666661,0.027237666666666667,0.006616111111111128,-0.015167330592086171,-0.013412433333333168,-0.06883133333333333,-0.033902000000000015,0.10273333333333345,-0.03492933333333331,-0.0569313333333333,-0.0492699999999999,0.0076613333333333325,-0.012505888888888872,-0.012266991561048303,0.016440633333333232
2003,Japan,JPN,158,127358.0,20832.997849900727,96.53346104068476,94.5506,523.9686,0.2281059063136456,106.52428983852634,16.164431309999998,44.3193,54.5485,444.8351,680.2588,0.00136,1.01167,75.97911227154046,5.3,102.78355816816652,1.6006970000000005,52.6957,88.61330000000001,107.1,425.3791,156.32,126.7231,298.656,821.4859619140625,3.6842353343963614,80.48783874511719,27.425485610961918,0.0,0.0,0.0,0.0,FLOAT,USA,0.0,-0.0455219261348247,-0.0078557282686233,-0.0270120408385992,1.359999987471383e-05,,,-0.047982357442379,0.0401266291737556,0.0421490408480167,-0.0576001852750778,0.0128164878115057,,,,0.0101167000830173,0.0120782554149627,-0.0158832408487796,-0.0174643285572528,-0.0134992208331823,0.303345,0.363405,0.33325,20.0,-0.060059,-0.260514,0.1824469999999999,0.4429620000000001,0.6067433333333333,0.1761446660683579,-0.4603546666666667,0.2728341707344103,-0.0327456999999999,0.0532246999999999,0.120898,0.064329,0.623919,0.773671,0.255183,0.162,-0.503021,-0.709342,-0.149752,0.351031,0.056569,-0.18961,0.2063209999999999,-0.540641,0.6178,0.5982186666666666,0.1787831364558749,0.1547811671435945,0.0251520999999999,-0.0058216999999999,-0.0552746,0.0126254999999999,0,0,0,446.5735,470.7474,491.4424,153.14,151.942,150.125,668.155358333333,646.786141666667,629.286258333333,1.25,1.32958,1.7475,0.01094,0.05797,0.10838,79.80852915578764,83.5509138381201,87.03220191470844,1.542849,1.444434,1.356473,106.80046676461927,107.79667639088316,108.60000054495512,13.683649283,10.47358183,14.070777156,20516.849232535595,20499.90795272704,20480.951264994896,1.01031,1.23906,1.27161,1.6391200000000001,-0.05135216891266951,0.007884587539982224,0.03303907627272406,-0.0447916666666666,0.0008264076037619697,-0.047460048569832325,-0.042399033769800955,0.008812522665423145,-22.236379999999993,-20.67733000000005,-55.79860000000002,-39.53087499999998,-25.11450000000002,5.009199999999993,4.76400000000001,3.9293333333333464,54.47378999999955,41.380716666667126,31.84111111111065,-0.276416,-0.24604500000000007,0.22916666666666674,-0.205146,-0.197645,-0.1963133333333333,-9.695387293298523,-7.44125326370758,-5.279953582825641,0.282853,0.2305474999999999,0.19011533333333341,-2.098869321907415,-1.3783246195544052,-0.7666672873099429,0.8559807401999979,-2.9426083910000003,0.8727825799999991,152.21124891553336,169.08746138372226,200.17436486876977,-0.07126999999999994,-0.04840000000000022,0.4254800000000001,-0.025070575713719484,-0.008373851909659398,0.0005667278314906224,-0.015826713064198868,0.002137736512661888,-0.020233095632174104,-0.00021637530314581183,-7.555100000000033,-0.03789233333333333,0.0061189999999999856,0.03177333333333329,-0.04401133333333346,-0.16933333333333336,0.059657666666666664,0.22899099999999992,0.019763333333333355,0.02141101337979459,0.03615489999999985,-0.09755000000000003,0.17545233333333343,-0.07790233333333332,-0.2730023333333334,0.36258666666666667,-0.19494666666666666,-0.5575333333333333,0.0002729999999998567,-0.0038864338987287528,0.0103622000000001
2004,Japan,JPN,158,127480.0,21301.17824873966,98.72329637084556,96.3481,529.4008,0.2219206908531441,106.51333043669726,19.699003768,49.146800000000006,61.17,464.4385,688.911808333333,0.000850833,1.49917,71.10530896431679,4.7,103.90432674662937,1.689246,55.4498,89.7851,104.12,412.3079,163.154,126.1615,286.1464,802.384521484375,3.6017003059387207,77.6001968383789,27.02773094177246,0.0,0.0,0.0,0.0,FLOAT,USA,0.0,0.2529008090496063,-0.0220814235508441,0.017643442377448,8.508330211043358e-06,,,-0.0641465857625007,0.0420651622116565,0.0449484512209892,0.2391607910394668,0.011088166385889,,,,0.0149916997179389,0.0137400208041071,0.0375214107334613,0.057828027755022,0.0088259754702448,0.379602,0.177167,0.443231,17.0,0.202435,-0.186238,0.076257,0.262494,0.5869983333333334,0.2076099694362805,-0.4241406666666667,0.3317509363397989,-0.2050025999999999,0.3178293,0.303345,0.120898,0.363405,0.623919,0.33325,0.255183,-0.060059,-0.503021,-0.260514,-0.149752,0.1824469999999999,0.056569,0.4429620000000001,0.2063209999999999,0.6067433333333333,0.6178,0.1761446660683579,0.1787831364558749,-0.0327456999999999,0.0251520999999999,0.0532246999999999,-0.0552746,0,0,0,425.3791,446.5735,470.7474,156.32,153.14,151.942,680.2588,668.155358333333,646.786141666667,1.01167,1.25,1.32958,0.00136,0.01094,0.05797,75.97911227154046,79.80852915578764,83.5509138381201,1.6006970000000005,1.542849,1.444434,106.52428983852634,106.80046676461927,107.79667639088316,16.164431309999998,13.683649283,10.47358183,20832.997849900727,20516.849232535595,20499.90795272704,1.4983191669999998,1.01031,1.23906,1.27161,-0.04746004856983235,0.020765312785686347,0.01811471166954071,-0.04798255179934581,0.015409218724665765,-0.030728355013210473,-0.04697431703689836,0.004639825737121513,-19.65128999999998,-22.236379999999993,-67.69323333333335,-55.79860000000002,-39.53087499999998,7.354333333333329,5.009199999999993,4.76400000000001,57.49826666666661,54.47378999999955,41.380716666667126,-0.46867666666666663,-0.276416,-0.24604500000000007,-0.180535,-0.205146,-0.197645,-11.908906295329274,-9.695387293298523,-7.44125326370758,0.2935588333333339,0.282853,0.2305474999999999,-2.025234694349109,-2.098869321907415,-1.3783246195544052,3.1940993104999986,0.8559807401999979,-2.9426083910000003,442.99132479474065,152.21124891553336,169.08746138372226,-0.28814166666666674,-0.07126999999999994,-0.04840000000000022,-0.01616434022813843,0.006181643717976604,-0.014470982337990854,-0.015852255584038306,0.016293000331033307,-0.019750104991227986,-0.004334978405660991,-6.595783333333298,0.15695633333333328,-0.24333833333333332,0.08638166666666666,0.4002956666666667,-0.24945733333333336,0.19484866666666656,0.4443070000000001,-0.0018543333333334022,0.019899780496745373,-0.03379453333333323,-0.03789233333333333,0.0061189999999999856,0.03177333333333329,-0.04401133333333346,-0.16933333333333336,0.059657666666666664,0.22899099999999992,0.019763333333333355,0.02141101337979459,0.03615489999999985
2005,Japan,JPN,158,127537.0,21575.023474075475,100.0,98.1704,532.5155,0.26052,106.21194688639744,18.749870755,56.8524,65.6565,487.1187,701.387216666667,0.00123833,1.35958,67.27589208006962,4.4,105.78676677839854,1.742932,61.142,92.4313,117.97,409.9646,171.268,129.7327,280.2319,784.5758056640625,3.646061182022095,77.35494995117188,26.71962547302246,0.0,0.0,0.0,0.0,FLOAT,USA,0.0,0.1539002060890197,-0.0089068859815597,0.0199963841587305,1.238329969055485e-05,,,-0.0538553372025489,0.0449484512209892,0.0475069545209407,0.141514703631401,0.0108500579372048,,,,0.0135957999154925,0.0123855005949735,0.0362653546035289,0.0539108514785766,0.0100043835118412,0.411817,0.173147,0.415036,16.0,0.23867,-0.0040199999999999,0.0322149999999999,0.0362349999999999,0.3881636666666666,0.2244027206994901,-0.1202149999999999,0.3565544842460966,-0.1538554,0.2487567,0.379602,0.303345,0.177167,0.363405,0.443231,0.33325,0.202435,-0.060059,-0.186238,-0.260514,0.076257,0.1824469999999999,0.262494,0.4429620000000001,0.5869983333333334,0.6067433333333333,0.2076099694362805,0.1761446660683579,-0.2050025999999999,-0.0327456999999999,0.3178293,0.0532246999999999,0,0,0,412.3079,425.3791,446.5735,163.154,156.32,153.14,688.911808333333,680.2588,668.155358333333,1.49917,1.01167,1.25,0.000850833,0.00136,0.01094,71.10530896431679,75.97911227154046,79.80852915578764,1.689246,1.6006970000000005,1.542849,106.51333043669726,106.52428983852634,106.80046676461927,19.699003768,16.164431309999998,13.683649283,21301.17824873966,20832.997849900727,20516.849232535595,1.35834167,1.4983191669999998,1.01031,1.23906,-0.030728355013210515,0.04371801432958037,0.01272017110742721,-0.06414662084765171,0.022473021031928147,-0.005683374002778074,-0.04318019083190409,0.01095779684209183,-12.28979000000001,-19.65128999999998,-71.09397142857148,-67.69323333333335,-55.79860000000002,13.137714285714281,7.354333333333329,5.009199999999993,57.93723690476156,57.49826666666661,54.47378999999955,0.08577714285714255,-0.46867666666666663,-0.276416,-0.15525345271428573,-0.180535,-0.205146,-15.08143727464875,-11.908906295329274,-9.695387293298523,0.3401708571428572,0.2935588333333339,0.282853,-1.746874854128336,-2.025234694349109,-2.098869321907415,6.272371867000002,3.1940993104999986,0.8559807401999979,847.8872486629989,442.99132479474065,152.21124891553336,0.24103059557142825,-0.28814166666666674,-0.07126999999999994,0.003261410033173144,0.028104071308874524,-0.01745369251043921,-0.029374282035004494,0.02064130258312347,-0.012005957787988117,0.002849988380441525,-2.361747499999961,0.21674466666666667,-0.40983133333333344,0.19308666666666668,0.6265756666666668,-0.16649299999999997,0.059788333333333374,0.22628000000000004,-0.02058899999999997,0.03770697954700472,-0.20053083333333327,0.15695633333333328,-0.24333833333333332,0.08638166666666666,0.4002956666666667,-0.24945733333333336,0.19484866666666656,0.4443070000000001,-0.0018543333333334022,0.019899780496745373,-0.03379453333333323
2006,Japan,JPN,158,127515.0,21938.170592300477,101.30812716295917,100.0,535.1702,0.26078,106.4793562910271,20.293653984,67.4076,75.2462,480.3684,708.461483333333,0.124527,1.73125,64.66492602262836,4.1,105.69227020134024,1.740333,75.9308,91.9385,118.95,414.4401,176.549,127.6764,286.7637,811.0963745117188,3.932285785675049,78.39187622070312,26.26964569091797,0.0,0.0,0.0,0.0,FLOAT,USA,0.0,0.2716871201992035,0.0086966194212436,0.0044914968311786,0.0012452700175344,,,-0.0388103313744068,0.0475069507956504,0.049425158649683,0.2584415972232818,0.0105253439396619,,,,0.0173125006258487,0.0132455304265022,0.068016916513443,0.1119279861450195,0.0028683834243565,0.427855,0.146211,0.425934,11.0,0.281644,-0.0269359999999999,0.0160379999999999,0.042974,0.2379063333333333,0.1087036181611882,0.1270153333333333,0.1630210061628046,-0.0655602,0.1061343999999999,0.411817,0.379602,0.173147,0.177167,0.415036,0.443231,0.23867,0.202435,-0.0040199999999999,-0.186238,0.0322149999999999,0.076257,0.0362349999999999,0.262494,0.3881636666666666,0.5869983333333334,0.2244027206994901,0.2076099694362805,-0.1538554,-0.2050025999999999,0.2487567,0.3178293,0,0,0,409.9646,412.3079,425.3791,171.268,163.154,156.32,701.387216666667,688.911808333333,680.2588,1.35958,1.49917,1.01167,0.00123833,0.000850833,0.00136,67.27589208006962,71.10530896431679,75.97911227154046,1.742932,1.689246,1.6006970000000005,106.21194688639744,106.51333043669726,106.52428983852634,18.749870755,19.699003768,16.164431309999998,21575.023474075475,21301.17824873966,20832.997849900727,1.606723,1.35834167,1.4983191669999998,1.01031,-0.005683374002778019,0.04973215489660079,0.018108861224944536,-0.05385556915544669,0.012855872202844848,0.010916796230698855,-0.027957259195273625,0.02102574287616325,-3.5160299999999944,-12.28979000000001,-64.550525,-71.09397142857148,-67.69323333333335,19.609499999999997,13.137714285714281,7.354333333333329,63.17049062500041,57.93723690476156,57.49826666666661,-0.06453500000000001,0.08577714285714255,-0.46867666666666663,-0.13545927412499997,-0.15525345271428573,-0.180535,-17.02567449956483,-15.08143727464875,-11.908906295329274,0.3513354999999998,0.3401708571428572,0.2935588333333339,-1.8298990476620958,-1.746874854128336,-2.025234694349109,4.539192370624999,6.272371867000002,3.1940993104999986,1015.7465679159395,847.8872486629989,442.99132479474065,0.07092427412500002,0.24103059557142825,-0.28814166666666674,0.027840475324580907,0.030103344546055726,-0.009571617748573426,-0.014886904337798823,0.008075396242165389,0.005217966813307034,0.012442936351106023,5.472102,0.14386866666666664,-0.21501666666666663,0.07114800000000004,0.35888499999999995,0.19481466666666677,-0.07287600000000008,-0.26769066666666674,-0.21568355555555574,0.03689013004598565,-0.08299000000000004,0.21674466666666667,-0.40983133333333344,0.19308666666666668,0.6265756666666668,-0.16649299999999997,0.059788333333333374,0.22628000000000004,-0.02058899999999997,0.03770697954700472,-0.20053083333333327
2007,Japan,JPN,158,127433.0,22410.06561013449,102.69343710870707,100.6445,539.2816,0.25769,106.54620864218452,24.984916528,72.854,83.9314,492.6613,719.611483333333,0.472652,1.65292,63.70757180156657,3.9,105.04352724544472,1.72809,63.564,93.2556,114.0,415.5213,181.523,129.3764,286.1449,809.342529296875,4.061530113220215,76.5110092163086,25.799522399902344,0.0,0.0,0.0,0.0,FLOAT,USA,0.0,0.0268621258437633,0.0345223024487495,0.0388053283095359,0.0047265198081731,,,-0.0148040130734443,0.0493263155221939,0.050067514181137,0.0142544656991958,0.012430471368134,,,,0.0165292005985975,0.01260766107589,0.0276888534426689,0.0317559950053691,0.0217659249901771,0.376167,0.145696,0.478136,13.0,0.230471,-0.000515,-0.051688,-0.0511729999999999,0.1655083333333333,0.0168324212558217,0.2409163333333333,0.0396522500034131,-0.0121348999999999,0.0127082,0.427855,0.411817,0.146211,0.173147,0.425934,0.415036,0.281644,0.23867,-0.0269359999999999,-0.0040199999999999,0.0160379999999999,0.0322149999999999,0.042974,0.0362349999999999,0.2379063333333333,0.3881636666666666,0.1087036181611882,0.2244027206994901,-0.0655602,-0.1538554,0.1061343999999999,0.2487567,0,0,0,414.4401,409.9646,412.3079,176.549,171.268,163.154,708.461483333333,701.387216666667,688.911808333333,1.73125,1.35958,1.49917,0.124527,0.00123833,0.000850833,64.66492602262836,67.27589208006962,71.10530896431679,1.740333,1.742932,1.689246,106.4793562910271,106.21194688639744,106.51333043669726,20.293653984,18.749870755,19.699003768,21938.170592300477,21575.023474075475,21301.17824873966,1.1802679999999999,1.606723,1.35834167,1.4983191669999998,0.010916796230698831,0.030834715183221652,0.010086107215193365,-0.038809831824062196,0.01683182957651748,0.002608820912841203,-0.008498310928429897,0.020964793296228065,1.411570000000032,-3.5160299999999944,-52.90274444444452,-64.550525,-71.09397142857148,22.711666666666673,19.609499999999997,13.137714285714281,63.225813888888524,63.17049062500041,57.93723690476156,0.3143055555555556,-0.06453500000000001,0.08577714285714255,0.0028804263333333385,-0.13545927412499997,-0.15525345271428573,-17.744898945943334,-17.02567449956483,-15.08143727464875,0.3096992222222221,0.3513354999999998,0.3401708571428572,-1.3591675266255265,-1.8298990476620958,-1.746874854128336,5.578620891777778,4.539192370624999,6.272371867000002,1266.0329563725027,1015.7465679159395,847.8872486629989,0.3114251292222221,0.07092427412500002,0.24103059557142825,0.04096058614248514,0.0074429867644196235,-0.01639791953975292,0.0020196960358105226,0.011041929085567347,0.023931491249678326,0.01060442443529855,13.333845000000018,0.06293366666666661,-0.09169533333333332,0.028761666666666685,0.15462866666666664,0.1233213333333334,-0.08093500000000003,-0.20425633333333332,-0.2893954444444444,-0.09401550057352129,0.0649743666666666,0.14386866666666664,-0.21501666666666663,0.07114800000000004,0.35888499999999995,0.19481466666666677,-0.07287600000000008,-0.26769066666666674,-0.21568355555555574,0.03689013004598565,-0.08299000000000004
2008,Japan,JPN,158,127288.0,22175.1244681219,101.38706367829624,99.9909,527.8238,0.2587,108.0213441283794,14.736840496,78.959,81.0181,488.4148,734.602616666667,0.4614169999999999,1.44917,63.27241079199304,4.0,104.94878038789946,1.807147,66.2431,92.895,90.75,425.1676,184.777,132.5323,292.6353,768.7094116210938,4.083791732788086,78.48461151123047,28.376901626586918,0.0,0.0,0.0,0.0,FLOAT,USA,0.0,-0.2734674215316772,0.0433366373181343,0.0548052452504634,0.0046141701750457,,,-0.0068312101066112,0.0501678474247455,0.0505129098892211,-0.2872544825077057,0.0193435978144407,,,,0.0144916996359825,0.0137870628386735,-0.0046115536242723,-0.0325718037784099,0.0297097079455852,0.171322,0.293423,0.535254,16.0,-0.122101,0.147727,-0.2048449999999999,-0.352572,0.155018,0.0157022860437616,0.2502616666666667,0.0274853421723866,0.0360312999999999,-0.1133485999999999,0.376167,0.427855,0.145696,0.146211,0.478136,0.425934,0.230471,0.281644,-0.000515,-0.0269359999999999,-0.051688,0.0160379999999999,-0.0511729999999999,0.042974,0.1655083333333333,0.2379063333333333,0.0168324212558217,0.1087036181611882,-0.0121348999999999,-0.0655602,0.0127082,0.1061343999999999,0,0,0,415.5213,414.4401,409.9646,181.523,176.549,171.268,719.611483333333,708.461483333333,701.387216666667,1.65292,1.73125,1.35958,0.472652,0.124527,0.00123833,63.70757180156657,64.66492602262836,67.27589208006962,1.72809,1.740333,1.742932,106.54620864218452,106.4793562910271,106.21194688639744,24.984916528,20.293653984,18.749870755,22410.06561013449,21938.170592300477,21575.023474075475,0.9877530000000001,1.1802679999999999,1.606723,1.35834167,0.002608820912841262,0.028173481583016552,0.015738329129113535,-0.014804845222072661,0.021510226472558805,0.023214935070717146,0.0026140810469206612,0.008300086366831442,4.669020000000045,1.411570000000032,-46.531270000000006,-52.90274444444452,-64.550525,25.414500000000004,22.711666666666673,19.609499999999997,68.0532324999997,63.225813888888524,63.17049062500041,0.20454499999999998,0.3143055555555556,-0.06453500000000001,0.35071738370000005,0.0028804263333333385,-0.13545927412499997,-16.927763272410786,-17.744898945943334,-17.02567449956483,0.26648629999999995,0.3096992222222221,0.3513354999999998,-1.156398422805566,-1.3591675266255265,-1.8298990476620958,9.7120213466,5.578620891777778,4.539192370624999,1611.3246785692645,1266.0329563725027,1015.7465679159395,-0.14617238370000019,0.3114251292222221,0.07092427412500002,0.028101434586573673,0.003954754634834565,-0.008923706565860202,0.02580027196715444,0.014493444972101189,0.032052446818819094,-0.0033858355485103936,16.356610000000043,-0.030257666666666683,-0.01981233333333335,0.05006900000000003,-0.010445333333333362,0.07188299999999992,-0.09319133333333326,-0.1650739999999999,-0.23884777777777777,-0.1634063481764979,0.1293378333333334,0.06293366666666661,-0.09169533333333332,0.028761666666666685,0.15462866666666664,0.1233213333333334,-0.08093500000000003,-0.20425633333333332,-0.2893954444444444,-0.09401550057352129,0.0649743666666666
2009,Japan,JPN,158,127147.4461046894,20963.200296560124,95.6268059759663,99.0942,494.9384,0.22603,106.56374368511106,13.58605908,51.4994,54.1706,494.1012,754.464016666667,0.10525,1.3425,59.652179541849286,5.1,101.28451755747597,1.987026,55.58,94.2388,92.06,419.5679,187.905,131.2672,288.3007,773.559326171875,4.377389430999756,75.55962371826172,25.386211395263672,0.0,0.0,0.0,0.0,FLOAT,USA,0.0,-0.2499218434095382,0.0160240642726421,0.0096775079146027,0.001052499981597,,,-0.0343878231942653,0.0504118874669075,0.0522071793675422,-0.266397476196289,0.0224585048854351,,,,0.0134250000119209,0.0164756160229444,-0.0259717535227537,-0.0520945973694324,0.0053650038316845,0.151183,0.210604,0.638213,16.0,-0.059421,-0.0828189999999999,-0.0201389999999999,0.06268,0.19511,0.085141944909663,0.1300046666666667,0.2198240645523896,0.0340906,-0.1375766999999999,0.171322,0.376167,0.293423,0.145696,0.535254,0.478136,-0.122101,0.230471,0.147727,-0.000515,-0.2048449999999999,-0.051688,-0.352572,-0.0511729999999999,0.155018,0.1655083333333333,0.0157022860437616,0.0168324212558217,0.0360312999999999,-0.0121348999999999,-0.1133485999999999,0.0127082,0,0,0,425.1676,415.5213,414.4401,184.777,181.523,176.549,734.602616666667,719.611483333333,708.461483333333,1.44917,1.65292,1.73125,0.4614169999999999,0.472652,0.124527,63.27241079199304,63.70757180156657,64.66492602262836,1.807147,1.72809,1.740333,108.0213441283794,106.54620864218452,106.4793562910271,14.736840496,24.984916528,20.293653984,22175.1244681219,22410.06561013449,21938.170592300477,1.23725,0.9877530000000001,1.1802679999999999,1.606723,0.023214935070717185,0.01792610302826634,0.020832259740899556,-0.0068306010928960445,-0.010483732894844512,-0.013170570852529595,0.012246850738085735,0.01036724500126812,2.5029699999999733,4.669020000000045,-32.65485454545461,-46.531270000000006,-52.90274444444452,26.35809090909089,25.414500000000004,22.711666666666673,76.85770833333379,68.0532324999997,63.225813888888524,-0.017799999999999816,0.20454499999999998,0.3143055555555556,0.30759898518181805,0.35071738370000005,0.0028804263333333385,-15.82403671176516,-16.927763272410786,-17.744898945943334,0.32131727272727284,0.26648629999999995,0.3096992222222221,0.4238641927352802,-1.156398422805566,-1.3591675266255265,-1.4189657169090921,9.7120213466,5.578620891777778,1229.8994748685618,1611.3246785692645,1266.0329563725027,-0.325398985181818,-0.14617238370000019,0.3114251292222221,0.045897405285792225,-0.0066880993833991036,-0.0029374052974881597,0.03119448889961561,-0.018949858892512245,0.03812383353011538,-0.0009424729642392264,17.56948375000005,-0.23395766666666665,0.13840499999999997,0.09555199999999997,-0.37236266666666673,0.15821733333333327,-0.20369999999999983,-0.3619173333333333,-0.10884144444444438,-0.10094396732840506,0.11321479999999987,-0.030257666666666683,-0.01981233333333335,0.05006900000000003,-0.010445333333333362,0.07188299999999992,-0.09319133333333326,-0.1650739999999999,-0.23884777777777777,-0.1634063481764979,0.1293378333333334
2010,Japan,JPN,158,127190.31005857849,21934.903391345688,99.5276367032671,101.8194763335,505.5306,0.2259,105.79439367670928,19.402264428,60.765,67.3996,510.4914,775.359741666667,0.0935,1.15083,61.05705437238938,5.1,100.14276594915668,2.056931,52.6391,90.0106,81.45,409.9066,190.393,132.7759,277.1307,769.1887817382812,4.525317192077637,73.01419830322266,25.48155975341797,0.0,0.0,0.0,0.0,FLOAT,USA,0.0,0.0377544052898883,0.012111909687519,0.0391831174492836,0.0009350000182166,,,-0.0398860163986682,0.0519979260861873,0.0541580766439437,0.0182591062039136,0.0191457159817218,,,,0.0115082999691367,0.0194952990859746,0.0194987580180168,0.0189961455762386,0.0200590584427118,0.238557,0.289696,0.471746,24.0,-0.051139,0.079092,0.0873739999999999,0.008282,0.2165743333333333,0.0740442455045186,0.0163163333333333,0.1880926940137048,0.0349181,-0.078215,0.151183,0.171322,0.210604,0.293423,0.638213,0.535254,-0.059421,-0.122101,-0.0828189999999999,0.147727,-0.0201389999999999,-0.2048449999999999,0.06268,-0.352572,0.19511,0.155018,0.085141944909663,0.0157022860437616,0.0340906,0.0360312999999999,-0.1375766999999999,-0.1133485999999999,0,0,0,419.5679,425.1676,415.5213,187.905,184.777,181.523,754.464016666667,734.602616666667,719.611483333333,1.3425,1.44917,1.65292,0.10525,0.4614169999999999,0.472652,59.652179541849286,63.27241079199304,63.70757180156657,1.987026,1.807147,1.72809,106.56374368511106,108.0213441283794,106.54620864218452,13.58605908,14.736840496,24.984916528,20963.200296560124,22175.1244681219,22410.06561013449,1.05733,1.23725,0.9877530000000001,1.1802679999999999,-0.013170570852529649,0.016928513830184573,0.027036930647106997,-0.057216584682464544,-0.05465241799675085,-0.023026785414232087,0.004217728377009585,0.018246032383612838,-2.244379999999979,2.5029699999999733,-35.53331666666668,-32.65485454545461,-46.531270000000006,27.289583333333326,26.35809090909089,25.414500000000004,90.31429930555589,76.85770833333379,68.0532324999997,-0.1229866666666668,-0.017799999999999816,0.20454499999999998,-0.07420126358333333,0.30759898518181805,0.35071738370000005,-18.125598235928486,-15.82403671176516,-16.927763272410786,0.47441983333333315,0.32131727272727284,0.26648629999999995,-1.0690582665943396,0.4238641927352802,-1.156398422805566,-2.451499989833332,-1.4189657169090921,9.7120213466,-84.51631959892984,1229.8994748685618,1611.3246785692645,-0.048785403083333234,-0.325398985181818,-0.14617238370000019,0.005339407972927918,-0.007077679546626407,0.0035343024539454745,-0.022027357317190667,-0.061395829549644745,0.026282327816027694,0.007030561714529414,13.45126888888886,-0.17393166666666665,0.015494000000000008,0.15843833333333335,-0.18942566666666671,-0.12291099999999994,0.0600260000000001,0.18293699999999996,0.008965777777777822,0.03806250308940583,0.04797853333333333,-0.23395766666666665,0.13840499999999997,0.09555199999999997,-0.37236266666666673,0.15821733333333327,-0.20369999999999983,-0.3619173333333333,-0.10884144444444438,-0.10094396732840506,0.11321479999999987
2011,Japan,JPN,158,127426.5602230367,21869.04677661825,99.73590007211276,101.47322690737758,497.4489,0.23541,105.50616140860431,10.366835076,68.1112,65.5465,534.4663,796.626141666667,0.07775,1.11833,61.49852136176933,4.521,101.28156267017216,2.190945,54.3072,95.3625,77.72,412.0341,192.981,134.3257,277.7084,771.4915771484375,4.553114891052246,71.49623107910156,26.16023063659668,0.0,0.0,0.0,0.0,FLOAT,USA,0.0,-0.0482422038912773,0.0214089564979076,0.0342955961823463,0.0007774999830871,,,-0.0326408073306083,0.054049763828516,0.0558735206723213,-0.0672087222337722,0.020333083346486,,,,0.0111833000555634,0.0189665220677852,0.0112712988629937,0.0050533013418316,0.017536548897624,0.223952,0.275999,0.500049,25.0,-0.052047,-0.013697,-0.0146049999999999,-0.000908,0.2645743333333333,0.0467768136188583,-0.0775536666666666,0.0388007288763134,0.002682,0.0218443999999999,0.238557,0.151183,0.289696,0.210604,0.471746,0.638213,-0.051139,-0.059421,0.079092,-0.0828189999999999,0.0873739999999999,-0.0201389999999999,0.008282,0.06268,0.2165743333333333,0.19511,0.0740442455045186,0.085141944909663,0.0349181,0.0340906,-0.078215,-0.1375766999999999,0,0,0,409.9066,419.5679,425.1676,190.393,187.905,184.777,775.359741666667,754.464016666667,734.602616666667,1.15083,1.3425,1.44917,0.0935,0.10525,0.4614169999999999,61.05705437238938,59.652179541849286,63.27241079199304,2.056931,1.987026,1.807147,105.79439367670928,106.56374368511106,108.0213441283794,19.402264428,13.58605908,14.736840496,21934.903391345688,20963.200296560124,22175.1244681219,1.04058,1.05733,1.23725,0.9877530000000001,-0.023026785414232077,0.013240733349298846,0.027696118752383123,0.02355110645294189,0.04635280305674566,0.00519020674465831,-0.0043274737320148455,0.024356199485227277,-4.906179999999977,-2.244379999999979,-42.46128461538461,-35.53331666666668,-32.65485454545461,27.67838461538463,27.289583333333326,26.35809090909089,104.2627705128208,90.31429930555589,76.85770833333379,-0.3051961538461536,-0.1229866666666668,-0.017799999999999816,-0.08024347407692306,-0.07420126358333333,0.30759898518181805,-15.326446618009278,-18.125598235928486,-15.82403671176516,0.5078309999999999,0.47441983333333315,0.32131727272727284,-1.7561730237196258,-1.0690582665943396,0.4238641927352802,3.553282280461536,-2.451499989833332,-1.4189657169090921,893.6880305403974,-84.51631959892984,1229.8994748685618,-0.2249526797692305,-0.048785403083333234,-0.325398985181818,-0.004961757253185171,-0.010175653398626599,0.003898965354726145,0.060575946927981655,0.04472571063298883,0.015347823178273472,0.012501586842095725,7.358792000000023,0.005666333333333329,0.07312166666666667,-0.07878833333333335,-0.06745533333333337,0.05762766666666663,0.1795979999999998,0.12197033333333329,0.04469555555555557,0.03481869476810317,0.015589100000000002,-0.17393166666666665,0.015494000000000008,0.15843833333333335,-0.18942566666666671,-0.12291099999999994,0.0600260000000001,0.18293699999999996,0.008965777777777822,0.03806250308940583,0.04797853333333333
2012,Japan,JPN,158,127148.44294082638,22218.1932287002,101.26862808822833,103.69716117974696,500.4748,0.2400499999999999,105.44698063872728,4.759515348,70.6886,63.7476,554.4393,816.649366666667,0.0825833,0.839167,61.06021120391524,4.3,99.002997970283,2.2609280000000003,56.5911,93.469,86.55,416.6685,197.5,137.7131,278.9554,765.5142822265625,4.71034574508667,71.056396484375,26.89238929748535,0.0,0.0,0.0,0.0,FLOAT,USA,0.0,-0.0436431020498275,0.0263586491346359,0.036147803068161,0.0008258330053649,,,-0.0291408933699131,0.055499542504549,0.0571653917431831,-0.0640606880187988,0.021815076470375,,,,0.0083916699513793,0.0204175878316164,0.0132122887298464,0.0080202836543321,0.0184868182986974,0.244187,0.19557,0.560243,28.0,0.048617,-0.080429,0.0202349999999999,0.100664,0.2587663333333333,0.0422683062865478,-0.0542023333333333,0.0045422436452909,-0.0058799,0.0323206,0.223952,0.238557,0.275999,0.289696,0.500049,0.471746,-0.052047,-0.051139,-0.013697,0.079092,-0.0146049999999999,0.0873739999999999,-0.000908,0.008282,0.2645743333333333,0.2165743333333333,0.0467768136188583,0.0740442455045186,0.002682,0.0349181,0.0218443999999999,-0.078215,0,0,0,412.0341,409.9066,419.5679,192.981,190.393,187.905,796.626141666667,775.359741666667,754.464016666667,1.11833,1.15083,1.3425,0.07775,0.0935,0.10525,61.49852136176933,61.05705437238938,59.652179541849286,2.190945,2.056931,1.987026,105.50616140860431,105.79439367670928,106.56374368511106,10.366835076,19.402264428,13.58605908,21869.04677661825,21934.903391345688,20963.200296560124,0.7565837,1.04058,1.05733,1.23725,0.0051902067446584115,0.013592936715110292,0.02742778462328595,0.0072304010391235456,-0.0030023662996128356,0.011247612758264358,-0.01033571650736779,0.014320508405515237,-0.6570699999999982,-4.906179999999977,-37.30083571428571,-42.46128461538461,-35.53331666666668,28.289357142857142,27.67838461538463,27.289583333333326,118.08182976190506,104.2627705128208,90.31429930555589,-0.3158964285714285,-0.3051961538461536,-0.1229866666666668,-0.09026179735714286,-0.08024347407692306,-0.07420126358333333,-13.790233441628665,-15.326446618009278,-18.125598235928486,0.6055713571428574,0.5078309999999999,0.47441983333333315,-1.9189643615589205,-1.7561730237196258,-1.0690582665943396,-5.735952948714287,3.553282280461536,-2.451499989833332,763.9965564886443,893.6880305403974,-84.51631959892984,-0.22563463121428562,-0.2249526797692305,-0.048785403083333234,0.023636908540565715,-0.009040707463690028,0.003330710813726965,0.03959555328893395,-0.008069898002830346,0.008060595138064406,0.001424096858875708,4.0280109090909315,0.03693133333333337,0.011424666666666694,-0.04835533333333342,0.02550666666666663,-0.06169700000000002,0.03126500000000007,0.09296199999999999,0.07567355555555552,-0.011519345200456103,-0.03233133333333331,0.005666333333333329,0.07312166666666667,-0.07878833333333335,-0.06745533333333337,0.05762766666666663,0.1795979999999998,0.12197033333333329,0.04469555555555557,0.03481869476810317,0.015589100000000002
2013,Japan,JPN,158,126930.13582683331,22702.703762553305,103.44830473613531,106.5532621273354,508.7006,0.24418,105.80864089908712,4.486739291999999,81.2425,69.7742,586.6498,846.118683333333,0.075,0.7,62.50556935608159,4.0,98.97301424124043,2.2962610000000003,61.3776,95.8205,105.3,423.8272,202.048,141.4436,282.3836,767.65966796875,4.943072319030762,70.53662872314453,27.038759231567383,0.0,0.0,0.0,0.0,FLOAT,USA,0.0,0.7216812968254089,0.0731661468744278,0.0169438831508159,0.0007500000065192,,,0.0163879748433828,0.0567781701683998,0.0558626949787139,0.6936869621276855,0.0165286529809236,,,,0.0070000002160668,0.0279943645000457,0.1666831970214843,0.3045679330825805,0.0088469414040446,0.366063,0.145536,0.4884,27.0,0.220527,-0.0500339999999999,0.121876,0.17191,0.253755,0.0508529509566562,-0.0181896666666666,0.0578580517243121,-0.0512908999999999,0.0915661999999999,0.244187,0.223952,0.19557,0.275999,0.560243,0.500049,0.048617,-0.052047,-0.080429,-0.013697,0.0202349999999999,-0.0146049999999999,0.100664,-0.000908,0.2587663333333333,0.2645743333333333,0.0422683062865478,0.0467768136188583,-0.0058799,0.002682,0.0323206,0.0218443999999999,0,0,0,416.6685,412.0341,409.9066,197.5,192.981,190.393,816.649366666667,796.626141666667,775.359741666667,0.839167,1.11833,1.15083,0.0825833,0.07775,0.0935,61.06021120391524,61.49852136176933,61.05705437238938,2.2609280000000003,2.190945,2.056931,105.44698063872728,105.50616140860431,105.79439367670928,4.759515348,10.366835076,19.402264428,22218.1932287002,21869.04677661825,21934.903391345688,0.625,0.7565837,1.04058,1.05733,0.011247612758264355,0.023416813054134893,0.025135033804073132,-0.007127165794372522,0.015965325587727366,0.01718080440446057,-0.002196321970436473,0.018292189518094783,4.639620000000001,-0.6570699999999982,-30.179713333333382,-37.30083571428571,-42.46128461538461,30.92240000000001,28.289357142857142,27.67838461538463,130.23293277777805,118.08182976190506,104.2627705128208,-0.5739996666666667,-0.3158964285714285,-0.3051961538461536,-0.0794110442,-0.09026179735714286,-0.08024347407692306,-13.309194703374168,-13.790233441628665,-15.326446618009278,0.6351829333333336,0.6055713571428574,0.5078309999999999,-1.8502141739986797,-1.9189643615589205,-1.7561730237196258,-10.960875813466668,-5.735952948714287,3.553282280461536,1062.2099048046875,763.9965564886443,893.6880305403974,-0.4945886224666667,-0.22563463121428562,-0.2249526797692305,0.02800596394413125,0.0014289336941695728,0.0008000520792479301,0.02240973264908546,0.011474215170426308,0.015579943895144615,0.005286232059234045,7.941453333333333,0.03962299999999999,-0.06319633333333333,0.023573666666666715,0.10281933333333329,-0.07462100000000003,0.0026916666666665333,0.07731266666666667,0.03334677777777775,-0.026386028391132167,-0.0297768,0.03693133333333337,0.011424666666666694,-0.04835533333333342,0.02550666666666663,-0.06169700000000002,0.03126500000000007,0.09296199999999999,0.07567355555555552,-0.011519345200456103,-0.03233133333333331
2014,Japan,JPN,158,126717.809729662,22808.11785153788,103.89249223449384,105.7274658077594,518.8111,0.25036,108.73041742672126,3.896271361,85.9091,73.093,611.869,874.873075,0.0679166666666667,0.52625,63.48054793236498,3.6,99.21344222694192,2.335278,67.4667,94.4965,120.64,434.025,207.0205,145.0111,289.0139,770.7598876953125,5.0404157638549805,70.24408721923828,28.93943977355957,0.0,0.0,0.0,0.0,FLOAT,USA,0.0,0.1038540378212928,0.0712420418858528,0.053687285631895,0.0006791666382923,,,0.0155459363013505,0.0556961074471473,0.0548435151576995,0.0865538865327835,0.0159220360219478,,,,0.0052625001408159,0.0173001494258642,0.0573698095977306,0.0834233984351158,0.0271832253783941,0.325074,0.19507,0.479857,31.0,0.130004,0.0495339999999999,-0.040989,-0.0905229999999999,0.2057016666666666,0.0658189683475319,0.0723656666666667,0.1378301336621755,-0.0292821,0.0718063,0.366063,0.244187,0.145536,0.19557,0.4884,0.560243,0.220527,0.048617,-0.0500339999999999,-0.080429,0.121876,0.0202349999999999,0.17191,0.100664,0.253755,0.2587663333333333,0.0508529509566562,0.0422683062865478,-0.0512908999999999,-0.0058799,0.0915661999999999,0.0323206,0,0,0,423.8272,416.6685,412.0341,202.048,197.5,192.981,846.118683333333,816.649366666667,796.626141666667,0.7,0.839167,1.11833,0.075,0.0825833,0.07775,62.50556935608159,61.06021120391524,61.49852136176933,2.2962610000000003,2.2609280000000003,2.190945,105.80864089908712,105.44698063872728,105.50616140860431,4.486739291999999,4.759515348,10.366835076,22702.703762553305,22218.1932287002,21869.04677661825,0.4583333333333333,0.625,0.7565837,1.04058,0.017180804404460646,0.023027848101265833,0.0360856419774762,0.02367103099823002,0.02180692772206353,0.024061221176932435,0.011206207969127746,0.005995406060246153,7.313140000000009,4.639620000000001,-21.134781250000003,-30.179713333333382,-37.30083571428571,33.53775000000002,30.92240000000001,28.289357142857142,151.562691145833,130.23293277777805,118.08182976190506,-0.6772916875000001,-0.5739996666666667,-0.3158964285714285,-0.0820311539375,-0.0794110442,-0.09026179735714286,-11.032011882246941,-13.309194703374168,-13.790233441628665,0.6308170000000004,0.6351829333333336,0.6055713571428574,-1.3729155277639222,-1.8502141739986797,-1.9189643615589205,-10.548597131125,-10.960875813466668,-5.735952948714287,1480.3323196074998,1062.2099048046875,763.9965564886443,-0.5952605335625001,-0.4945886224666667,-0.22563463121428562,0.03207209132738546,0.0009447064950225403,0.011697323447367802,0.0517139472650823,0.016550869626734053,0.02786962069934136,-0.007388139402845588,12.627262307692305,0.1304976666666667,-0.10821900000000001,-0.022279333333333373,0.23871666666666663,-0.045022666666666565,0.0908746666666667,0.13589733333333334,0.007116666666666688,-0.003510170846652033,-0.06186429999999991,0.03962299999999999,-0.06319633333333333,0.023573666666666715,0.10281933333333329,-0.07462100000000003,0.0026916666666665333,0.07731266666666667,0.03334677777777775,-0.026386028391132167,-0.0297768
2015,Japan,JPN,158,126576.25899821446,23189.97882270277,105.62590219914568,105.6102871151056,538.0323,0.25165,109.59182641048736,16.51759161,78.4055,75.6139,639.69,907.12,0.0728333333333333,0.346666666666667,65.00940665333478,3.4,99.32101771720696,2.283968,70.3734,94.2588,120.5,444.6486,214.1117,147.622,297.0266,773.3165283203125,5.091089998595409,70.00451853481802,29.093863651367787,0.0,0.0,0.0,0.0,FLOAT,USA,0.0,0.1116573363542556,0.0789313316345214,0.0178140681236982,0.0007283333106897,,,0.024251852184534,0.0546794757246971,0.0533847957849502,0.0954246297478675,0.0148186413571238,,,,0.003466666676104,0.0162327047437429,0.0540871657431125,0.0918160229921341,0.0092712007462978,0.290011,0.20759,0.502399,21.0,0.082421,0.01252,-0.0350629999999999,-0.047583,0.1787253333333333,0.0287438930093579,0.1330493333333333,0.0859954508467347,0.0085593999999999,0.0010889,0.325074,0.366063,0.19507,0.145536,0.479857,0.4884,0.130004,0.220527,0.0495339999999999,-0.0500339999999999,-0.040989,0.121876,-0.0905229999999999,0.17191,0.2057016666666666,0.253755,0.0658189683475319,0.0508529509566562,-0.0292821,-0.0512908999999999,0.0718063,0.0915661999999999,0,0,0,434.025,423.8272,416.6685,207.0205,202.048,197.5,874.873075,846.118683333333,816.649366666667,0.52625,0.7,0.839167,0.0679166666666667,0.075,0.0825833,63.48054793236498,62.50556935608159,61.06021120391524,2.335278,2.2962610000000003,2.2609280000000003,108.73041742672126,105.80864089908712,105.44698063872728,3.896271361,4.486739291999999,4.759515348,22808.11785153788,22702.703762553305,22218.1932287002,0.2738333333333337,0.4583333333333333,0.625,0.7565837,0.02406122117693242,0.024610488596769068,0.03398387511476212,0.015598267263659902,0.004643239417079944,0.024476931052358708,0.01749654611321912,0.006412636727332018,9.413810000000018,7.313140000000009,-9.693758823529436,-21.134781250000003,-30.179713333333382,36.537441176470594,33.53775000000002,30.92240000000001,171.4016303921568,151.562691145833,130.23293277777805,-0.811201,-0.6772916875000001,-0.5739996666666667,-0.08428912527450975,-0.0820311539375,-0.0794110442,-9.408091430537262,-11.032011882246941,-13.309194703374168,0.632727117647059,0.6308170000000004,0.6351829333333336,1.6296207367975057,-1.3729155277639222,-1.8502141739986797,-10.518559348529411,-10.548597131125,-10.960875813466668,1498.6680368504567,1480.3323196074998,1062.2099048046875,-0.7269118747254903,-0.5952605335625001,-0.4945886224666667,0.03694800239189564,0.002468302834586867,0.008864473869193236,0.04040906182644455,-0.001647248029920412,0.03230198413014331,-0.00647836610890335,14.398835000000007,0.047006666666666586,-0.010631666666666678,-0.03637366666666664,0.057638333333333305,0.09758733333333319,-0.08349100000000001,-0.18107833333333323,-0.05333022222222231,0.0191862780601778,-0.011119166666666697,0.1304976666666667,-0.10821900000000001,-0.022279333333333373,0.23871666666666663,-0.045022666666666565,0.0908746666666667,0.13589733333333334,0.007116666666666688,-0.003510170846652033,-0.06186429999999991
2016,Japan,JPN,158,126558.31594774927,23367.994774838386,106.54489714983256,105.28097746933705,544.3646,0.24836,109.4668892296358,21.518732638,66.042,70.0358,693.4,936.802016666667,-0.02625,-0.066,66.44725220498991,3.1,100.43518478037392,2.325199,69.0561,93.292,116.8,458.6494,223.55768,152.1556,306.4938,799.030517578125,4.814450589257712,66.88060730224458,28.44267709551813,0.0,0.0,0.0,0.0,FLOAT,USA,0.0,0.0052000000141561,0.0884861946105957,0.1626727283000946,-0.00058,,,0.0352615490555763,0.053224641829729,0.0514117814600467,-0.016499999910593,0.0220640562474727,,,,-0.000663,0.0217000003904104,0.0627029240131378,0.0395074300467968,0.0810463652014732,0.266275,0.21819,0.515535,25.0,0.048084,0.0105999999999999,-0.023736,-0.0343369999999999,0.1827319999999999,0.032815307586553,0.1443173333333333,0.0701567562130204,0.0230482,-0.0564912,0.290011,0.325074,0.20759,0.19507,0.502399,0.479857,0.082421,0.130004,0.01252,0.0495339999999999,-0.0350629999999999,-0.040989,-0.047583,-0.0905229999999999,0.1787253333333333,0.2057016666666666,0.0287438930093579,0.0658189683475319,0.0085593999999999,-0.0292821,0.0010889,0.0718063,0,0,0,444.6486,434.025,423.8272,214.1117,207.0205,202.048,907.12,874.873075,846.118683333333,0.346666666666667,0.52625,0.7,0.0728333333333333,0.0679166666666667,0.075,65.00940665333478,63.48054793236498,62.50556935608159,2.283968,2.335278,2.2962610000000003,109.59182641048736,108.73041742672126,105.80864089908712,16.51759161,3.896271361,4.486739291999999,23189.97882270277,22808.11785153788,22702.703762553305,-0.03975000000000001,0.2738333333333337,0.4583333333333333,0.625,0.02447693105235876,0.03425361256493929,0.03685897522906398,0.024083892952510674,0.01674232716835694,0.03148733629207423,0.021906318877917236,0.004097690685528599,11.509020000000064,9.413810000000018,1.4683833333332927,-9.693758823529436,-21.134781250000003,41.59878333333333,36.537441176470594,33.53775000000002,194.12624259259258,171.4016303921568,151.562691145833,-0.9457176111111109,-0.811201,-0.6772916875000001,-0.07468972942592594,-0.08428912527450975,-0.0820311539375,-7.356560963426503,-9.408091430537262,-11.032011882246941,0.5462656111111113,0.632727117647059,0.6308170000000004,2.400495235185957,1.6296207367975057,-1.3729155277639222,2.687125308722223,-10.518559348529411,-10.548597131125,1797.269672634764,1498.6680368504567,1480.3323196074998,-0.8710278816851847,-0.7269118747254903,-0.5952605335625001,0.03519030036191635,0.011966232518369629,0.011218134344130787,0.04651768387844564,0.010548736664293078,0.03469288288670747,-0.008388414268900309,15.539582666666682,-0.02176366666666668,0.028864666666666677,-0.007100999999999913,-0.050628333333333386,0.03949633333333333,-0.0687703333333332,-0.1082666666666667,-0.060682333333333366,-0.024236182187554068,0.0373770333333332,0.047006666666666586,-0.010631666666666678,-0.03637366666666664,0.057638333333333305,0.09758733333333319,-0.08349100000000001,-0.18107833333333323,-0.05333022222222231,0.0191862780601778,-0.011119166666666697
2017,Japan,JPN,158,126344.993014441,23799.611471881875,108.50820962023325,106.56408809686616,553.073,0.25215,109.99914857360976,22.83085344,75.379231107,78.28645705,731.2477,973.912575,-0.048,0.05166667,68.12937060214495,2.8,101.2487264695292,2.314161,73.0623,92.6615,112.9,470.625,232.3545,156.2697,314.3553,810.1554565429688,4.9484991369934646,66.13535532536777,27.17579511700354,0.0,0.0,0.0,0.0,FLOAT,USA,0.0,0.2194000035524368,0.0815571099519729,-0.0008904983988031,-0.00062,,,0.0303000267595052,0.0512570850551128,0.049749668687582,0.1940000057220459,0.0212730318307876,,,,0.000517,0.025399999693036,0.0777446925640106,0.1676803678274154,-0.0007552491733804,0.292348,0.137686,0.569966,26.0,0.154662,-0.0805039999999999,0.026073,0.1065779999999999,0.2069499999999999,0.011573279569771,0.0868363333333333,0.0411380964111512,-0.0161551999999999,0.0039636999999999,0.266275,0.290011,0.21819,0.20759,0.515535,0.502399,0.048084,0.082421,0.0105999999999999,0.01252,-0.023736,-0.0350629999999999,-0.0343369999999999,-0.047583,0.1827319999999999,0.1787253333333333,0.032815307586553,0.0287438930093579,0.0230482,0.0085593999999999,-0.0564912,0.0010889,0,0,0,458.6494,444.6486,434.025,223.55768,214.1117,207.0205,936.802016666667,907.12,874.873075,-0.066,0.346666666666667,0.52625,-0.02625,0.0728333333333333,0.0679166666666667,66.44725220498991,65.00940665333478,63.48054793236498,2.325199,2.283968,2.335278,109.4668892296358,109.59182641048736,108.73041742672126,21.518732638,16.51759161,3.896271361,23367.994774838386,23189.97882270277,22808.11785153788,0.09966667,-0.03975000000000001,0.2738333333333337,0.4583333333333333,0.03148733629207429,0.04411706599872866,0.03272115780345156,0.022117499999999967,0.007676417192815138,0.02611057596499622,0.026675162840455124,0.004172644685506097,12.380079999999976,11.509020000000064,15.391900000000021,1.4683833333332927,-9.693758823529436,48.85535368421054,41.59878333333333,36.537441176470594,213.59108859649143,194.12624259259258,171.4016303921568,-1.3086096666666667,-0.9457176111111109,-0.811201,-0.16984202436842105,-0.07468972942592594,-0.08428912527450975,-5.53152799264366,-7.356560963426503,-9.408091430537262,0.558745789473684,0.5462656111111113,0.632727117647059,2.149216199850926,2.400495235185957,1.6296207367975057,7.546838688894738,2.687125308722223,-10.518559348529411,1880.6924841053951,1797.269672634764,1498.6680368504567,-1.1387676422982456,-0.8710278816851847,-0.7269118747254903,0.04024568891485876,0.021164895256694016,0.006457087232733326,0.04196697515491017,0.0008967857629572163,0.037420969032380215,-0.007820024135458088,16.66356875000006,-0.060774333333333375,0.03545800000000002,0.02531633333333333,-0.09623333333333338,0.006593333333333233,-0.0390106666666667,-0.04560499999999994,-0.0299953333333334,-0.015656629851295664,0.04705273333333333,-0.02176366666666668,0.028864666666666677,-0.007100999999999913,-0.050628333333333386,0.03949633333333333,-0.0687703333333332,-0.1082666666666667,-0.060682333333333366,-0.024236182187554068,0.0373770333333332
2018,Japan,JPN,158,126094.7871440654,23980.04135550288,109.33597633793688,107.07067132568557,556.2937,0.25556,111.0871000628648,19.63349288,82.70330439499999,81.47875267,784.571,1002.38659166667,-0.060416667,0.065,69.45328716864012,2.4,103.2850513607348,2.325092,75.0665,92.6487,110.83,,240.6403,158.389,324.7427,834.1729736328125,4.718809304750898,66.10998786120606,26.73046130600002,0.0,0.0,0.0,0.0,FLOAT,USA,0.0,-0.1517000049352646,0.0772177949547767,0.0334888286888599,-0.00055,,,0.0275682248175144,0.0496495701372623,0.0483175404369831,-0.1699000000953674,0.0219250693917274,,,,0.00065,0.0182000007480382,-0.0151540441438555,-0.0557744689285755,0.0164694134145975,0.363816,0.157524,0.478659,18.0,0.206292,0.0198379999999999,0.0714679999999999,0.05163,0.187822,0.043741329106465,0.0950556666666667,0.0544007685821917,-0.0230702,0.0478191,0.292348,0.266275,0.137686,0.21819,0.569966,0.515535,0.154662,0.048084,-0.0805039999999999,0.0105999999999999,0.026073,-0.023736,0.1065779999999999,-0.0343369999999999,0.2069499999999999,0.1827319999999999,0.011573279569771,0.032815307586553,-0.0161551999999999,0.0230482,0.0039636999999999,-0.0564912,0,0,0,470.625,458.6494,444.6486,232.3545,223.55768,214.1117,973.912575,936.802016666667,907.12,0.05166667,-0.066,0.346666666666667,-0.048,-0.02625,0.0728333333333333,68.12937060214495,66.44725220498991,65.00940665333478,2.314161,2.325199,2.283968,109.99914857360976,109.4668892296358,109.59182641048736,22.83085344,21.518732638,16.51759161,23799.611471881875,23367.994774838386,23189.97882270277,0.125416667,0.09966667,-0.03975000000000001,0.2738333333333337,0.026110575964996326,0.039349218510408575,0.03961408886093127,0.025315093421255378,0.018470420812839075,0.0,0.02735828110314305,0.0036679723949446445,,12.380079999999976,26.59790499999997,15.391900000000021,1.4683833333332927,55.209406,48.85535368421054,41.59878333333333,240.02209249999987,213.59108859649143,194.12624259259258,-1.1255125133333335,-1.3086096666666667,-0.9457176111111109,-0.18309992315,-0.16984202436842105,-0.07468972942592594,-3.5728331958564468,-5.53152799264366,-7.356560963426503,0.5197704999999999,0.558745789473684,0.5462656111111113,2.5740147338323425,2.149216199850926,2.400495235185957,8.481617556449999,7.546838688894738,2.687125308722223,2218.274556943612,1880.6924841053951,1797.269672634764,-0.9424125901833333,-1.1387676422982456,-0.8710278816851847,0.03275073443436717,0.01528310591275846,0.013010171593753388,0.042955780410117675,0.011643590132299195,0.03602514457104702,-0.007890250640716313,16.55441882352938,-0.0014386666666666992,-0.06926399999999996,0.07070233333333337,0.06782566666666663,-0.10472199999999983,0.059335666666666634,0.16405899999999982,0.017896999999999996,-0.03088611007804326,-0.016930366666666537,-0.060774333333333375,0.03545800000000002,0.02531633333333333,-0.09623333333333338,0.006593333333333233,-0.0390106666666667,-0.04560499999999994,-0.0299953333333334,-0.015656629851295664,0.04705273333333333
2003,Netherlands,NLD,138,16223.25,22267.40797664349,96.24347233664494,100.0071,1130084.5250999995,0.2087409778732155,141.06598303986522,54994.04776395738,455874.4072,516034.1564,393174.91965,997176.57129,2.333467,4.1225,334.943,3.5934,146.32655805842447,0.499782,272376.35229,302005.23324000003,1.7448218527315915,1454671.125,846856.5625,761333.3125,693337.875,1762251.75,4.3031086921691895,132.8155059814453,64.6816635131836,0.0,0.0,1.0,1.0,PEG,DEU,-0.95999998,0.0919210016727447,0.0712750405073165,0.0462646633386611,0.0233346708118915,,,0.0357566960155963,0.0355183444917202,0.0342921689152717,0.0512880012392997,0.0386506989598274,,,,0.0412250012159347,0.0406330153346061,0.0708252862095832,0.0772470384836196,0.0347996652126312,0.260934,0.033439,0.705627,1.0,0.227495,-0.059118,0.1000139999999999,0.159132,0.0892443333333333,0.0028697568421976,0.1601936666666666,0.1706040030636248,-0.0157334,-0.0375456,0.16092,0.142836,0.092557,0.08766,0.746523,0.769504,0.068363,0.055175,0.0048969999999999,0.000144,0.018084,-0.301724,0.0131879999999999,-0.301868,0.141095,0.1679676666666666,0.0926768705287355,0.0802969497697972,-0.0466512,-0.0402446999999999,0.036286,0.0728128,0,0,0,1349728.25,1256220.5,1169235.625,777613.5625,727610.1875,650489.3125,912254.40273,863063.18811,778030.8340500001,4.88917,4.9575,5.40417,3.318592,4.261783,4.391767,323.38,303.723,273.274,0.487843,0.494398,0.520653,137.9923248634356,132.87465007409344,126.41182576272664,25581.73688580132,24156.21456450315,17764.18572068985,22290.725277232385,22410.665063147902,22148.200835821048,1.7890329999999994,1.5705779999999998,0.6957169999999993,1.012403,0.07443577779537908,0.06872275273083639,0.05699607548750001,0.06472015619495389,-0.005351906584546071,0.07775111397423884,0.09824694386330617,0.04127777232124568,94981.42499999993,107510.40624999997,330965.01249999995,296821.578125,279782.2708333334,238880.95623999997,236096.97655000002,211968.13540000003,201684.0183,190616.0046,140778.20072000008,-0.1501639999999993,-0.10229250000000079,0.4591699999999994,-0.3626513999999994,0.7256745000000002,1.1408780000000003,86.10600000000002,83.06125000000003,70.14966666666666,-0.08915799999999996,-0.10325375000000003,-0.102665,13.438603497210593,10.40116088483552,5.251115431291609,-4022.114040207678,-6809.545451882317,-17602.09906092749,966.8525150803434,1358.4903762448303,1461.3681985572985,0.21248739999999988,-0.8279670000000008,-0.6817080000000002,-0.061481288446393334,-0.155908767040445,-0.06122317517914163,-0.07667030360139432,-0.03461753621724626,-0.048292576380463845,0.01288667884361203,-22982.168750000026,-0.06651066666666666,-0.048538,0.11504866666666669,-0.017972000000000016,0.031769666666666564,0.02074799999999996,-0.011020000000000108,-0.016013833333333283,0.023716531982253916,-0.02917145000000005,-0.08725866666666668,-0.08030766666666665,0.16756633333333326,-0.006952000000000007,0.003141666666666667,-0.38375200000000004,-0.38689333333333337,0.01628824999999995,0.017004916834973446,-0.0455298999999999
2004,Netherlands,NLD,138,16318.2,22695.82597212556,98.02594951116562,100.6592,1166392.8510599998,0.2051765568129114,143.01670428870295,78467.26934637241,502990.5137,563401.5564,411542.8425,1056877.2789,2.106333,4.09417,349.205,4.6462,150.76451307450424,0.5028320000000001,281786.19399,299973.41262,1.6178768078702004,1596017.125,931242.0,832391.9375,763625.1875,1762630.875,3.859898328781128,137.52891540527344,67.34870147705078,0.0,0.0,1.0,1.0,PEG,DEU,-0.26967001,0.0973505303263664,0.0779470652341842,0.1022718325257301,0.0210633296519517,,,0.0425803810358047,0.0353666841983795,0.0339222624897956,0.0564542673528194,0.0387108661234378,,,,0.0409417003393173,0.0408962592482566,0.0801740735769271,0.0833025127649307,0.0616675801575183,0.252815,0.169643,0.577542,3.0,0.083172,0.136204,-0.0081189999999999,-0.144323,0.0712186666666666,0.0328096413015037,0.1170109999999999,0.0959088970221219,0.0186830999999999,0.0243123,0.260934,0.16092,0.033439,0.092557,0.705627,0.746523,0.227495,0.068363,-0.059118,0.0048969999999999,0.1000139999999999,0.018084,0.159132,0.0131879999999999,0.0892443333333333,0.141095,0.0028697568421976,0.0926768705287355,-0.0157334,-0.0466512,-0.0375456,0.036286,0,0,0,1454671.125,1349728.25,1256220.5,846856.5625,777613.5625,727610.1875,997176.57129,912254.40273,863063.18811,4.1225,4.88917,4.9575,2.333467,3.318592,4.261783,334.943,323.38,303.723,0.499782,0.487843,0.494398,141.06598303986522,137.9923248634356,132.87465007409344,54994.04776395738,25581.73688580132,24156.21456450315,22267.40797664349,22290.725277232385,22410.665063147902,1.9878370000000003,1.7890329999999994,1.5705779999999998,0.6957169999999993,0.0777511139742389,0.08904551481507886,0.0930904452813416,0.03575669491001295,-0.001046053921480479,0.09716697992475787,0.07552718056438408,0.0019260926078624474,112433.27500000007,94981.42499999993,380747.05208333326,330965.01249999995,296821.578125,268310.4635333334,238880.95623999997,236096.97655000002,252992.18380999996,201684.0183,190616.0046,-0.8918066666666666,-0.1501639999999993,-0.10229250000000079,-1.2873345,-0.3626513999999994,0.7256745000000002,83.31799999999998,86.10600000000002,83.06125000000003,-0.06235933333333338,-0.08915799999999996,-0.10325375000000003,14.272494424105105,13.438603497210593,10.40116088483552,26060.54917798299,-4022.114040207678,-6809.545451882317,782.393128644726,966.8525150803434,1358.4903762448303,0.39552783333333297,0.21248739999999988,-0.8279670000000008,-0.045869694578254835,-0.10440425154811353,-0.012884170349471716,-0.0902997041660564,-0.023388176310731416,-0.05893919558426998,-0.029686670580674212,-27850.427083333387,0.01149533333333333,-0.055805333333333325,0.04431000000000007,0.06730133333333335,-0.007267333333333334,0.0780059999999999,0.08527333333333335,-0.07076500000000001,-0.08006675635420336,0.011470166666666632,-0.06651066666666666,-0.048538,0.11504866666666669,-0.017972000000000016,0.031769666666666564,0.02074799999999996,-0.011020000000000108,-0.016013833333333283,0.023716531982253916,-0.02917145000000005
2005,Netherlands,NLD,138,16407.49,23113.73626980998,100.0,101.1282,1213986.37593,0.206008331973996,145.14892742764997,73584.67737466801,550585.4247,619903.9359,443360.00748,1171943.99655,2.184683,3.37417,363.08,5.8725,153.56143066962045,0.497986,306628.61682,306813.72846,1.868025769263372,1744842.5,1032304.625,917060.6875,827781.8125,1871386.125,4.504563808441162,137.73497009277344,64.49234771728516,0.0,0.0,1.0,1.0,PEG,DEU,0.04167,0.3031788468360901,0.0743326321244239,0.0698508098721504,0.0218468308448791,,,0.0397331081330776,0.0345995239913463,0.0332773141562938,0.252751737833023,0.0402530618011951,,,,0.0337417013943195,0.0504270941019058,0.1388035416603088,0.1528513729572296,0.0458488203585147,0.180958,0.111388,0.707654,4.0,0.069571,-0.0582549999999999,-0.071857,-0.013601,0.0985463333333333,0.0682992422310331,0.1263433333333333,0.087912293635949,0.0192696999999999,-0.0140699,0.252815,0.260934,0.169643,0.033439,0.577542,0.705627,0.083172,0.227495,0.136204,-0.059118,-0.0081189999999999,0.1000139999999999,-0.144323,0.159132,0.0712186666666666,0.0892443333333333,0.0328096413015037,0.0028697568421976,0.0186830999999999,-0.0157334,0.0243123,-0.0375456,0,0,1,1596017.125,1454671.125,1349728.25,931242.0,846856.5625,777613.5625,1056877.2789,997176.57129,912254.40273,4.09417,4.1225,4.88917,2.106333,2.333467,3.318592,349.205,334.943,323.38,0.5028320000000001,0.499782,0.487843,143.01670428870295,141.06598303986522,137.9923248634356,78467.26934637241,54994.04776395738,25581.73688580132,22695.82597212556,22267.40797664349,22290.725277232385,1.1894869999999997,1.9878370000000003,1.7890329999999994,1.5705779999999998,0.09716697992475791,0.09964549043687666,0.059869745568498535,0.042580379348127896,0.019239688603695605,0.09324798128340883,0.08311795723145858,0.012279215873676284,132668.87500000003,112433.27500000007,467700.61607142864,380747.05208333326,330965.01249999995,314365.83481428574,268310.4635333334,238880.95623999997,276551.1508757144,252992.18380999996,201684.0183,-0.7927357142857145,-0.8918066666666666,-0.1501639999999993,-1.3305635714285717,-1.2873345,-0.3626513999999994,85.67742857142855,83.31799999999998,86.10600000000002,-0.050400857142857136,-0.06235933333333338,-0.08915799999999996,14.184287898070664,14.272494424105105,13.438603497210593,45810.835163543314,26060.54917798299,-4022.114040207678,1099.0406771775524,782.393128644726,966.8525150803434,0.5378278571428576,0.39552783333333297,0.21248739999999988,-0.018808879531360026,-0.07640356733496347,-0.04395750833740283,-0.06842606903359871,0.0007955955995665696,-0.03956057980034147,-0.013396213198725533,-3435.970312499907,0.06458500000000003,0.09842433333333331,-0.16300933333333334,-0.033838999999999994,0.15422966666666668,0.05308966666666681,-0.1011403333333333,-0.061550333333333374,-0.025804884412073063,0.05289286666666654,0.01149533333333333,-0.055805333333333325,0.04431000000000007,0.06730133333333335,-0.007267333333333334,0.0780059999999999,0.08527333333333335,-0.07076500000000001,-0.08006675635420336,0.011470166666666632
2006,Netherlands,NLD,138,16491.46,23867.010778434294,103.29494989223898,100.0,1288169.86566,0.2127027754949828,147.547466424047,100326.240734472,628872.2643,700987.8984,506703.44772,1341506.25879,3.079225,3.78083,379.654,5.0024,157.4376385030723,0.45194,333518.28624,326274.69147,1.6732801822323462,1821474.25,1043741.9375,925049.125,896425.125,1900111.5,4.209358215332031,124.29607391357422,62.463260650634766,0.0,0.0,1.0,1.0,PEG,DEU,0.74583,0.2013731151819229,0.0798241421580314,-0.0077344179153442,0.030792249366641,,,0.0456483401358127,0.0341758020222187,0.0326838381588459,0.1644040048122406,0.0317493714392185,,,,0.0378082990646362,0.0369690954685211,0.1097619459033012,0.1226433962583541,0.0115289157256484,0.15361,0.089368,0.757022,3.0,0.064242,-0.0220199999999999,-0.027348,-0.005329,0.1048233333333333,0.0683388874677759,0.126746,0.0875158131482533,0.0109532,-0.050336,0.180958,0.252815,0.111388,0.169643,0.707654,0.577542,0.069571,0.083172,-0.0582549999999999,0.136204,-0.071857,-0.0081189999999999,-0.013601,-0.144323,0.0985463333333333,0.0712186666666666,0.0682992422310331,0.0328096413015037,0.0192696999999999,0.0186830999999999,-0.0140699,0.0243123,0,1,1,1744842.5,1596017.125,1454671.125,1032304.625,931242.0,846856.5625,1171943.99655,1056877.2789,997176.57129,3.37417,4.09417,4.1225,2.184683,2.106333,2.333467,363.08,349.205,334.943,0.497986,0.5028320000000001,0.499782,145.14892742764997,143.01670428870295,141.06598303986522,73584.67737466801,78467.26934637241,54994.04776395738,23113.73626980998,22695.82597212556,22267.40797664349,0.7016049999999998,1.1894869999999997,1.9878370000000003,1.7890329999999994,0.09324798128340885,0.1085245564525655,0.10887424675243437,0.039733108059735685,0.018413531113504557,0.04391900701639262,0.08938869172746851,0.010267158787102404,124923.47500000002,132668.87500000003,558063.4140625,467700.61607142864,380747.05208333326,376132.7304625,314365.83481428574,268310.4635333334,357048.97466625005,276551.1508757144,252992.18380999996,-1.4136437499999999,-0.7927357142857145,-0.8918066666666666,-1.0858931249999997,-1.3305635714285717,-1.2873345,88.84274999999997,85.67742857142855,83.31799999999998,-0.048946750000000094,-0.050400857142857136,-0.06235933333333338,14.543475049758854,14.184287898070664,14.272494424105105,35201.888796396,45810.835163543314,26060.54917798299,1379.5708902147744,1099.0406771775524,782.393128644726,-0.3277506250000002,0.5378278571428576,0.39552783333333297,-0.0200408953825148,-0.05660970598570843,0.011326636894733413,-0.06149818760290541,-0.000144218404848271,-0.02669641533760797,-0.013175568085511824,17486.82375000004,-0.04393166666666665,0.012841666666666668,0.031090000000000062,-0.05677233333333334,-0.08558266666666653,-0.10851666666666666,-0.022933333333333306,-0.0019729999999999887,0.025513819340220838,0.033836866666666604,0.06458500000000003,0.09842433333333331,-0.16300933333333334,-0.033838999999999994,0.15422966666666668,0.05308966666666681,-0.1011403333333333,-0.061550333333333374,-0.025804884412073063,0.05289286666666654
2007,Netherlands,NLD,138,16570.61,24756.362436510317,106.95919309192332,101.6202,1364471.1207,0.2351715366553613,149.88833192265227,80481.30505704,676157.72817,758759.3901000001,530036.3292,1408554.13554,4.277608,4.28667,395.457,4.1527,162.96512181515493,0.429812,350422.94565,347168.06598,1.4969839005502334,1908512.0,1054944.0,936618.625,971893.4375,1967005.125,5.120937347412109,113.52696228027344,62.84124374389648,0.0,0.0,1.0,1.0,PEG,DEU,1.02334,0.0816476196050643,0.0747661590576171,0.0122211836278438,0.0427760817110538,,,0.0416247434914112,0.0331414118409156,0.0318170376121997,0.0480922050774097,0.0320157073438167,,,,0.0428666993975639,0.0335554145276546,0.0712307468056678,0.077098049223423,0.0274986326694488,0.232277,0.076609,0.691114,7.0,0.155668,-0.012759,0.078667,0.091426,0.1234663333333333,0.0414781087844339,0.0723283333333333,0.0097615772461888,-0.0301122,0.0212159,0.15361,0.180958,0.089368,0.111388,0.757022,0.707654,0.064242,0.069571,-0.0220199999999999,-0.0582549999999999,-0.027348,-0.071857,-0.005329,-0.013601,0.1048233333333333,0.0985463333333333,0.0683388874677759,0.0682992422310331,0.0109532,0.0192696999999999,-0.050336,-0.0140699,1,1,1,1821474.25,1744842.5,1596017.125,1043741.9375,1032304.625,931242.0,1341506.25879,1171943.99655,1056877.2789,3.78083,3.37417,4.09417,3.079225,2.184683,2.106333,379.654,363.08,349.205,0.45194,0.497986,0.5028320000000001,147.547466424047,145.14892742764997,143.01670428870295,100326.240734472,73584.67737466801,78467.26934637241,23867.010778434294,23113.73626980998,22695.82597212556,0.009062000000000126,0.7016049999999998,1.1894869999999997,1.9878370000000003,0.0439190070163926,0.011079396742991441,0.14468461184080636,0.045648341963203734,0.03258990670444768,0.047784233018940636,0.07811132274151977,0.029676176953455573,101411.6375000001,124923.47500000002,572688.1180555555,558063.4140625,467700.61607142864,345777.51735555555,376132.7304625,314365.83481428574,486939.12861000013,357048.97466625005,276551.1508757144,-0.8499122222222217,-1.4136437499999999,-0.7927357142857145,-0.07069633333333325,-1.0858931249999997,-1.3305635714285717,95.5453333333333,88.84274999999997,85.67742857142855,-0.0895542222222222,-0.048946750000000094,-0.050400857142857136,15.326072373960443,14.543475049758854,14.184287898070664,58032.131178822645,35201.888796396,45810.835163543314,1979.5597443707811,1379.5708902147744,1099.0406771775524,-0.7792158888888889,-0.3277506250000002,0.5378278571428576,-0.06686475772671668,-0.14697865244706892,0.04572117237126372,-0.047895680249074174,0.014050184486700888,-0.034160010703898416,0.008115674093057322,6826.953125000029,-0.077959,-0.015455333333333335,0.09341433333333327,-0.062504,-0.02829699999999993,-0.034027333333333326,-0.0057316666666666705,0.0184868888888889,0.03367934067619777,0.0035467333333333998,-0.04393166666666665,0.012841666666666668,0.031090000000000062,-0.05677233333333334,-0.08558266666666653,-0.10851666666666666,-0.022933333333333306,-0.0019729999999999887,0.025513819340220838,0.033836866666666604
2008,Netherlands,NLD,138,16645.31,25112.311527597078,108.855961001226,102.4626,1426236.70458,0.2239506980222572,153.20625432502325,70826.9147494428,740290.09659,816448.11048,524394.8316,1469259.73491,4.634233,4.2275,407.02,3.6542,167.3550923345197,0.546867,371838.59943,368079.07017,1.5834662642810944,1961015.375,1052034.25,935076.0,1025939.375,2054056.0,4.263156890869141,106.2086181640625,60.76982498168945,1.0,1.0,1.0,1.0,PEG,DEU,-0.04084,-0.4946197867393493,0.0616611540317535,0.1228706836700439,0.0463423281908035,,,0.0292395893484354,0.0324215628206729,0.0315004996955394,-0.5150105953216553,0.0420437976717948,,,,0.0422750003635883,0.0203907955437898,-0.0181862376630306,-0.0399809479713439,0.0846065059304237,0.179217,0.10324,0.717543,11.0,0.075977,0.026631,-0.05306,-0.079691,0.092455,0.0175938025167957,0.0964936666666666,0.0513156979328286,-0.0037203,0.0110644,0.232277,0.15361,0.076609,0.089368,0.691114,0.757022,0.155668,0.064242,-0.012759,-0.0220199999999999,0.078667,-0.027348,0.091426,-0.005329,0.1234663333333333,0.1048233333333333,0.0414781087844339,0.0683388874677759,-0.0301122,0.0109532,0.0212159,-0.050336,0,0,0,1908512.0,1821474.25,1744842.5,1054944.0,1043741.9375,1032304.625,1408554.13554,1341506.25879,1171943.99655,4.28667,3.78083,3.37417,4.277608,3.079225,2.184683,395.457,379.654,363.08,0.429812,0.45194,0.497986,149.88833192265227,147.547466424047,145.14892742764997,80481.30505704,100326.240734472,73584.67737466801,24756.362436510317,23867.010778434294,23113.73626980998,-0.406733,0.009062000000000126,0.7016049999999998,1.1894869999999997,0.04778423301894057,0.010732597874558433,0.049979548221023636,0.041624742528723516,0.037262800370443584,0.027510109970490193,0.06165040710624736,0.027432462766284946,73555.63749999997,101411.6375000001,602457.0562499999,572688.1180555555,558063.4140625,322401.82811999996,345777.51735555555,376132.7304625,505293.092499,486939.12861000013,357048.97466625005,-0.2590810000000001,-0.8499122222222217,-1.4136437499999999,1.1347562999999998,-0.07069633333333325,-1.0858931249999997,101.79379999999998,95.5453333333333,88.84274999999997,-0.10272679999999995,-0.0895542222222222,-0.048946750000000094,16.134330635169675,15.326072373960443,14.543475049758854,32383.98238350838,58032.131178822645,35201.888796396,2670.955428009729,1979.5597443707811,1379.5708902147744,-1.3938372999999997,-0.7792158888888889,-0.3277506250000002,-0.05557011419897798,-0.1309944899324943,-0.05406402151199274,-0.04659753743365727,0.017161946543063356,-0.04635092500118353,0.004857500644254529,-17660.163392857037,0.03648266666666672,-0.04685733333333335,0.010374666666666643,0.08333966666666667,-0.03140200000000006,0.11444166666666664,0.14584366666666665,0.031936888888888904,-0.015004481549003662,-0.04641419999999993,-0.077959,-0.015455333333333335,0.09341433333333327,-0.062504,-0.02829699999999993,-0.034027333333333326,-0.0057316666666666705,0.0184868888888889,0.03367934067619777,0.0035467333333333998
2009,Netherlands,NLD,138,16727.49653520268,24073.41548408792,104.3264224839418,101.0779,1376970.56382,0.2155779382712051,154.6955875915272,74562.95603085302,603873.83646,681759.55899,600603.53082,1494794.12268,1.228358,3.68667,393.144,4.347,171.8913072384642,0.56767,354819.3471,396478.28094,1.529716784673052,2071416.875,1059769.375,936160.25,1135256.625,2044500.75,4.624703407287598,116.78826141357422,61.936309814453125,0.0,0.0,1.0,1.0,PEG,DEU,-3.192497,0.4453493356704712,-0.0017091743648052,0.0450680255889892,0.0122835803776979,,,-0.03409169241786,0.0323825180530548,0.0335254557430744,0.3689603507518768,0.0558007322251796,,,,0.0368666984140872,0.0763889923691749,0.0810923874378204,0.0906024575233459,0.028675802052021,0.170594,0.039718,0.789688,9.0,0.130876,-0.063522,-0.0086229999999999,0.0548989999999999,0.089739,0.0133193757736617,0.098629,0.0497444790604945,-0.0122318999999999,0.0120211,0.179217,0.232277,0.10324,0.076609,0.717543,0.691114,0.075977,0.155668,0.026631,-0.012759,-0.05306,0.078667,-0.079691,0.091426,0.092455,0.1234663333333333,0.0175938025167957,0.0414781087844339,-0.0037203,-0.0301122,0.0110644,0.0212159,0,0,0,1961015.375,1908512.0,1821474.25,1052034.25,1054944.0,1043741.9375,1469259.73491,1408554.13554,1341506.25879,4.2275,4.28667,3.78083,4.634233,4.277608,3.079225,407.02,395.457,379.654,0.546867,0.429812,0.45194,153.20625432502325,149.88833192265227,147.547466424047,70826.9147494428,80481.30505704,100326.240734472,25112.311527597078,24756.362436510317,23867.010778434294,2.458312,-0.406733,0.009062000000000126,0.7016049999999998,0.0275101099704901,-0.0027582032790366123,0.04309781061182102,0.029239588627840672,0.014378085310377113,0.05629813075789891,0.03973778333527448,0.010764385256464271,80233.12499999993,73555.63749999997,600191.6079545454,602457.0562499999,572688.1180555555,290182.82101818186,322401.82811999996,345777.51735555555,520062.9561872728,505293.092499,486939.12861000013,-0.2946981818181822,-0.2590810000000001,-0.8499122222222217,1.3882216363636366,1.1347562999999998,-0.07069633333333325,104.10281818181818,101.79379999999998,95.5453333333333,0.023666999999999994,-0.10272679999999995,-0.0895542222222222,17.985495707070697,16.134330635169675,15.326072373960443,19785.593677410427,32383.98238350838,58032.131178822645,2784.090389277422,2670.955428009729,1979.5597443707811,-1.6829198181818181,-1.3938372999999997,-0.7792158888888889,-0.07028722582753065,-0.1313858420928399,-0.05553935696999609,-0.05432293759117438,-0.007438963171309451,-0.06311344599424712,-0.012350299159372205,-43308.64296875005,-0.009731333333333314,0.010784999999999989,-0.0010536666666666195,-0.020516666666666655,0.05764233333333327,-0.046214,-0.10385633333333334,-0.0164903333333333,-0.0417782769776186,-0.003757199999999967,0.03648266666666672,-0.04685733333333335,0.010374666666666643,0.08333966666666667,-0.03140200000000006,0.11444166666666664,0.14584366666666665,0.031936888888888904,-0.015004481549003662,-0.04641419999999993
2010,Netherlands,NLD,138,16817.800259067353,24302.61795851416,105.18634341211836,100.58595349456876,1408582.78377,0.196965833159936,156.1340324776267,97671.1302266118,731442.20094,818792.85792,672265.97631,1546382.97378,0.8109583,2.99167,385.435,4.989,174.7819343414088,0.592468,362660.14728,416831.7465,1.649236641221374,2015938.5,1012177.25,910539.9375,1105398.625,2068922.25,4.483133792877197,110.5498046875,61.68037033081055,0.0,0.0,1.0,1.0,PEG,DEU,-0.24250001,0.0925563126802444,0.0144532732665538,0.0684256330132484,0.0081095825880765,,,-0.0196085907518863,0.0340618640184402,0.0347431264817714,0.0708198994398117,0.0202988497912883,,,,0.0299166999757289,0.0217364113777875,0.0335878878831863,0.0327170602977275,0.038267608731985,0.20838,0.198146,0.593474,5.0,0.010235,0.1584279999999999,0.037786,-0.120641,0.073189,0.0318987996796118,0.1208403333333333,0.0407823469694096,0.0301088999999999,-0.0381399999999999,0.170594,0.179217,0.039718,0.10324,0.789688,0.717543,0.130876,0.075977,-0.063522,0.026631,-0.0086229999999999,-0.05306,0.0548989999999999,-0.079691,0.089739,0.092455,0.0133193757736617,0.0175938025167957,-0.0122318999999999,-0.0037203,0.0120211,0.0110644,0,0,0,2071416.875,1961015.375,1908512.0,1059769.375,1052034.25,1054944.0,1494794.12268,1469259.73491,1408554.13554,3.68667,4.2275,4.28667,1.228358,4.634233,4.277608,393.144,407.02,395.457,0.56767,0.546867,0.429812,154.6955875915272,153.20625432502325,149.88833192265227,74562.95603085302,70826.9147494428,80481.30505704,24073.41548408792,25112.311527597078,24756.362436510317,2.1807117,2.458312,-0.406733,0.009062000000000126,0.05629813075789883,0.00735254104132066,0.01737908360468616,-0.03409169082600358,-0.0413699886753741,-0.02678281502365376,0.04386415791577658,0.014788941031220078,43268.100000000435,80233.12499999993,660577.140625,600191.6079545454,602457.0562499999,273736.04426666663,290182.82101818186,322401.82811999996,502258.76427499996,520062.9561872728,505293.092499,-0.8109699999999997,-0.2946981818181822,-0.2590810000000001,-2.1333385000000002,1.3882216363636366,1.1347562999999998,81.55158333333333,104.10281818181818,101.79379999999998,0.04249775,0.023666999999999994,-0.10272679999999995,17.97603766465207,17.985495707070697,16.134330635169675,21872.835485703115,19785.593677410427,32383.98238350838,1513.186813328477,2784.090389277422,2670.955428009729,1.3223684999999998,-1.6829198181818181,-1.3938372999999997,-0.03510945723761914,-0.10933093030949718,-0.07620905152531313,-0.11271576817309369,-0.06251076777785071,-0.052675726814320326,-0.007090713468679177,-31819.084027777863,-0.017773999999999957,-0.05002100000000001,0.06779499999999994,0.032246999999999984,-0.06080600000000003,-0.008042666666666563,0.052763666666666556,-0.01717588888888885,-0.029150890482673462,-0.004605466666666567,-0.009731333333333314,0.010784999999999989,-0.0010536666666666195,-0.020516666666666655,0.05764233333333327,-0.046214,-0.10385633333333334,-0.0164903333333333,-0.0417782769776186,-0.003757199999999967
2011,Netherlands,NLD,138,16899.986794270033,24563.92656391644,106.32091298193218,100.1874992086704,1433202.63189,0.2013733953093598,159.98967543293818,122323.84463181152,804180.05691,902106.31818,699966.61101,1602681.15315,1.3906,2.98917,376.185,4.9773,177.38006565647348,0.616956,357964.04127,396222.65058,1.7031532575933226,2088733.625,1043289.1875,926917.875,1161815.75,2137045.5,4.553682804107666,109.25230407714844,62.54448318481445,0.0,0.0,1.0,1.0,PEG,DEU,0.425834,-0.0928457751870155,0.011369640007615,0.1289784610271453,0.0139060001820325,,,-0.0239988584071397,0.0353684984147548,0.0362381748855114,-0.1238663643598556,0.0354062281548976,,,,0.029891699552536,0.0310205873101949,0.0009375463123433,-0.0131420288234949,0.0714422315359115,0.137804,0.060709,0.801488,5.0,0.077095,-0.1374369999999999,-0.070576,0.06686,0.1137013333333333,0.0797304045978279,0.0723626666666666,0.0604016578773572,0.0030834999999999,-0.0117286999999999,0.20838,0.170594,0.198146,0.039718,0.593474,0.789688,0.010235,0.130876,0.1584279999999999,-0.063522,0.037786,-0.0086229999999999,-0.120641,0.0548989999999999,0.073189,0.089739,0.0318987996796118,0.0133193757736617,0.0301088999999999,-0.0122318999999999,-0.0381399999999999,0.0120211,0,0,0,2015938.5,2071416.875,1961015.375,1012177.25,1059769.375,1052034.25,1546382.97378,1494794.12268,1469259.73491,2.99167,3.68667,4.2275,0.8109583,1.228358,4.634233,385.435,393.144,407.02,0.592468,0.56767,0.546867,156.1340324776267,154.6955875915272,153.20625432502325,97671.1302266118,74562.95603085302,70826.9147494428,24302.61795851416,24073.41548408792,25112.311527597078,1.59857,2.1807117,2.458312,-0.406733,-0.026782815023653796,-0.04490800179991991,0.03451234542420248,-0.019608591254095198,0.009520978632123898,0.03610979452002128,0.01900847523491178,0.042187903869145,32767.637500000015,43268.100000000435,554285.139423077,660577.140625,600191.6079545454,205087.300476923,273736.04426666663,290182.82101818186,515212.3258153845,502258.76427499996,520062.9561872728,-1.443587692307692,-0.8109699999999997,-0.2946981818181822,-2.3866352384615386,-2.1333385000000002,1.3882216363636366,67.56938461538465,81.55158333333333,104.10281818181818,0.0640266923076922,0.04249775,0.023666999999999994,18.031710422701423,17.97603766465207,17.985495707070697,43298.483874869344,21872.835485703115,19785.593677410427,1625.9903021140708,1513.186813328477,2784.090389277422,0.9430475461538461,1.3223684999999998,-1.6829198181818181,-0.11526461491603682,-0.152480562291613,-0.05272503541202071,-0.08883968792009417,-0.006410569822198488,-0.07274270705751963,0.020952859684580213,-65602.20062499956,0.014350666666666734,0.12495699999999997,-0.1393076666666666,-0.11060533333333333,0.1749779999999999,0.032124666666666635,-0.1428523333333333,-0.028697777777777767,0.007768370654648041,0.04546369999999987,-0.017773999999999957,-0.05002100000000001,0.06779499999999994,0.032246999999999984,-0.06080600000000003,-0.008042666666666563,0.052763666666666556,-0.01717588888888885,-0.029150890482673462,-0.004605466666666567
2012,Netherlands,NLD,138,16975.07078939347,24202.269173236706,104.83675879406016,98.67841926618256,1438947.70386,0.1876131375906249,164.50008221612043,146686.32893148842,858232.65579,946967.24265,749292.25194,1645029.84822,0.5731834,1.93275,352.673,5.8209,180.39490638350975,0.6621389999999999,351626.17131,395129.61042,1.670236471123238,2153439.0,1076003.25,958115.8125,1195323.125,2216498.25,4.852022647857666,108.60769653320312,61.49399185180664,0.0,0.0,1.0,1.0,PEG,DEU,-0.55416697,0.1257728934288025,-0.0252483151853084,0.1131673231720924,0.0057318340986967,,,-0.0625011622905731,0.0372528471052646,0.0397364199161529,0.0821758061647415,0.0402865074574947,,,,0.019327500835061,0.0435970835387706,0.0235542468726634,0.0159173347055912,0.0594495795667171,0.25996,0.153725,0.586316,5.0,0.106235,0.093016,0.122156,0.02914,0.0995243333333333,0.0860513240591528,0.0727353333333333,0.06043854515401,0.0204584,-0.0007063,0.137804,0.20838,0.060709,0.198146,0.801488,0.593474,0.077095,0.010235,-0.1374369999999999,0.1584279999999999,-0.070576,0.037786,0.06686,-0.120641,0.1137013333333333,0.073189,0.0797304045978279,0.0318987996796118,0.0030834999999999,0.0301088999999999,-0.0117286999999999,-0.0381399999999999,0,0,0,2088733.625,2015938.5,2071416.875,1043289.1875,1012177.25,1059769.375,1602681.15315,1546382.97378,1494794.12268,2.98917,2.99167,3.68667,1.3906,0.8109583,1.228358,376.185,385.435,393.144,0.616956,0.592468,0.56767,159.98967543293818,156.1340324776267,154.6955875915272,122323.84463181152,97671.1302266118,74562.95603085302,24563.92656391644,24302.61795851416,24073.41548408792,1.3595666,1.59857,2.1807117,2.458312,0.03610979452002132,0.0307376376025049,0.036406362669904456,-0.02399885843267996,0.0107522821552948,0.030978279961380917,0.021875036751422144,0.0433310758525258,31886.150000000205,32767.637500000015,587488.46875,554285.139423077,660577.140625,221550.14508571418,205087.300476923,273736.04426666663,534709.6247699999,515212.3258153845,502258.76427499996,-1.3429742857142855,-1.443587692307692,-0.8109699999999997,-1.6365195928571428,-2.3866352384615386,-2.1333385000000002,53.492999999999995,67.56938461538465,81.55158333333333,0.08394135714285711,0.0640266923076922,0.04249775,20.599374062105653,18.031710422701423,17.97603766465207,64858.44943186411,43298.483874869344,21872.835485703115,1771.1567430796276,1625.9903021140708,1513.186813328477,0.2935453071428571,0.9430475461538461,1.3223684999999998,-0.04350549653266657,-0.0651056488667564,-0.04677524621154792,-0.08639613295097938,-0.004686145543473857,-0.06381425328621596,0.020349960027579328,-70138.82670454548,-0.04825966666666662,-0.052992333333333336,0.10125299999999993,0.0047323333333333245,-0.17794933333333318,-0.06261033333333337,0.1153376666666667,0.028573666666666622,0.05879307860780485,-0.0016354000000001006,0.014350666666666734,0.12495699999999997,-0.1393076666666666,-0.11060533333333333,0.1749779999999999,0.032124666666666635,-0.1428523333333333,-0.028697777777777767,0.007768370654648041,0.04546369999999987
2013,Netherlands,NLD,138,17025.803218530928,24100.634782114583,104.39206365144452,97.43936093408946,1455468.91773,0.1835636515595877,168.70346243752908,141922.77416785227,851409.9696300001,954440.02326,718834.7760300001,1633768.89012,0.2206667,1.96133333333333,331.46248605795506,7.243,184.77369390371385,0.676557,365571.24819,385360.56399,1.5979334348488146,2096600.875,1073760.562323,948891.0625,1147709.75,2350199.5,5.201436519622803,106.7711410522461,57.22272109985352,0.0,0.0,1.0,1.0,PEG,DEU,-0.16583334,0.1854651272296905,-0.0185381285846233,-0.029589669778943,0.00220666709356,,,-0.0601421557366848,0.0416040271520614,0.0442662984132766,0.1493005603551864,0.0314665846526622,,,,0.0196133330464363,0.0361645631492137,0.0346026495099067,0.0448079146444797,-0.0136915016919374,0.11455,0.117133,0.768317,4.0,-0.002583,-0.036592,-0.14541,-0.108818,0.1375266666666666,0.07013573799664,0.0645216666666666,0.0492195746967942,-0.0150023,-0.0009313999999999,0.25996,0.137804,0.153725,0.060709,0.586316,0.801488,0.106235,0.077095,0.093016,-0.1374369999999999,0.122156,-0.070576,0.02914,0.06686,0.0995243333333333,0.1137013333333333,0.0860513240591528,0.0797304045978279,0.0204584,0.0030834999999999,-0.0007063,-0.0117286999999999,0,0,0,2153439.0,2088733.625,2015938.5,1076003.25,1043289.1875,1012177.25,1645029.84822,1602681.15315,1546382.97378,1.93275,2.98917,2.99167,0.5731834,1.3906,0.8109583,352.673,376.185,385.435,0.6621389999999999,0.616956,0.592468,164.50008221612043,159.98967543293818,156.1340324776267,146686.32893148842,122323.84463181152,97671.1302266118,24202.269173236706,24563.92656391644,24302.61795851416,1.74066663333333,1.3595666,1.59857,2.1807117,0.030978279961380906,0.03135665824198911,0.026423655751342444,-0.06250116299161317,-0.01472310991236218,-0.026394118895403995,0.013435086485916145,0.034924100729889725,30669.25000000006,31886.150000000205,613027.9458333333,587488.46875,554285.139423077,239494.1979133333,221550.14508571418,205087.300476923,541411.011522,534709.6247699999,515212.3258153845,-2.309862666666667,-1.3429742857142855,-1.443587692307692,-2.3448348866666664,-1.6365195928571428,-2.3866352384615386,26.414800000000014,53.492999999999995,67.56938461538465,0.1235282666666665,0.08394135714285711,0.0640266923076922,23.736489241147524,20.599374062105653,18.031710422701423,84897.03710275007,64858.44943186411,43298.483874869344,1291.422236194583,1771.1567430796276,1625.9903021140708,0.03497222,0.2935453071428571,0.9430475461538461,-0.04552947562468794,-0.05983622473678959,-0.05341686411499936,-0.1187272851562712,-0.029826812929454133,-0.06734541483739767,0.010377603364360229,-65175.41197916649,0.0877006666666667,0.05420066666666666,-0.14190066666666667,0.033499666666666664,0.107193,0.1359603333333333,0.028767333333333357,0.0073145555555555325,0.04440179737545234,0.013471566666666702,-0.04825966666666662,-0.052992333333333336,0.10125299999999993,0.0047323333333333245,-0.17794933333333318,-0.06261033333333337,0.1153376666666667,0.028573666666666622,0.05879307860780485,-0.0016354000000001006
2014,Netherlands,NLD,138,17075.520999085635,24371.63199531745,105.49768131298072,97.45325059916372,1479923.4876,0.1759157781880993,169.24457554916322,120939.34740667198,842733.96336,955096.72884,737365.77342,1637451.28953,0.2099333,1.45425,334.23333233639147,7.4158,185.40775853273695,0.6784680000000001,375258.75735,391090.20999,1.8150976031628363,2068864.9851,1081315.761687,938247.16218,1130617.82292,2573389.0,5.139682769775391,105.00208282470705,59.23868560791016,0.0,0.0,1.0,1.0,PEG,DEU,0.0075,0.096252903342247,0.0543582886457443,0.1813245415687561,0.0020993330981582,,,0.0081442696973681,0.0462140180170536,0.0458406805992126,0.0659890100359916,0.0283904336392879,,,,0.0145424995571374,0.030263889580965,0.0723754689097404,0.0681626498699188,0.091711938381195,0.31727,0.101359,0.58137,4.0,0.215912,-0.0157739999999999,0.20272,0.218495,0.1105223333333333,0.046859041276293,0.060249,0.05633098674797,0.0085358,0.0307633,0.11455,0.25996,0.117133,0.153725,0.768317,0.586316,-0.002583,0.106235,-0.036592,0.093016,-0.14541,0.122156,-0.108818,0.02914,0.1375266666666666,0.0995243333333333,0.07013573799664,0.0860513240591528,-0.0150023,0.0204584,-0.0009313999999999,-0.0007063,0,0,0,2096600.875,2153439.0,2088733.625,1073760.562323,1076003.25,1043289.1875,1633768.89012,1645029.84822,1602681.15315,1.96133333333333,1.93275,2.98917,0.2206667,0.5731834,1.3906,331.46248605795506,352.673,376.185,0.676557,0.6621389999999999,0.616956,168.70346243752908,164.50008221612043,159.98967543293818,141922.77416785227,146686.32893148842,122323.84463181152,24100.634782114583,24202.269173236706,24563.92656391644,1.2443167000000002,1.74066663333333,1.3595666,1.59857,-0.02639411889540405,-0.002084275932252018,-0.006845443024748043,-0.060142154182613754,-0.00419937446338759,-0.013228979454661394,0.0135646518619994,0.034700297271758676,-11644.404469999909,30669.25000000006,517875.57421875,613027.9458333333,587488.46875,222283.12286675,239494.1979133333,221550.14508571418,496311.8652018751,541411.011522,534709.6247699999,-2.13691291666667,-2.309862666666667,-1.3429742857142855,-2.5507994062500003,-2.3448348866666664,-1.6365195928571428,3.553361057955044,26.414800000000014,53.492999999999995,0.13022574999999992,0.1235282666666665,0.08394135714285711,26.45633888498446,23.736489241147524,20.599374062105653,74827.41752019204,84897.03710275007,64858.44943186411,1109.0739553103012,1291.422236194583,1771.1567430796276,0.4138864895833301,0.03497222,0.2935453071428571,-0.0998665761064937,-0.08928807726191143,-0.08312483861675656,-0.10845312400352038,-0.0173146232851826,-0.06240546268721457,0.009412542523060594,-61378.818750000006,-0.08749799999999998,-0.020393666666666685,0.10789100000000007,-0.06710466666666666,-0.07459433333333333,-0.17519866666666667,-0.10060433333333334,0.04205511111111107,0.004242228551109159,-0.03288589999999993,0.0877006666666667,0.05420066666666666,-0.14190066666666667,0.033499666666666664,0.107193,0.1359603333333333,0.028767333333333357,0.0073145555555555325,0.04440179737545234,0.013471566666666702
2015,Netherlands,NLD,138,17148.575697043572,24743.873982589957,107.08886714196632,98.94043503888608,1520577.5296800002,0.2210597558289179,169.6160607261158,95842.0016957304,820207.63974,923317.02693,943401.63987,1812291.437,-0.01936667,0.690166666666667,346.3557848045507,6.872,187.87803086770924,0.6463209999999999,380541.05022,409030.6131,2.024166437034996,2001953.73837,1113923.177073,988617.36165,1013336.37672,2602674.0,5.42558479309082,104.57917022705078,59.76648712158203,0.0,0.0,1.0,1.0,PEG,DEU,-0.20416667,0.0811321511864662,0.0822450816631317,-0.0014926785370334,-0.0001936666958499,,,0.0354875922203063,0.0467574931681156,0.0451550483703613,0.0498071275651454,0.0298388376832008,,,,0.006901666522026,0.0313250236213207,0.0678678974509239,0.0818260759115219,-0.0008431726018898,0.25454,0.024634,0.720826,2.0,0.229905,-0.076725,-0.06273,0.013993,0.1240723333333333,0.0268638278979995,0.1065213333333333,0.109247781425223,-0.0403047,0.0589504999999999,0.31727,0.11455,0.101359,0.117133,0.58137,0.768317,0.215912,-0.002583,-0.0157739999999999,-0.036592,0.20272,-0.14541,0.218495,-0.108818,0.1105223333333333,0.1375266666666666,0.046859041276293,0.07013573799664,0.0085358,-0.0150023,0.0307633,-0.0009313999999999,0,0,0,2068864.9851,2096600.875,2153439.0,1081315.761687,1073760.562323,1076003.25,1637451.28953,1633768.89012,1645029.84822,1.45425,1.96133333333333,1.93275,0.2099333,0.2206667,0.5731834,334.23333233639147,331.46248605795506,352.673,0.6784680000000001,0.676557,0.6621389999999999,169.24457554916322,168.70346243752908,164.50008221612043,120939.34740667198,141922.77416785227,146686.32893148842,24371.63199531745,24100.634782114583,24202.269173236706,0.7095333366666671,1.2443167000000002,1.74066663333333,1.3595666,-0.013228979454661378,0.0070362049316235785,0.002253929201534353,0.008359456635318712,0.011244401471283147,-0.0323420074349442,-0.0028816061295614905,0.030053271680338663,-48219.16747900002,-11644.404469999909,459676.4152470587,517875.57421875,613027.9458333333,216762.84441505896,222283.12286675,239494.1979133333,470799.4490117647,496311.8652018751,541411.011522,-2.518295490196078,-2.13691291666667,-2.309862666666667,-2.411485782352941,-2.5507994062500003,-2.3448348866666664,6.115186097688195,3.553361057955044,26.414800000000014,0.12447641176470592,0.13022574999999992,0.1235282666666665,25.441196768090094,26.45633888498446,23.736489241147524,49442.37796370634,74827.41752019204,84897.03710275007,1314.8315240831507,1109.0739553103012,1291.422236194583,-0.10680970784313693,0.4138864895833301,0.03497222,-0.08045977565909518,-0.07458709156916636,-0.06883016397692687,-0.033173192935367884,-0.0007886833951879519,-0.07469135649962783,0.004138014096769876,-99308.27188071425,0.1464986666666667,-0.009163333333333343,-0.13733700000000004,0.155663,0.011230333333333401,0.2339966666666667,0.22276766666666664,-0.0063951111111110875,-0.03178011427491389,0.005689266666666699,-0.08749799999999998,-0.020393666666666685,0.10789100000000007,-0.06710466666666666,-0.07459433333333333,-0.17519866666666667,-0.10060433333333334,0.04205511111111107,0.004242228551109159,-0.03288589999999993
2016,Netherlands,NLD,138,17227.718286498006,25169.442484773517,108.8551004825971,99.51718409850372,1560969.33027,0.2000107293562245,169.8026514542655,125923.39587288092,812860.4706,932671.77588,984130.60809,1853985.63,-0.26369167,0.292083333333333,363.8519472739526,6.0063,189.60673259565823,0.6192770000000001,394669.03503,412276.67793,2.090608101698131,2011365.78378,1158354.378093,1014795.23274,996570.55104,2648625.75,5.557453155517578,101.95856475830078,59.16746520996094,0.0,0.0,1.0,1.0,PEG,DEU,-0.21250001,0.0775000005960464,0.096187949180603,0.0996966734528541,-0.002637,,,0.0501749515533447,0.046012993901968,0.0438145995140075,0.0436999984085559,0.0323847830295562,,,,0.002911,0.0338000021874904,0.078927643597126,0.0861517786979675,0.0485298372805118,0.305536,0.08938,0.605084,2.0,0.216156,0.064746,0.0509959999999999,-0.013749,0.081042,0.049483346865385,0.1477446666666666,0.130375444529763,-0.0159983999999999,0.067021,0.25454,0.31727,0.024634,0.101359,0.720826,0.58137,0.229905,0.215912,-0.076725,-0.0157739999999999,-0.06273,0.20272,0.013993,0.218495,0.1240723333333333,0.1105223333333333,0.0268638278979995,0.046859041276293,-0.0403047,0.0085358,0.0589504999999999,0.0307633,0,0,0,2001953.73837,2068864.9851,2096600.875,1113923.177073,1081315.761687,1073760.562323,1812291.437,1637451.28953,1633768.89012,0.690166666666667,1.45425,1.96133333333333,-0.01936667,0.2099333,0.2206667,346.3557848045507,334.23333233639147,331.46248605795506,0.6463209999999999,0.6784680000000001,0.676557,169.6160607261158,169.24457554916322,168.70346243752908,95842.0016957304,120939.34740667198,141922.77416785227,24743.873982589957,24371.63199531745,24100.634782114583,0.555775003333333,0.7095333366666671,1.2443167000000002,1.74066663333333,-0.032342007434944246,0.03015531312992972,0.10677578538545998,0.036269430051813316,0.015273576564098251,0.004701430022885145,-0.023988368595003196,0.009780985917824333,-32261.652039,-48219.16747900002,367227.5898922221,459676.4152470587,517875.57421875,237327.87955577776,216762.84441505896,222283.12286675,619484.0715366665,470799.4490117647,496311.8652018751,-3.1424735185185177,-2.518295490196078,-2.13691291666667,-2.50681432,-2.411485782352941,-2.5507994062500003,17.897906004864808,6.115186097688195,3.553361057955044,0.08541405555555548,0.12447641176470592,0.13022574999999992,24.399282124593213,25.441196768090094,26.45633888498446,21598.23347700329,49442.37796370634,74827.41752019204,1614.0273155732611,1314.8315240831507,1109.0739553103012,-0.6356591985185179,-0.10680970784313693,0.4138864895833301,-0.09483987565943128,-0.04708050739620337,0.039740525382112105,-0.0033118552285575226,0.0032868848385205623,-0.0911299091838428,-0.016392897546792573,-129262.48343100006,0.0239466666666667,-0.09943833333333334,0.07549166666666662,0.12338366666666668,-0.09027500000000004,-0.12255199999999998,-0.03227933333333334,0.008214555555555572,-0.04081820654602909,-0.044968666666666664,0.1464986666666667,-0.009163333333333343,-0.13733700000000004,0.155663,0.011230333333333401,0.2339966666666667,0.22276766666666664,-0.0063951111111110875,-0.03178011427491389,0.005689266666666699
2017,Netherlands,NLD,138,17332.227090521174,25746.85031827206,111.3634318929995,101.0388334035252,1626659.72166,0.2014100191561019,172.0078146051256,176118.44806412823,901063.96335,1030088.98014,902796.07941,1875879.48927,-0.32905,0.5220833,391.3067044459473,4.8386,190.7747646404826,0.569409,428374.77948,411575.89815,1.8374968731760204,2114071.89204,1294646.56935,1131759.3447,982084.9468106164,2613851.25,5.832339272543792,100.01200121423214,57.34863439403355,0.0,0.0,1.0,1.0,PEG,DEU,-0.035,0.1632000058889389,0.1198840364813804,0.0016875044675543,-0.003291,,,0.0753684043884277,0.0445156320929527,0.0413957051932811,0.1337999999523162,0.0259304996579885,,,,0.005221,0.0294000003486871,0.1189498901367187,0.1443041712045669,-0.0008017477812245,0.203167,0.084519,0.712315,13.0,0.118648,-0.004861,-0.1023689999999999,-0.0975079999999999,0.071791,0.041276035383743,0.2206576666666666,0.0080093548013135,0.0014225999999999,-0.0305541,0.305536,0.25454,0.08938,0.024634,0.605084,0.720826,0.216156,0.229905,0.064746,-0.076725,0.0509959999999999,-0.06273,-0.013749,0.013993,0.081042,0.1240723333333333,0.049483346865385,0.0268638278979995,-0.0159983999999999,-0.0403047,0.067021,0.0589504999999999,0,0,0,2011365.78378,2001953.73837,2068864.9851,1158354.378093,1113923.177073,1081315.761687,1853985.63,1812291.437,1637451.28953,0.292083333333333,0.690166666666667,1.45425,-0.26369167,-0.01936667,0.2099333,363.8519472739526,346.3557848045507,334.23333233639147,0.6192770000000001,0.6463209999999999,0.6784680000000001,169.8026514542655,169.6160607261158,169.24457554916322,125923.39587288092,95842.0016957304,120939.34740667198,25169.442484773517,24743.873982589957,24371.63199531745,0.8511333000000001,0.555775003333333,0.7095333366666671,1.2443167000000002,0.00470143002288522,0.0398871321959111,0.023006340011747225,0.050515000000000046,0.017198943968232062,0.05106286936381221,-0.01362318562224015,0.018524864737696385,14503.276622999918,-32261.652039,357311.86741315783,367227.5898922221,459676.4152470587,269268.1395465265,237327.87955577776,216762.84441505896,628573.8397189472,619484.0715366665,470799.4490117647,-3.37516350877193,-3.1424735185185177,-2.518295490196078,-2.6192017242105265,-2.50681432,-2.411485782352941,34.452073421379055,17.897906004864808,6.115186097688195,0.05387457894736847,0.08541405555555548,0.12447641176470592,23.301700109343273,24.399282124593213,25.441196768090094,50542.87852378523,21598.23347700329,49442.37796370634,1954.6470116740165,1614.0273155732611,1314.8315240831507,-0.7559617845614036,-0.6356591985185179,-0.10680970784313693,-0.0525275562205223,-0.03473310458598848,-0.046236726957273544,0.011117706676771297,0.0050296475294032295,-0.07540414331791252,-0.006684730635932723,-105226.06277656255,0.07674933333333336,0.008337999999999984,-0.08508700000000002,0.06841133333333332,0.10777633333333331,0.05280266666666658,-0.054972333333333345,-0.042998444444444395,0.00153047780840751,-0.00040799999999989976,0.0239466666666667,-0.09943833333333334,0.07549166666666662,0.12338366666666668,-0.09027500000000004,-0.12255199999999998,-0.03227933333333334,0.008214555555555572,-0.04081820654602909,-0.044968666666666664
2018,Netherlands,NLD,138,17432.67730021334,26201.964780269784,113.32892660350764,102.62463229690388,1705642.89177,0.2042579526529515,174.75592265124388,184925.80232570335,972442.13025,1097172.11625,898326.95553,1865469.16323,-0.3220917,0.5766667,428.2888433684532,3.8305,192.9671488258919,0.524204,447987.79848,434027.29563,1.9246375545851528,2050226.00592,1262355.60672,1112904.40194,937321.60398,2668443.75,6.166700405804106,97.0625490862772,56.0678678565364,0.0,0.0,1.0,1.0,PEG,DEU,-0.00666667,-0.0926000028848648,0.1368954330682754,0.0217642839998006,-0.003221,,,0.0945476293563842,0.0423478074371814,0.0386897809803485,-0.1174999997019767,0.0282152965664863,,,,0.005769,0.0249000005424022,0.0179567262530326,0.019827876240015,0.0092716421931982,0.205972,0.056805,0.737223,6.0,0.149167,-0.0277139999999999,0.002805,0.0305189999999999,0.0661776666666666,0.0360598739644683,0.1882363333333333,0.0606560866882567,0.0091652,-0.0339722,0.203167,0.305536,0.084519,0.08938,0.712315,0.605084,0.118648,0.216156,-0.004861,0.064746,-0.1023689999999999,0.0509959999999999,-0.0975079999999999,-0.013749,0.071791,0.081042,0.041276035383743,0.049483346865385,0.0014225999999999,-0.0159983999999999,-0.0305541,0.067021,0,0,0,2114071.89204,2011365.78378,2001953.73837,1294646.56935,1158354.378093,1113923.177073,1875879.48927,1853985.63,1812291.437,0.5220833,0.292083333333333,0.690166666666667,-0.32905,-0.26369167,-0.01936667,391.3067044459473,363.8519472739526,346.3557848045507,0.569409,0.6192770000000001,0.6463209999999999,172.0078146051256,169.8026514542655,169.6160607261158,176118.44806412823,125923.39587288092,95842.0016957304,25746.85031827206,25169.442484773517,24743.873982589957,0.8987584,0.8511333000000001,0.555775003333333,0.7095333366666671,0.051062869363812206,0.11766018572086544,0.011809077112426234,0.07545584784605636,0.02294082730866409,-0.030200432804766697,0.0078074306505843865,0.04178909903764839,24752.291091000003,14503.276622999918,442152.38230249984,357311.86741315783,367227.5898922221,392096.9238262001,269268.1395465265,237327.87955577776,619039.007003,628573.8397189472,619484.0715366665,-2.9764053666666657,-3.37516350877193,-3.1424735185185177,-2.5535999680000003,-2.6192017242105265,-2.50681432,60.18422692230479,34.452073421379055,17.897906004864808,0.001312850000000032,0.05387457894736847,0.08541405555555548,24.341778254736226,23.301700109343273,24.399282124593213,98210.78678884327,50542.87852378523,21598.23347700329,2434.322494588858,1954.6470116740165,1614.0273155732611,-0.42280539866666644,-0.7559617845614036,-0.6356591985185179,-0.003401508657462554,0.04486800707507052,-0.055000477911474874,0.03547341206615543,0.010506812578814037,-0.04978440797187062,0.016950877588237764,-52271.365715941305,-0.08928166666666659,0.01272799999999999,0.07655500000000004,-0.10200966666666664,0.004389999999999973,-0.16603099999999987,-0.1704209999999999,-0.03342122222222221,0.0002072967038505083,0.0173450333333332,0.07674933333333336,0.008337999999999984,-0.08508700000000002,0.06841133333333332,0.10777633333333331,0.05280266666666658,-0.054972333333333345,-0.042998444444444395,0.00153047780840751,-0.00040799999999989976
2019,Netherlands,NLD,138,17535.156807071005,26558.08868114445,114.79074410137102,102.85363688014236,1791737.43405,0.2125415869775107,179.4209208776793,167903.7149448255,1013473.00674,1135492.42944,975743.28783,1959170.91243,-0.3563333,-0.07,459.4686570060209,3.38,197.15602978295004,0.485292,482680.80501,461860.15293,1.9616432259213097,2078988.82884,1287978.14289,1148899.80108,930089.02776,2659320.75,5.962394202137196,95.0488681424996,56.13866793710336,0.0,0.0,1.0,1.0,PEG,DEU,-0.03083333,0.3337999880313873,0.1128549873828888,0.0654316172003746,-0.003563,,,0.0731979608535766,0.0396570228040218,0.0369521975517272,0.2883000075817108,0.0353178605437278,,,,-0.0007019999999999,0.0455000028014183,0.2059709429740905,0.236657440662384,0.0309343077242374,0.190764,0.071694,0.737542,12.0,0.11907,0.0148889999999999,-0.015208,-0.030097,0.0769013333333333,0.0175728281825476,0.1613236666666666,0.0498777598167091,-0.0080772,-0.0260738999999999,0.205972,0.203167,0.056805,0.084519,0.737223,0.712315,0.149167,0.118648,-0.0277139999999999,-0.004861,0.002805,-0.1023689999999999,0.0305189999999999,-0.0975079999999999,0.0661776666666666,0.071791,0.0360598739644683,0.041276035383743,0.0091652,0.0014225999999999,-0.0339722,-0.0305541,0,0,0,2050226.00592,2114071.89204,2011365.78378,1262355.60672,1294646.56935,1158354.378093,1865469.16323,1875879.48927,1853985.63,0.5766667,0.5220833,0.292083333333333,-0.3220917,-0.32905,-0.26369167,428.2888433684532,391.3067044459473,363.8519472739526,0.524204,0.569409,0.6192770000000001,174.75592265124388,172.0078146051256,169.8026514542655,184925.80232570335,176118.44806412823,125923.39587288092,26201.964780269784,25746.85031827206,25169.442484773517,0.2863333,0.8987584,0.8511333000000001,0.555775003333333,-0.030200432804766655,-0.024941913410555135,-0.005549570801081227,0.09450934139978269,0.017676510189471126,0.014029098663731698,0.008521288860643553,0.04076609572905826,13902.324905999976,24752.291091000003,357251.62083476176,442152.38230249984,357311.86741315783,341134.6791092382,392096.9238262001,269268.1395465265,579150.6330104761,619039.007003,628573.8397189472,-2.7800883777777776,-2.9764053666666657,-3.37516350877193,-2.4250416695238095,-2.5535999680000003,-2.6192017242105265,94.3004502770819,60.18422692230479,34.452073421379055,-0.043954666666666586,0.001312850000000032,0.05387457894736847,25.930754003009923,24.341778254736226,23.301700109343273,102341.43691761632,98210.78678884327,50542.87852378523,2773.5168377966365,2434.322494588858,1954.6470116740165,-0.3550467082539681,-0.42280539866666644,-0.7559617845614036,-0.08449473539316829,-0.09997749241010359,-0.06960910192940861,0.05275323501657399,0.004717154830680369,-0.04645031776329195,0.015035722827635125,-39118.38648594447,-0.04844233333333331,-0.009372666666666675,0.05781466666666668,-0.039069333333333345,-0.02210066666666656,0.040839333333333346,0.0629403333333332,-0.026124111111111153,-0.0031478627512408486,0.027458700000000003,-0.08928166666666659,0.01272799999999999,0.07655500000000004,-0.10200966666666664,0.004389999999999973,-0.16603099999999987,-0.1704209999999999,-0.03342122222222221,0.0002072967038505083,0.0173450333333332
2020,Netherlands,NLD,138,17663.0025284974,25358.151648829917,109.82075040064358,95.50877398376016,1763177.35245,0.2130097050975196,181.42432557055932,123034.515653961,935113.48656,1063032.24093,1130060.28429,2147021.76396,-0.42515,-0.3766667,494.4592501661293,3.82,204.62027525404383,0.543429,475130.89455,554354.26905,1.7958683073914103,2090223.34242,1300778.833167,1155151.72635,935071.61607,2587132.5,5.864314437816978,88.51762692625631,55.536060823000135,0.0,0.0,1.0,1.0,PEG,DEU,-0.06833334,0.1632999926805496,0.1141782850027084,0.0380752310156822,-0.004252,,,0.0761544704437255,0.0380238145589828,0.0353330448269844,0.1466999948024749,0.0144763235002756,,,,-0.003768,0.0165999997407197,0.1209307238459587,0.1405671089887619,0.0169116146862506,0.23661,0.087718,0.675672,14.0,0.148893,0.016024,0.045846,0.029823,0.071006,0.0138698037837602,0.1289616666666666,0.0174996040621872,0.0024486,0.0060638,0.190764,0.205972,0.071694,0.056805,0.737542,0.737223,0.11907,0.149167,0.0148889999999999,-0.0277139999999999,-0.015208,0.002805,-0.030097,0.0305189999999999,0.0769013333333333,0.0661776666666666,0.0175728281825476,0.0360598739644683,-0.0080772,0.0091652,-0.0260738999999999,-0.0339722,0,0,0,2078988.82884,2050226.00592,2114071.89204,1287978.14289,1262355.60672,1294646.56935,1959170.91243,1865469.16323,1875879.48927,-0.07,0.5766667,0.5220833,-0.3563333,-0.3220917,-0.32905,459.4686570060209,428.2888433684532,391.3067044459473,0.485292,0.524204,0.569409,179.4209208776793,174.75592265124388,172.0078146051256,167903.7149448255,184925.80232570335,176118.44806412823,26558.08868114445,26201.964780269784,25746.85031827206,0.04848329999999995,0.2863333,0.8987584,0.8511333000000001,0.014029098663731665,0.020297399586615254,0.050229588913578385,0.07280090088815137,0.013591496052342998,0.005403835472395535,0.011630511740925739,0.04068471438089658,-4278.2825939998565,13902.324905999976,369775.73371681804,357251.62083476176,442152.38230249984,351251.0935015455,341134.6791092382,392096.9238262001,646527.3534372728,579150.6330104761,619039.007003,-3.300387424242424,-2.7800883777777776,-2.9764053666666657,-2.3490541027272727,-2.4250416695238095,-2.5535999680000003,121.1938798111459,94.3004502770819,60.18422692230479,-0.08086872727272726,-0.043954666666666586,0.001312850000000032,29.417081592944896,25.930754003009923,24.341778254736226,80667.4660404832,102341.43691761632,98210.78678884327,3003.571791498729,2773.5168377966365,2434.322494588858,-0.9513333215151513,-0.3550467082539681,-0.42280539866666644,-0.03624164509642386,-0.0499773464410235,-0.010515223075253335,0.028532735694629628,0.0004075142730436531,-0.04101857899484517,0.014202555338091689,-47909.49022431586,-0.04746099999999995,-0.0052073333333333555,0.05266799999999994,-0.04225366666666665,0.004165333333333207,0.000981333333333348,-0.003184333333333341,0.00389777777777775,-0.02470025722198449,-0.006273666666666667,-0.04844233333333331,-0.009372666666666675,0.05781466666666668,-0.039069333333333345,-0.02210066666666656,0.040839333333333346,0.0629403333333332,-0.026124111111111153,-0.0031478627512408486,0.027458700000000003
2003,Norway,NOR,142,4555.4,25863.90437722264,95.00046766123565,89.53,1620370.0,0.1958418461694244,135.0404713467732,189217.68,283268.0,482932.0,76354.5,861525.2,4.105833333333333,4.50167,231.6778410761026,4.2206,174.4894597918702,0.4204679180788869,753434.0,620435.0,6.68,1549559.188,946010.3125,1101656.188,447903.0,1400290.0,6.012313365936279,138.71530151367188,39.60508728027344,0.0,0.0,0.0,0.0,FLOAT,DEU,0.0,0.4839857518672943,0.0730911865830421,0.1557551026344299,0.0370999984443187,,,0.0178056005388498,0.0552855841815471,0.0543184131383895,0.4248537421226501,0.0415004156529903,,,,0.045016698539257,0.059132020920515,0.1487335413694381,0.1605687588453292,0.0964275524020195,0.126886,0.483103,0.39001,9.0,-0.356217,0.246901,-0.0284699999999999,-0.275371,0.2678423333333333,0.1002403687459964,-0.11838,0.1251654884862437,0.0743706,-0.0842651,0.155356,0.122068,0.236202,0.380085,0.608442,0.497847,-0.080846,-0.258018,-0.143883,0.192845,0.033288,-0.048896,0.177172,-0.241742,0.2869003333333333,0.2364703589743589,0.0965854502517503,0.0534826615822833,0.0021322999999999,0.0347733769230769,-0.015335,-0.0526443538461538,0,0,0,1438142.251,1347653.625,1231402.094,843784.0,772235.3125,696544.0,825827.5,766941.3,704463.9,6.3275,6.31,6.37917,6.806666666666667,7.0216666666666665,6.365,227.6248197864032,213.3513430287082,198.0969444172277,0.3420633724181903,0.2742280987476633,0.2836046936318938,131.77843144647073,130.10252103897594,126.29181999336257,170471.5761,235842.5836,228742.5735,25723.89259170251,25457.663004961025,25087.59905618378,0.39583666666666684,-0.47916666666666696,-0.7116666666666669,0.014170000000000016,0.06714531413811908,0.09265140604406122,0.07678058281644234,0.06690127446619545,0.010457738665548591,0.07747282087187646,0.08669211507199266,0.01705287054453358,104495.99080000016,106780.02519999996,304144.2383999999,267069.5155,201090.64600000007,208266.88749999995,170897.75,126941.91666666663,170232.30000000005,139182.625,102273.6333333333,0.6171659999999992,0.7495824999999998,1.0916699999999997,0.918166666666667,1.416458333333333,1.0130555555555558,53.90770264406595,49.54278235796369,45.71784499531091,0.06529681394227888,-0.003173074660310138,0.008271360298560515,8.69149208821429,8.76947710089938,6.6117014070480025,51399.80544,145963.516175,185151.34143333332,1166.9687158172237,1125.9239113446747,1007.8132834232347,-0.3010006666666669,-0.6668758333333336,0.07861444444444447,-0.028251857293568355,-0.013384984049265192,-0.000908322232255121,-0.05894343261213972,-0.008149069000435856,-0.007458020361593876,0.0063981027265930055,5540.617349999855,-0.003343333333333337,-0.05069833333333337,0.054041666666666655,0.04735533333333336,-0.19431297435897435,0.05179956410256413,0.2461139487179487,0.05796134188034194,0.053851484143294236,-0.017428865384615452,-0.05514289743589747,0.14361464102564103,-0.08847184615384612,-0.19875861538461542,0.19518848717948722,-0.030511230769230766,-0.225700717948718,0.011297051282051246,0.016123043210740852,0.030424423076923102
2004,Norway,NOR,142,4574.56,26775.762040502254,98.14255014065066,93.92,1783020.0,0.2165724550373994,135.6689377495839,216997.87800000003,326102.0,554896.0,64933.833333333336,936103.1666666666,1.9025,3.6,263.7908353380344,4.2563,182.39533987630648,0.4361025597725255,852194.0,647982.0,6.04,1648200.0,1033872.125,1198491.0,449709.0,1445478.0,6.126487255096436,146.72471618652344,41.33279800415039,0.0,0.0,0.0,0.0,FLOAT,DEU,0.0,0.3844534158706665,0.1962431073188781,0.0949071869254112,0.0137999998405575,,,0.1386104822158813,0.0576326176524162,0.0506166219711303,0.3195526003837585,0.0491839535534381,,,,0.0359999984502792,0.0649008154869079,0.2086479514837265,0.2428056746721267,0.0543535947799682,0.227644,0.344763,0.427593,13.0,-0.117119,-0.13834,0.100758,0.239098,0.3664633333333333,0.1240128553914203,-0.2316936666666667,0.1395601117953598,0.0140935,0.0147326,0.126886,0.155356,0.483103,0.236202,0.39001,0.608442,-0.356217,-0.080846,0.246901,-0.143883,-0.0284699999999999,0.033288,-0.275371,0.177172,0.2678423333333333,0.2869003333333333,0.1002403687459964,0.0965854502517503,0.0743706,0.0021322999999999,-0.0842651,-0.015335,0,0,0,1549559.188,1438142.251,1347653.625,946010.3125,843784.0,772235.3125,861525.2,825827.5,766941.3,4.50167,6.3275,6.31,4.105833333333333,6.806666666666667,7.0216666666666665,231.6778410761026,227.6248197864032,213.3513430287082,0.4204679180788869,0.3420633724181903,0.2742280987476633,135.0404713467732,131.77843144647073,130.10252103897594,189217.68,170471.5761,235842.5836,25863.90437722264,25723.89259170251,25457.663004961025,1.6975,0.39583666666666684,-0.47916666666666696,-0.7116666666666669,0.07747282087187643,0.12115222912498934,0.04322658182247498,0.01780570894466882,0.005442869309961667,0.06365733736658008,0.0796746534474339,0.013762990869000407,101305.60620000001,104495.99080000016,364870.46900000004,304144.2383999999,267069.5155,275782.0520833334,208266.88749999995,170897.75,177557.94999999995,170232.30000000005,139182.625,-1.3115250000000005,0.6171659999999992,0.7495824999999998,-1.9356944444444446,0.918166666666667,1.416458333333333,48.976106826421045,53.90770264406595,49.54278235796369,0.1328185572792624,0.06529681394227888,-0.003173074660310138,10.504949973814362,8.69149208821429,8.76947710089938,61579.275099999984,51399.80544,145963.516175,1112.4857153678167,1166.9687158172237,1125.9239113446747,0.6241694444444447,-0.3010006666666669,-0.6668758333333336,-0.012273979101097343,0.017792835841515975,-0.03428065877977146,-0.0962503116112384,-0.01153412455593561,-0.012610976895754175,0.0015086973694115827,1409.710500000103,-0.02257666666666666,0.21526066666666666,-0.19268499999999994,-0.23783700000000002,0.265959,-0.019233333333333234,-0.2851923333333333,0.013780820512820535,0.0334487824390632,0.06061905641025646,-0.003343333333333337,-0.05069833333333337,0.054041666666666655,0.04735533333333336,-0.19431297435897435,0.05179956410256413,0.2461139487179487,0.05796134188034194,0.053851484143294236,-0.017428865384615452
2005,Norway,NOR,142,4593.041,27358.44887046488,100.0,96.28,1989990.0,0.2259321790177893,137.73389878738996,317970.2712,357658.0,668759.0,75638.5,1029647.75,1.9475,3.28,293.72447805306933,4.3807,189.89833438257992,0.4233326543832862,976087.0,681769.0,6.77,1926771.0,1244561.5,1404520.0,522251.0,1655740.0,5.713165760040283,149.51480102539062,42.46588134765625,0.0,0.0,0.0,0.0,FLOAT,DEU,0.0,0.4047739803791046,0.1677639484405517,0.0724172368645668,0.0137999998405575,,,0.1134724095463752,0.0542915388941764,0.0487587638199329,0.3422746658325195,0.0465622246265411,,,,0.0328000001609325,0.0624992959201335,0.2078781574964523,0.2401281297206878,0.043108619749546,0.252432,0.294204,0.453364,15.0,-0.041772,-0.0505589999999999,0.0247879999999999,0.075347,0.3546893333333333,0.1237494445253526,-0.1847273333333333,0.1496177194129536,0.0035666,0.0356319999999999,0.227644,0.126886,0.344763,0.483103,0.427593,0.39001,-0.117119,-0.356217,-0.13834,0.246901,0.100758,-0.0284699999999999,0.239098,-0.275371,0.3664633333333333,0.2678423333333333,0.1240128553914203,0.1002403687459964,0.0140935,0.0743706,0.0147326,-0.0842651,0,0,0,1648200.0,1549559.188,1438142.251,1033872.125,946010.3125,843784.0,936103.1666666666,861525.2,825827.5,3.6,4.50167,6.3275,1.9025,4.105833333333333,6.806666666666667,263.7908353380344,231.6778410761026,227.6248197864032,0.4361025597725255,0.4204679180788869,0.3420633724181903,135.6689377495839,135.0404713467732,131.77843144647073,216997.87800000003,189217.68,170471.5761,26775.762040502254,25863.90437722264,25723.89259170251,1.3324999999999998,1.6975,0.39583666666666684,-0.47916666666666696,0.0636573373665801,0.09287616777433386,0.0865650437928765,0.13861055555754767,0.035255994221918496,0.16901528940662547,0.06942515745885854,0.007184369164834119,156452.70589999994,101305.60620000001,411386.92828571424,364870.46900000004,304144.2383999999,324246.4285714285,275782.0520833334,208266.88749999995,226770.49523809517,177557.94999999995,170232.30000000005,-2.0258342857142853,-1.3115250000000005,0.6171659999999992,-3.8625,-1.9356944444444446,0.918166666666667,74.09251439886413,48.976106826421045,53.90770264406595,0.12947911936157774,0.1328185572792624,0.06529681394227888,9.632709237508749,10.504949973814362,8.69149208821429,80562.43380000003,61579.275099999984,51399.80544,1865.4168478805987,1112.4857153678167,1166.9687158172237,1.8366657142857143,0.6241694444444447,-0.3010006666666669,-0.02404379942287746,-0.013448698149392174,0.014771246320591971,0.040596253603513516,0.020201354448677156,-0.020338277505178706,-0.005371663808637023,-2133.101725000073,0.09287400000000001,-0.021700333333333377,-0.07117333333333326,0.11457466666666669,-0.23696099999999998,0.11545066666666663,0.3524116666666667,0.10272565811965817,0.04057669519807697,-0.02299859230769226,-0.02257666666666666,0.21526066666666666,-0.19268499999999994,-0.23783700000000002,0.265959,-0.019233333333333234,-0.2851923333333333,0.013780820512820535,0.0334487824390632,0.06061905641025646
2006,Norway,NOR,142,4610.82,27921.174541621665,101.57841986692956,100.0,2216320.0,0.2417144853636869,140.94606040175506,352177.39200000005,411756.0,782943.0,74162.08333333333,1148376.9166666667,2.8075,3.93417,341.7987112849156,3.3986,201.26055218439288,0.533117082614561,1137530.0,738307.0,6.26,2233829.0,1504576.25,1587001.0,646828.0,1876419.0,5.342803955078125,137.03265380859375,40.15177917480469,0.0,0.0,0.0,0.0,FLOAT,DEU,0.0,0.3243511617183685,0.215457484126091,-0.0053893248550593,0.0201999992132186,,,0.1636740565299987,0.0517834238708019,0.0444999374449253,0.2838529050350189,0.0315442904829978,,,,0.0393416993319988,0.0404982306063175,0.2073757648468017,0.2531575560569763,0.007405336946249,0.315583,0.196029,0.488387,12.0,0.119554,-0.098175,0.063151,0.161326,0.3740233333333333,0.0977897406701405,-0.1717026666666666,0.1641750498898457,-0.0911781,0.1502659999999999,0.252432,0.227644,0.294204,0.344763,0.453364,0.427593,-0.041772,-0.117119,-0.0505589999999999,-0.13834,0.0247879999999999,0.100758,0.075347,0.239098,0.3546893333333333,0.3664633333333333,0.1237494445253526,0.1240128553914203,0.0035666,0.0140935,0.0356319999999999,0.0147326,0,0,0,1926771.0,1648200.0,1549559.188,1244561.5,1033872.125,946010.3125,1029647.75,936103.1666666666,861525.2,3.28,3.6,4.50167,1.9475,1.9025,4.105833333333333,293.72447805306933,263.7908353380344,231.6778410761026,0.4233326543832862,0.4361025597725255,0.4204679180788869,137.73389878738996,135.6689377495839,135.0404713467732,317970.2712,216997.87800000003,189217.68,27358.44887046488,26775.762040502254,25863.90437722264,1.1266699999999998,1.3324999999999998,1.6975,0.39583666666666684,0.1690152894066254,0.20378668686903614,0.09992977981949644,0.11347491536874849,0.021761727232309087,0.15936403443896552,0.103381815881694,0.05725846253028619,233138.04359999992,156452.70589999994,638534.56225,411386.92828571424,364870.46900000004,494405.0,324246.4285714285,275782.0520833334,291968.7666666666,226770.49523809517,177557.94999999995,-2.0926050000000003,-2.0258342857142853,-1.3115250000000005,-3.3346875000000002,-3.8625,-1.9356944444444446,94.76459281404104,74.09251439886413,48.976106826421045,0.10052432405214123,0.12947911936157774,0.1328185572792624,10.493581620626202,9.632709237508749,10.504949973814362,171464.52277500002,80562.43380000003,61579.275099999984,2214.9265718581482,1865.4168478805987,1112.4857153678167,1.2420824999999998,1.8366657142857143,0.6241694444444447,0.08474898110615035,0.09938306353808042,0.02602580430141306,0.009661148614212398,0.003821179680685294,0.017008093835186547,0.04559770685825455,53440.61831999986,0.08246999999999996,-0.060485333333333335,-0.021984333333333328,0.14295533333333332,-0.0387849999999999,-0.010404000000000128,0.028380666666666658,0.0476206666666667,0.016803219728963592,-0.026632199999999967,0.09287400000000001,-0.021700333333333377,-0.07117333333333326,0.11457466666666669,-0.23696099999999998,0.11545066666666663,0.3524116666666667,0.10272565811965817,0.04057669519807697,-0.02299859230769226
2007,Norway,NOR,142,4627.926,28555.9548221343,103.5429764489013,104.22438983151186,2350170.0,0.2728999715302309,141.9735530920645,282124.964,468919.0,795365.0,77314.16666666667,1335364.75,4.579166666666667,4.78083,382.57423500218647,2.4934,212.9900692818288,0.5030857431736967,1195915.0,783352.0,5.41,2599722.0,1776665.2947485026,1798284.0,801438.0,2256382.0,4.672491550445557,138.65480041503906,41.86331558227539,0.0,0.0,0.0,0.0,FLOAT,DEU,0.0,0.1146107763051986,0.1647590100765228,0.0118213780224323,0.0346999987959861,,,0.1192952618002891,0.0454637445509433,0.0406181886792182,0.08053670078516,0.0315343923866748,,,,0.0478083007037639,0.034074068069458,0.1255175322294235,0.1471795886754989,0.0232606884092092,0.295036,0.32535,0.379613,10.0,-0.030314,0.1293209999999999,-0.0205469999999999,-0.149868,0.278332,0.075626655201721,-0.0131123333333333,0.1209113708562322,-0.0156413999999999,0.0421740999999999,0.315583,0.252432,0.196029,0.294204,0.488387,0.453364,0.119554,-0.041772,-0.098175,-0.0505589999999999,0.063151,0.0247879999999999,0.161326,0.075347,0.3740233333333333,0.3546893333333333,0.0977897406701405,0.1237494445253526,-0.0911781,0.0035666,0.1502659999999999,0.0356319999999999,0,0,0,2233829.0,1926771.0,1648200.0,1504576.25,1244561.5,1033872.125,1148376.9166666667,1029647.75,936103.1666666666,3.93417,3.28,3.6,2.8075,1.9475,1.9025,341.7987112849156,293.72447805306933,263.7908353380344,0.533117082614561,0.4233326543832862,0.4361025597725255,140.94606040175506,137.73389878738996,135.6689377495839,352177.39200000005,317970.2712,216997.87800000003,27921.174541621665,27358.44887046488,26775.762040502254,0.2016633333333333,1.1266699999999998,1.3324999999999998,1.6975,0.1593640344389655,0.20892077249697985,0.11531047066015222,0.1636711844736357,0.020568624844966372,0.16379633355999945,0.1306788870707237,0.0582426199116372,316162.4000000001,233138.04359999992,874644.2775555556,638534.56225,411386.92828571424,699485.8611111111,494405.0,324246.4285714285,378256.9592592593,291968.7666666666,226770.49523809517,-1.2059233333333337,-2.0926050000000003,-2.0258342857142853,-2.104166666666666,-3.3346875000000002,-3.8625,132.3094268443272,94.76459281404104,74.09251439886413,0.1991393829442893,0.10052432405214123,0.12947911936157774,12.539789721588392,10.493581620626202,9.632709237508749,186620.02993333337,171464.52277500002,80562.43380000003,2531.549290586252,2214.9265718581482,1865.4168478805987,0.8982433333333333,1.2420824999999998,1.8366657142857143,0.06450410350022165,0.09209426622376407,0.038153269604392206,0.05864977414232307,0.002150429833256917,0.041875437333475304,0.04006790611699777,121219.18629999987,0.11326233333333333,-0.1779943333333333,0.06473133333333336,0.29125666666666666,-0.11750900000000003,0.03079233333333333,0.1483013333333333,0.04435833333333339,-0.01821114888411593,-0.12185499999999999,0.08246999999999996,-0.060485333333333335,-0.021984333333333328,0.14295533333333332,-0.0387849999999999,-0.010404000000000128,0.028380666666666658,0.0476206666666667,0.016803219728963592,-0.026632199999999967
2008,Norway,NOR,142,4644.457,28464.308014279377,102.7476432958378,104.6585770411239,2607090.0,0.2601793212506429,147.320505344548,401163.4961,504480.0,953153.0,96754.5,1459602.0833333333,5.264999999999999,4.34667,365.2513290406048,2.5499,225.2621980782501,0.4809168589257295,1350787.0,837837.0,7.0,2805667.0,1898127.771535464,1814552.0,991115.0,2697766.0,4.590869903564453,120.366943359375,40.8049201965332,0.0,0.0,0.0,0.0,FLOAT,DEU,0.0,-0.540614902973175,-0.0040023848414421,0.1244557201862335,0.0498000010848045,,,-0.0452801287174224,0.0412777438759803,0.0432354509830474,-0.5566855669021606,0.0362512655556201,,,,0.0434666983783245,0.0160707086324691,-0.0737233906984329,-0.1131657660007476,0.0871278643608093,0.228692,0.211486,0.559822,9.0,0.017206,-0.1138639999999999,-0.066344,0.04752,0.2718609999999999,0.0674936107865033,0.0158226666666666,0.0900164628128285,-0.0118833,0.0027066,0.295036,0.315583,0.32535,0.196029,0.379613,0.488387,-0.030314,0.119554,0.1293209999999999,-0.098175,-0.0205469999999999,0.063151,-0.149868,0.161326,0.278332,0.3740233333333333,0.075626655201721,0.0977897406701405,-0.0156413999999999,-0.0911781,0.0421740999999999,0.1502659999999999,0,0,0,2599722.0,2233829.0,1926771.0,1776665.2947485026,1504576.25,1244561.5,1335364.75,1148376.9166666667,1029647.75,4.78083,3.93417,3.28,4.579166666666667,2.8075,1.9475,382.57423500218647,341.7987112849156,293.72447805306933,0.5030857431736967,0.533117082614561,0.4233326543832862,141.9735530920645,140.94606040175506,137.73389878738996,282124.964,352177.39200000005,317970.2712,28555.9548221343,27921.174541621665,27358.44887046488,-0.9183299999999992,0.2016633333333333,1.1266699999999998,1.3324999999999998,0.16379633355999945,0.18084098080672387,0.16282792750318684,0.11929689133111246,0.022734726992461464,0.07921808562607846,0.16405855246853016,0.00483096777878787,300258.1000000001,316162.4000000001,1153072.8498,874644.2775555556,638534.56225,901626.3197485026,699485.8611111111,494405.0,527419.0966666667,378256.9592592593,291968.7666666666,-0.23867100000000008,-1.2059233333333337,-2.0926050000000003,-0.12208333333333332,-2.104166666666666,-3.3346875000000002,159.85400787716534,132.3094268443272,94.76459281404104,0.149194105208996,0.1991393829442893,0.10052432405214123,12.313303439739002,12.539789721588392,10.493581620626202,97905.59893999997,186620.02993333337,171464.52277500002,2913.1746420402596,2531.549290586252,2214.9265718581482,-0.11658766666666665,0.8982433333333333,1.2420824999999998,0.06176928001011987,0.05378177828642319,0.08143147426916102,0.007758839428430586,0.004077595332612351,0.07002067306459736,-0.018352234280476283,186926.51608571433,0.029816333333333334,0.04701799999999995,-0.07683500000000004,-0.017201666666666664,0.2250123333333332,-0.08344599999999987,-0.3084583333333333,-0.08672666666666662,-0.03955735832725012,0.008864600000000101,0.11326233333333333,-0.1779943333333333,0.06473133333333336,0.29125666666666666,-0.11750900000000003,0.03079233333333333,0.1483013333333333,0.04435833333333339,-0.01821114888411593,-0.12185499999999999
2009,Norway,NOR,142,4698.789482139127,27893.199071352246,99.70776636669714,103.37640496242132,2428480.0,0.2478147489934963,150.51271564453825,253170.2091,430362.0,731306.0,128742.16666666669,1511496.75,1.7599999999999998,3.31583,370.2082812009414,3.1029,233.25788088246944,0.4283958561576272,1172619.0,899775.0,5.78,2879838.0,2102840.154751931,1954497.0,925341.0,2562183.0,5.280205726623535,114.06813049316406,33.52866744995117,0.0,0.0,0.0,0.0,FLOAT,DEU,0.0,0.6478179693222046,0.0576768852770328,0.0188775304704904,0.0242999996989965,,,0.0135714896023273,0.0441053956747055,0.0435148328542709,0.6011568307876587,0.0291421599686145,,,,0.0331582985818386,0.0466611683368682,0.1786388158798217,0.2101736515760421,0.0215887650847435,0.183328,0.37434,0.442331,10.0,-0.191012,0.162854,-0.045364,-0.208218,0.2442883333333333,0.0706255977980599,0.0354819999999999,0.0765872932541685,0.0421069,-0.0884178,0.228692,0.295036,0.211486,0.32535,0.559822,0.379613,0.017206,-0.030314,-0.1138639999999999,0.1293209999999999,-0.066344,-0.0205469999999999,0.04752,-0.149868,0.2718609999999999,0.278332,0.0674936107865033,0.075626655201721,-0.0118833,-0.0156413999999999,0.0027066,0.0421740999999999,0,0,0,2805667.0,2599722.0,2233829.0,1898127.771535464,1776665.2947485026,1504576.25,1459602.0833333333,1335364.75,1148376.9166666667,4.34667,4.78083,3.93417,5.264999999999999,4.579166666666667,2.8075,365.2513290406048,382.57423500218647,341.7987112849156,0.4809168589257295,0.5030857431736967,0.533117082614561,147.320505344548,141.9735530920645,140.94606040175506,401163.4961,282124.964,352177.39200000005,28464.308014279377,28555.9548221343,27921.174541621665,1.5558300000000003,-0.9183299999999992,0.2016633333333333,1.1266699999999998,0.07921808562607847,0.06836542434074803,0.09303625345309831,-0.04527985519328733,-0.0032093764129324464,0.026436138002122078,0.1341261512083478,0.047603393454297684,214397.20000000022,300258.1000000001,1254193.0452727273,1153072.8498,874644.2775555556,941122.7674674185,901626.3197485026,699485.8611111111,603709.2393939394,527419.0966666667,378256.9592592593,-0.6511336363636362,-0.23867100000000008,-1.2059233333333337,0.5748484848484834,-0.12208333333333332,-2.104166666666666,127.9989193812959,159.85400787716534,132.3094268443272,0.11346212048748366,0.149194105208996,0.1991393829442893,16.540864470428033,12.313303439739002,12.539789721588392,208043.62204545454,97905.59893999997,186620.02993333337,2556.6937758180393,2913.1746420402596,2531.549290586252,-1.2259821212121205,-0.11658766666666665,0.8982433333333333,-0.0289858959248131,-0.06407195600819494,0.003496652792156385,-0.15759379103881227,-0.022274267606042793,0.03230819701945975,0.026459328537308674,147656.40157500005,-0.058991666666666664,-0.060374999999999956,0.11936733333333338,0.001383333333333337,-0.1073929999999999,-0.088808,0.018584999999999994,-0.0638205555555556,-0.031561669345901405,0.022534333333333302,0.029816333333333334,0.04701799999999995,-0.07683500000000004,-0.017201666666666664,0.2250123333333332,-0.08344599999999987,-0.3084583333333333,-0.08672666666666662,-0.03955735832725012,0.008864600000000101
2010,Norway,NOR,142,4761.8539703363285,27987.20144729498,99.16456411253785,105.93732183694613,2591480.0,0.2535387780111031,154.1239035464022,277707.0705,467285.0,788120.0,99742.33333333331,1559178.75,2.016666666666667,2.77083,402.22122483327297,3.5214,241.27461887908876,0.42306,1239501.0,934610.0,5.86,2848298.0,2058951.6776683647,1854234.0,994064.0,2820301.0,5.989119052886963,111.43395233154295,31.45024871826172,0.0,0.0,0.0,0.0,FLOAT,DEU,0.0,0.1834746301174163,0.1314440220594406,0.0819033458828926,0.0208999998867511,,,0.0864730104804039,0.0449710115790367,0.0413917414844036,0.1422251015901565,0.0361133068799972,,,,0.0277082994580268,0.0412495248019695,0.1317197382450103,0.1467658728361129,0.051401674747467,0.196559,0.209512,0.593929,12.0,-0.012953,-0.164828,0.013231,0.178059,0.3037253333333333,0.0835528334967363,-0.06804,0.1091151785408428,-0.018466,-0.0156135,0.183328,0.228692,0.37434,0.211486,0.442331,0.559822,-0.191012,0.017206,0.162854,-0.1138639999999999,-0.045364,-0.066344,-0.208218,0.04752,0.2442883333333333,0.2718609999999999,0.0706255977980599,0.0674936107865033,0.0421069,-0.0118833,-0.0884178,0.0027066,0,0,0,2879838.0,2805667.0,2599722.0,2102840.154751931,1898127.771535464,1776665.2947485026,1511496.75,1459602.0833333333,1335364.75,3.31583,4.34667,4.78083,1.7599999999999998,5.264999999999999,4.579166666666667,370.2082812009414,365.2513290406048,382.57423500218647,0.4283958561576272,0.4809168589257295,0.5030857431736967,150.51271564453825,147.320505344548,141.9735530920645,253170.2091,401163.4961,282124.964,27893.199071352246,28464.308014279377,28555.9548221343,0.7541633333333331,1.5558300000000003,-0.9183299999999992,0.2016633333333333,0.026436138002122134,0.10784963282575415,0.03555398232109499,0.013571345991695433,-0.020064037483034144,-0.010952004939166704,0.08981685239606667,0.06929073692571057,81989.9000000001,214397.20000000022,1223847.9581666666,1254193.0452727273,1153072.8498,1067408.2533949334,941122.7674674185,901626.3197485026,605294.8027777778,603709.2393939394,527419.0966666667,-1.6277125000000003,-0.6511336363636362,-0.23867100000000008,-2.9780555555555557,0.5748484848484834,-0.12208333333333332,122.28929492652455,127.9989193812959,159.85400787716534,0.051485941012091085,0.11346212048748366,0.149194105208996,18.354669397882617,16.540864470428033,12.313303439739002,42713.36654166668,208043.62204545454,97905.59893999997,1772.5270182394088,2556.6937758180393,2913.1746420402596,1.3503430555555558,-1.2259821212121205,-0.11658766666666665,-0.07913276210105916,-0.018763024249716584,-0.0543034958664066,-0.08441588157757383,-0.03710399525741333,-0.015231921494767375,0.04550073915499069,45389.23473333349,-0.0964423333333333,0.13005166666666668,-0.03360966666666676,-0.22649399999999997,0.19042666666666666,-0.0374506666666667,-0.22787733333333332,-0.0637837777777778,-0.009677737754728383,0.08167449999999997,-0.058991666666666664,-0.060374999999999956,0.11936733333333338,0.001383333333333337,-0.1073929999999999,-0.088808,0.018584999999999994,-0.0638205555555556,-0.031561669345901405,0.022534333333333302
2011,Norway,NOR,142,4824.918458533529,27890.55417976372,98.84721120377228,108.14811582988506,2792680.0,0.2583574411357129,156.12901064108354,345594.52125,508628.0,898593.0,107457.58333333331,1664592.1666666667,2.188333333333333,2.55667,438.9022956434741,3.2149,252.44305883107504,0.28843,1384127.0,991707.0,5.99,2926591.0,2075530.7030792555,1866481.0,1060110.0,2916363.0,6.057773113250732,101.42913055419922,28.824926376342773,0.0,0.0,0.0,0.0,FLOAT,DEU,0.0,-0.1245565339922905,0.1335863620042801,0.1530110388994217,0.0236000008881092,,,0.09119613468647,0.0423902235925197,0.0388474836945533,-0.1335418075323104,0.0103701157495379,,,,0.0255667008459568,0.0089852716773748,0.0767486169934272,0.0752100497484207,0.0883055180311203,0.223433,0.197056,0.579511,6.0,0.026377,-0.0124559999999999,0.0268739999999999,0.03933,0.2651126666666666,0.0945987945448214,-0.0622529999999999,0.1125235592265015,-0.0208117999999999,0.0205571999999999,0.196559,0.183328,0.209512,0.37434,0.593929,0.442331,-0.012953,-0.191012,-0.164828,0.162854,0.013231,-0.045364,0.178059,-0.208218,0.3037253333333333,0.2442883333333333,0.0835528334967363,0.0706255977980599,-0.018466,0.0421069,-0.0156135,-0.0884178,0,0,0,2848298.0,2879838.0,2805667.0,2058951.6776683647,2102840.154751931,1898127.771535464,1559178.75,1511496.75,1459602.0833333333,2.77083,3.31583,4.34667,2.016666666666667,1.7599999999999998,5.264999999999999,402.22122483327297,370.2082812009414,365.2513290406048,0.42306,0.4283958561576272,0.4809168589257295,154.1239035464022,150.51271564453825,147.320505344548,277707.0705,253170.2091,401163.4961,27987.20144729498,27893.199071352246,28464.308014279377,0.368336666666667,0.7541633333333331,1.5558300000000003,-0.9183299999999992,-0.010952004939166716,-0.020871047656374812,0.03154621404247148,0.08647279182540915,0.0033700822807119397,0.02748764349797672,0.03156740622967794,0.04530351800195508,33123.200000000026,81989.9000000001,1098165.8075384614,1223847.9581666666,1254193.0452727273,941411.4491271419,1067408.2533949334,941122.7674674185,606415.6641025641,605294.8027777778,603709.2393939394,-2.0475038461538464,-1.6277125000000003,-0.6511336363636362,-2.492307692307692,-2.9780555555555557,0.5748484848484834,144.89536971835423,122.28929492652455,127.9989193812959,0.04218962785353386,0.051485941012091085,0.11346212048748366,20.553959653755612,18.354669397882617,16.540864470428033,63964.58436153841,42713.36654166668,208043.62204545454,1730.1811620098815,1772.5270182394088,2556.6937758180393,0.4448038461538458,1.3503430555555558,-1.2259821212121205,-0.10992650820059308,-0.1459201193777025,-0.05378597282282956,-0.004479778945728957,-0.0105778758888828,-0.07209664752526815,0.017377089398963323,-91556.98873999996,-0.03912633333333332,-0.09421333333333334,0.13334033333333334,0.055087000000000004,-0.224265,0.057315999999999964,0.28158099999999997,0.03889822222222222,0.012304212234641565,-0.023326733333333367,-0.0964423333333333,0.13005166666666668,-0.03360966666666676,-0.22649399999999997,0.19042666666666666,-0.0374506666666667,-0.22787733333333332,-0.0637837777777778,-0.009677737754728383,0.08167449999999997
2012,Norway,NOR,142,4887.982946730729,28274.281190331203,100.19448374790532,110.46637262083252,2964050.0,0.26403,157.23630858889268,373529.95906,507601.0,935289.0,93386.08333333331,1734498.4166666667,1.525,1.57417,469.1508709699852,3.1228,262.03485343563744,0.29994,1462200.0,1037397.0,5.57,2975919.0,2177695.734176,1866192.0,1109727.0,3043287.0,6.518648147583008,100.71378326416016,28.78089714050293,0.0,0.0,0.0,0.0,FLOAT,DEU,0.0,0.1536303460597992,0.1084397286176681,0.061673354357481,0.0240000002086162,,,0.0689197108149528,0.039520014077425,0.0369719192385673,0.0638969764113426,0.0843440368771553,,,,0.0157417003065347,0.0897333621978759,0.1090112030506134,0.1183639466762542,0.0428366772830486,0.199927,0.213278,0.586795,8.0,-0.013351,0.0162219999999999,-0.023506,-0.039728,0.2603026666666667,0.0989554092979931,-0.059196,0.1158374102654233,-0.0495642,0.0572313,0.223433,0.196559,0.197056,0.209512,0.579511,0.593929,0.026377,-0.012953,-0.0124559999999999,-0.164828,0.0268739999999999,0.013231,0.03933,0.178059,0.2651126666666666,0.3037253333333333,0.0945987945448214,0.0835528334967363,-0.0208117999999999,-0.018466,0.0205571999999999,-0.0156135,0,0,0,2926591.0,2848298.0,2879838.0,2075530.7030792555,2058951.6776683647,2102840.154751931,1664592.1666666667,1559178.75,1511496.75,2.55667,2.77083,3.31583,2.188333333333333,2.016666666666667,1.7599999999999998,438.9022956434741,402.22122483327297,370.2082812009414,0.28843,0.42306,0.4283958561576272,156.12901064108354,154.1239035464022,150.51271564453825,345594.52125,277707.0705,253170.2091,27890.55417976372,27987.20144729498,27893.199071352246,0.04917000000000016,0.368336666666667,0.7541633333333331,1.5558300000000003,0.027487643497976687,0.008052168290644651,0.06760829485821734,0.09119625854007576,-0.0034532665837728035,0.01685510547937863,0.014323925520310699,0.021895910837327646,36653.6,33123.200000000026,1098018.3927142858,1098165.8075384614,1223847.9581666666,890746.7996003795,941411.4491271419,1067408.2533949334,668513.6761904763,606415.6641025641,605294.8027777778,-2.115413571428572,-2.0475038461538464,-1.6277125000000003,-2.1426190476190476,-2.492307692307692,-2.9780555555555557,171.2267712629586,144.89536971835423,122.28929492652455,-0.09545391699314715,0.04218962785353386,0.051485941012091085,21.09092677316869,20.553959653755612,18.354669397882617,127283.13622857141,63964.58436153841,42713.36654166668,1509.94952576363,1730.1811620098815,1772.5270182394088,0.027205476190476474,0.4448038461538458,1.3503430555555558,-0.0630309745172502,-0.10577227886316745,-0.013586509482250653,0.0005882861493783503,-0.01658754199268425,-0.08333207427419638,-0.007478608548911053,-132100.32612727274,0.020573333333333332,-0.06805666666666665,0.0474836666666667,0.08863,0.026156666666666738,0.05969966666666657,0.03354299999999998,-0.008178888888888847,0.020708113851054907,-0.024730999999999902,-0.03912633333333332,-0.09421333333333334,0.13334033333333334,0.055087000000000004,-0.224265,0.057315999999999964,0.28158099999999997,0.03889822222222222,0.012304212234641565,-0.023326733333333367
2013,Norway,NOR,142,4944.255874660539,28240.638910650112,100.0139172010551,112.20686757414316,3071220.0,0.27841,160.58812940388233,316858.18008,527725.0,916532.0,95888.25,1812812.0833333333,1.4858333333333331,1.91916666666667,488.1645942563859,3.4231,272.736464530944,0.30351,1450146.0,1098394.0,6.08,3270985.0,2368008.172992694,2143683.0,1127302.0,3225972.0,6.771415710449219,103.806396484375,27.70210075378418,0.0,0.0,0.0,0.0,FLOAT,DEU,0.0,0.2359206527471542,0.0786109790205955,-0.0483992993831634,0.0226000007241964,,,0.0405276641249656,0.0380833148956298,0.0366000011563301,0.1875795125961303,0.0407056026160717,,,,0.0191916674375534,0.0483411401510238,0.1012696698307991,0.1171152368187904,-0.0128996493294835,0.237593,0.11486,0.647547,8.0,0.122733,-0.0984179999999999,0.037666,0.1360839999999999,0.2066153333333333,0.0084900723985923,2.433333333333396e-05,0.0228229463771297,-0.0267733999999999,0.0367329999999999,0.199927,0.223433,0.213278,0.197056,0.586795,0.579511,-0.013351,0.026377,0.0162219999999999,-0.0124559999999999,-0.023506,0.0268739999999999,-0.039728,0.03933,0.2603026666666667,0.2651126666666666,0.0989554092979931,0.0945987945448214,-0.0495642,-0.0208117999999999,0.0572313,0.0205571999999999,0,0,0,2975919.0,2926591.0,2848298.0,2177695.734176,2075530.7030792555,2058951.6776683647,1734498.4166666667,1664592.1666666667,1559178.75,1.57417,2.55667,2.77083,1.525,2.188333333333333,2.016666666666667,469.1508709699852,438.9022956434741,402.22122483327297,0.29994,0.28843,0.42306,157.23630858889268,156.12901064108354,154.1239035464022,373529.95906,345594.52125,277707.0705,28274.281190331203,27890.55417976372,27987.20144729498,0.4333333333333369,0.04917000000000016,0.368336666666667,0.7541633333333331,0.016855105479378567,0.04922357011880028,0.041996022449142446,0.06891869927944605,0.013758314305776701,0.09915122017769984,0.011130248012729549,0.019848983292674652,131738.9,36653.6,1074145.1665333332,1098018.3927142858,1098165.8075384614,933528.7107237657,890746.7996003795,941411.4491271419,693852.3477777778,668513.6761904763,606415.6641025641,-2.9568860000000003,-2.115413571428572,-2.0475038461538464,-2.6631111111111108,-2.1426190476190476,-2.492307692307692,190.06022850527245,171.2267712629586,144.89536971835423,-0.07758032252693736,-0.09545391699314715,0.04218962785353386,20.792162936099913,21.09092677316869,20.553959653755612,146733.03162333334,127283.13622857141,63964.58436153841,1793.013234613536,1509.94952576363,1730.1811620098815,-0.29377488888888875,0.027205476190476474,0.4448038461538458,-0.06916130007033044,-0.057045714259071276,-0.038228316928307644,-0.021731293550492678,0.0018088633249141294,-0.08011559222222396,-0.008950258512878582,-117561.56561666672,-0.0011796666666666622,-0.04702466666666669,0.04820466666666656,0.045845,0.02103199999999987,-0.021752999999999967,-0.04278500000000001,-0.010739444444444357,0.016029667351453905,-0.050507233333333366,0.020573333333333332,-0.06805666666666665,0.0474836666666667,0.08863,0.026156666666666738,0.05969966666666657,0.03354299999999998,-0.008178888888888847,0.020708113851054907,-0.024730999999999902
2014,Norway,NOR,142,5002.469248381032,28460.930608223927,100.84008839520448,113.2466868959611,3140810.0,0.27771,163.8401936469973,340621.27829999995,562457.0,909036.0,116132.16666666669,1921447.0833333333,1.4683333333333335,1.76,501.45883701935935,3.4838,280.2559867211792,0.29859,1471436.0,1176429.0,7.43,3682243.0,2405812.2206649818,2510638.0,1171605.0,3547141.0,6.8582844734191895,109.45115661621094,28.58380126953125,0.0,0.0,0.0,0.0,FLOAT,DEU,0.0,0.0495208241045475,0.0649078488349914,0.159510999917984,0.0212999992072582,,,0.0273093562573194,0.0375984907150268,0.0365989953279495,0.0,0.0495208241045475,,,,0.0175999999046325,0.0495208241045475,0.0645608231425285,0.0611608065664768,0.0904055014252662,0.143017,0.154602,0.702381,5.0,-0.011586,0.0397419999999999,-0.094576,-0.134319,0.1750646666666666,0.0527658955892282,0.0452529999999999,0.0699781487037204,-0.0225779999999999,0.0022194999999999,0.237593,0.199927,0.11486,0.213278,0.647547,0.586795,0.122733,-0.013351,-0.0984179999999999,0.0162219999999999,0.037666,-0.023506,0.1360839999999999,-0.039728,0.2066153333333333,0.2603026666666667,0.0084900723985923,0.0989554092979931,-0.0267733999999999,-0.0495642,0.0367329999999999,0.0572313,0,0,0,3270985.0,2975919.0,2926591.0,2368008.172992694,2177695.734176,2075530.7030792555,1812812.0833333333,1734498.4166666667,1664592.1666666667,1.91916666666667,1.57417,2.55667,1.4858333333333331,1.525,2.188333333333333,488.1645942563859,469.1508709699852,438.9022956434741,0.30351,0.29994,0.28843,160.58812940388233,157.23630858889268,156.12901064108354,316858.18008,373529.95906,345594.52125,28240.638910650112,28274.281190331203,27890.55417976372,0.2916666666666665,0.4333333333333369,0.04917000000000016,0.368336666666667,0.09915122017769973,0.08739165707587006,0.045150612946172966,0.040527950522801316,-0.0011898544636599153,0.12572909995001513,0.04783132305168506,0.04476116170239313,256202.20000000016,131738.9,1302077.093625,1074145.1665333332,1098018.3927142858,1065495.6051202244,933528.7107237657,890746.7996003795,728800.2427083333,693852.3477777778,668513.6761904763,-2.4270839583333297,-2.9568860000000003,-2.115413571428572,-2.5358333333333336,-2.6631111111111108,-2.1426190476190476,197.1951875100936,190.06022850527245,171.2267712629586,-0.06916155236900379,-0.07758032252693736,-0.09545391699314715,22.84447356758332,20.792162936099913,21.09092677316869,80890.43816687501,146733.03162333334,127283.13622857141,1647.3076277690998,1793.013234613536,1509.94952576363,0.10874937500000353,-0.29377488888888875,0.027205476190476474,0.017745567966012732,-0.015074579684730097,-0.03252517196938995,-0.04867328940377124,-0.013259896332850095,-0.03769197488168103,0.01660122407633122,-13433.068261538516,0.030953333333333333,-0.09175533333333334,0.06080200000000002,0.12270866666666666,-0.04473066666666656,0.03213300000000003,0.07686366666666655,-0.0697648888888889,-0.08387894004792462,0.0028406000000000715,-0.0011796666666666622,-0.04702466666666669,0.04820466666666656,0.045845,0.02103199999999987,-0.021752999999999967,-0.04278500000000001,-0.010739444444444357,0.016029667351453905,-0.050507233333333366
2015,Norway,NOR,142,5050.010170252768,28747.705414729848,101.80563301908016,115.1638572782968,3111170.0,0.27476,167.40150326292397,249951.2371200001,615486.0,835266.0,105359.0,1919806.0,1.0058333333333334,0.9675,532.0518164661644,4.2959,288.285771580512,0.3454399999999999,1443582.0,1246159.0,8.81,3949682.0,2645105.0,2717805.0,1231877.0,3689861.0,7.805765628814697,109.52574920654295,26.810205459594727,0.0,0.0,0.0,0.0,FLOAT,DEU,0.0,0.0594055950641632,0.0984948575496673,0.0250120982527732,0.0141000002622604,,,0.0610110387206077,0.0374838151037693,0.0353283919394016,0.0224624276161193,0.0361315682530403,,,,0.0096749998629093,0.0369431711733341,0.0794929265975952,0.0886819884181022,0.0195560492575168,0.19505,0.175602,0.629348,6.0,0.019448,0.021,0.0520329999999999,0.031034,0.1609133333333333,0.0495116186095076,0.0325986666666666,0.0780636108589228,-0.0073286,-0.0035921999999999,0.143017,0.237593,0.154602,0.11486,0.702381,0.647547,-0.011586,0.122733,0.0397419999999999,-0.0984179999999999,-0.094576,0.037666,-0.134319,0.1360839999999999,0.1750646666666666,0.2066153333333333,0.0527658955892282,0.0084900723985923,-0.0225779999999999,-0.0267733999999999,0.0022194999999999,0.0367329999999999,0,0,0,3682243.0,3270985.0,2975919.0,2405812.2206649818,2368008.172992694,2177695.734176,1921447.0833333333,1812812.0833333333,1734498.4166666667,1.76,1.91916666666667,1.57417,1.4683333333333335,1.4858333333333331,1.525,501.45883701935935,488.1645942563859,469.1508709699852,0.29859,0.30351,0.29994,163.8401936469973,160.58812940388233,157.23630858889268,340621.27829999995,316858.18008,373529.95906,28460.930608223927,28240.638910650112,28274.281190331203,-0.03833333333333333,0.2916666666666665,0.4333333333333369,0.04917000000000016,0.12572909995001505,0.015964492058534882,0.05992623339107818,0.02723311546840955,0.007800521024711622,0.07262937291210814,0.08057847520236454,0.05676351653956242,333254.70000000024,256202.20000000016,1636742.3234117646,1302077.093625,1074145.1665333332,1040623.4407266164,1065495.6051202244,933528.7107237657,794564.6401960782,728800.2427083333,693852.3477777778,-2.443480980392157,-2.4270839583333297,-2.9568860000000003,-2.404166666666666,-2.5358333333333336,-2.6631111111111108,198.88971336070864,197.1951875100936,190.06022850527245,-0.07001322575906233,-0.06916155236900379,-0.07758032252693736,24.75274524789927,22.84447356758332,20.792162936099913,99895.27531823525,80890.43816687501,146733.03162333334,1770.6988766506147,1647.3076277690998,1793.013234613536,-0.0393143137254906,0.10874937500000353,-0.29377488888888875,0.04321434974045227,-0.08555958347176963,-0.015716728276397862,-0.05892604387042731,-0.0034407773236754284,-0.002432024405556149,0.027496830641745098,111989.73661428582,-0.07730066666666663,-0.020462666666666657,0.09776333333333342,-0.056838999999999994,0.07129266666666653,-0.10825399999999996,-0.17954766666666663,-0.06894555555555557,-0.014582196491240734,0.009805133333333365,0.030953333333333333,-0.09175533333333334,0.06080200000000002,0.12270866666666666,-0.04473066666666656,0.03213300000000003,0.07686366666666655,-0.0697648888888889,-0.08387894004792462,0.0028406000000000715
2016,Norway,NOR,142,5095.610646333821,28797.222936360176,101.99403419816036,115.43608624670853,3098150.0,0.28092,173.3370192894678,137960.53044,629040.0,751583.0,87571.1666666667,1980907.25,0.5458333333333333,0.84,569.4284565729125,4.6789,290.787217537015,0.38126,1432188.0,1293409.0,8.62,4130628.0,2785424.0,2896245.0,1234383.0,3604969.0,8.833988189697266,107.82674407958984,24.557029724121094,0.0,0.0,0.0,0.0,FLOAT,DEU,0.0,0.181999996304512,0.1062496677041053,-0.0010549057042226,0.0076,,,0.0702500343322753,0.0359996333718299,0.0336366556584835,0.1289000064134597,0.0470369383692741,,,,0.013317,0.0531000010669231,0.1104152500629425,0.1328641921281814,0.003272547153756,0.128587,0.262241,0.609172,8.0,-0.133654,0.086639,-0.066463,-0.153102,0.1483546666666666,0.0308491413386716,0.0435316666666666,0.070323649580588,0.0463143,-0.0738127,0.19505,0.143017,0.175602,0.154602,0.629348,0.702381,0.019448,-0.011586,0.021,0.0397419999999999,0.0520329999999999,-0.094576,0.031034,-0.134319,0.1609133333333333,0.1750646666666666,0.0495116186095076,0.0527658955892282,-0.0073286,-0.0225779999999999,-0.0035921999999999,0.0022194999999999,0,0,0,3949682.0,3682243.0,3270985.0,2645105.0,2405812.2206649818,2368008.172992694,1919806.0,1921447.0833333333,1812812.0833333333,0.9675,1.76,1.91916666666667,1.0058333333333334,1.4683333333333335,1.4858333333333331,532.0518164661644,501.45883701935935,488.1645942563859,0.3454399999999999,0.29859,0.30351,167.40150326292397,163.8401936469973,160.58812940388233,249951.2371200001,340621.27829999995,316858.18008,28747.705414729848,28460.930608223927,28240.638910650112,0.2941666666666667,-0.03833333333333333,0.2916666666666665,0.4333333333333369,0.07262937291210819,0.09946444584477013,-0.0008540871864586031,0.06100795755968293,0.010076086775007119,0.04581280214457761,0.09916989767994104,0.02654986844622537,284636.79999999993,333254.70000000024,1813251.194333333,1636742.3234117646,1302077.093625,1222103.8066879336,1040623.4407266164,1065495.6051202244,748781.0768518518,794564.6401960782,728800.2427083333,-3.1002320370370366,-2.443480980392157,-2.4270839583333297,-2.7331018518518517,-2.404166666666666,-2.5358333333333336,218.4332642874743,198.88971336070864,197.1951875100936,-0.019273602105781218,-0.07001322575906233,-0.06916155236900379,26.938902350053752,24.75274524789927,22.84447356758332,3675.496620555641,99895.27531823525,80890.43816687501,1959.1015233426115,1770.6988766506147,1647.3076277690998,-0.36713018518518536,-0.0393143137254906,0.10874937500000353,-0.01242739787042238,0.0029732869892755975,-0.07557253542591123,-0.0216849639044229,-0.0009628129072813772,0.016311399597367618,-0.004435369366701022,181576.2541733335,0.0015376666666666872,0.014688666666666683,-0.01622633333333323,-0.013150666666666665,0.03515133333333337,0.07883833333333323,0.04368833333333335,-0.05308088888888887,-0.003892173819096928,0.0256432666666666,-0.07730066666666663,-0.020462666666666657,0.09776333333333342,-0.056838999999999994,0.07129266666666653,-0.10825399999999996,-0.17954766666666663,-0.06894555555555557,-0.014582196491240734,0.009805133333333365
2017,Norway,NOR,142,5132.4791163568,29253.92387242427,103.52409706034696,117.07101012318418,3295380.0,0.27822,176.54375414632295,180455.11832,684334.0,863623.0,105530.08,2107074.0,0.4776041666666665,1.06583333,597.7602157997358,4.1621,295.9731202414908,0.38636,1526822.0,1349974.0,8.21,4403229.0,2979962.0,3093732.0,1309497.0,3633012.0,8.066405543279032,107.73369276923002,24.473107475493936,0.0,0.0,0.0,0.0,FLOAT,DEU,0.0,0.1860000044107437,0.0841176062822341,0.0224267095327377,0.0072,,,0.0497547388076782,0.0343628637492656,0.0327341817319393,0.1363999992609024,0.0436466038227081,,,,0.016375,0.049600001424551,0.1045555174350738,0.122832752764225,0.0148133551701903,0.24671,0.145236,0.608055,7.0,0.101474,-0.117005,0.118123,0.235128,0.1974816666666666,0.0570576764365088,-0.0419306666666666,0.0809361149137598,0.0058540999999999,0.0186077999999999,0.128587,0.19505,0.262241,0.175602,0.609172,0.629348,-0.133654,0.019448,0.086639,0.021,-0.066463,0.0520329999999999,-0.153102,0.031034,0.1483546666666666,0.1609133333333333,0.0308491413386716,0.0495116186095076,0.0463143,-0.0073286,-0.0738127,-0.0035921999999999,0,0,0,4130628.0,3949682.0,3682243.0,2785424.0,2645105.0,2405812.2206649818,1980907.25,1919806.0,1921447.0833333333,0.84,0.9675,1.76,0.5458333333333333,1.0058333333333334,1.4683333333333335,569.4284565729125,532.0518164661644,501.45883701935935,0.38126,0.3454399999999999,0.29859,173.3370192894678,167.40150326292397,163.8401936469973,137960.53044,249951.2371200001,340621.27829999995,28797.222936360176,28747.705414729848,28460.930608223927,0.5882291633333335,0.2941666666666667,-0.03833333333333333,0.2916666666666665,0.04581280214457772,0.05304855572841154,0.03182678353958681,0.07025000000000017,0.0017224860529201312,0.0659950496631505,0.08139042500223363,0.04067211193221052,234390.4000000002,284636.79999999993,1898762.9209473683,1813251.194333333,1636742.3234117646,1298101.5537043582,1222103.8066879336,1040623.4407266164,770472.796491228,748781.0768518518,794564.6401960782,-3.0645619298245617,-3.1002320370370366,-2.443480980392157,-3.0492543859649124,-2.7331018518518517,-2.404166666666666,244.3134168001448,218.4332642874743,198.88971336070864,0.01756079800504945,-0.019273602105781218,-0.07001322575906233,31.456581410805285,26.938902350053752,24.75274524789927,-108508.65724999999,3675.496620555641,99895.27531823525,1905.5084384812253,1959.1015233426115,1770.6988766506147,-0.01530754385964933,-0.36713018518518536,-0.0393143137254906,-0.03855355764515161,-0.04360778573759831,-0.03869319050953742,-0.011238201247193283,-0.00926292402340829,-0.0024275671743025917,0.009947778199678303,121609.83828749985,-0.06329966666666667,0.11388633333333334,-0.05058666666666667,-0.17718566666666666,0.09919766666666666,-0.0648373333333333,-0.164035,-0.03250977777777775,-0.006073387527104436,0.06520763333333326,0.0015376666666666872,0.014688666666666683,-0.01622633333333323,-0.013150666666666665,0.03515133333333337,0.07883833333333323,0.04368833333333335,-0.05308088888888887,-0.003892173819096928,0.0256432666666666
2018,Norway,NOR,142,5165.466694798413,29394.289527980112,103.99363147317764,118.12494147230498,3553900.0,0.28048,181.42813134443008,282641.667,710331.0,1000272.0,87321.17,2229518.0,0.5653273809523808,1.43916667,606.406057817311,3.7997,305.5408128342007,0.39658,1696413.0,1396964.0,8.69,4642883.0,3156477.0,3285507.0,1357376.0,3688842.0,8.150442419826765,112.59287874094964,23.22478248207872,0.0,0.0,0.0,0.0,FLOAT,DEU,0.0,-0.0001999999949475,0.0477639734745025,-0.0041463123634457,0.0073,,,0.0144637823104858,0.0333001911640167,0.0328254103660583,-0.0384000018239021,0.0397254601120948,,,,0.018792,0.0381999984383583,0.0257557779550552,0.0311757903546094,0.001576843787916,0.196476,0.17016,0.633363,7.0,0.026316,0.024924,-0.050234,-0.075158,0.1943596666666666,0.0607159785421707,-0.004244,0.1193410124140063,-0.0133331,0.0255731999999999,0.24671,0.128587,0.145236,0.262241,0.608055,0.609172,0.101474,-0.133654,-0.117005,0.086639,0.118123,-0.066463,0.235128,-0.153102,0.1974816666666666,0.1483546666666666,0.0570576764365088,0.0308491413386716,0.0058540999999999,0.0463143,0.0186077999999999,-0.0738127,0,0,0,4403229.0,4130628.0,3949682.0,2979962.0,2785424.0,2645105.0,2107074.0,1980907.25,1919806.0,1.06583333,0.84,0.9675,0.4776041666666665,0.5458333333333333,1.0058333333333334,597.7602157997358,569.4284565729125,532.0518164661644,0.38636,0.38126,0.3454399999999999,176.54375414632295,173.3370192894678,167.40150326292397,180455.11832,137960.53044,249951.2371200001,29253.92387242427,28797.222936360176,28747.705414729848,0.8738392890476193,0.5882291633333335,0.2941666666666667,-0.03833333333333333,0.06599504966315049,0.06984143168149624,0.06369139695965069,0.04975473020322351,0.015859200627552587,0.05442687627647791,0.061479074906612086,0.013967019651083752,235220.39999999997,234390.4000000002,2076425.7748999996,1898762.9209473683,1813251.194333333,1427734.4760191403,1298101.5537043582,1222103.8066879336,858115.9066666667,770472.796491228,748781.0768518518,-2.6855005033333335,-3.0645619298245617,-3.1002320370370366,-2.965020833333333,-3.0492543859649124,-2.7331018518518517,260.42950518696085,244.3134168001448,218.4332642874743,0.021782758104796962,0.01756079800504945,-0.019273602105781218,33.09048719712018,31.456581410805285,26.938902350053752,-60588.63650749999,-108508.65724999999,3675.496620555641,2266.9339526212607,1905.5084384812253,1959.1015233426115,0.27952033,-0.01530754385964933,-0.36713018518518536,-0.016342175513676116,-0.02451976316674527,-0.0047920933784452585,-0.03114198676780188,0.005361312868245658,-0.02220405242690733,-0.01730996842587503,64209.91838823544,0.09115866666666667,-0.052245666666666635,-0.03891200000000006,0.14340466666666668,-0.16613199999999995,0.15445833333333336,0.3205903333333333,0.03603744444444448,0.012682124590706334,0.00038486666666653294,-0.06329966666666667,0.11388633333333334,-0.05058666666666667,-0.17718566666666666,0.09919766666666666,-0.0648373333333333,-0.164035,-0.03250977777777775,-0.006073387527104436,0.06520763333333326
2019,Norway,NOR,142,5197.484050344685,29462.86013570684,104.17393375576982,118.95448382174726,3568490.0,0.29689,185.37419320117144,101594.88183,757902.0,914652.0,102588.75,2327591.0,1.1306547619047616,1.285,621.4365216324801,3.69,318.55380647364905,0.4088,1737449.0,1467501.0,8.78,4880018.0,3337867.0,3442133.0,1437885.0,3811224.0,8.258123339161523,111.00299932293932,23.766776799057784,0.0,0.0,0.0,0.0,FLOAT,DEU,0.0,0.1472000032663345,0.0582004599273204,0.0233332775533199,0.0093,,,0.0247861146926879,0.0334143452346324,0.0326061658561229,0.1011999994516372,0.0417726151645183,,,,0.014942,0.0460000000894069,0.0785218924283981,0.0915954858064651,0.0163166392594575,0.203056,0.133884,0.663061,8.0,0.069172,-0.036276,0.0065799999999999,0.042856,0.1925456666666666,0.0616310072961114,-0.0019546666666666,0.120086289980719,-0.0360147,0.053332,0.196476,0.24671,0.17016,0.145236,0.633363,0.608055,0.026316,0.101474,0.024924,-0.117005,-0.050234,0.118123,-0.075158,0.235128,0.1943596666666666,0.1974816666666666,0.0607159785421707,0.0570576764365088,-0.0133331,0.0058540999999999,0.0255731999999999,0.0186077999999999,0,0,0,4642883.0,4403229.0,4130628.0,3156477.0,2979962.0,2785424.0,2229518.0,2107074.0,1980907.25,1.43916667,1.06583333,0.84,0.5653273809523808,0.4776041666666665,0.5458333333333333,606.406057817311,597.7602157997358,569.4284565729125,0.39658,0.38636,0.38126,181.42813134443008,176.54375414632295,173.3370192894678,282641.667,180455.11832,137960.53044,29394.289527980112,29253.92387242427,28797.222936360176,0.15434523809523837,0.8738392890476193,0.5882291633333335,0.2941666666666667,0.05442687627647801,0.05923397680910025,0.05811091589569232,0.0144637294170005,0.004798182157305547,0.05107494632106824,0.055411576028068676,0.010127092570220726,248782.40000000002,235220.39999999997,2217202.357047619,2076425.7748999996,1898762.9209473683,1536262.120018229,1427734.4760191403,1298101.5537043582,939697.2444444443,858115.9066666667,770472.796491228,-2.1842861869841266,-2.6855005033333335,-3.0645619298245617,-2.7361061507936513,-2.965020833333333,-3.0492543859649124,256.6739421956331,260.42950518696085,244.3134168001448,0.03096548390933046,0.021782758104796962,0.01756079800504945,36.399126909650164,33.09048719712018,31.456581410805285,44483.08533952382,-60588.63650749999,-108508.65724999999,2299.350372337991,2266.9339526212607,1905.5084384812253,0.5518199638095238,0.27952033,-0.01530754385964933,-0.02709324012466479,-0.03390122988080399,-0.010132969773481375,-0.0648758882156348,-0.005967771245413667,-0.02710291696719247,-0.020238844536955167,61472.70069999987,0.006360333333333329,-0.024199666666666675,0.01783800000000002,0.030560000000000007,0.028046000000000005,-0.08479833333333331,-0.11284466666666668,0.02544311111111111,0.014909833080608031,-0.02827969999999997,0.09115866666666667,-0.052245666666666635,-0.03891200000000006,0.14340466666666668,-0.16613199999999995,0.15445833333333336,0.3205903333333333,0.03603744444444448,0.012682124590706334,0.00038486666666653294
2020,Norway,NOR,142,5224.650291414248,29086.336859818988,102.76926066255238,110.06242122711495,3413450.0,0.30077,187.7377141644864,67176.696,762752.0,773155.0,156751.0,2553501.0,0.3411458333333332,0.55583333,645.9109051899237,4.42,323.6590509114568,0.414,1559318.0,1631648.0,8.53,5115159.0,3552044.0,3625918.0,1489241.0,3918378.75,8.216086326131219,103.19939449634316,22.22248461782405,0.0,0.0,0.0,0.0,FLOAT,DEU,0.0,0.0346000008285045,0.0724736452102661,0.0400049053132534,0.006,,,0.0393835306167602,0.0330901145935058,0.0318362899124622,-0.0024000001139938,0.0370890125632286,,,,0.008175,0.0370000004768371,,,0.023002453148365,0.271156,0.141822,0.587022,3.0,0.129333,0.007938,0.0681,0.060161,0.14976,0.0185563190315323,0.0656539999999999,0.0377023007785998,-0.0046517999999999,0.0126433,0.203056,0.196476,0.133884,0.17016,0.663061,0.633363,0.069172,0.026316,-0.036276,0.024924,0.0065799999999999,-0.050234,0.042856,-0.075158,0.1925456666666666,0.1943596666666666,0.0616310072961114,0.0607159785421707,-0.0360147,-0.0133331,0.053332,0.0255731999999999,0,0,0,4880018.0,4642883.0,4403229.0,3337867.0,3156477.0,2979962.0,2327591.0,2229518.0,2107074.0,1.285,1.43916667,1.06583333,1.1306547619047616,0.5653273809523808,0.4776041666666665,621.4365216324801,606.406057817311,597.7602157997358,0.4088,0.39658,0.38636,185.37419320117144,181.42813134443008,176.54375414632295,101594.88183,282641.667,180455.11832,29462.86013570684,29394.289527980112,29253.92387242427,0.2146874966666668,0.15434523809523837,0.8738392890476193,0.5882291633333335,0.05107494632106818,0.0574659660121078,0.043988431580278785,0.024786137310813743,0.002332786702038031,0.048184453417999595,0.05716562408689888,0.007828021819809596,237292.49999999994,248782.40000000002,2353555.4317272725,2217202.357047619,2076425.7748999996,1647822.023653764,1536262.120018229,1427734.4760191403,995056.7333333334,939697.2444444443,858115.9066666667,-2.2391671212121214,-2.1842861869841266,-2.6855005033333335,-2.0464103084415584,-2.7361061507936513,-2.965020833333333,260.0374086382735,256.6739421956331,260.42950518696085,0.04177796191345179,0.03096548390933046,0.021782758104796962,38.690682997771034,36.399126909650164,33.09048719712018,-138585.658255,44483.08533952382,-60588.63650749999,2263.4050540493554,2299.350372337991,2266.9339526212607,-0.19275681277056272,0.5518199638095238,0.27952033,-0.029155015788423916,-0.03405489639775817,-0.023772931718729122,-0.051464152311553234,-0.008148987117566245,-0.02399372306000263,-0.021525973060518535,71799.29539999994,0.012464999999999948,-0.05866166666666664,0.04619766666666669,0.07112666666666667,-0.034462,0.006104666666666559,0.040566666666666654,0.012480333333333371,0.012090075190327697,-0.04895979999999996,0.006360333333333329,-0.024199666666666675,0.01783800000000002,0.030560000000000007,0.028046000000000005,-0.08479833333333331,-0.11284466666666668,0.02544311111111111,0.014909833080608031,-0.02827969999999997
2003,Portugal,PRT,182,10479.955,13980.069580418249,98.83181555591356,96.1358,29283984.7278,0.2374507640004023,178.91643999875467,-1748003.5040520497,9870931.752,8014201.991422,9845671.02,24827690.88,2.33346666666667,4.17833,195.5717238297865,6.1316,233.2070142065781,0.638973,6317989.748,7319798.302,158.7347585114806,33418544.0,13305589.0,16950552.0,16467992.0,35050556.0,6.805510520935059,138.5753936767578,60.71904754638672,0.0,0.0,1.0,1.0,PEG,DEU,-0.83999997,0.1739689111709594,0.1621745079755783,0.04937244951725,0.0233346670866012,,,0.1271723508834839,0.0350021533668041,0.0310530625283718,,,,,,0.0417832992970943,,0.1388133019208908,0.1638404130935669,0.0363535583019256,0.2304451764705882,0.2232486470588235,0.5463060000000001,,0.0071965294117647,0.0132514705882353,0.0131307647058823,-0.0001205294117647,0.2006546666666666,0.0525321571137657,0.020022725490196,0.0876108779029664,0.0199620176470588,-0.0250429882352941,0.2173144117647059,0.1873474117647059,0.2099971764705882,0.2478887647058823,0.5726884705882354,0.5647638235294118,0.0073170588235294,-0.0605415882352941,-0.0378915882352941,0.1038107058823529,0.0299669999999999,-0.0700234117647058,0.0678586470588235,-0.173834294117647,0.1944418078431372,0.1880772452488688,0.0519739866846972,0.0424537248739359,0.0159726435294117,0.0010000522171945,-0.0194026717647058,0.0071196536048265,0,0,0,32312486.0,29547037.0,26094336.0,12998852.0,11500650.0,10171454.0,24020149.384,24372596.74,22768139.294,5.00667,5.1575,5.595,3.31859166666667,4.26178333333333,4.39176666666667,193.48128972688636,192.2838064871925,182.39940819901483,0.600437,0.573802,0.541931,173.30623146100078,167.12078516674424,160.0626397666149,-2143207.2462181244,-2886072.876360037,-2765818.090888799,14170.93849166225,14127.25924856187,13922.217384573703,1.84486333333333,1.6880783333333298,0.8957166666666696,1.2032333333333298,0.09359479937023804,0.1302710716350815,-0.014460804474788138,0.006227686364080939,0.0030918412645981616,0.03423004964706222,0.15062064919143806,0.06805024410410844,2473807.3000000007,3653523.6999999997,10947319.7,10227338.375,9032849.833333332,4706916.5,4010893.125,3575596.166666667,2681005.6895999983,3791816.307,2916478.481333334,-0.34649600000000014,-0.24458249999999992,0.25722333333333314,-1.0148183333333298,-0.08953333333333724,0.05393333333333672,23.878435175292907,28.351189919498808,24.622388841761534,0.037816799999999984,0.013977250000000052,-0.023858333333333315,16.435176995863657,12.812163377008886,7.672023969172727,-110989.7610955115,-1067319.23904678,-1262752.6047673898,773.3312089621686,912.0649573272349,942.6974577854253,0.6683223333333299,-0.1550491666666629,0.20328999999999642,-0.13200163677883894,-0.11485929055870339,-0.08611263592001546,-0.06027636906887662,-0.028855017008286417,-0.09555756804250468,0.03511860057483301,-675203.399999999,0.0006062000000000289,0.015555368627450938,-0.016161671895424834,-0.01494926928104574,-0.0442561508295626,0.0267187601809954,0.07097512518853692,-0.007030879034690851,0.022743769854029136,0.0248733016742081,-0.02611256018099542,0.05981151945701357,-0.033699223931623834,-0.08592439446958267,0.12054150678733028,-0.08044091704374047,-0.20098258069381592,-0.020093162443438867,0.01983526206490175,0.019801420723981798
2004,Portugal,PRT,182,10524.145,14138.59741641843,99.42334007000446,98.0506,30523063.7288,0.2339399205626245,183.406794044762,-2224611.036825544,10847078.61,8444831.11248,9992022.88,26092531.818,2.10633333333333,4.14333,196.82082272535325,6.3166,239.0515387420623,0.6709950000000001,6269673.586,8365712.896,147.18596285147933,34743731.0,14201142.0,18125778.0,16617953.0,34980892.0,6.574883460998535,137.11209106445312,57.94709777832031,0.0,0.0,1.0,1.0,PEG,DEU,-0.23596126,0.1799686998128891,0.2245179712772369,0.1071621254086494,0.021063333377242,,,0.1924868524074554,0.0320311151444911,0.0268607698380947,,,,,,0.0414333008229732,,0.18659208714962,0.2179783433675766,0.0641127303242683,0.352836,0.105756,0.541409,1.0,0.24708,-0.1174926470588235,0.1223908235294117,0.2398834705882352,0.227044862745098,0.0192289249543702,-0.0153426666666666,0.039143460693454,-0.0413146823529411,0.0922744235294117,0.2304451764705882,0.2173144117647059,0.2232486470588235,0.2099971764705882,0.5463060000000001,0.5726884705882354,0.0071965294117647,0.0073170588235294,0.0132514705882353,-0.0378915882352941,0.0131307647058823,0.0299669999999999,-0.0001205294117647,0.0678586470588235,0.2006546666666666,0.1944418078431372,0.0525321571137657,0.0519739866846972,0.0199620176470588,0.0159726435294117,-0.0250429882352941,-0.0194026717647058,0,0,0,33418544.0,32312486.0,29547037.0,13305589.0,12998852.0,11500650.0,24827690.88,24020149.384,24372596.74,4.17833,5.00667,5.1575,2.33346666666667,3.31859166666667,4.26178333333333,195.5717238297865,193.48128972688636,192.2838064871925,0.638973,0.600437,0.573802,178.91643999875467,173.30623146100078,167.12078516674424,-1748003.5040520497,-2143207.2462181244,-2886072.876360037,13980.069580418249,14170.93849166225,14127.25924856187,2.0369966666666697,1.84486333333333,1.6880783333333298,0.8957166666666696,0.03423004964706213,0.02359723766375677,0.03361933696123925,0.01080432172977005,-0.013469038155539388,0.03965424107046678,0.08671365258992984,0.04940375879897638,1669613.9999999988,2473807.3000000007,10228824.416666668,10947319.7,10227338.375,4229167.416666666,4706916.5,4010893.125,3041712.903999999,2681005.6895999983,3791816.307,-1.1170866666666672,-0.34649600000000014,-0.24458249999999992,-1.8308069444444417,-1.0148183333333298,-0.08953333333333724,21.989130082310908,23.878435175292907,28.351189919498808,0.07005000000000006,0.037816799999999984,0.013977250000000052,19.306189367640286,16.435176995863657,12.812163377008886,302712.27458648174,-110989.7610955115,-1067319.23904678,453.57376289113927,773.3312089621686,912.0649573272349,0.7137202777777751,0.6683223333333299,-0.1550491666666629,-0.16496605914624704,-0.19856126641828747,-0.020809967299984987,-0.04364445988941219,-0.03964489302676668,-0.1355751726333867,0.007692465125992698,-1629851.9999999981,0.009767627450980393,0.022593980392156876,-0.03236192156862738,-0.01282619607843137,0.0070386117647058665,0.009161427450980371,0.0021230732026144006,0.004878966918049205,0.014114807940304862,0.020571575233785833,0.0006062000000000289,0.015555368627450938,-0.016161671895424834,-0.01494926928104574,-0.0442561508295626,0.0267187601809954,0.07097512518853692,-0.007030879034690851,0.022743769854029136,0.0248733016742081
2005,Portugal,PRT,182,10566.212,14191.465057007195,100.0,99.6516,31786962.401400004,0.2327044025157232,187.3131614710499,-3218199.254278528,11398805.074,8609234.37176,11265284.062,27711624.45,2.18468333333333,3.4375,201.29073860990243,7.5817,246.780979394224,0.722491,6567990.802,8516475.36,169.94320589980504,37388088.0,15885592.0,20008304.0,17379784.0,36326400.0,6.438308238983154,133.0977783203125,55.45767211914063,0.0,0.0,1.0,1.0,PEG,DEU,0.03646125,0.1718716323375702,0.1678013354539871,0.0649326890707016,0.0218468327075243,,,0.1401687562465667,0.0276325829327106,0.0242355205118656,0.1391692012548446,0.0287072695791721,,,,0.034375000745058,0.0327024385333061,0.1415246427059173,0.168437197804451,0.0433897599577903,0.352836,0.105756,0.541409,,0.24708,0.0,0.0,0.0,0.1796672745098039,0.0643510508300789,0.087197862745098,0.1384620055890108,-0.0430216176470587,0.0959172294117647,0.352836,0.2304451764705882,0.105756,0.2232486470588235,0.541409,0.5463060000000001,0.24708,0.0071965294117647,-0.1174926470588235,0.0132514705882353,0.1223908235294117,0.0131307647058823,0.2398834705882352,-0.0001205294117647,0.227044862745098,0.2006546666666666,0.0192289249543702,0.0525321571137657,-0.0413146823529411,0.0199620176470588,0.0922744235294117,-0.0250429882352941,0,0,1,34743731.0,33418544.0,32312486.0,14201142.0,13305589.0,12998852.0,26092531.818,24827690.88,24020149.384,4.14333,4.17833,5.00667,2.10633333333333,2.33346666666667,3.31859166666667,196.82082272535325,195.5717238297865,193.48128972688636,0.6709950000000001,0.638973,0.600437,183.406794044762,178.91643999875467,173.30623146100078,-2224611.036825544,-1748003.5040520497,-2143207.2462181244,14138.59741641843,13980.069580418249,14170.93849166225,1.25281666666667,2.0369966666666697,1.84486333333333,1.6880783333333298,0.03965424107046674,0.0673065281063469,0.05094476744186051,0.006386909472935355,0.011339559870447973,0.07611033483997454,0.055826363362588984,0.03282067232701566,1655199.300000003,1669613.9999999988,10092750.785714287,10228824.416666668,10947319.7,4520553.642857144,4229167.416666666,4706916.5,3872023.4271428585,3041712.903999999,2681005.6895999983,-0.9925028571428571,-1.1170866666666672,-0.34649600000000014,-1.7963964285714327,-1.8308069444444417,-1.0148183333333298,20.09692468040467,21.989130082310908,23.878435175292907,0.09206485714285728,0.07005000000000006,0.037816799999999984,21.038516361127563,19.306189367640286,16.435176995863657,-217139.86884222436,302712.27458648174,-110989.7610955115,547.3053470497289,453.57376289113927,773.3312089621686,0.8038935714285753,0.7137202777777751,0.6683223333333299,-0.13204752453180127,-0.12175843157264941,-1.620893603288681e-05,-0.04078779549801153,-0.00822881282965154,-0.13934742733405026,-0.010429114371166566,-2026582.3000000005,0.14113366666666666,-0.12128886274509797,-0.01984376470588234,0.26242266666666664,-0.14388284313725486,0.13136603921568624,0.2752488627450979,0.03265362282554046,-0.029757697936429402,-0.053626253484162764,0.009767627450980393,0.022593980392156876,-0.03236192156862738,-0.01282619607843137,0.0070386117647058665,0.009161427450980371,0.0021230732026144006,0.004878966918049205,0.014114807940304862,0.020571575233785833
2006,Portugal,PRT,182,10605.87,14343.1627956971,101.44193641280488,100.0,33332237.561,0.2228915662650602,193.01742028838407,-3250985.8424919457,12717375.188,10118800.278966,11638581.546,28717242.162,3.079225,3.915,205.5335456027503,7.6474,249.96543608475727,0.7367940000000001,7166429.572,8633757.33,152.22627182991647,41466292.0,18362346.0,23050818.0,18415474.0,38683376.0,6.5072407722473145,137.6216278076172,56.65263366699219,0.0,0.0,1.0,1.0,PEG,DEU,0.65260124,0.3327177464962005,0.1101290136575698,-0.0046359319239854,0.030792249366641,,,0.0851548239588737,0.0249741896986961,0.0230144020169973,0.2924963533878326,0.0311191715300083,,,,0.0391499996185302,0.0402214154601097,0.1242555752396583,0.1542579531669616,0.0130781587213277,0.352836,0.105756,0.541409,0.0,0.24708,0.0,0.0,0.0,0.1449202156862745,0.0678344114072134,0.1671188431372549,0.1384967863182593,-0.035247794117647,0.0719650411764706,0.352836,0.352836,0.105756,0.105756,0.541409,0.541409,0.24708,0.24708,0.0,-0.1174926470588235,0.0,0.1223908235294117,0.0,0.2398834705882352,0.1796672745098039,0.227044862745098,0.0643510508300789,0.0192289249543702,-0.0430216176470587,-0.0413146823529411,0.0959172294117647,0.0922744235294117,0,1,1,37388088.0,34743731.0,33418544.0,15885592.0,14201142.0,13305589.0,27711624.45,26092531.818,24827690.88,3.4375,4.14333,4.17833,2.18468333333333,2.10633333333333,2.33346666666667,201.29073860990243,196.82082272535325,195.5717238297865,0.722491,0.6709950000000001,0.638973,187.3131614710499,183.406794044762,178.91643999875467,-3218199.254278528,-2224611.036825544,-1748003.5040520497,14191.465057007195,14138.59741641843,13980.069580418249,0.8357749999999999,1.25281666666667,2.0369966666666697,1.84486333333333,0.07611033483997444,0.11861370022213706,0.06205195583523497,0.022710584290090936,0.003739242233983757,0.10907762921709185,0.04999820851916784,0.022775816536290176,2678760.099999997,1655199.300000003,11475513.9375,10092750.785714287,10228824.416666668,5639934.4375,4520553.642857144,4229167.416666666,5007113.1307500005,3872023.4271428585,3041712.903999999,-1.5742700000000003,-0.9925028571428571,-1.1170866666666672,-1.493496875000004,-1.7963964285714327,-1.8308069444444417,22.054724979903256,20.09692468040467,21.989130082310908,0.13205274999999994,0.09206485714285728,0.07005000000000006,22.315069242274518,21.038516361127563,19.306189367640286,-1183585.6026899302,-217139.86884222436,302712.27458648174,531.7598192572787,547.3053470497289,453.57376289113927,-0.08077312499999612,0.8038935714285753,0.7137202777777751,-0.07672749868632196,-0.0530571978036236,0.011093295019631987,-0.018637292752568584,-0.014653585776165538,-0.1219510109551297,-0.01873578443336428,-1635680.5399999963,0.08597080392156864,-0.0739112745098039,-0.012058823529411788,0.15988213725490197,0.047377588235294095,-0.05516286274509796,-0.10254052941176467,-0.027713171241830037,0.023106027912467866,-0.041228277254901836,0.14113366666666666,-0.12128886274509797,-0.01984376470588234,0.26242266666666664,-0.14388284313725486,0.13136603921568624,0.2752488627450979,0.03265362282554046,-0.029757697936429402,-0.053626253484162764
2007,Portugal,PRT,182,10642.836,14631.417929800691,103.78073311884611,101.1879,35181262.9988,0.2228571428571428,197.69368767774773,-3163979.3706630394,13633419.54722,10974508.176912,11323223.36,30987500.33,4.27760833333333,4.42417,206.4677889926085,7.9637,260.15000951836043,0.7272799999999999,7849271.264,9192901.628,136.1877589837646,45887924.0,20165482.0,25516948.0,20370976.0,43694980.0,6.216100215911865,141.38119506835938,57.41265869140625,0.0,0.0,1.0,1.0,PEG,DEU,0.89542246,0.1831146776676178,0.0474180653691291,0.0153948254883289,0.0427760817110538,,,0.0237857643514871,0.0236322991549968,0.023083247244358,0.1501441150903701,0.0286664627492427,,,,0.0442417003214359,0.0329705625772476,0.0670420005917549,0.0771799609065055,0.0290854535996913,0.352836,0.105756,0.541409,,0.24708,0.0,0.0,0.0,0.105756,0.0,0.24708,0.0,-3.8764934211734055e-18,1.97250328449811e-17,0.352836,0.352836,0.105756,0.105756,0.541409,0.541409,0.24708,0.24708,0.0,0.0,0.0,0.0,0.0,0.0,0.1449202156862745,0.1796672745098039,0.0678344114072134,0.0643510508300789,-0.035247794117647,-0.0430216176470587,0.0719650411764706,0.0959172294117647,1,1,1,41466292.0,37388088.0,34743731.0,18362346.0,15885592.0,14201142.0,28717242.162,27711624.45,26092531.818,3.915,3.4375,4.14333,3.079225,2.18468333333333,2.10633333333333,205.5335456027503,201.29073860990243,196.82082272535325,0.7367940000000001,0.722491,0.6709950000000001,193.01742028838407,187.3131614710499,183.406794044762,-3250985.8424919457,-3218199.254278528,-2224611.036825544,14343.1627956971,14191.465057007195,14138.59741641843,0.14656166666667048,0.8357749999999999,1.25281666666667,2.0369966666666697,0.10907762921709181,0.15591197356699077,0.03628865979381448,0.021078003996350538,0.010689364211554942,0.10663196024375665,0.07494740170917773,0.03472630149525373,3751078.300000003,2678760.099999997,14278660.833333332,11475513.9375,10092750.785714287,7490029.055555556,5639934.4375,4520553.642857144,5456384.939333335,5007113.1307500005,3872023.4271428585,-0.9218511111111116,-1.5742700000000003,-0.9925028571428571,-0.433011111111111,-1.493496875000004,-1.7963964285714327,23.84700697498411,22.054724979903256,20.09692468040467,0.13168322222222228,0.13205274999999994,0.09206485714285728,25.539875921578187,22.315069242274518,21.038516361127563,-1084862.6794933556,-1183585.6026899302,-217139.86884222436,624.3731335852644,531.7598192572787,547.3053470497289,-0.48883999999999994,-0.08077312499999612,0.8038935714285753,-0.03416926697341434,-0.009126774733316967,-0.016056662899242506,-0.017940211452237908,-0.00587176557657366,-0.07958024477152982,-0.00410875884106298,-339506.3166666697,0.04079694117647059,-0.03916421568627447,-0.0016323333333333467,0.0799611568627451,0.0347470588235294,-0.04517386274509799,-0.07992098039215682,-0.05753538562091501,0.022463700441141807,-0.013789700000000002,0.08597080392156864,-0.0739112745098039,-0.012058823529411788,0.15988213725490197,0.047377588235294095,-0.05516286274509796,-0.10254052941176467,-0.027713171241830037,0.023106027912467866,-0.041228277254901836
2008,Portugal,PRT,182,10676.91,14583.489043178224,103.9620386293128,102.6532,35906887.5496,0.2290502793296089,202.9364439603973,-4498936.563099426,14655273.895436,11224879.320684,10898402.002,33525401.968,4.63423333333333,4.5225,193.439997202188,7.5517,266.53390059552345,0.756425,8127339.798,9247633.214,144.05547172522807,49796320.0,20943352.0,26578700.0,23217620.0,48021968.0,5.129000186920166,137.39796447753906,56.933353424072266,1.0,1.0,1.0,1.0,PEG,DEU,-0.035735,-0.4971774220466614,0.0526249893009662,0.0992255210876464,0.0463423319160938,,,0.0288421865552663,0.0237828027456998,0.0231160838156938,-0.5128112435340881,0.0320898368954658,,,,0.0452249981462955,0.0156338084489107,0.0086806835606694,-0.0110203847289085,0.072783924639225,0.352836,0.105756,0.541409,,0.24708,0.0,0.0,0.0,0.105756,0.0,0.24708,0.0,-3.8764934211734055e-18,1.97250328449811e-17,0.352836,0.352836,0.105756,0.105756,0.541409,0.541409,0.24708,0.24708,0.0,0.0,0.0,0.0,0.0,0.0,0.105756,0.1449202156862745,0.0,0.0678344114072134,-3.8764934211734055e-18,-0.035247794117647,1.97250328449811e-17,0.0719650411764706,0,0,0,45887924.0,41466292.0,37388088.0,20165482.0,18362346.0,15885592.0,30987500.33,28717242.162,27711624.45,4.42417,3.915,3.4375,4.27760833333333,3.079225,2.18468333333333,206.4677889926085,205.5335456027503,201.29073860990243,0.7272799999999999,0.7367940000000001,0.722491,197.69368767774773,193.01742028838407,187.3131614710499,-3163979.3706630394,-3250985.8424919457,-3218199.254278528,14631.417929800691,14343.1627956971,14191.465057007195,-0.11173333333332991,0.14656166666667048,0.8357749999999999,1.25281666666667,0.10663196024375654,0.09819747433143891,0.07905557766281993,0.004545454549126799,0.020097041232082096,0.08517264803698676,0.09727330810027435,0.01836842132829873,4164632.799999999,3751078.300000003,17272426.75,14278660.833333332,11475513.9375,8544162.15,7490029.055555556,5639934.4375,7181004.613399997,5456384.939333335,5007113.1307500005,-0.32049600000000034,-0.9218511111111116,-1.5742700000000003,0.80867333333333,-0.433011111111111,-1.493496875000004,22.39654966734389,23.84700697498411,22.054724979903256,0.10900089999999996,0.13168322222222228,0.13205274999999994,27.66215571878402,25.539875921578187,22.315069242274518,-889369.939715114,-1084862.6794933556,-1183585.6026899302,850.1909543303282,624.3731335852644,531.7598192572787,-1.1291693333333295,-0.48883999999999994,-0.08077312499999612,-0.03281835072748135,-0.06582718788738914,0.02849432862523433,-0.032479404071435215,0.004188329841350567,-0.04730680778399199,-0.019953044152885104,781312.7857142892,0.0,0.0,0.0,0.0,0.0391642156862745,-0.04079694117647057,-0.07996115686274506,-0.07812145098039212,-0.050471462397220834,0.039861364705882266,0.04079694117647059,-0.03916421568627447,-0.0016323333333333467,0.0799611568627451,0.0347470588235294,-0.04517386274509799,-0.07992098039215682,-0.05753538562091501,0.022463700441141807,-0.013789700000000002
2009,Portugal,PRT,182,10708.0,14118.34417888815,100.6202932851336,101.5833,35167830.7048,0.2114285714285714,201.10355711648396,-3496199.6672048406,12027031.660042,9598619.256702,10922058.878,31654904.908,1.22835833333333,4.21083,193.85716034199777,9.4319,273.5104231246791,0.877991,6894575.98,9778108.586,139.1656254338469,51278082.0,22019940.0,27659900.0,23618182.0,49838092.0,6.036499977111816,133.3400115966797,57.11309814453125,0.0,0.0,1.0,1.0,PEG,DEU,-2.7934349,0.399630606174469,-0.0547274090349674,0.0526253469288349,0.0122835831716656,,,-0.0784657970070838,0.0237383879721164,0.0257596392184495,0.3485449254512787,0.0378820672631263,,,,0.0421083010733127,0.0510856695473194,0.0200332347303628,0.0158143304288387,0.032454464584589,0.352836,0.105756,0.541409,,0.24708,0.0,0.0,0.0,0.105756,0.0,0.24708,0.0,-3.8764934211734055e-18,1.97250328449811e-17,0.352836,0.352836,0.105756,0.105756,0.541409,0.541409,0.24708,0.24708,0.0,0.0,0.0,0.0,0.0,0.0,0.105756,0.105756,0.0,0.0,-3.8764934211734055e-18,-3.8764934211734055e-18,1.97250328449811e-17,1.97250328449811e-17,0,0,0,49796320.0,45887924.0,41466292.0,20943352.0,20165482.0,18362346.0,33525401.968,30987500.33,28717242.162,4.5225,4.42417,3.915,4.63423333333333,4.27760833333333,3.079225,193.439997202188,206.4677889926085,205.5335456027503,0.756425,0.7272799999999999,0.7367940000000001,202.9364439603973,197.69368767774773,193.01742028838407,-4498936.563099426,-3163979.3706630394,-3250985.8424919457,14583.489043178224,14631.417929800691,14343.1627956971,2.9824716666666697,-0.11173333333332991,0.14656166666667048,0.8357749999999999,0.0851726480369868,0.03857433211861735,0.08190081842590498,-0.06309842253837897,-0.003275751321739454,0.02975645589874909,0.10029407916594509,0.013152512449058872,3334376.6,4164632.799999999,19610602.136363637,17272426.75,14278660.833333332,8545290.136363637,8544162.15,7490029.055555556,9066087.650181819,7181004.613399997,5456384.939333335,-0.19303000000000026,-0.32049600000000034,-0.9218511111111116,1.0917825757575725,0.80867333333333,-0.433011111111111,7.33270790716486,22.39654966734389,23.84700697498411,0.12823672727272728,0.10900089999999996,0.13168322222222228,30.39017057245323,27.66215571878402,25.539875921578187,-2143475.3194501265,-889369.939715114,-1084862.6794933556,724.9719809505586,850.1909543303282,624.3731335852644,-1.2848125757575726,-1.1291693333333295,-0.48883999999999994,-0.05099582786150296,-0.1188676113114718,0.028490136525795955,-0.09687534075179746,-0.01960329569660604,-0.03902972474232215,-0.022951948126248845,1097203.187499999,0.0,0.0,0.0,0.0,0.0,0.0,0.0,-0.03769183006535946,-0.0440618207457641,0.026089803921568566,0.0,0.0,0.0,0.0,0.0391642156862745,-0.04079694117647057,-0.07996115686274506,-0.07812145098039212,-0.050471462397220834,0.039861364705882266
2010,Portugal,PRT,182,10713.066237698717,14279.047520578404,102.32171043483542,103.9710737426447,36008732.4056,0.2055555555555555,203.90100613004623,-3661724.063449045,13580326.90157,10827575.72104,10728192.784,31852580.16,0.810958333333333,5.39583,195.34924406661003,10.7699,277.37589927739674,1.002145,7181265.24,10137372.33,150.03891632989072,51290514.0,22775558.0,28310064.0,22980450.0,51943052.0,6.209400177001953,123.86885833740234,56.83582305908203,0.0,0.0,1.0,1.0,PEG,DEU,-0.2121875,-0.0621136613190174,0.0454331897199153,-0.1244320198893547,0.0081095835193991,,,0.019134996458888,0.0262981932610273,0.0258044265210628,-0.1009183675050735,0.0431603789329528,,,,0.0539583005011081,0.0388047024607658,0.0052027301862835,0.0302053559571504,-0.0581612177193164,0.130155,0.122,0.747845,2.0,0.008155,0.0162439999999999,-0.222681,-0.238925,0.105756,0.0,0.24708,0.0,0.0048731999999999,-0.0716774999999999,0.352836,0.352836,0.105756,0.105756,0.541409,0.541409,0.24708,0.24708,0.0,0.0,0.0,0.0,0.0,0.0,0.105756,0.105756,0.0,0.0,-3.8764934211734055e-18,-3.8764934211734055e-18,1.97250328449811e-17,1.97250328449811e-17,0,0,0,51278082.0,49796320.0,45887924.0,22019940.0,20943352.0,20165482.0,31654904.908,33525401.968,30987500.33,4.21083,4.5225,4.42417,1.22835833333333,4.63423333333333,4.27760833333333,193.85716034199777,193.439997202188,206.4677889926085,0.877991,0.756425,0.7272799999999999,201.10355711648396,202.9364439603973,197.69368767774773,-3496199.6672048406,-4498936.563099426,-3163979.3706630394,14118.34417888815,14583.489043178224,14631.417929800691,4.584871666666667,2.9824716666666697,-0.11173333333332991,0.14656166666667048,0.029756455898749146,0.05140476080428768,-0.05579342678084482,0.002156550588520378,-0.031895307282975384,0.00024244276531248943,0.07385368805983084,0.039667996335814006,1768953.2,3334376.6,19458147.291666668,19610602.136363637,17272426.75,8909770.625,8545290.136363637,8544162.15,6440083.286000002,9066087.650181819,7181004.613399997,-0.48861416666666724,-0.19303000000000026,-0.32049600000000034,-2.4050743055555577,1.0917825757575725,0.80867333333333,7.138812054710883,7.33270790716486,22.39654966734389,0.23911633333333326,0.12823672727272728,0.10900089999999996,26.02476951416878,30.39017057245323,27.66215571878402,-962115.4802680304,-2143475.3194501265,-889369.939715114,199.41278491460434,724.9719809505586,850.1909543303282,1.9164601388888916,-1.2848125757575726,-1.1291693333333295,-0.10177603564869489,-0.0952310361429404,-0.11179412109238984,-0.022813518465643792,-0.046440733867241416,-0.06156714337420416,0.005858730573131181,145035.5222222223,0.0,0.0,0.0,0.0,0.0,0.0,0.0,-0.013054738562091495,-0.022611470469071134,0.011749264705882336,0.0,0.0,0.0,0.0,0.0,0.0,0.0,-0.03769183006535946,-0.0440618207457641,0.026089803921568566
2011,Portugal,PRT,182,10697.867524602574,14038.770273377344,100.7342214826734,96.8401281313364,35304118.3684,0.1818181818181818,211.14943930514036,-2280463.931126526,13643162.170492,12163983.119544,10042143.38,31243515.844,1.3906,10.2408,185.76897470403316,12.6772,275.29447253959125,1.144031,8312986.13,9768685.932,154.9439678491383,50804746.0,22659478.0,27988290.0,22816456.0,53310720.0,5.011300086975098,116.0670928955078,57.23625564575195,0.0,0.0,1.0,1.0,PEG,DEU,0.37260476,-0.2037296295166015,-0.1075711101293563,-0.3133552074432373,0.0139060001820325,,,-0.1336173117160797,0.026046197861433,0.0300631560385227,-0.233046293258667,0.0382248312234878,,,,0.1024079993367195,0.0293166767805814,-0.1280696988105774,-0.118300475180149,-0.1497246026992797,0.374351,0.027267,0.598382,2.0,0.347084,-0.094733,0.244196,0.338929,0.1111706666666666,0.0093784777727165,0.1674383333333333,0.1379434130661313,-0.0219223,0.0061086999999999,0.130155,0.352836,0.122,0.105756,0.747845,0.541409,0.008155,0.24708,0.0162439999999999,0.0,-0.222681,0.0,-0.238925,0.0,0.105756,0.105756,0.0,0.0,0.0048731999999999,-3.8764934211734055e-18,-0.0716774999999999,1.97250328449811e-17,0,0,0,51290514.0,51278082.0,49796320.0,22775558.0,22019940.0,20943352.0,31852580.16,31654904.908,33525401.968,5.39583,4.21083,4.5225,0.810958333333333,1.22835833333333,4.63423333333333,195.34924406661003,193.85716034199777,193.439997202188,1.002145,0.877991,0.756425,203.90100613004623,201.10355711648396,202.9364439603973,-3661724.063449045,-3496199.6672048406,-4498936.563099426,14279.047520578404,14118.34417888815,14583.489043178224,8.850200000000001,4.584871666666667,2.9824716666666697,-0.11173333333332991,0.00024244276531247796,0.03431517070437067,0.006244695808580451,0.007696820287576492,0.011382591304903988,-0.009470913081510601,0.038390515567016115,0.04311838565668442,303771.00000000367,1768953.2,17973798.730769232,19458147.291666668,19610602.136363637,8980021.653846154,8909770.625,8545290.136363637,6142367.516000003,6440083.286000002,9066087.650181819,0.7339715384615388,-0.48861416666666724,-0.19303000000000026,-2.637468589743589,-2.4050743055555577,1.0917825757575725,8.081756390499208,7.138812054710883,7.33270790716486,0.34487676923076926,0.23911633333333326,0.12823672727272728,26.820313180487318,26.02476951416878,30.39017057245323,-1053630.9934146944,-962115.4802680304,-2143475.3194501265,344.776681611429,199.41278491460434,724.9719809505586,3.371440128205128,1.9164601388888916,-1.2848125757575726,-0.12280871247807365,-0.10438470656427903,-0.04043982174526542,-0.015372122227784031,0.0007072258762414046,-0.09143330283300033,0.008776508023716934,-1434891.43,-0.222681,0.016243999999999995,0.20643599999999995,-0.238925,0.0162439999999999,-0.222681,-0.238925,0.0,0.0,0.004873199999999903,0.0,0.0,0.0,0.0,0.0,0.0,0.0,-0.013054738562091495,-0.022611470469071134,0.011749264705882336
2012,Portugal,PRT,182,10654.29788039364,13524.00842097281,97.03976228558076,92.06216401798352,33740238.4792,0.1607142857142857,217.0111776603764,-541387.8914699872,12913339.727094,12746389.94545,9592061.29,28487489.79,0.573183333333333,10.5475,172.63135933064856,15.5268,268.24984274985894,1.290351,7957331.062,9774499.91,151.94937092617857,47991382.0,21987462.0,26868398.0,21122984.0,52263252.0,6.548200130462647,119.4756851196289,59.54528045654297,0.0,0.0,1.0,1.0,PEG,DEU,-0.48489609,0.0769294649362564,-0.0103695262223482,0.8112969994544983,0.0057318331673741,,,-0.0410352647304534,0.0306657385081052,0.0319779627025127,0.0282499361783266,0.0473421178758144,,,,0.1054750010371208,0.0486795306205749,0.1489151865243911,0.0009925276972353,0.4085144102573395,0.201111,0.200791,0.598099,3.0,0.00032,0.173524,-0.1732399999999999,-0.346764,0.0850076666666666,0.0506601946732672,0.200773,0.174144969628755,0.0190371999999999,-0.0401350999999999,0.374351,0.130155,0.027267,0.122,0.598382,0.747845,0.347084,0.008155,-0.094733,0.0162439999999999,0.244196,-0.222681,0.338929,-0.238925,0.1111706666666666,0.105756,0.0093784777727165,0.0,-0.0219223,0.0048731999999999,0.0061086999999999,-0.0716774999999999,0,0,0,50804746.0,51290514.0,51278082.0,22659478.0,22775558.0,22019940.0,31243515.844,31852580.16,31654904.908,10.2408,5.39583,4.21083,1.3906,0.810958333333333,1.22835833333333,185.76897470403316,195.34924406661003,193.85716034199777,1.144031,1.002145,0.877991,211.14943930514036,203.90100613004623,201.10355711648396,-2280463.931126526,-3661724.063449045,-3496199.6672048406,14038.770273377344,14279.047520578404,14118.34417888815,9.974316666666667,8.850200000000001,4.584871666666667,2.9824716666666697,-0.00947091308151055,-0.005096691813214851,-0.01912134944612285,-0.04904175292999956,-0.016827260141461256,-0.05537600758795247,0.006842661860850326,0.020429605682934147,-1034586.7999999981,303771.00000000367,16204187.964285716,17973798.730769232,19458147.291666668,8222511.535714285,8980021.653846154,8909770.625,5094562.663142856,6142367.516000003,6440083.286000002,5.526515000000001,0.7339715384615388,-0.48861416666666724,-1.8694363095238087,-2.637468589743589,-2.4050743055555577,-2.075781285684741,8.081756390499208,7.138812054710883,0.4621287142857142,0.34487676923076926,0.23911633333333326,32.153009699832324,26.820313180487318,26.02476951416878,402888.495580303,-1053630.9934146944,-962115.4802680304,79.87252858097963,344.776681611429,199.41278491460434,7.395951309523809,3.371440128205128,1.9164601388888916,-0.12307524428812178,-0.1357669762692277,-0.06269511148110216,-0.07092822450476131,-0.02755702756060395,-0.11536171463641609,-0.014643647618676415,-2769628.954545451,0.095742,-0.08390366666666668,-0.011839000000000044,0.17964566666666668,-0.10014766666666663,0.318423,0.41857066666666665,0.0054146666666665955,0.0093784777727165,-0.023546699999999962,-0.222681,0.016243999999999995,0.20643599999999995,-0.238925,0.0162439999999999,-0.222681,-0.238925,0.0,0.0,0.004873199999999903
2013,Portugal,PRT,182,10595.529523088568,13472.899062170522,96.6735358973982,91.6035754689965,34180637.2886,0.1470588235294117,217.96480375100435,540138.4434512188,13162253.366726002,13537753.345978,10119328.95,28859183.418,0.220666666666667,6.29417,169.37879874392524,16.1834,275.5221868243909,1.314298,8243017.912,9799760.642,145.37161917192373,45594418.0,21205984.0,25684752.0,19909666.0,52257364.0,6.342199802398682,111.3933334350586,55.8472785949707,0.0,0.0,1.0,1.0,PEG,DEU,-0.16583334,0.1560119539499282,0.0134796611964702,0.1223426908254623,0.0022066666278988,,,-0.018896747380495,0.0323764085769653,0.032999999821186,0.1181245446205139,0.0338847897946834,,,,0.062941700220108,0.0378874167799949,0.0455083660781383,0.0354667454957962,0.0622746795415878,0.383709,0.14389,0.4724,2.0,0.239818,-0.056901,0.182598,0.239498,0.116686,0.0868839662480943,0.1185196666666666,0.1979812810856959,0.0239193999999999,0.0348225,0.201111,0.374351,0.200791,0.027267,0.598099,0.598382,0.00032,0.347084,0.173524,-0.094733,-0.1732399999999999,0.244196,-0.346764,0.338929,0.0850076666666666,0.1111706666666666,0.0506601946732672,0.0093784777727165,0.0190371999999999,-0.0219223,-0.0401350999999999,0.0061086999999999,0,0,0,47991382.0,50804746.0,51290514.0,21987462.0,22659478.0,22775558.0,28487489.79,31243515.844,31852580.16,10.5475,10.2408,5.39583,0.573183333333333,1.3906,0.810958333333333,172.63135933064856,185.76897470403316,195.34924406661003,1.290351,1.144031,1.002145,217.0111776603764,211.14943930514036,203.90100613004623,-541387.8914699872,-2280463.931126526,-3661724.063449045,13524.00842097281,14038.770273377344,14279.047520578404,6.073503333333333,9.974316666666667,8.850200000000001,4.584871666666667,-0.05537600758795251,-0.029657170390244646,-0.08821113692072745,-0.07072018023631459,-0.0366671611815396,-0.04994571733733366,-0.021534825968050193,0.029707010965850284,-1990165.2000000007,-1034586.7999999981,12310544.766666666,16204187.964285716,17973798.730769232,7002328.1,8222511.535714285,8980021.653846154,1998899.098266665,5094562.663142856,6142367.516000003,5.464780666666666,5.526515000000001,0.7339715384615388,-2.562223888888888,-1.8694363095238087,-2.637468589743589,-15.075011240023684,-2.075781285684741,8.081756390499208,0.5776401333333333,0.4621287142857142,0.34487676923076926,35.871214075079564,32.153009699832324,26.820313180487318,2115105.3021981553,402888.495580303,-1053630.9934146944,-440.21415906228685,79.87252858097963,344.776681611429,8.027004555555555,7.395951309523809,3.371440128205128,-0.16018924991684075,-0.1506298136841698,-0.1273066767070566,-0.08754035006073624,-0.045428569489210584,-0.13486522441636153,-0.004239807903554393,-3877184.3416666645,-0.08466966666666662,0.11578333333333334,-0.031112999999999946,-0.20045300000000002,0.19968700000000006,-0.18041166666666655,-0.3800986666666667,-0.022553222222222266,0.04753403541569503,0.02472023333333327,0.095742,-0.08390366666666668,-0.011839000000000044,0.17964566666666668,-0.10014766666666663,0.318423,0.41857066666666665,0.0054146666666665955,0.0093784777727165,-0.023546699999999962
2014,Portugal,PRT,182,10538.78766086298,13653.006812250058,97.9661770638199,94.29145787843386,34694151.8834,0.1502890173410404,217.61703643813772,55859.5616715048,13900676.08696,13952588.294594,11024104.216,28959424.418,0.209933333333333,3.75416666666667,176.4741512154753,13.8941,271.39475810358675,1.329407,8269882.5,9714756.274,165.1280784119924,42134900.976,20381802.048,24796616.17,17338284.806,47273392.0,7.076300144195557,104.90010833740234,51.391849517822266,0.0,0.0,1.0,1.0,PEG,DEU,0.0075,-0.2112113386392593,0.0770260691642761,0.3433554768562317,0.0020993333309888,,,0.0425004325807094,0.0345256403088569,0.0331181064248085,-0.2312439531087875,0.0260584894567728,,,,0.0375416651368141,0.0200326219201087,0.092152252793312,0.041665218770504,0.1727274060249328,0.147722,0.124669,0.727609,3.0,0.023053,-0.0192209999999999,-0.235987,-0.216765,0.1239826666666666,0.0884583013873392,0.1957406666666666,0.1775342964312342,0.0235305,-0.0732595,0.383709,0.201111,0.14389,0.200791,0.4724,0.598099,0.239818,0.00032,-0.056901,0.173524,0.182598,-0.1732399999999999,0.239498,-0.346764,0.116686,0.0850076666666666,0.0868839662480943,0.0506601946732672,0.0239193999999999,0.0190371999999999,0.0348225,-0.0401350999999999,0,0,0,45594418.0,47991382.0,50804746.0,21205984.0,21987462.0,22659478.0,28859183.418,28487489.79,31243515.844,6.29417,10.5475,10.2408,0.220666666666667,0.573183333333333,1.3906,169.37879874392524,172.63135933064856,185.76897470403316,1.314298,1.290351,1.144031,217.96480375100435,217.0111776603764,211.14943930514036,540138.4434512188,-541387.8914699872,-2280463.931126526,13472.899062170522,13524.00842097281,14038.770273377344,3.544233333333337,6.073503333333333,9.974316666666667,8.850200000000001,-0.049945717337333606,-0.03554198297193191,0.013047608993982981,-0.01884107614824225,-0.003779157570105404,-0.0758758895441981,-0.03826421266893224,0.025083113620516486,-2840649.907199993,-1990165.2000000007,9144171.71875,12310544.766666666,16204187.964285716,5783204.59375,7002328.1,8222511.535714285,2245661.532625001,1998899.098266665,5094562.663142856,0.869901875,5.464780666666666,5.526515000000001,-2.7546015624999987,-2.562223888888888,-1.8694363095238087,-17.38538362424552,-15.075011240023684,-2.075781285684741,0.565484625,0.5776401333333333,0.4621287142857142,34.582889286015046,35.871214075079564,32.153009699832324,3064437.5557319764,2115105.3021981553,402888.495580303,-463.8101329231813,-440.21415906228685,79.87252858097963,3.624503437499999,8.027004555555555,7.395951309523809,-0.14407967633843247,-0.1464726386869124,-0.017560819011875724,-0.029825222635281493,-0.009511994578495681,-0.1419613808017892,-0.008560861827205741,-4534517.7923076935,0.14850333333333338,0.027203999999999992,-0.17570866666666668,0.12129833333333333,-0.0885793333333333,0.23317299999999996,0.32175133333333333,0.016041222222222262,0.06687107543276641,0.023256699999999967,-0.08466966666666662,0.11578333333333334,-0.031112999999999946,-0.20045300000000002,0.19968700000000006,-0.18041166666666655,-0.3800986666666667,-0.022553222222222266,0.04753403541569503,0.02472023333333327
2015,Portugal,PRT,182,10495.21801665405,13955.367646941671,100.13562128570018,96.6124988697473,36029261.7624,0.1551722208611335,218.72158041925496,86057.94689684898,14366945.494604,14633322.920774,13312004.8,30155099.066,-0.02,2.42333333333333,181.9321146551292,12.4444,272.9714276084999,1.311792,8598071.534,9721973.626,184.14806650133187,40248565.838,19588294.292,23765938.208,16482627.63,46951520.0,7.7991,99.2849349975586,44.350977836201096,0.0,0.0,1.0,1.0,PEG,DEU,-0.20416667,0.1860488057136535,0.0639559775590896,0.0533071979880332,-0.0001999999949475,,,0.0305066928267478,0.033449288457632,0.0324590690433979,0.1429462879896164,0.0377117656171321,,,,0.0242333337664604,0.0431025214493274,0.0596733726561069,0.0800267681479454,0.0265535991638898,0.191509,0.03618,0.772311,1.0,0.155329,-0.088489,0.043787,0.132276,0.15645,0.0395847814317573,0.0877303333333333,0.1322013278538961,-0.0513053999999999,0.0248262,0.147722,0.383709,0.124669,0.14389,0.727609,0.4724,0.023053,0.239818,-0.0192209999999999,-0.056901,-0.235987,0.182598,-0.216765,0.239498,0.1239826666666666,0.116686,0.0884583013873392,0.0868839662480943,0.0235305,0.0239193999999999,-0.0732595,0.0348225,0,0,0,42134900.976,45594418.0,47991382.0,20381802.048,21205984.0,21987462.0,28959424.418,28859183.418,28487489.79,3.75416666666667,6.29417,10.5475,0.209933333333333,0.220666666666667,0.573183333333333,176.4741512154753,169.37879874392524,172.63135933064856,1.329407,1.314298,1.290351,217.61703643813772,217.96480375100435,217.0111776603764,55859.5616715048,540138.4434512188,-541387.8914699872,13653.006812250058,13472.899062170522,13524.00842097281,2.44333333333333,3.544233333333337,6.073503333333333,9.974316666666667,-0.07587588954419808,-0.03886553682205926,0.0034734524032817176,0.04189044038668111,0.013368151074867511,-0.04476894674736409,-0.06039920482316141,0.013675446629534828,-2668796.5509999986,-2840649.907199993,5146762.240705885,9144171.71875,12310544.766666666,4618834.136235295,5783204.59375,7002328.1,2213804.7954117656,2245661.532625001,1998899.098266665,-1.7212721568627414,0.869901875,5.464780666666666,-2.603299509803921,-2.7546015624999987,-2.562223888888888,-9.267361527739837,-17.38538362424552,-15.075011240023684,0.5473298235294117,0.565484625,0.5776401333333333,32.20083436808869,34.582889286015046,35.871214075079564,2399897.641262146,3064437.5557319764,2115105.3021981553,-256.4194338481648,-463.8101329231813,-440.21415906228685,0.8820273529411797,3.624503437499999,8.027004555555555,-0.1610048687741449,-0.14064165261910774,-0.026037424414334754,0.03277037031434696,0.008229813727633215,-0.15463228090256576,-0.01939780469637368,-5061108.371485707,-0.1720016666666667,0.0006863333333333305,0.17131533333333337,-0.17268766666666668,-0.02651766666666657,-0.32050500000000004,-0.29398599999999997,0.019694555555555535,0.0394840884893132,0.016519066666666735,0.14850333333333338,0.027203999999999992,-0.17570866666666668,0.12129833333333333,-0.0885793333333333,0.23317299999999996,0.32175133333333333,0.016041222222222262,0.06687107543276641,0.023256699999999967
2016,Portugal,PRT,182,10462.794095382284,14282.143266913396,102.48062053690116,99.39849949684948,37387848.0836,0.1549326466956417,220.1126496707214,458517.6891102433,14604967.749104,15033962.540898,15433304.842,33097372.898,-0.26369,3.1725,194.84929479564332,11.0662,274.0806280904409,1.315057,8867118.378,10096554.1948,190.1925813490181,38699267.942,18960986.114,23197371.256,15501896.686,46533176.0,7.1276,93.63054656982422,41.13760259435325,0.0,0.0,1.0,1.0,PEG,DEU,-0.21250001,-1.6875230357982218e-05,0.104162722826004,-0.035367265343666,-0.002637,,,0.0711499452590942,0.0330127738416194,0.0308199357241392,-0.0003357099194545,0.0003189417766407,,,,0.031717,0.0003188347036484,0.0410702638328075,0.0875090211629867,-0.0190021321177482,0.056752,0.342995,0.600253,1.0,-0.286243,0.306815,-0.134757,-0.441572,0.1015796666666666,0.0574473586018829,0.1394,0.109256881188326,0.0508825999999999,-0.1445907,0.191509,0.147722,0.03618,0.124669,0.772311,0.727609,0.155329,0.023053,-0.088489,-0.0192209999999999,0.043787,-0.235987,0.132276,-0.216765,0.15645,0.1239826666666666,0.0395847814317573,0.0884583013873392,-0.0513053999999999,0.0235305,0.0248262,-0.0732595,0,0,0,40248565.838,42134900.976,45594418.0,19588294.292,20381802.048,21205984.0,30155099.066,28959424.418,28859183.418,2.42333333333333,3.75416666666667,6.29417,-0.02,0.209933333333333,0.220666666666667,181.9321146551292,176.4741512154753,169.37879874392524,1.311792,1.329407,1.314298,218.72158041925496,217.61703643813772,217.96480375100435,86057.94689684898,55859.5616715048,540138.4434512188,13955.367646941671,13653.006812250058,13472.899062170522,3.43619,2.44333333333333,3.544233333333337,6.073503333333333,-0.044768946747364105,-0.03893216871262202,0.041287928611482186,0.030927835051546504,0.022146098573709236,-0.03849324475897853,-0.05686351787629862,0.016667406689825505,-2257178.5311999996,-2668796.5509999986,2974495.8671111166,5146762.240705885,9144171.71875,3568724.483777778,4618834.136235295,5783204.59375,3286490.288111113,2213804.7954117656,2245661.532625001,-2.9564792592592632,-1.7212721568627414,0.869901875,-2.6886050925925917,-2.603299509803921,-2.7546015624999987,-3.294544669878178,-9.267361527739837,-17.38538362424552,0.4993076111111111,0.5473298235294117,0.565484625,31.516443106534354,32.20083436808869,34.582889286015046,2296768.379750705,2399897.641262146,3064437.5557319764,60.186924946125146,-256.4194338481648,-463.8101329231813,-0.2678741666666711,0.8820273529411797,3.624503437499999,-0.12042705134353772,-0.1324352461203112,0.013308664994708935,0.019880096137191945,0.01652365453661416,-0.1414320763992926,-0.015193481842559649,-4551847.790519999,-0.05267166666666667,-0.12027000000000002,0.17294166666666666,0.06759866666666665,-0.12095633333333336,0.11932999999999996,0.24028633333333338,0.047891222222222266,-0.03574937267114293,-0.07346776666666649,-0.1720016666666667,0.0006863333333333305,0.17131533333333337,-0.17268766666666668,-0.02651766666666657,-0.32050500000000004,-0.29398599999999997,0.019694555555555535,0.0394840884893132,0.016519066666666735
2017,Portugal,PRT,182,10436.449659348977,14819.093863819422,106.33296378032576,101.73455892084542,39283886.5504,0.1678397462255267,223.5378296200869,508112.0604127101,16387224.661624,16783753.197856,17863948.61,35966470.8,-0.32905,3.0525,212.8605741465012,8.867,279.634888189517,1.261434,9145387.394,10104814.0532,167.16584674393405,37654529.24,18688130.112,22993681.544,14660847.696,46894908.0,9.4988,90.12272644042967,37.89855230871926,0.0,0.0,1.0,1.0,PEG,DEU,-0.035,0.0017832271987572,0.1235507950186729,0.122087262570858,-0.003291,,,0.0924240350723266,0.0311267580837011,0.0284932926297187,0.001363011659123,0.0004196435329504,,,,0.030525,0.0004202155105303,0.0845490843057632,0.102773405611515,0.059398129582405,0.198447,0.080033,0.72152,10.0,0.118413,-0.262962,0.141695,0.404656,0.167948,0.157919805398183,-0.0359536666666666,0.2266225889652956,0.0172907,-0.0155491999999999,0.056752,0.191509,0.342995,0.03618,0.600253,0.772311,-0.286243,0.155329,0.306815,-0.088489,-0.134757,0.043787,-0.441572,0.132276,0.1015796666666666,0.15645,0.0574473586018829,0.0395847814317573,0.0508825999999999,-0.0513053999999999,-0.1445907,0.0248262,0,0,0,38699267.942,40248565.838,42134900.976,18960986.114,19588294.292,20381802.048,33097372.898,30155099.066,28959424.418,3.1725,2.42333333333333,3.75416666666667,-0.26369,-0.02,0.209933333333333,194.84929479564332,181.9321146551292,176.4741512154753,1.315057,1.311792,1.329407,220.1126496707214,218.72158041925496,217.61703643813772,458517.6891102433,86057.94689684898,55859.5616715048,14282.143266913396,13955.367646941671,13653.006812250058,3.3815500000000003,3.43619,2.44333333333333,3.544233333333337,-0.038493244758978584,-0.03202464536466539,0.09757135353992004,0.0709999999999997,0.023415765764031107,-0.026996342761981595,-0.05304602701684691,0.020018693167263908,-1499041.3104000024,-2257178.5311999996,1268645.5570526347,2974495.8671111166,5146762.240705885,2753588.701368423,3568724.483777778,4618834.136235295,6055790.947052628,3286490.288111113,2213804.7954117656,-2.051708421052631,-2.9564792592592632,-1.7212721568627414,-2.7907895614035083,-2.6886050925925917,-2.603299509803921,9.796032558524274,-3.294544669878178,-9.267361527739837,0.47629326315789466,0.4993076111111111,0.5473298235294117,31.248752194498962,31.516443106534354,32.20083436808869,2548345.57566143,2296768.379750705,2399897.641262146,383.79481202594616,60.186924946125146,-256.4194338481648,0.7390811403508764,-0.2678741666666711,0.8820273529411797,-0.10746095761384454,-0.11817020909900397,0.06885271964566296,0.05884781130024559,0.01687534091934636,-0.12929505163400012,-0.010948461139088324,-3855739.2838125005,-0.18422799999999998,0.24141533333333332,-0.05718699999999988,-0.425643,0.3616853333333333,-0.13155633333333333,-0.4932416666666667,-0.030793222222222277,-0.01419499108718069,0.052167766666666573,-0.05267166666666667,-0.12027000000000002,0.17294166666666666,0.06759866666666665,-0.12095633333333336,0.11932999999999996,0.24028633333333338,0.047891222222222266,-0.03574937267114293,-0.07346776666666649
2018,Portugal,PRT,182,10420.237698713096,15265.784553742387,109.537971443123,104.56245067544326,41135718.7362,0.175225252807571,226.14717807448864,232055.93756801408,17681385.290195998,17871710.872075997,20327511.5224,39033544.677,-0.3220917,1.839167,234.7214633470787,6.9934,288.68427233502166,1.214814,9604511.2222,10339518.3306,175.09344978165936,37070685.5596,18647893.3746,23119163.2278,13951522.3318,47113472.0,9.106299999999996,86.16610513461396,36.03523813276375,0.0,0.0,1.0,1.0,PEG,DEU,-0.00666667,-0.0006527925143018,0.1317319124937057,0.0174892731010913,-0.003221,,,0.1027004718780517,0.0290314387530088,0.026327583938837,-0.0009878238197416,0.000335362565238,,,,0.018392,0.0003350312763359,0.0693993419408798,0.1135280653834343,0.0071341367438435,0.159801,0.077997,0.762202,10.0,0.081804,-0.002036,-0.038646,-0.036609,0.1530693333333333,0.1659355011633536,-0.004167,0.2449813260148618,-0.0137510999999999,0.0184080999999999,0.198447,0.056752,0.080033,0.342995,0.72152,0.600253,0.118413,-0.286243,-0.262962,0.306815,0.141695,-0.134757,0.404656,-0.441572,0.167948,0.1015796666666666,0.157919805398183,0.0574473586018829,0.0172907,0.0508825999999999,-0.0155491999999999,-0.1445907,0,0,0,37654529.24,38699267.942,40248565.838,18688130.112,18960986.114,19588294.292,35966470.8,33097372.898,30155099.066,3.0525,3.1725,2.42333333333333,-0.32905,-0.26369,-0.02,212.8605741465012,194.84929479564332,181.9321146551292,1.261434,1.315057,1.311792,223.5378296200869,220.1126496707214,218.72158041925496,508112.0604127101,458517.6891102433,86057.94689684898,14819.093863819422,14282.143266913396,13955.367646941671,2.1612587,3.3815500000000003,3.43619,2.44333333333333,-0.026996342761981634,-0.01439039089842141,0.0866865751200867,0.09243697478991643,0.03759593968994475,-0.015505271004152887,-0.03675284475610807,0.009013218472487438,-1057837.9537199992,-1499041.3104000024,160474.57720000297,1268645.5570526347,2974495.8671111166,2343053.2643,2753588.701368423,3568724.483777778,8622099.3017,6055790.947052628,3286490.288111113,-2.0691229999999994,-2.051708421052631,-2.9564792592592632,-2.716610083333333,-2.7907895614035083,-2.6886050925925917,27.317510281455924,9.796032558524274,-3.294544669878178,0.3988556,0.47629326315789466,0.4993076111111111,33.111494534139524,31.248752194498962,31.516443106534354,2470522.6681808257,2548345.57566143,2296768.379750705,901.5556683306768,383.79481202594616,60.186924946125146,0.647487083333333,0.7390811403508764,-0.2678741666666711,-0.09030821574243472,-0.09431646994333874,0.054344113876057885,0.0771875328638336,0.030167339007399666,-0.10581881094915019,-0.02134568799280433,-2870793.869847062,0.06645266666666669,-0.08791500000000001,0.021462333333333472,0.15436666666666668,-0.32933033333333334,0.25068066666666666,0.5800096666666666,0.040610555555555594,0.09608965825785654,0.009588133333333332,-0.18422799999999998,0.24141533333333332,-0.05718699999999988,-0.425643,0.3616853333333333,-0.13155633333333333,-0.4932416666666667,-0.030793222222222277,-0.01419499108718069,0.052167766666666573
2019,Portugal,PRT,182,10422.26419379258,15671.51967650313,112.23768508791684,107.26297231019336,42978248.5572,0.1810622917955493,226.82521497378832,180737.36380269623,18504843.45314,18699159.428748,23119163.2278,41965613.9752,-0.3563333,0.7575,257.3327263188431,6.46,299.08400702714295,1.166078,10011750.3088,10801569.196,178.46003204557587,37258677.531,18607676.6854,23823135.7226,13435541.8084,47583480.0,9.3108,85.98677462298946,34.96800146560066,0.0,0.0,1.0,1.0,PEG,DEU,-0.03083333,0.0021239686757326,0.1267482042312622,0.0584022626280784,-0.003563,,,0.0995873212814331,0.0271608773618936,0.0247009731829166,0.0016368621727451,0.0004863105714321,,,,0.0075749999999999,0.0004871065902989,0.0763184577226638,0.1086546406149864,0.0274196304380893,0.296622,0.110399,0.59298,11.0,0.186223,0.032402,0.136821,0.104419,0.1670083333333333,0.1524123238367991,-0.0286753333333333,0.223809923605575,-0.0699824,0.1380789,0.159801,0.198447,0.077997,0.080033,0.762202,0.72152,0.081804,0.118413,-0.002036,-0.262962,-0.038646,0.141695,-0.036609,0.404656,0.1530693333333333,0.167948,0.1659355011633536,0.157919805398183,-0.0137510999999999,0.0172907,0.0184080999999999,-0.0155491999999999,0,0,0,37070685.5596,37654529.24,38699267.942,18647893.3746,18688130.112,18960986.114,39033544.677,35966470.8,33097372.898,1.839167,3.0525,3.1725,-0.3220917,-0.32905,-0.26369,234.7214633470787,212.8605741465012,194.84929479564332,1.214814,1.261434,1.315057,226.14717807448864,223.5378296200869,220.1126496707214,232055.93756801408,508112.0604127101,458517.6891102433,15265.784553742387,14819.093863819422,14282.143266913396,1.1138333,2.1612587,3.3815500000000003,3.43619,-0.015505271004152886,-0.0021530638516992283,0.08527591973244159,0.10270050848181851,0.030142915216533808,0.005071176013126566,-0.02699828617503767,0.011493987000634975,-490561.49134000205,-1057837.9537199992,-431010.74973333627,160474.57720000297,1268645.5570526347,2191242.561933335,2343053.2643,2753588.701368423,11278597.02147619,8622099.3017,6055790.947052628,-3.183926333333334,-2.0691229999999994,-2.051708421052631,-2.580289398412698,-2.716610083333333,-2.7907895614035083,47.87756565910698,27.317510281455924,9.796032558524274,0.3332424761904762,0.3988556,0.47629326315789466,34.144105153582245,33.111494534139524,31.248752194498962,2076822.60875609,2470522.6681808257,2548345.57566143,1305.3151359521817,901.5556683306768,383.79481202594616,-0.6036369349206354,0.647487083333333,0.7390811403508764,-0.07430173319748423,-0.0773633193994496,0.050216252794609874,0.08359168991254401,0.02120594758361874,-0.09049484126549294,-0.017741462201877622,-2270101.9648422217,0.010898333333333343,-0.07507233333333334,0.06417400000000006,0.085971,0.012842666666666652,-0.05555433333333333,-0.06839566666666666,0.011076777777777769,0.08095151935274586,-0.019373733333333233,0.06645266666666669,-0.08791500000000001,0.021462333333333472,0.15436666666666668,-0.32933033333333334,0.25068066666666666,0.5800096666666666,0.040610555555555594,0.09608965825785654,0.009588133333333332
2020,Portugal,PRT,182,10446.582134746404,14315.341283515145,103.54388633777036,100.82308659303258,40113962.2232,0.1908319932575922,226.54962578246003,-396345.7167606528,15702389.176134,14855088.290376,27849415.7286,46879387.6988,-0.42515,0.4166667,279.0162544523322,6.79,306.53820604713184,1.3518610000000002,9372653.7892,11820218.238,163.37869774264522,39039418.7996,19054009.762,24208482.1748,14830936.624799998,47977132.0,8.6653,81.69478957188973,34.326502438136934,0.0,0.0,1.0,1.0,PEG,DEU,-0.06833334,0.0012909887591376,0.1130529344081878,-0.0019653358031064,-0.004252,,,0.0877134799957275,0.02533945068717,0.023296071216464,0.0009095861460082,0.0003810559865087,,,,0.004167,0.0003814025840256,,,-0.0031086679082363,0.261504,0.037545,0.700951,5.0,0.223959,-0.072854,-0.0351179999999999,0.0377359999999999,0.0894763333333333,0.0181481351475386,0.1288133333333333,0.0529807237618868,-0.0095062,0.0421057,0.296622,0.159801,0.110399,0.077997,0.59298,0.762202,0.186223,0.081804,0.032402,-0.002036,0.136821,-0.038646,0.104419,-0.036609,0.1670083333333333,0.1530693333333333,0.1524123238367991,0.1659355011633536,-0.0699824,-0.0137510999999999,0.1380789,0.0184080999999999,0,0,0,37258677.531,37070685.5596,37654529.24,18607676.6854,18647893.3746,18688130.112,41965613.9752,39033544.677,35966470.8,0.7575,1.839167,3.0525,-0.3563333,-0.3220917,-0.32905,257.3327263188431,234.7214633470787,212.8605741465012,1.166078,1.214814,1.261434,226.82521497378832,226.14717807448864,223.5378296200869,180737.36380269623,232055.93756801408,508112.0604127101,15671.51967650313,15265.784553742387,14819.093863819422,0.8418167,1.1138333,2.1612587,3.3815500000000003,0.005071176013126546,-0.002156634446160953,0.07511665472512619,0.09633231937690112,0.026578072114955782,0.0477940009308806,-0.012476812584335972,0.016246849245265555,434266.0650200024,-490561.49134000205,-223427.38061817735,-431010.74973333627,160474.57720000297,2051423.9381000027,2191242.561933335,2343053.2643,13698002.8187,11278597.02147619,8622099.3017,-4.120869409090909,-3.183926333333334,-2.0691229999999994,-2.4972451166666665,-2.580289398412698,-2.716610083333333,68.3125756463665,47.87756565910698,27.317510281455924,0.2693590909090908,0.3332424761904762,0.3988556,33.270137273173646,34.144105153582245,33.111494534139524,1931103.0073200408,2076822.60875609,2470522.6681808257,1651.7177525332809,1305.3151359521817,901.5556683306768,-1.6236242924242426,-0.6036369349206354,0.647487083333333,-0.05018710840889603,-0.07368292240346136,0.03766573765421782,0.07324294414512451,0.016631297454249346,-0.07144862561151658,-0.012101526847153158,-1583346.4516810551,0.15828866666666666,-0.056609333333333345,-0.10167833333333343,0.21489833333333333,0.018462999999999993,0.14739033333333335,0.12892733333333334,0.026142666666666647,0.025311435448992586,-0.08812313333333333,0.010898333333333343,-0.07507233333333334,0.06417400000000006,0.085971,0.012842666666666652,-0.05555433333333333,-0.06839566666666666,0.011076777777777769,0.08095151935274586,-0.019373733333333233
2003,Sweden,SWE,144,8970.0,22049.978205881405,94.13492907498356,94.19,2703550.0,0.2164560609361539,133.8274044795784,164230.08479999998,680696.0,825540.0,98425.6597,1307592.692,3.03283333333333,4.63833333333333,161.1089418196017,5.5547,172.7422033731387,0.492731,818550.0,868048.0,7.1892,2172472.0,1304316.0,1149950.0,1022522.0,3208438.0,5.253012180328369,100.1846694946289,56.874267578125,0.0,0.0,1.0,1.0,PEG,DEU,-0.83999997,0.3549365699291229,0.1598141193389892,0.0393537208437919,0.0303283333778381,,,0.0985128954052925,0.061301227658987,0.0558038316667079,0.2981881499290466,0.0437135621905326,,,,0.0463833324611187,0.0567484274506568,0.2023099958896637,0.2424900233745575,0.034841027110815,0.165204,0.260082,0.574714,19.0,-0.094879,0.0126629999999999,-0.004837,-0.017501,0.253247,0.0782140191334008,-0.0819176666666666,0.1103995244570072,0.0159122999999999,-0.0245924,0.170041,0.139695,0.247419,0.334212,0.58254,0.526093,-0.077378,-0.194517,-0.086793,0.156102,0.0303459999999999,-0.0645569999999999,0.117139,-0.220659,0.240735,0.199733,0.0824975334722196,0.0187377474366584,0.026871,0.0337244999999999,-0.0297528,-0.0261024999999999,0,0,0,2105135.0,2028192.0,1857178.0,1277542.0,1206262.0,1138934.0,1262171.484,1164591.601,1164008.174,5.30333333333333,5.1075,5.342916666666667,4.066575,3.99564166666667,3.95460833333333,146.66146036704413,137.40726278797345,127.52830925419758,0.498057,0.5189710000000001,0.503479,131.29117259552044,128.52437417654812,125.46113306982876,112818.8,71429.58,63093.095,21585.525419413058,21096.05343224548,20871.246597494053,1.6055000000000001,1.2367583333333299,1.11185833333333,1.3883083333333373,0.037936743661349616,0.059091640124616374,0.0837889290256009,0.06734867860187554,0.023202064250530164,0.031987022209976956,0.0646434997239862,0.027080418008657958,102282.50000000001,124957.69999999984,334285.6000000001,321678.25,200885.66666666674,164701.6000000001,116777.0,65932.0,234036.86279999977,170571.22475000005,226650.397,-0.10611666666667041,-0.377437500000001,-0.1893611111111113,0.20367166666666625,0.16592291666667025,0.16651944444444045,31.081608746583385,27.28426395939087,23.207080567486656,-0.10590477902868661,-0.10623847378585816,-0.16230729838114433,6.146245059288532,4.224308300395265,1.548089591567873,56568.546800000004,18974.158500000005,14183.564666666665,1687.2066882557556,1497.1683763602232,1696.4820554783946,-0.3097883333333369,-0.5433604166666708,-0.35588055555555154,-0.027622930921419535,0.023190988128838214,-0.005567138224877144,-0.03327412061848409,-0.012023065636435171,0.0042068232749905635,0.015841523509258257,15246.499999999898,0.002682333333333342,0.0066839999999999955,-0.009366333333333365,-0.004001333333333343,-0.12779500000000002,0.0270019999999999,0.154797,0.0374506111111112,0.0702808694803965,0.012906149999999998,-0.024319666666666656,0.134479,-0.11015966666666666,-0.15879833333333332,0.16239366666666663,-0.07815799999999987,-0.24055166666666666,-0.00532708333333326,0.00978162516725295,0.0395192999999998
2004,Sweden,SWE,144,8986.0,22942.61216950058,97.64868187873572,95.94,2830190.0,0.2188203352844363,134.32147562582347,168391.05345,740295.0,899396.0,98198.0,1360278.618,2.10916666666667,4.425,180.0468566966029,6.6931,179.30699940758285,0.484527,863225.0,882535.0,6.6146,2313773.0,1442715.0,1282334.0,1031439.0,3290438.0,6.544054985046387,100.96507263183594,61.5709114074707,0.0,0.0,1.0,1.0,PEG,DEU,-0.23596126,0.2135151624679565,0.173445850610733,0.1224181428551673,0.021091666072607,,,0.1175477504730224,0.0558980926871299,0.0500185266137123,0.1763403266668319,0.0316021144390106,,,,0.0442500002682209,0.0371748432517051,0.1697038412094116,0.1907750368118286,0.071754902601242,0.17437,0.26786,0.557769,17.0,-0.09349,0.007778,0.009166,0.001389,0.2805709999999999,0.0468839583759733,-0.1222579999999999,0.0631869730324218,-0.0186393,0.0285579999999999,0.165204,0.170041,0.260082,0.247419,0.574714,0.58254,-0.094879,-0.077378,0.0126629999999999,-0.086793,-0.004837,0.0303459999999999,-0.017501,0.117139,0.253247,0.240735,0.0782140191334008,0.0824975334722196,0.0159122999999999,0.026871,-0.0245924,-0.0297528,0,0,0,2172472.0,2105135.0,2028192.0,1304316.0,1277542.0,1206262.0,1307592.692,1262171.484,1164591.601,4.63833333333333,5.30333333333333,5.1075,3.03283333333333,4.066575,3.99564166666667,161.1089418196017,146.66146036704413,137.40726278797345,0.492731,0.498057,0.5189710000000001,133.8274044795784,131.29117259552044,128.52437417654812,164230.08479999998,112818.8,71429.58,22049.978205881405,21585.525419413058,21096.05343224548,2.31583333333333,1.6055000000000001,1.2367583333333299,1.11185833333333,0.03198702220997703,0.02095743231925056,0.03598655854278522,0.0985090521831735,0.0215168626866335,0.06504157475907624,0.054002161640470746,0.03311263257138378,92408.00000000026,102282.50000000001,345908.33333333326,334285.6000000001,321678.25,164025.33333333326,164701.6000000001,116777.0,240451.92700000014,234036.86279999977,170571.22475000005,-0.7534305555555587,-0.10611666666667041,-0.377437500000001,-0.8640152777777819,0.20367166666666625,0.16592291666667025,40.3488220747104,31.081608746583385,27.28426395939087,-0.09357998252390559,-0.10590477902868661,-0.10623847378585816,7.658102766798407,6.146245059288532,4.224308300395265,98551.74046666666,56568.546800000004,18974.158500000005,1870.4583600148108,1687.2066882557556,1497.1683763602232,0.11058472222222293,-0.3097883333333369,-0.5433604166666708,-0.028048066188508212,-0.01958141730229524,-0.05225608106271738,0.004541077086510692,-0.0113036540730448,-0.007486220627272527,0.01791335719466951,-12510.866666666567,-0.006125333333333344,0.00683499999999998,-0.0007096666666667195,-0.012961333333333339,0.00015099999999986825,-0.008807666666666665,-0.008959999999999997,0.037749444444444474,0.04185009916258913,-0.002354600000000099,0.002682333333333342,0.0066839999999999955,-0.009366333333333365,-0.004001333333333343,-0.12779500000000002,0.0270019999999999,0.154797,0.0374506111111112,0.0702808694803965,0.012906149999999998
2005,Sweden,SWE,144,9002.0,23627.367728791112,100.0,97.81,2931090.0,0.2241156431833263,134.9472990777339,175894.796,829472.0,978714.0,100374.39838596,1533038.147,1.71666666666667,3.38333333333333,201.2104646622413,7.4857,185.32605931292773,0.486885,944601.0,930881.0,7.9584,2601957.0,1600756.0,1458547.0,1143411.0,3569499.0,5.553910255432129,105.42645263671876,62.75723648071289,0.0,0.0,1.0,1.0,PEG,DEU,0.03646125,0.3700100779533386,0.1677394807338714,0.1045630425214767,0.0171666666865348,,,0.117541529238224,0.050197958946228,0.044918205589056,0.3261678516864776,0.0330593213438987,,,,0.0338333323597908,0.0438422076404094,0.2303218990564346,0.2618007063865661,0.0608648546040058,0.196367,0.312339,0.491293,19.0,-0.115972,0.0444789999999999,0.021997,-0.022482,0.2584536666666666,0.0103173263170907,-0.0885823333333333,0.0097280596386604,0.0202537999999999,-0.0114393,0.17437,0.165204,0.26786,0.260082,0.557769,0.574714,-0.09349,-0.094879,0.007778,0.0126629999999999,0.009166,-0.004837,0.001389,-0.017501,0.2805709999999999,0.253247,0.0468839583759733,0.0782140191334008,-0.0186393,0.0159122999999999,0.0285579999999999,-0.0245924,0,0,1,2313773.0,2172472.0,2105135.0,1442715.0,1304316.0,1277542.0,1360278.618,1307592.692,1262171.484,4.425,4.63833333333333,5.30333333333333,2.10916666666667,3.03283333333333,4.066575,180.0468566966029,161.1089418196017,146.66146036704413,0.484527,0.492731,0.498057,134.32147562582347,133.8274044795784,131.29117259552044,168391.05345,164230.08479999998,112818.8,22942.61216950058,22049.978205881405,21585.525419413058,1.6666666666666603,2.31583333333333,1.6055000000000001,1.2367583333333299,0.06504157475907629,0.10610848904713276,0.0402923068646211,0.11754726126999528,0.04048230593629704,0.12455154416617353,0.044988446876800925,0.017619470756364865,163176.7,92408.00000000026,437793.85714285704,345908.33333333326,334285.6000000001,278992.14285714296,164025.33333333326,164701.6000000001,258787.5777142858,240451.92700000014,234036.86279999977,-0.8591309523809514,-0.7534305555555587,-0.10611666666667041,-1.664251190476187,-0.8640152777777819,0.20367166666666625,53.52261951246723,40.3488220747104,31.081608746583385,-0.08841541359191901,-0.09357998252390559,-0.10590477902868661,7.058159232072271,7.658102766798407,6.146245059288532,88633.88905000001,98551.74046666666,56568.546800000004,2495.883986489014,1870.4583600148108,1687.2066882557556,0.8051202380952349,0.11058472222222293,-0.3097883333333369,0.00968116405867575,0.06883320897596949,-0.03924098589709528,0.02282243999224734,0.009545731522126209,-0.015002691265487846,-0.001162476059283303,-19257.649999999674,0.016056666666666664,-0.012710999999999972,-0.00334666666666672,0.028767999999999988,-0.01954599999999996,0.022182,0.041729333333333334,0.04933266666666658,-0.012932474971452959,-0.04414189999999993,-0.006125333333333344,0.00683499999999998,-0.0007096666666667195,-0.012961333333333339,0.00015099999999986825,-0.008807666666666665,-0.008959999999999997,0.037749444444444474,0.04185009916258913,-0.002354600000000099
2006,Sweden,SWE,144,9017.0,24602.147150810728,104.07571488014024,100.0,3121670.0,0.2322937608996216,136.79183135704878,254093.65119,942240.0,1081898.0,100762.9784176,1762550.215,2.33166666666667,3.705,223.037875829754,7.0658,191.874879199271,0.4359599999999999,996777.0,965070.0,6.8644,2875437.0,1760051.0,1648573.0,1226864.0,3805390.0,5.818007946014404,108.5402603149414,62.14469909667969,0.0,0.0,1.0,1.0,PEG,DEU,0.65260124,0.2579578757286072,0.1549717932939529,-0.0087977303192019,0.023316666483879,,,0.1084836721420288,0.0464881174266338,0.0419384762644767,0.2362417876720428,0.0175662208348512,,,,0.0370500013232231,0.0217160955071449,0.1788110584020614,0.2047365307807922,0.0072594680823385,0.152889,0.198596,0.648514,24.0,-0.045707,-0.1137429999999999,-0.043478,0.070265,0.2800936666666666,0.0281947772173027,-0.101447,0.0125981764156563,-0.0139978999999999,0.0125033999999999,0.196367,0.17437,0.312339,0.26786,0.491293,0.557769,-0.115972,-0.09349,0.0444789999999999,0.007778,0.021997,0.009166,-0.022482,0.001389,0.2584536666666666,0.2805709999999999,0.0103173263170907,0.0468839583759733,0.0202537999999999,-0.0186393,-0.0114393,0.0285579999999999,0,1,1,2601957.0,2313773.0,2172472.0,1600756.0,1442715.0,1304316.0,1533038.147,1360278.618,1307592.692,3.38333333333333,4.425,4.63833333333333,1.71666666666667,2.10916666666667,3.03283333333333,201.2104646622413,180.0468566966029,161.1089418196017,0.486885,0.484527,0.492731,134.9472990777339,134.32147562582347,133.8274044795784,175894.796,168391.05345,164230.08479999998,23627.367728791112,22942.61216950058,22049.978205881405,1.37333333333333,1.6666666666666603,2.31583333333333,1.6055000000000001,0.1245515441661736,0.10954415806309631,0.12700304681257593,0.1175450010843633,0.0298464514080412,0.1051055032807997,0.07386004704507558,0.04690812052661035,239707.89999999988,163176.7,671253.625,437793.85714285704,345908.33333333326,402159.125,278992.14285714296,164025.33333333326,399198.65950000007,258787.5777142858,240451.92700000014,-1.793406250000003,-0.8591309523809514,-0.7534305555555587,-1.8487197916666638,-1.664251190476187,-0.8640152777777819,67.99590003904723,53.52261951246723,40.3488220747104,-0.07500548689292907,-0.08841541359191901,-0.09357998252390559,6.801712779973656,7.058159232072271,7.658102766798407,85058.39546875001,88633.88905000001,98551.74046666666,2868.654047468419,2495.883986489014,1870.4583600148108,0.05531354166666125,0.8051202380952349,0.11058472222222293,0.06780811002881938,0.0624355624239374,0.05307560917901602,0.01955983123629433,-0.002453798937861948,0.016369357447034785,0.02831991972084273,55362.580000000016,0.02649533333333337,0.05388533333333334,-0.0803813333333333,-0.027389666666666673,0.06659633333333327,0.010438666666666698,-0.05615766666666666,0.00026933333333328813,-0.05888117734344052,0.012205799999999932,0.016056666666666664,-0.012710999999999972,-0.00334666666666672,0.028767999999999988,-0.01954599999999996,0.022182,0.041729333333333334,0.04933266666666658,-0.012932474971452959,-0.04414189999999993
2007,Sweden,SWE,144,9031.0,25376.74189937206,106.859743035277,101.52,3320280.0,0.2416647039796065,139.7891963109355,269600.02381,1039106.0,1144032.0,100459.0,2089485.0,3.5525,4.1675,244.27957828973055,6.1609,201.22352862498823,0.388967,1067443.0,994467.0,6.4136,3316756.0,1919099.0,1837315.0,1479441.0,4528937.0,5.322679584829939,132.1282196044922,64.78170521516974,0.0,0.0,1.0,1.0,PEG,DEU,0.89542246,-0.0282238442450761,0.1388603001832962,-0.0108160637319087,0.0355250015854835,,,0.0952393785119056,0.0436209216713905,0.0398277528584003,-0.0604320764541626,0.0342798344790935,,,,0.0416750013828277,0.0322082340717315,0.0591130033135414,0.065633088350296,0.0123544689267873,0.116647,0.17067,0.712683,12.0,-0.054024,-0.027926,-0.0362419999999999,-0.008317,0.2595983333333333,0.057319794698981,-0.0850563333333333,0.0358836676822943,-0.0405312999999999,0.0188662999999999,0.152889,0.196367,0.198596,0.312339,0.648514,0.491293,-0.045707,-0.115972,-0.1137429999999999,0.0444789999999999,-0.043478,0.021997,0.070265,-0.022482,0.2800936666666666,0.2584536666666666,0.0281947772173027,0.0103173263170907,-0.0139978999999999,0.0202537999999999,0.0125033999999999,-0.0114393,1,1,1,2875437.0,2601957.0,2313773.0,1760051.0,1600756.0,1442715.0,1762550.215,1533038.147,1360278.618,3.705,3.38333333333333,4.425,2.33166666666667,1.71666666666667,2.10916666666667,223.037875829754,201.2104646622413,180.0468566966029,0.4359599999999999,0.486885,0.484527,136.79183135704878,134.9472990777339,134.32147562582347,254093.65119,175894.796,168391.05345,24602.147150810728,23627.367728791112,22942.61216950058,0.6150000000000002,1.37333333333333,1.6666666666666603,2.31583333333333,0.1051055032807998,0.0995123554120678,0.14971060468986488,0.10848049679798186,0.04125636986771907,0.15347893207189034,0.09823287406868315,0.030344421051057186,328242.9000000002,239707.89999999988,870149.888888889,671253.625,437793.85714285704,516769.77777777775,402159.125,278992.14285714296,584355.320888889,399198.65950000007,258787.5777142858,-1.2724722222222216,-1.793406250000003,-0.8591309523809514,-1.0283064814814784,-1.8487197916666638,-1.664251190476187,82.26821120222135,67.99590003904723,53.52261951246723,-0.11759654390482599,-0.07500548689292907,-0.08841541359191901,7.890499194847024,6.801712779973656,7.058159232072271,153806.3178288889,85058.39546875001,88633.88905000001,3524.6941308804307,2868.654047468419,2495.883986489014,-0.2441657407407427,0.05531354166666125,0.8051202380952349,0.03988605538984316,0.04459931446991671,0.06914871590892797,0.00805034804537609,0.009262844389048668,0.038403704835351674,0.007710517428026323,122666.6833333332,-0.025758000000000003,-0.08149766666666663,0.10725533333333337,0.05574000000000001,-0.13538299999999984,-0.05225333333333333,0.08312966666666666,0.01600311111111108,-0.016943657391518888,-0.0198401666666665,0.02649533333333337,0.05388533333333334,-0.0803813333333333,-0.027389666666666673,0.06659633333333327,0.010438666666666698,-0.05615766666666666,0.00026933333333328813,-0.05888117734344052,0.012205799999999932
2008,Sweden,SWE,144,9045.0,25181.203906078124,105.55277402544247,99.7,3412250.0,0.2454636276970083,144.59815546772074,261498.6051,1092659.0,1193144.0,99409.0,2164492.461,3.905,3.88833333333333,252.2061694650527,6.2348,211.17233456726248,0.374978,1066215.0,1028782.0,7.8106,3679231.0,2100849.0,2044693.0,1634538.0,5366457.0,4.608006652298373,135.64776611328125,68.91967782729834,1.0,1.0,1.0,1.0,PEG,DEU,-0.035735,-0.3926890194416046,0.0749971270561218,0.2494593858718872,0.0390500016510486,,,0.0324463732540607,0.0425507575273513,0.0412135273218154,-0.4195657074451446,0.0463044270873069,,,,0.0388833321630954,0.0268766768276691,-0.0349730961024761,-0.0647538304328918,0.1442546993494033,0.106978,0.256063,0.636958,19.0,-0.149085,0.085393,-0.0096689999999999,-0.0950609999999999,0.2272016666666666,0.0750415852333446,-0.071901,0.0383924849807876,-0.0196754,-0.0107655999999999,0.116647,0.152889,0.17067,0.198596,0.712683,0.648514,-0.054024,-0.045707,-0.027926,-0.1137429999999999,-0.0362419999999999,-0.043478,-0.008317,0.070265,0.2595983333333333,0.2800936666666666,0.057319794698981,0.0281947772173027,-0.0405312999999999,-0.0139978999999999,0.0188662999999999,0.0125033999999999,0,0,0,3316756.0,2875437.0,2601957.0,1919099.0,1760051.0,1600756.0,2089485.0,1762550.215,1533038.147,4.1675,3.705,3.38333333333333,3.5525,2.33166666666667,1.71666666666667,244.27957828973055,223.037875829754,201.2104646622413,0.388967,0.4359599999999999,0.486885,139.7891963109355,136.79183135704878,134.9472990777339,269600.02381,254093.65119,175894.796,25376.74189937206,24602.147150810728,23627.367728791112,-0.016666666666669716,0.6150000000000002,1.37333333333333,1.6666666666666603,0.15347893207189028,0.09036556327060977,0.1854896287309465,0.09523809523809515,0.03148484332741692,0.10928600114087383,0.12771199317295454,0.024341086288311505,367314.1,328242.9000000002,1224453.9,870149.888888889,671253.625,624140.8,516769.77777777775,402159.125,852854.5737999999,584355.320888889,399198.65950000007,-0.6827249999999987,-1.2724722222222216,-1.793406250000003,0.2953574999999997,-1.0283064814814784,-1.8487197916666638,95.28309254197578,82.26821120222135,67.99590003904723,-0.15282988951434334,-0.11759654390482599,-0.07500548689292907,10.098814229249058,7.890499194847024,6.801712779973656,153932.058666,153806.3178288889,85058.39546875001,3946.8194663537215,3524.6941308804307,2868.654047468419,-0.9780824999999982,-0.2441657407407427,0.05531354166666125,0.08382770024872885,0.03049704294291239,0.09724454929346203,-0.006086536630663525,-0.001537887083370007,0.0630823608352041,0.0007433679867773491,193677.87142857164,-0.057894999999999974,-0.08892833333333333,0.14682433333333333,0.031032333333333342,-0.007430666666666662,-0.0321369999999999,-0.024707666666666663,-0.013441111111111015,0.028854440728858767,-0.0364034999999999,-0.025758000000000003,-0.08149766666666663,0.10725533333333337,0.05574000000000001,-0.13538299999999984,-0.05225333333333333,0.08312966666666666,0.01600311111111108,-0.016943657391518888,-0.0198401666666665
2009,Sweden,SWE,144,9128.062337942954,23877.51513579443,100.11547331539192,98.49,3341170.0,0.2249378735034794,144.2028985507247,194195.61091,908364.0,990546.0,100072.0,2135789.558,0.399166666666667,3.25,256.2280359234674,8.3509,216.39714021750265,0.407324,1037792.0,1063036.0,7.1165,3762425.0,2328667.0,2237113.0,1525311.0,5288998.0,6.095112465607982,123.31101989746094,64.97537064617852,0.0,0.0,0.0,0.0,FLOAT,DEU,0.0,0.5224274396896362,0.0549492686986923,-0.0510681755840778,0.0039916667155921,,,0.0159472804516553,0.0390019863843917,0.0383897721767425,0.4665556848049164,0.0380972698330879,,,,0.0324999988079071,0.0558717660605907,0.1976020187139511,0.2297172397375106,-0.0235382542014122,0.105263,0.311926,0.582811,13.0,-0.206662,0.0558629999999999,-0.001715,-0.057577,0.208443,0.043539794085411,-0.0829386666666666,0.0574351476217597,0.0425382999999999,-0.0577926,0.106978,0.116647,0.256063,0.17067,0.636958,0.712683,-0.149085,-0.054024,0.085393,-0.027926,-0.0096689999999999,-0.0362419999999999,-0.0950609999999999,-0.008317,0.2272016666666666,0.2595983333333333,0.0750415852333446,0.057319794698981,-0.0196754,-0.0405312999999999,-0.0107655999999999,0.0188662999999999,0,0,0,3679231.0,3316756.0,2875437.0,2100849.0,1919099.0,1760051.0,2164492.461,2089485.0,1762550.215,3.88833333333333,4.1675,3.705,3.905,3.5525,2.33166666666667,252.2061694650527,244.27957828973055,223.037875829754,0.374978,0.388967,0.4359599999999999,144.59815546772074,139.7891963109355,136.79183135704878,261498.6051,269600.02381,254093.65119,25181.203906078124,25376.74189937206,24602.147150810728,2.850833333333333,-0.016666666666669716,0.6150000000000002,1.37333333333333,0.10928600114087379,0.09470590105044085,0.03589758289722115,0.032448849104859415,-0.007705401823028132,0.02261179034423222,0.12262347883118796,0.026803234629544235,302343.89999999997,367314.1,1475614.9090909092,1224453.9,870149.888888889,749150.7272727273,624140.8,516769.77777777775,850329.8008181818,852854.5737999999,584355.320888889,-0.8998257575757602,-0.6827249999999987,-1.2724722222222216,0.6210068181818174,0.2953574999999997,-1.0283064814814784,94.54758439530013,95.28309254197578,82.26821120222135,-0.1529252631948575,-0.15282988951434334,-0.11759654390482599,13.989699365193474,10.098814229249058,7.890499194847024,131836.8164409091,153932.058666,153806.3178288889,3392.4797033912655,3946.8194663537215,3524.6941308804307,-1.5208325757575774,-0.9780824999999982,-0.2441657407407427,0.031251999292839464,0.03178767642845223,-0.062071951469609525,-0.0682671291008329,-0.040574343525478056,0.050984695289525955,0.003122919885034818,208539.33749999997,-0.04832299999999999,0.028861333333333322,0.01946133333333333,-0.07718399999999999,0.11778966666666668,0.009572000000000067,-0.10821633333333322,-0.03884688888888885,0.04309761915555314,-0.008250266666666698,-0.057894999999999974,-0.08892833333333333,0.14682433333333333,0.031032333333333342,-0.007430666666666662,-0.0321369999999999,-0.024707666666666663,-0.013441111111111015,0.028854440728858767,-0.0364034999999999
2010,Sweden,SWE,144,9201.352636127916,25306.3711282491,105.17398639316536,101.45300556472486,3573580.0,0.2249040948001458,146.04743083003962,205685.60688,1074618.0,1131076.0,96394.0,2188006.0,0.504166666666667,2.89333333333333,277.5478328777821,8.6097,221.7754972591632,0.381025,1109500.0,1124587.0,6.7097,3959681.0,2500433.0,2413783.0,1545898.0,5225584.0,6.204500507298352,117.42555236816406,63.39340329377949,0.0,0.0,0.0,0.0,FLOAT,DEU,0.0,0.2648396790027618,0.1215387284755706,0.0312833823263645,0.0050416667945683,,,0.0832071453332901,0.0383315794169902,0.0353871174156665,0.2305175364017486,0.0278924591839313,,,,0.0289333332329988,0.0343221612274646,0.1619352400302887,0.1798828989267349,0.0181625243276357,0.10715,0.294184,0.598665,17.0,-0.187034,-0.0177419999999999,0.0018869999999999,0.019628,0.2462196666666666,0.071140584706153,-0.1365903333333333,0.0770822760583348,0.0426405,-0.0456607,0.105263,0.106978,0.311926,0.256063,0.582811,0.636958,-0.206662,-0.149085,0.0558629999999999,0.085393,-0.001715,-0.0096689999999999,-0.057577,-0.0950609999999999,0.208443,0.2272016666666666,0.043539794085411,0.0750415852333446,0.0425382999999999,-0.0196754,-0.0577926,-0.0107655999999999,0,0,0,3762425.0,3679231.0,3316756.0,2328667.0,2100849.0,1919099.0,2135789.558,2164492.461,2089485.0,3.25,3.88833333333333,4.1675,0.399166666666667,3.905,3.5525,256.2280359234674,252.2061694650527,244.27957828973055,0.407324,0.374978,0.388967,144.2028985507247,144.59815546772074,139.7891963109355,194195.61091,261498.6051,269600.02381,23877.51513579443,25181.203906078124,25376.74189937206,2.389166666666663,2.850833333333333,-0.016666666666669716,0.6150000000000002,0.02261179034423226,0.10844092078964267,-0.013260800634407906,0.015946740981576193,-0.05177229711280863,0.05242788892801853,0.09512557451899879,0.06657282071218606,201196.90000000029,302343.89999999997,1435841.0,1475614.9090909092,1224453.9,914539.5,749150.7272727273,624140.8,750766.0810833334,850329.8008181818,852854.5737999999,-1.4631736111111104,-0.8998257575757602,-0.6827249999999987,-2.936577083333334,0.6210068181818174,0.2953574999999997,90.69048548743982,94.54758439530013,95.28309254197578,-0.10783549126195269,-0.1529252631948575,-0.15282988951434334,12.428634167764642,13.989699365193474,10.098814229249058,53547.42088083332,131836.8164409091,153932.058666,1806.0842911583022,3392.4797033912655,3946.8194663537215,1.4734034722222236,-1.5208325757575774,-0.9780824999999982,-0.05826330234860565,0.04263290740143112,-0.10558743032218317,-0.07856313457858585,-0.08095266213112419,0.01838832144838419,0.042580213979173165,120398.09999999995,-0.020241666666666686,0.10348299999999996,-0.08324066666666674,-0.12372333333333335,0.07462166666666654,0.028081333333333267,-0.04653933333333337,-0.04718822222222219,-0.009978924964465098,0.0672731666666665,-0.04832299999999999,0.028861333333333322,0.01946133333333333,-0.07718399999999999,0.11778966666666668,0.009572000000000067,-0.10821633333333322,-0.03884688888888885,0.04309761915555314,-0.008250266666666698
2011,Sweden,SWE,144,9266.82530250648,25800.011929043547,107.71813304786382,102.69389788273097,3727910.0,0.2289398469113349,149.86824769433474,198867.85576,1146128.0,1221654.0,92246.0,2339371.0,1.65416666666667,2.60583333333333,282.2335025380711,7.8041,228.2407979603754,0.371731,1127172.0,1145633.0,6.8877,4180708.0,2616193.0,2538907.0,1641801.0,5365574.0,6.079333037355456,106.71373748779295,60.71911153332184,0.0,0.0,0.0,0.0,FLOAT,DEU,0.0,-0.1371071338653564,0.0535274073481559,0.2058551162481308,0.0165416672825813,,,0.0168799627572298,0.036647442728281,0.0360391028225421,-0.1668746918439865,0.035729993134737,,,,0.0260583329945802,0.0297675617039203,-0.0001635918451938,-0.0154036181047558,0.1111983954906463,0.136221,0.259679,0.6041,15.0,-0.123459,-0.034505,0.029071,0.063575,0.287391,0.0285443046683572,-0.1809269999999999,0.0292702804735451,-0.0006893999999999,0.0096506,0.10715,0.105263,0.294184,0.311926,0.598665,0.582811,-0.187034,-0.206662,-0.0177419999999999,0.0558629999999999,0.0018869999999999,-0.001715,0.019628,-0.057577,0.2462196666666666,0.208443,0.071140584706153,0.043539794085411,0.0426405,0.0425382999999999,-0.0456607,-0.0577926,0,0,0,3959681.0,3762425.0,3679231.0,2500433.0,2328667.0,2100849.0,2188006.0,2135789.558,2164492.461,2.89333333333333,3.25,3.88833333333333,0.504166666666667,0.399166666666667,3.905,277.5478328777821,256.2280359234674,252.2061694650527,0.381025,0.407324,0.374978,146.04743083003962,144.2028985507247,144.59815546772074,205685.60688,194195.61091,261498.6051,25306.3711282491,23877.51513579443,25181.203906078124,0.95166666666666,2.389166666666663,2.850833333333333,-0.016666666666669716,0.0524278889280185,0.07376151248761631,0.024448308497629523,0.08320633953063086,0.059841067394516737,0.05581939555231852,0.06144189347104153,0.04403457633191669,170168.70000000007,201196.90000000029,1522647.6923076925,1435841.0,1475614.9090909092,1015956.3076923077,914539.5,749150.7272727273,745231.2860769231,750766.0810833334,850329.8008181818,-1.7072884615384636,-1.4631736111111104,-0.8998257575757602,-2.605686538461539,-2.936577083333334,0.6210068181818174,105.03409125041298,90.69048548743982,94.54758439530013,-0.1258394534725718,-0.10783549126195269,-0.1529252631948575,13.317117664943822,12.428634167764642,13.989699365193474,60918.384475384635,53547.42088083332,131836.8164409091,3096.010722754636,1806.0842911583022,3392.4797033912655,0.8983980769230748,1.4734034722222236,-1.5208325757575774,-0.023591928569102277,0.004400756815952159,-0.05907936866329715,-0.004756608147982372,0.03740675755379487,-0.016967025185789818,0.016171041055342592,7211.29000000027,-0.0024793333333333473,0.04796433333333336,-0.045485666666666646,-0.050443666666666664,-0.05551866666666652,0.017762333333333165,0.07327966666666663,0.014471999999999985,0.012506860033574145,0.04852996666666667,-0.020241666666666686,0.10348299999999996,-0.08324066666666674,-0.12372333333333335,0.07462166666666654,0.028081333333333267,-0.04653933333333337,-0.04718822222222219,-0.009978924964465098,0.0672731666666665
2012,Sweden,SWE,144,9338.161192739844,25452.197907316782,106.29517400581682,102.68256279559073,3743090.0,0.2272352278307257,151.18577075098824,201744.35499,1114285.0,1172866.0,88002.0,2412372.0,1.253333,1.5925,279.8516204607575,7.9757,234.4816451038398,0.3751489999999999,1117224.0,1160612.0,6.5045,4369019.0,2728804.0,2696743.0,1672861.0,5378459.0,6.486883328752695,108.0802001953125,59.18737744876316,0.0,0.0,0.0,0.0,FLOAT,DEU,0.0,0.1656411290168762,0.0281945802271366,0.024127259850502,0.0125333331525325,,,-0.0084362924098968,0.0366308726370334,0.0369425304234027,0.1201797798275947,0.0405839718878269,,,,0.0159249994903802,0.0454613454639911,0.0720853954553604,0.0792819485068321,0.0183302965015172,0.149453,0.301698,0.548849,10.0,-0.152244,0.042019,0.0132319999999999,-0.0287849999999999,0.2885963333333333,0.0265679085803405,-0.172385,0.0434928695650218,-0.0065188999999999,0.0226828999999999,0.136221,0.10715,0.259679,0.294184,0.6041,0.598665,-0.123459,-0.187034,-0.034505,-0.0177419999999999,0.029071,0.0018869999999999,0.063575,0.019628,0.287391,0.2462196666666666,0.0285443046683572,0.071140584706153,-0.0006893999999999,0.0426405,0.0096506,-0.0456607,0,0,0,4180708.0,3959681.0,3762425.0,2616193.0,2500433.0,2328667.0,2339371.0,2188006.0,2135789.558,2.60583333333333,2.89333333333333,3.25,1.65416666666667,0.504166666666667,0.399166666666667,282.2335025380711,277.5478328777821,256.2280359234674,0.371731,0.381025,0.407324,149.86824769433474,146.04743083003962,144.2028985507247,198867.85576,205685.60688,194195.61091,25800.011929043547,25306.3711282491,23877.51513579443,0.339167,0.95166666666666,2.389166666666663,2.850833333333333,0.05581939555231848,0.04629598153599797,0.06917942638182893,0.01688238604389426,0.01950658189168043,0.045042849201618385,0.04361969160818976,0.018272233468648844,204080.89999999982,170168.70000000007,1634914.1428571427,1522647.6923076925,1435841.0,1059148.0,1015956.3076923077,914539.5,843365.4799285715,745231.2860769231,750766.0810833334,-1.8728392857142881,-1.7072884615384636,-1.4631736111111104,-1.269566071428569,-2.605686538461539,-2.936577083333334,102.21732582138677,105.03409125041298,90.69048548743982,-0.1261449210816738,-0.1258394534725718,-0.10783549126195269,16.1867118388858,13.317117664943822,12.428634167764642,49749.32017857142,60918.384475384635,53547.42088083332,3368.5079004951804,3096.010722754636,1806.0842911583022,-0.6032732142857191,0.8983980769230748,1.4734034722222236,-0.018385658208717494,-0.02340329389073942,-0.009803683958844109,-0.07071466870025879,-0.005805170837794898,-0.03337530828315909,-0.010938888562537132,-24472.481818181783,0.029757333333333344,-0.027712000000000014,-0.0020446666666666946,0.05746799999999998,-0.07567633333333333,0.032236666666666663,0.10791166666666664,0.060102888888888956,-0.034696350006612336,-0.02252386666666653,-0.0024793333333333473,0.04796433333333336,-0.045485666666666646,-0.050443666666666664,-0.05551866666666652,0.017762333333333165,0.07327966666666663,0.014471999999999985,0.012506860033574145,0.04852996666666667
2013,Sweden,SWE,144,9425.132346585997,25516.931727101863,106.65018379292675,103.64220136236018,3822670.0,0.2244548379915509,151.11989459815558,197339.27031,1049338.0,1091889.0,82359.0,2487778.492,0.9258333,2.12083333333333,295.18530895047166,8.0521,238.70031207148168,0.402248,1147214.0,1194021.0,6.4238,4491131.0,2866107.0,2814542.0,1676589.0,5413659.0,6.813891594429592,104.16111755371094,58.04111072592711,0.0,0.0,0.0,0.0,FLOAT,DEU,0.0,0.2776500582695007,0.0927926748991012,-0.0732402354478836,0.0092500001192092,,,0.0547907799482345,0.038001898676157,0.0360279008746147,0.2317846119403839,0.0372349582612514,,,,0.0212083328515291,0.0458654500544071,0.1445531696081161,0.1675410866737365,-0.0319951176643371,0.142103,0.160373,0.697525,7.0,-0.01827,-0.141325,-0.0073499999999999,0.1339739999999999,0.285187,0.0224077798320137,-0.1542456666666666,0.0318347319500782,-0.0359414,0.0477507,0.149453,0.136221,0.301698,0.259679,0.548849,0.6041,-0.152244,-0.123459,0.042019,-0.034505,0.0132319999999999,0.029071,-0.0287849999999999,0.063575,0.2885963333333333,0.287391,0.0265679085803405,0.0285443046683572,-0.0065188999999999,-0.0006893999999999,0.0226828999999999,0.0096506,0,0,0,4369019.0,4180708.0,3959681.0,2728804.0,2616193.0,2500433.0,2412372.0,2339371.0,2188006.0,1.5925,2.60583333333333,2.89333333333333,1.253333,1.65416666666667,0.504166666666667,279.8516204607575,282.2335025380711,277.5478328777821,0.3751489999999999,0.371731,0.381025,151.18577075098824,149.86824769433474,146.04743083003962,201744.35499,198867.85576,205685.60688,25452.197907316782,25800.011929043547,25306.3711282491,1.1950000333333302,0.339167,0.95166666666666,2.389166666666663,0.04504284920161848,0.04304384271343895,0.031205396664317032,-0.008439402324294609,-0.013481157399591121,0.027949523680258714,0.05109671122731848,0.005510218994316784,178266.09999999983,204080.89999999982,1714230.8666666667,1634914.1428571427,1522647.6923076925,1101149.1333333333,1059148.0,1015956.3076923077,860142.1146,843365.4799285715,745231.2860769231,-2.761316666666665,-1.8728392857142881,-1.7072884615384636,-1.5857620000000008,-1.269566071428569,-2.605686538461539,93.0209553559807,102.21732582138677,105.03409125041298,-0.11431725967622897,-0.1261449210816738,-0.1258394534725718,16.42512077294691,16.1867118388858,13.317117664943822,49309.198063333315,49749.32017857142,60918.384475384635,2796.1266854020723,3368.5079004951804,3096.010722754636,-1.1755546666666645,-0.6032732142857191,0.8983980769230748,-0.02784894325879482,-0.0249837688639599,-0.04707745053643857,-0.09098540930414345,-0.03837825506922395,-0.023330957257633518,-0.022859450070520183,11479.09166666647,0.03324166666666667,0.013101666666666734,-0.04634300000000002,0.02014100000000002,0.04081366666666667,0.0034843333333332664,-0.0373269999999999,0.04124511111111112,-0.02117365257296657,-0.03468203333333323,0.029757333333333344,-0.027712000000000014,-0.0020446666666666946,0.05746799999999998,-0.07567633333333333,0.032236666666666663,0.10791166666666664,0.060102888888888956,-0.034696350006612336,-0.02252386666666653
2014,Sweden,SWE,144,9524.807152117544,25919.684045336504,108.4037730423057,105.57312734294122,3992730.0,0.2322846774011766,150.8563899868249,166031.17025,1108611.0,1127341.0,81090.93,2589790.383,0.4208333,1.71583333333333,322.9502637527437,7.9535,243.9918096842956,0.449982,1180519.0,1230276.0,7.7366,4752333.0,3032980.0,2994441.0,1757892.0,5341788.0,6.631261891455472,101.0670928955078,57.65736234155347,0.0,0.0,0.0,0.0,FLOAT,DEU,0.0,0.1567372977733612,0.1307945251464843,0.1881549954414367,0.0042083333246409,,,0.0939506813883781,0.0368438474833965,0.0336796231567859,0.1185620576143264,0.034128863364458,,,,0.0171583332121372,0.0381752513349056,0.135690152645111,0.1415096372365951,0.0961816608905792,0.118035,0.257754,0.624211,6.0,-0.139719,0.097381,-0.024068,-0.121449,0.2405833333333333,0.0725718421313207,-0.097991,0.0705246229128522,-0.01471,0.0085193999999999,0.142103,0.149453,0.160373,0.301698,0.697525,0.548849,-0.01827,-0.152244,-0.141325,0.042019,-0.0073499999999999,0.0132319999999999,0.1339739999999999,-0.0287849999999999,0.285187,0.2885963333333333,0.0224077798320137,0.0265679085803405,-0.0359414,-0.0065188999999999,0.0477507,0.0226828999999999,0,0,0,4491131.0,4369019.0,4180708.0,2866107.0,2728804.0,2616193.0,2487778.492,2412372.0,2339371.0,2.12083333333333,1.5925,2.60583333333333,0.9258333,1.253333,1.65416666666667,295.18530895047166,279.8516204607575,282.2335025380711,0.402248,0.3751489999999999,0.371731,151.11989459815558,151.18577075098824,149.86824769433474,197339.27031,201744.35499,198867.85576,25516.931727101863,25452.197907316782,25800.011929043547,1.29500003333333,1.1950000333333302,0.339167,0.95166666666666,0.02794952368025866,0.05031618247408022,0.03125823546285568,0.05479220904445097,0.0025433489092300072,0.05815951483045145,0.04293725614473187,0.014053739044544902,183698.7000000001,178266.09999999983,1729203.4375,1714230.8666666667,1634914.1428571427,1169630.3125,1101149.1333333333,1059148.0,881789.7244375001,860142.1146,843365.4799285715,-2.060401041666669,-2.761316666666665,-1.8728392857142881,-1.8141515750000008,-1.5857620000000008,-1.269566071428569,102.54083413594608,93.0209553559807,102.21732582138677,-0.08007343094646457,-0.11431725967622897,-0.1261449210816738,15.332674571805086,16.42512077294691,16.1867118388858,41822.288504375,49309.198063333315,49749.32017857142,2686.1025873495237,2796.1266854020723,3368.5079004951804,-0.24624946666666792,-1.1755546666666645,-0.6032732142857191,-0.04308567256290166,-0.01604584451238797,-0.043886115035470685,-0.02168810398178831,-0.019795198422454557,-0.029823915393246317,-0.012683112158112051,-15218.715384615556,0.01116166666666668,-0.12481400000000004,0.11365366666666665,0.13597566666666666,-0.13791566666666671,-0.022079999999999832,0.11583466666666653,0.011118000000000072,-0.019676486152936535,-0.0477521333333334,0.03324166666666667,0.013101666666666734,-0.04634300000000002,0.02014100000000002,0.04081366666666667,0.0034843333333332664,-0.0373269999999999,0.04124511111111112,-0.02117365257296657,-0.03468203333333323
2015,Sweden,SWE,144,9626.436365600692,26798.29558983899,112.07885206617324,108.56304255854988,4260470.0,0.2375343565381284,150.7905138339922,139239.13502000002,1163524.0,1181273.0,71700.2174,2787814.461,-0.2891667,0.719166666666667,365.3283526614748,7.4316,250.0871615338326,0.437387,1279582.0,1273198.0,8.4408,5013001.0,3239325.0,3244120.0,1768881.0,5578539.0,6.863195953030268,105.82367706298828,57.28350194222739,0.0,0.0,0.0,0.0,FLOAT,DEU,0.0,0.1019126623868942,0.1648346036672592,0.0042898640967905,-0.0028916667215526,,,0.1311941146850586,0.0336404927074909,0.0297389198094606,0.0659224689006805,0.033764362335205,,,,0.0071916668675839,0.0359901934862136,0.1227442398667335,0.1393578350543975,0.0006990986876189,0.127305,0.172095,0.7006,9.0,-0.04479,-0.0856589999999999,0.00927,0.094929,0.2399416666666666,0.072326677791347,-0.1034109999999999,0.0739997386279168,-0.0291428,0.0200913,0.118035,0.142103,0.257754,0.160373,0.624211,0.697525,-0.139719,-0.01827,0.097381,-0.141325,-0.024068,-0.0073499999999999,-0.121449,0.1339739999999999,0.2405833333333333,0.285187,0.0725718421313207,0.0224077798320137,-0.01471,-0.0359414,0.0085193999999999,0.0477507,0,0,0,4752333.0,4491131.0,4369019.0,3032980.0,2866107.0,2728804.0,2589790.383,2487778.492,2412372.0,1.71583333333333,2.12083333333333,1.5925,0.4208333,0.9258333,1.253333,322.9502637527437,295.18530895047166,279.8516204607575,0.449982,0.402248,0.3751489999999999,150.8563899868249,151.11989459815558,151.18577075098824,166031.17025,197339.27031,201744.35499,25919.684045336504,25516.931727101863,25452.197907316782,1.008333366666667,1.29500003333333,1.1950000333333302,0.339167,0.05815951483045139,0.05822287862944405,0.04100521462342469,0.09405940594059387,0.015783728331524784,0.05485053341169488,0.04371729590410952,0.015148554715948484,219314.7999999997,183698.7000000001,1888687.588235294,1729203.4375,1714230.8666666667,1267701.5294117648,1169630.3125,1101149.1333333333,931931.6316470585,881789.7244375001,860142.1146,-2.3442009803921584,-2.060401041666669,-2.761316666666665,-2.212436776470589,-1.8141515750000008,-1.5857620000000008,124.2739751655154,102.54083413594608,93.0209553559807,-0.027629229126084287,-0.08007343094646457,-0.11431725967622897,14.167247926838769,15.332674571805086,16.42512077294691,8054.053826470597,41822.288504375,49309.198063333315,2930.8488710341953,2686.1025873495237,2796.1266854020723,-0.13176420392157007,-0.24624946666666792,-1.1755546666666645,-0.010182826877527577,-0.007136283074999895,-0.03139625368518475,0.018934599413216346,-0.005317619098756374,-0.027055614607652247,-0.010742755676167668,-8699.064285714208,-0.024557333333333348,0.01717066666666664,0.007386333333333384,-0.041728,0.14198466666666668,-0.035719,-0.17770366666666668,-0.04647477777777778,0.04673184443775023,-0.0003267666666667349,0.01116166666666668,-0.12481400000000004,0.11365366666666665,0.13597566666666666,-0.13791566666666671,-0.022079999999999832,0.11583466666666653,0.011118000000000072,-0.019676486152936535,-0.0477521333333334
2016,Sweden,SWE,144,9767.153738115818,26958.728545811493,112.9711636987235,109.67421757565802,4415030.0,0.2421052083213005,152.2727272727274,104813.3783,1198332.0,1188498.0,60718.1459,2997943.456,-0.655,0.54,395.4405421295969,6.99,256.25417545028546,0.422554,1371558.0,1306863.0,9.0622,5298554.0,3468660.0,3477360.0,1821194.0,5734612.0,7.061533660782985,103.95470428466795,55.25322483654963,0.0,0.0,0.0,0.0,FLOAT,DEU,0.0,0.0966999977827072,0.1029722392559051,0.0613641962409019,-0.00655,,,0.0729095935821533,0.0300626456737518,0.0280197374522686,0.0568999983370304,0.0376572981476783,,,,0.005192,0.0397999994456768,0.0892198681831359,0.099802017211914,0.0274070985615253,0.117402,0.278039,0.604559,3.0,-0.160637,0.1059439999999999,-0.0099029999999999,-0.115847,0.1967406666666666,0.0531631588069532,-0.067593,0.0638548941507227,0.0267339,-0.0332172,0.127305,0.118035,0.172095,0.257754,0.7006,0.624211,-0.04479,-0.139719,-0.0856589999999999,0.097381,0.00927,-0.024068,0.094929,-0.121449,0.2399416666666666,0.2405833333333333,0.072326677791347,0.0725718421313207,-0.0291428,-0.01471,0.0200913,0.0085193999999999,0,0,0,5013001.0,4752333.0,4491131.0,3239325.0,3032980.0,2866107.0,2787814.461,2589790.383,2487778.492,0.719166666666667,1.71583333333333,2.12083333333333,-0.2891667,0.4208333,0.9258333,365.3283526614748,322.9502637527437,295.18530895047166,0.437387,0.449982,0.402248,150.7905138339922,150.8563899868249,151.11989459815558,139239.13502000002,166031.17025,197339.27031,26798.29558983899,25919.684045336504,25516.931727101863,1.195,1.008333366666667,1.29500003333333,1.1950000333333302,0.054850533411694845,0.06803374898614564,0.07646336139784801,0.13122171945701372,0.033897463524852074,0.05696248614352961,0.04698652397413502,0.01656933537137822,268293.70000000007,219314.7999999997,2044428.5,1888687.588235294,1729203.4375,1403618.6666666667,1267701.5294117648,1169630.3125,1078181.7301111112,931931.6316470585,881789.7244375001,-3.2106342592592574,-2.3442009803921584,-2.060401041666669,-2.799523622222223,-2.212436776470589,-1.8141515750000008,159.747954342829,124.2739751655154,102.54083413594608,-0.038689271952412896,-0.027629229126084287,-0.08007343094646457,13.314302444737308,14.167247926838769,15.332674571805086,-19185.42883833332,8054.053826470597,41822.288504375,3646.6354782570015,2930.8488710341953,2686.1025873495237,-0.41111063703703477,-0.13176420392157007,-0.24624946666666792,-0.012892818479958969,0.0030943686390546288,0.0059087315413082625,0.0549831129641529,0.013108917218027174,-0.022095410624648475,-0.008650552790977449,27496.973333333008,-0.009225333333333335,-0.06784666666666664,0.07707166666666665,0.058620999999999986,-0.08501733333333324,0.015332000000000002,0.10034900000000001,-0.0315138888888889,0.03181083427678869,-0.010086033333333369,-0.024557333333333348,0.01717066666666664,0.007386333333333384,-0.041728,0.14198466666666668,-0.035719,-0.17770366666666668,-0.04647477777777778,0.04673184443775023,-0.0003267666666667349
2017,Sweden,SWE,144,9889.304235090753,27309.236336439488,114.32133581418496,111.02687613957028,4625090.0,0.2513648371254725,155.00658761528337,135121.36183,1312871.0,1304775.0,56247.6674,3242547.458,-0.695,0.655,421.6893842683238,6.7183,262.3491310247762,0.40731,1433177.0,1356837.0,8.208,5641225.0,3705418.0,3717762.0,1923463.0,6207874.0,6.677123581007047,96.76046103130489,52.10591279690904,0.0,0.0,0.0,0.0,FLOAT,DEU,0.0,0.1084000021219253,0.0764427408576011,0.018196003511548,-0.00695,,,0.0476605705916881,0.0287821684032678,0.0274727996438741,0.0747999995946884,0.0312616303563118,,,,0.00655,0.0335999988019466,0.0814602598547935,0.0931631401181221,0.0056230016052722,0.074279,0.208765,0.716957,4.0,-0.134486,-0.0692739999999999,-0.043123,0.026151,0.2359626666666666,0.056233259200702,-0.1150486666666666,0.0617381637428044,-0.0041022999999999,-0.0100147999999999,0.117402,0.127305,0.278039,0.172095,0.604559,0.7006,-0.160637,-0.04479,0.1059439999999999,-0.0856589999999999,-0.0099029999999999,0.00927,-0.115847,0.094929,0.1967406666666666,0.2399416666666666,0.0531631588069532,0.072326677791347,0.0267339,-0.0291428,-0.0332172,0.0200913,0,0,0,5298554.0,5013001.0,4752333.0,3468660.0,3239325.0,3032980.0,2997943.456,2787814.461,2589790.383,0.54,0.719166666666667,1.71583333333333,-0.655,-0.2891667,0.4208333,395.4405421295969,365.3283526614748,322.9502637527437,0.422554,0.437387,0.449982,152.2727272727274,150.7905138339922,150.8563899868249,104813.3783,139239.13502000002,166031.17025,26958.728545811493,26798.29558983899,25919.684045336504,1.35,1.195,1.008333366666667,1.29500003333333,0.0569624861435296,0.07079715681507721,0.07537409606686148,0.0824250000000001,0.005986685064901497,0.06467255028447383,0.056657511461891984,0.0016754392483018775,295222.9000000004,268293.70000000007,2222380.0,2044428.5,1888687.588235294,1559079.0,1403618.6666666667,1267701.5294117648,1231564.3182631577,1078181.7301111112,931931.6316470585,-3.220820175438595,-3.2106342592592574,-2.3442009803921584,-3.018013573684211,-2.799523622222223,-2.212436776470589,181.4523567402759,159.747954342829,124.2739751655154,-0.051485994481233255,-0.038689271952412896,-0.027629229126084287,14.09576312322315,13.314302444737308,14.167247926838769,-52601.42614578946,-19185.42883833332,8054.053826470597,3615.140251163346,3646.6354782570015,2930.8488710341953,-0.20280660175438414,-0.41111063703703477,-0.13176420392157007,-0.010064598054793164,0.005685867099149838,0.004491203346915704,0.0031317761202418887,-0.015530134420702692,-0.011124693100147486,-0.023035592867525708,74757.31250000009,-0.011745666666666654,0.0812983333333333,-0.06955300000000009,-0.093044,0.14914499999999986,-0.002520333333333265,-0.15166499999999997,-0.05849666666666667,-0.0026056077779405967,0.05333196666666667,-0.009225333333333335,-0.06784666666666664,0.07707166666666665,0.058620999999999986,-0.08501733333333324,0.015332000000000002,0.10034900000000001,-0.0315138888888889,0.03181083427678869,-0.010086033333333369
2018,Sweden,SWE,144,9996.796672428698,27542.55215390215,115.2045566748924,111.77431359006496,4828310.0,0.2517963857303162,158.0368906455864,127177.6854,1471028.0,1448575.0,60695.0713,3432831.901,-0.6858333,0.6516666,417.7529712683965,6.36,270.1978681028885,0.389087,1491100.0,1425450.0,8.9562,5953485.0,3909988.0,3924811.0,2028674.0,6663286.0,6.677123581007047,97.63332196820592,51.33740432149872,0.0,0.0,0.0,0.0,FLOAT,DEU,0.0,-0.0403999984264373,-0.0047031734138727,0.029907776042819,-0.0068579999999999,,,-0.0328575409948825,0.0281543675810098,0.0291108787059783,-0.0753000006079673,0.0377419702708721,,,,0.0065169999999999,0.0348999984562397,-0.0173457339406013,-0.0220785252749919,0.0115248877555131,0.118598,0.158762,0.72264,6.0,-0.040163,-0.050003,0.044319,0.0943229999999999,0.219633,0.0538016528742379,-0.1133043333333333,0.0607587780023046,-0.0109272999999999,0.0040031999999999,0.074279,0.117402,0.208765,0.278039,0.716957,0.604559,-0.134486,-0.160637,-0.0692739999999999,0.1059439999999999,-0.043123,-0.0099029999999999,0.026151,-0.115847,0.2359626666666666,0.1967406666666666,0.056233259200702,0.0531631588069532,-0.0041022999999999,0.0267339,-0.0100147999999999,-0.0332172,0,0,0,5641225.0,5298554.0,5013001.0,3705418.0,3468660.0,3239325.0,3242547.458,2997943.456,2787814.461,0.655,0.54,0.719166666666667,-0.695,-0.655,-0.2891667,421.6893842683238,395.4405421295969,365.3283526614748,0.40731,0.422554,0.437387,155.00658761528337,152.2727272727274,150.7905138339922,135121.36183,104813.3783,139239.13502000002,27309.236336439488,26958.728545811493,26798.29558983899,1.3374999,1.35,1.195,1.008333366666667,0.06467255028447384,0.0682563295335951,0.08159059888553159,0.06637873293761676,0.013001643977102633,0.05535322558486855,0.05882852327989944,0.005170065261485905,316412.30000000075,295222.9000000004,2453932.0,2222380.0,2044428.5,1717883.05,1559079.0,1403618.6666666667,1414590.1043500002,1231564.3182631577,1078181.7301111112,-2.944779166666666,-3.220820175438595,-3.2106342592592574,-2.9071128950000005,-3.018013573684211,-2.799523622222223,198.628581041989,181.4523567402759,159.747954342829,-0.0641556947571717,-0.051485994481233255,-0.038689271952412896,16.124835309617936,14.09576312322315,13.314302444737308,-19663.371308499976,-52601.42614578946,-19185.42883833332,3784.891029233175,3615.140251163346,3646.6354782570015,-0.03766627166666492,-0.20280660175438414,-0.41111063703703477,-0.0018248182267545376,0.002845783654554568,0.010471327042063952,-0.013079321264259453,-0.0076978000126751,-0.008335642776576287,-0.018261211695034696,97289.02352941214,-0.04663500000000001,-0.027197666666666648,0.07383366666666669,-0.01943733333333332,-0.1084959999999999,-0.03488933333333337,0.07360666666666668,0.010207444444444463,-0.009787300375838297,0.0016040000000001001,-0.011745666666666654,0.0812983333333333,-0.06955300000000009,-0.093044,0.14914499999999986,-0.002520333333333265,-0.15166499999999997,-0.05849666666666667,-0.0026056077779405967,0.05333196666666667
2019,Sweden,SWE,144,10092.562662057047,27824.67885543972,116.30771134016994,111.44383650264412,5049620.0,0.2440976239989591,160.86956521739145,275810.2444,1501423.0,1522611.0,62359.3801,3702972.437,-0.4208333,0.04666667,428.1191632751658,6.83,278.5076423019567,0.34898,1535968.0,1468425.0,9.2993,6218069.0,4111139.0,4122025.0,2096044.0,7036304.0,5.517504969714144,97.63688938388368,49.77961780836541,0.0,0.0,0.0,0.0,FLOAT,DEU,0.0,0.3384999930858612,0.0341897755861282,0.0576401352882385,-0.004208,,,0.0039164372719824,0.030273338779807,0.0301552377641201,0.2926999926567077,0.0354297198355197,,,,0.0004669999999999,0.0458000004291534,0.1816688925027847,0.2019997835159301,0.0267160683870315,0.102013,0.205228,0.692758,5.0,-0.103215,0.046466,-0.0165849999999999,-0.063052,0.2151886666666666,0.0598973981265742,-0.1117619999999999,0.0633701925277176,-0.0268436,0.0266588999999999,0.118598,0.074279,0.158762,0.208765,0.72264,0.716957,-0.040163,-0.134486,-0.050003,-0.0692739999999999,0.044319,-0.043123,0.0943229999999999,0.026151,0.219633,0.2359626666666666,0.0538016528742379,0.056233259200702,-0.0109272999999999,-0.0041022999999999,0.0040031999999999,-0.0100147999999999,0,0,0,5953485.0,5641225.0,5298554.0,3909988.0,3705418.0,3468660.0,3432831.901,3242547.458,2997943.456,0.6516666,0.655,0.54,-0.6858333,-0.695,-0.655,417.7529712683965,421.6893842683238,395.4405421295969,0.389087,0.40731,0.422554,158.0368906455864,155.00658761528337,152.2727272727274,127177.6854,135121.36183,104813.3783,27542.55215390215,27309.236336439488,26958.728545811493,0.46749997000000004,1.3374999,1.35,1.195,0.055353225584868535,0.05520834626484785,0.05868362621201764,-0.00933486387559272,0.00854347644834515,0.044441868922152405,0.058996087337623994,0.004981375671100914,307080.4999999999,316412.30000000075,2649338.095238095,2453932.0,2222380.0,1840649.0952380951,1717883.05,1559079.0,1537513.1138095236,1414590.1043500002,1231564.3182631577,-2.8078849873015863,-2.944779166666666,-3.220820175438595,-2.7595122476190483,-2.9071128950000005,-3.018013573684211,185.23366418291937,198.628581041989,181.4523567402759,-0.07932366167349675,-0.0641556947571717,-0.051485994481233255,18.387289039462985,16.124835309617936,14.09576312322315,-26670.69672380954,-19663.371308499976,-52601.42614578946,3837.973940541877,3784.891029233175,3615.140251163346,-0.048372739682537746,-0.03766627166666492,-0.20280660175438414,-0.011052902015022112,-0.01034448879692041,-0.01295921198355321,-0.08813895201425595,-0.011771077540798827,-0.007729360677979295,-0.017488784880417864,113073.47777777852,0.012269333333333327,-0.06087100000000001,0.048601333333333274,0.07314133333333334,-0.03367333333333336,0.0589043333333333,0.09257866666666657,-0.0045819999999999195,-0.006772712392096161,-0.008756899999999934,-0.04663500000000001,-0.027197666666666648,0.07383366666666669,-0.01943733333333332,-0.1084959999999999,-0.03488933333333337,0.07360666666666668,0.010207444444444463,-0.009787300375838297,0.0016040000000001001
2020,Sweden,SWE,144,10142.40006482282,26912.147706397565,112.24240248535506,105.42353426379832,4983360.0,0.2477872750864427,161.66007905138352,284599.68960000004,1365882.0,1415459.0,62094.7027,4361252.734,-0.135,-0.03833333,446.1024514315403,8.29,285.2941308694544,0.396647,1513774.0,1648496.0,8.1772,6485853.0,4362321.0,4345467.0,2140386.0,7282037.5,5.628024542838209,81.09286133490359,46.047778408938086,0.0,0.0,0.0,0.0,FLOAT,DEU,0.0,0.1656000018119812,0.0636496022343635,0.0179424919188022,-0.00135,,,0.032592300325632,0.0310573000460863,0.0300770215690135,0.1499000042676925,0.0136533603072166,,,,-0.000383,0.0157000012695789,,,0.0082962457090616,0.107913,0.212966,0.679121,3.0,-0.105053,0.0077379999999999,0.0058999999999999,-0.0018379999999999,0.1909183333333333,0.0279042993521309,-0.0926213333333333,0.0480455660007594,0.0059068999999999,0.0025247,0.102013,0.118598,0.205228,0.158762,0.692758,0.72264,-0.103215,-0.040163,0.046466,-0.050003,-0.0165849999999999,0.044319,-0.063052,0.0943229999999999,0.2151886666666666,0.219633,0.0598973981265742,0.0538016528742379,-0.0268436,-0.0109272999999999,0.0266588999999999,0.0040031999999999,0,0,0,6218069.0,5953485.0,5641225.0,4111139.0,3909988.0,3705418.0,3702972.437,3432831.901,3242547.458,0.04666667,0.6516666,0.655,-0.4208333,-0.6858333,-0.695,428.1191632751658,417.7529712683965,421.6893842683238,0.34898,0.389087,0.40731,160.86956521739145,158.0368906455864,155.00658761528337,275810.2444,127177.6854,135121.36183,27824.67885543972,27542.55215390215,27309.236336439488,0.09666667000000001,0.46749997000000004,1.3374999,1.35,0.04444186892215232,0.05144542643097626,0.0786932025192689,0.024814167031044977,0.010243302797834575,0.04306545971104536,0.054822548263831594,0.010125775570801646,279846.7999999999,307080.4999999999,2793497.6363636362,2649338.095238095,2453932.0,1958134.227272727,1840649.0952380951,1717883.05,1737766.690090909,1537513.1138095236,1414590.1043500002,-3.285253781515151,-2.8078849873015863,-2.944779166666666,-2.3690798727272733,-2.7595122476190483,-2.9071128950000005,187.18014418137415,185.23366418291937,198.628581041989,-0.11582504068833782,-0.07932366167349675,-0.0641556947571717,20.384177745837917,18.387289039462985,16.124835309617936,123174.1666727273,-26670.69672380954,-19663.371308499976,3945.6472811457243,3837.973940541877,3784.891029233175,-0.9161739087878771,-0.048372739682537746,-0.03766627166666492,-0.02143793001035632,-0.013614813926176736,0.007667469656248205,-0.049792828154558454,-0.0095107236893666,-0.011516431717872727,-0.011469945736696237,97790.44210526298,-0.001413333333333322,-0.009960666666666673,0.011372666666666809,0.008546999999999985,0.050910333333333335,-0.013682666666666598,-0.0645943333333333,-0.0022567777777777742,0.005498041165943171,-0.0307450333333334,0.012269333333333327,-0.06087100000000001,0.048601333333333274,0.07314133333333334,-0.03367333333333336,0.0589043333333333,0.09257866666666657,-0.0045819999999999195,-0.006772712392096161,-0.008756899999999934
2003,USA,USA,111,289986.0,29458.922506871186,95.07826323859548,93.1823,11456.5,0.2148918982305881,136.533602829712,-522.297,1557.1198,1035.1645,752.954,5980.5,1.13,4.015,172.586,5.9887,157.64384901848035,0.599,1782.314,2159.899,1.0,6318.384,4263.383,4369.996,2073.582,11871.396484375,7.596964836120605,86.43053436279297,28.317047119140625,0.0,0.0,0.0,0.0,BASE,,,0.2211459279060363,0.1111762300133705,0.0202222224324941,0.0115083297714591,,,0.0621788129210472,0.0489974170923233,0.0461291596293449,0.2018060833215713,0.0160923153162002,,,,0.0401500016450881,0.0193398427218198,0.132983773946762,0.1559556573629379,0.0158652756363153,0.198586,0.229068,0.572346,46.0,-0.030482,0.019683,-0.012462,-0.032144,0.188192,0.0262617080366072,0.022165,0.0322906739942045,0.0223773999999999,-0.0273391,0.211048,0.201825,0.209385,0.196379,0.579567,0.601796,0.001662,0.005446,0.0130059999999999,0.0375669999999999,0.009223,-0.016374,-0.003784,-0.053941,0.1682786666666667,0.1574796666666666,0.0247634816278594,0.0072607662359652,0.0216786999999999,0.0106357999999999,-0.0166213,0.0105597,0,0,0,5826.407,5461.07,5162.8,3847.093,3459.282,3128.31,5591.15,5203.566667,4790.466667,4.61083,5.0175,6.02917,1.67,3.88,6.24,162.483,152.805,142.184,0.5720000000000001,0.5479999999999999,0.556,133.50176856998488,131.43001515917135,127.79181404749878,-456.109,-394.079,-401.928,28976.93019268436,28726.09431927397,28701.934318309348,2.885,2.94083,1.1375000000000002,-0.21083000000000052,0.06689842832997937,0.11210736794513997,0.07448416784164161,0.0633356238342986,0.008731986695528233,0.08443917494950148,0.06913545532918526,0.012630516573590048,383.2089000000001,347.26059999999984,1043.2090000000007,847.3400000000001,732.0933333333342,913.2183999999997,656.7592500000001,434.3829999999998,1062.6499999999996,843.8333337499998,574.311111666666,-1.0491720000000004,-0.8031274999999996,0.2780566666666662,-3.51,-1.625,0.9800000000000004,27.051799999999986,21.717250000000007,14.794999999999987,-0.016599999999999948,-0.05075000000000007,-0.05699999999999994,8.852956038403235,8.476503284487137,6.451069563752739,-168.43079999999998,-133.00100000000003,-187.79999999999998,1323.8240034516384,1341.2351625515585,1756.100215449249,2.4608280000000002,0.8218725000000002,-0.701943333333334,-0.008202974954158074,0.02675838943926627,0.001427672853144435,0.003548626814231244,-0.015873625080122463,-0.008427108546852802,0.004360292753012014,-4.120650000000069,0.008129666666666674,0.0411063333333333,-0.049236333333333215,-0.032977666666666676,0.0022069999999999017,-0.011053333333333302,-0.013261333333333333,0.008289611111111178,0.0194636967909647,0.017727599999999902,0.019183000000000006,0.038899333333333314,-0.05808266666666673,-0.019716333333333332,0.03901133333333323,-0.035164,-0.07417533333333334,-0.0037640833333333623,0.00294147209860575,0.0133693999999998
2004,USA,USA,111,292806.0,30199.800860551808,97.65851299494484,95.6691,12217.2,0.2200669659223293,140.22233451238003,-635.887,1810.5035,1176.3625,787.963,6265.25,1.35,4.27417,188.666,5.5286,164.57495559281637,0.612,1880.114,2292.841,1.0,7081.548,4924.251,4981.097,2279.535,12606.177734375,7.793898105621338,86.40647888183594,27.920316696166992,0.0,0.0,0.0,0.0,BASE,,,0.1277113556861877,0.1405346989631652,0.0690476149320602,0.0156333297491073,,,0.093170940876007,0.0473637618124485,0.043326947838068,0.1097220107913017,0.0162106715142726,,,,0.0427417010068893,0.0179893393069505,0.1208030059933662,0.1353386789560318,0.0423404723405838,0.239452,0.212794,0.547754,88.0,0.026658,-0.0162739999999999,0.0408659999999999,0.0571399999999999,0.2116106666666667,0.0164577603073241,-0.0077913333333333,0.0197415660304174,0.0068928,0.0031491999999999,0.198586,0.211048,0.229068,0.209385,0.572346,0.579567,-0.030482,0.001662,0.019683,0.0130059999999999,-0.012462,0.009223,-0.032144,-0.003784,0.188192,0.1682786666666667,0.0262617080366072,0.0247634816278594,0.0223773999999999,0.0216786999999999,-0.0273391,-0.0166213,0,0,1,6318.384,5826.407,5461.07,4263.383,3847.093,3459.282,5980.5,5591.15,5203.566667,4.015,4.61083,5.0175,1.13,1.67,3.88,172.586,162.483,152.805,0.599,0.5720000000000001,0.5479999999999999,136.533602829712,133.50176856998488,131.43001515917135,-522.297,-456.109,-394.079,29458.922506871186,28976.93019268436,28726.09431927397,2.9241699999999997,2.885,2.94083,1.1375000000000002,0.08443917494950144,0.10820897753186626,0.06963683678670764,0.062178812552697874,0.016633656877446373,0.12078468165277689,0.06970350573405278,0.013552627557776784,535.3411,383.2089000000001,1361.3178333333335,1043.2090000000007,847.3400000000001,1177.3053333333332,913.2183999999997,656.7592500000001,1274.8916666666673,1062.6499999999996,843.8333337499998,-1.4701400000000007,-1.0491720000000004,-0.8031274999999996,-3.465,-3.51,-1.625,32.64616666666669,27.051799999999986,21.717250000000007,0.01316666666666666,-0.016599999999999948,-0.05075000000000007,10.40929762506316,8.852956038403235,8.476503284487137,-206.54700000000003,-168.43079999999998,-133.00100000000003,1585.1789837298566,1323.8240034516384,1341.2351625515585,1.9948599999999996,2.4608280000000002,0.8218725000000002,0.010978366656195601,0.0175083211381393,-0.003705192772418417,0.0016820901697842672,-0.004797229882179833,-0.005752281005272086,0.004192330548945746,33.2012000000002,-0.011771333333333356,0.040875999999999996,-0.029104999999999936,-0.052647,-0.00023033333333326647,-0.019900999999999967,-0.01966933333333333,0.02663122222222225,0.012904712115710402,0.012517099999999934,0.008129666666666674,0.0411063333333333,-0.049236333333333215,-0.032977666666666676,0.0022069999999999017,-0.011053333333333302,-0.013261333333333333,0.008289611111111178,0.0194636967909647,0.017727599999999902
2005,USA,USA,111,295583.0,30841.645496424466,100.0,97.8361,13039.2,0.2276820150148544,144.97220818595252,-749.23,2041.4825,1301.5798,815.432,6532.591667,3.22,4.29,209.984,5.0835,169.45724298248425,0.616,2153.611,2471.957,1.0,7767.335,5481.689,5441.481,2564.912,13809.50390625,7.973085403442383,87.48990631103516,27.00968742370605,0.0,0.0,0.0,0.0,BASE,,,0.0709467083215713,0.1576139330863952,0.0760373845696449,0.0351166687905788,,,0.1129933297634124,0.0446205958724021,0.040090624243021,0.0524178408086299,0.0176059957593679,,,,0.0428999997675418,0.018528863787651,0.1142452135682106,0.1247487515211105,0.0555770248174667,0.21351,0.19044,0.596051,78.0,0.02307,-0.022354,-0.0259419999999999,-0.003588,0.2170823333333333,0.0105189103206241,-0.0007206666666666,0.0286444187466482,-0.0073108999999999,0.0121363999999999,0.239452,0.198586,0.212794,0.229068,0.547754,0.572346,0.026658,-0.030482,-0.0162739999999999,0.019683,0.0408659999999999,-0.012462,0.0571399999999999,-0.032144,0.2116106666666667,0.188192,0.0164577603073241,0.0262617080366072,0.0068928,0.0223773999999999,0.0031491999999999,-0.0273391,0,1,1,7081.548,6318.384,5826.407,4924.251,4263.383,3847.093,6265.25,5980.5,5591.15,4.27417,4.015,4.61083,1.35,1.13,1.67,188.666,172.586,162.483,0.612,0.599,0.5720000000000001,140.22233451238003,136.533602829712,133.50176856998488,-635.887,-522.297,-456.109,30199.800860551808,29458.922506871186,28976.93019268436,1.0699999999999998,2.9241699999999997,2.885,2.94083,0.120784681652777,0.15501023482994616,0.04761307582978012,0.09317094086426467,0.025149540126860208,0.09684139682453607,0.09070742831075258,0.027484547011781064,658.5948000000004,535.3411,1930.0078571428567,1361.3178333333335,1043.2090000000007,1669.986857142857,1177.3053333333332,913.2183999999997,1377.5142857142855,1274.8916666666673,1062.6499999999996,-1.0009500000000005,-1.4701400000000007,-1.0491720000000004,-2.7499999999999996,-3.465,-3.51,44.06242857142857,32.64616666666669,27.051799999999986,0.024285714285714244,0.01316666666666666,-0.016599999999999948,12.61098678986501,10.40929762506316,8.852956038403235,-290.63028571428566,-206.54700000000003,-168.43079999999998,2099.603196877644,1585.1789837298566,1323.8240034516384,1.7490499999999998,1.9948599999999996,2.4608280000000002,0.045494145583438575,0.06139152491319601,-0.025111421600609536,0.03239387011972036,0.004518191680930643,0.016402097772482138,0.017285783893160878,177.03310000000005,0.03563233333333335,0.001183333333333314,-0.0368156666666668,0.03444933333333333,-0.0396926666666665,0.047403666666666566,0.08709633333333323,0.040293888888888935,-0.0029708916594865,-0.011337833333333231,-0.011771333333333356,0.040875999999999996,-0.029104999999999936,-0.052647,-0.00023033333333326647,-0.019900999999999967,-0.01966933333333333,0.02663122222222225,0.012904712115710402,0.012517099999999934
2006,USA,USA,111,298442.0,31357.53958773589,101.86795551434392,100.0,13815.6,0.2285019378026689,149.67155128852957,-816.642,2256.6233,1470.1703,837.701,6874.225,4.97,4.79167,225.103,4.623,176.82879375739992,0.62,2406.869,2655.05,1.0,8366.093,5935.112,5782.643,2855.324,14858.83203125,7.89143705368042,87.8382339477539,27.584644317626957,0.0,0.0,0.0,0.0,BASE,,,0.1420127302408218,0.1135304123163223,0.000545454560779,0.0515333302319049,,,0.0720007270574569,0.041529681533575,0.0387403480708599,0.1222990825772285,0.0175654105842113,,,,0.0479166992008686,0.0197136439383029,0.110145092010498,0.1251189261674881,0.0260393917560577,0.245311,0.177932,0.576757,80.0,0.06738,-0.0125079999999999,0.0318009999999999,0.0443099999999999,0.2107673333333333,0.019393584746852,0.0064153333333333,0.032004348787834,-0.0175762,0.0289998,0.21351,0.239452,0.19044,0.212794,0.596051,0.547754,0.02307,0.026658,-0.022354,-0.0162739999999999,-0.0259419999999999,0.0408659999999999,-0.003588,0.0571399999999999,0.2170823333333333,0.2116106666666667,0.0105189103206241,0.0164577603073241,-0.0073108999999999,0.0068928,0.0121363999999999,0.0031491999999999,1,1,1,7767.335,7081.548,6318.384,5481.689,4924.251,4263.383,6532.591667,6265.25,5980.5,4.29,4.27417,4.015,3.22,1.35,1.13,209.984,188.666,172.586,0.616,0.612,0.599,144.97220818595252,140.22233451238003,136.533602829712,-749.23,-635.887,-522.297,30841.645496424466,30199.800860551808,29458.922506871186,-0.17832999999999988,1.0699999999999998,2.9241699999999997,2.885,0.09684139682453614,0.11320259669947777,0.042670550576593066,0.11299333213191573,0.021253273782710965,0.07708667129716962,0.10068841780893815,0.01847562291832896,682.8914000000004,658.5948000000004,2374.5438750000003,1930.0078571428567,1361.3178333333335,2018.6765000000005,1669.986857142857,1177.3053333333332,1472.6666669999995,1377.5142857142855,1274.8916666666673,-0.8600012499999998,-1.0009500000000005,-1.4701400000000007,-0.5362499999999999,-2.7499999999999996,-3.465,59.872625,44.06242857142857,32.64616666666669,0.025249999999999995,0.024285714285714244,0.01316666666666666,15.784487114704376,12.61098678986501,10.40929762506316,-367.6445,-290.63028571428566,-206.54700000000003,2478.997433140594,2099.603196877644,1585.1789837298566,-0.32375125000000016,1.7490499999999998,1.9948599999999996,0.015051697100420758,0.010813668937985327,-0.026466600910852373,0.047588565655982795,-2.3530617637265022e-05,0.023649404308587363,0.005395895817515291,264.8801800000005,-0.002852000000000021,-0.02664233333333335,0.029495333333333318,0.023790666666666665,-0.02782566666666667,-0.038484333333333204,-0.010658666666666632,0.027721888888888824,-0.011975406336639467,-0.024293866666666504,0.03563233333333335,0.001183333333333314,-0.0368156666666668,0.03444933333333333,-0.0396926666666665,0.047403666666666566,0.08709633333333323,0.040293888888888935,-0.0029708916594865,-0.011337833333333231
2007,USA,USA,111,301280.0,31654.92675492241,102.79685435528638,100.7549,14474.2,0.2211278112394319,153.91611925214755,-736.554,2395.2275,1659.2948,847.359,7294.466667,5.02,4.62917,227.811,4.6221,184.92457219067757,0.626,2567.985,2728.686,1.0,8972.786,6262.08,6067.758,3291.572,16299.396484375,7.627151966094971,89.43016815185547,29.19282341003418,1.0,1.0,0.0,0.0,BASE,,,0.0639146566390991,0.0524189695715904,0.0860952362418174,0.0526833310723304,,,0.0120300482958555,0.0403889194130897,0.0399088151752948,0.0443371310830116,0.0187463667243719,,,,0.0462917014956474,0.0195775274187326,0.0593471676111221,0.05737916380167,0.0693892836570739,0.185515,0.176493,0.637992,71.0,0.009022,-0.0014389999999999,-0.0597959999999999,-0.0583579999999999,0.193722,0.0176612118497004,0.0390359999999999,0.0246120943440415,-0.0121411,-0.0008597999999999,0.245311,0.21351,0.177932,0.19044,0.576757,0.596051,0.06738,0.02307,-0.0125079999999999,-0.022354,0.0318009999999999,-0.0259419999999999,0.0443099999999999,-0.003588,0.2107673333333333,0.2170823333333333,0.019393584746852,0.0105189103206241,-0.0175762,-0.0073108999999999,0.0289998,0.0121363999999999,0,0,0,8366.093,7767.335,7081.548,5935.112,5481.689,4924.251,6874.225,6532.591667,6265.25,4.79167,4.29,4.27417,4.97,3.22,1.35,225.103,209.984,188.666,0.62,0.616,0.612,149.67155128852957,144.97220818595252,140.22233451238003,-816.642,-749.23,-635.887,31357.53958773589,30841.645496424466,30199.800860551808,-0.39082999999999934,-0.17832999999999988,1.0699999999999998,2.9241699999999997,0.07708667129716959,0.08271592934221546,0.05229675302159073,0.0720007238646754,0.01672719088127877,0.07251807982531377,0.09823758325816086,0.02188243655715169,627.2472,682.8914000000004,2709.4636666666675,2374.5438750000003,1930.0078571428567,2247.8021111111107,2018.6765000000005,1669.986857142857,1650.6703703333342,1472.6666669999995,1377.5142857142855,-0.26277555555555576,-0.8600012499999998,-1.0009500000000005,1.2733333333333334,-0.5362499999999999,-2.7499999999999996,68.33911111111112,59.872625,44.06242857142857,0.026444444444444493,0.025249999999999995,0.024285714285714244,18.729998315647606,15.784487114704376,12.61098678986501,-394.2071111111112,-367.6445,-290.63028571428566,2719.447365214175,2478.997433140594,2099.603196877644,-1.5361088888888885,-0.32375125000000016,1.7490499999999998,-0.006584490564498377,-0.02102470703652516,-0.013532073351998158,0.0006473866817446189,-0.0045466721918648,0.017820083428011863,0.008031867196692981,245.03008333333378,0.02812833333333334,-0.03283533333333333,0.004706666666666637,0.06096466666666666,-0.0061929999999999355,0.03098033333333323,0.03717399999999993,0.005138999999999977,0.001647458525333531,-0.024895966666666665,-0.002852000000000021,-0.02664233333333335,0.029495333333333318,0.023790666666666665,-0.02782566666666667,-0.038484333333333204,-0.010658666666666632,0.027721888888888824,-0.011975406336639467,-0.024293866666666504
2008,USA,USA,111,304228.0,31251.266490333088,101.69004053509146,99.6245,14769.9,0.2100403570991806,159.82819605861545,-696.526,2576.1505,1835.2805,1669.26,7787.558333,1.92,3.66667,217.008,5.7842,189.8321162767709,0.677,2523.991,2982.544,1.0,9296.985,6373.05,6119.956,3492.101,16965.576171875,7.218917369842529,82.67257690429688,29.22944450378418,0.0,0.0,0.0,0.0,BASE,,,-0.3875488340854645,-0.0060509406030178,0.2468348741531372,0.0296500008553266,,,-0.0474208891391754,0.0413699485361576,0.0434294082224369,-0.4067414104938507,0.0323510654270648,,,,0.0366666987538337,0.0191925466060638,-0.0742685422301292,-0.1369633078575134,0.1382424384355545,0.228924,0.223474,0.547602,66.0,0.00545,0.0469809999999999,0.0434089999999999,-0.003572,0.1816216666666666,0.0076707191535952,0.0331573333333333,0.0304586565910798,0.0097663,-0.0111218,0.185515,0.245311,0.176493,0.177932,0.637992,0.576757,0.009022,0.06738,-0.0014389999999999,-0.0125079999999999,-0.0597959999999999,0.0318009999999999,-0.0583579999999999,0.0443099999999999,0.193722,0.2107673333333333,0.0176612118497004,0.019393584746852,-0.0121411,-0.0175762,-0.0008597999999999,0.0289998,0,0,0,8972.786,8366.093,7767.335,6262.08,5935.112,5481.689,7294.466667,6874.225,6532.591667,4.62917,4.79167,4.29,5.02,4.97,3.22,227.811,225.103,209.984,0.626,0.62,0.616,153.91611925214755,149.67155128852957,144.97220818595252,-736.554,-816.642,-749.23,31654.92675492241,31357.53958773589,30841.645496424466,1.74667,-0.39082999999999934,-0.17832999999999988,1.0699999999999998,0.07251807982531383,0.05509045153655059,0.0611329520054987,0.012030048466701903,0.009483753224785204,0.036131364327645965,0.08214871598233982,0.012927650975995568,519.5642999999998,627.2472,3045.2103000000006,2709.4636666666675,2374.5438750000003,2349.9899,2247.8021111111107,2018.6765000000005,1905.8450002999998,1650.6703703333342,1472.6666669999995,-0.39899799999999974,-0.26277555555555576,-0.8600012499999998,1.1959999999999993,1.2733333333333334,-0.5362499999999999,64.2132,68.33911111111112,59.872625,0.02980000000000005,0.026444444444444493,0.025249999999999995,21.101566447700833,18.729998315647606,15.784487114704376,-274.69839999999994,-394.2071111111112,-367.6445,2744.889795879277,2719.447365214175,2478.997433140594,-1.5949979999999992,-1.5361088888888885,-0.32375125000000016,-0.010421471973632093,-0.046314106282576116,-0.0031923106623126113,-0.05939522056975606,-0.011284924049262278,-0.0004962942763106631,-0.0019269017840497643,154.38158571428568,-0.047242666666666655,-0.017229000000000022,0.06447133333333344,-0.030013999999999992,0.015606333333333363,-0.07537099999999987,-0.0909786666666665,-0.019431444444444418,0.0022044600581003337,-0.006143000000000032,0.02812833333333334,-0.03283533333333333,0.004706666666666637,0.06096466666666666,-0.0061929999999999355,0.03098033333333323,0.03717399999999993,0.005138999999999977,0.001647458525333531,-0.024895966666666665
2009,USA,USA,111,306879.72903471405,29898.64421649179,98.24535583925984,98.1711,14478.1,0.1853634516287876,159.27235977766546,-379.736,2001.9268,1582.7735,2017.338,8413.283333,0.16,3.25667,205.521,9.2542,191.19187273737475,0.823,2104.989,3517.677,1.0,8756.681,6175.145,5856.534,3076.391,16643.35546875,8.451820373535156,75.36837768554688,23.002216339111328,0.0,0.0,0.0,0.0,BASE,,,0.2908405065536499,-0.0085149332880973,-0.1522061079740524,0.0055583328939974,,,-0.052933532744646,0.0444185994565486,0.0469012483954429,0.2653037905693054,0.020182279869914,,,,0.032566700130701,0.0255367159843444,0.0692559406161308,0.1159821078181266,-0.0733238905668258,0.19762,0.229073,0.573307,58.0,-0.031453,0.0055989999999999,-0.031304,-0.036903,0.192633,0.0267187788081715,0.027284,0.0347700547598073,0.0200404,-0.0300071,0.228924,0.185515,0.223474,0.176493,0.547602,0.637992,0.00545,0.009022,0.0469809999999999,-0.0014389999999999,0.0434089999999999,-0.0597959999999999,-0.003572,-0.0583579999999999,0.1816216666666666,0.193722,0.0076707191535952,0.0176612118497004,0.0097663,-0.0121411,-0.0111218,-0.0008597999999999,0,0,0,9296.985,8972.786,8366.093,6373.05,6262.08,5935.112,7787.558333,7294.466667,6874.225,3.66667,4.62917,4.79167,1.92,5.02,4.97,217.008,227.811,225.103,0.677,0.626,0.62,159.82819605861545,153.91611925214755,149.67155128852957,-696.526,-736.554,-816.642,31251.266490333088,31654.92675492241,31357.53958773589,3.09667,1.74667,-0.39082999999999934,-0.17832999999999988,0.036131364327645896,0.017720948949869732,0.06759804225725448,-0.04742088836798924,-0.012751893811491815,-0.058116045147969975,0.06191203848337645,0.022443270192913974,149.59629999999987,519.5642999999998,3092.572,3045.2103000000006,2709.4636666666675,2247.3244545454545,2349.9899,2247.8021111111107,2225.6780299090906,1905.8450002999998,1650.6703703333342,-1.3252254545454543,-0.39899799999999974,-0.26277555555555576,-2.0127272727272727,1.1959999999999993,1.2733333333333334,47.57263636363638,64.2132,68.33911111111112,0.0780909090909091,0.02980000000000005,0.026444444444444493,25.09531903165046,21.101566447700833,18.729998315647606,-209.69781818181815,-274.69839999999994,-394.2071111111112,2091.6940953009325,2744.889795879277,2719.447365214175,0.6875018181818182,-1.5949979999999992,-1.5361088888888885,-0.045766040273936825,-0.07905219824099938,0.003592010655674424,-0.11290663534747161,-0.03239207868061307,-0.020677827966795057,0.007802817631096392,27.4009874999997,0.014145333333333315,0.04185233333333335,-0.05599799999999999,-0.02770733333333333,0.05908133333333316,0.06138799999999986,0.0023066666666666682,-0.025568888888888947,-0.008187183152130297,0.022109033333333302,-0.047242666666666655,-0.017229000000000022,0.06447133333333344,-0.030013999999999992,0.015606333333333363,-0.07537099999999987,-0.0909786666666665,-0.019431444444444418,0.0022044600581003337,-0.006143000000000032
2010,USA,USA,111,309238.9292263667,30491.34438076369,99.93163936927324,99.2258870558973,15049.0,0.1798334714388816,161.89994946942898,-432.002,2389.5553,1857.2468,2009.34,8624.216667,0.18,3.21417,197.492,9.6334,196.31943771643373,0.912,2162.706,3457.079,1.0,8954.963,6080.148,6118.608,2933.069,16768.255859375,8.71555233001709,74.88633728027344,22.68913459777832,0.0,0.0,0.0,0.0,BASE,,,0.1385831832885742,0.0079426951706409,0.1010747626423835,0.0031166670378297,,,-0.0390665680170059,0.0470092631876468,0.048920415341854,0.118112713098526,0.0183080546557903,,,,0.032141700387001,0.020470468327403,0.0632834509015083,0.067306563258171,0.0520957149565219,0.201392,0.21467,0.583938,74.0,-0.013278,-0.014403,0.0037719999999999,0.018175,0.20968,0.028876806038757,-0.0056603333333333,0.0224083920961172,0.0120129999999999,-0.0103803,0.19762,0.228924,0.229073,0.223474,0.573307,0.547602,-0.031453,0.00545,0.0055989999999999,0.0469809999999999,-0.031304,0.0434089999999999,-0.036903,-0.003572,0.192633,0.1816216666666666,0.0267187788081715,0.0076707191535952,0.0200404,0.0097663,-0.0300071,-0.0111218,0,0,0,8756.681,9296.985,8972.786,6175.145,6373.05,6262.08,8413.283333,7787.558333,7294.466667,3.25667,3.66667,4.62917,0.16,1.92,5.02,205.521,217.008,227.811,0.823,0.677,0.626,159.27235977766546,159.82819605861545,153.91611925214755,-379.736,-696.526,-736.554,29898.64421649179,31251.266490333088,31654.92675492241,3.03417,3.09667,1.74667,-0.39082999999999934,-0.058116045147970016,-0.031053420261883985,0.08034931787906768,-0.05293353240433543,-0.04328215863698525,0.022643510709137393,0.01684446633499659,0.06741889184433415,-59.37729999999946,149.59629999999987,2294.5536666666667,3092.572,3045.2103000000006,1862.1424166666666,2247.3244545454545,2349.9899,2665.9298607499995,2225.6780299090906,1905.8450002999998,-1.6247899999999995,-1.3252254545454543,-0.39899799999999974,-3.605,-2.0127272727272727,1.1959999999999993,32.121249999999975,47.57263636363638,64.2132,0.21758333333333335,0.0780909090909091,0.02980000000000005,22.448206164729612,25.09531903165046,21.101566447700833,124.56700000000006,-209.69781818181815,-274.69839999999994,564.7639801845544,2091.6940953009325,2744.889795879277,1.98021,0.6875018181818182,-1.5949979999999992,-0.13585290063374028,-0.1206400039762986,0.016016739854244497,-0.1081550398067749,-0.059977609080596225,-0.06367761731849542,0.05199815751940694,-345.6115666666669,-0.022296666666666687,0.03643999999999997,-0.014143333333333286,-0.058737,-0.005412333333333468,-0.03644199999999997,-0.031029666666666664,-0.002737333333333314,0.011810273558122301,0.026690733333333334,0.014145333333333315,0.04185233333333335,-0.05599799999999999,-0.02770733333333333,0.05908133333333316,0.06138799999999986,0.0023066666666666682,-0.025568888888888947,-0.008187183152130297,0.022109033333333302
2011,USA,USA,111,311442.3802729081,30745.45820562164,100.74653502057392,100.18348112451568,15599.7,0.1827566874383776,167.0035371399697,-455.297,2695.4805,2115.8638,2603.702,9253.533333,0.1,2.78583,190.362,8.9492,201.57182890162483,0.958,2303.466,3603.056,1.0,9151.247,6102.623,6191.318,3031.657,17314.04296875,8.766556739807129,70.64887237548828,19.775728225708008,0.0,0.0,0.0,0.0,BASE,,,0.0227300189435482,0.0136519744992256,0.2533893883228302,0.003033332992345,,,-0.0361027270555496,0.0497547015547752,0.0516182631254196,0.0014417694183066,0.0212576016783714,,,,0.0278583001345396,0.0212882496416568,0.0498572178184986,0.0175784230232238,0.1282113641500473,0.191835,0.270628,0.537537,80.0,-0.078794,0.0559579999999999,-0.0095569999999999,-0.065516,0.2224056666666666,0.0072606889709814,-0.0130936666666666,0.0184521905564984,0.0127058999999999,-0.0234557,0.201392,0.19762,0.21467,0.229073,0.583938,0.573307,-0.013278,-0.031453,-0.014403,0.0055989999999999,0.0037719999999999,-0.031304,0.018175,-0.036903,0.20968,0.192633,0.028876806038757,0.0267187788081715,0.0120129999999999,0.0200404,-0.0103803,-0.0300071,0,0,0,8954.963,8756.681,9296.985,6080.148,6175.145,6373.05,8624.216667,8413.283333,7787.558333,3.21417,3.25667,3.66667,0.18,0.16,1.92,197.492,205.521,217.008,0.912,0.823,0.677,161.89994946942898,159.27235977766546,159.82819605861545,-432.002,-379.736,-696.526,30491.34438076369,29898.64421649179,31251.266490333088,2.6858299999999997,3.03417,3.09667,1.74667,0.022643510709137313,-0.015383768316371565,0.02507146445105954,-0.03906656740673701,0.019823646851015845,0.021919018537541746,0.00021960996293779456,0.05096829447531733,-23.89320000000092,-59.37729999999946,2316.331538461538,2294.5536666666667,3092.572,1623.9036923076928,1862.1424166666666,2247.3244545454545,2671.7916670000013,2665.9298607499995,2225.6780299090906,-1.5423061538461535,-1.6247899999999995,-1.3252254545454543,-3.307692307692307,-3.605,-2.0127272727272727,21.621384615384585,32.121249999999975,47.57263636363638,0.289846153846154,0.21758333333333335,0.0780909090909091,23.349010766898544,22.448206164729612,25.09531903165046,62.71892307692309,124.56700000000006,-209.69781818181815,1114.0207613653365,564.7639801845544,2091.6940953009325,1.765386153846154,1.98021,0.6875018181818182,-0.04377226972382128,-0.09491701836609462,-0.04059584189495069,-0.08527515482527859,0.008126330497454554,-0.07451359938887281,0.03082045492135312,-520.0240099999994,-0.0026276666666666393,0.0049899999999999944,-0.002362333333333466,-0.007617666666666666,-0.031449999999999964,0.0196689999999999,0.051119333333333294,0.02035444444444448,0.01152656943493463,0.006124466666666569,-0.022296666666666687,0.03643999999999997,-0.014143333333333286,-0.058737,-0.005412333333333468,-0.03644199999999997,-0.031029666666666664,-0.002737333333333314,0.011810273558122301,0.026690733333333334
2012,USA,USA,111,313661.80559074285,31224.222253421813,102.2599372871511,100.81106593653944,16254.0,0.1896776909125798,170.5406771096513,-418.112,2769.3175,2217.6998,2657.124,10047.91667,0.14,1.8025,190.243,8.0694,207.1004843372882,1.0,2449.988,3536.951,1.0,9444.211,6141.26,6268.85,3273.617,18286.447265625,8.7390775680542,68.8572006225586,18.050573348999023,0.0,0.0,0.0,0.0,BASE,,,0.1690795570611953,0.0521034263074398,0.032299268990755,0.0028250000905245,,,-0.0006251247832551,0.0527285523712635,0.052761536091566,0.1439452469348907,0.0219716094434261,,,,0.0180249996483325,0.0251343175768852,0.0805169343948364,0.1053324937820434,0.0175621341913938,0.183295,0.245959,0.570745,61.0,-0.062664,-0.0246689999999999,-0.0085399999999999,0.01613,0.2381236666666666,0.0290561588365242,-0.0411749999999999,0.0338226924859626,0.0106616,-0.0159148999999999,0.191835,0.201392,0.270628,0.21467,0.537537,0.583938,-0.078794,-0.013278,0.0559579999999999,-0.014403,-0.0095569999999999,0.0037719999999999,-0.065516,0.018175,0.2224056666666666,0.20968,0.0072606889709814,0.028876806038757,0.0127058999999999,0.0120129999999999,-0.0234557,-0.0103803,0,0,0,9151.247,8954.963,8756.681,6102.623,6080.148,6175.145,9253.533333,8624.216667,8413.283333,2.78583,3.21417,3.25667,0.1,0.18,0.16,190.362,197.492,205.521,0.958,0.912,0.823,167.0035371399697,161.89994946942898,159.27235977766546,-455.297,-432.002,-379.736,30745.45820562164,30491.34438076369,29898.64421649179,1.6625,2.6858299999999997,3.03417,3.09667,0.02191901853754166,0.003696456073108657,0.07297087843444817,-0.036102728211775646,0.00833396591782496,0.03201356055628257,-0.004517838633763612,0.04641882191936059,225.88740000000013,-23.89320000000092,2347.163285714285,2316.331538461538,2294.5536666666667,1530.385571428571,1623.9036923076928,1862.1424166666666,3110.266071071428,2671.7916670000013,2665.9298607499995,-1.860481428571429,-1.5423061538461535,-1.6247899999999995,-3.1514285714285712,-3.307692307692307,-3.605,12.947000000000003,21.621384615384585,32.121249999999975,0.31514285714285706,0.289846153846154,0.21758333333333335,26.78481195408935,23.349010766898544,22.448206164729612,34.94399999999996,62.71892307692309,124.56700000000006,1288.56167469719,1114.0207613653365,564.7639801845544,1.2909471428571426,1.765386153846154,1.98021,-0.041129664224353754,-0.0685354848715302,0.010426329157280298,-0.07575168833606502,-0.003988452781694372,-0.07304158136983481,0.02370261112195028,-437.265000000001,-0.017476999999999965,0.04822233333333334,-0.03074533333333329,-0.06570033333333333,0.043232333333333296,-0.014849333333333168,-0.05808266666666667,0.027760777777777745,-0.013828079029193165,-0.001234000000000065,-0.0026276666666666393,0.0049899999999999944,-0.002362333333333466,-0.007617666666666666,-0.031449999999999964,0.0196689999999999,0.051119333333333294,0.02035444444444448,0.01152656943493463,0.006124466666666569
2013,USA,USA,111,315822.3257831831,31581.707325592328,103.42457222904991,101.60437833590105,16843.2,0.1920857921696671,173.06720565942393,-339.455,2766.3755,2286.9813,3685.277,10724.85833,0.11,2.35083,204.3172025259476,7.3749,208.9105369442856,1.007,2775.103,3454.647,1.0,9730.2,6255.0,6246.184,3487.400000000001,19180.232421875,9.080316543579102,68.53228759765625,16.456039428710938,0.0,0.0,0.0,0.0,BASE,,,0.2956359088420868,0.1279627680778503,-0.1324202865362167,0.0020833329763263,,,0.0739801302552223,0.0539826340973377,0.0502640902996063,0.2710347473621368,0.0193552318960428,,,,0.0235082991421222,0.0246011726558208,0.1398430168628692,0.2124046981334686,-0.0651684775948524,0.227356,0.181401,0.591244,68.0,0.045955,-0.064558,0.0440609999999999,0.108619,0.2437523333333333,0.0280441878886397,-0.0515786666666666,0.0341357587484639,-0.0124475999999999,0.0193828999999999,0.183295,0.191835,0.245959,0.270628,0.570745,0.537537,-0.062664,-0.078794,-0.0246689999999999,0.0559579999999999,-0.0085399999999999,-0.0095569999999999,0.01613,-0.065516,0.2381236666666666,0.2224056666666666,0.0290561588365242,0.0072606889709814,0.0106616,0.0127058999999999,-0.0159148999999999,-0.0234557,0,0,0,9444.211,9151.247,8954.963,6141.26,6102.623,6080.148,10047.91667,9253.533333,8624.216667,1.8025,2.78583,3.21417,0.14,0.1,0.18,190.243,190.362,197.492,1.0,0.958,0.912,170.5406771096513,167.0035371399697,161.89994946942898,-418.112,-455.297,-432.002,31224.222253421813,30745.45820562164,30491.34438076369,2.2408300000000003,1.6625,2.6858299999999997,3.03417,0.032013560556282655,0.006331212005067432,0.08584648786718767,-0.0006251247622949947,0.015571862503992041,0.030281936733518755,0.025525363267653905,0.005630608339140822,261.8674999999991,225.88740000000013,2483.6497333333327,2347.163285714285,2316.331538461538,1466.9968666666673,1530.385571428571,1623.9036923076928,3697.2983366666676,3110.266071071428,2671.7916670000013,-2.7197793333333324,-1.860481428571429,-1.5423061538461535,-2.901333333333333,-3.1514285714285712,-3.307692307692307,11.964866666666666,12.947000000000003,21.621384615384585,0.3361333333333333,0.31514285714285706,0.289846153846154,28.536297793498363,26.78481195408935,23.349010766898544,69.79939999999999,34.94399999999996,62.71892307692309,1681.4216108508808,1288.56167469719,1114.0207613653365,0.18155400000000022,1.2909471428571426,1.765386153846154,-0.028097289046730346,-0.06100533716303355,0.022557200793071205,-0.03486325000543687,0.0035343332888794505,-0.03737979628612231,-0.018908880236881042,-151.0456499999998,-0.013653999999999944,0.00783533333333336,0.00581766666666661,-0.021489,-0.04038699999999984,0.003823000000000099,0.04421133333333333,0.029884111111111056,0.008104067563887568,-0.004258166666666599,-0.017476999999999965,0.04822233333333334,-0.03074533333333329,-0.06570033333333333,0.043232333333333296,-0.014849333333333168,-0.05808266666666667,0.027760777777777745,-0.013828079029193165,-0.001234000000000065
2014,USA,USA,111,318106.64657814766,32072.18365577019,105.26225902234812,103.59320965754884,17550.7,0.1963767241032363,175.99797877716017,-369.978,2887.445,2377.4083,3898.497,11387.04167,0.09,2.54083333333333,214.71387433589624,6.1675,215.13480468231728,1.026,3021.487,3506.114,1.0,10273.2,6461.199999999998,6455.991999999999,3836.499999999999,20451.583984375,9.125490188598633,68.76428985595703,16.83882713317871,0.0,0.0,0.0,0.0,BASE,,,0.1581663638353347,0.1063278317451477,0.2438965588808059,0.00089999998454,,,0.0546499751508235,0.0516778528690338,0.0490000024437904,0.1363495588302612,0.0191990341991186,,,,0.0254083331674337,0.0218168143182992,0.130062997341156,0.1327294558286667,0.1223982796072959,0.167395,0.173683,0.658922,92.0,-0.006289,-0.007718,-0.059961,-0.052244,0.2326626666666666,0.0460755764188938,-0.0318343333333333,0.0678485778062689,-0.0355392999999999,0.0326134,0.227356,0.183295,0.181401,0.245959,0.591244,0.570745,0.045955,-0.062664,-0.064558,-0.0246689999999999,0.0440609999999999,-0.0085399999999999,0.108619,0.01613,0.2437523333333333,0.2381236666666666,0.0280441878886397,0.0290561588365242,-0.0124475999999999,0.0106616,0.0193828999999999,-0.0159148999999999,0,0,0,9730.2,9444.211,9151.247,6255.0,6141.26,6102.623,10724.85833,10047.91667,9253.533333,2.35083,1.8025,2.78583,0.11,0.14,0.1,204.3172025259476,190.243,190.362,1.007,1.0,0.958,173.06720565942393,170.5406771096513,167.0035371399697,-339.455,-418.112,-455.297,31581.707325592328,31224.222253421813,30745.45820562164,2.45083333333333,2.2408300000000003,1.6625,2.6858299999999997,0.030281936733518703,0.018520629317110786,0.06737134494965896,0.07398013343958838,0.011448966423217763,0.05580563606092381,0.028071505275781023,0.005398096892799207,365.18480000000005,261.8674999999991,2614.4106250000004,2483.6497333333327,2347.163285714285,1489.0495625000003,1466.9968666666673,1530.385571428571,4143.158850624999,3697.2983366666676,3110.266071071428,-2.001463125,-2.7197793333333324,-1.860481428571429,-2.75,-2.901333333333333,-3.1514285714285712,25.29126502594761,11.964866666666666,12.947000000000003,0.3221249999999999,0.3361333333333333,0.31514285714285706,29.27930773117734,28.536297793498363,26.78481195408935,144.09393750000004,69.79939999999999,34.94399999999996,1933.8178323432185,1681.4216108508808,1288.56167469719,0.7485368750000003,0.18155400000000022,1.2909471428571426,-0.027955760266378946,-0.04474889737345463,0.002578244489337758,0.04206622486347563,-0.0008241850111534582,-0.032163668828986455,-0.0177907573805883,-103.44665384615473,0.03518200000000002,-0.06235133333333334,0.027170666666666676,0.09753366666666666,-0.07018666666666667,0.048835999999999866,0.11902266666666667,0.020349222222222213,0.006312969939885501,-0.024241099999999835,-0.013653999999999944,0.00783533333333336,0.00581766666666661,-0.021489,-0.04038699999999984,0.003823000000000099,0.04421133333333333,0.029884111111111056,0.008104067563887568,-0.004258166666666599
2015,USA,USA,111,320409.9368202732,32703.493039904108,107.70375551270318,106.20567221634752,18206.0,0.198301241357898,176.30116220313286,-408.884,2794.8495,2268.6505,3816.062,12043.525,0.13,2.135833,226.0146045641013,5.28,221.05653652569592,1.001,3249.886,3688.292,1.0,10986.9,6735.0,6805.001,4181.815999999999,21845.42578125,9.322636604309082,71.05863952636719,15.958414077758787,0.0,0.0,0.0,0.0,BASE,,,0.0210293680429458,0.106478676199913,-0.0188571438193321,0.001300000003539,,,0.0559779107570648,0.0505007617175579,0.0478236898779869,-9.24902778933756e-05,0.0211238116025924,,,,0.0213583298027515,0.0211218576878309,0.0461928844451904,0.0654333755373954,-0.0087785720825195,0.183019,0.196511,0.62047,75.0,-0.013493,0.0228279999999999,0.0156239999999999,-0.0072039999999999,0.2003476666666666,0.0396886278086473,-0.0076659999999999,0.0543225909452043,-0.0156062,0.0095269,0.167395,0.227356,0.173683,0.181401,0.658922,0.591244,-0.006289,0.045955,-0.007718,-0.064558,-0.059961,0.0440609999999999,-0.052244,0.108619,0.2326626666666666,0.2437523333333333,0.0460755764188938,0.0280441878886397,-0.0355392999999999,-0.0124475999999999,0.0326134,0.0193828999999999,0,0,0,10273.2,9730.2,9444.211,6461.199999999998,6255.0,6141.26,11387.04167,10724.85833,10047.91667,2.54083333333333,2.35083,1.8025,0.09,0.11,0.14,214.71387433589624,204.3172025259476,190.243,1.026,1.007,1.0,175.99797877716017,173.06720565942393,170.5406771096513,-369.978,-339.455,-418.112,32072.18365577019,31581.707325592328,31224.222253421813,2.005833,2.45083333333333,2.2408300000000003,1.6625,0.055805636060923716,0.032965627498001276,0.0617428519449731,0.050884955752212226,0.015530393120336569,0.06947202429622701,0.039367044450241716,0.014262541879797645,517.1066999999991,365.18480000000005,3003.621764705883,2614.4106250000004,2483.6497333333327,1607.6584117647044,1489.0495625000003,1466.9968666666673,4561.626964117648,4143.158850624999,3697.2983366666676,-1.6937266666666702,-2.001463125,-2.7197793333333324,-2.608235294117647,-2.75,-2.901333333333333,34.200215363781666,25.29126502594761,11.964866666666666,0.3221764705882353,0.3221249999999999,0.3361333333333333,30.487768629432566,29.27930773117734,28.536297793498363,105.09482352941177,144.09393750000004,69.79939999999999,2310.5401723832438,1933.8178323432185,1681.4216108508808,0.9145086274509773,0.7485368750000003,0.18155400000000022,-0.000684825922325244,-0.027507093106723224,-0.003211388795931719,0.016341908122132244,0.0033087532491624383,-0.01872388506592667,-0.0077402619015506414,7.259692857142966,-0.03343366666666667,-0.05897966666666668,0.09241333333333335,0.025545333333333333,0.0033716666666666643,-0.0686156666666667,-0.07198833333333333,-0.002097888888888899,0.02462189785351204,-0.039179266666666566,0.03518200000000002,-0.06235133333333334,0.027170666666666676,0.09753366666666666,-0.07018666666666667,0.048835999999999866,0.11902266666666667,0.020349222222222213,0.006312969939885501,-0.024241099999999835
2016,USA,USA,111,322701.24635892856,33012.76787083851,108.75603486121952,108.05177380324952,18695.1,0.1958307080041574,178.57503789792818,-397.573,2738.3593,2232.1095,3509.753,12860.225,0.39,1.84166667,238.75575948983112,4.8692,223.7077351286493,1.052,3267.961,3852.612,1.0,11698.2,7146.099999999999,7202.766,4495.528,23020.064453125,9.278051376342772,70.90855407714844,15.484299659729004,0.0,0.0,0.0,0.0,BASE,,,0.0364933162927627,0.1079277470707893,0.0022782399319112,0.004,,,0.0583002567291259,0.0496274903416633,0.0468935817480087,0.0148675581440329,0.0213089492172002,,,,0.018417,0.0216257590800523,0.0485363453626632,0.067177303135395,0.0031391200609505,0.18536,0.222236,0.592405,60.0,-0.036876,0.0257249999999999,0.002341,-0.023383,0.1838649999999999,0.0116117555950857,0.0087243333333333,0.0324432783382526,0.0145332999999999,-0.0255697,0.183019,0.167395,0.196511,0.173683,0.62047,0.658922,-0.013493,-0.006289,0.0228279999999999,-0.007718,0.0156239999999999,-0.059961,-0.0072039999999999,-0.052244,0.2003476666666666,0.2326626666666666,0.0396886278086473,0.0460755764188938,-0.0156062,-0.0355392999999999,0.0095269,0.0326134,0,0,0,10986.9,10273.2,9730.2,6735.0,6461.199999999998,6255.0,12043.525,11387.04167,10724.85833,2.135833,2.54083333333333,2.35083,0.13,0.09,0.11,226.0146045641013,214.71387433589624,204.3172025259476,1.001,1.026,1.007,176.30116220313286,175.99797877716017,173.06720565942393,-408.884,-369.978,-339.455,32703.493039904108,32072.18365577019,31581.707325592328,1.4516666699999998,2.005833,2.45083333333333,2.2408300000000003,0.06947202429622697,0.042376029220578544,0.05765178955387094,0.05263157894736837,0.019684016246281917,0.06474073669551927,0.051853199030223195,0.01989175858626947,661.7700000000006,517.1066999999991,3550.4538888888883,3003.621764705883,2614.4106250000004,1792.1440555555555,1607.6584117647044,1489.0495625000003,4964.686573888889,4561.626964117648,4143.158850624999,-2.004631074074074,-1.6937266666666702,-2.001463125,-2.4233333333333333,-2.608235294117647,-2.75,43.60093362733218,34.200215363781666,25.29126502594761,0.27927777777777774,0.3221764705882353,0.3221249999999999,29.097187131547884,30.487768629432566,29.27930773117734,60.350222222222214,105.09482352941177,144.09393750000004,2813.4862136069787,2310.5401723832438,1933.8178323432185,0.4187022592592593,0.9145086274509773,0.7485368750000003,0.013021846190761847,-0.016478627083750468,-0.007113545963743771,0.017127242604221785,0.0072677438310394075,-0.005067487669324772,-0.0016272788262319017,158.69761333333253,-0.009663000000000033,-0.0038366666666666827,0.013499666666666577,-0.005827000000000007,0.05514299999999986,0.02377066666666657,-0.03137233333333323,-0.037831888888888915,0.005296653427294726,-0.0031644333333333986,-0.03343366666666667,-0.05897966666666668,0.09241333333333335,0.025545333333333333,0.0033716666666666643,-0.0686156666666667,-0.07198833333333333,-0.002097888888888899,0.02462189785351204,-0.039179266666666566
2017,USA,USA,111,324756.93539600546,33543.679861697616,110.59109871405998,109.97804259715528,19479.6,0.2045465439,182.41536129358252,-361.702,2923.6905,2383.7583,3823.708,13592.46667,1.0,2.33,253.5221207276517,4.3552,230.12066380529,1.046,3316.182,3981.628,1.0,12263.2,7479.9,7539.187,4724.152,24702.212890625,9.349651336669922,71.36942291259766,15.20024299621582,0.0,0.0,0.0,0.0,BASE,,,0.193025454878807,0.1130705773830413,0.0251674745231866,0.01,,,0.0643882751464843,0.048682302236557,0.0457373522222042,0.1703632324934005,0.0193634070456028,,,,0.0233,0.0226622205227613,0.1213807165622711,0.1608807891607284,0.0175837371498346,0.197608,0.158729,0.643662,58.0,0.038879,-0.0635069999999999,0.012248,0.0757549999999999,0.1974766666666666,0.0242909002783621,-0.0188859999999999,0.0159907623020291,-0.0019136999999999,0.0112120999999999,0.18536,0.183019,0.222236,0.196511,0.592405,0.62047,-0.036876,-0.013493,0.0257249999999999,0.0228279999999999,0.002341,0.0156239999999999,-0.023383,-0.0072039999999999,0.1838649999999999,0.2003476666666666,0.0116117555950857,0.0396886278086473,0.0145332999999999,-0.0156062,-0.0255697,0.0095269,0,0,0,11698.2,10986.9,10273.2,7146.099999999999,6735.0,6461.199999999998,12860.225,12043.525,11387.04167,1.84166667,2.135833,2.54083333333333,0.39,0.13,0.09,238.75575948983112,226.0146045641013,214.71387433589624,1.052,1.001,1.026,178.57503789792818,176.30116220313286,175.99797877716017,-397.573,-408.884,-369.978,33012.76787083851,32703.493039904108,32072.18365577019,1.33,1.4516666699999998,2.005833,2.45083333333333,0.06474073669551932,0.061039346696362205,0.06781237220830287,0.05637314876312004,0.009456935702771205,0.04829802875656086,0.06333946568422337,0.0069401161506729816,668.1300000000002,661.7700000000006,4074.887894736843,3550.4538888888883,3003.621764705883,2108.920684210525,1792.1440555555555,1607.6584117647044,5520.087280526317,4964.686573888889,4561.626964117648,-2.1932905054385965,-2.004631074074074,-1.6937266666666702,-2.0357894736842104,-2.4233333333333333,-2.608235294117647,54.04730257267613,43.60093362733218,34.200215363781666,0.3155789473684212,0.27927777777777774,0.3221764705882353,29.839631924682777,29.097187131547884,30.487768629432566,68.48489473684214,60.350222222222214,105.09482352941177,2974.6828227725928,2813.4862136069787,2310.5401723832438,-0.1575010317543859,0.4187022592592593,0.9145086274509773,0.007567122690567432,0.0031001696744637694,0.0034422336886739124,0.019917298941961134,-0.0033631002586401604,0.0067168664946356815,-0.014483198977932394,293.44231250000064,-0.007230000000000014,0.038371000000000016,-0.031140333333333325,-0.04560033333333334,0.0422076666666666,0.0024330000000000675,-0.03977333333333337,-0.041722555555555624,-0.026324375110307895,0.03573099999999983,-0.009663000000000033,-0.0038366666666666827,0.013499666666666577,-0.005827000000000007,0.05514299999999986,0.02377066666666657,-0.03137233333333323,-0.037831888888888915,0.005296653427294726,-0.0031644333333333986
2018,USA,USA,111,326497.1325750366,34338.77075550321,113.30686131104088,112.56730578873464,20527.2,0.2085860757310456,186.8620515411824,-438.241,3129.697,2533.5115,3372.911,14116.525,1.83,2.91,269.2813334344672,3.8956,237.5065624087644,1.054,3329.907,4109.044,1.0,12814.851,7662.869,7748.290000000001,5066.561,26289.54296875,9.391540485854245,72.05500594840818,14.785629281294757,0.0,0.0,0.0,0.0,BASE,,,0.1420751363039016,0.1129304617643356,-0.0171380322426557,0.0183,,,0.0655386447906494,0.0473918206989765,0.0444768667221069,0.1210932061076164,0.0187155995517969,,,,0.0291,0.0209819320589303,0.0922103226184845,0.1295852661132812,0.0005809838767163,0.21862,0.120791,0.660589,50.0,0.097829,-0.037938,0.021012,0.05895,0.192492,0.0319436853384202,-0.0038299999999999,0.038790916243368,-0.0290666999999999,0.0409721,0.197608,0.18536,0.158729,0.222236,0.643662,0.592405,0.038879,-0.036876,-0.0635069999999999,0.0257249999999999,0.012248,0.002341,0.0757549999999999,-0.023383,0.1974766666666666,0.1838649999999999,0.0242909002783621,0.0116117555950857,-0.0019136999999999,0.0145332999999999,0.0112120999999999,-0.0255697,0,0,0,12263.2,11698.2,10986.9,7479.9,7146.099999999999,6735.0,13592.46667,12860.225,12043.525,2.33,1.84166667,2.135833,1.0,0.39,0.13,253.5221207276517,238.75575948983112,226.0146045641013,1.046,1.052,1.001,182.41536129358252,178.57503789792818,176.30116220313286,-361.702,-397.573,-408.884,33543.679861697616,33012.76787083851,32703.493039904108,1.08,1.33,1.4516666699999998,2.005833,0.048298028756560835,0.0467107932998419,0.05693848046982066,0.06184714148623289,0.016082019930479228,0.04498426185661164,0.06083692991610238,0.011113698858018254,604.8853000000001,668.1300000000002,4436.1435,4074.887894736843,3550.4538888888883,2337.2746499999994,2108.920684210525,1792.1440555555555,5976.3245865,5520.087280526317,4964.686573888889,-1.5952926501666664,-2.1932905054385965,-2.004631074074074,-1.3239999999999998,-2.0357894736842104,-2.4233333333333333,66.11129868186288,54.04730257267613,43.60093362733218,0.29380000000000006,0.3155789473684212,0.27927777777777774,32.18797372410299,29.839631924682777,29.097187131547884,100.93165000000005,68.48489473684214,60.350222222222214,3356.8606724930723,2974.6828227725928,2813.4862136069787,-0.2712926501666666,-0.1575010317543859,0.4187022592592593,-0.009273854863684088,-0.011391550547028305,-0.007612828243949023,0.02434301277339182,0.003438989245838398,0.0038411714768127048,-0.009504994105146434,282.5410000000003,0.01901666666666668,-0.03874766666666665,0.019729666666666645,0.057765,-0.0771186666666665,0.0262466666666667,0.1033653333333332,-0.00814844444444443,-0.008167752995846836,0.010290366666666767,-0.007230000000000014,0.038371000000000016,-0.031140333333333325,-0.04560033333333334,0.0422076666666666,0.0024330000000000675,-0.03977333333333337,-0.041722555555555624,-0.026324375110307895,0.03573099999999983
2019,USA,USA,111,328018.6819157385,34961.83505132533,115.22969154991102,114.50945545179096,21372.6,0.2102050859806491,190.24759979787768,-472.145,3115.9903,2519.727,3426.5,14836.525,2.16,2.144167,282.98637068818806,2.0,245.02978774596224,1.068,3463.364,4446.956,1.0,13455.427,8088.819,8138.447,5316.98,27560.982421875,9.315319346513276,71.25130722810971,14.10897557732,0.0,0.0,0.0,0.0,BASE,,,0.0816365256905555,0.0892851948738098,0.1186676025390625,0.0216,,,0.0431597232818603,0.0461254753172397,0.0442170798778533,0.0611440986394882,0.0193116329610347,,,,0.021442,0.0204924251884222,0.0806057900190353,0.0847758129239082,0.0701337978243827,0.165843,0.121135,0.713022,79.0,0.044708,0.000344,-0.052777,-0.053121,0.1672519999999999,0.0512567376351637,0.0332773333333333,0.0675269817060805,-0.0341241,0.0303702,0.21862,0.197608,0.120791,0.158729,0.660589,0.643662,0.097829,0.038879,-0.037938,-0.0635069999999999,0.021012,0.012248,0.05895,0.0757549999999999,0.192492,0.1974766666666666,0.0319436853384202,0.0242909002783621,-0.0290666999999999,-0.0019136999999999,0.0409721,0.0112120999999999,0,0,0,12814.851,12263.2,11698.2,7662.869,7479.9,7146.099999999999,14116.525,13592.46667,12860.225,2.91,2.33,1.84166667,1.83,1.0,0.39,269.2813334344672,253.5221207276517,238.75575948983112,1.054,1.046,1.052,186.8620515411824,182.41536129358252,178.57503789792818,-438.241,-361.702,-397.573,34338.77075550321,33543.679861697616,33012.76787083851,-0.015833000000000208,1.08,1.33,1.4516666699999998,0.04498426185661163,0.024461423281059914,0.038555057203609085,0.06216109529844516,0.023703150551275136,0.049987003360397964,0.05267434243623059,0.010580343358428673,582.3332000000014,604.8853000000001,4776.549571428572,4436.1435,4074.887894736843,2408.9448571428575,2337.2746499999994,2108.920684210525,6215.796031428572,5976.3245865,5520.087280526317,-0.9393263334920632,-1.5952926501666664,-2.1932905054385965,-0.43095238095238075,-1.3239999999999998,-2.0357894736842104,78.72235430858964,66.11129868186288,54.04730257267613,0.28780952380952385,0.29380000000000006,0.3155789473684212,35.10190331817415,32.18797372410299,29.839631924682777,19.586380952380978,100.93165000000005,68.48489473684214,3992.1010580847105,3356.8606724930723,2974.6828227725928,-0.5083739525396822,-0.2712926501666666,-0.1575010317543859,-0.012123929020449085,-0.033071343038458885,-0.02561561009796314,0.0234398159469345,0.010888170404342385,-0.004523582922891324,-0.009538086757096728,203.599577777778,0.02995766666666666,-0.071701,0.041743333333333354,0.101659,-0.03295333333333331,0.010941000000000032,0.043893999999999996,-0.0014044444444443471,0.006746590777721835,-0.028071166666666564,0.01901666666666668,-0.03874766666666665,0.019729666666666645,0.057765,-0.0771186666666665,0.0262466666666667,0.1033653333333332,-0.00814844444444443,-0.008167752995846836,0.010290366666666767
2020,USA,USA,111,329239.7152777321,33646.26175527241,110.82304924376308,109.79316590522237,20893.7,0.2143676106325694,192.622536634664,-616.087,2774.597,2123.4105,5206.5,17677.43333,0.37,0.8941666,305.2215031887959,8.05,259.1803096049441,1.281,3421.162,6550.396,1.0,14528.895,8896.753,8682.248,5846.647000000001,30068.0234375,8.533193782131667,59.40990723942182,10.972219200594214,0.0,0.0,0.0,0.0,BASE,,,0.1253541558980941,0.1241714805364608,0.1186563298106193,0.0038,,,0.0785731077194213,0.0455983765423297,0.0422765761613845,0.1050643324851989,0.0183607600629329,,,,0.008942,0.02028982155025,0.106476329267025,0.1249021142721176,0.0612281635403633,0.209843,0.15184,0.638317,67.0,0.058003,0.0307049999999999,0.044,0.013295,0.1335516666666666,0.0218048886567519,0.060472,0.0324831248035037,-0.0020323,0.0004251,0.165843,0.21862,0.121135,0.120791,0.713022,0.660589,0.044708,0.097829,0.000344,-0.037938,-0.052777,0.021012,-0.053121,0.05895,0.1672519999999999,0.192492,0.0512567376351637,0.0319436853384202,-0.0341241,-0.0290666999999999,0.0303702,0.0409721,0,0,0,13455.427,12814.851,12263.2,8088.819,7662.869,7479.9,14836.525,14116.525,13592.46667,2.144167,2.91,2.33,2.16,1.83,1.0,282.98637068818806,269.2813334344672,253.5221207276517,1.068,1.054,1.046,190.24759979787768,186.8620515411824,182.41536129358252,-472.145,-438.241,-361.702,34961.83505132533,34338.77075550321,33543.679861697616,0.5241666,-0.015833000000000208,1.08,1.33,0.04998700336039796,0.055586230170449315,0.051004053759689444,0.05089486552567214,0.01814463016915851,0.07977955660567293,0.047756431324523486,0.002544965907869588,743.7660999999998,582.3332000000014,5200.009681818181,4776.549571428572,4436.1435,2725.3973636363644,2408.9448571428575,2337.2746499999994,6653.259848181818,6215.796031428572,5976.3245865,-1.6624626819696964,-0.9393263334920632,-1.5952926501666664,-0.08136363636363653,-0.43095238095238075,-1.3239999999999998,88.84910273010192,78.72235430858964,66.11129868186288,0.28872727272727283,0.28780952380952385,0.29380000000000006,36.89191051495243,35.10190331817415,32.18797372410299,-15.207909090909084,19.586380952380978,100.93165000000005,4433.706214902984,3992.1010580847105,3356.8606724930723,-1.5810990456060605,-0.5083739525396822,-0.2712926501666666,-0.006543857563308039,-0.0003717102900952507,-0.011946822584836925,0.0110574044624027,0.004811165717257072,-0.009215314888453861,-0.01709655986980098,170.33171052631724,-0.03468633333333335,-0.04611699999999998,0.08080333333333345,0.011430666666666658,0.025583999999999996,-0.064644,-0.0902283333333333,-0.024025888888888958,0.028641290564541035,-0.02864173333333336,0.02995766666666666,-0.071701,0.041743333333333354,0.101659,-0.03295333333333331,0.010941000000000032,0.043893999999999996,-0.0014044444444443471,0.006746590777721835,-0.028071166666666564
