tloans_lag1_dm,tmort_lag1_dm,money_lag1_dm,ltrate_lag1_dm,stir_lag1_dm,hpnom_lag1_dm,debtgdp_lag1_dm,cpi_lag1_dm,ca_lag1_dm,rgdpmad_lag1_dm,term_spread_lag1_dm,tloans_gr_lag1_dm,tmort_gr_lag1_dm,money_gr_lag1_dm,hpnom_gr_lag1_dm,rgdpmad_gr_lag1_dm,tloans_gr_roll3_mean_lag1_dm,tloans_gr_roll3_std_lag1_dm,tloans_slope4_lag1_dm,tloans_lag2_dm,tmort_lag2_dm,money_lag2_dm,ltrate_lag2_dm,stir_lag2_dm,hpnom_lag2_dm,debtgdp_lag2_dm,cpi_lag2_dm,ca_lag2_dm,rgdpmad_lag2_dm,term_spread_lag2_dm,tloans_lag3_dm,tmort_lag3_dm,money_lag3_dm,ltrate_lag3_dm,stir_lag3_dm,hpnom_lag3_dm,debtgdp_lag3_dm,cpi_lag3_dm,ca_lag3_dm,rgdpmad_lag3_dm,term_spread_lag3_dm,P_pos_lag1_rdm,P_neg_lag1_rdm,P_neutral_lag1_rdm,net_sentiment_lag1_rdm,P_neg_change_lag1_rdm,P_pos_change_lag1_rdm,net_sent_change_lag1_rdm,P_neg_roll3_mean_lag1_rdm,P_neg_roll3_std_lag1_rdm,P_neg_slope4_lag1_rdm,P_pos_lag2_rdm,P_neg_lag2_rdm,P_neutral_lag2_rdm,net_sentiment_lag2_rdm,P_neg_change_lag2_rdm,P_pos_change_lag2_rdm,net_sent_change_lag2_rdm,P_neg_roll3_mean_lag2_rdm,P_neg_roll3_std_lag2_rdm,P_neg_slope4_lag2_rdm
0.027066983,0.0,0.0,-0.5091791,0.16649915,0.017656855,0.0038766502,-0.038141266,-0.14451063,-0.002357933,-0.6621739,0.5833032,-0.0030780097,-0.23279914,-0.0018489959,-0.01163004,-0.122810274,-0.010351734,0.51338404,-0.03116097,-0.0022366676,-0.001275141,-0.28535542,-0.13136879,0.02910268,0.0048747873,-0.078404546,-0.0868153,0.13614441,-0.079653375,0.007267298,0.0,0.0,-1.3006511,-0.28155333,0.014823176,0.10822393,0.33193976,0.0033787454,0.4758753,-3.083754,-0.014676571,0.0,-0.036789227,0.0,0.0,-0.006066266,0.0009153518,0.0,-0.121395655,-0.037658807,0.0115944715,-0.02479139,0.03678362,-0.009787349,0.02162998,0.007850672,-0.039060403,0.0,-0.00085498113,0.0
0.015148295,0.0,0.0,0.113866515,0.30006844,0.041001663,0.0066152965,-0.034700397,-0.13923109,-0.002357933,0.18590882,0.5345719,0.0035503432,0.14329769,-0.018309247,0.00228459,0.1728981,0.001850009,0.50225705,-0.03116097,-0.0022366676,-0.001275141,-0.3347888,-0.21351515,0.03405964,0.011847138,-0.09716966,0.110683054,0.16180526,0.04218224,-0.006948881,0.0,0.0,0.12079352,-0.3901133,0.0042563216,0.14555335,-0.19632806,-0.005905031,0.6006246,-4.6862044,-0.014676571,0.0,-0.03198052,0.0,0.0,0.014793489,-0.0006143737,0.0,-0.08079827,-0.037658807,0.0019928613,-0.024161957,0.04829104,-0.0134529155,-0.13962974,-0.018251702,-0.034286644,0.0,-0.00085498113,0.0
0.016011097,0.0,0.0,-0.81095004,0.3698804,0.05428181,-0.019747447,-0.00867285,0.018922763,-0.0013584122,0.18133305,0.09748842,-0.009916918,-0.28171396,-0.047800418,-0.0012140647,0.30686784,-0.0008144094,0.6146406,-0.03116097,-0.0022366676,-0.0023781627,-0.29534814,-0.3788874,-0.056887712,0.0034453347,-0.1562805,0.096269906,-0.1130611,-0.1800573,-0.019534145,0.0,0.0,-2.4272172,-0.24199097,-0.012975651,0.16463749,-0.36077708,0.0033787454,-0.32097772,0.72558576,-0.014676571,0.0,0.075944014,0.0,0.0,-0.019986318,0.00089740404,0.0,0.054602508,-0.07939269,-0.03196219,-0.020407379,0.047775045,-0.020515643,-0.12561676,0.0012538496,0.014118151,0.0,-0.00085498113,0.0
0.0010337285,0.0,0.0,0.10434201,0.27056623,0.06986112,-0.04190192,-0.049668517,-0.024782864,-0.0013584122,-0.18119659,-0.61549896,-0.013224944,-0.25116307,-0.11356238,-0.0026643244,0.22581406,-0.0008144094,0.20453757,-0.03116097,-0.007275651,-0.0074840584,-0.25141358,-0.27338058,-0.009795051,0.0045563,-0.21003532,0.09486596,-0.16781446,-0.15786262,-0.019534145,0.0,0.0,0.13734126,-0.38592482,-0.00837385,0.110821195,-0.26558,0.004154968,-0.8975394,-3.8584957,-0.014676571,0.0,0.081154406,0.0,0.0,0.0066854027,-0.0006143737,0.0,-0.045326557,-0.049586687,-0.01681659,0.036257386,-0.08109002,0.037742853,-0.064006664,0.010735758,-0.014019014,0.0,0.0017695283,0.0
0.0017742505,0.0,0.0,-0.42457834,0.20893006,0.051968224,-0.042404238,-0.049668517,-0.019619027,-0.002357933,-0.11992885,-0.5833729,-0.013224944,0.14206736,0.028358625,-0.015348578,0.0942867,-0.0008144094,0.24009421,-0.03116097,-0.007275651,-0.0074840584,-0.19507994,-0.26427245,0.003317849,0.002816802,-0.18700215,0.092716604,-0.11992077,-0.24702343,-0.019534145,0.0,0.0,-1.0854151,-0.22662525,-0.008164787,0.08966872,-0.23827249,0.0029828276,-0.90821564,-3.0100737,-0.014676571,0.0,-0.026883516,0.0,0.0,-0.018613141,-0.0006143737,0.0,-0.079821736,-0.043151718,-0.03196219,0.05672829,-0.058301594,-0.005452546,0.02723469,0.0027969673,0.014118151,0.0,-0.0013261922,0.0
0.015562663,0.0,0.0,-0.43001428,0.19720241,0.051217422,-0.04184476,-0.044265043,-0.20393726,-0.002357933,-0.12669788,0.8574407,-0.013224944,0.30532452,-0.018584944,-0.0012140647,0.16236395,0.00090401294,0.5313232,-0.03116097,-0.0022366676,-0.0023781627,-0.22752674,-0.28140956,-0.04084101,0.0045563,-0.19306344,0.044633117,-0.16455734,-0.23868117,-0.019534145,0.0,0.0,0.084095925,-0.21088599,-0.0089113675,0.113578364,-0.23231193,0.0033787454,-0.72765255,-3.8139777,-0.014676571,0.0,-0.03735039,0.0,0.0,-0.014441645,-0.0036583229,0.0,0.17335966,-0.03983094,0.009327353,-0.06086106,-0.11125281,-0.0134529155,0.02981198,0.010735758,-0.03426402,0.0,-0.00085498113,0.0
0.012235245,0.0,0.0,-0.41929188,0.18825404,0.051217422,-0.04184476,-0.049668517,-0.08432522,-0.002357933,-0.12087022,0.015536584,0.0035503432,0.27904087,-0.03380435,-0.00999968,0.18690762,-0.0008144094,0.5172831,-0.03116097,-0.0022366676,-0.0023781627,-0.23344503,-0.2612047,-0.04668206,0.002816802,-0.19306344,0.038709663,-0.12165498,-0.21648647,-0.019534145,0.0,0.0,-1.1138538,-0.21694818,-0.0089113675,0.08966872,-0.21271329,0.0033787454,-0.8252158,-3.0130973,-0.014676571,0.0,-0.03735039,0.0,0.0,0.016875984,-0.0036583229,0.0,0.17335966,-0.03983094,0.008331044,-0.062429726,0.031164877,-0.014226835,0.02981198,-0.014822126,-0.014019014,0.0,0.00062446354,0.0
0.0010532113,0.0,0.0,0.09322696,-0.7006047,0.06346814,-0.045142885,-0.050544795,-0.024898564,-0.002357933,-0.4734342,-0.66005737,0.0035503432,-0.47703224,-0.008012856,-0.0078400355,-0.10798538,0.00276636,0.37183446,-0.03116097,-0.007275651,-0.0074840584,-0.18762116,-0.11154617,-0.021618359,0.0022344845,-0.19551143,0.10062389,-0.11544542,-0.13830669,-0.019534145,0.0,0.0,-0.87643075,-0.23228344,-0.012855856,0.07687541,-0.25736913,-0.0019809995,-0.7536644,-2.3031626,-0.014676571,0.0,-0.04155249,0.0,0.0,0.006634303,0.0009153518,0.0,-0.19826964,-0.03983094,-0.03196219,-0.033993445,0.02913189,-0.014226835,0.017104328,0.00939379,-0.0021934328,0.0,0.00062446354,0.0
0.0016640015,0.0,0.0,-0.4521015,0.21291897,0.052338228,-0.16526324,-0.042132888,-0.022746822,-0.002357933,-0.7347776,-0.64067346,-0.013224944,-0.31177288,-0.006896055,-0.00043814734,-0.33806267,0.00276636,0.312763,-0.03116097,-0.007275651,-0.008442134,0.045937873,0.038034268,-0.020371303,0.002816802,-0.18212897,0.089013115,-0.11816,0.012974138,-0.019534145,0.0,0.0,-1.0725775,-0.19759683,-0.014444738,0.084099844,-0.19056097,-0.0019809995,-0.924821,-2.5879822,-0.014676571,0.0,-0.038434327,0.0,0.0,-0.015039109,0.0009153518,0.0,-0.08302508,0.0784236,0.036370125,-0.04131477,0.020119565,-0.0134529155,-0.0312002,-0.017048258,-0.015481688,0.0,-0.00085498113,0.0
0.0056065936,0.0,0.0,0.1959354,0.6252143,0.08864322,-0.17858385,-0.01892078,0.055025533,-0.007975809,0.19977374,-0.5261818,-0.009916918,-1.0069004,-0.2760708,-0.01849075,-0.36676738,-0.0008144094,-0.3484913,-0.010943234,-0.007275651,-0.008442134,-0.19493549,-0.18897879,-0.0009812686,0.0066198586,-0.17908481,0.10235089,-0.16025984,0.008925885,-0.00683208,0.0,0.0,0.2756106,-0.08605543,-0.08242223,0.1925807,-0.3661052,-0.0019809995,-1.449328,1.1840436,-0.051667668,0.0,-0.108739614,0.0,0.0,0.025952544,-0.00022293709,0.0,-0.10757829,-0.041166484,0.030320121,0.09381364,0.01092899,-0.041428573,-0.1165633,-0.039567877,-0.041231986,0.0,-0.0103695225,0.0
0.005877615,0.0,0.0,-0.4792158,0.32482892,0.07144571,-0.1666897,-0.019845285,0.043805555,-0.0027831106,-0.60425663,-0.5055535,-0.009916918,-0.69212687,-0.1633235,-0.031664558,-0.3333872,-0.0008144094,-0.38854298,-0.010943234,-0.007275651,-0.008442134,0.045159914,-0.33486617,-0.006822321,0.0034453347,-0.1956746,0.101451874,-0.13087127,-0.23438868,-0.00683208,0.0,0.0,-1.635264,-0.17930907,-0.01619319,0.10507279,-0.42929024,-0.0019809995,-1.2662203,0.69823307,-0.051667668,0.0,0.22230431,0.0,0.0,0.025952544,-0.00022293709,0.0,-0.10724774,-0.041166484,-0.03164109,-0.08374222,-0.052968454,-0.07425387,0.0251319,0.018428015,0.0026029474,0.0,-0.0018100786,0.0
0.0016640015,0.0,0.0,-0.4266869,-0.8698898,0.048077554,-0.18135443,-0.04313225,-0.026690552,-0.0013584122,-0.5468965,-0.74051905,-0.013224944,-0.48146677,0.0125353495,-0.010282104,-0.32336324,-0.002492165,0.24225026,-0.03116097,-0.007275651,-0.008442134,0.06712064,0.038140044,-0.014530249,-0.012673276,-0.19063222,0.101892605,-0.13758162,-0.109451905,-0.019534145,0.0,0.0,0.22375046,-0.15547915,-0.012855856,0.076904714,-0.26387846,-0.0019809995,-0.8999934,-2.24126,-0.014676571,0.0,0.057933886,0.0,0.0,0.006634303,0.0009153518,0.0,-0.06167387,0.0784236,-0.03196219,0.0128706265,-0.046945054,-0.0134529155,-0.015335747,0.014910354,0.009321772,0.0,-0.00085498113,0.0
0.0006840653,0.0,0.0,-0.015912868,-0.9547116,0.06374496,-0.19324858,-0.04313225,-0.024898855,-0.002357933,-0.6171245,-0.5700277,-0.013224944,-0.40278798,-0.0077486006,0.004251516,-0.32240528,-0.0013412805,0.22081052,-0.03116097,-0.007275651,-0.008442134,0.050948814,0.02929242,-0.021579992,-0.012673276,-0.1798946,0.097971395,-0.13458905,-0.0089106,-0.019534145,0.0,0.0,-0.2390178,0.06872309,-0.018381447,-0.53015345,-0.23214734,0.032174148,-0.7864213,-2.0807016,-0.014676571,0.0,-0.03454068,0.0,0.0,-0.014615018,-0.0006143737,0.0,-0.079821736,-0.03983094,-0.03164202,0.048725247,-0.046945054,-0.0134529155,0.027074583,-0.017048258,-0.016163256,0.0,-0.00085498113,0.0
0.0017575263,0.0,0.0,-0.5192633,-1.953376,0.054266177,-0.28477728,-0.019421758,0.045050226,-0.002357933,0.15872009,-0.7395253,-0.009916918,-0.58279604,-0.009233762,-0.006174762,-0.42583266,-0.0005808475,0.40856767,-0.03116097,-0.007275651,-0.008442134,0.03325371,0.057955462,-0.017708525,-0.09073291,-0.17896011,0.11041014,-0.14377314,0.060401,-0.019534145,0.0,0.0,-0.25779936,-0.1648386,-0.032263752,-0.7630711,-0.36045665,0.02721032,-0.9149008,0.59404427,-0.014676571,0.0,-0.05166667,0.0,0.0,-0.030862173,-0.00022293709,0.0,-0.15159322,-0.03567914,0.036691226,-0.040235415,0.020119565,-0.020515643,0.06323101,-0.017048258,0.027331747,0.0,-0.00085498113,0.0
0.001463946,0.0,0.0,-0.5192633,-1.953376,0.054266177,-0.28477728,-0.019421758,0.045050226,-0.002357933,0.13826972,-0.75363684,-0.009916918,-0.606802,0.001111018,-0.00062223955,-0.42583266,-0.0005808475,0.37452412,-0.03116097,-0.007275651,-0.008442134,0.03325371,0.059345834,-0.017708525,-0.09073291,-0.17896011,0.11041014,-0.14377314,0.025649317,-0.019534145,0.0,0.0,-0.27945837,-0.1637154,-0.032263752,-0.76344556,-0.37553644,0.02721032,-0.9150202,0.5962475,-0.014676571,0.0,-0.05166667,0.0,0.0,0.0031655147,-0.00022293709,0.0,-0.14945574,-0.03567914,-0.016175319,-0.026453841,0.014374604,-0.020515643,-0.08378652,0.0038410167,0.03454832,0.0,-0.00085498113,0.0
0.0006840653,0.0,0.0,-0.3549353,-0.8846309,0.045103535,-0.19324858,-0.04313225,-0.09286366,-0.0013584122,-0.6356026,-0.60280854,-0.013224944,-0.39791793,-0.004467614,-0.005990669,-0.32240528,-0.0013412805,0.2868561,-0.03116097,-0.007275651,-0.008442134,0.050948814,0.028848473,-0.021579992,-0.05847598,-0.1850214,0.10279164,-0.1318888,-0.0039132796,-0.019534145,0.0,0.0,-0.2699491,-0.05601906,-0.025561795,-0.4498557,-0.2649544,0.02721032,-0.75618434,-1.858907,-0.014676571,0.0,0.05988257,0.0,0.0,-0.03369679,0.0009153518,0.0,-0.05918855,-0.043151718,-0.03164202,-0.032238014,-0.046945054,-0.0134529155,0.02752465,0.010437839,0.014571429,0.0,-0.00085498113,0.0
0.004011695,0.0,0.0,-0.35485238,-0.8771952,0.045103535,-0.15490673,-0.041010477,-0.099703416,-0.007975809,-0.5415725,-0.4052873,-0.0069051003,-0.39383525,-0.065572076,-0.03675393,-0.29824746,-0.0013412805,-0.35677412,-0.010943234,-0.007275651,-0.008442134,0.044395268,0.028848473,-0.01201961,-0.05847598,-0.18171772,-0.15218155,-0.13292,-0.018525261,-0.00683208,0.0,0.0,-0.24383684,-0.053933874,-0.028779335,-0.44764566,-0.34067574,0.032174148,-0.7415966,-1.7086091,-0.051667668,0.0,-0.10132933,0.0,0.0,-0.0413837,-0.0006143737,0.0,-0.10356374,0.07659811,-0.03164202,0.12025286,-0.055241037,-0.03686745,-0.05674323,-0.0012247749,-0.016163256,0.0,0.0013220506,0.0
0.005214888,0.0,0.0,-0.49301437,-1.5251948,0.049646385,-0.17551765,-0.06910395,0.004237193,-0.007975809,0.19898404,-0.5794752,-0.0035970747,-0.4729576,-0.11066952,-0.005582015,-0.34118086,-0.0005808475,-0.43072462,-0.010943234,-0.007275651,-0.008442134,0.02670017,0.05781721,-0.006733293,-0.09073291,-0.18046649,-0.15218155,-0.13855398,0.060401,-0.00683208,0.0,0.0,-0.30127236,-0.08996219,-0.023245966,-0.6440535,-0.4156255,-0.027874723,-0.8838154,-0.32191503,-0.051667668,0.0,-0.13261127,0.0,0.0,-0.0413837,-0.0006143737,0.0,-0.18728875,-0.04050114,-0.03164202,-0.092194885,-0.055455495,-0.07425387,0.06161616,-0.0012247749,0.03454832,0.0,-0.0018100786,0.0
0.0055251927,0.0,0.0,-0.53653675,0.19640464,-0.11844091,0.0029870807,-0.046638407,0.0033427398,0.010235952,-0.67595315,-0.49228212,-0.0019232538,0.20755121,-0.01747289,-0.0087960595,-0.19126658,-0.010351734,-0.49653077,-0.010943234,-0.007275651,-0.008442134,-0.28086907,-0.10508339,0.0052130846,0.0048747873,0.20030266,0.030247206,0.10742155,-0.08012881,-0.00683208,0.0,0.0,-1.2179589,-0.2649551,0.011605637,0.10015256,0.27858156,-0.0019809995,-0.033998348,-2.7964303,-0.051667668,0.0,-0.113730416,0.0,0.0,-0.014629183,0.0009153518,0.0,-0.10930511,-0.040898733,-0.0067436732,-0.11481067,-0.054703515,-0.020976486,0.016255148,0.016884897,-0.0021934328,0.0,-0.0018100786,0.0
0.0054149437,0.0,0.0,0.13438092,0.21594717,-0.12985131,0.0026249844,-0.028538235,-0.024137782,0.0035717743,-0.7865204,-0.34235308,-0.0030780097,-0.25969726,-0.0033393698,-0.006946693,-0.2805991,-0.010351734,-0.45949858,-0.010943234,-0.007275651,-0.0026096853,-0.30716014,-0.105422765,0.0052130846,0.0048747873,0.23233941,-0.04602653,0.09649861,0.01865188,-0.00683208,0.0,0.0,-1.2321919,-0.3601484,0.011605637,0.10124997,0.3409876,-0.0019809995,0.48835993,-3.0132895,-0.051667668,0.0,0.16523527,0.0,0.0,0.017557833,-0.0006143737,0.0,-0.11935223,-0.040898733,0.00033754227,-0.09611844,0.01015471,-0.020976486,-0.03204938,-0.015870586,-0.015481688,0.0,-0.0018100786,0.0
0.023308367,0.0,0.0,0.12754734,0.15158798,-0.12740776,0.1147193,-0.031000754,-0.19371828,-0.007975809,-1.2812861,0.5388024,-0.0019232538,0.20565951,-0.011509851,-0.013492291,-0.15360326,-0.010351734,-0.8312433,-0.010943234,-0.0022366676,-0.0013418472,0.10318847,0.032015312,0.007431938,0.00550332,-0.07746334,-0.014985701,0.11122059,0.03171012,-0.00683208,0.0,0.0,-2.3753324,-0.409052,0.011605637,0.13364351,0.33863068,0.004095708,0.38781765,-0.92352194,-0.051667668,0.0,-0.17682372,0.0,0.0,-0.0119966585,0.005450514,0.0,0.086341925,0.07940614,0.0115944715,-0.07729112,-0.07123635,-0.033729542,0.03186341,0.017928947,-0.033129174,0.0,0.0013220506,0.0
0.020824166,0.0,0.0,0.1527623,0.6973528,0.061710138,0.15172109,-0.012667777,0.040412575,-0.0013584122,0.37092128,0.18277107,0.0013847719,-0.21485814,0.00074960897,-0.0051747523,0.19427188,-0.0016666406,0.6618183,-0.03116097,-0.0022366676,-0.001275141,0.1088773,0.10293314,0.010750118,0.013910696,-0.044964213,0.038835295,0.15310721,0.0825658,-0.019534145,0.0,0.0,0.46261337,0.17728047,0.008563195,0.2931805,0.3256626,0.004340546,1.0493664,1.6221365,0.05044375,0.0,0.084014356,0.0,0.0,0.0073700733,-0.0006023274,0.0,0.086103775,0.09065491,0.00033754227,-0.018608559,0.049223028,-0.007830927,0.07215944,-0.027152814,-0.041231986,0.0,0.0017695283,0.0
0.020824166,0.0,0.0,0.23502412,0.5151599,0.11919314,0.36772877,0.00031910837,0.035018373,-0.0013584122,0.22962824,0.91007125,0.0013847719,-0.21595481,-0.0001770244,-0.0012140647,0.34647223,-0.0008144094,0.6756565,-0.03116097,-0.0022366676,-0.0023781627,0.12732926,0.105301976,0.048777603,0.0066198586,-0.088890806,0.061057273,-0.115856975,-0.15027606,-0.019534145,0.0,0.0,0.41771773,0.22167212,-0.012474077,0.23933819,0.34412092,0.0033787454,-0.17565773,1.6483303,-0.014676571,0.0,0.075944014,0.0,0.0,-0.007136154,0.00033215265,0.0,0.029492218,0.09065491,0.014217054,-0.05510629,-0.07002114,-0.01977255,-0.017516738,0.021507178,-0.03426402,0.0,0.00044669508,0.0
0.010232331,0.0,0.0,-0.43139532,0.19967735,0.0508342,0.33673334,-0.032894123,-0.13923109,-0.002357933,-0.12439363,0.736319,0.0035503432,0.08757727,-0.022838019,-0.0012140647,0.1909695,-0.0008144094,0.45549524,-0.03116097,-0.0022366676,-0.0023781627,0.05060047,-0.24250223,-0.047817845,0.0045563,-0.12606259,0.115503296,-0.14211816,-0.17836295,-0.019534145,0.0,0.0,-0.45959023,-0.21088599,-0.014436958,0.11349408,-0.25969243,0.032570064,-0.6399356,-3.9689412,-0.014676571,0.0,-0.03735039,0.0,0.0,-0.014441645,0.0009153518,0.0,-0.1972931,0.08059573,-0.013624046,-0.060027834,-0.0987693,-0.0134529155,0.02981198,-0.014822126,-0.012647403,0.0,-0.00085498113,0.0
0.012235245,0.0,0.0,-0.48735598,0.21756275,0.051968224,-0.04184476,-0.044265043,-0.14260322,-0.002357933,0.118215084,0.85444295,0.0035503432,-0.23250754,-0.049066756,-0.00999968,0.2505032,-0.0008144094,0.5143547,-0.03116097,-0.0022366676,-0.0023781627,-0.24549524,-0.26566556,-0.04084101,0.0045563,-0.19057095,0.11493507,-0.1705147,-0.21648647,-0.019534145,0.0,0.0,0.28369278,-0.2112236,-0.00837385,0.11349408,-0.23845822,0.0033787454,-0.77532625,-4.035186,-0.014676571,0.0,-0.03735039,0.0,0.0,-0.019388855,-0.0006143737,0.0,-0.063102506,-0.03983094,-0.015500171,-0.051965784,0.049948785,0.03580395,0.02981198,-0.034502085,-0.0070736734,0.0,-0.0024227407,0.0
0.0010532113,0.0,0.0,0.089149475,-0.67606145,0.06346814,-0.042404238,-0.050544795,-0.024898564,-0.002357933,-0.4820132,-0.6415617,-0.013224944,-0.23935945,-0.059715927,-0.0078400355,0.30526492,0.00276636,0.3992348,-0.03116097,-0.007275651,-0.0074840584,-0.24409924,-0.110744655,-0.021618359,0.0022344845,-0.20157272,0.13295554,-0.11544542,-0.13830669,-0.019534145,0.0,0.0,-0.90256935,-0.23228344,-0.012318337,0.083927654,-0.24415882,-0.0019809995,-0.7542176,-2.568745,-0.014676571,0.0,-0.04155249,0.0,0.0,0.0031655147,-0.0006143737,0.0,-0.063102506,-0.03983094,0.03207879,-0.023908902,0.041502897,-0.0007681992,0.017104328,0.0027969673,0.009321772,0.0,0.0017695283,0.0
0.0054149437,0.0,0.0,0.067775674,-0.7504084,0.06640584,-0.015390769,-0.041294612,-0.02198604,-0.0027831106,-0.75917774,-0.51318234,-0.013224944,-0.44254428,0.012322486,-0.01639912,-0.23259017,0.00276636,-0.29048634,-0.010943234,-0.007275651,-0.008442134,-0.20108631,0.039875235,-0.010810921,0.0036267508,-0.14328994,0.09486596,0.087206334,0.24437545,-0.00683208,0.0,0.0,-0.9102501,-0.19310422,-0.016073395,0.07527616,-0.2765522,-0.0019809995,-0.5971854,-2.0652156,0.17758134,0.0,0.17668079,0.0,0.0,0.013353274,-0.0006143737,0.0,-0.08666815,0.07659811,-0.03164202,-0.10199801,0.007835212,-0.0326421,0.026225403,0.019472064,0.0037377945,0.0,-0.0018100786,0.0
0.019980948,0.0,0.0,-0.6933282,-0.15105082,0.05203315,-0.037358075,-0.074334726,0.055269875,-0.007975809,-1.1748908,-0.005685332,0.006858369,-0.98383605,-0.045406416,-0.004039863,-0.4058393,-0.002492165,-0.7681082,-0.010943234,-0.0022366676,-0.0025629192,0.08669268,0.042198177,-0.013435227,0.0058813933,-0.13459854,0.11879788,-0.13296568,0.04936019,-0.00683208,0.0,0.0,0.20796372,-0.20858651,-0.03548907,0.19614103,-0.383793,0.0033787454,-0.38264272,1.2582155,-0.051667668,0.0,-0.12386049,0.0,0.0,-0.0281674,-0.00022293709,0.0,-0.10757829,-0.038848396,-0.03132092,-0.09117165,-0.07145081,-0.07425387,-0.024603058,0.030541401,0.015252997,0.0,-0.0018100786,0.0
0.0018962179,0.0,0.0,0.07455416,-1.8957558,0.073549606,-0.010157606,-0.07542115,0.058491454,-0.002357933,-0.86528903,-0.8806365,-0.009916918,0.46091685,0.016731825,-0.005990669,-0.48020443,-0.002492165,0.47428387,-0.03116097,-0.007275651,-0.008442134,-0.18178742,0.039391443,-0.0166917,0.0038654937,-0.14838994,0.111291274,-0.12085929,0.19821464,-0.019534145,0.0,0.0,0.19921057,-0.17046694,-0.03227153,0.227931,-0.31932035,-0.0019809995,-0.89071,1.2511226,-0.014676571,0.0,-0.047257062,0.0,0.0,-0.039138176,-0.00022293709,0.0,-0.029272772,-0.03567914,-0.008369521,-0.040235415,0.001375101,-0.020515643,0.028985072,-0.043403197,0.015252997,0.0,-0.00085498113,0.0
0.00564716,0.0,0.0,-0.52649564,-1.430947,0.057156034,-0.047157023,-0.07533408,0.05311784,-0.007975809,-0.8114725,-0.5773142,-0.009916918,-0.6119512,-0.0058585135,-0.006946693,-0.47738835,-0.002492165,-0.5082178,-0.010943234,-0.007275651,-0.008442134,0.080654815,0.034752384,-0.011557519,0.002508957,-0.17999566,0.14367947,-0.12782356,-0.007846288,-0.00683208,0.0,0.0,-1.0741504,0.037101652,-0.017816216,0.10132274,-0.4023168,-0.0019809995,-0.88009703,0.8700167,-0.051667668,0.0,-0.10467957,0.0,0.0,-0.04682508,-0.00022293709,0.0,0.085065305,-0.04050114,-0.03132092,-0.1385243,0.0053481753,-0.07425387,0.027370218,-0.02211405,-0.015481688,0.0,-0.0018100786,0.0
0.005877615,0.0,0.0,-1.0369338,-2.1779547,0.058683038,-0.16026168,-0.018915195,0.05944238,-0.007975809,0.21394573,-0.6196338,-0.009916918,0.27996704,0.016731825,-0.024932811,-0.3684694,-0.0008144094,-0.5607856,-0.010943234,-0.007275651,-0.008442134,0.036024198,0.059345834,-0.006733293,0.0038654937,-0.17875443,0.10423662,-0.11436075,0.061465316,-0.00683208,0.0,0.0,-0.22535582,-0.18316625,-0.03548129,0.15455505,-0.42380363,0.02721032,-1.1473659,0.7090921,-0.051667668,0.0,-0.12806259,0.0,0.0,-0.0413837,-0.0006023274,0.0,-0.035523854,0.07940614,-0.03132092,-0.10117487,0.0053481753,-0.07425387,0.06161616,-0.0012247749,0.03454832,0.0,-0.0018100786,0.0
0.0183107,0.0,0.0,-1.0375059,-2.1688035,0.057932235,-0.04675029,-0.019221622,0.059007213,-0.0027831106,0.159399,-0.10203195,-0.009916918,0.41735625,0.010151161,-0.028757729,-0.37741426,-0.0008144094,-0.52109134,-0.010943234,-0.0022366676,-0.0025629192,0.030115373,0.059345834,-0.014452052,0.0038654937,-0.17875443,0.1136082,-0.14398149,-0.23438868,-0.00683208,0.0,0.0,-0.29433116,-0.15380897,-0.03548129,0.16196233,-0.42131346,0.033531867,-1.0168676,0.81247216,0.17758134,0.0,0.243213,0.0,0.0,0.013353274,-0.00022293709,0.0,-0.10724774,-0.046063345,-0.008369521,-0.07162615,0.017319705,-0.07847923,0.03188347,-0.0012247749,0.013436582,0.0,0.0013220506,0.0
0.008883886,0.0,0.0,-0.52551806,-0.8679918,0.050666407,-0.040949736,-0.044259455,-0.14439559,-0.0013584122,0.1278295,0.84479666,-0.013224944,-0.26284292,-0.014380658,0.00024250522,-0.15107176,-0.0008144094,0.15188362,-0.03116097,-0.0022366676,-0.0025629192,0.032650124,0.0626321,-0.04659303,0.003296349,-0.17896011,0.11629659,-0.15534785,-0.18839957,-0.019534145,0.0,0.0,-0.4879547,-0.048375905,-0.019526852,0.096337534,-0.23750627,0.0340166,-0.7205064,-2.9743562,0.05044375,0.0,0.06583767,0.0,0.0,0.008604946,-0.0006143737,0.0,-0.08625072,-0.049586687,-0.010954669,0.013949998,-0.045060538,-0.01235706,-0.08841861,0.010437839,0.015489762,0.0,-0.0006115903,0.0
0.00079431385,0.0,0.0,-0.52462727,-0.98708695,0.050666407,-0.041509215,-0.04966293,-0.022991853,-0.002357933,0.13954566,-0.6043603,-0.013224944,-0.27153617,0.011756231,-0.021890802,-0.15087774,-0.0008144094,0.3047217,-0.03116097,-0.007275651,-0.008442134,0.03325371,0.057757203,-0.015547076,0.003296349,-0.17896011,0.101985395,-0.1580481,-0.24702343,-0.019534145,0.0,0.0,-0.25936252,-0.048884287,-0.019526852,0.091969885,-0.23403141,0.02721032,-0.9473454,-2.6788082,-0.014676571,0.0,-0.038434327,0.0,0.0,0.008007482,0.0009153518,0.0,-0.08204855,0.0784236,-0.03164202,-0.04885132,-0.028313244,-0.01235706,0.025736395,-0.017048258,0.013436582,0.0,-0.0006115903,0.0
0.010232331,0.0,0.0,-0.53165346,-1.0227115,0.050666407,-0.040949736,-0.04966293,-0.022991853,-0.002357933,0.14074607,-0.0028335284,-0.013224944,-0.32393318,0.013329332,-0.018983973,-0.1682172,-0.0008144094,0.4622002,-0.03116097,-0.0022366676,-0.0025629192,0.03325371,0.05737077,-0.04659303,0.003296349,-0.1850214,0.109435454,-0.1580481,-0.21648647,-0.019534145,0.0,0.0,-0.4122018,-0.043257087,-0.019490909,0.09374107,-0.22775085,0.032570064,-0.87118423,-2.866845,-0.014676571,0.0,-0.03735039,0.0,0.0,0.0031655147,-0.0006143737,0.0,-0.063102506,-0.03983094,0.031211017,-0.060705025,0.035546582,0.03580395,0.03162029,-0.017048258,-0.014700584,0.0,-0.0024227407,0.0
0.010232331,0.0,0.0,-0.5278289,-0.8974414,0.050666407,-0.04463629,-0.04966293,-0.022991853,-0.002357933,-0.04374636,-0.027976362,0.0035503432,-0.31201154,0.013329332,-0.018983973,-0.3977293,-0.0008144094,0.42212093,-0.03116097,-0.0022366676,-0.0025629192,0.03325371,0.058761146,-0.04659303,0.003296349,-0.17896011,0.117863834,-0.1580481,-0.23438868,-0.019534145,0.0,0.0,-0.43334088,-0.049045913,-0.020028425,0.090677455,-0.22546428,0.032570064,-0.9001968,-2.6166754,-0.014676571,0.0,-0.03423222,0.0,0.0,0.006634303,0.0009153518,0.0,-0.08302508,-0.03983094,-0.03164202,-0.020021066,0.029457998,-0.014226835,0.03162029,0.010437839,0.00622001,0.0,0.00062446354,0.0
-0.07857089,0.0,0.0,-0.37873363,-0.13049945,-0.18570255,-0.0062838616,-0.024227604,-0.09970385,-0.007975809,-0.7118502,-0.33849567,-0.0030780097,-0.23759791,-0.007828377,-0.004335208,-0.12589414,-0.002492165,-0.4380403,0.013099246,0.037288778,0.040894516,-0.19163164,-0.05963861,0.0010003833,0.0038782395,0.43155333,-0.06636366,0.07791009,0.034598745,0.007827399,0.0,0.0,-1.0633929,-0.21297456,0.010131696,0.08442458,0.35753742,-0.011264777,-0.5372611,-2.684946,-0.051667668,0.0,-0.056828707,0.0,0.0,-0.019576393,-0.0006143737,0.0,-0.025511626,-0.040898733,-0.0067436732,-0.110265605,0.010365328,-0.020976486,0.028037498,0.018428015,0.0037377945,0.0,-0.0018100786,0.0
-0.08808489,0.0,0.0,-0.3239138,0.27696326,-0.22158502,-0.0246111,-0.0031425725,-0.122004546,-0.007975809,-1.0881071,-0.2943933,0.00023001595,0.2959599,-0.034959394,-0.004335208,-0.02807818,-0.002492165,-0.66575,0.013099246,0.037288778,0.03625351,-0.20782617,0.034632415,-0.00112302,0.0034453347,-0.1121851,-0.06588194,-0.08373124,0.18845038,0.007827399,0.0,0.0,-2.3366652,-0.38369903,0.015374993,0.14823276,0.5080677,-0.011264777,-0.3337008,0.93293536,-0.051667668,0.0,-0.19961098,0.0,0.0,-0.017852977,-0.00022293709,0.0,-0.087150596,-0.038848396,-0.0061024013,-0.09342674,-0.063009575,-0.029504191,-0.029690942,-0.0012247749,-0.015481688,0.0,-0.0018100786,0.0
-0.2770045,0.0,0.0,0.13604328,-0.518384,-0.23018435,-0.040851213,0.0024213276,-0.13324095,-0.0027831106,-1.1079727,0.33041668,0.00023001595,0.19660805,-0.034572717,-0.0074700536,0.2124658,-0.002492165,-0.81151485,0.013099246,0.012096067,0.0115200505,-0.22676106,0.02452455,0.003219237,0.0034453347,-0.15730633,-0.08993983,-0.094172046,0.0019987675,0.007827399,0.0,0.0,-2.2861142,0.08388537,0.011747993,0.15206002,0.3419584,-0.005905031,-0.7791488,1.0673107,-0.051667668,0.0,0.23652756,0.0,0.0,-0.021626007,0.00033215265,0.0,-0.052662298,-0.046063345,0.014217054,-0.09833602,-0.107279725,-0.07425387,0.03211124,-0.0012247749,-0.033129174,0.0,-0.0018100786,0.0
-0.27474004,0.0,0.0,0.11639324,0.6468144,-0.23545747,-0.04435363,-0.007270728,-0.13597685,-0.007975809,0.22059688,-0.12366991,0.0013478927,-0.2500075,-0.0044424348,-0.031962655,0.25966147,-0.0008144094,-0.8223911,0.013099246,0.012096067,0.0115200505,-0.23875232,0.07082987,-0.026809989,0.0066198586,-0.18286811,-0.13926847,-0.17267668,0.01377362,0.007827399,0.0,0.0,0.18559343,-0.32436034,0.007967461,0.23967746,-0.43814993,-0.0048708776,-1.1650664,1.3200045,-0.051667668,0.0,-0.12760346,0.0,0.0,-0.0010015066,-0.00022293709,0.0,-0.13916443,-0.038848396,-0.03132092,0.10063112,-0.10706527,-0.07847923,-0.13134967,-0.04846899,-0.041231986,0.0,0.0013220506,0.0
-0.29140922,0.0,0.0,0.07636814,0.53957903,-0.17704172,-0.040851213,0.0014061771,-0.1382683,-0.007975809,-0.60270256,-0.07496195,0.0013478927,0.20041849,-0.031445593,0.0026148902,0.22793035,-0.0008144094,-0.9380396,0.013099246,0.012096067,0.0115200505,0.091371335,-0.19116865,-0.011874758,0.0066198586,-0.16192825,-0.15812539,-0.18528461,-0.24702343,0.007827399,0.0,0.0,0.24441627,0.12551072,0.004808138,0.2375936,-0.45221978,-0.005905031,-1.4988768,1.2038777,-0.051667668,0.0,-0.12840916,0.0,0.0,-0.020969499,0.00033215265,0.0,-0.071239226,-0.04050114,-0.03164109,-0.14535832,-0.107279725,-0.07425387,0.028514674,0.005669966,0.0026029474,0.0,-0.0018100786,0.0
-0.23197137,0.0,0.0,0.12014026,0.23226096,0.019861719,0.32863683,-0.024645725,-0.17441638,-0.007975809,-0.16804312,0.59401006,-0.001960133,-0.18814313,-0.005351264,-0.008887162,0.28416976,-0.0008144094,-0.64964813,0.013099246,0.012096067,0.0115200505,0.09007807,-0.24250223,0.013392894,0.0045563,-0.12192856,-0.1696644,-0.14682329,-0.18670522,0.007827399,0.0,0.0,-0.31635603,-0.2594873,-0.017654497,0.11281344,-0.3316788,-0.022514978,-0.79407656,-3.4825015,-0.051667668,0.0,-0.10102086,0.0,0.0,-0.0016639591,-0.0006143737,0.0,-0.10666187,-0.041656435,0.0015215552,-0.10054044,0.034553558,-0.0326421,0.027127573,-0.019887919,-0.012647403,0.0,-0.0018100786,0.0
-0.23025952,0.0,0.0,0.085150965,0.2631879,0.06911032,-0.049941275,-0.041420124,-0.09685404,-0.007975809,0.11361523,-0.13520512,-0.001960133,0.26446086,-0.022574656,-0.008887162,0.2083158,-0.0008144094,-0.66582495,0.013099246,0.013258143,0.0115200505,0.07453826,-0.25106186,0.0023207783,0.0045563,-0.20459343,-0.21217978,-0.16794628,-0.24702343,0.007827399,0.0,0.0,-0.22910672,-0.21984026,-0.017654497,0.110140555,-0.29388535,-0.022514978,-0.9637619,-3.9544644,-0.051667668,0.0,-0.10102086,0.0,0.0,-0.013461309,-0.0036583229,0.0,0.1104189,-0.041656435,-0.009010793,-0.09360536,0.032303475,-0.0326421,0.027127573,-0.0022688243,0.013436582,0.0,-0.0018100786,0.0
-0.06437353,0.0,0.0,0.073562145,-0.8850231,0.032339606,-0.14775595,-0.040011115,-0.031903505,0.010235952,-0.76447695,-0.43848485,-0.0069051003,0.1065343,-0.04979019,-0.004335208,0.07612495,0.00276636,-0.41813502,0.013099246,0.043127388,-0.0074840584,0.07461413,0.04373167,-0.004969868,0.003296349,-0.17066179,-0.13686047,-0.15622085,0.0019987675,0.007827399,0.0,0.0,0.17202702,-0.18328261,-0.016073395,0.1064344,-0.30143866,-0.008398641,-0.87117374,-2.791391,-0.051667668,0.0,-0.08757784,0.0,0.0,-0.0010526055,0.0009153518,0.0,0.012737078,-0.041656435,-0.03196219,-0.1070377,0.025497986,-0.03686745,0.026089136,0.009844562,0.0037377945,0.0,0.0013220506,0.0
-0.071034275,0.0,0.0,0.04833279,-1.0172577,0.06520038,-0.10131813,-0.040011115,-0.03527565,-0.007975809,-0.6357962,-0.350457,-0.001960133,-0.27899963,-0.0077524777,-0.013787634,-0.2638885,0.00276636,-0.45610562,0.013099246,0.043127388,-0.008442134,0.06422665,0.03449762,0.004652989,0.00746064,-0.12938514,-0.14638515,0.13823512,0.22788946,0.007827399,0.0,0.0,-0.20889337,0.06591202,-0.021598984,0.105203114,-0.3289785,-0.010899404,-0.73813367,-2.6966894,-0.051667668,0.0,-0.10006606,0.0,0.0,-0.0413837,-0.0006143737,0.0,-0.15903983,0.07659811,-0.033185706,-0.10199801,0.008206488,-0.0326421,-0.030237282,-0.02211405,-0.016163256,0.0,-0.0018100786,0.0
-0.27529266,0.0,0.0,-0.13269307,-2.0194783,0.040904216,-0.0052303392,-0.07533408,0.014022005,-0.007975809,-1.0283042,-0.042790346,0.014243677,-0.36055177,-0.0021831223,-0.012972518,-0.20433386,0.011490661,-0.90358144,0.013099246,0.013258143,-0.0025629192,0.06989492,0.030186005,-0.022033315,0.0038654937,-0.090547405,-0.1361368,-0.15078267,0.020601543,0.007827399,0.0,0.0,-0.29045734,-0.090486296,-0.04101466,0.25942174,-0.4703428,0.012700355,0.33333102,1.1196948,-0.051667668,0.0,-0.12503819,0.0,0.0,-0.04682508,-0.00022293709,0.0,-0.10906531,-0.046063345,0.036691226,-0.0949127,0.02038734,-0.07425387,0.03211124,-0.002767893,0.014571429,0.0,-0.0018100786,0.0
-0.08716415,0.0,0.0,-1.0357726,-1.9760154,0.058683038,-0.19015509,-0.018915195,0.03252141,-0.007975809,0.17435741,-0.3922241,0.014243677,-0.29042512,0.014206856,-0.005582015,0.51628065,-0.0008144094,-0.5781458,0.013099246,-0.007275651,-0.0074840584,0.057187848,0.058959406,-0.006733293,0.0038654937,-0.18171772,-0.13876663,-0.1535016,0.01377362,0.007827399,0.0,0.0,-0.21493533,-0.15131561,-0.03548129,0.17281948,-0.47791365,0.02721032,-1.0816561,0.8051164,-0.051667668,0.0,-0.1132883,0.0,0.0,0.013353274,-0.00022293709,0.0,-0.13916443,-0.046063345,0.036691226,-0.102285475,-0.0880454,-0.07425387,-0.082379445,-0.0012247749,-0.041913554,0.0,-0.0018100786,0.0
-0.073275365,0.0,0.0,-1.0334176,-2.1536474,0.058683038,-0.19015509,-0.018915195,0.03252141,-0.007975809,0.17249537,-0.50790834,-0.0035970747,-0.32785755,0.0042297794,-0.016263725,0.11528219,-0.0008144094,-0.557854,0.013099246,-0.007275651,-0.0074840584,0.04268761,0.059345834,-0.006733293,0.0038654937,-0.18171772,-0.13269423,-0.16466826,-0.24702343,0.007827399,0.0,0.0,-0.25305128,-0.15694846,-0.03548129,0.16250516,-0.5124184,0.00734061,-1.1270715,0.7423702,-0.051667668,0.0,-0.13261127,0.0,0.0,-0.0010526055,0.00033215265,0.0,-0.05941303,0.0777534,-0.03132092,-0.088555634,-0.09053244,-0.07425387,0.025297292,0.019472064,0.00622001,0.0,-0.0018100786,0.0
-0.06559597,0.0,0.0,-0.51588994,-0.15645054,0.050666407,-0.1460965,-0.04013104,-0.03552068,-0.007975809,0.1532889,-0.36533642,-0.0069051003,-0.24953355,-0.004313607,-0.031664558,-0.23044455,-0.0008144094,-0.41249433,0.013099246,-0.007275651,-0.008442134,0.02670017,0.05791132,-0.005986694,0.0038178354,-0.1814679,-0.14031275,-0.1582801,-0.19420846,0.007827399,0.0,0.0,-0.22580352,0.07628303,-0.016065614,0.09029421,-0.2967864,0.02721032,-1.037308,-3.1969793,-0.051667668,0.0,-0.0975658,0.0,0.0,0.025952544,-0.0006143737,0.0,-0.15594171,-0.041656435,0.036370125,-0.09825899,-0.045075845,-0.0326421,0.024750952,-0.02211405,-0.014700584,0.0,-0.0018100786,0.0
0.00868338,0.0,0.0,-0.53195107,-1.0873746,0.05356788,-0.16441867,-0.04013104,-0.03552068,-0.007975809,0.1530797,-0.39619318,-0.001960133,-0.31148988,-0.004467614,-0.012313764,-0.23341987,-0.0008144094,-0.41430393,0.013099246,-0.007275651,-0.008442134,0.02670017,0.061802126,-0.005986694,0.003296349,-0.18046649,-0.14638515,-0.16208741,-0.22474542,0.007827399,0.0,0.0,-0.2763414,0.089125946,-0.016065614,0.092065394,-0.34030452,0.02721032,-0.9666624,-2.454548,-0.051667668,0.0,-0.10522297,0.0,0.0,-0.0413837,-0.0006143737,0.0,-0.15594171,-0.041656435,-0.03164202,-0.10189824,-0.055455495,-0.0326421,0.02819382,-0.0012247749,0.013436582,0.0,-0.0018100786,0.0
0.00868338,0.0,0.0,-0.53195107,-1.0835884,0.05356788,-0.16441867,-0.04013104,-0.032148536,-0.007975809,0.1416695,-0.46192783,-0.001960133,0.16410087,-0.024971992,-0.012313764,-0.16947581,-0.0008144094,-0.41549513,0.013099246,-0.007275651,-0.008442134,0.023561837,0.061802126,-0.005986694,-0.012673276,-0.18046649,-0.14371428,-0.14887866,-0.23438868,0.007827399,0.0,0.0,-0.30264124,0.086029425,-0.016065614,0.08975929,-0.32222435,-0.010899404,-0.9876057,-2.516041,-0.051667668,0.0,-0.10522297,0.0,0.0,0.013353274,-0.0006143737,0.0,-0.15903983,-0.041656435,-0.03164202,-0.10603545,0.007835212,-0.0326421,0.024887215,-0.0012247749,0.013436582,0.0,-0.0018100786,0.0
0.00868338,0.0,0.0,-0.38995633,-0.11981736,0.049646385,-0.1460965,-0.04013104,-0.03552068,-0.007975809,0.15222359,-0.3912229,-0.0069051003,-0.29196066,-0.0072182408,-0.031664558,-0.23738019,-0.0005808475,-0.4023222,0.013099246,-0.007275651,-0.008442134,0.02670017,0.059301697,-0.005986694,-0.016125869,-0.1814679,-0.13565092,-0.15111852,-0.23161474,0.007827399,0.0,0.0,-0.27003846,-0.05698646,-0.023245966,-0.522145,-0.2966682,0.02721032,-0.9330621,-2.743463,-0.051667668,0.0,-0.08372043,0.0,0.0,-0.020969499,0.0009153518,0.0,0.012737078,0.07659811,-0.03164202,-0.10099576,0.0053481753,-0.0326421,0.02819382,-0.0012247749,0.00622001,0.0,-0.0018100786,0.0
0.008553648,0.0,0.0,-0.21278238,0.31358978,0.05284521,-0.13658457,-0.04013104,-0.030164676,-0.0027831106,-0.1575939,-0.3546013,-0.0069051003,-0.301112,0.0125928,-0.016263725,-0.29294288,-0.0005808475,-0.28656727,0.013099246,-0.007275651,-0.008442134,0.02907386,0.058297753,-0.005986694,0.0045563,-0.18111365,-0.13966493,-0.16919106,-0.14245392,0.007827399,0.0,0.0,-0.26550668,0.09477625,-0.017654497,-0.60058373,-0.30403203,-0.010899404,-1.0578549,-3.0269985,-0.051667668,0.0,0.1578808,0.0,0.0,-0.013461309,-0.0006143737,0.0,-0.010645136,-0.037742473,-0.03164202,-0.103925094,-0.055455495,-0.0326421,-0.065108165,-0.02211405,-0.014700584,0.0,-0.0018100786,0.0
0.008389799,0.0,0.0,-0.48358408,0.323432,0.049830757,-0.1460965,-0.041061133,-0.03415399,-0.007975809,-0.17445181,-0.38550192,-0.0069051003,0.19817951,0.015242935,-0.025222499,-0.15635014,-0.0008144094,-0.31586972,0.013099246,-0.007275651,-0.008442134,0.044463597,-0.12556192,-0.0072115073,0.0045563,-0.18111365,-0.13298005,-0.17597675,-0.23438868,0.007827399,0.0,0.0,-0.24240375,0.11676422,-0.017654497,0.088643596,-0.30368885,-0.0059355777,-1.1700957,-3.392889,-0.051667668,0.0,-0.08748396,0.0,0.0,-0.028784426,-0.0006143737,0.0,0.018062025,-0.041656435,-0.03196219,0.13639422,-0.055455495,-0.0326421,0.024887215,-0.0022688243,0.013436582,0.0,-0.0018100786,0.0
0.009553067,0.0,0.0,-0.570174,0.15775694,-0.11844091,-0.07612267,0.075536594,-0.0688373,0.010235952,-0.87329245,-0.34814167,-0.0019232538,0.21118051,-0.024119444,-0.006946693,-0.19879925,-0.010351734,-0.48689523,0.013099246,-0.007275651,-0.0026096853,-0.3057189,-0.105422765,0.0052130846,0.0048747873,0.20397536,0.029234963,0.104403496,0.03326387,0.007827399,0.0,0.0,-1.2015891,-0.24734162,0.011605637,0.106379524,0.20930418,-0.011264777,0.41529727,-2.7857645,-0.051667668,0.0,-0.091965385,0.0,0.0,0.018669032,-0.0006143737,0.0,-0.026676465,-0.040898733,0.00033754227,-0.11398982,0.01015471,-0.020976486,0.026225403,-0.015870586,0.0037377945,0.0,-0.0018100786,0.0
0.009423336,0.0,0.0,0.065932505,0.20616424,-0.13461497,-0.08563458,0.074428715,-0.16334513,0.010235952,-0.8816867,-0.34583202,-0.0019232538,0.27074993,-0.023843747,-0.006946693,-0.15863657,-0.010351734,-0.4945123,0.013099246,-0.007275651,-0.0026096853,-0.30494097,0.031710356,0.0027743052,0.0048747873,0.22320408,0.03026758,0.09532918,0.01865188,0.007827399,0.0,0.0,-1.2465628,-0.36800802,0.011605637,0.10688338,0.20338435,-0.0019809995,0.48644143,-2.974433,-0.051667668,0.0,-0.08857885,0.0,0.0,-0.020026129,0.0009153518,0.0,-0.028903283,-0.03998735,-0.001945401,-0.11398982,0.008132215,-0.020976486,-0.06182249,0.017928947,-0.015481688,0.0,-0.0018100786,0.0
0.010161106,0.0,0.0,-0.8530928,0.32164353,-0.13723081,-0.11879574,0.023038771,-0.115883015,0.010235952,-1.3933501,-0.3208526,0.00023001595,-0.3460158,0.015166698,-0.048268855,-0.19149761,-0.010351734,-0.52373385,0.013099246,-0.0024662241,-0.0026096853,-0.31814167,0.03235752,0.0030896813,0.00550332,0.20843916,-0.062394995,0.10970179,0.017297342,0.007827399,0.0,0.0,-2.4836848,-0.27108246,0.015374993,0.190328,0.53069025,-0.0019809995,0.7867966,0.96274096,-0.016686017,0.0,-0.17067555,0.0,0.0,-0.013967719,0.00033215265,0.0,-0.110743,-0.046063345,-0.006422572,0.06908962,-0.054703515,-0.029504191,-0.06714575,-0.002767893,-0.015481688,0.0,-0.0018100786,0.0
0.03261274,0.0,0.0,0.22982411,0.73603386,-0.14776775,0.04308305,0.034165684,-0.07413191,0.0030261117,0.31885633,0.110832796,0.00023001595,0.3136179,0.045344792,-0.018870015,-0.029563952,-0.0016666406,0.6413812,0.037300542,-0.0012504113,-0.001275141,-0.3146615,-0.12539047,0.01798789,0.013910696,0.20895638,-0.055020455,0.1633728,0.07100494,0.022379266,0.0,0.0,0.32968983,0.1813981,0.011722518,0.30969384,0.4230302,-0.005905031,1.0990939,1.5648024,-0.008056669,0.0,-0.050297115,0.0,0.0,-0.0027697477,-0.0006023274,0.0,0.09660337,0.09065491,-0.0014211282,-0.008533717,0.034952674,0.03313563,0.07215944,-0.018251702,-0.041231986,0.0,-0.0024227407,0.0
0.03268137,0.0,0.0,0.018231334,0.4636564,-0.13745512,0.03876406,0.15799047,0.19030602,-0.002357933,-0.12690975,0.4958244,0.00023001595,-0.1654165,0.021718828,0.0052991463,0.3226774,-0.0016666406,0.6814536,0.037300542,-0.001481217,-0.001275141,0.15086998,-0.13147095,0.022505974,0.013910696,0.23267059,-0.0015090252,0.18465875,-0.17512436,0.022379266,0.0,0.0,0.23742136,-0.34890983,0.007415644,0.2428023,0.37255645,-0.005905031,0.95736206,0.28967974,-0.008056669,0.0,-0.051028512,0.0,0.0,-0.012339219,0.005450514,0.0,0.36857355,0.09065491,0.0054966463,-0.016799599,0.04784344,-0.01324069,0.036125246,0.0044937413,0.0026029474,0.0,0.00062446354,0.0
0.0270055,0.0,0.0,-0.5074672,0.2278822,-0.13243158,0.014161187,0.090620436,-0.15375794,-0.002357933,-0.08714363,0.041326404,-0.0056230323,-0.17923197,0.0019194339,0.007207309,0.22552955,-0.0016666406,0.451857,-0.03116097,-0.001481217,-0.0023781627,-0.322336,-0.20274016,0.01884898,0.0045563,0.23369576,-0.043894738,-0.14480618,-0.09955011,0.022379266,0.0,0.0,0.31565213,-0.24696726,0.007953162,0.14697172,0.29160196,-0.0048708776,0.19979994,-4.173248,-0.014676571,0.0,-0.039798174,0.0,0.0,0.009214686,-0.0006143737,0.0,-0.15497674,-0.037658807,0.00033754227,0.018161368,-0.09515826,0.027818978,-0.08228839,0.0044937413,-0.014019014,0.0,0.0017695283,0.0
0.027066983,0.0,0.0,-0.46532747,0.18028387,-0.20306326,0.0017381208,-0.032475997,-0.024898564,-0.002357933,-0.5522946,0.035659075,-0.0030780097,-0.21387437,-0.0013615529,0.00061931554,0.2582437,-0.002492165,0.47945133,-0.03116097,-0.0022366676,-0.0023781627,-0.23807158,-0.11428474,0.008997781,0.0045563,0.4725226,-0.0664047,-0.13030323,-0.10792695,0.007267298,0.0,0.0,0.05565453,-0.19527097,0.014823176,0.10419565,0.31725398,-0.005905031,-0.62605107,-4.0195312,-0.014676571,0.0,-0.039719358,0.0,0.0,-0.006942275,-0.0006143737,0.0,-0.12577179,-0.037658807,-0.0067436732,-0.028670497,0.043063994,-0.009787349,0.02162998,0.01733258,-0.0021934328,0.0,-0.00085498113,0.0
0.013521206,0.0,0.0,0.07743199,0.21366724,-0.2082613,-0.045142885,-0.03358388,-0.019374682,-0.002357933,-0.73596364,-0.6749721,-0.0019232538,0.19132842,-0.023843747,-0.005990669,-0.03275381,0.00276636,0.35933247,-0.03116097,-0.007275651,-0.0074840584,-0.1821221,0.030278407,0.004112983,0.002816802,-0.17476445,0.035209566,-0.112070516,-0.002998554,0.007267298,0.0,0.0,-1.0705358,-0.27387244,0.014823176,0.083983004,0.19117019,-0.011264777,-0.8857455,-3.2674274,-0.014676571,0.0,-0.04392146,0.0,0.0,-0.013000685,-0.0006143737,0.0,-0.12693663,-0.03983094,0.0054966463,-0.041766416,0.029063491,-0.009787349,0.027074583,-0.017048258,-0.015481688,0.0,-0.00085498113,0.0
0.010626529,0.0,0.0,0.09788115,0.43998632,-0.31127274,-0.039821938,-0.011017581,-0.08235108,-0.0027831106,0.24465542,-0.54895204,0.0013847719,0.30133513,-0.0341764,-0.020435726,-0.33439252,0.00090401294,-0.5059098,-0.010943234,-0.007275651,-0.008442134,-0.17839041,0.0699314,-0.015260045,0.00550332,-0.1341568,0.034862332,0.10592672,0.030234382,-0.00683208,0.0,0.0,-2.3963728,-0.20794638,0.007967461,0.1370039,0.19915338,-0.0019809995,-1.3630604,0.93511325,-0.051667668,0.0,0.22501113,0.0,0.0,0.021973489,-0.0006023274,0.0,0.029023934,-0.041166484,-0.006422572,-0.10667422,0.007835212,-0.07425387,-0.08585144,-0.0012247749,0.035229888,0.0,-0.0018100786,0.0
0.010355508,0.0,0.0,0.09395972,0.54256934,-0.19286598,-0.051103093,-0.025196683,-0.105730996,-0.007975809,0.15230374,-0.49607253,0.00023001595,0.2280905,-0.020056454,-0.00081171095,-0.2605836,-0.0008144094,-0.6425141,-0.010943234,-0.007275651,-0.008442134,0.08226011,-0.15649664,-0.021778757,0.0066198586,-0.141109,-0.05130763,-0.17957619,-0.17576483,-0.00683208,0.0,0.0,0.280907,-0.3246007,0.004198105,0.19318642,0.23521467,-0.0019809995,-0.75575477,-0.65656435,-0.051667668,0.0,-0.13261127,0.0,0.0,-0.020687591,-0.0006143737,0.0,-0.1864804,0.07940614,-0.0067436732,-0.11741289,-0.054489058,-0.07847923,-0.06430121,0.026366804,0.014118151,0.0,0.0013220506,0.0
0.027419867,0.0,0.0,-0.3954962,0.24683906,-0.14954825,-0.042492885,0.09164286,-0.27308908,-0.0013584122,-0.18659778,0.23929562,-0.0030780097,0.2906473,-0.018309247,-0.00999968,-0.08688025,0.00090401294,0.4322495,-0.03116097,-0.0022366676,-0.0025629192,0.054679662,-0.110996895,0.019908836,0.0045563,-0.16678725,-0.07378846,-0.16394562,-0.24702343,-0.019534145,0.0,0.0,-0.2761214,-0.20885198,0.017694943,0.08909029,0.18783297,-0.012514241,-0.9401723,-3.7417228,-0.014676571,0.0,0.057564538,0.0,0.0,-0.013000685,0.0009153518,0.0,-0.13442758,-0.03983094,-0.001945401,-0.023957364,0.015662288,-0.0134529155,0.02981198,0.0027969673,0.00622001,0.0,-0.00085498113,0.0
0.013501723,0.0,0.0,0.040652696,0.28071654,-0.2727712,0.003269164,0.09061426,-0.15721723,-0.002357933,0.12977628,-0.57532465,-0.0030780097,0.10791911,-0.023356304,-0.01481333,0.10900595,-0.0008144094,0.36135307,-0.03116097,-0.007275651,-0.0074840584,0.04027111,0.052185368,-0.0008246626,0.0045563,0.48333308,-0.068157814,-0.14027151,-0.12748286,-0.019534145,0.0,0.0,-0.23165865,-0.19392785,0.014535621,0.10834722,0.25819537,-0.027874723,-0.9467617,-4.419286,-0.014676571,0.0,-0.03931885,0.0,0.0,-0.0051857587,0.0009153518,0.0,-0.12702207,0.0784236,-0.0067436732,-0.031500794,-0.08202201,-0.0134529155,-0.064006664,0.0038410167,-0.014700584,0.0,-0.00085498113,0.0
0.0098794475,0.0,0.0,-0.13393039,-0.7080599,-0.19096595,0.003828641,0.088175,-0.26963606,-0.002357933,-0.45388234,0.81746817,-0.0030780097,-0.2313174,0.013329332,-0.016521722,0.35718778,0.00276636,0.37741506,-0.03116097,-0.0022366676,-0.0023781627,0.085672215,-0.04956155,0.013592476,0.003296349,0.46483126,-0.061214183,-0.12232994,-0.08312778,-0.019534145,0.0,0.0,-0.480263,-0.17304422,0.008065828,0.10315759,0.3437184,-0.021480825,-0.48267543,-3.5529873,-0.014676571,0.0,-0.03214101,0.0,0.0,-0.0051582353,-0.0006143737,0.0,-0.15497674,-0.043151718,-0.04724142,0.016490769,0.05046478,0.025880074,-0.010810098,-0.014822126,-0.006464861,0.0,-0.0024227407,0.0
0.012651518,0.0,0.0,-0.41923293,0.20221281,-0.22124943,0.0001594508,0.09061426,-0.21846311,-0.002357933,0.18250673,-0.59442985,-0.0056230323,-0.26085448,0.0125928,-0.00062223955,-0.15374449,0.00090401294,0.41681135,-0.03116097,-0.007275651,-0.008442134,0.03738457,0.040488288,-0.0032070347,0.0045563,0.4792787,-0.13564743,-0.13903177,0.09669278,-0.019534145,0.0,0.0,-0.2551605,-0.1829249,0.014535621,0.089614786,0.34575066,-0.027874723,-0.8190977,-3.7490883,-0.014676571,0.0,-0.04792415,0.0,0.0,-0.013000685,-0.0036583229,0.0,0.20470163,-0.03983094,-0.006423503,-0.04932123,-0.055251118,-0.009787349,0.06132052,0.010437839,0.027331747,0.0,-0.00085498113,0.0
0.009646593,0.0,0.0,-0.9461946,0.41628453,-0.27494085,-0.0034876922,0.027859515,-0.11555337,-0.007975809,-0.5823599,-0.50865823,-0.0023150065,-0.33369875,0.017441293,-0.016263725,-0.42566344,0.00090401294,-0.45634335,-0.010943234,-0.007275651,-0.008442134,0.038708642,0.043023083,-0.00023578829,0.0066198586,0.45840266,-0.053386327,-0.14921373,-0.20400895,-0.00683208,0.0,0.0,-0.20042546,-0.2966647,-0.07187066,0.13978158,0.4964321,-0.027874723,-1.3118837,0.99850625,-0.051667668,0.0,-0.17622799,0.0,0.0,-0.020687591,0.00033215265,0.0,0.045761313,-0.04050114,-0.0061024013,-0.14190362,0.008420945,-0.033729542,0.025581967,-0.0012247749,0.00622001,0.0,0.0013220506,0.0
0.013568903,0.0,0.0,-0.4559425,0.2619447,-0.11131984,-0.0061539058,0.0804531,-0.07030272,-0.007975809,0.1476299,-0.059712864,-0.0030780097,-0.27062213,0.014165901,0.0020951182,-0.325181,0.00090401294,-0.48913583,-0.010943234,-0.0022366676,-0.0025629192,0.03909701,0.043706726,0.0033806378,0.0045563,0.45840266,-0.06882213,-0.1445598,-0.11484814,-0.00683208,0.0,0.0,-0.35925233,0.10924445,-0.017654497,0.085557856,0.40467596,-0.022514978,-0.9860827,-3.7579386,-0.051667668,0.0,-0.113936305,0.0,0.0,-0.012872666,0.0009153518,0.0,-0.13380566,-0.037742473,-0.0067436732,-0.11232204,-0.07220279,-0.020976486,-0.068664275,-0.0012247749,-0.014700584,0.0,-0.0018100786,0.0
0.00079431385,0.0,0.0,-0.45565933,0.276084,-0.11131984,0.0004776381,0.09061426,-0.08206903,-0.0013584122,0.142026,-0.55671597,-0.0019232538,-0.27792603,-0.003631045,-0.009012576,-0.36652637,-0.0008144094,0.15241559,-0.03116097,-0.007275651,-0.008442134,0.040476322,0.0435043,0.005000214,0.0045563,0.45142916,0.029159324,-0.14352864,-0.10650587,-0.019534145,0.0,0.0,-0.27062473,0.10012072,-0.01389944,0.084383026,0.22959322,-0.021738756,-0.994305,-3.802591,-0.014676571,0.0,0.07763963,0.0,0.0,0.008103488,-0.0006143737,0.0,-0.13238907,-0.043151718,0.0054966463,0.033625524,-0.045805227,0.025880074,-0.033878393,-0.017048258,-0.014700584,0.0,-0.0024227407,0.0
0.00079431385,0.0,0.0,-0.43191075,0.23089613,-0.11131984,0.004164189,0.09061426,-0.08027733,-0.002357933,-0.15803042,-0.52906597,-0.0019232538,-0.47868448,-0.003631045,-0.0026643244,-0.1503374,-0.0008144094,0.28566512,-0.03116097,-0.007275651,-0.008442134,0.040476322,0.043706726,0.005000214,0.0045563,0.45626768,0.034185577,-0.14449465,-0.21664369,-0.019534145,0.0,0.0,-0.2455127,0.101703376,-0.013935383,0.081656076,0.312269,0.032174148,-0.96570164,-3.41714,-0.014676571,0.0,-0.01612562,0.0,0.0,-0.0116275055,-0.0006143737,0.0,-0.030934133,0.0784236,-0.0067436732,0.06347034,-0.028313244,-0.008691495,0.02723469,0.010437839,0.00622001,0.0,-0.0006115903,0.0
-0.0703355,0.0,0.0,-0.5911458,0.24100794,-0.12604472,0.0029870807,0.07614865,-0.15955618,0.010235952,-0.2082362,-0.27170497,-0.0056230323,-0.25204593,-0.001238028,-0.014585289,-0.26995012,-0.010351734,-0.58814144,0.013099246,-0.0062906696,0.0126415705,-0.31821382,-0.17981853,-0.0019892347,0.0048747873,0.20843916,-0.065991476,0.116899915,-0.17401683,0.007827399,0.0,0.0,-1.2141701,-0.26325798,0.004198105,0.10617697,0.3421936,-0.008398641,0.48159575,-2.8267195,-0.051667668,0.0,-0.102161884,0.0,0.0,0.018669032,-0.0006143737,0.0,-0.07486472,-0.040898733,0.0054966463,-0.09347496,0.00858719,-0.020976486,0.024300884,-0.003811942,0.014118151,0.0,-0.0018100786,0.0
-0.07574255,0.0,0.0,0.12623905,0.20672286,-0.12985131,-0.07612267,0.075536594,-0.15698934,0.010235952,-0.8904355,-0.26848897,-0.0030780097,-0.2587417,-0.0041223653,-0.006946693,-0.25769365,-0.010351734,-0.48254368,0.013099246,-0.0062906696,0.0126415705,-0.30716014,-0.10508339,0.0052130846,0.0048747873,0.23134057,-0.066285,0.104403496,0.03326387,0.007827399,0.0,0.0,-1.2315539,-0.3539032,0.011605637,0.106379524,0.32902017,-0.011264777,0.5317248,-2.8159432,-0.051667668,0.0,-0.088316515,0.0,0.0,-0.012211202,0.0009153518,0.0,-0.027738445,-0.040898733,-0.0067436732,-0.11398982,0.007667673,-0.020976486,0.026089136,0.016884897,0.0037377945,0.0,-0.0018100786,0.0
-0.08207803,0.0,0.0,0.051644262,0.24128553,-0.13832858,-0.09423105,-0.028362617,-0.102599345,0.010235952,-1.2977202,-0.26713246,-0.0056230323,-0.24103802,0.012741762,-0.0040669,-0.29633668,-0.010351734,-0.42136195,0.013099246,-0.0022428995,0.0126415705,0.0988209,0.035136107,0.0030896813,0.00550332,0.23134057,-0.0650125,0.11469073,0.01865188,0.007827399,0.0,0.0,-2.3391445,-0.35003296,0.03943185,0.1378534,0.36590734,-0.011264777,0.8420449,-0.9752773,-0.016686017,0.0,-0.14622825,0.0,0.0,0.017557833,-0.0006143737,0.0,0.0043031955,0.07940614,0.0054966463,-0.12994872,0.01299529,-0.024315055,-0.0563234,-0.018096717,-0.015481688,0.0,-0.0018100786,0.0
-0.08773955,0.0,0.0,0.16842352,0.72392285,-0.18013819,-0.09423105,-0.012128492,-0.10036312,0.0035717743,0.41649464,-0.20379739,-0.0023150065,0.32231447,0.035437882,0.011035334,-0.23380862,-0.0016666406,-0.26156577,0.013099246,-0.0022428995,0.0126415705,0.109166846,0.0739346,-0.014098726,0.013910696,0.21295406,-0.055702087,0.14598386,0.09262266,0.007827399,0.0,0.0,0.43212557,-0.27687988,0.035793673,0.29570127,0.57333165,-0.0065065986,1.3620677,1.4877684,-0.016686017,0.0,0.2699047,0.0,0.0,0.025186248,-0.00022293709,0.0,-0.0024549256,-0.046063345,-0.0067436732,-0.042531278,0.013314391,-0.024315055,0.06088142,0.024299385,0.035229888,0.0,-0.0018100786,0.0
-0.084698655,0.0,0.0,0.21191454,0.7737885,-0.16921736,-0.103080906,-0.011274926,-0.12755862,0.0035717743,0.33102158,-0.18934344,-0.0023150065,0.31303757,-0.015091476,-0.060849927,-0.21044451,-0.0016666406,-0.20008367,0.013099246,-0.001382323,-0.0026096853,0.11961774,0.08509827,-0.014098726,0.013910696,-0.06527888,-0.06604787,0.19250984,-0.11946313,0.007827399,0.0,0.0,0.41952655,0.17897108,0.021124715,0.3059124,0.583008,-0.0063009486,1.4979664,1.6946642,-0.016686017,0.0,0.2213957,0.0,0.0,-0.0097070355,-0.00022293709,0.0,-0.059169047,-0.046063345,-0.006422572,0.10529376,0.022343729,-0.022711195,-0.054668963,0.024299385,0.014118151,0.0,-0.0010469342,0.0
-0.07685862,0.0,0.0,-0.54540724,0.3029113,-0.10880606,-0.0058382684,-0.029507313,-0.105730996,-0.007975809,-0.026416406,-0.18077655,-0.0056230323,0.26848564,-0.024414998,-0.049657125,-0.19710988,-0.0016666406,-0.42280415,0.013099246,-0.0022428995,-0.0026096853,0.07596544,-0.20174386,0.00023194076,0.011847138,-0.06924682,-0.069478415,0.18236016,-0.17808697,0.007827399,0.0,0.0,-0.3252061,-0.252423,0.042303618,0.14922822,0.20311736,-0.027874723,1.1230285,-3.7901359,-0.016686017,0.0,-0.08408545,0.0,0.0,-0.017888758,-0.0006143737,0.0,-0.13157883,0.07735581,-0.001945401,-0.081395365,-0.052511293,-0.027452966,0.026249247,-0.015870586,0.013436582,0.0,-0.0018100786,0.0
-0.07699624,0.0,0.0,-0.44256064,0.27054828,-0.073640846,-0.10293513,-0.019503238,-0.105730996,-0.007975809,-0.09094205,-0.34957302,-0.0069051003,0.30871123,-0.024414998,-0.016263725,-0.14707252,-0.0016666406,-0.5234277,0.013099246,-0.0062906696,-0.008442134,-0.28008756,-0.22336845,-0.0050406167,0.0045563,-0.086504966,-0.14134178,-0.14780751,-0.17570992,0.007827399,0.0,0.0,0.27945888,-0.24720685,0.03202432,0.14492324,-0.24484436,-0.011264777,0.1752066,-3.748637,-0.051667668,0.0,-0.10522297,0.0,0.0,0.027063744,-0.0006143737,0.0,-0.13392827,-0.040898733,0.008331044,-0.08599847,0.010779412,-0.027452966,0.026249247,-0.023317493,-0.014019014,0.0,-0.0018100786,0.0
-0.07574255,0.0,0.0,0.04823115,-0.7523335,-0.14735806,-0.14512348,-0.020379515,-0.09970385,0.010235952,-0.45901716,-0.43133068,-0.0069051003,-0.43000418,-0.007965341,-0.0087960595,-0.29333082,-0.002492165,-0.42442462,0.013099246,-0.0062906696,-0.008442134,-0.17792045,-0.09743345,0.0010003833,0.0022344845,-0.17315426,-0.14126313,-0.11270792,-0.12567195,0.007827399,0.0,0.0,-0.8428287,-0.20977104,0.03795791,0.07442275,-0.30308184,-0.011264777,-0.73019135,-1.864402,-0.051667668,0.0,-0.09376604,0.0,0.0,-0.0413837,0.0009153518,0.0,-0.16126665,-0.040898733,-0.03196219,-0.1070377,0.0112615265,-0.031678315,0.016118884,0.018428015,-0.0021934328,0.0,0.0013220506,0.0
-0.074286945,0.0,0.0,0.056411773,-0.87075293,-0.15512508,-0.13027823,-0.019377729,-0.102599345,-0.007975809,-0.58815134,-0.4353185,-0.0069051003,-0.46263373,-0.0077524777,0.026182268,-0.3177024,-0.002492165,-0.42879167,0.013099246,-0.002495063,-0.008442134,0.07919984,0.036536492,-0.017330594,-0.035087086,-0.15796287,-0.14978774,0.12948477,0.006253697,0.007827399,0.0,0.0,0.11274426,-0.1674723,0.03795791,0.09330989,-0.30003643,-0.011264777,-0.9083283,-2.3720622,-0.051667668,0.0,-0.10006606,0.0,0.0,-0.0010526055,-0.0006143737,0.0,-0.15594171,0.07735581,-0.03164202,-0.096765146,-0.052614916,-0.027452966,-0.053768426,0.009844562,-0.015481688,0.0,-0.0018100786,0.0
-0.084737934,0.0,0.0,0.0419881,-2.165751,-0.084774695,-0.13926944,-0.013758721,-0.119108625,-0.007975809,-0.98170745,-0.34024754,-0.0035970747,0.24939716,-0.036240797,-0.007747099,-0.27077025,-0.003244635,-0.59009135,0.013099246,-0.0016056477,-0.0026096853,0.07411657,0.026391137,0.005453429,-0.11314672,-0.068585455,-0.14189215,0.1358001,0.025675237,0.007827399,0.0,0.0,-0.27170116,-0.12842424,0.038401082,-1.5401394,-0.4264881,-0.027874723,0.85317665,0.7145753,-0.016686017,0.0,-0.111023135,0.0,0.0,-0.04647805,-0.00022293709,0.0,-0.111513466,0.07940614,0.036691226,-0.062217277,0.00639104,-0.07425387,0.030392151,-0.018096717,0.014571429,0.0,-0.0018100786,0.0
-0.0764769,0.0,0.0,-0.49547878,-2.3041222,-0.104937784,-0.15060927,-0.018915195,-0.1216749,-0.007975809,0.22012357,-0.46102455,-0.0035970747,0.25801432,-0.03661327,-0.005582015,-0.29372683,-0.00096711644,-0.6328361,0.013099246,-0.007275651,-0.008442134,0.062708706,0.059344437,-0.0018479638,-0.09073291,-0.082183026,-0.14189215,-0.13326243,0.085335895,0.007827399,0.0,0.0,-0.34540874,-0.14152052,0.030993551,-1.2348223,-0.44457975,-0.027874723,-0.019379152,0.6308726,-0.051667668,0.0,-0.13261127,0.0,0.0,0.013353274,-0.00022293709,0.0,-0.13916443,-0.038848396,-0.016175319,-0.08651047,0.00858719,-0.07425387,0.06133149,-0.002767893,0.03454832,0.0,-0.0018100786,0.0
-0.07718992,0.0,0.0,-0.4852281,-2.19919,-0.120277464,-0.17858385,-0.018915195,-0.10659412,-0.007975809,0.11262591,-0.47307968,-0.0035970747,-0.35765362,-0.009610115,-0.012313764,-0.34926623,0.00064475404,-0.5860182,0.013099246,-0.0062906696,-0.008442134,0.038714424,0.051597353,-0.0060606655,-0.09073291,-0.15785417,-0.14456303,-0.1464169,-0.23161474,0.007827399,0.0,0.0,-0.24919924,0.029051796,0.014619761,-0.8757733,-0.4647748,-0.027874723,-0.9309248,0.57252616,-0.051667668,0.0,-0.13261127,0.0,0.0,-0.0413837,-0.00022293709,0.0,-0.10906531,0.0777534,-0.03164202,-0.10668955,-0.055455495,-0.07425387,0.025297292,-0.0012247749,0.013436582,0.0,-0.0018100786,0.0
-0.06630899,0.0,0.0,-0.33975795,-1.0306957,-0.102989696,-0.15490673,-0.04013104,-0.1022697,-0.007975809,0.17144619,-0.34993184,-0.001960133,-0.290951,-0.008124953,-0.020435726,-0.29824746,-0.0005808475,-0.48389617,0.013099246,-0.0062906696,-0.008442134,0.038714424,0.051012665,-0.006376042,-0.012673276,-0.15785417,-0.15558307,-0.13663894,0.055470444,0.007827399,0.0,0.0,-0.26216656,-0.046603076,0.019656874,-0.51935726,-0.3029968,-0.027874723,-0.8662238,-1.8968441,-0.051667668,0.0,-0.10522297,0.0,0.0,-0.022301925,-0.0006143737,0.0,-0.13392827,0.07659811,-0.03164202,-0.08232658,-0.055455495,-0.0326421,0.06409175,-0.0012247749,0.03454832,0.0,-0.0018100786,0.0
-0.06630899,0.0,0.0,-0.34141496,-1.0459768,-0.102248535,-0.13658457,-0.04013104,-0.10573,-0.007975809,0.12092113,-0.36290872,-0.0069051003,0.31813142,-0.025348343,-0.00081171095,-0.24291135,0.00064475404,-0.49333814,0.013099246,-0.0062906696,-0.008442134,0.03557609,0.05000872,-0.006376042,0.003296349,-0.15785417,-0.14951067,-0.15108743,-0.23161474,0.007827399,0.0,0.0,-0.2363938,-0.044532776,0.019656874,-0.51646245,-0.26030314,-0.027874723,-0.88275445,-2.0392785,-0.051667668,0.0,-0.10522297,0.0,0.0,-0.0413837,-0.0006143737,0.0,-0.10356374,0.07735581,-0.008690623,-0.09939813,0.0030980927,-0.0326421,0.028057557,-0.02211405,0.013436582,0.0,-0.0018100786,0.0
-0.06559597,0.0,0.0,-0.4684457,-0.95675343,-0.07260352,-0.048675187,-0.041414537,-0.10573,-0.007975809,-0.053176537,-0.22877374,-0.0069051003,0.1574685,-0.025348343,-0.031664558,-0.0931479,-0.0008144094,-0.5915939,0.013099246,-0.007275651,-0.0074840584,0.03557609,0.051012665,-0.0033865988,0.003296349,-0.15660293,-0.16019867,-0.16275322,-0.24702343,0.007827399,0.0,0.0,-0.26928863,-0.03939104,0.016497552,0.09222368,-0.32991976,-0.027874723,-0.95645845,-2.4002817,-0.051667668,0.0,-0.10522297,0.0,0.0,-0.0413837,-0.0006143737,0.0,-0.15594171,-0.041656435,-0.03164202,-0.07806901,0.010365328,-0.0326421,0.028661374,-0.0012247749,0.013436582,0.0,-0.0018100786,0.0
-0.16895248,0.0,0.0,-0.4682732,-0.9855004,-0.07260352,-0.037840024,-0.04966293,-0.09647146,-0.002357933,0.13661711,-0.060279794,-0.001960133,-0.23486234,-0.007372895,-0.0012140647,0.2598586,-0.0008144094,0.5281474,0.037300542,-0.0022366676,-0.0023781627,0.054701872,0.052169073,0.023338431,0.003296349,-0.15805985,-0.16631213,-0.15697968,-0.23868117,0.022379266,0.0,0.0,-0.3762302,-0.03247445,0.019715093,0.09222368,-0.3339001,-0.022514978,-0.9014406,-2.8754609,-0.014676571,0.0,-0.030577749,0.0,0.0,-0.03369679,-0.0006143737,0.0,-0.199978,0.0784236,-0.03164202,-0.020021066,0.043063994,-0.0134529155,0.031185046,0.0038410167,0.013436582,0.0,-0.00085498113,0.0
0.022089535,0.0,0.0,-0.51793694,-0.95787245,0.015973708,-0.037840024,-0.04966293,-0.09647146,-0.002357933,0.13268231,-0.016358685,-0.001960133,-0.23486234,-0.0061754994,-0.011906501,0.32654536,-0.0008144094,0.50571495,0.037300542,-0.0022366676,-0.0023781627,0.057187848,0.05723252,0.023338431,0.003296349,-0.15805985,-0.16631213,-0.15871388,-0.18839957,0.022379266,0.0,0.0,-0.45920655,-0.04762452,-0.020028425,0.09306043,-0.33694685,-0.022514978,-0.8902768,-2.9338236,-0.014676571,0.0,-0.03823491,0.0,0.0,-0.014615018,-0.0006143737,0.0,-0.19900146,0.0784236,-0.03164202,-0.059871804,-0.0987693,-0.0134529155,-0.022021696,0.0038410167,0.013436582,0.0,-0.00085498113,0.0
0.022089535,0.0,0.0,-0.52063006,-0.8777968,0.015973708,-0.037840024,-0.04966293,-0.21608351,-0.002357933,-0.04361555,0.16722314,-0.001960133,-0.23486234,-0.0061754994,-0.011906501,0.32654536,-0.0008144094,0.5022401,0.037300542,-0.0022366676,-0.0023781627,0.057187848,0.056228578,0.034575503,0.003296349,-0.15805985,-0.16631213,-0.15697968,-0.24702343,0.022379266,0.0,0.0,-0.4487193,-0.049198553,-0.020028425,0.092984006,-0.33385375,-0.022514978,-0.8886694,-2.7733953,-0.014676571,0.0,-0.020153161,0.0,0.0,-0.005913869,-0.0006143737,0.0,-0.19900146,0.0784236,-0.03164202,-0.059871804,-0.0987693,-0.0134529155,0.03162029,-0.017048258,0.013436582,0.0,-0.00085498113,0.0
-0.07191014,0.0,0.0,-0.53406316,0.19887824,-0.11844091,0.0040486846,-0.024227604,-0.097808145,0.0035717743,-0.67991227,-0.31772488,-0.0030780097,0.23114061,0.014511822,-0.006184574,-0.07051569,-0.010351734,-0.29407772,0.013099246,0.037288778,0.040894516,-0.278758,-0.102015644,0.0052130846,0.0048747873,0.20744033,-0.06636366,0.09241666,-0.082997285,0.007827399,0.0,0.0,-1.2027159,-0.26815924,0.011605637,0.10104673,0.29609376,-0.011264777,0.07540402,-3.0076022,0.17758134,0.0,0.14433609,0.0,0.0,0.019402446,-0.0006143737,0.0,-0.05421878,-0.040898733,0.0054966463,-0.11481067,0.015171861,-0.020976486,0.016118884,-0.015870586,-0.0021934328,0.0,-0.0018100786,0.0
-0.06691318,0.0,0.0,0.11750444,0.048369136,-0.1189305,-0.0058382684,-0.028538235,-0.103164144,0.010235952,-0.8189455,-0.2781587,-0.0030780097,0.22775277,0.01478752,-0.006946693,-0.17306566,-0.010351734,-0.50124663,0.013099246,-0.007275651,0.0126415705,-0.27103996,-0.069604635,0.0052130846,0.0048747873,-0.09277529,-0.06977194,0.12401617,0.01781812,0.007827399,0.0,0.0,-1.245653,-0.3905666,0.011605637,0.10124997,0.30219653,-0.011264777,0.5888293,-3.0700026,-0.051667668,0.0,-0.09252749,0.0,0.0,-0.012211202,0.0009153518,0.0,-0.024640314,-0.040898733,-0.0067436732,-0.08560599,-0.054703515,-0.020976486,-0.053768426,0.016884897,0.015252997,0.0,-0.0018100786,0.0
-0.084543526,0.0,0.0,0.12903228,0.045381267,-0.021240046,-0.0031453567,-0.029646115,-0.16540982,0.0035717743,-1.3566523,-0.29408962,0.00023001595,0.26441577,-0.022788607,-0.025184188,-0.22548673,-0.010351734,-0.5857668,0.013099246,-0.007275651,0.0126415705,0.10361435,0.030594062,0.0030896813,0.00550332,-0.09177646,-0.13765734,0.1267919,0.021080926,0.007827399,0.0,0.0,-2.350151,-0.39291358,-0.004494588,0.13592157,0.18863866,-0.011264777,0.83247405,-0.8494227,-0.016686017,0.0,0.17537794,0.0,0.0,-0.023947168,0.005450514,0.0,0.14359626,-0.046063345,-0.0016252309,-0.0935689,-0.055351872,-0.07425387,0.028583841,-0.018096717,-0.015481688,0.0,-0.0018100786,0.0
0.031127093,0.0,0.0,0.10460344,0.5474869,0.085801214,0.15172109,-0.009761634,-0.14124775,0.0030261117,0.3346146,0.47444496,0.00023001595,0.29520968,-0.027180184,-0.018870015,0.22935368,0.001850009,0.6792834,0.037300542,-0.0012504113,0.0061769066,0.11811471,0.10380259,0.0328608,0.013910696,-0.05426587,-0.09878424,0.15360437,0.03605405,0.022379266,0.0,0.0,0.4978982,0.17576599,0.008025678,0.29207563,0.28926787,-0.0048708776,0.872904,1.6647506,-0.008056669,0.0,-0.037441947,0.0,0.0,-0.008230789,0.00089740404,0.0,0.071237445,-0.07939269,0.020243267,0.012052231,-0.098402835,-0.021289565,-0.18295811,0.008668338,-0.034286644,0.0,0.00062446354,0.0
0.03268137,0.0,0.0,0.23707142,0.6716922,0.085801214,0.15172109,-0.014022415,-0.14370877,-0.002357933,0.30982447,0.4072878,0.00023001595,0.26920104,-0.027180184,0.007207309,0.2633511,-0.0016666406,0.72277063,0.037300542,-0.001481217,0.0061769066,0.13282582,0.098944664,0.007930248,0.013910696,-0.052683994,-0.09173399,0.16847403,-0.14478661,0.022379266,0.0,0.0,0.49456903,0.22007763,-0.012438133,0.29132336,0.29355514,-0.005905031,0.77773345,1.7402314,-0.014676571,0.0,-0.042099196,0.0,0.0,-0.016045714,-0.00022293709,0.0,0.0009640814,0.09065491,-0.06617463,0.0008501585,0.05004329,0.056866672,0.036125246,-0.027152814,-0.0070736734,0.0,0.0017695283,0.0
0.02115546,0.0,0.0,-0.5183799,0.2841337,0.040930655,0.17544946,-0.03344508,-0.21066782,-0.002357933,-0.091356695,0.20384839,-0.001960133,0.23729539,0.0022057565,-0.011906501,0.21437737,-0.0016666406,0.53068,0.037300542,-0.0022366676,-0.0023781627,0.08633525,-0.24221027,-0.04936619,0.0045563,-0.07198018,-0.23085617,-0.13616079,-0.21032561,0.022379266,0.0,0.0,-0.45142752,0.13087967,-0.01389944,0.13979697,-0.27615744,-0.022514978,-0.010197265,-4.205016,-0.014676571,0.0,-0.03823491,0.0,0.0,0.016875984,-0.0036583229,0.0,0.16942449,-0.037658807,0.0031719399,-0.061476316,0.05025113,0.03580395,0.02981198,0.0012538496,0.013436582,0.0,-0.0024227407,0.0
0.013020664,0.0,0.0,-0.3863177,0.23109382,0.051968224,-0.042404238,-0.049668517,-0.09647246,-0.002357933,-0.11947613,-0.7033784,-0.0069051003,-0.25832045,-0.10378791,-0.01290651,0.21199262,-0.0008144094,0.3796695,0.037300542,-0.007275651,-0.0074840584,-0.20301814,-0.26015618,-0.009795051,0.0045563,-0.18747295,-0.13100672,-0.1705147,-0.24702343,0.022379266,0.0,0.0,0.17404501,-0.20761679,-0.0089113675,0.10836936,-0.30196464,-0.011264777,-1.0253907,-3.6349337,-0.014676571,0.0,-0.03931885,0.0,0.0,-0.019986318,0.0009153518,0.0,-0.0774782,-0.03983094,-0.03196219,-0.037617944,0.04012331,-0.014226835,0.025286328,0.01733258,0.0026029474,0.0,0.00062446354,0.0
0.008812547,0.0,0.0,0.056005277,-0.17099747,-0.1016714,-0.054298323,-0.042296402,-0.09970385,0.010235952,-0.5265015,-0.49642307,-0.0069051003,-0.5397471,-0.10270619,-0.0087960595,-0.29742363,0.00276636,-0.42487654,0.013099246,-0.007275651,-0.008442134,-0.19333741,-0.1271269,-0.006216924,0.0038178354,-0.18197113,-0.1366013,-0.12537257,-0.10087277,0.007827399,0.0,0.0,0.102818,-0.22239183,-0.016073395,0.09072305,-0.29552004,-0.008398641,-0.89734423,-2.7809398,-0.051667668,0.0,-0.08757784,0.0,0.0,-0.028784426,-0.0006143737,0.0,0.014963895,-0.041656435,-0.03196219,-0.1070377,0.008206488,-0.0326421,-0.039353035,0.005669966,-0.007836472,0.0,-0.0018100786,0.0
0.008942278,0.0,0.0,0.03901061,-0.90431464,-0.08656865,-0.042456187,-0.042293973,-0.1590536,0.0035717743,-0.62929857,-0.50403714,-0.0069051003,-0.47896338,-0.0077999933,-0.019108197,-0.36313167,-0.002492165,-0.42723057,0.013099246,-0.007275651,-0.008442134,0.08001011,0.03481289,0.005861678,0.0038360562,-0.16112469,-0.2149,0.12955938,-0.010883663,0.007827399,0.0,0.0,-0.24293153,-0.21863586,-0.016073395,0.09084265,-0.3433309,-0.011264777,-0.7573451,-2.2656052,-0.051667668,0.0,0.17121035,0.0,0.0,-0.0010526055,0.005450514,0.0,0.13182974,-0.03998735,-0.03164202,-0.09365835,0.0053481753,-0.0326421,-0.03204938,-0.0012247749,-0.015481688,0.0,-0.0018100786,0.0
0.0093198605,0.0,0.0,-0.01750603,-2.1237936,-0.05478254,0.0028575235,-0.014065149,-0.114357136,0.010235952,-1.098689,-0.46628037,-0.0035970747,-0.7570264,-0.11557739,-0.05097793,-0.35238248,-0.010351734,-0.634234,0.013099246,-0.0024662241,0.0126415705,0.10808255,0.030150458,0.005750221,0.008029785,-0.0698367,-0.15340742,0.16994943,0.012820798,0.007827399,0.0,0.0,0.2785974,0.049886182,-0.017816216,0.21811552,-0.49615672,-0.011264777,1.0716184,0.793802,-0.016686017,0.0,-0.103675805,0.0,0.0,-0.0061469623,0.00089740404,0.0,-0.0688911,-0.046063345,-0.03132092,0.06954169,-0.054198172,-0.07847923,-0.06206649,-0.032218605,-0.015481688,0.0,0.0013220506,0.0
0.009158609,0.0,0.0,-1.0433708,-2.3577511,-0.08180884,0.0028575235,-0.013185714,-0.1216749,0.010235952,-0.38089904,-0.42649445,-0.0035970747,0.28695208,-0.08704355,-0.0010237863,-0.30610505,-0.010351734,-0.5457006,0.013099246,-0.0024662241,0.0126415705,0.055323437,0.048128594,0.003976913,0.008029785,-0.06890223,-0.14189215,0.16749902,0.06489849,0.007827399,0.0,0.0,-0.35781813,-0.13398628,-0.032546625,0.1902892,-0.35632208,-0.027874723,1.0062845,0.8597923,-0.016686017,0.0,-0.103675805,0.0,0.0,0.020248275,-0.00022293709,0.0,-0.13916443,-0.046063345,0.029452348,-0.09452301,0.017125282,0.20975338,0.06161616,-0.018096717,-0.041913554,0.0,0.0075737215,0.0
0.009221735,0.0,0.0,-0.8937071,-2.0648484,-0.07120532,0.0028575235,-0.014065149,-0.10557846,0.010235952,-1.1557418,-0.44512665,-0.0035970747,-0.7326238,0.014210732,-0.0040669,-0.35301465,-0.010351734,-0.6922282,0.013099246,-0.0024662241,-0.0026096853,0.06722906,0.025608573,0.005453429,0.008029785,-0.06890223,-0.14456303,0.1660013,0.027432788,0.007827399,0.0,0.0,-0.34644228,-0.15432747,-0.04101466,0.15932336,-0.4607679,-0.027874723,0.9857571,0.7278373,-0.016686017,0.0,-0.103675805,0.0,0.0,-0.0061469623,-0.00022293709,0.0,-0.13916443,-0.038848396,-0.03132092,-0.08948332,-0.05441263,-0.07425387,0.027370218,0.017928947,0.0073548565,0.0,-0.0018100786,0.0
0.008488977,0.0,0.0,-0.5378863,-1.3635261,-0.04018891,-0.000279041,-0.035378627,-0.100374,0.0035717743,0.14801916,-0.3320898,-0.0069051003,0.20029056,0.027506081,-0.0561982,-0.2383977,-0.0016666406,-0.4154372,0.013099246,-0.0024662241,0.0126415705,0.055323437,0.053782165,-0.004545712,0.00746064,-0.06890223,-0.14951067,0.15429585,0.06407328,0.007827399,0.0,0.0,-0.40160123,-0.022372367,0.016497552,0.1254817,-0.30749494,-0.027874723,0.97336656,-2.6045656,-0.016686017,0.0,0.13706876,0.0,0.0,0.020248275,-0.0006143737,0.0,-0.11786975,0.07735581,0.036370125,-0.08189089,0.010688268,-0.03686745,0.06092141,-0.018096717,-0.041913554,0.0,0.0013220506,0.0
0.00945219,0.0,0.0,-1.0542346,-2.5372608,0.019038828,0.0028575235,-0.013185714,-0.1216749,0.010235952,0.27548555,-0.4185312,-0.0035970747,0.25437075,-0.03623692,-0.08205548,-0.27051324,-0.0016666406,-0.48216587,0.013099246,-0.0024662241,-0.0026096853,0.04330918,0.06197708,0.003976913,0.008029785,-0.06765099,-0.13723034,0.16970049,0.047109336,0.007827399,0.0,0.0,-0.41656667,-0.15743543,-0.03548129,0.22188795,-0.45799875,-0.022910897,1.1638924,0.92183906,-0.016686017,0.0,-0.07639914,0.0,0.0,-0.04647805,-0.00022293709,0.0,0.102438375,-0.038848396,-0.03132092,0.091023475,-0.05441263,-0.07425387,-0.08540137,0.017928947,0.03454832,0.0,-0.0018100786,0.0
0.008488977,0.0,0.0,-0.54573584,-1.3331172,0.038164616,-0.000279041,-0.035378627,-0.0969137,-0.0027831106,0.24294616,-0.3393589,-0.0069051003,-0.2899909,-0.004467614,-0.034992646,-0.31882694,-0.0016666406,-0.35449448,0.013099246,-0.0016056477,-0.0026096853,0.04644751,0.061392393,0.00913756,0.00746064,-0.07240748,-0.14751972,0.1668251,-0.17808697,0.007827399,0.0,0.0,-0.44659916,-0.03754446,-0.023245966,0.12523909,-0.31776112,-0.027874723,0.9953486,-2.4884894,-0.016686017,0.0,0.11420557,0.0,0.0,-0.00039114105,0.0009153518,0.0,-0.015970085,-0.03998735,-0.03164202,-0.077423,0.0061001526,-0.0326421,0.024887215,-0.002767893,0.00622001,0.0,-0.0018100786,0.0
0.008553648,0.0,0.0,-0.55146784,-1.3155339,0.03879107,-0.011618862,-0.035378627,-0.0969137,-0.0027831106,0.2012322,-0.3069059,-0.0069051003,-0.3004369,-0.004467614,-0.039751925,-0.29567087,-0.0016666406,-0.3250095,0.013099246,-0.007275651,-0.0026096853,0.04644751,0.06038845,0.002576341,0.003296349,-0.08836169,-0.14751972,-0.11011822,-0.10874379,0.007827399,0.0,0.0,-0.44238386,-0.037509397,-0.020311298,0.12523909,-0.29742914,-0.021738756,0.68184024,-2.6469557,-0.051667668,0.0,0.17416446,0.0,0.0,0.01261986,-0.0006143737,0.0,-0.010645136,-0.03998735,-0.03164202,0.088270724,-0.049122702,0.08648763,-0.05389869,-0.018096717,-0.014700584,0.0,-0.0103695225,0.0
0.00868338,0.0,0.0,-0.5188599,-1.11662,0.04886125,0.33034134,-0.041414537,-0.0969137,-0.0027831106,0.15326296,-0.44057482,-0.0069051003,-0.23408005,-0.004467614,-0.039751925,-0.3255273,-0.0008144094,-0.22308381,0.013099246,-0.007275651,-0.008442134,0.02670017,0.05723252,-0.005986694,0.003296349,-0.122019395,-0.14751972,-0.11770093,-0.19626518,0.007827399,0.0,0.0,-0.30749652,-0.038308337,-0.020423999,0.08584988,-0.32080787,-0.022910897,-0.70182705,-2.3602548,-0.051667668,0.0,0.16177444,0.0,0.0,0.005565983,-0.0006143737,0.0,-0.010645136,-0.03998735,-0.03164202,0.11743492,0.036242086,-0.02720747,0.024887215,0.019472064,0.00622001,0.0,-0.0010469342,0.0
0.00868338,0.0,0.0,-0.51976645,-0.97369313,0.050666407,-0.050293587,-0.041414537,-0.16697587,-0.007975809,-0.0419126,-0.4364937,-0.0069051003,-0.31291533,0.011756231,-0.039751925,-0.3255273,-0.0008144094,-0.41195002,0.013099246,-0.007275651,-0.008442134,0.02670017,0.056228578,-0.005986694,0.003296349,-0.18171772,-0.21729381,-0.15637901,-0.19550945,0.007827399,0.0,0.0,-0.28940836,-0.054679625,-0.020311298,0.08575839,-0.32959667,-0.022910897,-0.97454596,-2.04023,-0.051667668,0.0,-0.10132933,0.0,0.0,0.013353274,-0.0036583229,0.0,0.10253388,-0.041656435,-0.023842474,0.11479144,-0.049874682,0.00018319953,0.024887215,-0.02211405,-0.014700584,0.0,-0.0103695225,0.0
0.0025070081,0.0,0.0,-0.5593547,0.231797,0.0024094991,0.009318922,-0.029911406,-0.024898564,-0.002357933,-0.9063943,-0.7252826,0.0013847719,-0.242362,-0.005886776,-0.0078400355,-0.4284124,0.011490661,0.55922335,-0.03116097,-0.007275651,-0.008442134,-0.28442135,-0.14649355,0.011677495,0.00550332,-0.081502534,0.070607886,0.13179964,-0.09228574,-0.019534145,0.0,0.0,-2.3440027,-0.26495805,0.015360694,0.13719027,0.2307459,-0.0019809995,0.11280944,-0.84175116,-0.014676571,0.0,-0.04605914,0.0,0.0,-0.015810525,-0.0006143737,0.0,-0.044342652,-0.027599633,0.00033754227,-0.05020378,0.019193498,-0.009769829,0.018564753,0.0012538496,0.009321772,0.0,-0.0024227407,0.0
0.0016640015,0.0,0.0,0.075699516,-0.16175212,0.061036527,-0.03735836,-0.050544795,-0.023318121,0.001743352,-0.7233663,-0.62438756,0.0035503432,0.19301102,-0.024149958,-0.005990669,-0.27516863,-0.002492165,0.27918428,-0.03116097,-0.007275651,-0.008442134,-0.21899176,-0.084334925,-0.0010710687,0.0048747873,-0.15888008,0.1133519,0.12650351,0.003728323,-0.019534145,0.0,0.0,-1.1402227,-0.34445474,-0.00275099,0.08298846,-0.21317159,0.0027771776,-0.2842922,-2.821438,0.05044375,0.0,0.10668646,0.0,0.0,0.015764786,-0.0006143737,0.0,-0.059447054,0.08059573,0.03207879,-0.017089974,0.019085655,-0.0134529155,0.029022945,0.0027969673,0.015252997,0.0,-0.00085498113,0.0
0.018071776,0.0,0.0,0.13275717,-0.48024824,0.061312005,0.02719146,-0.020188121,0.026911154,-0.0013584122,-1.3773062,0.053367473,0.006858369,-0.34839123,-0.0033041507,-0.0055259084,-0.13415392,-0.010351734,0.44500148,-0.03116097,-0.0022366676,-0.0025629192,0.09260151,0.038950343,-0.061622914,0.0045067724,-0.09875152,0.12561595,0.13728653,0.023896292,-0.019534145,0.0,0.0,-2.4081225,-0.44279677,-0.014097103,0.17865814,-0.31131488,0.004412899,0.11960824,0.8372271,-0.014676571,0.0,0.059576884,0.0,0.0,-0.011909412,-0.00022293709,0.0,-0.036133662,-0.07939269,-0.03132092,0.016213559,-0.042897485,-0.019419787,-0.12846129,0.008894721,0.015252997,0.0,-0.0006115903,0.0
0.020824166,0.0,0.0,0.13928875,0.5480502,0.07642648,0.037108414,-0.01105181,0.048214577,-0.0013584122,0.3427095,0.788035,0.019754153,0.22563449,-0.027180184,-0.00571,0.24627717,0.001850009,0.5566695,-0.03116097,-0.0022366676,-0.0023781627,0.100938134,0.10050899,-0.05567717,0.013910696,-0.07283699,0.13600183,0.17293032,0.075082004,-0.019534145,0.0,0.0,0.2724725,0.20353794,-0.012975651,0.29687434,-0.29563496,0.004412899,0.41423038,1.6655743,-0.014676571,0.0,0.059576884,0.0,0.0,0.00602295,-0.00022293709,0.0,-0.036133662,0.09065491,-0.008332087,0.019453868,-0.09660625,-0.020515643,0.07396775,-0.027152814,-0.039860375,0.0,-0.00085498113,0.0
0.020824166,0.0,0.0,0.23456904,0.6105563,0.07567568,0.15172109,-0.01105181,0.05000627,-0.002357933,0.33551493,0.83278733,0.006858369,0.33640704,-0.027180184,-0.010066434,0.25196433,0.001850009,0.74945694,-0.03116097,-0.0022366676,-0.0023781627,0.11797037,0.105301976,-0.05097312,0.013910696,-0.06596656,0.14082207,0.15124951,0.10533114,-0.019534145,0.0,0.0,0.4693711,0.23105273,-0.012975651,0.29687434,-0.2886125,0.0033787454,0.29301855,1.6904244,-0.014676571,0.0,-0.041857038,0.0,0.0,-0.012685128,0.00033215265,0.0,-0.026658228,-0.027599633,0.011949935,-0.0019774048,-0.09660625,-0.020515643,0.07396775,0.008668338,0.04217523,0.0,-0.00085498113,0.0
0.00050073303,0.0,0.0,-0.55200285,0.2863997,0.045851253,0.34223545,-0.049668517,-0.08432522,-0.002357933,-0.12030822,-0.56087005,-0.013224944,0.22941917,0.014967237,-0.01290651,0.22451659,0.00090401294,0.4471903,-0.03116097,-0.007275651,-0.0074840584,0.09288879,-0.17923968,-0.01677189,0.0045563,-0.08701644,0.055454016,-0.13616079,-0.18670522,-0.019534145,0.0,0.0,-0.20791408,0.14117426,-0.014436958,0.1093461,-0.21819377,0.02721032,-0.3607687,-3.9920237,-0.014676571,0.0,-0.04155249,0.0,0.0,-0.019986318,-0.0036583229,0.0,0.17335966,-0.037658807,0.0031719399,-0.0275334,0.03984127,-0.0134529155,0.025286328,-0.014822126,-0.014700584,0.0,-0.00085498113,0.0
0.0011634598,0.0,0.0,-0.4821974,0.2629125,0.051968224,-0.049200498,-0.049668517,-0.022991167,-0.002357933,0.12531832,-0.69650644,-0.013224944,-0.30734587,-0.10378791,-0.01290651,-0.33237728,0.00090401294,0.3314683,-0.03116097,-0.007275651,-0.008442134,-0.19493549,-0.2635176,-0.009795051,0.0045563,-0.18450966,0.10277374,-0.1705147,-0.23438868,-0.019534145,0.0,0.0,0.21896368,-0.19360508,-0.0089113675,0.10607067,-0.20110594,-0.0019809995,-1.0442466,-3.7574804,-0.014676571,0.0,-0.038434327,0.0,0.0,0.016875984,-0.0006143737,0.0,-0.08079827,-0.037658807,0.03207879,-0.037617944,0.020703955,-0.014226835,0.025286328,-0.034502085,0.014118151,0.0,0.00062446354,0.0
0.0048041535,0.0,0.0,0.08829754,-0.706636,0.06346814,-0.13054344,-0.06998581,0.006803038,0.010235952,-0.48542613,-0.5277355,-0.013224944,-0.4328726,-0.059715927,-0.0087960595,-0.29561183,0.00276636,-0.2645257,-0.010943234,-0.007275651,-0.008442134,-0.20336774,-0.10813904,-0.012057977,0.0022344845,-0.19405451,0.12710267,-0.082871914,-0.12567195,-0.00683208,0.0,0.0,-0.85548997,-0.21298882,-0.016073395,0.07313116,-0.24194689,-0.0019809995,-0.70152485,-1.8393402,0.17758134,0.0,-0.0859685,0.0,0.0,0.013353274,-0.0006143737,0.0,-0.02052483,-0.040898733,-0.03196219,-0.1070377,0.010693524,-0.0326421,0.016255148,0.018428015,-0.0021934328,0.0,-0.0018100786,0.0
0.0048041535,0.0,0.0,-0.3681452,-0.6489272,0.046707794,-0.107511334,-0.068984024,0.009263543,0.0035717743,-0.7049415,-0.5310868,-0.0069051003,-0.45111847,-0.055503476,-0.006946693,-0.30524215,-0.002492165,-0.2244461,-0.010943234,-0.007275651,-0.008442134,-0.20689517,0.0394362,-0.010810921,0.0036267508,-0.1337227,-0.11536384,0.09680423,0.2342413,-0.00683208,0.0,0.0,-0.9008215,-0.19539505,-0.016073395,0.073250756,-0.31332543,0.0027771776,-0.43934172,-1.8042233,0.17758134,0.0,0.19269268,0.0,0.0,-0.03146978,0.0009153518,0.0,-0.076093376,-0.03998735,-0.03164202,-0.09878831,0.0061001526,-0.0326421,-0.035460316,0.019472064,0.015252997,0.0,-0.0018100786,0.0
0.0051817363,0.0,0.0,-0.5115173,-1.4589418,0.016763303,-0.1331808,-0.027559856,-0.07221008,0.010235952,-1.165915,-0.4528384,-0.0035970747,-0.85824686,-0.10544173,-0.00011693861,-0.2894236,-0.010351734,-0.5353223,-0.010943234,-0.0024662241,-0.0026096853,-0.27067947,0.04296664,-0.011984353,-0.034517944,-0.06502358,-0.12784278,0.11761659,0.09740264,-0.00683208,0.0,0.0,0.20213704,-0.13765752,-0.032667104,0.23070516,-0.5028974,0.019855011,0.7591807,0.89439803,-0.016686017,0.0,-0.09506764,0.0,0.0,-0.010566165,0.00033215265,0.0,-0.14759947,-0.046063345,-0.03132092,-0.08964482,0.036994074,-0.06881924,-0.06206649,0.0036025462,-0.015481688,0.0,-0.0010469342,0.0
0.0054527577,0.0,0.0,-0.4878153,-1.1224312,-0.07336429,-0.1331808,-0.027559856,-0.07221008,0.010235952,-0.92812085,-0.4393769,-0.0035970747,-0.5399231,-0.075766556,-0.013025673,-0.27987418,-0.003244635,-0.39790815,-0.010943234,-0.0024662241,-0.0026096853,-0.27148974,0.03416389,-0.0019325092,-0.06507475,-0.06502358,-0.12784278,0.106208555,0.09699962,-0.00683208,0.0,0.0,-1.0238237,-0.0826225,-0.032554403,-0.9448559,-0.3696441,0.005259826,0.58328444,0.6296229,-0.016686017,0.0,-0.09923847,0.0,0.0,-0.008932443,-0.00022293709,0.0,-0.14732192,-0.046063345,0.036691226,0.09693666,-0.05131885,0.19916762,-0.030904561,-0.018096717,-0.015481688,0.0,-0.0103695225,0.0
0.0054527577,0.0,0.0,-0.4878153,-1.1687739,-0.07336429,-0.1331808,-0.027559856,-0.06595305,0.010235952,-1.0145884,-0.44997418,-0.0035970747,-0.5643716,-0.075766556,-0.00011693861,-0.27987418,-0.003244635,-0.5938122,-0.010943234,-0.0024662241,-0.0026096853,-0.27148974,0.034376852,0.0030896813,-0.06507475,-0.06502358,-0.121529624,0.106208555,0.11161162,-0.00683208,0.0,0.0,-1.0865649,0.027337162,-0.017816216,-0.9344666,-0.46750852,0.019855011,0.5993815,0.50304306,-0.016686017,0.0,-0.101468734,0.0,0.0,-0.037685785,-0.0006023274,0.0,-0.04752241,-0.038848396,-0.03132092,-0.08964482,-0.05441263,-0.07425387,0.027370218,-0.002767893,0.0037377945,0.0,-0.0018100786,0.0
0.0054527577,0.0,0.0,-0.40536177,-1.6808695,-0.07336429,-0.1331808,-0.028559215,-0.06931416,0.010235952,-0.9528059,-0.4588964,-0.0035970747,-0.36130095,-0.0058585135,-0.022411577,-0.27987418,-0.003244635,-0.5989453,-0.010943234,-0.0024662241,-0.0026096853,-0.27148974,0.03166649,0.0030896813,-0.06507475,-0.065425694,-0.12784278,0.106208555,0.11025708,-0.00683208,0.0,0.0,-1.0374625,-0.07036639,0.028121784,-0.8948824,-0.4623469,0.019855011,0.6169673,0.64274305,-0.016686017,0.0,-0.101468734,0.0,0.0,-0.0475997,-0.00022293709,0.0,-0.14732192,-0.038848396,-0.016175319,-0.08460513,-0.054198172,-0.07847923,0.027370218,-0.002767893,0.015252997,0.0,0.0013220506,0.0
0.0062940037,0.0,0.0,-0.44244537,-2.0213048,-0.089117825,-0.13926944,-0.02767978,-0.07188044,0.010235952,0.27449796,-0.46784514,-0.0035970747,-0.38174373,0.014476829,-0.04153372,-0.32280302,-0.00096711644,-0.5079567,-0.010943234,-0.0016056477,-0.0026096853,0.08928942,0.0611999,-0.011047345,-0.06507475,-0.073876925,-0.13636741,0.14199196,0.08145801,-0.00683208,0.0,0.0,-1.0321823,-0.071437456,0.048540466,-1.0868676,-0.46265993,0.019855011,0.87891734,0.69306415,-0.016686017,0.0,-0.101468734,0.0,0.0,-0.007268608,-0.00022293709,0.0,-0.06729298,-0.038848396,-0.016175319,-0.066361755,-0.05157205,-0.06906474,0.06161616,-0.002767893,0.035229888,0.0,-0.0018100786,0.0
0.0053140665,0.0,0.0,-0.55821055,-2.4730515,-0.07836466,-0.13926944,-0.016626144,-0.07188044,0.010235952,0.23041254,-0.4082942,-0.0035970747,-0.32748634,-0.00374389,-0.034992646,-0.3462653,-0.00096711644,-0.41270977,-0.010943234,-0.0016056477,-0.0026096853,0.05846177,0.054366853,-0.0018479638,-0.11314672,-0.06765099,-0.1290347,0.16045062,-0.14649962,-0.00683208,0.0,0.0,-0.39394906,-0.14041324,0.043564975,-1.3033861,-0.4422382,0.0032450645,0.9758767,0.6637308,-0.016686017,0.0,-0.040453658,0.0,0.0,0.020248275,-0.00022293709,0.0,0.08245471,-0.038848396,0.029452348,-0.10315823,0.015794942,-0.054428898,0.025581967,-0.018096717,-0.014700584,0.0,-0.0103695225,0.0
0.009553067,0.0,0.0,-0.46234602,0.15272793,-0.20306326,-0.010715445,-0.053200513,-0.020223292,-0.0027831106,-0.6866817,-0.51184684,-0.0030780097,0.19594322,-0.024119444,-0.006946693,-0.22007386,-0.002492165,-0.38178697,-0.010943234,-0.007275651,-0.008442134,-0.19378778,-0.10176949,0.0010003833,0.002816802,0.47235844,-0.04335565,-0.06745216,0.02753077,0.007827399,0.0,0.0,-1.0514613,-0.19127895,0.011605637,0.07806266,0.3707823,-0.011264777,-0.63819903,-2.7149634,-0.051667668,0.0,0.19978409,0.0,0.0,-0.014629183,-0.0006143737,0.0,-0.14140904,-0.040898733,-0.0067436732,-0.106471024,-0.055241037,-0.025201837,0.026225403,-0.0022688243,0.0037377945,0.0,0.0013220506,0.0
0.014364213,0.0,0.0,0.10566872,0.22119959,-0.2082613,-0.039141133,-0.03358388,-0.019374682,-0.002357933,-1.0536069,-0.74308693,-0.0030780097,0.18413006,-0.016556907,-0.005990669,-0.34967506,-0.002492165,0.43950507,-0.03116097,-0.007275651,-0.008442134,-0.19300982,0.0331897,0.0050260155,0.0034453347,-0.178082,-0.049513467,-0.10228129,-0.007846288,0.007267298,0.0,0.0,-2.2110105,-0.2561067,0.014823176,0.110217154,0.35132283,0.019855011,-0.90043664,-1.0744679,-0.014676571,0.0,-0.056446597,0.0,0.0,-0.0051857587,-0.0006143737,0.0,-0.21722537,-0.027599633,-0.0067436732,-0.04225702,-0.046945054,-0.01246677,0.028040722,-0.017048258,-0.015481688,0.0,-0.00085498113,0.0
0.014594668,0.0,0.0,0.16925742,0.4248073,-0.311983,-0.03304552,-0.00835715,-0.11358621,-0.002357933,-0.0063832235,-0.773048,0.0013847719,-0.3007207,-0.0016833704,-0.009097265,-0.5613064,-0.002492165,0.48537436,-0.03116097,-0.007275651,-0.008442134,0.078404136,0.06303364,-0.0091110105,0.0034453347,-0.1538246,0.04439071,-0.13858011,0.03464167,-0.019534145,0.0,0.0,-2.2962484,0.120557345,0.011185001,0.13314068,0.23334274,-0.011264777,-1.2932553,1.0537411,-0.014676571,0.0,-0.048141584,0.0,0.0,-0.009106797,0.00033215265,0.0,-0.075688675,-0.027599633,-0.0014211282,-0.046181798,0.020119565,-0.020515643,0.06278095,-0.017048258,-0.041231986,0.0,-0.00085498113,0.0
0.0024664416,0.0,0.0,0.02241968,0.4856917,-0.23975828,-0.035136398,-0.033451255,-0.019619713,-0.002357933,-0.26173028,-0.7640145,0.00023001595,0.20365548,-0.013409898,-0.008081581,-0.4128137,-0.0008144094,0.3019429,-0.03116097,-0.007275651,-0.008442134,0.06699222,0.06568433,-0.025003208,0.0066198586,-0.14923711,-0.07216576,-0.17759821,0.008925885,-0.019534145,0.0,0.0,0.25440916,0.12361635,0.007953162,0.19974335,0.2314344,-0.0019809995,-1.3793503,-0.48708102,-0.014676571,0.0,-0.047257062,0.0,0.0,0.011785731,-0.0006143737,0.0,-0.11794228,-0.07939269,0.00033754227,-0.027272936,0.021259397,0.054927766,-0.13096368,-0.043403197,-0.041231986,0.0,-0.0024227407,0.0
0.002737463,0.0,0.0,0.12357227,0.42668986,-0.20738783,-0.039141133,-0.03344508,-0.024782864,-0.0013584122,-0.29058847,-0.8260674,-0.0019232538,-0.17369545,-0.0040309154,-0.004120894,-0.48256215,-0.0008144094,0.23746584,-0.03116097,-0.007275651,-0.008442134,0.07603039,-0.3260652,-0.015629722,0.0066198586,-0.172272,0.03688541,-0.17984843,-0.22604641,-0.019534145,0.0,0.0,0.33159506,-0.25484666,0.007415644,0.19627555,0.15319979,-0.011264777,-1.254314,-0.5482251,0.05044375,0.0,0.065138556,0.0,0.0,0.008103488,-0.0006143737,0.0,-0.1788103,-0.055456195,0.0054966463,-0.04760166,0.014374604,-0.020515643,0.026252467,0.01733258,0.014118151,0.0,-0.00085498113,0.0
0.00079431385,0.0,0.0,-0.38798827,0.22837427,-0.14954825,-0.04551395,-0.03344508,-0.08432522,-0.002357933,-0.12470777,-0.52775437,-0.0019232538,0.3209179,0.028066952,0.038460493,-0.17184713,-0.0008144094,0.43568042,-0.03116097,-0.0034800451,-0.008442134,0.05380264,-0.2054966,0.001570618,0.0045563,-0.15046155,-0.02719424,-0.16491166,-0.22604641,-0.019534145,0.0,0.0,-0.20164531,-0.22165129,0.014535621,0.110413164,0.15335526,0.02721032,-0.99082446,-3.8318505,-0.014676571,0.0,-0.03389533,0.0,0.0,-0.006942275,0.005450514,0.0,0.21088031,-0.043151718,-0.001945401,-0.050136622,-0.05942857,-0.0134529155,0.02723469,0.00939379,0.00622001,0.0,-0.00085498113,0.0
0.0010532113,0.0,0.0,-0.28403974,-0.7421311,-0.13357484,-0.049200498,-0.029911406,-0.021526424,-0.002357933,-0.45766443,-0.70075667,-0.0069473963,0.31396475,0.007831041,-0.010282104,-0.25398415,-0.002492165,0.35985464,-0.03116097,-0.007275651,-0.008442134,-0.17444383,-0.100085706,-0.021595161,0.003296349,-0.1486076,0.03398259,-0.1368309,-0.11709282,-0.019534145,0.0,0.0,0.19518135,-0.19831407,-0.0022134725,0.10063765,0.22772366,0.0029828276,-0.8332219,-3.252658,-0.014676571,0.0,-0.037658848,0.0,0.0,0.009100375,-0.0006143737,0.0,-0.030934133,-0.03983094,-0.00055815745,0.04675636,-0.057980586,-0.0007681992,0.017104328,-0.034502085,-0.007836472,0.0,0.0017695283,0.0
0.0010532113,0.0,0.0,-0.32640228,-0.6212575,-0.14162129,-0.016987298,-0.02890962,-0.022746822,-0.002357933,-0.7003117,-0.68398046,-0.0069473963,-0.45967376,-0.008131673,-0.005990669,-0.3350156,0.00276636,0.35938844,-0.03116097,-0.007275651,-0.008442134,-0.17619534,0.034853578,-0.008141744,0.0022344845,-0.11723028,0.03131171,-0.0926014,0.2806106,-0.019534145,0.0,0.0,-0.86266696,-0.19666609,-0.012855856,0.071872756,0.13403046,-0.0019809995,-0.7143241,-2.1890454,-0.014676571,0.0,-0.04155249,0.0,0.0,-0.004861869,0.0009153518,0.0,-0.17439535,0.0784236,-0.011520792,-0.037221354,-0.046945054,-0.0134529155,0.027074583,0.010437839,0.0037377945,0.0,-0.00085498113,0.0
0.005986929,0.0,0.0,-0.76858014,0.23619744,-0.15009142,-0.122649536,-0.07402829,0.055269875,-0.007975809,-1.0415504,-0.45035872,-0.009916918,-0.3118602,-0.008277796,-0.042256396,-0.36676738,0.00276636,-0.16464362,-0.010943234,-0.007275651,-0.008442134,-0.20189658,0.03405134,-0.00112302,0.00550332,-0.10685124,0.10020153,0.09778556,0.22788946,-0.00683208,0.0,0.0,-2.1174467,-0.03147263,0.06628975,0.14046481,-0.2511615,0.0029828276,-0.7708801,1.1379608,0.17758134,0.0,-0.095178396,0.0,0.0,0.033097006,-0.00022293709,0.0,0.09689148,-0.04050114,0.029452348,0.1299562,0.013787303,0.19916762,-0.06206649,-0.02211405,-0.015481688,0.0,-0.0103695225,0.0
0.00564716,0.0,0.0,-0.4212642,-1.18118,-0.057273313,-0.10955742,-0.07402829,0.055269875,-0.007975809,-1.0662645,-0.53005725,-0.009916918,-0.38481772,-0.0061443998,-0.010896654,-0.36391392,-0.010351734,-0.5000349,-0.010943234,-0.007275651,-0.008442134,-0.20634915,0.040908612,-0.0008473131,0.002508957,-0.06609708,0.09753065,-0.09558627,0.1499997,-0.00683208,0.0,0.0,-1.6364231,-0.057718366,0.012021559,0.18168382,-0.41000062,-0.0019809995,0.09432178,0.981661,-0.051667668,0.0,-0.10467957,0.0,0.0,-0.022165956,0.00033215265,0.0,0.084787756,-0.038848396,-0.03132092,-0.1334846,0.0061001526,-0.07425387,0.027370218,0.017928947,0.0037377945,0.0,-0.0018100786,0.0
0.0016251965,0.0,0.0,-0.39090753,-1.056715,-0.08323955,-0.25256404,-0.074534856,0.04350356,-0.0013584122,-0.7539726,-0.766057,-0.009916918,-0.76457125,-0.0061443998,-0.005990669,-0.44196978,-0.002492165,0.2311686,-0.03116097,-0.007275651,-0.008442134,-0.18533973,0.037537806,0.0010890209,0.002508957,-0.113132566,0.09753065,-0.09379675,0.26599857,-0.019534145,0.0,0.0,-1.4325331,0.0374632,-0.014598677,0.12327207,-0.34037793,-0.0019809995,-0.77974117,0.9100095,0.05044375,0.0,0.061883427,0.0,0.0,0.019112691,-0.00022293709,0.0,-0.038271144,-0.03567914,0.036691226,-0.039362237,0.020635558,-0.020515643,-0.06986187,-0.017048258,-0.015481688,0.0,-0.00085498113,0.0
0.00564716,0.0,0.0,0.040264066,-1.2802747,-0.13312428,-0.14637063,-0.07402829,0.037277367,0.0035717743,-0.87067676,-0.5732286,-0.009916918,-0.71750385,-0.0058585135,-0.006946693,-0.37757334,-0.002492165,-0.4190145,-0.010943234,-0.007275651,-0.008442134,-0.18533973,0.038607873,0.0061770547,-0.008019282,-0.114263475,0.093506485,-0.08007614,0.2806106,-0.00683208,0.0,0.0,-1.4195546,-0.11082821,-0.03548907,0.12031151,-0.48048615,-0.0019809995,-0.7879846,0.83717376,-0.051667668,0.0,0.21424718,0.0,0.0,-0.00649399,0.00089740404,0.0,-0.006875209,-0.041166484,-0.03132092,-0.10668955,-0.055455495,-0.07425387,0.027370218,0.019472064,0.0037377945,0.0,-0.0018100786,0.0
0.0056065936,0.0,0.0,-0.39111057,-1.5857177,-0.10628193,-0.16724403,-0.074148215,0.03703234,0.0035717743,0.16825527,-0.5170162,-0.009916918,-0.34241736,-0.0058585135,-0.01849075,-0.3671916,0.00064475404,-0.3344986,-0.010943234,-0.007275651,-0.008442134,0.088054985,0.0656773,0.015705336,-0.06507475,-0.14410256,0.10156575,0.123332284,0.009483375,-0.00683208,0.0,0.0,-0.93495774,-0.112523295,-0.0299557,-0.68620116,-0.47773314,-0.0019809995,-0.86401296,0.77098197,-0.051667668,0.0,0.20693284,0.0,0.0,-0.04682508,-0.0006023274,0.0,-0.03764146,-0.046063345,-0.03132092,0.0907896,-0.055241037,-0.07847923,-0.1165633,-0.02211405,-0.041231986,0.0,0.0013220506,0.0
0.005877615,0.0,0.0,-0.5077547,-1.8478019,-0.058870047,-0.13926944,-0.018915195,0.06822105,0.010235952,-0.14044695,-0.54224646,-0.009916918,0.41432673,0.016731825,-0.012313764,-0.26882154,0.0010735212,-0.58765876,-0.010943234,-0.007275651,-0.008442134,0.054076325,0.057438314,0.003976913,-0.11314672,-0.06593894,0.11308102,0.16022985,-0.1868622,-0.00683208,0.0,0.0,-0.29426545,-0.17076872,-0.03548129,-1.2316195,-0.38851088,0.02721032,-0.026340691,0.6219911,-0.051667668,0.0,-0.11510773,0.0,0.0,-0.0010526055,-0.00022293709,0.0,-0.13522926,0.07940614,-0.008369521,-0.102285475,-0.055137414,-0.07847923,0.025581967,-0.018096717,0.013436582,0.0,0.0013220506,0.0
0.004251675,0.0,0.0,-0.41238084,-1.1144979,-0.038751096,-0.115592346,-0.03409513,-0.013017235,-0.007975809,-0.010815995,-0.34145713,-0.013224944,-0.37682408,-0.0013434836,-0.013894651,-0.31548455,0.0010735212,-0.54309285,-0.010943234,-0.007275651,-0.0026096853,0.06501531,0.056467198,0.0036615368,-0.08088979,-0.06593894,0.10279164,0.16203158,-0.14649962,-0.00683208,0.0,0.0,-0.38011095,-0.044968963,-0.023245966,-0.68224996,-0.23824118,0.02721032,0.54821193,-1.779381,-0.051667668,0.0,-0.0921464,0.0,0.0,-0.0143341925,-0.0006143737,0.0,-0.12999311,-0.040898733,0.036370125,-0.0866644,0.0061001526,-0.0326421,0.024887215,-0.018096717,-0.014700584,0.0,-0.0018100786,0.0
0.004251675,0.0,0.0,-0.42836437,-1.1663535,-0.038751096,-0.115592346,-0.03409513,-0.02223107,-0.0027831106,-0.0062565915,-0.3566519,-0.013224944,-0.31136763,-0.0013434836,-0.013894651,-0.31548455,-0.00096711644,-0.448418,-0.010943234,-0.007275651,-0.0026096853,0.06501531,0.05785757,0.0036615368,-0.08088979,-0.06593894,0.10279164,0.12385521,-0.1884029,-0.00683208,0.0,0.0,-0.40570843,-0.044968963,-0.023245966,-0.7267321,-0.27610877,0.02721032,0.55388844,-1.9083374,-0.051667668,0.0,0.16974391,0.0,0.0,0.01261986,-0.0006143737,0.0,-0.08666815,-0.040898733,-0.03164202,-0.097676076,0.00858719,-0.0326421,0.024887215,-0.002767893,0.013436582,0.0,-0.0018100786,0.0
0.004251675,0.0,0.0,-0.34391698,-0.9593952,-0.061722048,-0.16355006,-0.04013104,-0.013017235,-0.007975809,-0.048792712,-0.44527578,-0.013224944,-0.3936693,-0.0013434836,-0.00081171095,-0.30381078,-0.0005808475,-0.39184862,-0.010943234,-0.007275651,-0.008442134,0.051305838,0.05785757,-0.0005511644,-0.05847598,-0.11560214,0.10279164,-0.14383605,-0.17299089,-0.00683208,0.0,0.0,-0.23787424,-0.044184223,-0.023245966,-0.45923102,-0.2735374,0.02721032,-0.3895792,-1.8121579,-0.051667668,0.0,-0.10067429,0.0,0.0,-0.0010526055,-0.0006143737,0.0,-0.15200654,0.07735581,-0.03164202,-0.11657357,-0.054703515,-0.0326421,-0.028754769,0.019472064,0.013436582,0.0,-0.0018100786,0.0
0.00050073303,0.0,0.0,-0.3499414,-0.8899177,-0.067916326,-0.19324858,-0.042252813,-0.022991853,-0.002357933,-0.05331056,-0.64501923,-0.013224944,-0.3114106,-0.0013434836,-0.01481333,-0.34957048,-0.0005808475,0.32459915,-0.03116097,-0.007275651,-0.008442134,0.045267962,0.052693754,0.005000214,-0.012673276,-0.15509656,0.10279164,-0.14550513,-0.23161474,-0.019534145,0.0,0.0,-0.24807808,-0.055836298,-0.020028425,-0.50493664,-0.25792497,0.02721032,-0.8772119,-1.9832053,-0.014676571,0.0,-0.04155249,0.0,0.0,0.006634303,0.0009153518,0.0,-0.19826964,0.0784236,-0.03164202,-0.03299265,0.013858613,-0.0134529155,0.025736395,-0.017048258,0.013436582,0.0,-0.00085498113,0.0
0.009663317,0.0,0.0,-0.55243987,0.21833476,-0.12604472,0.013447533,0.080459274,-0.13163605,0.010235952,-0.1371774,-0.4253176,-0.0030780097,0.14745244,-0.024119444,-0.027494023,0.09446092,-0.010351734,-0.23474196,0.013099246,-0.007275651,-0.0074840584,-0.28174898,-0.19384442,-0.0014800527,0.0048747873,0.20843916,-0.1241108,0.12335571,-0.1768853,0.007827399,0.0,0.0,-1.216626,-0.28732848,0.0070200716,0.10617629,0.3626757,0.0029828276,0.0033989383,-3.203801,-0.051667668,0.0,-0.076807536,0.0,0.0,-0.008010596,-0.0036583229,0.0,0.14783922,-0.037658807,-0.0067436732,0.13848887,0.0019171257,-0.010651609,0.024811767,0.016884897,0.0026029474,0.0,-0.0010469342,0.0
0.009553067,0.0,0.0,0.12484458,0.20475833,-0.12985131,-0.07362013,-0.022944108,-0.07963012,0.010235952,-0.8146838,-0.4408978,-0.0030780097,-0.25440875,-0.0066203563,-0.006946693,-0.2481302,0.011490661,-0.49582157,0.013099246,-0.007275651,-0.008442134,-0.27055082,-0.10622428,0.0052130846,0.0048747873,0.23233941,-0.1278143,0.104403496,0.03326387,0.007827399,0.0,0.0,-1.2321919,-0.35618415,0.011605637,0.10804945,0.36776903,-0.0019809995,0.018075814,-2.8562922,-0.051667668,0.0,-0.105810754,0.0,0.0,-0.020687591,-0.0036583229,0.0,0.13123292,-0.040898733,-0.0067436732,-0.10577359,-0.054489058,-0.025201837,0.026225403,-0.015870586,0.015252997,0.0,0.0013220506,0.0
0.0103960745,0.0,0.0,0.06757407,0.20642655,-0.0011102036,-0.07511511,-0.028362617,-0.018613895,0.0035717743,-1.031178,-0.3338788,-0.0030780097,0.20707247,-0.023843747,-0.019108197,-0.22669382,-0.010351734,-0.3985388,0.013099246,-0.007275651,-0.0026096853,0.10674008,0.040175732,0.0027743052,0.0048747873,0.23233941,-0.060031157,0.10678584,0.03326387,0.007827399,0.0,0.0,-1.2169,-0.35795188,0.011605637,0.10688338,0.39729157,0.0027771776,0.61040163,-3.1262934,0.17758134,0.0,0.20916416,0.0,0.0,0.017557833,-0.0006143737,0.0,-0.08128572,-0.040898733,-0.0067436732,-0.092361085,0.010369168,-0.025201837,0.028458433,-0.002767893,0.0037377945,0.0,0.0013220506,0.0
0.028713232,0.0,0.0,0.18996526,0.7089769,0.09075032,-0.13053726,-0.011274926,0.0686349,0.010235952,0.43373373,0.09875176,0.0131258005,0.29796168,-0.027180184,0.026621569,-0.1555766,-0.0016666406,-0.45432428,0.013099246,-0.0022366676,-0.0013418472,0.10782883,0.11067125,0.019620758,0.013910696,-0.06707208,-0.03291496,0.19163875,0.05203989,0.007827399,0.0,0.0,0.44796994,0.0032738792,0.007630105,0.306592,0.5138475,0.0033787454,1.3978013,1.6584837,-0.016686017,0.0,-0.13854174,0.0,0.0,-0.0055926135,0.00033215265,0.0,0.061685305,0.07940614,-0.0067436732,-0.060857937,0.020246785,-0.024069559,-0.08887597,0.024299385,0.023714688,0.0,-0.0010469342,0.0
0.03268137,0.0,0.0,0.23742844,0.54104286,0.09075032,-0.11831074,-0.012216139,0.048214577,-0.0013584122,0.30653495,0.8130135,0.00023001595,0.21777439,-0.027180184,-0.018983973,0.26070252,-0.0016666406,0.6770117,0.037300542,-0.0022366676,-0.0023781627,0.1306704,0.098628044,0.007930248,0.013910696,-0.061070535,-0.016806709,0.19984363,-0.15876074,0.022379266,0.0,0.0,0.48528525,0.20723295,-0.012975651,0.30655655,0.41217825,0.0033787454,0.64275163,1.7307261,-0.014676571,0.0,0.067307785,0.0,0.0,0.011123279,-0.00022293709,0.0,0.03324025,-0.07939269,-0.014962693,-0.013311616,0.04574304,-0.020515643,0.036125246,-0.027152814,-0.0070736734,0.0,-0.00085498113,0.0
0.024092449,0.0,0.0,-0.48874995,0.22686923,0.035154626,0.0066152965,-0.03730407,-0.13923109,-0.002357933,-0.096956596,0.6956677,-0.001960133,0.28558424,-0.03331691,-0.023875654,0.18094252,-0.0016666406,0.5162828,0.037300542,-0.0022366676,-0.0023781627,0.07563482,-0.25104076,-0.04936619,0.011847138,-0.08424762,-0.15279566,0.15433411,-0.14204018,0.022379266,0.0,0.0,-0.45888218,-0.2569881,-0.014436958,0.14641649,-0.29419997,0.032570064,0.32095018,-4.2015862,-0.014676571,0.0,-0.03574105,0.0,0.0,-0.014441645,-0.0006143737,0.0,-0.06703768,-0.037658807,0.009327353,-0.0019950422,-0.09847123,-0.0134529155,-0.023830006,0.007850672,0.015489762,0.0,-0.00085498113,0.0
0.024092449,0.0,0.0,-0.50621,0.25865012,0.04773608,-0.21014929,-0.021625012,-0.14260322,-0.002357933,0.12972851,0.1996513,-0.0069051003,-0.20508428,-0.14561553,-0.00999968,0.23961402,-0.0008144094,0.5421072,0.037300542,-0.0022366676,-0.0023781627,-0.26957124,-0.2775371,-0.04084101,0.0045563,-0.14524454,-0.10603416,-0.1705147,-0.24702343,0.022379266,0.0,0.0,0.25071847,-0.24127723,-0.0089113675,0.11328843,-0.3002697,0.0033787454,-0.4385095,-3.9061253,-0.014676571,0.0,-0.03735039,0.0,0.0,0.016875984,-0.0006143737,0.0,-0.199978,-0.037658807,0.03207879,-0.021745767,0.04829104,-0.0134529155,0.02981198,-0.034502085,0.014118151,0.0,-0.00085498113,0.0
0.012910416,0.0,0.0,0.098263785,-0.7055121,0.029485693,-0.1996359,-0.02250129,-0.026690261,0.001743352,-0.487387,-0.663796,-0.0069051003,-0.46163154,-0.059715927,-0.0078400355,-0.10932203,0.00276636,0.2866386,0.037300542,-0.007275651,-0.0074840584,-0.19333741,-0.11154617,-0.021618359,0.0036267508,-0.15836708,-0.100049675,0.1262533,-0.12673646,0.022379266,0.0,0.0,-0.90666884,-0.22225551,-0.012855856,0.07934265,-0.29133698,-0.0019809995,-0.74121845,-2.1995032,-0.014676571,0.0,0.04731755,0.0,0.0,0.0031655147,-0.0006143737,0.0,-0.087227255,-0.037658807,-0.03196219,-0.033993445,0.023318531,-0.0134529155,0.017104328,0.00939379,0.009321772,0.0,-0.00085498113,0.0
0.009553067,0.0,0.0,0.06780541,-0.81896013,0.03792409,-0.11231402,-0.019377729,-0.012772204,0.010235952,-0.7542407,-0.48539913,-0.001960133,-0.29784936,0.012322486,-0.019108197,-0.29194993,0.00276636,-0.44817695,0.013099246,-0.007275651,-0.008442134,0.065541215,0.03804191,0.004313334,-0.049518686,-0.09170868,-0.099663585,0.1111975,0.1918767,0.007827399,0.0,0.0,-0.97140646,-0.20731427,-0.016073395,0.08745751,-0.3313343,-0.0019809995,-0.1940544,-2.2489808,-0.051667668,0.0,-0.09171762,0.0,0.0,-0.0413837,-0.0006143737,0.0,-0.15200654,0.07735581,-0.03164202,-0.096765146,-0.054703515,-0.0326421,-0.035460316,0.017928947,0.015252997,0.0,-0.0018100786,0.0
0.010201672,0.0,0.0,0.16901766,-1.9491997,0.04073371,-0.13926944,-0.023813,0.055269875,0.010235952,-1.0967209,-0.46582004,-0.0035970747,-0.60683054,0.014989851,-0.022411577,-0.33166966,-0.003244635,-0.64059156,0.013099246,-0.0024662241,-0.0026096853,0.10889281,0.037558112,-0.0008109984,-0.11314672,-0.071629904,-0.1102719,0.15590917,0.025675237,0.007827399,0.0,0.0,0.2926998,-0.11649835,-0.03548907,-1.338862,-0.49827957,-0.0019809995,0.7884923,0.77445126,-0.016686017,0.0,-0.09912713,0.0,0.0,-0.007268608,0.00033215265,0.0,-0.071239226,0.07940614,-0.03132092,-0.12304893,-0.05441263,-0.07425387,0.030676823,-0.032218605,0.015252997,0.0,-0.0018100786,0.0
0.009590882,0.0,0.0,-0.040140197,-2.0917802,0.030015262,-0.13926944,-0.013758721,0.05311784,0.010235952,-1.0069411,-0.4496823,-0.0035970747,-0.39391536,-0.0053454926,-0.00011693861,-0.36213824,-0.003244635,-0.614349,0.013099246,-0.0024662241,-0.0026096853,0.078065164,0.029182062,-0.014314554,-0.11314672,-0.06687341,-0.09626913,0.15263198,0.02203245,0.007827399,0.0,0.0,-0.29378298,-0.13919522,-0.04101466,-1.4548221,-0.46693566,0.02721032,0.8249124,0.68283534,-0.016686017,0.0,-0.09912713,0.0,0.0,-0.040722236,-0.00022293709,0.0,-0.06702649,-0.038848396,0.036691226,-0.12808862,0.007667673,-0.07425387,0.027370218,-0.018096717,-0.016163256,0.0,-0.0018100786,0.0
0.009785284,0.0,0.0,-0.50078636,-1.9600179,0.014951933,-0.13926944,-0.013758721,0.030614408,0.010235952,-0.9736956,-0.4969677,-0.0035970747,-0.5800609,-0.11557739,-0.006946693,-0.36945072,-0.003244635,-0.7406427,0.013099246,-0.007275651,-0.0026096853,0.09497026,0.035594292,-0.0008109984,-0.11314672,-0.06593894,-0.09626913,0.15658008,0.027029775,0.007827399,0.0,0.0,0.28879732,0.0021578616,-0.017816216,-0.9487989,-0.46693566,-0.0019809995,0.5970731,0.625211,-0.051667668,0.0,-0.116285436,0.0,0.0,-0.00039114105,0.00033215265,0.0,-0.105407685,0.07940614,0.036691226,-0.105868705,0.007667673,-0.07425387,0.027370218,0.0036025462,0.015252997,0.0,-0.0018100786,0.0
0.009353012,0.0,0.0,-0.5700498,-2.1961398,-0.0111122,-0.13926944,-0.012879286,0.055024855,0.010235952,0.20875181,-0.42274907,-0.0035970747,-0.32514286,-0.109120876,-0.009531977,-0.36213824,-0.00096711644,-0.63690734,0.013099246,-0.007275651,-0.0026096853,0.04644751,0.062115334,0.009452936,-0.11314672,-0.06890223,-0.13670824,0.15412967,0.03384913,0.007827399,0.0,0.0,-0.37838295,-0.15097623,-0.032546625,-1.304637,-0.4698331,0.02721032,0.6347291,0.6892817,-0.051667668,0.0,-0.1035392,0.0,0.0,0.01261986,-0.00022293709,0.0,-0.05913549,0.07940614,0.029452348,-0.09289345,0.013248488,-0.041428573,-0.08540137,-0.018096717,-0.041913554,0.0,-0.0103695225,0.0
0.009353012,0.0,0.0,-0.57114136,-2.3333726,-0.043291293,-0.13926944,-0.012879286,0.037877407,0.0035717743,0.19950695,-0.42489302,-0.0035970747,-0.3614869,0.001111018,-0.016263725,-0.35638282,-0.00096711644,-0.3940957,0.013099246,-0.007275651,-0.0026096853,0.05846177,0.05805583,0.009452936,-0.11314672,-0.06468769,-0.09626913,0.15452005,-0.18162632,0.007827399,0.0,0.0,-0.38990116,-0.14578657,-0.03548129,-1.304637,-0.5035412,0.031968497,0.67377156,0.70550764,0.17758134,0.0,0.22778061,0.0,0.0,0.01261986,-0.00022293709,0.0,-0.07959674,-0.046063345,0.036691226,-0.06606818,0.00858719,-0.07425387,0.025581967,-0.002767893,0.013436582,0.0,-0.0018100786,0.0
0.008389799,0.0,0.0,-0.423812,-1.2336168,-0.038751096,-0.115592346,-0.03409513,-0.03552068,0.010235952,0.17014311,-0.3312076,-0.0069051003,-0.31136763,-0.0013434836,-0.042121,-0.2777035,-0.00096711644,-0.38086623,0.013099246,-0.007275651,-0.0026096853,0.05846177,0.05785757,0.0036615368,-0.08088979,-0.06765099,-0.13966493,0.16203158,-0.12675501,0.007827399,0.0,0.0,-0.40210015,-0.044968963,-0.020423999,-0.7267321,-0.31098324,0.02721032,0.5774421,-2.0148346,-0.051667668,0.0,-0.07506337,0.0,0.0,0.006227447,-0.0006143737,0.0,0.018062025,-0.040898733,-0.03164202,0.078930184,0.036994074,-0.02720747,-0.028754769,0.017928947,0.00622001,0.0,-0.0010469342,0.0
0.00868338,0.0,0.0,-0.42732826,-1.2579238,-0.01969046,-0.14499734,-0.03409513,-0.009645094,-0.007975809,0.18200745,-0.36461237,-0.0069051003,0.198309,0.027506081,-0.013894651,-0.24701484,-0.00096711644,-0.37606362,0.013099246,-0.007275651,-0.0026096853,0.04330918,0.059498563,0.0041707186,-0.08088979,-0.06765099,-0.14165588,0.16116022,-0.14649962,0.007827399,0.0,0.0,-0.41262153,-0.04844529,-0.023245966,-0.72785515,-0.31089357,0.02721032,0.5617395,-2.2365477,-0.051667668,0.0,-0.08296244,0.0,0.0,-0.040722236,-0.0006143737,0.0,-0.15557945,-0.037658807,-0.01649642,-0.08853123,0.0061001526,-0.019751804,0.025261834,-0.018096717,-0.014700584,0.0,-0.0018100786,0.0
0.012651518,0.0,0.0,-0.43790296,-1.1103983,0.020711984,-0.15393417,-0.042252813,-0.022991853,-0.002357933,0.16033646,-0.5949271,-0.0069051003,-0.31992376,0.011756231,-0.004120894,-0.34145525,-0.00096711644,0.44120723,0.037300542,-0.007275651,-0.008442134,0.04418609,0.06292102,0.01468894,-0.08088979,-0.07516919,-0.14432676,0.13247502,-0.1884029,0.022379266,0.0,0.0,-0.44925922,-0.044227935,-0.020028425,-0.706577,-0.33125818,0.02721032,0.14138602,-2.213641,-0.014676571,0.0,-0.03930079,0.0,0.0,0.006634303,0.0009153518,0.0,-0.055144,-0.037658807,-0.03164202,-0.025046576,0.016021663,-0.0134529155,0.029043,0.0022978985,0.013436582,0.0,-0.00085498113,0.0
0.012651518,0.0,0.0,-0.4150292,-1.0328774,0.021147965,-0.22894868,-0.042252813,-0.026350291,-0.002357933,-0.051483415,-0.5642386,-0.001960133,0.1868536,0.027506081,-0.004120894,-0.09062338,-0.0005808475,0.44663036,0.037300542,-0.007275651,-0.008442134,0.029599711,0.061530642,0.016237285,-0.05847598,-0.123120345,-0.12447797,-0.14377093,-0.19623949,0.022379266,0.0,0.0,-0.2779693,-0.044874422,-0.020028425,-0.54464865,-0.29133478,0.02721032,-0.2544789,-2.2497137,-0.014676571,0.0,-0.03477985,0.0,0.0,0.0031655147,-0.0006143737,0.0,-0.05291718,0.08059573,0.036370125,-0.04885132,0.021554809,-0.0134529155,0.029043,-0.017048258,-0.014700584,0.0,-0.00085498113,0.0
-0.22795855,0.0,0.0,-0.285699,-0.76024854,-0.029170264,0.00734413,0.08032048,-0.1572673,-0.007975809,-0.8539377,-0.14716487,-0.0030780097,-0.18865123,-0.006306649,-0.0035200918,0.30690467,-0.010351734,-0.7549356,0.013099246,0.012096067,0.0115200505,-0.26650807,0.037925612,0.0036547254,0.00746064,0.19599028,-0.12415185,0.107071266,0.041216064,0.007827399,0.0,0.0,0.2651037,-0.24433354,0.010131696,0.12752835,0.47971782,-0.0030388949,-0.04203644,-3.144092,-0.051667668,0.0,-0.11687565,0.0,0.0,-0.023372948,-0.0036583229,0.0,0.13123292,0.07735581,-0.01744973,-0.09999148,0.035519995,-0.025201837,0.028915824,0.0036025462,0.015252997,0.0,0.0013220506,0.0
-0.08808489,0.0,0.0,-0.03040735,-1.7118726,0.018966436,0.0016059936,0.027726889,-0.030489955,-0.007975809,-0.9150767,-0.44035238,0.00023001595,-0.29142267,-0.00923764,-0.013787634,0.17044292,-0.002492165,-0.759915,0.013099246,0.037288778,0.03625351,-0.22297278,0.037236948,-0.020952212,0.0038654937,0.31960684,-0.059014883,-0.096019834,0.06534906,0.007827399,0.0,0.0,0.1433163,-0.15206942,-0.0043522324,0.22855474,0.8226202,-0.008398641,-0.35574543,0.9212421,-0.051667668,0.0,-0.19961098,0.0,0.0,-0.033286862,-0.0006023274,0.0,-0.040859193,0.07940614,0.0049499758,-0.09393258,0.026249962,-0.033729542,0.028583841,-0.04846899,0.015252997,0.0,0.0013220506,0.0
-0.09070551,0.0,0.0,0.21118572,0.68434525,0.17981067,0.006253715,0.063042305,0.03882102,-0.0027831106,0.01692438,-0.22221053,0.00023001595,-0.20602745,-0.006007079,0.031049533,0.21573277,-0.002492165,-0.2935847,0.013099246,0.037288778,0.03625351,-0.19519784,0.08147231,0.014985168,0.0053596636,0.5115361,-0.04749961,-0.076597616,0.11482619,0.007827399,0.0,0.0,0.20067966,0.22650841,-0.013258523,0.24732918,0.61470205,-0.0036404626,-0.31760883,1.9262367,0.17758134,0.0,0.32685223,0.0,0.0,0.02432451,-0.00022293709,0.0,-0.0024549256,0.07940614,0.0049499758,0.13112374,0.032854516,0.01390687,0.06463809,0.009844562,0.035229888,0.0,0.0075737215,0.0
-0.07650816,0.0,0.0,0.19440548,0.6557092,0.16619635,-0.00072891917,0.0364398,0.0040051946,-0.0027831106,0.2686787,-0.18655883,0.00023001595,0.3574324,0.026450926,0.033321057,-0.015273376,-0.0008144094,-0.17886865,0.013099246,0.043127388,0.040894516,-0.17931749,-0.17540258,-0.0009812686,0.0066198586,0.540219,-0.04749961,-0.10925461,0.09669278,0.007827399,0.0,0.0,0.21952575,0.18626744,-0.013371224,0.25428045,0.6521027,-0.0034348127,-0.88631743,1.9741461,0.17758134,0.0,0.27834323,0.0,0.0,-0.015809884,-0.00022293709,0.0,-0.059169047,-0.04050114,-0.006422572,0.18255651,0.02793603,-0.024069559,0.06463809,0.026366804,0.023714688,0.0,-0.0010469342,0.0
-0.25420573,0.0,0.0,0.14331281,0.49288815,0.10326521,-0.04822516,-0.025196683,-0.03214785,-0.007975809,0.16687445,-0.14777732,-0.0030780097,0.22253644,0.004409642,0.0020951182,-0.06505088,-0.0008144094,-0.77794254,0.013099246,-0.0022366676,-0.0023781627,0.061827548,-0.17903556,-0.008700028,0.0066198586,-0.20175548,-0.064629175,-0.18418801,-0.24702343,0.007827399,0.0,0.0,0.19849007,-0.265793,-0.012128906,0.20119002,0.46521056,-0.0030388949,-1.1647637,-0.86496043,-0.051667668,0.0,-0.18268926,0.0,0.0,-0.012872666,0.0009153518,0.0,-0.09032294,-0.04050114,-0.0067436732,-0.14858623,-0.087530576,-0.029504191,0.028514674,-0.039567877,0.014118151,0.0,-0.0018100786,0.0
-0.06962248,0.0,0.0,-0.39814442,0.23575582,0.085372314,-0.14775595,-0.019503238,-0.03214785,-0.007975809,-0.12299593,-0.36980748,-0.0030780097,0.16374,0.014999265,-0.031664558,0.06444791,-0.0008144094,-0.49069938,0.013099246,-0.007275651,-0.0074840584,0.06532217,-0.26361975,-0.00023466942,0.0045563,-0.18726729,-0.06515635,-0.18139383,-0.21648647,0.007827399,0.0,0.0,0.23836751,-0.20907153,-0.012128906,0.11355646,0.28929454,-0.011264777,-1.1085117,-3.8001156,-0.051667668,0.0,-0.10522297,0.0,0.0,-0.018550223,-0.0006143737,0.0,-0.07575174,-0.041656435,-0.0067436732,-0.08658289,-0.09053244,-0.0326421,0.026249247,-0.039567877,-0.014019014,0.0,-0.0018100786,0.0
-0.06962248,0.0,0.0,-0.44555625,0.2392554,0.04877407,-0.14301258,-0.041012906,-0.03742739,-0.007975809,-0.55142665,-0.44226906,-0.0069051003,-0.54116535,-0.097299375,-0.0087960595,-0.28474393,0.00276636,-0.49477813,0.013099246,-0.007275651,-0.008442134,-0.18604703,-0.12400006,-0.006216924,0.0045563,-0.18726729,-0.13670117,-0.16005114,-0.12567195,0.007827399,0.0,0.0,0.21051398,-0.18880709,-0.017662276,0.094445005,-0.31642744,-0.008398641,-0.91140676,-2.9644675,-0.051667668,0.0,-0.10522297,0.0,0.0,-0.01235011,-0.0006143737,0.0,-0.12604327,-0.041656435,-0.01681659,-0.10324312,0.0053481753,-0.0326421,0.016118884,-0.039567877,0.009321772,0.0,-0.0018100786,0.0
-0.068368785,0.0,0.0,-0.28096804,-0.7535989,-0.050149627,-0.14301258,-0.041012906,-0.03742739,0.010235952,-0.6229591,-0.4502921,-0.0069051003,-0.50922173,-0.061327595,-0.006946693,-0.3075231,0.00276636,-0.4050223,0.013099246,-0.007275651,-0.008442134,-0.17759083,-0.08866441,-0.006216924,-0.012673276,-0.162791,-0.13203934,-0.1259355,-0.0028489677,0.007827399,0.0,0.0,0.09210892,-0.1799974,-0.016073395,0.09372521,-0.30802193,-0.008398641,-0.82864165,-2.3010778,-0.051667668,0.0,-0.08757784,0.0,0.0,-0.03146978,-0.0006143737,0.0,0.014963895,-0.041656435,-0.03196219,-0.1070377,0.008206488,-0.0326421,0.026089136,0.005669966,0.0037377945,0.0,-0.0018100786,0.0
-0.084543526,0.0,0.0,0.10049281,-1.3982383,0.032029837,-0.12601134,-0.040011115,-0.03527565,0.010235952,-0.84460324,-0.5372849,-0.0035970747,-0.49654847,0.012658213,-0.010896654,-0.32622603,0.0014888521,-0.48445758,0.013099246,-0.007275651,-0.008442134,-0.19105598,0.04419274,0.012018107,-0.11314672,-0.123811856,-0.13203934,0.12449583,0.24279165,0.007827399,0.0,0.0,0.118524775,-0.19999273,-0.016073395,-0.96303004,-0.3776943,-0.008398641,-0.6822536,-0.4072546,-0.051667668,0.0,-0.096273385,0.0,0.0,-0.022301925,0.0009153518,0.0,0.042551905,0.0777534,-0.03164202,-0.13261142,0.008206488,-0.07425387,0.02663548,0.009844562,0.015252997,0.0,-0.0018100786,0.0
-0.075554915,0.0,0.0,0.05870578,-1.5235738,-0.030803787,-0.1331808,-0.07402829,-0.014302655,-0.007975809,-0.87095964,-0.44047236,-0.0035970747,-0.60812694,-0.10908885,-0.006946693,-0.3372014,0.0036016186,-0.6306713,0.013099246,-0.0062906696,-0.008442134,-0.26092958,0.03982962,0.005750221,-0.11314672,-0.06636016,-0.1281836,0.10078469,0.09699962,0.007827399,0.0,0.0,0.12533651,0.099781446,-0.03548907,-1.3464496,-0.49468902,-0.008398641,0.22765656,0.9146615,-0.051667668,0.0,-0.117231674,0.0,0.0,-0.04682508,-0.00022293709,0.0,-0.13916443,-0.046063345,-0.016175319,-0.08588981,0.0061001526,-0.07425387,-0.048425578,-0.032218605,-0.015481688,0.0,-0.0018100786,0.0
-0.07859581,0.0,0.0,-0.47423428,-1.7737083,-0.053118877,-0.1331808,-0.075027645,0.035970405,-0.0027831106,-0.83162177,-0.44176358,-0.0035970747,-0.38587475,0.0011430462,-0.006946693,-0.3546263,0.0036016186,-0.5156621,0.013099246,-0.0062906696,-0.008442134,0.08523771,0.034505215,0.005750221,-0.11314672,-0.065425694,-0.13670824,0.112375356,0.1044401,0.007827399,0.0,0.0,0.1757928,0.09181509,-0.03548907,-1.1046369,-0.5371756,-0.008398641,0.03022373,0.94415694,-0.051667668,0.0,0.22501113,0.0,0.0,0.019386536,-0.00022293709,0.0,-0.11118291,-0.046063345,-0.03132092,-0.10306525,-0.05221648,-0.07425387,-0.031189237,0.0036025462,0.015252997,0.0,-0.0018100786,0.0
-0.07859581,0.0,0.0,0.048790473,-1.7476308,-0.09216225,-0.14961503,-0.07402829,0.03276644,-0.007975809,-0.7822748,-0.48092112,-0.0035970747,-0.3325467,0.0011430462,-0.044965476,-0.3671916,-0.0013412805,-0.5095931,0.013099246,-0.0062906696,-0.008442134,0.07212543,0.039670367,-0.020952212,-0.11314672,-0.07015751,-0.13670824,0.10732388,0.235051,0.007827399,0.0,0.0,0.18368906,0.09411768,-0.03548907,-1.2941921,-0.5001984,-0.0034348127,-0.26919702,0.96546334,-0.051667668,0.0,-0.11670901,0.0,0.0,-0.00649399,-0.00022293709,0.0,-0.111513466,-0.046063345,-0.03132092,0.1299562,-0.054703515,-0.07425387,-0.031189237,0.009844562,0.015252997,0.0,-0.0018100786,0.0
-0.0745693,0.0,0.0,0.0617746,-1.7540584,0.03399248,-0.15501398,-0.07402829,0.03276644,-0.007975809,-0.8396527,-0.4269667,-0.0035970747,-0.3529405,-0.009610115,-0.042256396,-0.3671916,-0.0013412805,-0.50668687,0.013099246,-0.0062906696,-0.008442134,0.064355694,0.033258133,0.0049683657,-0.09073291,-0.07544555,-0.13670824,-0.11670481,0.27819175,0.007827399,0.0,0.0,-0.2203177,0.09311233,-0.04101466,-1.315613,-0.49503684,-0.010899404,-0.13677171,0.96516865,-0.051667668,0.0,-0.13261127,0.0,0.0,-0.04682508,-0.00022293709,0.0,-0.111513466,-0.038848396,-0.016175319,0.09578928,-0.054703515,-0.07425387,0.027085546,-0.02211405,0.014571429,0.0,-0.0018100786,0.0
-0.0745693,0.0,0.0,-0.5162533,-1.6397704,0.05078519,-0.15117332,-0.075027645,0.030614408,-0.007975809,-0.76507765,-0.42312643,-0.0035970747,-0.32284695,0.013834381,-0.019108197,-0.39766017,-0.0013412805,-0.60255843,0.013099246,-0.0062906696,-0.008442134,0.058317825,0.031307463,-0.0015928537,-0.09073291,-0.14407876,-0.13670824,-0.10999636,0.23718166,0.007827399,0.0,0.0,-0.2316751,0.07460115,-0.04101466,-0.8814204,-0.47147024,0.00734061,-0.62896395,0.9154583,-0.051667668,0.0,-0.1132883,0.0,0.0,-0.04682508,-0.00022293709,0.0,-0.07096168,-0.038848396,0.036691226,-0.1334846,0.008206488,-0.07425387,0.027085546,-0.0012247749,0.014571429,0.0,-0.0018100786,0.0
-0.07152841,0.0,0.0,-0.5203524,-1.8096462,0.049723335,-0.17858385,-0.075027645,0.043810606,-0.007975809,-0.65380085,-0.38800976,-0.0035970747,0.24637726,-0.018694509,0.0045553604,-0.28469023,-0.0013412805,-0.4770039,0.013099246,-0.0062906696,-0.008442134,0.041256934,0.029791906,-0.0127662085,-0.09073291,-0.18046649,-0.13403736,-0.1315313,-0.018525261,0.007827399,0.0,0.0,-0.2323035,-0.17861988,-0.04101466,-0.8814204,-0.5275822,0.02721032,-0.70840573,0.9188841,-0.051667668,0.0,-0.08205733,0.0,0.0,-0.007567514,-0.00022293709,0.0,-0.111513466,0.0777534,-0.03132092,-0.10765,-0.055455495,-0.07425387,-0.059039246,-0.0012247749,-0.016163256,0.0,-0.0018100786,0.0
-0.0745693,0.0,0.0,-0.5175342,-1.789962,0.049723335,-0.17858385,-0.01979463,0.030614408,-0.007975809,-0.76101106,-0.46699452,-0.0035970747,-0.40866226,0.013834381,-0.010896654,-0.3671916,-0.0013412805,-0.49613407,0.013099246,-0.0062906696,-0.008442134,0.044395268,0.029791906,-0.0127662085,-0.09073291,-0.18046649,-0.13670824,-0.1315313,-0.0039132796,0.007827399,0.0,0.0,-0.2323035,-0.15564655,-0.04101466,-0.8644964,-0.5001984,0.02721032,-0.79299545,0.57890344,-0.051667668,0.0,-0.1132883,0.0,0.0,-0.022301925,-0.00022293709,0.0,-0.111513466,0.0777534,-0.03132092,-0.08793497,-0.055455495,-0.07425387,0.027085546,-0.0012247749,0.014571429,0.0,-0.0018100786,0.0
-0.073275365,0.0,0.0,-0.5173148,-1.9445616,0.054266177,-0.17858385,-0.018915195,0.023742735,-0.007975809,-0.02158293,-0.4082804,-0.0035970747,-0.5896777,0.0042297794,-0.007853541,-0.3614362,-0.0013412805,-0.5758181,0.013099246,-0.007275651,-0.008442134,0.02670017,0.050947223,-0.006733293,-0.09073291,-0.18171772,-0.14555264,-0.13855398,0.038507912,0.007827399,0.0,0.0,-0.22343975,-0.1566421,-0.03548129,-0.75824034,-0.50321037,0.02721032,-0.8026494,0.51615405,-0.051667668,0.0,-0.13261127,0.0,0.0,-0.022301925,-0.0006023274,0.0,-0.069558196,-0.04050114,-0.03132092,-0.10306525,-0.055455495,-0.07425387,0.06463809,-0.02211405,-0.041913554,0.0,-0.0018100786,0.0
-0.073275365,0.0,0.0,-0.5481762,-2.0456722,0.054266177,-0.17858385,-0.018915195,0.030946257,-0.007975809,-0.011587752,-0.4562333,-0.0035970747,-0.32235193,0.0042297794,0.0036485128,-0.39190474,-0.0013412805,-0.5717661,0.013099246,-0.007275651,-0.008442134,0.02670017,0.050560795,-0.006733293,-0.09073291,-0.18171772,-0.13670824,-0.13855398,0.056295656,0.007827399,0.0,0.0,-0.24436389,-0.1607009,-0.03548129,-0.8644964,-0.47640106,-0.010899404,-0.81430924,0.5736754,-0.051667668,0.0,-0.13261127,0.0,0.0,-0.0413837,-0.00022293709,0.0,-0.13916443,-0.04050114,0.036370125,-0.11774059,0.0055626347,-0.07847923,0.06133149,-0.02211405,0.03454832,0.0,0.0013220506,0.0
0.009514263,0.0,0.0,-0.79837495,0.22537087,0.10165565,0.3274163,-0.020103484,0.05311814,-0.007975809,-0.90407276,-0.48258722,0.014280557,-0.76733446,-0.0051686456,-0.019855427,-0.3559274,-0.002492165,-0.42718166,0.013099246,-0.007275651,-0.008442134,-0.18337496,-0.15468675,-0.012804575,0.0034453347,-0.12745237,0.039124593,-0.09052766,0.017317608,0.007827399,0.0,0.0,-2.0643616,-0.19836864,-0.02172656,0.1093211,0.26156932,0.0029828276,-0.7948028,0.78948134,-0.051667668,0.0,-0.100785926,0.0,0.0,-0.018550223,0.00033215265,0.0,0.06188352,-0.041166484,-0.006422572,0.15213531,-0.055455495,-0.07425387,-0.06054075,0.018428015,0.015252997,0.0,-0.0018100786,0.0
0.009785284,0.0,0.0,0.07232104,-1.0001469,0.0670323,-0.05160541,-0.041294612,-0.102599345,-0.007975809,-0.80372435,-0.5639741,-0.001960133,-0.5006151,-0.007733249,-0.006946693,-0.37576398,-0.002492165,-0.38682666,0.013099246,-0.007275651,-0.008442134,-0.17633225,0.0374375,-0.011557519,0.002508957,-0.19405451,-0.1071547,-0.111801445,-0.007846288,0.007827399,0.0,0.0,-1.4211462,-0.17899136,-0.013138728,0.10036885,-0.2794895,-0.0019809995,-0.78184927,-0.49996117,-0.051667668,0.0,-0.10416579,0.0,0.0,0.013353274,-0.0006143737,0.0,0.051058017,-0.04050114,0.03207879,-0.092101485,0.013787303,0.19916762,0.026748568,-0.02211405,-0.015481688,0.0,-0.0103695225,0.0
0.028087212,0.0,0.0,0.14893787,-1.0190333,0.07504893,-0.033961914,-0.014784643,0.028702853,-0.002357933,-0.881222,1.1640189,0.014243677,-0.41033787,-0.12772985,-0.00308384,-0.5835808,0.00276636,0.6128417,0.037300542,-0.0022366676,-0.0025629192,0.07349769,0.040095136,-0.060074564,0.002508957,-0.18535034,-0.15759654,-0.13304272,-0.0028489677,0.022379266,0.0,0.0,-1.6843843,0.03041599,-0.014598677,0.15471423,-0.38972133,0.0033787454,-0.8298161,0.85519445,-0.014676571,0.0,-0.043054964,0.0,0.0,-0.033099324,-0.00022293709,0.0,-0.023725882,-0.03567914,-0.037098967,-0.02715204,0.029389597,-0.020515643,0.037913498,0.010437839,-0.033129174,0.0,-0.00085498113,0.0
0.029353952,0.0,0.0,0.050600115,0.47037518,0.09930066,0.365672,-0.014904567,0.041654028,-0.002357933,0.098272,0.898855,0.006858369,0.39461187,-0.021865247,-0.0039906874,0.2923337,0.00276636,0.7420797,0.037300542,-0.0022366676,-0.0023781627,0.09269056,0.085820064,-0.04470523,0.0066198586,-0.12244891,0.13024125,-0.13881248,0.09609429,0.022379266,0.0,0.0,0.36766335,0.12993366,-0.012975651,0.2425823,-0.23910852,-0.005905031,-0.79204035,1.6129553,-0.014676571,0.0,-0.043054964,0.0,0.0,0.015102332,-0.00022293709,0.0,-0.029272772,-0.03567914,-0.03152633,-0.027459245,0.058785085,-0.020515643,0.07396775,0.014910354,0.04217523,0.0,-0.00085498113,0.0
0.03268137,0.0,0.0,0.21370357,0.5552121,0.09930066,0.365672,-0.01105181,0.041227587,-0.002357933,0.25058216,0.9372984,-0.009916918,0.41891497,0.045344792,-0.0032679318,0.2940055,-0.0008144094,0.80901587,0.037300542,-0.0022366676,-0.0023781627,0.1009258,0.10319488,-0.04470523,0.0066198586,-0.12815592,0.120459154,-0.14711317,0.0613426,0.022379266,0.0,0.0,0.42335445,0.17499283,-0.012975651,0.24881506,-0.29108617,0.0033787454,-0.9937438,1.5450723,-0.014676571,0.0,-0.04746457,0.0,0.0,-0.020500053,-0.0006023274,0.0,0.0486657,-0.055456195,0.01461931,-0.022525158,0.058269095,-0.020515643,-0.09805871,0.021507178,0.04217523,0.0,-0.00085498113,0.0
0.012357937,0.0,0.0,-0.47160769,0.24759074,0.0508342,-0.038399503,-0.049668517,-0.08769735,-0.002357933,-0.12352033,-0.58694875,-0.013224944,-0.21922229,-0.0973314,-0.01290651,0.29367653,-0.0008144094,0.42138028,-0.03116097,-0.007275651,-0.0074840584,0.075175576,-0.17056955,-0.01677189,0.0045563,-0.18472865,0.04169337,-0.1719374,-0.15786262,0.022379266,0.0,0.0,-0.21886034,0.12494121,-0.014436958,0.10926182,-0.27250907,0.02721032,-1.0273645,-3.5951803,-0.014676571,0.0,-0.04155249,0.0,0.0,-0.019986318,-0.0036583229,0.0,0.17335966,-0.043151718,-0.03196219,-0.030059516,0.03386236,-0.014226835,-0.028355654,0.0027969673,-0.014700584,0.0,0.00062446354,0.0
0.013020664,0.0,0.0,-0.43075746,0.23254713,0.051968224,-0.16888529,-0.0422584,-0.08769735,-0.002357933,-0.12239243,-0.7185698,-0.013224944,-0.5632278,-0.10378791,-0.01290651,-0.3000351,0.00090401294,0.38615298,-0.03116097,-0.007275651,-0.008442134,-0.19493549,-0.27338058,-0.009795051,0.0045563,-0.19057095,0.028721098,-0.1705147,-0.23438868,-0.019534145,0.0,0.0,0.22078213,-0.18832214,-0.0089113675,0.09647894,-0.2668622,-0.0019809995,-1.050746,-3.005802,-0.014676571,0.0,-0.04155249,0.0,0.0,-0.019986318,-0.0036583229,0.0,0.17335966,0.0784236,-0.03196219,-0.030059516,0.013927009,-0.014226835,0.025286328,0.010735758,0.014118151,0.0,0.00062446354,0.0
0.008942278,0.0,0.0,-0.30443025,-0.6048163,-0.09583629,-0.14301258,-0.041012906,-0.014923943,0.010235952,-0.47504768,-0.50118726,-0.013224944,-0.4646812,-0.055503476,-0.0087960595,-0.29561183,0.00276636,-0.37419805,-0.010943234,-0.007275651,-0.008442134,-0.18795078,-0.103349,-0.012057977,0.0022344845,-0.15982771,0.09383336,-0.11444214,-0.12567195,-0.00683208,0.0,0.0,-0.8425225,-0.18261151,-0.016073395,0.072370835,-0.24006638,-0.0019809995,-0.7736676,-1.8352215,-0.051667668,0.0,-0.096874535,0.0,0.0,-0.03146978,-0.0006143737,0.0,-0.15200654,0.07659811,-0.03196219,-0.084629394,0.0055626347,-0.03686745,0.016255148,-0.0022688243,0.009321772,0.0,0.0013220506,0.0
0.008942278,0.0,0.0,-0.3023946,-0.60457534,-0.1036033,-0.10540043,-0.040011115,-0.097243346,0.0035717743,-0.69483584,-0.4956508,-0.013224944,-0.45597637,-0.055503476,-0.006946693,-0.3075231,0.00276636,-0.20173568,-0.010943234,-0.007275651,-0.008442134,-0.20189658,0.033213466,-0.001438396,-0.049518686,-0.11048532,0.09383336,0.09300538,0.24385597,-0.00683208,0.0,0.0,-0.84851015,-0.1821821,-0.016073395,0.075372994,-0.24126913,0.0027771776,-0.6205876,-1.8432934,0.17758134,0.0,0.22361301,0.0,0.0,0.023267189,-0.0006143737,0.0,-0.135948,-0.037742473,-0.03164202,-0.07638001,0.007835212,-0.0326421,0.026225403,-0.0012247749,0.015252997,0.0,-0.0018100786,0.0
0.009514263,0.0,0.0,-0.5069174,-1.1802001,-0.07336429,-0.1331808,-0.023813,-0.10311838,0.0035717743,-0.9195216,-0.4394146,-0.0035970747,-0.55142784,-0.075766556,-0.015798286,-0.27987418,-0.003244635,-0.31321374,0.013099246,-0.007275651,-0.0026096853,-0.27148974,0.034376852,0.0030896813,-0.06507475,-0.063772336,-0.13137658,0.09339875,0.10199694,0.0025362659,0.0,0.0,-1.0481538,-0.062594734,0.030943751,-0.9458486,-0.4783492,0.0029828276,0.5226281,0.6534161,-0.016686017,0.0,0.12698954,0.0,0.0,-0.010566165,0.00033215265,0.0,0.05447732,-0.046063345,-0.03132092,0.12170805,0.036994074,-0.06881924,-0.06206649,0.017928947,0.015252997,0.0,-0.0010469342,0.0
0.009785284,0.0,0.0,-0.4722365,-1.1082413,-0.07336429,-0.1331808,-0.07402829,0.04605604,0.0035717743,-0.7711933,-0.4797653,-0.0035970747,-0.5626265,-0.075766556,-0.019855427,-0.29786617,0.0036016186,-0.16062826,0.013099246,-0.007275651,-0.008442134,-0.26173985,0.034626592,0.0030896813,-0.06507475,-0.063772336,-0.13137658,0.09339875,0.09699962,0.007827399,0.0,0.0,-1.0252433,-0.061624445,0.04069321,-0.95135903,-0.4021325,-0.0063009486,0.20797,0.828895,0.17758134,0.0,0.14417309,0.0,0.0,0.029300453,-0.00022293709,0.0,0.05475486,0.07940614,-0.032864604,0.13786504,-0.048462864,0.18616728,-0.030904561,-0.018096717,-0.015481688,0.0,-0.0103695225,0.0
0.0103960745,0.0,0.0,0.056525495,-1.6183895,-0.084774695,-0.1331808,-0.023813,-0.10311838,0.0035717743,-0.94030213,-0.48405808,-0.009916918,-0.36525732,-0.008967664,-0.006946693,-0.29605332,-0.003244635,-0.51181936,0.013099246,-0.007275651,-0.0026096853,-0.28152007,0.034376852,0.0030896813,-0.06507475,-0.062145624,0.10235089,0.09339875,0.11161162,0.007827399,0.0,0.0,-1.1969758,0.03919883,0.039574206,-1.0805011,-0.44701624,-0.011264777,0.37591878,0.7160869,-0.051667668,0.0,0.20258266,0.0,0.0,-0.0015127868,0.00033215265,0.0,-0.07987428,-0.038848396,-0.03132092,-0.09404726,-0.051862936,-0.06906474,0.027370218,0.017928947,0.0037377945,0.0,-0.0018100786,0.0
-0.08787717,0.0,0.0,-0.4137878,-1.9347727,-0.100152746,-0.13716812,-0.023932924,-0.10814474,-0.007975809,0.12555408,-0.37927312,-0.0035970747,-0.48454976,-0.0097506605,-0.016389424,-0.32280302,-0.00096711644,-0.60676295,0.013099246,-0.002495063,-0.0026096853,0.11038416,0.06378317,-0.011047345,-0.06507475,-0.07096293,-0.14456303,0.11111425,0.09216213,0.007827399,0.0,0.0,-0.96038365,-0.071437456,0.048540466,-1.0077593,-0.46782154,-0.0019809995,0.8040806,0.6891759,-0.016686017,0.0,-0.10107447,0.0,0.0,-0.041843876,-0.00022293709,0.0,-0.13916443,-0.038848396,-0.03132092,-0.08948332,-0.051862936,-0.06906474,0.06133149,-0.018096717,-0.041231986,0.0,-0.0018100786,0.0
-0.08787717,0.0,0.0,-0.55724156,-2.0262005,-0.07907491,-0.15060927,-0.023932924,-0.10814474,-0.007975809,-0.09475905,-0.35315084,-0.0035970747,-0.29163754,-0.00923764,0.022145662,-0.33011553,-0.00096711644,-0.70723903,0.013099246,-0.002495063,-0.0026096853,0.052552946,0.055757225,-0.0018479638,-0.09073291,-0.082183026,-0.14456303,-0.1412929,0.079836205,0.007827399,0.0,0.0,-0.35369223,-0.11620694,0.058819767,-1.3096765,-0.4647748,-0.027874723,0.49827018,0.7417212,-0.051667668,0.0,-0.1292403,0.0,0.0,-0.022762107,-0.00022293709,0.0,-0.13916443,-0.038848396,-0.03132092,-0.08440816,-0.051862936,-0.06906474,0.06133149,-0.002767893,0.03454832,0.0,-0.0018100786,0.0
-0.06630899,0.0,0.0,-0.336172,-0.8511422,-0.102989696,-0.15490673,-0.04013104,-0.013017235,-0.007975809,-0.05553089,-0.40795377,-0.0069051003,-0.3818822,-0.008124953,-0.012313764,-0.32541266,-0.0005808475,-0.40781328,0.013099246,-0.0062906696,-0.008442134,0.038714424,0.051537346,-0.006376042,-0.05847598,-0.15660293,-0.15218155,-0.14383605,-0.23161474,0.007827399,0.0,0.0,-0.22627564,-0.045313694,0.04748309,-0.45923102,-0.3029964,-0.027874723,-0.8998265,-1.7497416,-0.051667668,0.0,-0.10067429,0.0,0.0,-0.0010526055,0.0009153518,0.0,-0.16126665,-0.041656435,-0.03164202,-0.10603545,0.008188755,-0.027452966,0.024750952,-0.02211405,0.013436582,0.0,-0.0018100786,0.0
-0.06485339,0.0,0.0,-0.3896728,-0.898647,0.014953686,-0.15490673,-0.04013104,-0.0969137,-0.0027831106,-0.060510248,-0.3634148,-0.013224944,-0.2188371,-0.008124953,0.028686738,-0.33427933,-0.0005808475,-0.304818,0.013099246,-0.002495063,-0.008442134,0.03325371,0.054685738,-0.006376042,-0.05847598,-0.15363964,0.10279164,-0.13705036,-0.13411166,0.007827399,0.0,0.0,-0.23608655,-0.04913634,0.019656874,-0.5103253,-0.25121838,-0.027874723,-0.83788764,-1.859489,-0.051667668,0.0,0.18880112,0.0,0.0,0.013353274,-0.0006143737,0.0,-0.135948,-0.037742473,0.031211017,-0.096858546,0.007835212,-0.0326421,-0.052449618,-0.02211405,-0.014700584,0.0,-0.0018100786,0.0
-0.06630899,0.0,0.0,-0.38671377,-1.0371606,0.049646385,-0.13658457,-0.04013104,-0.1022697,-0.007975809,0.12842137,-0.36564168,-0.0069051003,-0.25033855,-0.004843966,0.00282946,-0.2949441,-0.0005808475,-0.3160077,0.013099246,-0.002495063,-0.008442134,0.02670017,0.05723252,0.004124686,0.003296349,-0.18046649,-0.14751972,-0.15637901,-0.16464862,0.007827399,0.0,0.0,-0.2469275,-0.046102248,0.016497552,-0.5103253,-0.31098324,0.032174148,-0.8273802,-1.9626181,-0.051667668,0.0,-0.08748396,0.0,0.0,-0.0010526055,-0.0006143737,0.0,0.018062025,-0.037742473,-0.03164202,0.11743492,-0.055455495,-0.0326421,-0.028891034,0.019472064,0.013436582,0.0,-0.0018100786,0.0
-0.06310746,0.0,0.0,-0.5329872,-0.95116204,0.049915604,-0.050293587,-0.041414537,-0.009645094,-0.007975809,-0.044883177,-0.38946456,-0.0069051003,0.29940563,0.017525127,-0.016263725,-0.27349457,-0.0008144094,-0.49785474,0.013099246,-0.0062906696,-0.008442134,0.023561837,0.05737077,-0.005986694,0.003296349,-0.18171772,-0.1282732,-0.14868745,-0.23438868,0.007827399,0.0,0.0,-0.27540872,-0.05917444,-0.023245966,0.08831712,-0.28167656,-0.027874723,-1.0080718,-2.3319466,-0.051667668,0.0,-0.093017116,0.0,0.0,0.013353274,-0.0006143737,0.0,-0.16410974,-0.041656435,0.007463272,-0.09950204,0.00558513,-0.0326421,0.024750952,-0.02211405,0.013436582,0.0,-0.0018100786,0.0
0.0062579503,0.0,0.0,-0.5170005,0.19698203,-0.103806496,-0.0031453567,-0.028538235,-0.011551806,0.010235952,-1.3192428,-0.41493636,-0.0019232538,0.27871162,-0.023479164,-0.0028895494,-0.22932103,-0.010351734,-0.45029795,-0.010943234,-0.007275651,-0.0026096853,-0.3057189,-0.06571247,0.0055284603,0.00550332,-0.072840095,0.034176953,0.12401617,0.027432788,-0.00683208,0.0,0.0,-2.3871677,-0.2603975,0.011605637,0.13272385,0.28730428,-0.0019809995,0.8257314,-0.93520933,-0.016686017,0.0,-0.14167958,0.0,0.0,-0.01891493,-0.0006143737,0.0,0.0031383547,-0.038848396,-0.001945401,-0.13498841,0.005451796,-0.029504191,0.026920151,0.016884897,0.0037377945,0.0,-0.0018100786,0.0
0.0062579503,0.0,0.0,0.07758625,-0.9859959,-0.124761485,-0.0031453567,-0.029646115,-0.009400063,0.010235952,-0.97652084,-0.515844,0.0013847719,0.19354002,-0.023800034,-0.006946693,-0.27059552,-0.010351734,-0.606052,-0.010943234,-0.007275651,-0.0026096853,-0.27237308,0.035433505,0.0030896813,0.0039012232,-0.08099512,0.034176953,0.13247532,0.022435464,-0.00683208,0.0,0.0,-1.7076769,-0.25269774,0.010131696,0.13472322,0.37155592,-0.0019809995,0.61544496,-0.82565767,-0.051667668,0.0,-0.08436715,0.0,0.0,0.0037846533,0.0009153518,0.0,0.00091153965,-0.038848396,-0.0067436732,-0.14005817,0.0061001526,-0.07425387,0.026920151,-0.018096717,-0.015481688,0.0,-0.0018100786,0.0
0.0062579503,0.0,0.0,0.12594248,-1.5892469,-0.05478254,-0.0027017044,-0.0027789408,0.059687406,0.010235952,-1.1802765,-0.50653726,0.006858369,0.29290435,-0.035970822,-0.027893264,-0.31560394,-0.010351734,-0.64572054,-0.010943234,-0.007275651,-0.0026096853,0.11149775,0.03229891,-0.009165045,0.0039012232,-0.08497248,0.10999453,0.13566256,0.022435464,-0.00683208,0.0,0.0,-1.7058985,-0.31547368,-0.0043522324,0.17885621,-0.40710694,-0.0019809995,0.96626943,0.77098393,-0.016686017,0.0,-0.09912713,0.0,0.0,-0.00039114105,0.00089740404,0.0,-0.034856763,-0.046063345,-0.03132092,-0.090340994,0.0061001526,-0.07425387,0.026920151,-0.018096717,-0.015481688,0.0,-0.0018100786,0.0
0.0060229814,0.0,0.0,0.1670013,0.7376121,-0.024314046,0.0028575235,-0.009332958,0.07657329,0.010235952,0.22767884,-0.24959046,0.006858369,0.43468034,0.04029773,0.051276885,-0.27267647,-0.0016666406,-0.22915424,-0.010943234,-0.0024662241,-0.0026096853,0.09343671,0.09908314,0.005629584,0.013910696,-0.06662358,0.10595943,0.17840634,0.034252148,-0.00683208,0.0,0.0,0.31385377,0.055861592,0.07182312,0.2989302,-0.2200192,0.0029828276,1.5104548,1.6398883,-0.016686017,0.0,-0.07185046,0.0,0.0,0.032847546,-0.00022293709,0.0,0.09689148,-0.046063345,0.0005454966,0.16599764,0.015557762,0.20975338,-0.12777278,-0.032218605,-0.041913554,0.0,0.0075737215,0.0
0.020755539,0.0,0.0,0.25205493,0.8306568,0.02830605,0.03275069,-0.010419379,0.064806975,0.001743352,0.38209233,0.15919551,0.006858369,0.32354993,0.045344792,-0.013978334,-0.07758643,-0.0016666406,0.5654174,-0.03116097,-0.0012504113,-0.0013418472,0.13065515,0.11586802,0.042509716,0.013910696,-0.06649863,0.11855987,0.19235934,0.082961604,-0.019534145,0.0,0.0,0.47713038,0.23472628,-0.012975651,0.30184186,-0.25657088,0.0033787454,1.2615397,1.719727,-0.008056669,0.0,0.049208716,0.0,0.0,0.015031371,-0.00022293709,0.0,-0.038271144,0.09065491,0.036691226,-0.020018987,0.03337284,-0.020515643,0.07396775,0.01526516,0.023714688,0.0,-0.00085498113,0.0
0.008815261,0.0,0.0,-0.6377207,0.31567192,0.015347587,0.012174524,-0.043632608,-0.024782864,0.001743352,-0.056079034,-0.016397994,0.0035503432,-0.217442,-0.0138197895,-0.030098848,0.15774217,-0.0016666406,0.26041052,-0.03116097,-0.0012504113,-0.001275141,0.06782495,-0.24847735,0.027284257,0.011847138,-0.06462426,0.10231389,0.18836187,-0.13067387,-0.019534145,0.0,0.0,-0.4709471,0.14262308,-0.014436958,0.15092015,-0.24348079,0.032570064,0.921978,-4.08908,-0.008056669,0.0,0.043508075,0.0,0.0,0.01614257,-0.0006143737,0.0,-0.08625072,-0.037658807,-0.03196219,-0.011631457,-0.09609025,-0.0134529155,-0.08228839,0.007850672,0.013436582,0.0,-0.00085498113,0.0
0.0011634598,0.0,0.0,-0.566803,0.31125873,-0.012553083,0.0029461067,-0.043632608,-0.019619027,0.0030261117,0.20767857,-0.4519109,-0.013224944,0.221861,-0.08803804,-0.015348578,-0.09237769,-0.0016666406,0.38793525,-0.03116097,-0.007275651,-0.0026096853,-0.32596153,-0.2874001,0.015721424,0.011847138,-0.07046656,0.09753685,0.18977003,-0.1892977,-0.019534145,0.0,0.0,0.30420226,-0.262459,-0.0089113675,0.1488755,-0.25723845,0.0029828276,0.95582235,-4.1651077,-0.014676571,0.0,-0.029277433,0.0,0.0,-0.014377644,0.0009153518,0.0,-0.1972931,-0.049586687,-0.03196219,0.05239048,-0.044782005,-0.0134529155,0.025286328,0.0044937413,0.014118151,0.0,-0.00085498113,0.0
0.0048041535,0.0,0.0,-0.31386915,-0.7434462,-0.028348321,-0.09716574,-0.034976996,-0.07625799,0.010235952,-0.6397251,-0.3870927,-0.013224944,0.2214433,-0.04396607,-0.021704793,-0.1661667,0.011490661,-0.47040656,-0.010943234,-0.007275651,-0.0026096853,-0.28310564,-0.10439667,0.0030662776,0.0036267508,-0.074609235,0.031391967,0.12309507,-0.07738076,-0.00683208,0.0,0.0,-1.0065057,-0.22158034,-0.016073395,0.10463136,-0.2660027,-0.0019809995,0.539059,-2.0781739,-0.051667668,0.0,-0.088346645,0.0,0.0,-0.030808318,-0.0036583229,0.0,0.10646905,-0.040898733,-0.01681659,0.09115188,-0.054703515,-0.0326421,0.016255148,-0.015870586,-0.007836472,0.0,-0.0018100786,0.0
0.0046097515,0.0,0.0,0.079526916,-0.8672469,-0.083309345,-0.0910771,-0.033975206,-0.07747839,0.010235952,-0.97193044,-0.35465434,0.0035503432,-0.43635428,-0.008012856,-0.022411577,-0.26114717,0.011490661,-0.46352723,-0.010943234,-0.0024662241,-0.0026096853,-0.28152007,0.036845636,-0.0011626896,-0.01578726,-0.07652125,0.034479007,0.10091027,0.1106601,-0.00683208,0.0,0.0,-0.97977626,-0.27504396,-0.016073395,0.100752756,-0.22370349,-0.0019809995,0.76995367,-1.8803644,-0.016686017,0.0,-0.075737014,0.0,0.0,-0.020090008,-0.0036583229,0.0,0.10646905,-0.040898733,-0.033185706,-0.09086639,0.0066054994,-0.03686745,0.028173765,-0.002767893,0.015252997,0.0,0.0013220506,0.0
0.0054527577,0.0,0.0,-1.0633113,0.47102323,-0.079776615,-0.13493243,-0.023813,0.055269875,0.010235952,-1.4257028,-0.36460486,0.006858369,-0.7467691,-0.003219486,-0.0040669,-0.27793494,0.0036016186,-0.5884361,-0.010943234,-0.0024662241,-0.0026096853,-0.32584745,0.04067769,-0.012216426,-0.24819784,-0.06333231,0.1081088,0.12163926,0.087141484,-0.00683208,0.0,0.0,0.16133514,-0.27994707,-0.09089026,-1.3519741,-0.33830774,-0.0019809995,0.79828435,0.965507,-0.016686017,0.0,-0.09272604,0.0,0.0,-0.030084195,-0.00022293709,0.0,-0.105130136,-0.038848396,-0.03132092,-0.09828072,0.0066054994,-0.07847923,0.027370218,0.0036025462,0.015252997,0.0,0.0013220506,0.0
0.0054527577,0.0,0.0,-1.0250376,0.3715953,-0.07227803,-0.13926944,-0.024814786,-0.09131371,0.010235952,-1.2236044,-0.36690566,-0.009916918,-0.3349747,-0.23691045,-0.00011693861,-0.24746633,0.0036016186,-0.520789,-0.010943234,-0.0024662241,-0.0026096853,-0.31922585,-0.1523377,0.0024770785,-0.24819784,-0.069723904,0.10502176,0.15031551,0.027029775,-0.00683208,0.0,0.0,0.18095538,-0.3132562,-0.08768333,-1.5636246,-0.34722143,-0.0019809995,0.82463485,0.95745444,-0.016686017,0.0,-0.103675805,0.0,0.0,-0.03388923,-0.00022293709,0.0,-0.10757829,-0.038848396,-0.03164109,-0.07432353,-0.05441263,-0.07425387,0.027370218,-0.00057205046,0.015252997,0.0,-0.0018100786,0.0
0.0054527577,0.0,0.0,-0.433113,-1.1763659,-0.07500134,-0.11475419,-0.01650622,-0.07221008,0.010235952,-1.0210922,-0.47933897,-0.0035970747,-0.35534012,-0.085902214,-0.00011693861,-0.30556723,-0.003244635,-0.4990122,-0.010943234,-0.0024662241,-0.0026096853,-0.2758497,0.03448396,0.0030896813,-0.06507475,-0.06787005,-0.12078714,0.106208555,0.11161162,-0.00683208,0.0,0.0,-1.1607691,-0.24303229,-0.0043522324,-1.0685492,-0.4287625,-0.0019809995,0.6999927,0.53806263,-0.016686017,0.0,-0.08029278,0.0,0.0,-0.021818928,0.00033215265,0.0,0.08217715,-0.038848396,-0.03164109,-0.12721545,0.00795856,-0.07425387,0.026920151,-0.018096717,0.0037377945,0.0,-0.0018100786,0.0
0.0051817363,0.0,0.0,-0.4058637,-1.6137546,-0.07500134,-0.12601458,-0.028559215,-0.06931416,0.010235952,-0.85274076,-0.43520808,-0.0035970747,-0.36470294,-0.085902214,-0.025120653,-0.31034276,-0.003244635,-0.45485866,-0.010943234,-0.0024662241,-0.0026096853,-0.27148974,0.030596424,0.0030896813,-0.06507475,-0.06417445,-0.12318096,0.106208555,0.09699962,-0.00683208,0.0,0.0,-1.0459265,0.021606082,0.011747993,-0.8835004,-0.40255466,-0.011264777,0.6190007,0.6539286,-0.016686017,0.0,-0.08029278,0.0,0.0,0.021491926,-0.00022293709,0.0,0.09428088,0.07940614,0.036691226,-0.07851955,0.010473808,-0.07425387,-0.06054075,-0.018096717,-0.015481688,0.0,-0.0018100786,0.0
0.005683213,0.0,0.0,-0.5456479,-2.4405553,-0.089117825,-0.13926944,-0.02767978,-0.07188044,0.010235952,0.2524908,-0.45781812,-0.0035970747,-0.3678035,-0.0053454926,-0.0561982,-0.35327157,-0.00096711644,-0.48304704,-0.010943234,-0.0024662241,-0.0026096853,0.08928942,0.065234795,-0.014098726,-0.11314672,-0.07262568,-0.13636741,0.15807776,0.08145801,-0.00683208,0.0,0.0,0.18768275,-0.12028206,0.020714251,-1.3072339,-0.46364695,0.019855011,0.94846797,0.7612816,-0.016686017,0.0,-0.101468734,0.0,0.0,-0.007268608,0.00033215265,0.0,-0.13177468,-0.046063345,-0.03132092,-0.11519689,0.00639104,-0.07425387,0.06161616,0.024299385,0.023714688,0.0,-0.0018100786,0.0
0.0047494643,0.0,0.0,-0.55821055,-2.4955826,-0.07836466,-0.13926944,-0.016626144,-0.07188044,0.010235952,0.20548218,-0.38102087,-0.0035970747,-0.3826735,0.001111018,-0.060849927,-0.34751615,-0.00096711644,-0.3792801,-0.010943234,-0.0016056477,-0.0026096853,0.05846177,0.054366853,-0.0018479638,-0.11314672,-0.06890223,-0.13636741,0.1651284,-0.08412324,-0.00683208,0.0,0.0,-0.3894539,-0.11837513,0.033928216,-1.304637,-0.3699571,-0.011350123,0.9299289,0.674453,-0.016686017,0.0,-0.09923847,0.0,0.0,0.020248275,-0.00022293709,0.0,-0.14732192,0.07940614,0.029452348,0.08514193,0.013567589,0.19916762,-0.05922195,-0.018096717,-0.014700584,0.0,-0.0103695225,0.0
0.0039470247,0.0,0.0,-0.3737976,-1.235111,-0.06322094,-0.115592346,-0.06394747,0.006803474,0.010235952,-0.6810233,-0.3898571,-0.0069051003,-0.31864935,-0.0013434836,-0.005950114,-0.30055627,-0.003244635,-0.46530312,-0.010943234,-0.0016056477,-0.0026096853,0.06722906,0.025325965,0.0051380526,-0.08088979,-0.06890223,-0.13094409,0.15035175,-0.07886516,-0.00683208,0.0,0.0,-0.3746551,-0.024113292,0.027064407,-0.6542118,-0.3022402,0.0032450645,0.7762602,-1.7193215,-0.016686017,0.0,-0.07807862,0.0,0.0,-0.04647805,-0.0006143737,0.0,-0.18616652,-0.040898733,-0.03164202,-0.07921765,0.0066054994,-0.03686745,0.016705215,0.017928947,0.0014236298,0.0,0.0013220506,0.0
0.0039470247,0.0,0.0,0.034763407,-1.2064533,-0.07463134,-0.115592346,-0.06394747,0.012159469,0.0035717743,-0.8082482,-0.39659435,-0.0069051003,-0.23564102,-0.0013434836,-0.022411577,-0.30055627,-0.003244635,-0.38907427,-0.010943234,-0.0024662241,-0.0026096853,0.06722906,0.025325965,0.0051380526,-0.08088979,-0.0698367,-0.13094409,0.13942881,0.025675237,-0.00683208,0.0,0.0,-0.35806826,-0.017254202,0.027064407,-0.7670836,-0.30673045,0.0032450645,0.81710863,-1.8851635,-0.016686017,0.0,0.13927583,0.0,0.0,0.020248275,-0.0006143737,0.0,-0.17010802,-0.040898733,-0.03164202,-0.07921765,0.010473808,-0.0326421,0.02667547,-0.002767893,0.014571429,0.0,-0.0018100786,0.0
0.009158609,0.0,0.0,-0.5546943,-2.4179223,-0.08939958,-0.13926944,-0.016626144,-0.07188044,0.010235952,-0.19839382,-0.42978388,-0.0035970747,-0.36204028,0.001111018,-0.0260275,-0.3170476,-0.003244635,-0.5902137,-0.010943234,-0.0024662241,-0.0026096853,0.07955652,0.05194977,-0.0018479638,-0.11314672,-0.06890223,-0.13369653,0.15412967,0.047531534,-0.00683208,0.0,0.0,-0.37202805,-0.13315554,0.058819767,-1.1260589,-0.46782154,0.0032450645,0.84610945,0.64066195,-0.016686017,0.0,-0.101468734,0.0,0.0,-0.0061469623,-0.00022293709,0.0,-0.14732192,0.07940614,-0.03132092,-0.08460513,-0.05157205,-0.06906474,-0.08540137,-0.002767893,0.03454832,0.0,-0.0018100786,0.0
-0.08838081,0.0,0.0,-0.9278801,0.36566803,-0.13291317,-0.11297706,0.023177573,-0.021955628,0.010235952,0.12129779,-0.25952145,0.00023001595,-0.37360513,0.014383703,-0.060103185,-0.27051374,-0.00096711644,-0.43091133,0.013099246,0.013295083,0.0126415705,-0.31821382,-0.30825332,-0.0016738586,-0.10475707,0.20744033,-0.054104533,0.09771348,0.09221964,0.007827399,0.0,0.0,-1.798203,-0.23362221,0.035793673,-1.2701566,0.51303166,-0.011264777,0.7873491,0.8910338,-0.016686017,0.0,-0.14089142,0.0,0.0,-0.019723538,0.00033215265,0.0,0.049859125,-0.038848396,-0.006422572,-0.12994872,0.010799138,-0.024315055,0.06088142,0.016884897,0.023714688,0.0,-0.0018100786,0.0
-0.076044284,0.0,0.0,-0.5891331,0.24866223,-0.12460691,-0.09120503,0.07456751,-0.10673384,0.0035717743,0.2207953,-0.2319401,-0.0030780097,-0.26930082,0.011825781,-0.04690338,-0.22349179,-0.00096711644,-0.2791828,0.013099246,0.008193901,0.0126415705,-0.31821382,-0.20539169,-0.0019892347,-0.06913419,0.20744033,-0.06172305,0.091389544,0.034749657,0.007827399,0.0,0.0,-1.036514,-0.22414726,0.03202432,-0.7028902,0.36230272,-0.008398641,0.742545,-2.6139092,-0.016686017,0.0,0.117131405,0.0,0.0,-0.019723538,0.0009153518,0.0,-0.053347465,-0.03998735,-0.0067436732,-0.07066763,-0.05157205,-0.015787352,-0.108265236,-0.015870586,-0.041231986,0.0,-0.0018100786,0.0
-0.06938354,0.0,0.0,-0.59983724,0.22981802,-0.1170031,-0.09120503,0.075536594,-0.15163334,0.0035717743,-0.6769552,-0.18206695,-0.0030780097,-0.2652274,-0.001238028,-0.03717705,-0.21995997,-0.003244635,-0.2562552,0.013099246,0.008193901,0.0126415705,-0.3189196,-0.102015644,0.0052130846,-0.06913419,0.20744033,-0.066285,0.09290989,-0.051987454,0.007827399,0.0,0.0,-0.99350864,-0.23764803,0.024177063,-0.6062418,0.29321986,-0.0051288083,0.5903788,-2.3180687,-0.016686017,0.0,0.14035194,0.0,0.0,-0.019723538,0.0009153518,0.0,-0.053347465,-0.03998735,0.00033754227,0.09353976,-0.05065902,0.041902527,-0.044508968,-0.015870586,-0.007836472,0.0,-0.0103695225,0.0
-0.22693695,0.0,0.0,-0.59096146,0.28179094,-0.12460691,-0.1034589,0.07456751,-0.14892925,0.010235952,-0.19596344,-0.11018906,-0.0030780097,-0.25846696,0.013877869,-0.046467803,-0.13614675,-0.003244635,-0.3366718,0.013099246,0.0069446685,0.006500038,-0.31821382,-0.19308956,-0.0011088145,-0.13124336,0.20744033,-0.0664047,0.117827915,0.031153388,0.007827399,0.0,0.0,0.13487732,-0.22837298,0.013362102,-0.7557449,0.29992336,-0.0048708776,0.6464196,-3.1614332,-0.016686017,0.0,-0.012546725,0.0,0.0,0.011897362,-0.0006143737,0.0,-0.029252298,-0.03998735,0.00033754227,0.09089911,-0.03011033,0.037884377,-0.12137723,-0.023317493,-0.041231986,0.0,-0.0032875463,0.0
-0.2770045,0.0,0.0,-0.60891736,0.09750231,-0.1170031,-0.14429328,0.07418196,-0.34130755,0.010235952,-1.0544796,0.37388518,0.00023001595,-0.18058783,-0.0018241399,-0.04761486,0.21659264,-0.003244635,-0.56760573,0.013099246,0.012096067,0.0061769066,-0.34216312,-0.13716319,0.009870717,-0.10475707,0.20843916,-0.1467487,0.09621577,0.03201539,0.007827399,0.0,0.0,-1.6796206,-0.23641835,0.024177063,-0.809702,0.31750792,-0.0048708776,0.43044665,-0.25297907,-0.016686017,0.0,-0.15926664,0.0,0.0,0.018431151,-0.0036583229,0.0,0.08016323,-0.038848396,-0.04724142,0.0913892,-0.1002871,0.06499615,0.030302929,0.016884897,-0.033129174,0.0,-0.0103695225,0.0
-0.23197137,0.0,0.0,-0.56836516,0.22159551,-0.12460691,-0.11027279,0.07456751,-0.34387442,-0.007975809,0.2072618,0.10922959,-0.0030780097,-0.17747661,-0.0061144056,-0.034786828,0.20206779,-0.00096711644,-0.5610343,0.013099246,0.0076180333,0.0061769066,-0.3746919,-0.19363204,0.0019425673,-0.06913419,0.20843916,-0.13249594,0.08048821,0.08779816,0.007827399,0.0,0.0,-1.0358627,-0.23394589,0.01676953,-0.71351063,0.3546833,-0.0048708776,0.37299207,-2.2739055,-0.051667668,0.0,-0.10875031,0.0,0.0,0.018669032,-0.0036583229,0.0,0.13123292,-0.040898733,0.0054966463,0.09945416,-0.09829693,0.009434251,0.06316177,0.016884897,0.023714688,0.0,0.0075737215,0.0
-0.29140922,0.0,0.0,-0.6061729,0.13507876,-0.13099377,-0.14730117,0.07501916,-0.29105207,0.0035717743,0.17867549,0.60843635,0.00023001595,-0.18834092,-0.0051051266,-0.008887162,0.22843233,-0.00096711644,-0.45508334,0.013099246,0.012096067,0.0115200505,-0.33216426,-0.3162823,0.0026683982,-0.09368108,0.2482454,-0.1467487,-0.07152075,-0.18887272,0.007827399,0.0,0.0,-1.6667689,-0.22952846,0.03202432,-0.89433056,0.5316923,-0.005905031,0.06410957,-0.2918137,0.17758134,0.0,0.27059457,0.0,0.0,0.018739993,-0.0036583229,0.0,0.10814478,-0.038848396,0.0115944715,-0.09741869,-0.10098568,-0.028540408,0.028514674,0.016884897,-0.03426402,0.0,0.0013220506,0.0
-0.07982458,0.0,0.0,-0.49521968,0.1910762,-0.18507114,-0.11824773,0.078878134,-0.10673384,0.0035717743,0.09757897,-0.31109014,-0.0030780097,-0.21169935,0.011825781,-0.009702278,0.21113554,-0.0005808475,-0.21235575,0.013099246,0.037288778,0.03625351,-0.25586015,-0.19363841,-0.006201937,-0.06913419,0.43050715,-0.060690437,0.10238825,-0.1911524,0.007827399,0.0,0.0,-0.9247021,-0.23929757,0.03202432,-0.52584463,0.372664,-0.011264777,-0.45059726,-2.6142688,0.17758134,0.0,0.15127298,0.0,0.0,-0.014629183,0.0009153518,0.0,-0.0564456,-0.040898733,-0.0067436732,-0.11481067,-0.0874774,-0.020012703,0.026249247,0.018428015,0.0026029474,0.0,0.0013220506,0.0
-0.07836898,0.0,0.0,-0.5560968,0.19715261,-0.12460691,-0.1084175,0.078878134,-0.14892925,0.010235952,0.15910283,-0.31559452,-0.0056230323,-0.18714753,-0.00767905,-0.0015374159,0.16993026,-0.00096711644,-0.42449352,0.013099246,0.014789817,0.03625351,-0.2997175,-0.20539169,-0.0019892347,-0.06913419,0.20744033,-0.059417922,0.099294424,0.035258733,0.007827399,0.0,0.0,-1.0223111,-0.23719667,0.03202432,-0.68755233,0.35654762,-0.008398641,-0.08903282,-2.564268,-0.051667668,0.0,-0.09988505,0.0,0.0,-0.014629183,0.0009153518,0.0,-0.027738445,-0.040898733,-0.0067436732,-0.10929599,-0.086939886,-0.015787352,-0.108265236,-0.015870586,-0.041231986,0.0,-0.0018100786,0.0
-0.23158623,0.0,0.0,-0.57850873,0.24081232,-0.12460691,-0.1034589,0.07456751,-0.09280548,0.010235952,0.18801351,-0.068123035,-0.0030780097,-0.25105324,-0.0061144056,0.020675488,-0.13649696,-0.00096711644,-0.5051932,0.013099246,0.0069446685,0.0061769066,-0.31821382,-0.20539169,0.0019425673,-0.06913419,0.20843916,-0.067383684,0.110293135,-0.15033762,0.007827399,0.0,0.0,-1.0309521,-0.23196372,0.03202432,-0.7104239,0.38026172,-0.0030388949,0.7425339,-2.494433,-0.016686017,0.0,-0.09354771,0.0,0.0,-0.02232765,0.0009153518,0.0,-0.09957107,-0.03998735,-0.0067436732,-0.098099075,0.029013101,-0.015787352,0.027127573,-0.015870586,-0.014019014,0.0,-0.0018100786,0.0
-0.23197137,0.0,0.0,0.094807394,0.26708564,-0.13601731,-0.11027279,0.07456751,-0.09280548,0.010235952,0.1726286,-0.048205696,-0.0030780097,-0.17886904,-0.005838707,-0.010468049,0.18413103,-0.00096711644,-0.63265586,0.013099246,0.012096067,0.0061769066,-0.3363268,-0.20459017,0.0019425673,-0.06913419,0.22766788,-0.05903958,0.112494595,-0.083371505,0.007827399,0.0,0.0,-1.0478942,-0.34968928,0.03202432,-0.7104239,0.36047253,-0.005905031,0.4755695,-2.7440662,-0.051667668,0.0,-0.09795979,0.0,0.0,-0.020026129,-0.0006143737,0.0,-0.10522927,-0.03998735,0.0054966463,-0.07374283,0.038146116,-0.015787352,-0.026514413,-0.015870586,-0.014019014,0.0,-0.0018100786,0.0
-0.23158623,0.0,0.0,0.083883055,0.26455113,-0.13601731,-0.11027279,0.07456751,-0.20904538,-0.007975809,0.18537131,0.10571905,-0.0030780097,0.13464686,-0.023062099,-0.069192216,0.13435687,-0.00096711644,-0.4613471,0.013099246,0.0051438995,0.0061769066,-0.3567234,-0.20685641,0.0019425673,-0.06913419,0.22766788,-0.058471363,0.112494595,-0.083371505,0.007827399,0.0,0.0,-1.0578464,-0.34935164,0.03202432,-0.7104239,0.35432756,-0.0030388949,0.7437756,-2.8142378,-0.016686017,0.0,-0.09734747,0.0,0.0,-0.012211202,0.0009153518,0.0,-0.07709154,-0.03998735,0.0054966463,0.051404737,-0.103687175,-0.015787352,-0.026514413,-0.003811942,-0.014019014,0.0,-0.0018100786,0.0
-0.23197137,0.0,0.0,0.13163005,0.31704602,-0.13601731,-0.11027279,0.07456751,-0.21241751,-0.007975809,0.1730173,0.09540464,-0.0030780097,-0.16683613,-0.005351264,-0.038694404,0.22752759,-0.00096711644,-0.46764576,0.013099246,0.012096067,0.0061769066,-0.3746919,-0.20690307,-0.0011088145,-0.13124336,0.22666904,-0.057492387,0.098362036,-0.103080094,0.007827399,0.0,0.0,0.14056902,-0.34527162,0.01676953,-0.8512185,0.2928958,-0.0020047417,0.50848806,-3.3917131,-0.051667668,0.0,-0.09885358,0.0,0.0,0.017557833,-0.0006143737,0.0,-0.022413496,0.07735581,0.00033754227,0.09990036,0.041546185,0.041902527,-0.026514413,-0.023317493,-0.014019014,0.0,-0.0103695225,0.0
-0.23197137,0.0,0.0,0.10784645,0.26860386,-0.23659289,-0.12010302,0.078878134,-0.22832973,-0.007975809,-0.16923034,0.047460407,-0.0030780097,0.13595048,-0.022574656,-0.010468049,0.2009145,-0.0005808475,-0.6901485,0.013099246,0.012096067,0.0115200505,0.08852151,-0.21298353,-0.01816233,-0.13124336,0.34570402,-0.058471363,0.10864927,-0.19417645,0.007827399,0.0,0.0,0.15030782,-0.34017867,0.03202432,-0.64790547,0.34173644,-0.0030388949,-0.51353836,-3.0874836,-0.051667668,0.0,-0.11687565,0.0,0.0,0.018291246,-0.0006143737,0.0,-0.10522927,-0.040898733,0.0054966463,-0.07958863,0.040633153,-0.015787352,0.027127573,0.026366804,0.0026029474,0.0,-0.0018100786,0.0
-0.23197137,0.0,0.0,0.067950994,0.26185274,-0.24297975,-0.1231109,0.07501916,-0.27916822,-0.007975809,-0.17783588,0.5856754,-0.0030780097,-0.16263549,-0.005351264,-0.028237958,0.2721016,-0.0005808475,-0.6942943,0.013099246,0.012096067,0.0115200505,0.088096224,-0.20858964,-0.01816233,-0.09200428,0.37079644,-0.08106825,-0.13138124,-0.20473896,0.007827399,0.0,0.0,0.25674435,-0.2922093,0.03202432,-0.6639544,0.38143283,-0.0030388949,-0.33703175,-2.8610504,-0.051667668,0.0,-0.11848499,0.0,0.0,-0.009325257,-0.0006143737,0.0,-0.09734426,-0.040898733,0.0115944715,-0.09038899,0.038146116,-0.015787352,0.027127573,0.026366804,-0.03426402,0.0,-0.0018100786,0.0
-0.23197137,0.0,0.0,0.06383354,0.2354929,-0.25750163,-0.12099999,0.078878134,-0.2826285,-0.007975809,-0.1813869,0.0074703866,-0.0030780097,0.10284023,-0.022574656,-0.010468049,0.17839797,-0.0005808475,-0.65478146,0.013099246,0.012096067,0.0115200505,0.089275785,-0.18882282,-0.01816233,-0.09200428,0.48316893,-0.068609625,-0.12964702,-0.1963967,0.007827399,0.0,0.0,0.22622465,-0.18744285,0.03202432,-0.64790547,0.39667177,-0.005905031,-0.8855059,-3.0238,-0.051667668,0.0,-0.06437278,0.0,0.0,-0.012872666,0.0009153518,0.0,-0.09957107,0.07735581,-0.0067436732,-0.089918144,-0.10443915,-0.015787352,0.027127573,0.005669966,0.014118151,0.0,-0.0018100786,0.0
0.004914402,0.0,0.0,-0.5146463,0.19767916,0.07731956,-0.042456187,-0.021663012,-0.024137782,0.0035717743,-0.60383797,-0.42648733,-0.0069473963,-0.44759703,-0.007726566,-0.021704793,-0.27956364,0.00276636,-0.19037795,-0.010943234,-0.007275651,-0.008442134,-0.2300573,-0.120615214,-0.012057977,0.0048747873,-0.130082,0.030299464,0.119708575,-0.11410172,-0.00683208,0.0,0.0,-1.0947936,-0.2556921,-0.01484031,0.07165115,0.32324997,0.0029828276,-0.38737342,-2.6599135,-0.051667668,0.0,0.15257993,0.0,0.0,-0.012957806,-0.0006143737,0.0,-0.05228549,-0.03998735,-0.0067436732,0.14243196,0.036994074,-0.015541855,0.016255148,0.018428015,-0.0021934328,0.0,-0.0010469342,0.0
0.0048041535,0.0,0.0,0.11931477,0.2060324,0.05688777,-0.0058382684,-0.050635923,0.06503333,0.010235952,-0.80913275,-0.47937158,-0.013224944,-0.29645306,-0.08536722,-0.006946693,-0.26992643,-0.010351734,-0.49150515,-0.010943234,-0.007275651,-0.008442134,-0.22825247,-0.123860195,-0.013606321,0.0048747873,-0.09854584,0.028721098,0.12847096,0.028663225,-0.00683208,0.0,0.0,-1.2227584,-0.377589,-0.017662276,0.097604364,-0.26433837,-0.0019809995,-0.066990204,-2.448495,-0.051667668,0.0,-0.09231766,0.0,0.0,-0.020969499,0.005450514,0.0,0.19265041,-0.040898733,-0.03196219,-0.108993396,-0.054703515,-0.0326421,0.026225403,-0.003811942,0.015252997,0.0,-0.0018100786,0.0
0.00564716,0.0,0.0,0.06943127,0.27293387,0.041371673,-0.0031453567,-0.053944763,0.016073162,0.010235952,-1.3317497,-0.41851833,-0.0069051003,-0.5538273,-0.006810585,-0.019108197,-0.29018998,-0.010351734,-0.69426745,-0.010943234,-0.007275651,-0.0026096853,0.10461813,0.04311246,-0.013105865,0.00550332,-0.10150913,-0.12002566,0.1407325,0.022435464,-0.00683208,0.0,0.0,-2.140642,-0.37958753,-0.017662276,0.123262726,-0.36407036,-0.0019809995,0.66311747,-0.7747334,-0.051667668,0.0,-0.1112346,0.0,0.0,-0.020308034,-0.0006143737,0.0,-0.2451212,-0.038848396,-0.03196219,-0.102770045,-0.054489058,-0.07847923,0.026920151,-0.018096717,-0.015481688,0.0,0.0013220506,0.0
0.0019322708,0.0,0.0,0.16002408,0.8518415,0.057346225,0.014089377,-0.0038793841,-0.08816586,0.0030261117,0.3897418,-0.43040723,-0.0035970747,0.33851743,0.019962387,-0.019186288,-0.37114105,-0.0016666406,0.43713406,-0.03116097,-0.0024662241,-0.0026096853,0.11028548,0.103752345,-0.013431304,0.013910696,-0.07421841,-0.12051009,0.19282256,0.086791575,-0.019534145,0.0,0.0,0.44838563,0.18466793,-0.012975651,0.29875615,-0.3204187,0.019855011,1.4954649,1.610366,-0.008056669,0.0,-0.029431978,0.0,0.0,0.015031371,-0.00022293709,0.0,-0.031883374,-0.027599633,0.037237898,-0.030319452,0.019085655,-0.020515643,0.06278095,-0.027152814,0.023714688,0.0,-0.00085498113,0.0
0.0018556514,0.0,0.0,0.24354562,0.84083074,0.056595422,0.016969029,-0.0038793841,-0.08981054,-0.0013584122,0.32790616,-0.42000633,-0.0035970747,0.4512595,0.019962387,0.038460493,-0.34871203,-0.0016666406,0.4840672,-0.03116097,-0.0034800451,-0.0026096853,0.1241016,0.106965065,-0.013431304,0.013910696,-0.07421841,-0.1290347,0.19274364,-0.11946313,-0.019534145,0.0,0.0,0.45594183,0.22051808,-0.012975651,0.2985536,-0.31879714,0.019855011,1.3221349,1.6184751,-0.014676571,0.0,0.057402954,0.0,0.0,-0.0065078144,-0.00022293709,0.0,-0.040881746,0.09065491,-0.008689691,-0.033835452,-0.044782005,-0.020515643,-0.058379464,0.01526516,0.014118151,0.0,-0.00085498113,0.0
0.004914402,0.0,0.0,-0.47494385,0.26424742,0.041681457,-0.017178088,-0.070393026,0.0164018,-0.007975809,-0.08125541,-0.43295872,-0.0069051003,-0.52445954,-0.007239124,0.028686738,-0.2818504,-0.0016666406,-0.48195705,-0.010943234,-0.0034800451,-0.008442134,0.051203772,-0.23525298,-0.0087598525,0.0045563,-0.09393487,-0.12002566,-0.17026833,-0.20111153,-0.00683208,0.0,0.0,-0.28785288,-0.23061855,-0.017654497,0.12756367,-0.3368989,0.0032450645,-0.046997815,-3.2169178,-0.051667668,0.0,-0.103015885,0.0,0.0,-0.022726018,0.0009153518,0.0,-0.19627835,-0.03998735,-0.03196219,-0.08844706,-0.054703515,-0.0326421,0.024437148,-0.003811942,0.013436582,0.0,-0.0018100786,0.0
0.004914402,0.0,0.0,-0.44317114,0.2416685,0.051968224,-0.054298323,-0.041420124,-0.13055916,-0.007975809,-0.11783477,-0.5129474,-0.0069051003,-0.5292714,-0.007239124,-0.00081171095,-0.26695505,-0.0008144094,-0.4509918,-0.010943234,-0.007275651,-0.008442134,-0.18490516,-0.2502932,-0.00023466942,0.0045563,-0.18726729,-0.073594294,-0.16884562,-0.20385171,-0.00683208,0.0,0.0,0.2153191,-0.19228639,-0.012128906,0.09571402,-0.30656838,0.019855011,-1.0970129,-2.8212748,-0.051667668,0.0,-0.103015885,0.0,0.0,0.027063744,-0.0036583229,0.0,0.18389608,0.07659811,0.037237898,-0.118010744,-0.052968454,-0.0326421,0.024437148,-0.039567877,-0.014019014,0.0,-0.0018100786,0.0
0.0048041535,0.0,0.0,0.09705923,-0.71160835,0.06346814,-0.13054344,-0.06998581,-0.04317941,-0.007975809,-0.485972,-0.5222563,-0.0069051003,-0.44452047,-0.059715927,-0.0087960595,-0.29333082,-0.002492165,-0.4395875,-0.010943234,-0.007275651,-0.008442134,-0.17759083,-0.10813904,-0.012057977,0.0022344845,-0.19826902,-0.12002566,-0.11204212,-0.12567195,-0.00683208,0.0,0.0,-0.8411023,-0.21070784,-0.016073395,0.072715834,-0.34942308,0.019855011,-0.76371646,-1.8169754,-0.051667668,0.0,-0.077350765,0.0,0.0,-0.0413837,-0.0006143737,0.0,-0.16410974,0.07659811,-0.03196219,-0.08096423,0.0055626347,-0.03686745,0.016255148,-0.0022688243,-0.0021934328,0.0,0.0013220506,0.0
0.0048041535,0.0,0.0,0.06758252,-0.7157255,0.033049855,-0.11851374,-0.068984024,0.016073162,-0.007975809,-0.6439611,-0.52955806,-0.0069051003,-0.43917996,-0.059715927,0.0045553604,-0.30088985,0.00276636,-0.3858632,-0.010943234,-0.007275651,-0.008442134,0.059503347,0.03752325,-0.010810921,0.0036267508,-0.1589317,-0.12002566,0.106136076,0.00010697567,-0.00683208,0.0,0.0,-0.8741465,-0.17152861,-0.016073395,0.07613332,-0.3369963,-0.011264777,-0.84166837,-1.8150008,-0.051667668,0.0,-0.10361363,0.0,0.0,-0.022301925,-0.0006143737,0.0,-0.216065,-0.041656435,-0.03164202,-0.11648017,-0.055241037,-0.03686745,-0.03204938,-0.0012247749,-0.015481688,0.0,0.0013220506,0.0
0.00564716,0.0,0.0,0.09892927,0.4280668,-0.12452496,-0.18722717,-0.022542123,-0.06685409,-0.0027831106,-1.2340924,-0.5821749,-0.0035970747,-0.9789029,-0.2760708,-0.010896654,-0.40082958,0.00276636,-0.43733191,-0.010943234,-0.007275651,-0.008442134,0.08604798,0.035780925,0.012018107,0.0066198586,-0.12050132,-0.13170558,-0.12055962,-0.0028489677,-0.00683208,0.0,0.0,0.2990952,-0.26081836,-0.09089026,0.18275243,-0.4437005,-0.011264777,-0.5382479,0.996871,-0.051667668,0.0,0.18004341,0.0,0.0,0.025952544,0.00033215265,0.0,0.034493648,0.07940614,-0.03132092,-0.1334846,0.01015471,-0.07425387,0.027370218,-0.04846899,0.0037377945,0.0,-0.0018100786,0.0
0.0056065936,0.0,0.0,-0.8695713,-1.9640211,-0.15160872,-0.18722717,-0.022662047,-0.07188044,0.010235952,0.13955969,-0.5880459,-0.0035970747,-0.7486244,-0.11557739,-0.005582015,-0.41163555,-0.0008144094,-0.41835243,-0.010943234,-0.007275651,-0.008442134,0.05980917,0.056340974,0.011001281,0.0038654937,-0.15660293,-0.13170558,-0.15242854,0.008925885,-0.00683208,0.0,0.0,-0.24593852,-0.14837398,-0.03548129,0.12539658,-0.43624496,0.0032450645,-1.0591067,0.6089509,-0.051667668,0.0,-0.10322142,0.0,0.0,-0.0010526055,-0.00022293709,0.0,0.09428088,-0.038848396,-0.03132092,-0.088096485,-0.055455495,-0.07425387,-0.1165633,0.019472064,-0.041913554,0.0,-0.0018100786,0.0
0.00564716,0.0,0.0,-0.811092,-1.4509349,-0.09800015,-0.16417783,-0.06998338,0.012159469,0.0035717743,-0.7492977,-0.5982706,-0.0035970747,-0.6025745,-0.11712604,-0.006946693,-0.3958799,-0.002492165,-0.35379744,-0.010943234,-0.007275651,-0.008442134,0.05339054,0.025659963,0.0012407278,-0.034517944,-0.14332214,-0.13094409,0.13397232,0.003728323,-0.00683208,0.0,0.0,-0.17976582,0.06562066,-0.021598984,0.10645016,-0.3843459,0.0032450645,-0.84156454,-0.3260027,-0.051667668,0.0,0.21916106,0.0,0.0,0.013353274,-0.0006143737,0.0,-0.20131484,-0.046063345,0.031211017,-0.13277292,0.010693524,-0.07425387,0.026920151,-0.02211405,0.014571429,0.0,-0.0018100786,0.0
0.004251675,0.0,0.0,-0.39704135,-1.1006713,-0.07382446,-0.115592346,-0.06910395,0.016402805,0.010235952,0.16641434,-0.46044406,-0.0069051003,-0.3903855,-0.0013434836,-0.024932811,-0.28807968,-0.00096711644,-0.46333998,-0.010943234,-0.007275651,-0.008442134,0.056200344,0.055172533,-0.0021633399,-0.035087086,-0.06890223,-0.13094409,0.14883138,0.05163688,-0.00683208,0.0,0.0,-0.40521887,-0.03444636,0.019656874,-0.65631896,-0.307171,0.0032450645,0.08784329,-1.8542459,-0.051667668,0.0,-0.09405922,0.0,0.0,-0.0010526055,0.0009153518,0.0,-0.19627835,-0.040898733,-0.03164202,-0.09602429,-0.054703515,-0.0326421,-0.08609612,0.017928947,0.027331747,0.0,-0.0018100786,0.0
0.0055084685,0.0,0.0,-0.56285995,-2.4006793,-0.07836466,-0.13926944,-0.022662047,-0.103338696,-0.0027831106,0.16421178,-0.48354194,-0.0035970747,0.26832896,-0.018318158,-0.031664558,-0.28300682,-0.00096711644,-0.51444006,-0.010943234,-0.007275651,-0.008442134,0.05306201,0.054366853,-0.0018479638,-0.034517944,-0.06890223,-0.12738337,0.1415702,-0.15108936,-0.00683208,0.0,0.0,-0.3919566,-0.14041324,0.033928216,-1.2786787,-0.46534935,0.0032450645,0.2032969,0.5774116,-0.051667668,0.0,0.2202813,0.0,0.0,0.013353274,-0.0006023274,0.0,-0.030516887,-0.046063345,0.029452348,-0.07519216,0.015238661,-0.03084281,0.025581967,-0.018096717,-0.014700584,0.0,0.0075737215,0.0
0.004415524,0.0,0.0,-0.39704135,-1.1205637,-0.074534714,-0.09790984,-0.06910395,0.016402805,-0.007975809,0.13674872,-0.45263663,-0.0069051003,-0.37201238,-0.0077486006,-0.039751925,-0.28682882,-0.00096711644,-0.3199415,-0.010943234,-0.007275651,-0.008442134,0.056200344,0.055172533,-0.0021633399,0.003296349,-0.08093178,-0.13094409,-0.119642824,-0.13823037,-0.00683208,0.0,0.0,-0.40401536,-0.027608655,0.022591542,-0.6561912,-0.30088156,-0.011350123,0.09970601,-1.8805065,-0.051667668,0.0,-0.10078563,0.0,0.0,-0.0010526055,-0.0006143737,0.0,-0.216065,0.07735581,-0.01649642,0.102754086,-0.049619567,0.010768961,-0.05389869,0.017928947,0.013436582,0.0,0.0075737215,0.0
0.004545256,0.0,0.0,-0.496671,-1.1087891,0.022167984,-0.048236776,-0.070387445,0.009593187,-0.0027831106,0.13544513,-0.45345035,-0.001960133,-0.4187705,-0.0077486006,-0.013894651,-0.35599586,0.00090401294,-0.30560267,-0.010943234,-0.007275651,-0.008442134,0.02670017,0.054685738,-0.006376042,0.003296349,-0.15660293,-0.13701649,-0.1502591,-0.22604641,-0.00683208,0.0,0.0,-0.24155061,-0.025579171,0.019656874,0.08251934,-0.31493875,-0.027874723,-0.82592225,-2.197394,-0.051667668,0.0,0.18880112,0.0,0.0,0.013353274,-0.0006143737,0.0,-0.20000646,-0.040898733,0.031211017,-0.07715698,0.010693524,-0.0326421,0.02819382,-0.02211405,0.013436582,0.0,-0.0018100786,0.0
0.004545256,0.0,0.0,-0.487269,-0.9955151,0.050666407,-0.050293587,-0.070387445,0.004237193,-0.007975809,0.14630593,-0.50299627,-0.0069051003,-0.43356752,-0.0077486006,-0.013894651,-0.3255273,0.00090401294,-0.4576444,-0.010943234,-0.007275651,-0.008442134,0.02670017,0.05723252,0.010685905,0.003296349,-0.18171772,-0.13094409,-0.15464479,-0.22604641,-0.00683208,0.0,0.0,-0.28715363,-0.044150516,0.016497552,0.080748156,-0.33951306,0.0032450645,-0.9862071,-2.0552752,-0.051667668,0.0,-0.095358714,0.0,0.0,-0.022301925,-0.0006143737,0.0,-0.16678514,-0.041656435,-0.03164202,-0.09611756,-0.055455495,-0.0326421,0.024887215,0.019472064,0.00622001,0.0,-0.0018100786,0.0
0.004545256,0.0,0.0,-0.5186052,-0.94297284,0.050666407,-0.050293587,-0.070387445,0.004237193,-0.007975809,-0.043626234,-0.49901974,-0.0069051003,-0.2847631,-0.0077486006,-0.031664558,-0.3255273,0.00090401294,-0.45905703,-0.010943234,-0.007275651,-0.008442134,0.02670017,0.056228578,-0.005986694,0.003296349,-0.18171772,-0.13094409,-0.15464479,-0.20385171,-0.00683208,0.0,0.0,-0.28940836,-0.055684976,-0.023245966,0.08830991,-0.33951306,0.0032450645,-0.98591757,-2.1015942,-0.051667668,0.0,-0.095358714,0.0,0.0,-0.0413837,-0.0006143737,0.0,-0.19405153,0.07659811,-0.03164202,-0.077448405,-0.055455495,-0.0326421,0.024887215,-0.02211405,-0.014700584,0.0,-0.0018100786,0.0
0.0011634598,0.0,0.0,-0.560397,0.24441093,0.012905985,-0.12042522,-0.0593185,0.010034425,0.0030261117,0.20289235,-0.45726678,-0.0056230323,-0.26987007,-0.007726566,-0.007353988,-0.27822527,-0.0016666406,0.3912783,-0.03116097,-0.007275651,-0.0026096853,-0.3174481,-0.22567692,0.009123887,0.0048747873,-0.07305849,-0.049932852,0.14584993,-0.18642923,-0.019534145,0.0,0.0,-1.2606215,-0.24363396,-0.0089113675,0.123881005,0.364955,0.019855011,0.87136537,-3.061633,-0.014676571,0.0,-0.034988746,0.0,0.0,-0.00628081,0.0009153518,0.0,-0.1881219,0.08059573,-0.0067436732,-0.035424236,0.018569661,-0.009787349,0.025286328,0.0012538496,0.0026029474,0.0,-0.00085498113,0.0
0.0009234799,0.0,0.0,0.06328246,-0.68527734,-0.0063546337,-0.13550758,-0.054038793,0.012601273,0.0030261117,-0.5731832,-0.6565213,-0.0030780097,-0.4107017,-0.059715927,-0.0078400355,-0.26930407,-0.010351734,0.33987582,-0.03116097,-0.007275651,-0.008442134,-0.2648424,-0.09957045,0.008617656,0.0036267508,-0.0827954,-0.051205367,0.13220526,-0.061160736,-0.019534145,0.0,0.0,-0.9809086,-0.23431271,-0.012855856,0.09774102,0.3578314,0.019855011,0.22268175,-2.435574,-0.014676571,0.0,-0.033450242,0.0,0.0,-0.029520996,-0.0006143737,0.0,-0.18491857,-0.037658807,-0.0067436732,-0.040658463,-0.044782005,-0.0134529155,-0.044381753,-0.010804794,-0.007836472,0.0,-0.00085498113,0.0
0.0054149437,0.0,0.0,-0.36098433,-0.73097867,0.052901972,-0.09716574,-0.051919702,0.0033431756,-0.007975809,-0.84561926,-0.504441,-0.0056230323,0.18281673,-0.024405736,0.026182268,-0.24761324,-0.010351734,-0.40966186,-0.010943234,-0.0034800451,-0.008442134,0.10216319,0.033412717,-0.0011626896,-0.049518686,-0.07823651,-0.04905614,0.1329945,0.02607825,-0.00683208,0.0,0.0,-0.86718535,-0.21216384,-0.016073395,0.0936947,0.3339158,0.019855011,0.18751492,-2.3751547,-0.051667668,0.0,-0.08064264,0.0,0.0,0.0031231889,0.0009153518,0.0,-0.086498685,0.07735581,-0.006423503,-0.10034772,0.007667673,-0.0326421,0.026225403,-0.002767893,0.0037377945,0.0,-0.0018100786,0.0
0.018071776,0.0,0.0,-0.5358897,-1.5977905,0.035879165,-0.38295057,-0.009843355,-0.066124275,-0.002357933,-0.7499174,1.0765109,0.014243677,0.15732095,-0.03041074,-0.0070715975,0.432948,0.0036016186,0.5225744,-0.03116097,-0.0022366676,-0.0023781627,0.069993496,0.028163195,-0.00392823,-0.012104131,-0.06802857,-0.15952072,-0.12125815,0.13290878,-0.019534145,0.0,0.0,-0.4766141,0.049868196,-0.020124268,-1.1355909,-0.39868018,-0.012514241,0.2043388,0.7793487,-0.014676571,0.0,-0.042850994,0.0,0.0,-0.033099324,-0.00022293709,0.0,-0.03634882,-0.07939269,-0.037098967,-0.05672331,0.047775045,-0.020515643,-0.13459152,-0.013030925,-0.014110076,0.0,-0.00085498113,0.0
0.014227094,0.0,0.0,0.047428247,-1.1582665,0.06761623,-0.42295468,-0.0015256605,-0.069020204,-0.002357933,-0.76662713,0.9117126,0.014243677,0.15032284,-0.03466382,-0.014672355,0.44426778,0.0014888521,0.5216512,-0.03116097,-0.0022366676,-0.0023781627,0.058416404,0.031800035,-0.061283257,-0.012104131,-0.18891917,-0.16418253,-0.13079308,-0.0025688706,-0.019534145,0.0,0.0,-0.52932394,0.08352739,-0.037259605,-1.4573052,-0.44219744,-0.012514241,-0.60117006,0.98015976,-0.014676571,0.0,-0.014000414,0.0,0.0,-0.034414668,0.00033215265,0.0,-0.038750894,-0.07939269,-0.037098967,0.0014635753,0.043687835,-0.009769829,0.03972181,0.0038410167,0.016624609,0.0,-0.0024227407,0.0
0.014008183,0.0,0.0,-0.8835733,0.35262337,0.072308406,-0.42295468,-0.015076705,-0.073673226,-0.002357933,0.21688351,0.6211154,0.0013478927,0.31381205,-0.0146190515,-0.01264682,0.2110778,-0.0005808475,0.43852496,-0.03116097,-0.0022366676,-0.0023781627,0.07858881,0.07338908,-0.055250335,-0.20895876,-0.18769194,-0.15786937,-0.14178985,0.004275426,-0.019534145,0.0,0.0,-0.5092393,-0.2967092,-0.087127425,-1.4812956,-0.34039253,-0.01555497,-0.7865101,0.84077543,-0.014676571,0.0,-0.047352094,0.0,0.0,0.01621353,-0.0006023274,0.0,0.061326206,-0.03567914,-0.066005826,0.015162423,-0.11011297,0.054927766,-0.18908833,-0.017048258,-0.039860375,0.0,-0.0024227407,0.0
0.0021266728,0.0,0.0,0.14279373,0.4373331,0.08422637,-0.40424716,-0.023174195,-0.06504169,-0.0013584122,-0.6158849,-0.6439406,-0.0035970747,-0.35523498,-0.2760708,-0.01290651,0.2687942,0.00064475404,0.3579474,-0.03116097,-0.007275651,-0.0074840584,-0.1999415,-0.3328817,-0.018933339,-0.20895876,-0.1895663,-0.13853079,-0.13864058,-0.22446531,-0.019534145,0.0,0.0,-0.15103637,-0.08369477,-0.08766494,-1.421401,-0.42488912,0.0032450645,-1.064959,0.867737,-0.014676571,0.0,0.07589767,0.0,0.0,0.015764786,-0.00022293709,0.0,-0.027763529,-0.03567914,-0.023841543,-0.035749435,0.040639307,-0.021289565,0.02719682,0.00939379,0.00622001,0.0,0.00062446354,0.0
0.0009234799,0.0,0.0,0.047972728,-0.7086884,0.06244812,-0.16888529,-0.072509475,0.025933962,-0.002357933,-0.42695013,-0.63452923,-0.0069051003,-0.4165749,-0.059715927,-0.010282104,-0.26253095,0.0014888521,0.31286827,-0.03116097,-0.007275651,-0.008442134,-0.17759083,-0.10253449,-0.021618359,-0.0082937535,-0.204536,-0.12002566,-0.111029394,-0.106677964,-0.019534145,0.0,0.0,-0.7359467,-0.16823944,-0.012855856,-0.44023716,-0.3316723,0.019855011,-0.71182287,-1.6834099,-0.014676571,0.0,-0.040229943,0.0,0.0,-0.018373672,-0.0006143737,0.0,-0.12716097,-0.03983094,-0.03196219,0.017748818,-0.046876658,-0.014226835,-0.044381753,0.00939379,0.009321772,0.0,0.00062446354,0.0
0.0054149437,0.0,0.0,-0.3094342,-0.8740094,0.04811938,-0.12320804,-0.06998338,0.012159469,-0.0027831106,-0.701517,-0.57085884,-0.0069051003,-0.40875566,0.0125353495,-0.006946693,-0.3239405,0.0014888521,-0.3012636,-0.010943234,-0.007275651,-0.008442134,0.07410128,0.03884779,-0.004969868,0.003296349,-0.17866644,-0.12855028,-0.121526025,0.057910535,-0.00683208,0.0,0.0,0.1300493,-0.15364204,-0.016073395,-0.44430655,-0.34343666,0.019855011,-0.77802086,-1.7848365,-0.051667668,0.0,0.19100821,0.0,0.0,-0.0010526055,0.0009153518,0.0,-0.20533141,0.07659811,-0.03164202,-0.10215951,0.0053481753,-0.0326421,0.026225403,0.009844562,0.0037377945,0.0,-0.0018100786,0.0
0.005237447,0.0,0.0,-1.017691,-2.1512384,0.058683038,-0.047157023,-0.022968475,-0.07188044,-0.007975809,0.14355968,-0.56701356,-0.0035970747,-0.3388213,-0.00374389,-0.01849075,-0.43805313,-0.0008144094,-0.39266655,-0.010943234,-0.007275651,-0.008442134,0.02670017,0.056813266,-0.006733293,0.0038654937,-0.18046649,-0.13170558,-0.1457201,0.008925885,-0.00683208,0.0,0.0,-0.266406,-0.15648066,-0.03548129,0.15464655,-0.4716338,-0.011350123,-1.1338949,0.69209373,-0.051667668,0.0,-0.08546792,0.0,0.0,-0.0010526055,-0.00022293709,0.0,0.09428088,-0.046063345,-0.03132092,0.123184234,-0.055455495,-0.07425387,-0.1165633,-0.02211405,-0.041913554,0.0,-0.0018100786,0.0
0.0055084685,0.0,0.0,-0.9161614,-2.082136,0.058056578,-0.035817202,-0.022968475,-0.07188044,-0.007975809,0.20495038,-0.5925843,-0.0035970747,-0.7410055,0.014210732,-0.050790086,-0.4322977,-0.0008144094,-0.42092803,-0.010943234,-0.007275651,-0.008442134,0.032608993,0.056813266,-0.006733293,0.008029785,-0.16451228,-0.13170558,0.13909265,0.06991663,-0.00683208,0.0,0.0,-0.25994322,-0.15837444,-0.03548129,0.12868892,-0.46647218,0.0032450645,-1.1429771,0.63458765,-0.051667668,0.0,-0.095012546,0.0,0.0,-0.0413837,-0.00022293709,0.0,0.09428088,-0.046063345,-0.016175319,0.09784953,-0.055455495,-0.07425387,0.06161616,-0.02211405,0.03454832,0.0,-0.0018100786,0.0
0.013049197,0.0,0.0,-0.49558607,-1.0791283,0.04886125,-0.048042078,-0.070387445,0.050301854,-0.007975809,-0.057039306,-0.1544407,-0.0069051003,-0.44208246,-0.014380658,-0.011678459,-0.32572138,0.00276636,-0.59690124,-0.010943234,-0.0022366676,-0.0025629192,0.032738045,0.053997725,-0.012733773,0.003296349,-0.14368019,-0.0818829,-0.15257168,-0.22780736,-0.00683208,0.0,0.0,-0.35162646,-0.040457025,-0.023245966,0.07615517,-0.35238442,-0.012514241,-0.32222113,-1.9086967,-0.051667668,0.0,-0.074909605,0.0,0.0,-0.022301925,-0.0036583229,0.0,0.26472497,0.07735581,-0.03164202,-0.10250217,-0.07145081,-0.0326421,0.029371124,-0.0012247749,0.013436582,0.0,-0.0018100786,0.0
0.009298256,0.0,0.0,-0.51740694,-0.9332848,0.050666407,-0.040949736,-0.07323236,0.0897502,-0.0013584122,0.13370977,0.8811709,-0.0069051003,-0.30459332,-0.014380658,-0.010066434,-0.23879457,0.00090401294,0.3373651,-0.03116097,-0.0022366676,-0.0025629192,0.032005407,0.05687774,-0.04659303,0.003296349,-0.18798469,-0.15325505,-0.10867563,0.008925885,-0.019534145,0.0,0.0,-0.52427685,-0.047270812,-0.019490909,0.09311239,-0.32481664,-0.01555497,-0.73575914,-2.7089746,-0.014676571,0.0,0.06508166,0.0,0.0,0.0025030621,-0.0006143737,0.0,-0.1235055,-0.037658807,-0.0747979,0.010303692,-0.062244363,-0.0007681992,-0.07936305,-0.017048258,-0.039860375,0.0,0.0017695283,0.0
0.0017575263,0.0,0.0,-0.49344626,-1.0109847,0.050666407,-0.035891864,-0.04966293,-0.09647146,-0.002357933,0.17917328,-0.6408916,-0.001960133,-0.3904292,0.011756231,-0.015159054,0.24074064,-0.0008144094,0.4136692,-0.03116097,-0.007275651,-0.0074840584,0.04268761,0.05723252,-0.015547076,0.003296349,-0.18798469,-0.1477045,-0.15085095,0.06631305,-0.019534145,0.0,0.0,-0.32002482,-0.038739182,-0.020028425,0.08423658,-0.34115186,0.0032450645,-0.800467,-2.5834622,-0.014676571,0.0,-0.040229943,0.0,0.0,0.006634303,-0.0006143737,0.0,-0.083098665,-0.037658807,-0.03164202,-0.04397313,-0.08202201,-0.0134529155,0.06205526,0.010437839,0.027331747,0.0,-0.00085498113,0.0
0.00079431385,0.0,0.0,-0.5024383,-0.98515993,0.050666407,-0.041509215,-0.04966293,-0.022991853,-0.002357933,0.11181443,-0.61983943,-0.0069051003,-0.47266412,0.011756231,-0.01290651,-0.25715786,-0.0008144094,0.40491304,-0.03116097,-0.007275651,-0.008442134,0.02670017,0.057757203,-0.015547076,0.003296349,-0.18798469,-0.16286956,-0.15597498,-0.23438868,-0.019534145,0.0,0.0,-0.3067861,-0.05325173,-0.020028425,0.08048736,-0.32345662,0.0032450645,-0.91653025,-2.5256937,-0.014676571,0.0,-0.039345417,0.0,0.0,0.0031655147,-0.0006143737,0.0,-0.05389371,-0.037658807,-0.03164202,-0.029988434,0.014374604,-0.0134529155,0.025736395,-0.017048258,0.013436582,0.0,-0.00085498113,0.0
0.00039048446,0.0,0.0,-0.49680346,-0.9416279,0.046123557,-0.045195762,-0.050542366,-0.024898855,-0.002357933,-0.66742676,-0.6257473,-0.013224944,-0.34766054,-0.0013434836,-0.009978428,-0.40944657,-0.002492165,0.35156858,-0.03116097,-0.007275651,-0.008442134,0.050948814,0.029509299,-0.021579992,0.003296349,-0.17896011,0.10279164,-0.14779782,-0.004203506,-0.019534145,0.0,0.0,-0.29979298,-0.049725704,-0.025561795,0.08558882,-0.2560409,-0.027874723,-0.8567196,-2.4225025,-0.014676571,0.0,-0.04155249,0.0,0.0,0.006634303,0.0009153518,0.0,-0.19826964,0.0784236,-0.03164202,-0.033913214,0.013858613,-0.0134529155,0.02752465,0.010437839,0.0073548565,0.0,-0.00085498113,0.0
0.00026075263,0.0,0.0,-0.4957521,-0.9577458,0.046123557,-0.17492642,-0.072105154,0.024767328,-0.002357933,-0.5570062,-0.61462617,-0.013224944,-0.31932122,-0.0013434836,-0.00043814734,-0.3771043,-0.002492165,0.2826532,-0.03116097,-0.007275651,-0.008442134,0.050948814,0.027458098,-0.021579992,0.003296349,-0.17896011,0.097971395,-0.14779782,-0.01746095,-0.019534145,0.0,0.0,-0.24213634,-0.04880523,-0.02502428,0.08603993,-0.19877003,0.02721032,-0.8631648,-2.2207358,-0.014676571,0.0,-0.03931885,0.0,0.0,0.0031655147,-0.0006143737,0.0,-0.10976356,-0.043151718,0.031211017,-0.0524059,0.014998443,-0.0027071019,-0.061771948,-0.017048258,-0.016163256,0.0,-0.0024227407,0.0
0.001463946,0.0,0.0,-0.92323714,-1.8345517,0.050666407,-0.25200453,-0.042252813,-0.022991853,-0.002357933,0.19487713,-0.7163504,-0.0035970747,-0.26304352,-0.0004376243,-0.00062223955,-0.39750403,-0.0008144094,0.35679147,-0.03116097,-0.007275651,-0.008442134,0.02670017,0.059345834,-0.017708525,0.0038654937,-0.1819234,-0.13094409,-0.15093923,0.061465316,-0.019534145,0.0,0.0,-0.2543054,-0.085551314,-0.020028425,0.13473012,-0.37175027,0.02721032,-0.99511826,-0.42050913,-0.014676571,0.0,-0.032343693,0.0,0.0,-0.03369679,-0.0006143737,0.0,-0.22940587,-0.055456195,-0.03164202,-0.051324826,-0.046945054,-0.020515643,0.06323101,0.010437839,0.027331747,0.0,-0.00085498113,0.0
0.00564716,0.0,0.0,-0.5586689,0.24498822,-0.107520096,-0.102694295,-0.034976996,-0.014923943,0.010235952,-0.97629166,-0.3764659,-0.0069473963,-0.5214425,-0.0070862845,-0.0087960595,-0.27313367,0.011490661,-0.5334039,-0.010943234,-0.007275651,-0.0026096853,-0.32103068,-0.14729507,0.0055284603,0.00550332,-0.07398433,0.06838903,0.13413423,-0.08075397,-0.00683208,0.0,0.0,-2.1147888,-0.2664828,0.011605637,0.12901019,0.15846132,-0.0019809995,0.6299027,-0.7725163,-0.051667668,0.0,-0.08330289,0.0,0.0,-0.01891493,-0.0006143737,0.0,0.0045014126,-0.038848396,-0.0067436732,-0.14460324,0.0061001526,-0.07425387,0.0169499,0.016884897,-0.0021934328,0.0,-0.0018100786,0.0
0.0048041535,0.0,0.0,0.075949386,-0.2900113,-0.07483209,-0.09716574,-0.0639499,0.006803038,0.010235952,-0.77478933,-0.44060314,-0.013224944,-0.2726279,-0.007757076,-0.006946693,-0.25027928,-0.010351734,-0.46184337,-0.010943234,-0.007275651,-0.0026096853,-0.28665796,-0.06875749,0.0052130846,0.0038782395,-0.09253811,0.089013115,0.12717703,0.012820798,-0.00683208,0.0,0.0,-1.1926817,-0.34976792,0.010131696,0.10473636,-0.20309135,-0.0019809995,0.63997114,-2.3221474,-0.051667668,0.0,-0.0708524,0.0,0.0,-0.028122962,-0.0006143737,0.0,-0.02052483,-0.040898733,-0.03196219,-0.106216855,0.0061001526,-0.0326421,-0.03204938,-0.015870586,-0.015481688,0.0,-0.0018100786,0.0
0.0054527577,0.0,0.0,0.13600135,-0.65007806,-0.08985591,-0.120842844,-0.012759361,0.055269875,0.010235952,-1.5618905,-0.42890716,-0.0035970747,-0.39252484,-0.005242058,0.011385115,-0.31101558,-0.010351734,-0.57002854,-0.010943234,-0.0024662241,-0.0026096853,0.10808255,0.033928685,0.0030896813,0.0045067724,-0.09675265,-0.13397358,0.14276254,0.027432788,-0.00683208,0.0,0.0,-2.3422232,-0.42531303,0.011747993,0.18329142,-0.41577744,-0.0019809995,1.0221279,0.86141664,-0.016686017,0.0,-0.09912713,0.0,0.0,-0.020308034,0.00033215265,0.0,-0.11344068,-0.046063345,-0.03132092,-0.11005602,0.0061001526,-0.07425387,0.026920151,-0.002767893,0.015252997,0.0,-0.0018100786,0.0
0.0060229814,0.0,0.0,0.1670013,0.7574872,-0.12776522,-0.13926944,-0.009026529,0.07657329,0.010235952,0.37373504,-0.26532963,-0.009916918,0.35494182,0.04029773,0.0020765609,-0.24050348,-0.0016666406,-0.18369666,-0.010943234,-0.0024662241,-0.0026096853,0.118047684,0.082917035,-0.014098726,0.013910696,-0.06662358,0.10826078,0.18550636,0.034252148,-0.00683208,0.0,0.0,0.35289514,0.17292266,0.010902128,0.30213952,-0.20667703,0.005259826,1.5902995,1.6516886,-0.016686017,0.0,-0.071306765,0.0,0.0,0.032847546,-0.00022293709,0.0,0.09689148,-0.046063345,0.029452348,0.12440799,0.015557762,0.20975338,-0.1165633,-0.032218605,-0.041913554,0.0,0.0075737215,0.0
0.0062940037,0.0,0.0,0.26216432,0.8542172,-0.12776522,-0.13926944,-0.009026529,0.06337709,0.010235952,0.39883736,-0.29362136,0.006858369,-0.34301496,0.018220412,0.051276885,-0.3304132,-0.0016666406,-0.19039072,-0.010943234,-0.0024662241,-0.0026096853,0.13063946,0.094925374,-0.014098726,-0.053301387,-0.0650417,0.14943738,0.17091505,0.086791575,-0.00683208,0.0,0.0,0.41926363,0.1941587,0.010902128,0.30213952,-0.2096221,0.0029828276,1.6158286,1.598391,-0.016686017,0.0,-0.07185046,0.0,0.0,0.032847546,-0.00022293709,0.0,0.09689148,0.07940614,0.030320121,0.14322188,0.013567589,0.19916762,0.06161616,0.024299385,0.023714688,0.0,-0.0103695225,0.0
0.00030633062,0.0,0.0,-0.66675055,0.33282855,-0.06962969,-0.15393417,-0.03622249,-0.08432522,0.0030261117,-0.08796193,-0.3252618,-0.013224944,0.20317554,0.014967237,-0.008148128,-0.22844107,-0.00096711644,0.3524153,-0.03116097,-0.0024662241,-0.0026096853,0.06745634,-0.22189854,0.005783319,-0.055364948,-0.070685536,0.043380752,0.1680644,-0.17703658,-0.019534145,0.0,0.0,-0.36213955,0.12062689,0.017694943,-0.8529406,-0.19803365,0.02721032,0.9941216,-3.0154295,-0.008056669,0.0,-0.035449248,0.0,0.0,0.006002749,-0.0036583229,0.0,0.17335966,-0.037658807,0.037237898,-0.054178238,0.016114876,-0.0134529155,0.025286328,0.0012538496,0.013436582,0.0,-0.00085498113,0.0
0.0009690579,0.0,0.0,-0.5288343,0.28897285,-0.07223393,-0.13550758,-0.03622249,-0.08432522,0.0030261117,-0.07825284,-0.479549,-0.013224944,0.19900173,-0.08803804,-0.0069937184,-0.18918534,-0.00096711644,0.34143594,-0.03116097,-0.0024662241,-0.0026096853,-0.3267272,-0.2464558,0.0005107613,-0.055364948,-0.07652784,0.042481728,0.16833843,-0.18537885,-0.019534145,0.0,0.0,0.2767601,-0.22291815,0.007415644,-0.8447085,-0.2242415,-0.0019809995,1.0099931,-2.917366,-0.008056669,0.0,-0.035449248,0.0,0.0,-0.020385291,-0.0036583229,0.0,0.17335966,-0.037658807,-0.03196219,-0.03088133,0.016183274,-0.014226835,0.025286328,0.0044937413,0.014118151,0.0,0.00062446354,0.0
0.0016640015,0.0,0.0,-0.3439052,-0.73797685,-0.061983876,-0.13550758,-0.03709877,-0.024898564,0.0030261117,-0.57321864,-0.513543,-0.013224944,-0.3977548,0.012322486,-0.006549131,-0.26917332,-0.003244635,0.40296128,-0.03116097,-0.007275651,-0.0026096853,-0.28665796,-0.10415448,0.010764462,-0.01578726,-0.08087619,0.13192292,0.12773551,-0.084909506,-0.019534145,0.0,0.0,-0.856006,-0.20423947,0.013349235,-0.54469,-0.23417294,-0.0019809995,0.7321446,-1.8244083,-0.008056669,0.0,-0.035449248,0.0,0.0,-0.02312141,-0.0006143737,0.0,-0.063102506,-0.037658807,-0.03196219,-0.024327952,0.016090062,-0.014226835,0.017104328,0.0012538496,0.009321772,0.0,0.00062446354,0.0
0.0052205417,0.0,0.0,-0.38112396,-0.7464695,-0.070461124,-0.0910771,-0.033975206,-0.02198604,0.0035717743,-0.84798723,-0.39545047,-0.013224944,-0.39430428,0.01220367,-0.025120653,-0.255133,-0.003244635,-0.31656405,-0.010943234,-0.0024662241,-0.0026096853,-0.28152007,0.036054656,0.0027743052,-0.049518686,-0.06490675,0.13192292,0.09300538,0.11161162,-0.00683208,0.0,0.0,-0.83146775,-0.20381005,0.010131696,-0.559015,-0.24126913,0.0027771776,0.517235,-1.7010736,0.057356983,0.0,0.17945026,0.0,0.0,0.022533774,-0.0006143737,0.0,-0.135948,-0.040898733,-0.03164202,-0.06279807,0.00858719,-0.0326421,0.026225403,-0.002767893,0.015252997,0.0,-0.0018100786,0.0
0.0054527577,0.0,0.0,-0.66178995,-1.4233967,-0.07336429,-0.1331808,-0.027559856,-0.07221008,0.010235952,-1.0418193,-0.46571258,-0.009916918,-0.6065881,-0.005631377,-0.00011693861,-0.2887408,-0.003244635,-0.5004283,-0.010943234,-0.0024662241,-0.0026096853,-0.28152007,0.03841175,3.8299244e-05,-0.11314672,-0.06127267,0.14044046,0.12449583,0.11161162,-0.00683208,0.0,0.0,0.12788868,-0.096051335,0.030943751,-1.327532,-0.4015522,-0.0019809995,0.67004985,0.70392346,-0.016686017,0.0,-0.103675805,0.0,0.0,-0.018076813,0.00033215265,0.0,-0.12374169,0.07940614,-0.03132092,-0.12808862,0.03548487,-0.06881924,0.027370218,0.024299385,0.0037377945,0.0,-0.0010469342,0.0
0.0051817363,0.0,0.0,-0.4878153,-1.2025619,-0.07336429,-0.1331808,-0.027559856,-0.07221008,0.010235952,-0.88378954,-0.42718604,-0.0035970747,-0.5399231,-0.075766556,-0.013025673,-0.31034276,-0.003244635,-0.28010693,-0.010943234,-0.0024662241,-0.0026096853,-0.27148974,0.03298648,0.0030896813,-0.06507475,-0.063772336,-0.12318096,0.106208555,0.09699962,-0.00683208,0.0,0.0,-1.0345271,-0.062594734,0.03105645,-0.9458486,-0.33806753,0.0029828276,0.5880801,0.65112007,-0.016686017,0.0,-0.07639914,0.0,0.0,0.031405844,-0.00022293709,0.0,0.09428088,-0.038848396,0.029452348,0.12170805,0.013567589,0.19916762,-0.06206649,-0.018096717,-0.015481688,0.0,-0.0103695225,0.0
0.0054527577,0.0,0.0,-0.5083439,-1.2354106,-0.07500134,-0.1331808,-0.027559856,-0.07221008,0.010235952,-1.0113106,-0.46618772,-0.0035970747,-0.3615294,-0.0061443998,-0.00011693861,-0.31034276,-0.003244635,-0.49098653,-0.010943234,-0.0024662241,-0.0026096853,-0.27148974,0.034697153,0.0030896813,-0.06507475,-0.063772336,-0.12318096,0.106208555,0.11161162,-0.00683208,0.0,0.0,-1.178273,0.04201828,0.011747993,-1.0805011,-0.4328852,0.019855011,0.6004976,0.6520935,-0.016686017,0.0,-0.078085706,0.0,0.0,-0.022940574,0.00033215265,0.0,0.08217715,-0.038848396,-0.03132092,-0.12321043,0.00639104,-0.07425387,0.027370218,0.017928947,0.0037377945,0.0,-0.0018100786,0.0
0.005792527,0.0,0.0,-0.04485513,-1.6697932,-0.084774695,-0.1331808,-0.028559215,-0.06395816,0.0035717743,-0.8656493,-0.4366686,-0.0035970747,-0.29176927,-0.008967664,-0.022411577,-0.31034276,-0.003244635,-0.38692412,-0.010943234,-0.0024662241,-0.0026096853,-0.27148974,0.03027612,0.0030896813,-0.06507475,-0.06510892,-0.12318096,0.09339875,0.095645085,-0.00683208,0.0,0.0,-1.1359726,-0.064477585,0.04069321,-0.99622566,-0.4419252,0.005864501,0.53772604,0.67073613,0.057356983,0.0,0.15895694,0.0,0.0,0.021491926,-0.00022293709,0.0,0.034771193,-0.038848396,0.029452348,-0.11344551,0.015794942,-0.054428898,-0.06206649,-0.018096717,-0.015481688,0.0,-0.0103695225,0.0
0.0062940037,0.0,0.0,-0.44244537,-2.0213048,-0.089117825,-0.13926944,-0.02767978,-0.073797576,0.0035717743,0.28248963,-0.44103235,-0.0035970747,0.24435401,-0.035970822,-0.04153372,-0.24030162,-0.00096711644,-0.3905535,-0.010943234,-0.0016056477,-0.0026096853,0.086151086,0.0611999,-0.011047345,-0.06507475,-0.073876925,-0.12738337,0.12698069,0.08145801,-0.00683208,0.0,0.0,-1.0350742,-0.09344051,0.033871505,-1.0868676,-0.4987266,0.005864501,0.8473735,0.60828876,-0.016686017,0.0,0.21123898,0.0,0.0,0.0035966006,0.00089740404,0.0,-0.018873751,-0.046063345,-0.03132092,-0.054551672,0.020834533,-0.06746088,0.06161616,0.017928947,0.023714688,0.0,-0.0010469342,0.0
0.0048125903,0.0,0.0,-0.5201164,-2.1882818,-0.06701997,-0.13926944,-0.017505579,-0.082844324,0.010235952,-0.773775,-0.39707538,-0.0035970747,0.3850114,-0.03623692,-0.031807393,-0.23905079,-0.003244635,-0.47693852,-0.010943234,-0.0016056477,-0.0026096853,0.064090736,0.02460463,0.005453429,-0.11314672,-0.06890223,-0.13369653,0.14855002,-0.057818532,-0.00683208,0.0,0.0,-0.35278827,-0.1393071,0.051558338,-1.111401,-0.41554844,-0.011350123,0.6976101,0.65696675,0.057356983,0.0,-0.09923847,0.0,0.0,0.00584819,-0.00022293709,0.0,-0.14732192,-0.038848396,-0.008369521,0.08902781,-0.0021024253,-0.06856695,-0.046202037,-0.018096717,-0.008518041,0.0,0.00076466287,0.0
0.008378729,0.0,0.0,-0.37028134,-1.210804,-0.06247977,-0.115592346,-0.06394747,0.0033431756,0.010235952,-0.79692864,-0.3932471,-0.0069051003,0.3057539,-0.024971992,-0.007747099,-0.21805497,-0.003244635,-0.3848599,-0.010943234,-0.0016056477,-0.0026096853,0.064090736,0.025325965,0.0051380526,-0.08088979,-0.06765099,-0.12361139,0.1402337,0.025675237,-0.00683208,0.0,0.0,-0.38135174,-0.036851645,0.054890625,-0.6408046,-0.22684252,0.0032450645,0.7685586,-1.8730353,-0.016686017,0.0,-0.06423326,0.0,0.0,-0.0061469623,0.0009153518,0.0,-0.04738622,-0.040898733,-0.008690623,-0.08755731,0.011263682,-0.027452966,0.02667547,0.017928947,0.0073548565,0.0,-0.0018100786,0.0
-0.07401141,0.0,0.0,-0.55821055,-2.4955826,-0.044042096,-0.13926944,-0.016626144,-0.0854106,0.010235952,0.20938285,-0.3030077,-0.0035970747,0.34360024,-0.03661327,-0.067391,-0.23454621,-0.00096711644,-0.34635386,-0.010943234,-0.001382323,-0.0026096853,0.055323437,0.054366853,-0.0018479638,-0.11314672,-0.06765099,-0.1290347,0.14235191,0.028918575,-0.00683208,0.0,0.0,-0.38315096,-0.1381749,0.033928216,-1.3059566,-0.4531679,-0.011350123,0.93153685,0.7093032,-0.016686017,0.0,-0.038223386,0.0,0.0,0.020248275,-0.00022293709,0.0,0.09428088,0.07940614,0.0077843736,0.07634266,-0.04788444,-0.041428573,-0.11353605,-0.018096717,-0.041913554,0.0,-0.0103695225,0.0
-0.07718992,0.0,0.0,-0.57084715,-2.0710018,0.01828931,-0.13926944,-0.016626144,-0.0854106,-0.007975809,-0.124187306,-0.33713326,-0.0035970747,0.25129148,-0.03661327,0.00282946,-0.23329538,-0.00096711644,-0.47676566,0.013099246,-0.002495063,-0.0026096853,0.04330918,0.06197708,0.003976913,-0.11314672,-0.06765099,-0.1290347,0.14339796,-0.17703658,-0.00683208,0.0,0.0,-0.41862267,-0.14459752,0.030993551,-1.3070211,-0.46316832,-0.011350123,0.6637887,0.6660236,-0.051667668,0.0,-0.08761484,0.0,0.0,-0.00039114105,0.00033215265,0.0,0.094003335,-0.046063345,-0.03132092,0.10811964,-0.054703515,-0.07425387,0.025297292,0.017928947,0.013436582,0.0,-0.0018100786,0.0
0.0011634598,0.0,0.0,-0.46000314,0.20497234,-0.2042802,0.0035383978,0.16230108,0.05340248,-0.002357933,0.13542727,-0.7040518,-0.0030780097,-0.30018717,-0.007726566,-0.01290651,-0.12625879,0.00090401294,0.35975286,-0.03116097,-0.007275651,-0.008442134,-0.19938207,-0.18041405,-0.00065055746,0.0048747873,0.43167016,-0.04779708,0.09174628,-0.21442345,-0.019534145,0.0,0.0,-1.1283114,-0.20537841,0.007415644,0.08550785,0.32278636,-0.011264777,-0.77642274,-2.9269257,-0.014676571,0.0,-0.04319664,0.0,0.0,-0.011889486,0.0009153518,0.0,-0.1881219,-0.037658807,-0.0067436732,-0.040845852,0.025136719,-0.009787349,0.025286328,0.00939379,0.0026029474,0.0,-0.00085498113,0.0
0.005395461,0.0,0.0,0.087055005,0.24742034,-0.24766694,-0.010213123,-0.05416959,0.0042361873,-0.007975809,-0.062683776,-0.53179973,-0.0056230323,-0.44043672,-0.0033393698,-0.014585289,-0.3077512,0.00276636,-0.40776905,-0.010943234,-0.007275651,-0.008442134,-0.22757006,-0.1783538,-0.006201937,0.002816802,0.38451147,-0.043775037,-0.082415015,-0.108266816,-0.00683208,0.0,0.0,-0.9965832,-0.34674227,0.004198105,0.07089083,0.34475765,-0.011264777,-0.43410122,-2.8689096,-0.051667668,0.0,-0.10884172,0.0,0.0,-0.020687591,-0.0006143737,0.0,-0.082536794,0.07735581,-0.0067436732,-0.09240236,0.0061001526,-0.020976486,-0.052372947,-0.019887919,-0.014019014,0.0,-0.0018100786,0.0
0.0054149437,0.0,0.0,0.092831396,0.12406957,-0.07924116,-0.053936224,-0.046638407,0.006803038,-0.007975809,-0.7242301,-0.48816565,0.054467082,-0.4356404,-0.0066203563,-0.01639912,-0.31966254,-0.002492165,-0.4784323,-0.010943234,-0.007275651,-0.008442134,-0.16541131,-0.06530826,-0.011254343,0.002816802,-0.17824619,-0.052184347,-0.116358794,-0.004203506,-0.00683208,0.0,0.0,-1.0202982,-0.26335716,-0.004494588,0.072781615,0.40240678,0.019855011,-0.83231306,-2.5548005,-0.051667668,0.0,-0.120480016,0.0,0.0,-0.020687591,-0.0006143737,0.0,-0.16535255,-0.03998735,-0.0067436732,-0.080582894,0.0053481753,-0.020976486,0.028173765,-0.0022688243,0.015252997,0.0,-0.0018100786,0.0
0.020824166,0.0,0.0,-0.0032907282,-0.008804788,0.020425165,0.025423635,0.15843594,0.17468111,-0.002357933,0.13750419,1.1936203,0.054467082,0.24177876,-0.016513456,-0.005897507,0.26767096,0.00276636,0.8265963,-0.03116097,-0.0022366676,-0.0023781627,0.07402744,0.08991307,0.048777603,0.0058813933,0.49658987,-0.013399424,-0.12082984,0.09669278,-0.019534145,0.0,0.0,0.40853074,-0.19282228,0.0027823802,0.19384718,0.31933302,0.004095708,-0.5477266,0.33463213,-0.014676571,0.0,-0.042840507,0.0,0.0,-0.01240322,-0.0036583229,0.0,0.35778117,-0.027599633,0.01906212,-0.013225437,0.030580485,-0.020515643,0.07011727,0.014910354,0.04217523,0.0,-0.00085498113,0.0
0.020824166,0.0,0.0,0.110615835,0.5921064,0.17191544,0.030676745,-0.015962992,-0.078888744,-0.0013584122,0.28632835,0.83442855,0.00023001595,0.3214174,-0.00926142,-0.0077551394,0.29741186,-0.0008144094,0.6320738,-0.03116097,-0.0022366676,-0.0023781627,0.0567794,0.09001383,0.048777603,0.0066198586,0.5388485,-0.07738055,-0.12992738,0.09176222,-0.019534145,0.0,0.0,0.43545124,0.14456607,-0.012975651,0.24163386,0.44843054,0.004095708,-0.91013503,1.571447,-0.014676571,0.0,0.08591683,0.0,0.0,0.0074410355,0.00033215265,0.0,0.007236085,0.0825754,0.02461928,-0.023089826,0.05885348,-0.01324069,0.07215944,0.014910354,0.04217523,0.0,0.00062446354,0.0
0.009817962,0.0,0.0,0.14347921,0.2454861,0.0983693,0.34073812,-0.066276975,0.086288914,-0.0013584122,-0.18752755,0.82709503,-0.0030780097,0.22175202,0.029915752,-0.023875654,0.2035247,-0.0008144094,0.2892669,-0.03116097,-0.0022366676,-0.0023781627,0.07288525,-0.15990858,-0.047817845,0.0045563,-0.11971189,-0.07713607,-0.13346055,-0.12808137,-0.019534145,0.0,0.0,-0.5127766,0.15504944,-0.014436958,0.111992255,0.28616047,-0.01555497,-0.7503158,-4.026602,-0.014676571,0.0,0.061566886,0.0,0.0,-0.01082852,-0.0006143737,0.0,-0.19134755,-0.043151718,0.016392745,0.017805189,-0.11125281,-0.009787349,-0.08841861,0.0027969673,-0.012647403,0.0,-0.00085498113,0.0
0.012235245,0.0,0.0,0.11784001,0.23095827,0.10213119,0.33673334,-0.05800804,0.088707685,-0.002357933,-0.17336018,0.31983516,-0.0030780097,-0.4475938,-0.048791055,-0.012441749,0.23370004,-0.0008144094,0.37054378,-0.03116097,-0.0022366676,-0.0023781627,-0.19790614,-0.22421446,-0.047817845,0.0045563,-0.14065172,-0.051325064,-0.13074997,-0.21724218,-0.019534145,0.0,0.0,-0.2546124,-0.26626313,-0.014436958,0.09951582,0.28043297,-0.01555497,-0.8020183,-3.61683,-0.014676571,0.0,-0.03411975,0.0,0.0,-0.016921723,-0.0006143737,0.0,-0.18491857,0.0784236,-0.0067436732,0.016599,-0.0987693,-0.0134529155,0.02981198,0.0027969673,0.013436582,0.0,-0.00085498113,0.0
0.0010532113,0.0,0.0,0.06772702,-0.83717054,0.06346814,-0.042404238,-0.06144891,0.012601273,-0.002357933,-0.46851215,-0.76103055,-0.001960133,-0.43241596,-0.0077999933,-0.0078400355,0.31506184,0.00276636,0.4426798,-0.03116097,-0.007275651,-0.0074840584,0.07393637,-0.115128726,-0.015777305,0.003296349,-0.204536,-0.12884758,-0.1534906,-0.13830669,-0.019534145,0.0,0.0,0.1414961,-0.18170002,-0.012855856,0.09522764,-0.33819053,0.019855011,-0.8751854,-2.8340764,-0.014676571,0.0,-0.040229943,0.0,0.0,-0.03369679,-0.0006143737,0.0,-0.12467565,-0.03983094,-0.03196219,-0.026486646,-0.08202201,-0.0134529155,0.017104328,0.010735758,-0.0021934328,0.0,-0.00085498113,0.0
0.0016640015,0.0,0.0,0.05089045,-0.8979832,0.0670323,-0.038139287,-0.05888189,0.012601709,-0.002357933,-0.7115199,-0.7974879,-0.001960133,-0.5134513,0.0125353495,0.03260296,-0.39580444,0.00276636,0.38023838,-0.03116097,-0.0034800451,-0.008442134,0.07410128,0.034833554,-0.014530249,0.003296349,-0.18087207,-0.13462268,-0.1299808,0.09100111,-0.019534145,0.0,0.0,0.22962518,-0.17515971,-0.012855856,0.09269895,-0.31745175,0.019855011,-0.9023484,-2.5507565,-0.014676571,0.0,-0.040229943,0.0,0.0,-0.03369679,-0.0006143737,0.0,-0.2601013,-0.03983094,-0.03164202,-0.028161842,0.020119565,-0.0134529155,0.027074583,-0.043403197,0.015252997,0.0,-0.00085498113,0.0
0.005877615,0.0,0.0,-0.9915168,0.61846936,0.07334271,-0.047157023,-0.0782015,-0.06293721,-0.007975809,0.21726167,-0.46284795,-0.0035970747,-0.3592717,-0.0021149318,0.0059200376,-0.4272472,-0.0008144094,-0.6210322,-0.010943234,-0.007275651,-0.008442134,0.028024238,0.059891354,-0.006733293,0.0066198586,-0.18271913,-0.13005424,-0.16772518,0.008925885,-0.00683208,0.0,0.0,-0.20781942,-0.29875574,-0.09088248,0.15339388,-0.43614224,0.0032450645,-1.2946656,1.3153583,-0.051667668,0.0,-0.1304042,0.0,0.0,-0.030525308,0.00089740404,0.0,-0.016756153,0.07940614,-0.03132092,-0.121677816,0.0053481753,-0.07425387,-0.08540137,-0.0012247749,-0.041913554,0.0,-0.0018100786,0.0
0.001463946,0.0,0.0,-0.90063167,0.437478,0.07334271,-0.03304552,-0.024054898,-0.063396,-0.002357933,-0.59499294,-0.67160654,-0.0035970747,-0.894861,-0.26961428,-0.01290651,-0.5302009,-0.0008144094,0.5133872,-0.03116097,-0.007275651,-0.008442134,0.02841261,0.059420817,-0.017708525,0.0066198586,-0.18898611,-0.13636741,-0.18014142,-0.14522786,-0.019534145,0.0,0.0,-0.23866642,-0.30061445,-0.08766494,0.12717374,-0.39446288,0.0032450645,-1.3670739,0.88029116,-0.014676571,0.0,-0.050344117,0.0,0.0,-0.021097519,-0.00022293709,0.0,-0.038473345,-0.055456195,-0.023841543,-0.05211515,0.013927009,-0.021289565,-0.026445163,-0.017048258,-0.014700584,0.0,0.00062446354,0.0
0.004545256,0.0,0.0,-0.4456072,-0.15319729,0.05356788,-0.054298323,-0.049754057,0.0217588,-0.0027831106,0.16663352,-0.47084194,-0.0069051003,-0.50176644,0.01228659,-0.012313764,-0.34512797,-0.0008144094,-0.3523792,-0.010943234,-0.007275651,-0.008442134,0.027088542,0.06388452,-0.005986694,0.0038178354,-0.18271913,-0.13094409,-0.14752021,-0.23438868,-0.00683208,0.0,0.0,-0.30193445,-0.046763517,-0.016065614,0.07812022,-0.32878515,0.0032450645,-1.0544778,-2.860374,-0.051667668,0.0,0.19100821,0.0,0.0,-0.028784426,0.0009153518,0.0,-0.17233483,-0.037742473,-0.033185706,-0.091944434,0.0053481753,-0.0326421,0.024437148,-0.0012247749,0.013436582,0.0,-0.0018100786,0.0
0.004415524,0.0,0.0,-0.48892602,-1.0491375,0.05356788,-0.050293587,-0.02078115,-0.1022697,-0.007975809,0.14499441,-0.42171317,-0.001960133,-0.4367137,-0.0077486006,-0.042121,-0.3255273,-0.0008144094,-0.28730884,-0.010943234,-0.007275651,-0.008442134,0.02670017,0.060273502,-0.005986694,0.003296349,-0.18046649,-0.13235466,-0.1543059,-0.14522786,-0.00683208,0.0,0.0,-0.3128136,0.07613242,-0.013130948,0.07812022,-0.30590415,-0.011350123,-0.97959816,-2.218631,-0.051667668,0.0,-0.08694026,0.0,0.0,-0.02606058,-0.0006143737,0.0,-0.012119472,0.07659811,-0.03164202,0.10232355,-0.052361716,0.00018319953,-0.052372947,-0.0012247749,-0.014700584,0.0,-0.0103695225,0.0
0.00079431385,0.0,0.0,-0.5322426,-1.084694,0.05356788,-0.045195762,-0.029029544,-0.02478355,-0.0013584122,0.14324565,-0.59270054,-0.001960133,-0.30180937,-0.0077486006,-0.004120894,-0.37011135,-0.0008144094,0.2581021,-0.03116097,-0.007275651,-0.008442134,0.02670017,0.061802126,-0.015547076,0.003296349,-0.1819234,-0.15092124,-0.15534785,-0.21640316,-0.019534145,0.0,0.0,-0.32952383,0.08509971,-0.0128480755,0.08689753,-0.29648462,0.0032450645,-0.96584094,-2.645866,-0.014676571,0.0,0.053174693,0.0,0.0,-0.03369679,0.0009153518,0.0,-0.08390719,0.0784236,-0.03164202,-0.02811446,-0.046945054,-0.0134529155,0.025736395,0.0038410167,0.00622001,0.0,-0.00085498113,0.0
0.000664582,0.0,0.0,-0.5322426,-1.040052,0.050666407,-0.045195762,-0.029029544,-0.022991853,-0.002357933,0.14240192,-0.5881397,0.0035503432,-0.32743096,-0.004467614,-0.015348578,-0.36706668,-0.0008144094,0.27362186,-0.03116097,-0.007275651,-0.008442134,0.03325371,0.058761146,-0.015547076,0.003296349,-0.17896011,0.108549535,-0.15597498,-0.14522786,-0.019534145,0.0,0.0,-0.34517953,-0.056247137,-0.020028425,0.088829845,-0.25545132,-0.027874723,-0.96883965,-2.5491128,-0.014676571,0.0,-0.04155249,0.0,0.0,-0.03369679,-0.0006143737,0.0,-0.19506629,-0.03983094,-0.03164202,0.012210006,-0.046945054,-0.0134529155,-0.048313737,0.0038410167,-0.014700584,0.0,-0.00085498113,0.0
0.00079431385,0.0,0.0,-0.5322426,-1.0370154,0.050666407,-0.045195762,-0.04966293,-0.02478355,-0.0013584122,0.119303435,-0.5748543,0.0035503432,-0.3367846,0.011756231,-0.007353988,-0.39753523,-0.0008144094,0.3086101,-0.03116097,-0.007275651,-0.008442134,0.03325371,0.058761146,-0.015547076,0.003296349,-0.1850214,0.11122042,-0.15327474,-0.23438868,-0.019534145,0.0,0.0,-0.30505374,-0.054103777,-0.020028425,0.09076895,-0.25860003,0.02721032,-0.9379287,-2.5971286,-0.014676571,0.0,0.057933886,0.0,0.0,-0.018373672,-0.0006143737,0.0,-0.056961734,0.0784236,-0.03164202,-0.035014275,0.020119565,-0.0134529155,0.029043,0.0038410167,0.00622001,0.0,-0.00085498113,0.0
0.00037100166,0.0,0.0,-0.5277737,-0.97187185,0.050666407,-0.045195762,-0.04966293,-0.022991853,-0.002357933,0.12935789,-0.57641757,-0.013224944,-0.32896537,-0.065572076,-0.006174762,-0.378978,-0.0008144094,0.37953606,-0.03116097,-0.007275651,-0.008442134,0.03325371,0.058761146,-0.015547076,0.003296349,-0.1850214,0.10279164,-0.14704365,0.008925885,-0.019534145,0.0,0.0,-0.30282298,-0.053784683,-0.020028425,0.08706544,-0.26517674,0.02721032,-0.9526237,-2.4941428,-0.014676571,0.0,-0.03389533,0.0,0.0,0.006634303,0.0009153518,0.0,-0.051208835,0.0784236,-0.03164202,-0.04962964,-0.046945054,-0.0134529155,-0.11626875,0.0038410167,-0.041913554,0.0,-0.00085498113,0.0
0.00050073303,0.0,0.0,-0.520058,-0.9484815,0.050666407,-0.045195762,-0.07863584,0.010035431,-0.002357933,-0.016743895,-0.64579445,-0.013224944,-0.31825435,-0.0013434836,-0.00861683,-0.378978,-0.0008144094,0.27991778,-0.03116097,-0.007275651,-0.008442134,0.03325371,0.056228578,-0.015547076,0.003296349,-0.17896011,0.10546251,-0.15085095,0.043677572,-0.019534145,0.0,0.0,-0.26646742,-0.058162577,-0.020028425,0.08706544,-0.2597381,0.02721032,-0.97042835,-2.3357162,-0.014676571,0.0,-0.042437013,0.0,0.0,-0.03369679,-0.0006143737,0.0,-0.22500812,-0.043151718,-0.03164202,0.011510901,-0.046945054,-0.0134529155,0.06177059,-0.017048258,-0.041913554,0.0,-0.00085498113,0.0
0.009553067,0.0,0.0,0.08426719,-0.7218132,-0.1965772,-0.042958505,-0.025335485,-0.012772204,0.010235952,-0.71126956,-0.52294046,-0.0030780097,-0.28541654,-0.0039013587,-0.006946693,-0.3589277,-0.002492165,-0.42449972,0.013099246,-0.007275651,-0.008442134,0.06111683,0.033842392,-0.001438396,0.0036267508,-0.15714733,-0.06788086,0.12063236,0.003728323,0.007827399,0.0,0.0,-0.92393047,-0.22598095,0.010131696,0.07782902,0.39490026,-0.0019809995,-0.8617723,-2.4968524,-0.051667668,0.0,-0.098883934,0.0,0.0,-0.033286862,-0.0006143737,0.0,-0.025511626,-0.040898733,-0.006423503,-0.110265605,0.008206488,-0.020976486,0.026225403,-0.0012247749,0.015252997,0.0,-0.0018100786,0.0
0.0103960745,0.0,0.0,0.064407915,-1.9750235,-0.18624738,0.008946175,-0.0031425725,0.055269875,-0.007975809,-1.0874107,-0.5858504,0.00023001595,-0.35851943,-0.0029647716,-0.010896654,-0.443588,-0.010351734,-0.6660434,0.013099246,-0.007275651,-0.008442134,0.08390786,0.036647186,3.8299244e-05,0.008029785,-0.054444823,-0.035700135,0.13812383,0.11324508,0.007827399,0.0,0.0,0.3281962,0.036134258,0.011747993,0.245687,0.6095382,-0.0019809995,-0.012908151,1.0316683,-0.051667668,0.0,-0.12245506,0.0,0.0,-0.0372079,-0.00022293709,0.0,-0.09897677,-0.038848396,-0.0061024013,-0.13583933,0.0061001526,-0.07425387,0.028868513,0.0036025462,0.015252997,0.0,-0.0018100786,0.0
0.031414628,0.0,0.0,0.18382159,-1.0707903,-0.019741418,0.043197062,0.0013349059,0.028702853,-0.002357933,-1.0492007,1.1184739,0.0131258005,-0.18071343,-0.0034075843,-0.0070715975,0.56372374,0.011490661,0.8939575,0.037300542,-0.0022366676,-0.0023781627,0.13437536,0.040197838,0.027269514,0.008029785,-0.04844328,-0.013054026,0.14551246,0.1136347,0.022379266,0.0,0.0,0.3965539,0.19244549,0.031339325,0.27854133,0.7111051,0.0033787454,0.46981236,1.5289268,-0.014676571,0.0,-0.041857038,0.0,0.0,0.0100922175,0.00033215265,0.0,0.026381884,0.09065491,0.01688643,-0.029733744,0.045227047,-0.020515643,0.03972181,0.008668338,0.022198338,0.0,-0.00085498113,0.0
0.03268137,0.0,0.0,0.235353,0.6396233,0.039611354,0.02136388,0.043621667,0.053402476,-0.002357933,0.2632788,0.25176173,0.006858369,-0.21521631,-0.0001770244,-0.012252225,0.37136066,-0.0008144094,0.84359896,0.037300542,-0.0022366676,-0.0023781627,0.11185835,0.08553894,0.026995426,0.0066198586,-0.07941999,0.1228119,-0.14603257,0.33198485,0.022379266,0.0,0.0,-0.15553758,-0.059732147,0.082385294,0.25343344,-0.30416304,0.032570064,-0.14904669,1.9061774,-0.014676571,0.0,-0.02814159,0.0,0.0,0.0127186645,-0.00022293709,0.0,-0.026380679,0.09065491,0.036691226,-0.013216293,0.045227047,-0.020515643,0.07396775,-0.017048258,-0.041913554,0.0,-0.00085498113,0.0
0.014594668,0.0,0.0,-0.6419956,0.4133052,-0.04390823,-0.385925,-0.07466036,0.04505091,-0.002357933,-0.37198016,-0.8086333,-0.009916918,-0.2960121,-0.0008387661,-0.01481333,0.29352129,-0.0008144094,0.4250913,0.037300542,-0.007275651,-0.0074840584,0.042596783,-0.19814242,0.022902342,0.0066198586,-0.15480381,0.10636489,-0.19075269,-0.24702343,0.022379266,0.0,0.0,0.32345355,-0.28614962,-0.08213935,0.24014348,-0.36481512,-0.0019809995,-1.3155134,1.4594982,-0.014676571,0.0,-0.05166667,0.0,0.0,-0.025427703,-0.00022293709,0.0,-0.14945574,-0.055456195,-0.03164109,-0.054216128,-0.08202201,-0.020515643,0.02719682,0.010735758,0.014118151,0.0,-0.00085498113,0.0
0.013020664,0.0,0.0,-0.3943536,0.25058156,0.0031028518,-0.19594206,-0.0422584,-0.022991167,-0.002357933,-0.11872732,-0.71648335,-0.013224944,-0.31531042,-0.007239124,-0.01290651,-0.18082781,-0.0008144094,0.35655022,0.037300542,-0.007275651,-0.008442134,-0.19493549,-0.2643191,0.021989308,0.0045563,-0.16064613,0.09486596,-0.16944629,-0.23438868,0.022379266,0.0,0.0,0.22196998,-0.20137158,-0.0089113675,0.10938306,-0.25744924,-0.0019809995,-1.0639569,-3.575854,-0.014676571,0.0,-0.02347074,0.0,0.0,0.016875984,-0.0006143737,0.0,-0.19506629,0.0784236,-0.024162645,-0.053476613,-0.038536455,-0.0134529155,0.025286328,-0.034502085,0.014118151,0.0,-0.00085498113,0.0
0.008942278,0.0,0.0,0.046453994,-0.7191705,-0.11228469,-0.14301258,-0.041012906,-0.014923943,-0.007975809,-0.4889836,-0.47864807,-0.0069051003,-0.329754,-0.059715927,-0.0087960595,-0.26514322,-0.002492165,-0.4610543,0.013099246,-0.007275651,-0.008442134,-0.17792045,-0.103349,0.0046146223,0.0022344845,-0.17144221,-0.09626207,-0.12015056,-0.12567195,0.007827399,0.0,0.0,-0.8892795,-0.17150302,-0.016073395,0.08147498,-0.33811066,-0.0019809995,-0.8096665,-2.0350497,-0.051667668,0.0,-0.10067429,0.0,0.0,-0.0010526055,-0.0006143737,0.0,-0.09962855,-0.041656435,-0.03196219,-0.10180484,-0.055455495,-0.0326421,0.016255148,0.018428015,-0.0021934328,0.0,-0.0018100786,0.0
0.008942278,0.0,0.0,0.024684113,-0.7607741,-0.15583533,-0.14301258,-0.041010477,-0.10316371,0.010235952,-0.6961874,-0.50418776,-0.0069051003,0.17993823,-0.04396607,-0.006946693,-0.26795062,0.00276636,-0.43816307,0.013099246,-0.007275651,-0.008442134,0.070152685,0.0299647,-0.005375391,0.0022344845,-0.17019098,-0.10211581,-0.12383542,-0.0028489677,0.007827399,0.0,0.0,-0.84130013,-0.17011131,-0.016073395,0.08242523,-0.28127158,-0.0019809995,-0.8815143,-2.0957234,-0.051667668,0.0,-0.10142321,0.0,0.0,-0.02606058,-0.0006143737,0.0,-0.15510467,-0.041656435,-0.03164202,-0.1070377,0.008206488,-0.0326421,0.026225403,-0.02211405,0.015252997,0.0,-0.0018100786,0.0
0.009785284,0.0,0.0,0.05371413,-1.7107704,-0.18361662,-0.1409717,-0.01879527,-0.108474396,0.010235952,-0.80009747,-0.623332,-0.0035970747,-0.85188574,-0.11557739,-0.01639912,-0.4363487,0.00276636,-0.5452359,0.013099246,-0.007275651,-0.008442134,0.063416384,0.030616019,0.0012407278,-0.11314672,-0.10819503,-0.14456303,0.13083498,0.24250142,0.007827399,0.0,0.0,-0.13807215,0.01917246,-0.023341808,0.18225804,-0.46176288,0.02721032,-0.94913626,0.71749884,-0.051667668,0.0,-0.119656414,0.0,0.0,-0.0413837,-0.00022293709,0.0,-0.12333965,-0.04050114,-0.03132092,-0.1334846,0.0053481753,-0.07425387,0.027370218,-0.0012247749,0.014571429,0.0,-0.0018100786,0.0
0.0089281555,0.0,0.0,-0.5201164,-2.024533,-0.070595995,-0.1331808,-0.02481236,-0.10557846,0.010235952,-0.9408968,-0.42854393,-0.0035970747,-0.3599134,0.001111018,-0.0040669,-0.35327157,0.0036016186,-0.6366882,0.013099246,-0.0024662241,-0.0026096853,0.07725491,0.0267842,0.005453429,-0.11314672,-0.060451,-0.14189215,0.13083498,0.1066143,0.007827399,0.0,0.0,-0.35971808,0.09829571,0.022300858,-1.1422102,-0.4628907,-0.027874723,0.6543667,0.79793847,-0.016686017,0.0,-0.103675805,0.0,0.0,-0.0475997,-0.00022293709,0.0,-0.13916443,0.07940614,-0.03132092,-0.07230788,0.00639104,-0.07425387,0.027370218,-0.002767893,-0.016163256,0.0,-0.0018100786,0.0
0.009353012,0.0,0.0,-0.54422116,-2.2797246,-0.06776113,-0.13926944,-0.075027645,-0.119108625,-0.007975809,-0.5496749,-0.48476,-0.0035970747,0.26056552,0.023188336,-0.01639912,-0.28876218,-0.003244635,-0.6043151,0.013099246,-0.007275651,-0.008442134,0.061829306,0.026127156,0.005453429,-0.11314672,-0.06765099,-0.14189215,0.1358001,0.025675237,0.007827399,0.0,0.0,-0.35971808,-0.131952,0.038401082,-1.1228579,-0.4532974,-0.027874723,0.233944,0.92725027,-0.051667668,0.0,-0.12363277,0.0,0.0,-0.04682508,-0.00022293709,0.0,-0.12333965,0.07940614,-0.03132092,-0.1334846,0.0061001526,-0.07425387,0.027370218,-0.002767893,0.014571429,0.0,-0.0018100786,0.0
0.009416138,0.0,0.0,-0.5212495,-1.9725139,-0.06847138,-0.15060927,-0.01979463,-0.10557846,-0.007975809,-0.81787974,-0.5267222,-0.0035970747,-0.37286747,-0.009233762,-0.019108197,-0.340795,-0.003244635,-0.5732115,0.013099246,-0.007275651,-0.008442134,0.06496764,0.025608573,0.005453429,-0.09073291,-0.08093178,-0.14456303,-0.10083774,0.020452479,0.007827399,0.0,0.0,-0.36668223,-0.109949,0.038401082,-1.119138,-0.46176288,-0.027874723,0.13838059,0.57424235,-0.051667668,0.0,-0.13261127,0.0,0.0,-0.0010526055,0.00033215265,0.0,-0.111791015,0.07940614,-0.03132092,-0.06932906,-0.054703515,-0.07425387,0.027370218,-0.002767893,0.014571429,0.0,-0.0018100786,0.0
0.009416138,0.0,0.0,0.0056778938,-1.4710808,-0.14390793,-0.17551765,-0.041010477,-0.09434742,-0.0027831106,-0.60865337,-0.47256052,-0.0069051003,-0.3062318,-0.007168835,-0.044965476,-0.34118086,-0.0013412805,-0.27812147,0.013099246,-0.007275651,-0.008442134,0.047481716,0.02533966,0.0012407278,-0.09073291,-0.15753742,-0.14751972,-0.12680009,-0.018525261,0.007827399,0.0,0.0,-0.21406908,-0.06101004,0.027064407,-1.122163,-0.37859163,-0.027874723,-0.7756866,-0.42179486,-0.051667668,0.0,0.17344005,0.0,0.0,0.013353274,-0.0006143737,0.0,0.008921394,-0.046063345,-0.033185706,0.09578928,-0.052968454,-0.07425387,-0.027597956,-0.02211405,-0.016163256,0.0,-0.0018100786,0.0
0.013384276,0.0,0.0,-0.46591675,-1.8387772,-0.10967394,-0.28477728,-0.020301193,-0.099780224,-0.002357933,-0.7158591,-0.70065564,-0.0035970747,-0.40384907,-0.009233762,-0.014870107,-0.39225286,-0.0013412805,0.36782274,0.037300542,-0.007275651,-0.008442134,0.047481716,0.02673003,0.0073897634,-0.09073291,-0.15805985,-0.14456303,-0.14345887,-0.0052678175,0.022379266,0.0,0.0,-0.26741546,-0.12593453,0.041618623,-0.89074713,-0.42093438,-0.027874723,-0.8668635,0.58389544,-0.014676571,0.0,-0.052551195,0.0,0.0,-0.03369679,-0.00022293709,0.0,-0.15339091,0.0825754,-0.03132092,0.013036208,-0.046945054,-0.020515643,0.032291677,0.010437839,0.014571429,0.0,-0.00085498113,0.0
0.013614731,0.0,0.0,-0.48802534,-2.1108198,-0.06614346,-0.39743328,-0.019421758,-0.1023465,-0.002357933,0.19569899,-0.72416455,0.0013478927,-0.39830858,-0.009233762,-0.008081581,-0.16782886,-0.0005808475,0.52857476,0.037300542,-0.007275651,-0.0074840584,0.02670017,0.05323835,-0.0022940014,-0.09073291,-0.16412114,-0.16132343,-0.14443892,0.061745413,0.022379266,0.0,0.0,-0.27316472,-0.12465731,0.03105177,-1.0132264,-0.45947173,-0.027874723,-0.94059026,0.6323504,-0.014676571,0.0,-0.052551195,0.0,0.0,-0.03369679,-0.00022293709,0.0,-0.03031586,-0.03567914,-0.03132092,-0.025168642,-0.062272843,-0.020515643,0.06653762,-0.017048258,0.03454832,0.0,-0.00085498113,0.0
0.013614731,0.0,0.0,0.04276753,0.5796913,-0.027839804,-0.38624343,-0.019421758,-0.1023465,-0.002357933,0.20904773,-0.6891111,-0.0035970747,-0.37716472,-0.006003202,-0.004120894,-0.16215335,-0.0005808475,0.5218891,0.037300542,-0.007275651,-0.008442134,0.028024238,0.059891354,0.017150318,-0.20895876,-0.16605702,-0.15525104,-0.15561011,-0.21612304,0.022379266,0.0,0.0,-0.28891578,-0.30058277,-0.08766494,-1.4213668,-0.40174732,-0.027874723,-1.1850115,1.0452963,-0.014676571,0.0,-0.052551195,0.0,0.0,-0.021097519,0.00033215265,0.0,-0.009721657,-0.03567914,-0.03132092,-0.04542799,0.018875765,-0.020515643,0.02719682,0.0038410167,0.013436582,0.0,-0.00085498113,0.0
0.012651518,0.0,0.0,0.16420452,0.3299548,0.07487145,-0.22030535,-0.038400058,-0.10771116,-0.002357933,0.14818667,-0.5702308,-0.0069051003,-0.27225673,-0.0069120317,-0.004120894,-0.25328678,-0.0005808475,0.36520496,0.037300542,-0.007275651,-0.008442134,0.06572524,0.07381475,0.016237285,-0.09200428,-0.18350501,-0.15218155,-0.1470792,-0.13411166,0.022379266,0.0,0.0,-0.2861362,0.11412306,-0.014436958,-0.62475795,-0.31357488,-0.027874723,-1.056434,-3.3077908,-0.014676571,0.0,-0.03477985,0.0,0.0,-0.021097519,-0.0006143737,0.0,-0.19900146,-0.043151718,-0.03196219,-0.055917867,-0.046945054,-0.0134529155,-0.033428326,-0.017048258,-0.014700584,0.0,-0.00085498113,0.0
0.012651518,0.0,0.0,0.034835827,0.30175146,0.06770708,-0.18608238,-0.043182906,-0.030686377,-0.0013584122,-0.1768875,-0.54507786,-0.001960133,-0.3053547,-0.0069120317,-0.009012576,-0.2912646,-0.0005808475,0.19208303,0.037300542,-0.007275651,-0.008442134,0.04747875,-0.20743717,0.002182063,-0.09200428,-0.18350501,-0.1450675,-0.14611316,-0.22327247,0.022379266,0.0,0.0,-0.28661177,0.10836001,-0.014436958,-0.62475795,-0.29177758,-0.027874723,-1.0358806,-2.9458184,-0.014676571,0.0,0.052916307,0.0,0.0,0.015764786,-0.0006143737,0.0,-0.08070384,-0.043151718,-0.024162645,0.0063428134,-0.046429064,-0.0134529155,0.025286328,0.0027969673,0.013436582,0.0,-0.00085498113,0.0
